:020000041000EA
:1000000000B5324B212058609868022188439860DF
:10001000D860186158612E4B002199600221596106
:100020000121F02299502B49196001219960352056
:1000300000F044F80222904214D00621196600F024
:1000400034F8196E01211966002018661A6600F04E
:100050002CF8196E196E196E052000F02FF8012189
:100060000842F9D1002199601B49196000215960AB
:100070001A491B48016001219960EB211966A021F2
:10008000196600F012F800219960164914480160C1
:100090000121996001BC002800D000471248134993
:1000A000086003C880F30888084703B5996A0420EC
:1000B0000142FBD001200142F8D103BD02B5186610
:1000C0001866FFF7F2FF186E186E02BD00000240BE
:1000D000000000180000070000035F00212200005C
:1000E000F4000018222000A00001001008ED00E03C
:1000F00000000000000000000000000074B24E7A12
:1001000000200420F7010010C3010010C5010010F9
:10011000C1010010C1010010C1010010C101001097
:10012000C1010010C1010010C1010010C701001081
:10013000C1010010C1010010C9010010CB01001065
:10014000CD010010CD010010CD010010CD01001037
:10015000CD010010CD010010CD010010CD01001027
:10016000CD010010CD010010CD010010CD01001017
:10017000CD010010CD010010CD010010CD01001007
:10018000CD010010CD010010CD010010CD010010F7
:10019000CD010010CD010010CD010010CD010010E7
:1001A000CD010010CD010010CD010010CD010010D7
:1001B000CD010010CD010010CD010010CD010010C7
:1001C00000BE00BE00BE00BE00BE00BEEFF3058054
:1001D000103800BEF2EB8871F8C7001018C8001084
:1001E0003402001090A31AE700201F49086006C8D7
:1001F00081F3088810471D48006800282FD10DA4FE
:100200000ECC002902D000F012F8F9E71849194A7B
:10021000002000E001C19142FCD1174988471749ED
:1002200088471749884700BEFDE701C901C29A42C5
:10023000FBD3704718C80010C000002070170020C2
:10024000C8DE00100000042000000420C8DE0010FA
:10025000001004200010042000000000704709482E
:1002600003F098FD0047000008ED00E0000000D01A
:10027000701700204C2500201D2B0010CD0600100B
:10028000D92A00105756000006005250ABB36053F5
:1002900098BB001006005250861C0302A8BB001039
:1002A000060052505422A29DB0BB001005005250CF
:1002B000DE65F468C8DE0010F8B5C04610B5064C1F
:1002C0002378002B07D1054B002B02D0044800E017
:1002D00000BF0123237010BD801800200000000023
:1002E000D0A90010044B10B5002B03D003490448DB
:1002F00000E000BF10BDC0460000000084180020D0
:10030000D0A9001010B50F490A7801320323134019
:100310000B70022B12D007D8002B0BD0012B0CD165
:10032000094805F0E3F808E0032B06D1074805F07B
:10033000DDF802E0064805F0D9F810BD054805F0E3
:10034000D5F8FAE745250020F0A9001040AA0010D2
:10035000D0A9001014AA0010F8B506000F0001F093
:1003600067FE04000D000B4B1A685B68801A994108
:100370000A1E03D107D1084B984204D9102E03D08E
:10038000044B1C605D60F8BD082FF9D1FFF7BAFF80
:10039000F6E7C046701800200F27000070B5002453
:1003A0000BE0114DA600705900F016FC72590123A4
:1003B0009340D022120653620134072CF1DD102045
:1003C00000F00AFCD0231B06802252029A6200220F
:1003D0000121102000F030FB044B012204211020E9
:1003E00000F09EFB70BDC0467C0C0020590300103D
:1003F00010B5002303E0D022120694610133072BCD
:100400000DDC9A000649525801210C00944002006C
:100410001A411142EFD0D02212065461EEE710BD0E
:100420007C0C002010B505F09DF8FFF7B7FF10BD5C
:10043000F8B500240FE0274DA600705900F0CCFB62
:10044000705901238340D0221206936200220121B9
:1004500000F0F2FA0134032CEDD90025002626E045
:100460000134032C19D8A3001A4A9A58D0231B062A
:100470005B68D340DB07F3D4AA00174B9B181E5DC3
:10048000322001F021FDA300124A9A58D0231B0606
:100490005B68D340DB07F6D5E2E7AA000F4BD258E2
:1004A00001239340D0221206536193620135032D3C
:1004B0000DD80A4CAF00385900F08EFB3A59012391
:1004C0009340D0221206536293610024C9E73000A2
:1004D000F8BDC0466C0C0020A40C0020B40C002019
:1004E00070B586B00022204B0092019300221F4B72
:1004F0001F4805F02BF8002302930C22002103A8CB
:1005000004F0B8FE0025002402E0C82001F0DCFC65
:10051000442C0ED0FFF78CFF04000300303BDBB20D
:10052000092BF2D86E1C02AB585504F0ABFF350016
:10053000EBE702A800234355002108F037FE0D49E0
:100540000AF016FA0C490AF03BFA0C4C20600C48F1
:1005500004F0CCFF206804F0B1FC02000B00094855
:1005600004F0F4FF06B070BD0088A34000005940BD
:1005700068AA00100000C84200401C45680C00201A
:1005800090AA001094AA001070B584B01F4A0121EF
:100590001F4804F0DBFF002300930C22002101A878
:1005A00004F068FE0025002402E0C82001F08CFC65
:1005B000442C0ED0FFF73CFF04000300303BDBB2BD
:1005C000092BF2D86E1C6B46585504F05BFF3500C2
:1005D000EBE700236A4653550021684608F0E6FD24
:1005E000FE2189050AF0C4F90A490AF0E9F90A4C22
:1005F00020600A4804F07AFF206804F05FFC0200E3
:100600000B00074804F0A2FF04B070BD001BB70048
:10061000B8AA0010001B374BA00C0020E0AA001065
:10062000E4AA001070B586B00022204B009201931E
:1006300000221F4B1F4804F089FF002302930C2265
:10064000002103A804F016FE0025002402E0C820C3
:1006500001F03AFC442C0ED0FFF7EAFE0400030040
:10066000303BDBB2092BF2D86E1C02AB585504F0BC
:1006700009FF3500EBE702A800234355002108F0ED
:1006800095FD0D490AF074F90C490AF099F90C4CE2
:1006900020600C4804F02AFF206804F00FFC0200E0
:1006A0000B00094804F052FF06B070BD008893406B
:1006B0000000494008AB00100000484200409C4444
:1006C0009C0C002090AA001038AB0010F0B5D64664
:1006D0004F464646C0B5FFF7A5FEFFF7A9FE4128E5
:1006E0000BD042280CD043280DD0D0231B065B68CA
:1006F000DB030BD500239846C9E0FFF7F1FEF4E7D2
:10070000FFF742FFF1E7FFF78DFFEEE7322001F040
:10071000DBFBD0231B065B68DB03EBD4FFF7F2FDAA
:10072000FA20400001F0D0FBE4E7032B00D094E076
:1007300004F0B6FBA74B196804F021FBA64904F0AE
:1007400008FB061C04F0BAFB04000D00FC2189051F
:10075000301C04F0F9FA04F0B1FB03F04FFF020083
:100760000B002000290003F0A4FD02000B0003F0A1
:10077000A9FD03F0D3FE40004008011C04F0E4FA98
:10078000FE21890504F0DBFA04F098FB04000D005B
:10079000924B186804F092FB914A924B03F0B9FD1A
:1007A0000022914B03F0B5FD02000B002000290050
:1007B00003F0AFFD04000D008C4B186804F07EFBC5
:1007C000874A884B03F0A5FD02000B00200029009A
:1007D00003F078FD03F0A2FE041C3EE07F4B186896
:1007E00004F06CFB7E4A7F4B03F093FD04000D0088
:1007F000784B186804F062FB7D4A7E4B03F089FD5C
:1008000006000F005046494603F050FE32003B0000
:1008100003F07FFD0022784B03F05DFD03F07EFEC8
:1008200004F056FB04F04AFB02000B0020002900F4
:1008300003F06FFD04000D006C4B186804F03EFBE4
:10084000674A684B03F065FD02000B002000290099
:1008500003F038FD03F062FE041CFE218905201C14
:1008600004F072FA654904F08AFA00210AF080F86F
:1008700063490AF0A5F804F001FBC0B2FFF7B8FD28
:100880000120002101F0F4FA01239C46E044434694
:10089000FF2B00D921E701F0CBFB82468946594B5B
:1008A0001B78022B5CD000D93FE7002B96D0012BA0
:1008B000D3D1484B186804F001FB4D4A4D4B03F06F
:1008C00028FD04000D005046494603F0EFFD2200CC
:1008D0002B0003F01EFD0022474B03F0FCFC03F04D
:1008E0001DFE04F0F5FA002104F088FA00281BD060
:1008F0003A4B186804F0E2FA394A3A4B03F009FD22
:1009000004000D00394B186804F0D8FA344A354B0E
:1009100003F0FFFC02000B002000290003F0D2FCD2
:1009200003F0FCFD041C98E7304B186804F0C6FA8D
:100930002B4A2C4B03F0EDFC04000D00274B1868EC
:1009400004F0BCFA264A274B03F0E3FC02000B003C
:100950002000290003F0ADFC03F0E0FD041C7CE75F
:1009600004F09EFA1B4B196804F009FAFE24A40552
:10097000194904F0EEF9211C04F07CFB011C04F081
:10098000E3F9211C04F0DBF904F098FA04000D00EF
:10099000124B186804F092FA114A124B03F0B9FC9A
:1009A00002000B002000290003F0B3FC04000D003E
:1009B0000E4B186804F082FA094A0A4B03F0A9FCAE
:1009C00002000B002000290003F07CFC03F0A6FDD0
:1009D000041C42E7A00C002000247449680C00208D
:1009E000FCA9F1D24D62503F0000E03F9C0C00207A
:1009F000182D4454FB21194080842E410000FF42F1
:100A000000007F434525002010B58300084A944626
:100A100063441C6840226240C0241440802252017A
:100A200013431C60C000034B9C466044416010BDF2
:100A300004C001400040014080000B4B9C466044D4
:100A400000290DD00823002A0CD004221343026889
:100A500053400C2213408022520110430360704720
:100A60000023F0E70022F1E704C0014070B5040064
:100A7000D0231B061D68AA000C4BD358002B0AD0AC
:100A8000002803D0AD00094BEC5070BD08490D2083
:100A900000F020FBF6E70028F7D0AD00034BE8504C
:100AA000002203490D2000F0FBF9EEE7281E00208C
:100AB000410B0010072303409B00C00899403C30C5
:100AC0008000014BC150704700400140F8B507005D
:100AD0000C0016001D00FFF7EDFFFB089B00ED1852
:100AE0000720384080008440002E04D080239B01E2
:100AF0001D432C60F8BDC0239B011D432C60F9E70A
:100B000010B5D0231B061B68002B03D0024BFFF748
:100B1000DDFF10BD014BFAE73041014000410140CB
:100B200070B514001D00FFF7EBFF2800FFF79EFFD4
:100B3000002C00D170BD01210D2000F05DF9F9E716
:100B4000F0B5D6464F464646C0B5D0231B061F68B3
:100B5000BA001D4BD3589846002F03D01B4B994623
:100B6000002623E01A4B9946FAE724090135002CA8
:100B70001BD033000833AB4217D90F231A00224091
:100B800092462342F1D0BB00124A9A580123AB404F
:100B90001342EAD151462800FFF78CFF4346002B51
:100BA000E3D051462800C047DFE708361D2E06D89F
:100BB000F30808339B004A469C583500D7E7E0BC51
:100BC000BA46B146A846F0BD281E0020304101407B
:100BD000004101400023002010B501238340D022B2
:100BE0001206936293610521FFF70EFF10BD00000E
:100BF000034B1B6802201840431E9841C0B2704747
:100C000000C00640EFF3108072B6034B1B68002B48
:100C1000FBD0BFF35F8F70472C0100D0BFF35F8F15
:100C2000024B00221A6080F3108870472C0100D01C
:100C3000F8B506000C001500FFF7E4FFE308F7180D
:100C4000F15C07222240012393400B4205D1DBB225
:100C50000B433B70FFF7E2FFF8BD2100280001F0D5
:100C6000D9FFF0B583B00600019114001F00FFF713
:100C7000C9FF00E00134BC420CD8E308F518F35C6E
:100C80000721214001228A401A42F3D1D2B21A43ED
:100C90002A7001E001246442FFF7C0FF002C02DB50
:100CA000200003B0F0BD019B002BF9D0089801F0A3
:100CB000B1FF0000002307E0054A9A189200BFF335
:100CC0005F8F0021116001331F2BF5D97047C0469B
:100CD00040000034054A1078431CDBB21370172B18
:100CE00002D9130010221A707047C046C40C0020AD
:100CF00000B583B00100044B00931F231822034862
:100D0000FFF7AFFF03B000BD64AB0010381E00203A
:100D1000074B9B68103080001950BFF35F8FBFF303
:100D20005F8F044B0021196082F310887047C04622
:100D300000ED00E0240100D010B5091A081F0A4B8D
:100D40009C466144094A914208D8C30706D4401022
:100D50004005400D064B184380B210BD054B064AB6
:100D6000A321064801F0BCFEFC070000FE0F0000B6
:100D700000E0FFFF80AB00100CAE0010B0AB001025
:100D800010B5091A04394C08090B08D14905490D59
:100D9000064A11430180064B2343438010BD054B97
:100DA000054AAB21054801F09BFEC04600F0FFFF5D
:100DB00000F8FFFF0CAC0010E0AD0010B0AB00106D
:100DC00001238340034A10681840431E9841C0B273
:100DD0007047C04600E100E0002904D0034B1860D2
:100DE000034B18607047034B1860FBE780E200E09C
:100DF00000E100E080E100E010B50123834018002D
:100E0000FFF7EAFF10BD000001238340014A136091
:100E10007047C04600E200E0024B9B681030800043
:100E2000C058704700ED00E010B5FFF7F5FF00284F
:100E300005D0054BC01A2F2803D8012010BD002073
:100E4000FCE70020FAE7C046C80C002070B504009B
:100E50000D00EFF3108672B60C4B1B68002BFBD015
:100E6000BFF35F8F2000FFF7D7FF094B984201D0F7
:100E7000A84205D1320029002000FFF749FF70BDCC
:100E8000044B054A8621054801F02AFE240100D0C2
:100E9000CD0100101CAC001040AE0010B0AB001033
:100EA000F0B5DE4657464E464546E0B589B0814628
:100EB00001911500EFF3108A72B6744B1B68002B7A
:100EC000FBD0BFF35F8F724B0027DF57002F40DB53
:100ED0007C00E419A4006F4824180622A2566C4B2B
:100EE0001A706D4B9A684B4610339B00D358984646
:100EF0001E001B1A2F2B38D9684B98452FD105AEF1
:100F0000674B33807B009B46D8198000614B984625
:100F1000404402306349FFF70FFF7080624BB3809B
:100F2000FF23B371F571019B07935F44BF004744F2
:100F30000ECE0EC701231C43A046524641464846EA
:100F4000FFF7E6FE09B0F0BCBB46B246A946A04694
:100F5000F0BD564B564AD721564801F0C1FD564BBD
:100F6000534ADE21534801F0BBFDC04340440C21ED
:100F700002F064FF002912D101239E43B3463300DF
:100F80000026DA79AA4211D90621595600290CDB2C
:100F90004A00521892001E003E4B9B18F1E7474B47
:100FA000434AEA21434801F09BFD1E00002E3AD03F
:100FB00005AB434A1A80813A5A800623F3560293BE
:100FC000002B17DA3F4805AB9B469880029A9A712E
:100FD000DD71019A0792301D2100FFF7ADFEB08050
:100FE000B7717B00DB199B002A4FFF185B4607CBCC
:100FF00007C7A2E77800C0198000264BC01804304C
:10100000321DB388D90A1C2907D15B055915023155
:1010100049005118FFF790FED5E72B4B2B4AB12121
:10102000244801F05DFD05AE1D4B33807B0002932B
:10103000D8198000174A9046020042440392901C3F
:101040001849FFF779FE7080039A101D5946FFF783
:1010500073FEB0801E4B5A464146521A52415343CA
:101060001B0DB371F571019A0792029B9C46674470
:10107000BF0047440ECE0EC7114B5A461380813B2A
:10108000538001231C43A04657E7C046240100D0EB
:1010900046250020C80C002000ED00E0CD01001026
:1010A00000A1FFFFF80C002001BDFFFF54AC0010B1
:1010B00028AE0010B0AB00107CAC0010A4AC001047
:1010C0000148000001BD000018AD001018AE00106E
:1010D000AAAA0000F0B5CE46474680B583B0060008
:1010E0000D00EFF3108872B6564B1B68002BFBD037
:1010F000BFF35F8F544B9A6834001034A300D75865
:10110000524B9F4207D0AF4200D198E00197504B1D
:10111000FB1A2F2B09D9424639003000FFF7F8FDA2
:1011200003B0C0BCB946B046F0BD3000FFF748FE82
:10113000814600213000FFF75FFEBFF35F8FEFF3C2
:101140000581002901D08C4211D10123019C9C43CF
:101150000022A368AB4212D00622A256002A0DDB61
:1011600053009B189B002200394CE418F1E736210C
:10117000384B394AFF31394801F0B2FC2200AB420A
:1011800056D106256557002D38DB6B005B199A0098
:101190002F4B9B189A68A260DA79E27106229A5660
:1011A000A2719B795BB2002B0FDA2D48A0806B00F7
:1011B0005B199B00264AD3182A4A11789971157039
:1011C00049463000FFF718FEA5E7201D6B005B19AC
:1011D0009B001F4A9B181A1D9B88D90A1C2907D1FE
:1011E0005B055B15023359005118FFF7A5FDDDE7DC
:1011F0001D4B1E4AB121194801F072FC002912D181
:10120000002A0ED0FF239371194B9380154A13784F
:10121000A371184B0E49641A644163431B0D13708C
:10122000CEE70A4FF2E7201D1349FFF7A9FDC7E7F4
:101230006A21124B084AFF31084801F051FC034F64
:1012400069E7C046240100D000ED00E0CD010010A8
:10125000C80C002030AD0010F8AD0010B0AB00108D
:1012600001BD00004625002018AD001018AE00108A
:1012700001BDFFFFAAAA0000020D002064AD00100E
:1012800070B5012101432E4BCB1A2F2B28D8EFF339
:101290000583002B2BD0EFF3108C72B6294A12680D
:1012A000002AFBD0BFF35F8F274A0400244D641B44
:1012B00064416243120D54B2244A92689B00D25892
:1012C0008A421BD00022032A32D853009B189B006D
:1012D0001B49CB189B795BB2A3421FD00132F2E7C6
:1012E000C7211B4B1B4A49001B4801F0F9FB922107
:1012F0001A4B184AFF31184801F0F2FB134A926862
:101300001749D150174B1A7882711C70BFF35F8F49
:101310000C4B00221A608CF3108870BD0D00530036
:10132000991889006918FF268E710F4A8A80E9E7AB
:10133000D1210E4B074A4900074801F0D1FBC046B6
:10134000C80C0020240100D0AAAA000000ED00E093
:101350006CAD0010C4AD0010B0AB001094AD001027
:10136000CD0100104625002001BDFFFFA0AD0010FB
:101370000022044B02E0044902C30132072AFAD9D1
:101380007047C04600E400E08080808000B583B0F4
:101390000100064B0093052300220548FFF761FC7E
:1013A000002801DB1F23181A03B000BDA8AD0010F0
:1013B0004B250020024B9C46614489000160704728
:1013C0004000003410B50400FFF784FC0100200049
:1013D000FFF7F0FFFF232371BFF35F8F10BD10B540
:1013E0000400FFF777FC01002000FFF7E3FFFF2375
:1013F000237100236371BFF35F8F10BD034B9C46C5
:10140000614489000160BFF35F8F70474000003482
:1014100010B504000120FFF76BFC01002000FFF76E
:10142000EDFF10BD70B505000C00080000F0DCFEFB
:101430000949200000F01CFEFFF74CFC074B9C46BE
:101440006044800068602C75D0231B061B786B7588
:10145000A400034BE55070BD691700104000003434
:10146000F02200200A4B1A68EFF3108172B613685D
:10147000002BFCD0BFF35F8F054B1B68BFF35F8F62
:1014800000221A6081F3108840BF002000217047BD
:101490001425002010B5002922D003681B7B994237
:1014A0001ED8174B9C466144090183689C466144E1
:1014B0000C684968002A19D003681B7B9A4215D82A
:1014C00083680F488446624412019A181068536872
:1014D000020001208B4201D80ED00020C0B210BD06
:1014E000084B094A3C21094801F0FAFA054B064A23
:1014F0003C21064801F0F4FAA242EFD8EDE7C046DD
:10150000FFFFFF0F28B00010A8B20010D4AF0010EA
:1015100010B500291ED0037B99421BD84B005B18E5
:10152000033B0468A4466344002919D0002A1DD057
:10153000914221D0002A25D0047BA24222D80468FF
:1015400050008018033820188170197800291FD1A5
:101550001A7010BD104B114A6821114801F0C0FAF1
:10156000104B114A6F310E4801F0BAFA0F4B0E4A78
:1015700070210B4801F0B4FA0D4B0B4A7121084859
:1015800001F0AEFA044B054A6821054801F0A8FABB
:1015900041701A70DDE7C0464CB0001014B3001063
:1015A00068B00010D0B00010F0B20010DCB0001035
:1015B000E8B0001070B506000D001400002914D02A
:1015C000002A14D0806873689847002806D022004B
:1015D00029003000FFF79CFF280007E02A002100C7
:1015E0003000FFF795FF200000E0100070BD0800FC
:1015F000FCE70000F0B583B00500009201930AAB50
:101600001C780BAB1F78002C26D003685A7B9442C1
:1016100007D10123002B19D1002C3BD1200003B0AE
:10162000F0BD002C0CD01A7B944209D81A686300D4
:101630001B19033BD3189B78002BEBD00123E9E760
:101640003E4B3F4A68213F4801F04AFA3E4B3F4A31
:1016500067213F4801F044FA03689C7B002CDBD0F3
:1016600012D01A7B94420FD862001219033A1968FB
:101670008C46624451789973002900D1D9730023B4
:10168000937053701370C7E72C4B2D4A68212D4877
:1016900001F026FA002C3AD02B681B7B9C4236D8EE
:1016A0002C4BE3181B01AA6894466344009A1A6005
:1016B000019A5A60089A9A60099ADA602E68002C9A
:1016C0002BD030D0337B9C422DD863001B19033BB9
:1016D00032689446634400229A705A701A70717B83
:1016E00022003000FFF766FF7073844200D095E758
:1016F000287D009A019B00F003FD061E01D0002FFB
:1017000017D00C9B002B00D188E71E7086E7124B88
:10171000124A3C210E4801F0E3F9114B114AA52170
:10172000084801F0DDF9054B054A6821054801F03C
:10173000D7F92868210000F01BFFE2E74CB0001049
:1017400014B3001068B0001000B1001020B30010F6
:10175000D4AF0010FFFFFF0F28B00010A8B2001098
:10176000D0AF001004B30010F0B5DE4657464E4629
:101770004546E0B58BB00990002308938200B54B35
:10178000D658370052E0B44BB44A3F21B44801F078
:10179000A7F9B44BB44A3C21B44801F0A1F900299F
:1017A00001D1002869D10021404600F0D7FEA042B7
:1017B00019D12A686B6806920793AB689846EB6864
:1017C0009A464346002B14D0002C18D03B681B7B54
:1017D0009C4214D8631EFA68D35C08931B0218431A
:1017E0003861002015E0A24BA24A8E219F4801F0EB
:1017F00077F9A14B9F4A92219C4801F071F9994BCE
:101800009E4A4121994801F06BF900239A46984677
:1018100000207B68BFF35F8F00221A6086F3108878
:101820004346002B32D1002800D10CE100F000FC2F
:1018300002000B1EA7DB00200021069007917868AC
:10184000EFF3108672B601680029FCD0BFF35F8FFA
:10185000396888464C7B002CD7D09AD0097B8C42C3
:1018600097D8874965182D01B9688C466544286862
:101870006968801A9941002991DD2A686B68099886
:1018800000F03EFC00239A469846C2E7089B1B02E4
:101890002343994651461800C04705000E007A6858
:1018A000EFF3108B72B6136859424B41D9B2002B3B
:1018B000F9D1BFF35F8F002E1EDB002E46DD3B69A2
:1018C000002B47D04B456DD100F0B2FB02000B1E40
:1018D0006EDB52197341002B70DB002B72DB002191
:1018E00004910131039102945146019141460091C6
:1018F0003800FFF77FFE4CE03B69002BDDD04B4505
:1019000014D1069A079B521BB341002B14DB002B0A
:1019100016DB00210491013103910294514601919B
:10192000414600913800FFF765FE32E0554B514AC1
:10193000A1214E4801F0D4F801225242524BE6E771
:10194000454B464A3F21464801F0CAF8002E01D1D6
:10195000002DB4D13B68002C50D05A7B944237D133
:10196000012100294AD1DA7B002A4DD19A7B002A35
:1019700003D1DA7B002A5AD19C73DC73002C5CD033
:101980003B681B7B9C4258D8FA68013C135D0133CD
:10199000135500233B617A68BFF35F8F13608BF3AD
:1019A000108843E7374B334AA421304801F098F8B8
:1019B000294B2A4A3F212A4801F092F8012252423B
:1019C000314B8AE7244B254A3F21254801F088F80E
:1019D000002C0DD01A7B94420AD862001219033AE7
:1019E0001868844662449278002ABAD00121B8E788
:1019F000264B274A6821274801F072F8264B274AD0
:101A0000F621244801F06CF8002A0AD0197B8A429A
:101A100007D851008A18033A19688C4662445470FA
:101A2000A4E71A4B1A4A68211A4801F059F81C4BCE
:101A30001A4AFB21174801F053F80A4B0F4A41217B
:101A40000A4801F04DF80BB0F0BCBB46B246A946BF
:101A5000A046F0BDF0220020CCAE001074B2001001
:101A6000E8AE001028B00010A8B20010D4AF0010EB
:101A700028B100108CB2001040B10010CCB20010A0
:101A8000FFFFFF0F4CB10010FFFFFF7F4CB00010B5
:101A900014B3001068B0001088B10010E0B200105C
:101AA000ACB1001010B50C4B5B68002B04D00A21C0
:101AB0000A48FFF77FFC10BD074C2300084A10219D
:101AC000206800F05BFC032000F0A6FA0321200050
:101AD000FFF7A8FCEBE7C046100D002014250020FE
:101AE0009514001010B5064B5B68002B01D004481C
:101AF00010BD044B044A5E21044800F0F1FFC046CB
:101B0000100D0020C0B10010B4B20010D4AF00100E
:101B1000F0B5DE4657464E464546E0B58BB08046AA
:101B200016001F00149B9A46159B994616AB1B780E
:101B30009B461F2302AA9446634400221A702BE09E
:101B4000002809D042461268127B904204D8421EF7
:101B50004146C9688A5C41E0404B414A41214148C5
:101B600000F0BEFF07984CE0361BAF41002F07DBAB
:101B7000002F11DA3C4B3D4A3F213D4800F0B0FFB9
:101B8000012676423B4FF3E7374B384A3F2138482E
:101B900000F0A6FF002F4FDB43465A68EFF3108496
:101BA00072B6136859424B41D9B20791002BF8D154
:101BB000BFF35F8F1F3302AA94466344049300234C
:101BC000039302934B4601935346009332003B002C
:101BD0004046FFF70FFD031EB2D10200414649689F
:101BE000BFF35F8F00250D6084F31088002B29D090
:101BF0001F2302A98C4663441B78002BB2D112022A
:101C00001043002B20D05B46002B1DD04946D04707
:101C100004000D0003000B431DD00029A4DB00F0DD
:101C200007FA06000F1EAFDB36196F41002FB1DA3D
:101C3000012676420F4FADE70B4B0C4A3F210C4873
:101C400000F04EFF012040420BB0F0BCBB46B24654
:101C5000A946A046F0BD0798F6E7C04628B0001098
:101C6000CCB20010D4AF0010CCAE001074B2001093
:101C7000E8AE0010FFFFFF7FF8B50400002900D197
:101C800062E04268EFF3108572B613685842434130
:101C9000D8B2002BF9D1BFF35F8FCBB22268567B4D
:101CA000B3421BD10120002848D0206988422BD0A4
:101CB000090AC9B2002B2ED02068007B83422AD8A3
:101CC000581EE668305C88422BD000206368BFF362
:101CD0005F8F00221A6085F31088F8BD002B0DD0AD
:101CE000167BB3420AD85E00F618033E1768BC465E
:101CF0006644B678002ED6D00120D4E7134B144AA0
:101D00006821144800F0ECFE2C21134B134AFF31DC
:101D1000134800F0E5FE134B134A4121104800F030
:101D2000DFFE1900100000F023FC0028CED199211D
:101D30000E4B0A4A49000A4800F0D2FE23698B4242
:101D4000C4D100232361C1E70020C6E74CB00010D6
:101D500014B3001068B00010E4B100105CB20010C1
:101D6000D4AF001028B00010CCB2001008B20010A0
:101D7000407D7047F0B587B006000F00EFF3058394
:101D8000002B1FD106246442E517A4197D418D4222
:101D900002D803D1844201D900240025002D14DB90
:101DA0000494059500F044F902000B1E13DBA41AFD
:101DB0009D41002D17DC14D03000390000F044F9AB
:101DC00007B0F0BD234800F025FF234B234A3F21F5
:101DD000234800F085FE204B204A3F21204800F098
:101DE0007FFE002CE8D0FFF77DFE002302930193D5
:101DF0001C4B0093049A059BFFF78AFE002818DA13
:101E0000DAE7002300E00023002BD5D1164B1A6837
:101E1000EFF3108172B61368002BFCD0BFF35F8F15
:101E2000114B1B68BFF35F8F00221A6081F310888B
:101E300020BF0499059A0D4B5B6A9A42E3D80B4880
:101E4000806A884203D29A42DBD00123DCE7012377
:101E5000DAE7C0460CB20010CCAE001074B200102D
:101E6000E8AE001065140010142500200040054065
:101E700070B504000D0000F0DBF802000B1E0ADB59
:101E8000200029008018594100290ADB00290CDBB9
:101E9000FFF770FF70BD084B084A3F21084800F06B
:101EA0001FFE012040420749F0E7034B034A3F2150
:101EB000034800F015FEC046CCAE001074B200100E
:101EC000E8AE0010FFFFFF7F10B5FA22920000235A
:101ED000002102F017FFFFF7CBFF10BD70B584B0F3
:101EE00005000C00EFF30583002B1ED1FFF7FAFD70
:101EF000002302930193224B00932A002300FFF753
:101F000007FE061E23DD20BFFFF7ECFD3100FFF7C3
:101F1000B3FE1C4B5B6A9C422DD81A4A926AAA42B5
:101F20002CD29C4225D0012026E0164B5B6A9942B8
:101F300009D8144A926A824207D2994201D00120FC
:101F40001AE0002018E0002016E0012014E00D4BFC
:101F50005B6A9C4209D80B4A926AAA4207D29C4209
:101F600001D0012008E0002006E0002004E001206C
:101F700002E0002000E0002004B070BD0120FBE77B
:101F8000651400100040054070B5EFF3058010386F
:101F9000EFF3108C72B61A4B1B68002BFBD0BFF30B
:101FA0005F8F01221300834016494B6316490B6073
:101FB000164909780C00C440224214D0114A546AD0
:101FC0008200134D5259944206D38200114C12598B
:101FD00099430E4B197007E00A4A031D9B0099585C
:101FE0009950002200E00022BFF35F8F044B0021D4
:101FF00019608CF31088002A00D0904770BDC0464D
:10200000280100D0004005403C7005404A250020D2
:1020100020250020181D002010B50100024A0348A9
:10202000FEF706FE10BDC04638B300104425002060
:10203000044B5B6A034A906A1900536A9942F9D1CA
:102040007047C04600400540084B5B6A01E0074B03
:102050005B6A8B42FBD301E0044B5B6A8B4203D18A
:10206000024B9B6A8342F7D37047C046004005404D
:1020700070B504000D00EFF3108672B61B4B1B68A1
:10208000002BFBD0BFF35F8F002D1CD02000FEF78C
:10209000C3FE174B83420BD019002000FEF7D6FE7B
:1020A00001212000FEF7A8FE0123A340114A13607E
:1020B000A400114BE550BFF35F8F0C4B00221A6058
:1020C00086F3108870BDA2000B4B0021D150012275
:1020D000A2400A490B7893430B7005492000FEF794
:1020E000F9FF00212000FEF787FEE4E7280100D079
:1020F000891F001038600540181D00204A25002067
:10210000F0B5DE4600B584B00400150001921E0053
:102110000293FFF78DFF03958E4202D84ED1854280
:102120004CD9EFF3108B72B6274B1B68002BFBD0FA
:10213000BFF35F8F254A17780125A540EBB23B43DB
:102140001370234B5D63221D92000199D150A200B0
:102150002049029850501B6A2B4212D11C4B1B6C19
:102160002B4208D00020BFF35F8F174B00221A606C
:102170008BF3108823E0184B184AC521184800F04B
:10218000AFFCFFF755FF8E4214D802D1039B834268
:1021900010D80E4B1B78BB420ED00D4B1D625D63F9
:1021A0001F2004400123A3400E4A1360074B1F70F9
:1021B0001E38D8E70020D6E70120D4E7012004B07C
:1021C00080BCBB46F0BDC046280100D04A25002097
:1021D00000400540202500205CB30010E0B3001053
:1021E00080B3001080E200E0EFF3108C72B60B4B6E
:1021F0001B68002BFBD0BFF35F8F01238340084A8D
:10220000136208490A789A430A70BFF35F8F034B41
:1022100000221A608CF310887047C046280100D055
:10222000004005404A25002010B500291ED0037B40
:1022300099421BD84B005B18033B0468A4466344D7
:10224000002919D0002A1DD0914221D0002A25D082
:10225000047BA24222D8046850008018033820185A
:102260008170197800291FD11A7010BD104B114AC6
:102270006821114800F034FC104B114A6F310E48B0
:1022800000F02EFC0F4B0E4A70210B4800F028FC8A
:102290000D4B0B4A7121084800F022FC044B054A03
:1022A0006821054800F01CFC41701A70DDE7C0464B
:1022B0004CB0001004B5001068B00010D0B0001091
:1022C000F0B40010DCB00010E8B0001070B50600EB
:1022D0000D001400002914D0002A14D080687368FF
:1022E0009847002806D0220029003000FFF79CFF05
:1022F000280007E02A0021003000FFF795FF2000AA
:1023000000E0100070BD0800FCE7000010B50023DD
:10231000437301338373037BC3730123027B9A42AC
:1023200014D9002B0CD0027B934209D85A00D21842
:10233000033A01688C4662440133DBB25370EDE727
:102340000B4B0C4A68210C4800F0CAFB002A09D04C
:10235000924207D8016853009A18033A8A1800235A
:10236000537010BD024B034A6821034800F0B8FBCC
:102370004CB0001004B5001068B0001010B5017327
:1023800042608360FFF7C2FF10BD000070B504001B
:10239000081E00D170BD002934D0237B994231D86A
:1023A0004B005B18033B2268944663445A78002A2A
:1023B000F0D02DD0237B9A422AD853009B18033BA0
:1023C00021688C4663445D7800215970002825D02F
:1023D000237B984222D843001B18033B21688C467C
:1023E00063440021597001002000FFF76FFF0600D1
:1023F00029002000FFF7CAFF020031002000FFF78C
:1024000065FFC7E7084B094A6821094800F068FBE7
:10241000054B064A6821064800F062FB024B034A5E
:102420006821034800F05CFB4CB0001004B50010BC
:1024300068B0001070B505000C00160000292FD000
:1024400034D0037B994231D84B005B18033B0268C0
:10245000944663445A78002A2ED19A78002A31D1C2
:102460001978FFF793FF0300002E0AD0EA7B002AB9
:102470002ED1AA7B002A03D1EA7B002A3BD1AC7380
:10248000EC73002B3DD1002C4FD02B7B9C424CD8C1
:102490002B6861000C19033C1C190023637070BD8C
:1024A000254B264A3821264800F01AFB254B264AA0
:1024B0006821264800F014FB254B204A3A21204889
:1024C00000F00EFB234B1D4A3B211D4800F008FB8A
:1024D000002A0AD0297B8A4207D851008A18033A79
:1024E00029688C4662445470C3E7164B164A68212B
:1024F000164800F0F5FA184B104A4221104800F037
:10250000EFFA002B0BD02A7B934208D843001B180C
:10251000033B2A689446634400229A70B3E7094B50
:10252000094A6821094800F0DBFA064B064A68218F
:10253000064800F0D5FAC046FCB30010DCB4001029
:1025400004B400104CB0001004B5001068B00010C6
:1025500058B4001080B40010ACB1001070B5040085
:102560000A00457B2900FFF765FF6073280070BDF6
:1025700070B50400002967D0437B8B420ED0002940
:1025800011D0037B99420ED84B005B18033B0268C5
:10259000D0188378002B0CD1002056E00121FFF7E2
:1025A000DDFF012051E0294B294A6821294800F02C
:1025B00097FA002B20D0227B93421DD85A00D318C3
:1025C000033B2268D2182568EB5C8B421AD0002BA3
:1025D0001BD0227B934218D85A00D318033B2268A1
:1025E000D21853788B4216D0002BF0D11A4B1B4ACD
:1025F0006B211B4800F074FA144B154A68211548EA
:1026000000F06EFA4378137007E0104B104A68210F
:10261000104800F065FA43785370002383704370CC
:1026200001222000FFF706FF0200617B814205D0F6
:102630002000FFF74BFE6073012006E0094B074ABC
:102640007121074800F04CFA002070BD4CB000101A
:1026500004B5001068B00010A0AD0010C4B40010A4
:1026600004B40010A4B40010F8B5DE4657464E4638
:102670004546E0B505000F0092460A9A934250D3B2
:102680001A0E91461E020A9A00233000494601F0B4
:1026900013FC80466C006419A400304B9C466444D3
:1026A0006368834200D260602B1FDBB29B46012B24
:1026B0003DD9C0239B012343802212011A60AB0045
:1026C000274A9958002907D0506901F0B7FB431CED
:1026D0005800C0180338FDD253465A0123685A40A7
:1026E000E0231A4080235B0123431A605A46012AE3
:1026F00028D980239B012343802212011A6043467C
:102700006360424600233000494601F0D5FBAD002E
:10271000134B58510120F0BCBB46B246A946A04617
:10272000F8BD104B104A3321104800F0D9F9012FA1
:10273000BFD1C0239B01234303221A60A368DB0798
:10274000FCD5C9E72168794003220A401A60A268D3
:102750000123BB401342FAD0CBE7C04600800040C3
:102760003C1E002010B5001084B5001024B50010E8
:1027700030B583B00C2000F00BF9FEF739FA0028D1
:102780000DD0002304E099002D4A2E4888500133D3
:10279000092BF8D92A4B2C4A5A6203B030BD2B4B77
:1027A00000229A6700F066F9294B01221A60274B34
:1027B0005B6C012BFBD1274B03221A60234B9B6BD5
:1027C000012BFBD1013300930433234A0121234819
:1027D00000F04EF805230093214A0121214800F022
:1027E00047F8214B0093002202210420FFF73CFF11
:1027F0001E4D00952B00002201210520FFF734FF1C
:10280000104C00942300002200210720FFF72CFF2A
:1028100000942300002200210820FFF725FF0A4B27
:1028200000932300002200210920FFF71DFF0095DF
:102830002B00002200210620FFF716FFADE7C0465F
:102840003C1E0020006CDC021BB700000080004032
:102850003CB0004030B00040002F6859008002407A
:10286000008C864700C00240001BB7004059730728
:10287000F0B5C64600B504000E0017001D0037482D
:1028800001F0DCFA8046364BFA18364B9A4239D8BA
:102890000100380001F0D2FA0200103A98235B00E0
:1028A0009A4235D86B1E062B38D8069B013B062B67
:1028B00034D83F09474537D32D04069B1A031543E7
:1028C0002368002B36DB284B9C4244D080225201E7
:1028D000264B1A60264B1A60264B9B6811009943C1
:1028E000FAD12660A060231DC02292011A43212341
:1028F00013602368002BFCDAE5600823136080BCBA
:10290000B846F0BD1C4B1D4A11211D4800F0E8F8E7
:102910001C4B1A4A19211A4800F0E2F81A4B174AC0
:102920001C21174800F0DCF8184B144A23211448E6
:1029300000F0D6F822683F231340B342C3D1A36806
:102940001B051B0D8342BED1E368EE22D202134069
:10295000AB42B8D1D3E780229201B9E7001BB700A0
:1029600080E84BD380F8A93200C0024000E000406C
:1029700000F0004000C0004094B50010D4B6001034
:10298000F4B5001050B600106CB60010B8B60010C8
:1029900080239B000343014AD362704700800540B7
:1029A000024B1A68024B5A607047C046E022002072
:1029B0000080054010B50200164B8020C00518604D
:1029C000154B1648186000290AD0154BE021C904A0
:1029D0001960002A09D1124B802212061A6010BD1C
:1029E0000C4BE021C9041960F3E753019B1A9800CE
:1029F000801800010B4B186080235B04984202D3BF
:102A0000084B094A1A60FFF7CBFF054B8022D2051D
:102A10001A60E4E700B0054008200140FCFF010017
:102A200000A00540E0220020FFFFFF0010B50300DA
:102A300010000C4A8024E4051460002B0DD0012204
:102A40001343094A094CD461094C5C401462516239
:102A500093620021FFF7AEFF10BD034B0022DA6145
:102A6000F7E7C04600B0054000800540D3C007B07E
:102A70002D3FF84F064BAA2212011A602F22DA606E
:102A8000044B054A1A60024B5B68002BFBDA704767
:102A9000004002400060024000B0FA0000BEFDE7C6
:102AA00003000A4A1268002A08D0084A1068C318AE
:102AB000074A9A4206D3054A13607047034A0549FC
:102AC0001160F2E701204042F7E7C046DC1E00201B
:102AD000000004204C25002010B5FFF7DFFF0000A8
:102AE00010B582B00C001900002A0CD0084B002A47
:102AF0000BD00192009323000200064802F026FD4D
:102B00000120FFF7CBFF044BF1E7034AF1E7C04692
:102B1000E0B60010F0B60010DCAA001070B52B4B28
:102B20002B4A1A602B4B2C4A1A602C4B9A682A4B62
:102B30009343FAD12A4C01E008CC9847294B9C4298
:102B4000FAD3FFF715FE234B274A1A60234B9B68E5
:102B5000DB43DB01FAD1254B40229A675A671A679B
:102B6000DA66234C09E0234B234A87212348FFF7E9
:102B7000B7FF2000FEF726FC0834214B9C4209D207
:102B80002368002BF5D0012BEDD12000FEF727FCA8
:102B90000834F2E71B4CA1681B4DC022280002F04C
:102BA0006FFBA560EFF30583002B00D000BEFEF79E
:102BB00081F8FEF7DDFBFEF775FF144C01E008CC51
:102BC0009847134B9C42FAD370BDC04600E00040CA
:102BD000BFCDFBFE00F00040FE7F3C0000C0004087
:102BE0005817002068170020FFFFFF0100F0014088
:102BF0005017002020B70010B0B7001040B70010E9
:102C00005817002000ED00E00000002068170020A9
:102C1000701700200FB400B583B0084802F066FCBE
:102C2000049B002B07D005A90191180002F06EFC4F
:102C3000034802F05BFC0120FFF730FFA0B7001053
:102C4000B4AA0010704710B5002802D00B6849687C
:102C5000984710BD0100002007E083001B185B00AF
:102C6000501C08601078C01830380A681378303B60
:102C7000DBB2092BF1D97047F0B5DE4657464E4618
:102C80004546E0B583B093461F000C9B9A460D9CC9
:102C90000E9B99460F9B9B0703D0B8460F0006007A
:102CA00022E00192A34688464E46B9460700B44248
:102CB00007D2551C4B4641462020B84701342A0014
:102CC000F5E73D004F465C46019B9B46B1464646B4
:102CD000B84637002E0007E0013C551C5346185DEE
:102CE00043463900B0472A00002CF5D135003E009C
:102CF00047460F9B9B0707D4100003B0F0BCBB46B0
:102D0000B246A946A046F0BDB0464E46B9462F0091
:102D10005D46531BB342EFD2541C4B464146202024
:102D2000B8472200F5E7F0B5CE46474680B585B0F6
:102D3000944698460C9D0D9C0EAB1B789946109AB4
:102D4000119B129EB7071CD4002B0CD0F7070AD595
:102D50004F46002F02D10C37374204D0013B02E02E
:102D600030272F550134944201D21F2CF8D9F70790
:102D700007D59C4205D21F2C03D830272F5501348C
:102D8000F5E7F70615D5770505D4002C03D0944256
:102D900024D09C4222D00F9A102A2BD00F9A102AAE
:102DA00030D00F9A022A35D01F2C02D830222A5553
:102DB00001341F2C05D84A46002A31D02D222A552D
:102DC0000134039602930194009543466246FFF74F
:102DD00053FF05B0C0BCB946B046F0BD621E012C21
:102DE00006D00F9F102F01D01400D4E7023CD2E789
:102DF0001400D0E7B206D1D41F2CCFD878222A55A0
:102E00000134D1E7B206CCD51F2CCAD858222A5596
:102E10000134C9E71F2CC7D860322A550134C3E7F3
:102E2000720703D52B222A550134CAE73207C8D5C9
:102E300020222A550134C4E7F0B5DE4657464E46F7
:102E40004546E0B593B081468A46089209931CAB8B
:102E500010CB1B789B461E9D219B9846002C03D1CE
:102E6000102342469A4390468023DB0046461E408C
:102E700042461A4212D0002C22D000260EE03033F7
:102E8000D9B2771C0AAB99552900200000F0D6FF73
:102E9000AC4216D31F2F14D83E0004002900200096
:102EA00000F0CCFFCBB2092BE9D94246920605D5FA
:102EB0004121C918C9B20A39C9B2E2E76121F8E76C
:102EC000270043460693209B05931F9B049303957D
:102ED0005B46029301970AAB0093099B089A5146FF
:102EE0004846FFF720FF13B0F0BCBB46B246A946E8
:102EF000A046F0BDF0B5DE4657464E464546E0B525
:102F000095B0089009910A920B931E9E1F9C20ABCE
:102F10001B789B46229B9946239D269B9A4633000D
:102F2000234303D1103352469A4392468023DB0059
:102F300057461F4052461A4219D0330023432DD022
:102F4000002714E03033DAB27B1C98460CABDA551C
:102F50004A462B003000210000F0AEFFA5421FD8EA
:102F600019D043461F2B1BD8474606000C004A4683
:102F70002B003000210000F09FFFD3B2092BE1D9D4
:102F80005246920605D54122D218D2B20A3AD2B29E
:102F9000DAE76122F8E7B145E3D901E0002398467A
:102FA00053460693259B0593249B04934B4603931A
:102FB0005B460293434601930CAB00930B9B0A9A2A
:102FC00009990898FFF7AFFE15B0F0BCBB46B246B2
:102FD000A946A046F0BD0000F0B5DE4657464E4675
:102FE0004546E0B591B083468A460C9298461A9CB5
:102FF00008941B9D099522002B002000290001F058
:10300000EEF9002800D0E5E001225242D74B200023
:10301000290001F0DFF9002800D0DBE00122524254
:10302000D34B2000290001F0BFF9002800D0D1E0E7
:1030300000220023089E3000099D290001F0B4F908
:10304000002800D0DDE008980999069007918023B8
:10305000DB001E9A1A400D921E9A1A4201D10623D5
:103060001C930698079904000D000A00060002430D
:1030700000D1D1E0080D4005400DBE4CA44660448F
:103080000A03120BBC4B13431F0001F0BBF9BB4AF0
:10309000BB4B01F03EF9BB4ABB4B01F013F90400F6
:1030A0000D000022B94B3000390001F002F9B84A96
:1030B000B84B01F02EF902000B002000290001F0AE
:1030C00001F901F0B7F9814601F09CF904000D0007
:1030D000B14AB24B01F01DF90022B14B01F0F2F8F8
:1030E00001F0A8F90600AF4AAF4B2000290001F01B
:1030F00010F904000D00300001F084F9AB4AAC4B2C
:1031000001F007F902000B002000290001F0D1F8BE
:1031100004000D0002000B0001F0FBF80A900B9177
:10312000A44BF31800261F0522002B0020002900C5
:1031300001F0C8F80E900F9122002B000020802192
:10314000C90501F0B6F804000D0000229A4B0A9858
:103150000B9901F0C0F80022984B01F0B3F802007F
:103160000B000A980B9901F0B6F80022944B01F07D
:10317000A9F802000B000A980B9901F0ACF80200C4
:103180000B002000290001F09DF802000B000E98B2
:103190000F9901F0A0F80022774B01F093F832006C
:1031A0003B0001F0B6F806000F0004000D00069A7F
:1031B000079B01F00FF9002830D001235B429C46A9
:1031C000E14400227D4B3000390001F084F8040016
:1031D0000D0023E01E9B04931D9B03931C9B0293F5
:1031E000089A099B0092019343460C9A514658460F
:1031F00000F0FCF811B0F0BCBB46B246A946A046B0
:10320000F0BD0023002406930794069680231B0636
:103210009C46654407951AE7002399464B4663335D
:10322000C62B1ED804261E9B1B0526D52B00234328
:103230000FD0644A644B0698079901F0C3F8002840
:1032400079D00022614B0698079901F0ADF800286B
:1032500071D01C9B4B4506DD4A46981A431E1C93B1
:1032600003E00526DFE700231C938023DB001E9A82
:103270001A431E920026002399461D9B9E4264D24B
:103280009F1B02231E9A1A400A921E9A134202D0D2
:10329000002E00D000274B46002B07D022002B0029
:1032A0000698079901F017F806900791002200236D
:1032B0000898099901F078F8002848D1444B1E9AE3
:1032C0001340049303971C9B0293069B079C009357
:1032D000019443460C9A5146584600F087F8002E58
:1032E00000D187E71E9B9B063DD54525441C4346E0
:1032F000020051462800D8474B46DA179B18534026
:1033000005220592013E0496002203920A3202929F
:103310004A46D00F0190009343462200514658463A
:10332000FFF78AFD0A9B002B00D163E702005F468E
:103330000C9E1D9D54E01C9B002B9ED00D9B002BD2
:103340009BD01C9B013B1C9397E7002799E7069CA9
:10335000079D2200290080200006844661440B005E
:1033600006920793AAE76525C0E7C046FFFFEF7FF7
:10337000FFFFEFFF01FCFFFF0000F03FFB799F50D4
:103380001344D33FB3C8608B288AC63F0000F83F80
:1033900061436F63A787D23F71A379094F930A40B6
:1033A0000000E03F1655B5BBB16B0240EF39FAFEA5
:1033B000422EE63FFF03000000002C4000002440A6
:1033C000000018402D431CEBE2361A3F80842E414A
:1033D000FFF7FFFF541C434651462020B847220008
:1033E000931BAB42F6D3100004E7C046F0B5DE46AF
:1033F00057464E464546E0B595B006900791934630
:103400009946209F1E9A1F9B1000190000F0E7FFAD
:10341000002831D101225242BF4B1E981F9900F063
:10342000C3FF002837D101225242BC4B1E981F997E
:1034300000F0D0FF00283DD10022B94B1E981F9903
:1034400000F0C8FF002850D10022B64B1E981F99EB
:1034500000F0AAFF002848D1002200231E981F99DF
:1034600000F0A2FF002850D100239846229B5B0564
:1034700000D4B6E0002458E0229B0393219B0293E2
:1034800003230193A84B00934B465A46079906988D
:10349000FFF7F2FB0EE1229B0393219B029304238F
:1034A0000193A24B00934B465A4607990698FFF7A3
:1034B000E3FBFFE00423229A1A4022990B4210D02A
:1034C0009B4B002A0FD0042222990391219902914B
:1034D000019200934B465A4607990698FFF7CCFB9A
:1034E000E8E0944BEDE70322EEE7229B0493219B57
:1034F000039302971E9B1F9C009301944B465A46D0
:1035000007990698FFF768FDD4E01E9A1F9B0020DC
:10351000002100F0CEFE1E901F9101239846A5E7E2
:103520000CAB30221A55013F01341F2C01D8092F52
:10353000F6D81E981F9900F07DFF050000F062FF8D
:1035400002000B001E981F9900F0B3FEFA007A4BA0
:103550009B181A685B680A920B9300F0DAFE0890D9
:10356000099100F08BFF060000F048FF02000B00FD
:103570000898099900F09DFE0890099100226F4B70
:1035800000F028FF00282ED00136300000F036FF72
:1035900002000B000A980B9900F00CFF002801D0E4
:1035A00001350026002F2CD1280000F02BFF02004F
:1035B0000B001E981F9900F07CFE06000F000022F1
:1035C0005E4B00F0F1FE002846D100225B4B30003C
:1035D000390000F0FFFE00283ED1EB073CD5013555
:1035E0003AE0062746E70022544B0898099900F074
:1035F000DBFE0028D6D1002E01D0F307D2D501364C
:10360000D0E7AA461F2C11D8013F0A21300000F054
:1036100015FC651C30310CAB19550A21300000F047
:103620000DFC092E0ED906002C00EBE755461F2C89
:103630000CD87B1E002F09D00CAA302111551F0079
:103640000134F4E72B0055461C00F0E71F2C03D88B
:103650000CAB2E221A5501341F2C10D80A21280039
:1036600000F0C4FB661C30310CAB19550A21280050
:1036700000F0BCFB051E01D03400EDE7340003234D
:10368000229A1340012B1CD01F2C06D84346002B36
:1036900032D00CAB2D221A550134229B0393219B6F
:1036A000029301940CAB00934B465A460799069837
:1036B000FFF7E2FA15B0F0BCBB46B246A946A046F9
:1036C000F0BD219B002B13D04346002B02D10C33BD
:1036D00013420FD0219B013B2193190003E00CAB57
:1036E00030221A5501348C42CED21F2CF7D9CBE7A9
:1036F0002199F8E72199F6E7229B5B0704D50CABEB
:103700002B221A550134C8E7229B1B07C5D50CABE9
:1037100020221A550134C0E7FFFFEFFFFFFFEF7FC4
:1037200065CDCD4165CDCDC1CCB70010D0B700106F
:10373000C4B70010C0B70010B8B900100000E03FD7
:10374000F0B5DE4657464E464546E0B593B0824654
:103750008B4690461193002900D1EBE20027554695
:10376000119B1878002800D1E7E2252809D07C1C9D
:1037700043463A005946A847119B0133119327004D
:10378000EEE7013311930024119A11780B00203BCE
:10379000D8B2102803D88300D048C3589F460B00E6
:1037A000303BDBB2092B2CD92A292FD000230A93D6
:1037B000119B1A782E2A39D000239A46119A137831
:1037C000683BD9B2122976D88B00C549CB589F46A1
:1037D00001231C4301321192D6E702231C4301321C
:1037E0001192D1E704231C4301321192CCE7082344
:1037F0001C4301321192C7E710231C43013211927E
:10380000C2E711A8FFF726FA0A90D1E71C9B1A1D00
:103810001C921868002804DB0A90119B0133119355
:10382000C6E702231C4343420A93F6E78022D200F4
:1038300014435A1C11925A781300303BDBB2092B07
:1038400004D92A2A07D000239A46B7E711A8FFF720
:1038500001FA8246B2E71C9B1A1D1C9218680028C8
:1038600004DB8246119B01331193A7E70020F8E7A0
:1038700080235B002343511C119152786C2A01D0A4
:103880001C0018E0C0239B001C430131119112E081
:1038900080232343511C11915278682A01D01C00C7
:1038A00009E0C0231C430131119104E080235B0037
:1038B0001C4301321192119B18780300253BDAB2A8
:1038C000532A00D92CE29300864AD3589F4680237E
:1038D0009B001C4301321192EDE780235B001C43E7
:1038E00001321192E7E7782809D0582838D06F289C
:1038F00038D0622838D010239C430A2600E01026D6
:10390000582833D0692803D0642801D00C2294436E
:10391000630501D50122944369282AD0642828D060
:10392000A30500D59FE0E30500D5B8E0630600D409
:10393000CAE01C9A111D1C911168FF220A400594CF
:103940000A9B04935346039302960023019300922B
:1039500043463A0059462800FFF76EFA070027E071
:103960001026CDE70826CBE70226C9E7202214431C
:10397000C8E7A30520D4E30550D4630666D51C9A96
:10398000111D1C911168FF220A40D317D11859400C
:1039900005940A9B0493534603930296D20F019217
:1039A000009143463A0059462800FFF745FA0700C0
:1039B000119B01331193D3E61C9BDA1D07218A4327
:1039C000110008311C91116853689C46DB170C9359
:1039D0000D930C9A0D9B100048400E906246534088
:1039E0000F930E980F990C9A0D9B801A99410E9087
:1039F0000F9108940A9B079353460693049600235D
:103A000005936346DA0F02920090019143463A0013
:103A100059462800FFF76EFA0700C9E71C9A111DE6
:103A20001C911268D317D118594005940A9B04932E
:103A3000534603930296D20F0192009143463A00F7
:103A400059462800FFF7F8F90700B1E7230605D526
:103A50001C9A111D1C910023D25E96E71C9A111D21
:103A60001C91126891E71C9BDA1D07218A43110003
:103A700008311C9108940A9B0793534606930496B9
:103A800000230593029313685468009301944346FE
:103A90003A0059462800FFF72DFA070088E71C9ADC
:103AA000111D1C9105940A9B04935346039302969F
:103AB000002301931368009343463A0059462800B7
:103AC000FFF7BAF9070073E723060DD51C9A111DFD
:103AD0001C9112681204120C31E7C046D8B70010CE
:103AE0001CB8001068B800101C9A111D1C911268B7
:103AF00025E746281AD01C9B0733072293431A0058
:103B000008321C9204940A9A0392524602925C680C
:103B10001B680093019443463A0059462800FFF77A
:103B200065FC0700119B0133119319E620231C4308
:103B3000E1E7672801D0472802D180231B011C43FD
:103B4000452801D0472801D120231C431C9B073363
:103B5000072293431A0008321C9204940A9A039293
:103B6000524602925C681B680093019443463A00F7
:103B700059462800FFF730FA0700119B01331193D3
:103B8000EEE502231A002240924623421FD0012470
:103B90001C9B1A1D1C927A1C9146187843463A00C9
:103BA0005946A8475346002B16D1119B0133119358
:103BB0004F46D5E5561C434659462020B8472300BA
:103BC00032005C1C9D42F5D83D001700E0E7012360
:103BD0003A002F000A9DF4E74A46A9460A9D06E0EE
:103BE000571C434659462020C84734003A00661CFB
:103BF000A542F5D84D469146D7E71C9B1A1D1C924D
:103C00001B6899465346002B00D1013B4E4601E00C
:103C1000013613003278002A02D05A1E002BF7D149
:103C20004B46F21A10928023DB0026001E401C42F5
:103C300003D0524501D95346109302231A00224063
:103C40000B92234205D03A0037004C46A946554610
:103C500020E03A00109B5F46B3462E0006E0551C5C
:103C6000434639002020B04723002A005C1C0A99F3
:103C70009942F4D835005E46BB46109437004C4656
:103C8000A946554606E01D000134561C43465946D8
:103C9000C84732002078002804D0002FF4D06B1ED3
:103CA000002DF0D117004D460B9B002B03D1119B2B
:103CB0000133119354E50A9F109B06E0561C4346BE
:103CC00059462020A847230032005C1C9F42F5D8AB
:103CD0001700ECE721231C431C9B1A1D1C921B6838
:103CE00000930594082304935346039310230293EF
:103CF0000023019343463A0059462800FFF79CF8F9
:103D00000700119B013311932AE57C1C43463A00BE
:103D100059462520A847119B0133119327001FE521
:103D20007C1C43463A005946A847119B0133119326
:103D3000270015E50A4B9A4610E5AA46474502D3E7
:103D400043465A1E00E03A00434659460020D047F9
:103D5000380013B0F0BCBB46B246A946A046F0BD41
:103D6000452C001000B585B002900391012100930D
:103D700013004A4202A90248FFF7E2FC05B000BD69
:103D8000472C001001480421014B1847400D00202A
:103D9000B53D001010B5010018231B8814221088AF
:103DA000984710BD10B5010018231B8816221088F3
:103DB000984710BDF0B5C64600B507000E000025B7
:103DC0000123984600E00135B5420AD2AC003C1907
:103DD0002068FFF7DFFF20600028F4D10023984619
:103DE000F1E7404680BCB846F0BD0000124A936F30
:103DF0009B0815D29066D166002905D0FFE7FFE742
:103E0000FFE7516F106F704704B580210906C21794
:103E10005140002800D0C84306F082FD002104BDB7
:103E2000F0B5146E556E576F166FFFF7E3FF14660B
:103E3000556657671667F0BD000000D0114A936FB2
:103E40009B0813D210665166002905D0FFE7FFE7F3
:103E5000FFE7516F106F704704B5002801D00020B4
:103E6000C04306F05DFD002104BDC046F0B5146EF0
:103E7000556E576F166FFFF7E5FF14665566576767
:103E80001667F0BD000000D094464A4A926F92082F
:103E9000624601D228E0C046F0B5464E346E756EDB
:103EA000776F366F00F020F89446424A14665566E4
:103EB000576716676246F0BD94463E4A926F920875
:103EC000624601D254E0C046F0B53A4E346E756E8B
:103ED000776F366F00F04CF89446364A1466556694
:103EE000576716676246F0BD002B24DB11D000290E
:103EF0003EDA00B5C943404200D1013100F038F844
:103F0000C943404200D10131DB43524200D1013369
:103F100000BD002AEBD1002801D1002905D00020E6
:103F2000C90FC90701D1C043410800B506F0E0FC44
:103F30000022002300BD00B500290ADBDB4352420A
:103F400000D1013300F014F8C943404200D10131DF
:103F500000BDC943404200D10131DB43524200D190
:103F6000013300F005F8DB43524200D1013300BDBC
:103F7000002923D1002B18D1002A0CD0BC460D4FAC
:103F800038667A6600210023FFE7FFE7FFE77A6FD4
:103F9000386F67467047002801D00748010000B518
:103FA00006F0A6FC0022002300BD02000B0000204A
:103FB00000217047000000D0FFFFFFFF002B00D062
:103FC000BFE0130C28D1002AE7D080B4114F396626
:103FD0007A66FFE7FFE730B4040C7B6F396F1B0490
:103FE00023433B667A66FFE7FFE7FFE7C04684B2FC
:103FF0007B6F3D6F1B0423433B667A66FFE7FFE759
:10400000C04600232C042D0C7A6F386F00196941CB
:10401000B0BC7047000000D0F0B594460025140EE7
:1040200001D112020835140F01D112010435940F89
:1040300001D192000235D40F01D152000135D40BC9
:104040000134254F7C66254C3C660E0C93B2FFE78D
:10405000FFE7FFE73C6F6643360C7703BE467343CA
:10406000DF0B5B04C01AB941130C7343DB18C91A88
:10407000CE086643360CB64493B273431F0F1B0140
:10408000C01AB941130C73431F0B1B05C01AB94169
:10409000860D8F023E436643360C092D24DB520AFF
:1040A0007243801A7703460A6643360C16235B1B5D
:1040B000DE40DF40BF1964466643821B704604350C
:1040C00006330100D940A840C01900D30131A242F3
:1040D00006D20023F0BD0000000000D0FFFFFFFF6C
:1040E000121B0130F3D3F1E709277F1BFE40644622
:1040F000A2B27243801A00D20139220C7243130C0F
:104100001204821A99410B007046043513370100DE
:10411000F940A840801900D30131002B02D1A242FE
:104120000AD2F0BD013000D30131121BFAD2013B9B
:10413000F8D1A24200D2F0BD013000D30131121BF0
:10414000F7E7F0B51C0C00D080E00CB400251C0A89
:1041500004D11B02160E3343120208351C0B04D186
:104160001B01160F3343120104359C0B04D19B0035
:10417000960F334392000235DC0B02D192185B415B
:1041800001351C00971864410134464F7C66464C4B
:104190003C660E0CFFE7FFE7FFE7C0463C6F664357
:1041A000360C7703BE4697B27743C01B00D2013965
:1041B000C01B00D201399FB27743C91BC91B170C22
:1041C00077437E04FF0B801BB941CE086643360C53
:1041D0000C2D33DBB644120B1F053A431B0B97B271
:1041E0007743C01B00D201399FB27743C91B170C1C
:1041F00077433E043F0C801BB941860D8F023E433E
:10420000664329277F1BFE400C3D7746AF40BF1910
:1042100030BCA2B2ABB272437343801A9941220CF4
:104220007243130C1204801A994102000B000137EB
:10423000001BA941F9D2781E0021F0BD0C277F1B7D
:10424000FE4077467F0BAF40FF19E0E700245D1C7E
:1042500007D0144F7D663966FFE7FFE7FFE7FFE70A
:104260003C6F95B29EB265436643401BB141150C4D
:104270001E0C6543664336042F0C3E432D04401B41
:10428000B141994204D202000B0020000021F0BD90
:1042900001D19042F7D3801A994101349942F2D367
:1042A000F6E70000000000D0FFFFFFFF484041405C
:1042B000484018B41B4B5B68FC46019308BD04DF03
:1042C000D346001018B4174B1B68FC46019308BD79
:1042D00000DFDD4600109446134A926F920809D21F
:1042E000624618B40F4BDB68FC46019308BD0CDF37
:1042F000954900100C4AF0B5146E556E576F166F45
:104300006246FFF7EEFF084A146655665767166760
:10431000F0BD18B4034B9B68FC46019308BD08DF51
:104320003948001010230020000000D0FFB5504095
:104330004240504059404B40594000E0FFB5154FB6
:104340004C00640D03D0BC4204D10C0314D80020EF
:10435000090D09055C00640D03D0BC4204D11C03A7
:104360000AD800221B0D1B0501264B4009D44B40E7
:1043700003D58B4200D18242FFBD9942FCD19042CD
:10438000FFBD0B43DB1803431343F5D0C943491862
:10439000FFBD0000FF07000000B5FFF7CFFF01D011
:1043A000002000BD012000BD00B5FFF7C7FF804120
:1043B00000BDC04600B5FFF7C1FF01D9002000BD18
:1043C000012000BD00B5FFF7B1FF01D9002000BDFD
:1043D000012000BD00B5FFF7A9FF804100BD01200D
:1043E00040054A00121804D85A00121801D80020BB
:1043F000704701207047002070470000002100280E
:1044000005D17047C1174840401AFAD0C90713B503
:10441000064B1B6898470CBC441CA2401005120BAD
:104420000349091B09051943114310BD102400203D
:104430001F04000010B54C00620D8023D218DB0071
:10444000D21A5B057E2A10DD9E3A13DACC170903D7
:10445000490819435242D140640001341532202AE0
:1044600005DAD0400843604310BD002010BD084667
:10447000604310BDC80FC018013810BD18B4044BFC
:104480005B6AFC46019308BD24DF454B0010000029
:104490001023002018B4044BDB6DFC46019308BDCB
:1044A0005CDF514C001000001023002018B4044BB6
:1044B0005B6EFC46019308BD64DF494C00100000B0
:1044C00010230020C94211D300B549004908002239
:1044D00000F018F8002904D4002240428A41114615
:1044E00000BD80210906002000BD000018B4044B67
:1044F000DB6EFC46019308BD6CDF534B00100000DF
:104500001023002018B4044B9B6FFC46019308BD98
:1045100078DF6F4B001000001023002018B4044B0C
:10452000DB6FFC46019308BD7CDFDD4B0010000013
:104530001023002070B513231C78012C14D0012CFB
:1045400014DC022C02DC1F4A1F4B9A641F48FFF741
:1045500021FC1F4B186070BD99001A481A4A8850F8
:1045600001331F2BF8D9EAE70023FAE71948FFF7D0
:1045700019FC05001848FFF715FC023803789B006A
:104580007F2B19DD802229000F4800F079FE022CD4
:10459000D7D1124B1A88B5231B029A4209D1104B6E
:1045A0001A88104B9A4204D10F4B1A880F4B9A422B
:1045B000C7D00020FEF72EFB0D4B0E4A32210E48CD
:1045C000FEF78EFA99460010102300204C330000AD
:1045D00010240020534400005346000054380000CB
:1045E000D8380000494600009C38000059460000B9
:1045F00008BA0010C0BA00105CBA0010F0B5C64688
:1046000000B506000F000B0D5B055A0D002B27D0DF
:104610001F4BD2182CD43424A31A9846002B24DD27
:10462000203B9C4629D401256446A5402B0001254A
:104630004446A5402A0001246442E517A4185D41C0
:10464000002903DA24184D4126002F00002554428A
:104650009D413300234018003B002B40190004E02B
:104660000022C90FCB071000190080BCB846F0BD6E
:10467000002909DA00200749F7E720254346ED1A0B
:104680000124EC402300D2E700200021EDE7C046E2
:1046900001FCFFFF0000F0BF07B56046002800D115
:1046A00000BE01880A0A0230DF2AFAD1C9B28208A4
:1046B00004D3028840880004104300E00068024AE6
:1046C0005050039007BD0000102300200FB403BC1E
:1046D0000CBCF0B50124E407634000E0F0B50C0D1C
:1046E000CF0F661E3605891B640503D3C9434042BC
:1046F00000D30131640D03D0661CF60A07D0E41B19
:1047000000207F00791C89078912803C24031D0D3D
:10471000DF0F6E1E36059B1B6D0503D3DB43524234
:1047200000D301336D0D03D06E1CF60A07D0ED1BCC
:1047300000227F007B1C9B079B12803D2D032F1BBB
:10474000661B58D4A446202E46DA20371400BC40FD
:104750001D00BD40F24033412A4380185941CB0F20
:1047600005D0C943C04300226442504151416246D2
:104770004D0D28D10D0D07D100281FD0241940411F
:104780004941013A0D0DF9D0640006D3013000D340
:104790000131002C01D140084000013A0BD4941C97
:1047A000E40A04D112051144DB071944F0BDD9070E
:1047B000204B194300E0D9070020F0BD0029DDD1CE
:1047C000002CDBD1F0BD0132C6074008CD072843DD
:1047D0004908002EE1D0D9E73C2E29DA203E4037A7
:1047E0001400BC4000D00124F24014431A00BB4026
:1047F0001C43D317ACE7AC46202F08DA2036040060
:10480000B4400D00B540F84039412843A5E73C2F9E
:104810000CDA203F40360400B44000D00124F840B8
:1048200004430800B1400C43C117EAE71000190027
:10483000002494E70000F07FF0B50C0D661E3605ED
:10484000891BE60A6405640D02D0651CED0A04D0DC
:10485000002001210905803C2403A4461C0D671E8D
:104860003F05DB1BE70A6405640D02D0651CED0AF9
:1048700004D0002201231B05803C240377406444BC
:1048800097B484B296B27443070C7E43150C6F4301
:1048900080B26843361802D3012000043F18300468
:1048A000350C00197D41844688B29AB250430C0CF5
:1048B00062431F0C7C438EB27E43921902D30126C1
:1048C0003604A4191604170C3618674101BC81B2CE
:1048D0009AB25143040C62431B0C5C4380B25843B0
:1048E000121802D30120000424181004130C4018DD
:1048F00063412D185E410020474106BC88B293B247
:1049000058430C0C6343120C544389B251435B1857
:1049100002D301210904641819041A0C0918624110
:104920006D1856410020474118BCF902720D114321
:10493000F0026A0D1043ED020A0D03D16D194041DA
:104940004941013B124E9B1B7600B3420ED26D00D3
:1049500007D30130002671416646354301D1400836
:1049600040001B05C918E4072144F0BD0BDA0133F0
:1049700006D1013004D101314F0D01D04908F2E7D1
:10498000E1070020F0BD013631050020EBE7000013
:10499000FF030000F0B51C0D671E3F05DB1BE70A97
:1049A0006405640D02D0661CF60A04D000220123BF
:1049B0001B05803C2403D0252D060026F6432E66D9
:1049C0001E096E66CE0FF619B44649004F0D02D08F
:1049D0007E1CF60A03D000200021403F3F033E1B0F
:1049E000B600B444013F7F05C91B49082E6F01364C
:1049F00076089C02950D25437543ED137543AD1361
:104A000001356D10F603761B0CB4CC02450D2C431A
:104A1000A2B2B3B25A43270C7B43350C6F43A4B206
:104A20006C431B1902D3012424043F191C041D0CE0
:104A3000A4187D4124196D41009A91B2ACB2614332
:104A4000170C7C432B0C5F4392B25A43A41802D339
:104A500001221204BF182204230C52187B41019C2E
:104A60006C431B19520ED9010A434401A01A81B2AA
:104A7000B2B2514303145A43360C734387B277439F
:104A8000D617D21900277E4136049B191704160C3D
:104A90007F185E417316ED18F301002680337541CF
:104AA000A90F06D16400690AE8055B0A184309D218
:104AB0002FE00422944480337541A90AA8059B0A7B
:104AC000184326D3404149412404009A019B0D001C
:104AD0005543641B4343E41A95B286B27543170CE1
:104AE0007E43030C5F4392B25A43B61802D30122AD
:104AF0001204BF183204330C52197B4152429C41BC
:104B0000002C02D40022013051414008CA07104352
:104B1000490802B06246D7079210084BD218084BDA
:104B20009A4203D212058918C919F0BD0020002A43
:104B300001DC3900F0BD01331905F5E7FD03000084
:104B4000FE070000002200B5203200F010F8080037
:104B500000BD002200B500F00CF8CA179A4200D13F
:104B600000BDD8430121C907414000BD00220B15FB
:104B70000AD410B5944600F0A7F81414013400DAF2
:104B80000021CB17144C20470020002170476244BD
:104B9000343A0CD40C2A07DA040091409040524277
:104BA0002032D440214310BDD843D94310BD203218
:104BB00007D40C469440524220321141D040204349
:104BC00010BD0800C917203203D4524220321041D0
:104BD00010BD1800190010BD8F4B00104A00520D77
:104BE000144BD21A13DDFF2A1EDAD205CB0FDB07D6
:104BF0001A43C300400F0903490A084310435B00EE
:104C000001D301D0013070474308FBD2704702D076
:104C1000C80FC00770470A0312130132F8D1420FC0
:104C2000072AF5D1012200E0FF22C80F00028018F8
:104C3000C00570478003000000210A00002104E045
:104C400000210A00C11704E00022002306E0C0464C
:104C50000022CB1758405940C01A994130B5184C22
:104C6000A21A002903D1010010D00020203A4C15CF
:104C700012D104D2013A001849414C0DFAD3114C1B
:104C8000A24204D212058918DB07C91830BDD243ED
:104C9000520D00200021F5E703D4013A00184941E4
:104CA000FBD50B324405C00A4D052843C90A6400F0
:104CB00003D0002460416141E1E7E0D34408F8E714
:104CC00032040000FE0700000A0DCC0F531E1B0526
:104CD000C91A520503D3C943404200D30131520DD2
:104CE00003D0531CDB0A07D0121B00206400611C98
:104CF00089078912803A1203014BD21A70470000CB
:104D0000FF03000051434343C9188C46110C83B282
:104D10004B4310B4040C614392B280B250436243DF
:104D20001C041B0C001910BC59411304120CC018B0
:104D300051416144704700004840414048400023D1
:104D40009C46114B5B68184700239C460E4B1B6822
:104D500018470E4A936F9B0804D200239C460A4BC7
:104D6000DB681847F0B5146E556E576F166FFFF776
:104D7000F4FF064A1466556657671667F0BD0023B0
:104D80009C46014B9B68184714240020000000D06B
:104D900007B548404140484001E0C04607B54200E1
:104DA000120E03D0FF2A03D1420218D8C00DC0054D
:104DB0004A00120E03D0FF2A03D14A020FD8C90DB0
:104DC000C9050122414005D4414001D5814207BDBA
:104DD000884207BD0143491801D0C043001807BDF0
:104DE00000B5FFF7DBFF804100BDC04600B5FFF70F
:104DF000D5FF01D9002000BD012000BD00B5FFF79F
:104E0000C7FF01D9002000BD012000BD00B5FFF79C
:104E1000BFFF804100BD01231B064200D21804D809
:104E20004A00D21801D80020704701207047491A63
:104E3000002807D108467047C10FC90700D5404276
:104E4000002817D0F44603B40B4B1B68984706BCE8
:104E500081409E384042803107D20B0607D049007E
:104E6000490AC0051043084360470130F8E7490A82
:104E70008902F5E7704700001024002000239C46BB
:104E8000014B5B6A184700001424002000239C4655
:104E9000014B1B6B1847000014240020054A1047E3
:104EA0000029FBD0044B5B6EFC46184764DFF151D0
:104EB000001000002F4E001014240020034BDB6F65
:104EC000FC4618477CDF35520010000014240020F7
:104ED0004100090E862904DA00239C46044B1B6C12
:104EE0001847044900B500F063F902BC8E46F3E7A9
:104EF00014240020DB0FC94070B513231D782A4805
:104F0000FEF750FF0400012D11D0012D09DDA31E75
:104F10001B789B007F2B40DD80222100234800F07E
:104F2000AFF92348FEF736FF224B186070BD5422BC
:104F300001001E4800F0A4F91F4B1A881F4B9A422B
:104F40001CD1A7239B011A881D4B9A4216D11D4BD9
:104F50001A881D4B9A4211D11C4B1A8894239B012D
:104F60009A420BD11A4B1A881A4B9A4206D11A4B05
:104F70001A681A4B9A4201D1152307E01848FDF729
:104F800049FE99001748094A885001331F2BF8D968
:104F9000144A064B1A62DA61B7E7134B134A4221EF
:104FA0001348FDF79DFDC046534600001424002021
:104FB0004C33000010240020EE290000C40F000034
:104FC000C20D0000962B0000C0B50000182B000099
:104FD000CC2A000010B50000FC2C000051ED8764C5
:104FE000DCAA0010BD510010D4BA00106CBB001038
:104FF00008BB0010F0B5C64600B505000F00161E30
:1050000098461BDDC91101204042FEF717FF002220
:105010000EE00C236C1244431D21C91A0C410134CB
:1050200064109D40210079436D1A9A401219F61AB6
:10503000002E05DD0C2EECDC3300EBE70020E6E76C
:10504000BD4201DBED1B0132BD4201DBED1B013234
:10505000002D09DB002D0ADB4346002B00D01A602F
:10506000280080BCB846F0BDED19013AF2E7ED1911
:10507000013AF1E7F8B5C50FC20DFF242240460200
:10508000760A80231B041E43CF0D3C404902490A87
:105090001943FF2A16D0002C17D0002A03D1002D67
:1050A00016D1002013E0A24211DB121B00233000B6
:1050B000FFF7A0FF002D00D040429621091BFFF70B
:1050C000E5FE04E0FF20C00501E0FF20C005F8BDBB
:1050D00080200006FBE7F0B5CE46474680B583B09A
:1050E0001600C30F9946C30DFF24234045026D0AE5
:1050F0008022120490461543CF0FCA0D1440490276
:10510000490A42460A439046002E01D000213160F0
:10511000FF2B41D0002C42D0002B47D0FF2C40D099
:10512000611E99423DDC23D04A46002A00D06D42E0
:105130001A1B01AB41462800FFF75CFF43004345C3
:1051400003DC07D1019BDB0704D54346C01A019B52
:1051500001330193002F02D0019B5B420193002E8B
:1051600001D0019B33609621091BFFF78FFE18E0E9
:10517000454516DD4B46002B06D143465800281AFC
:10518000012301930C00E5E743465800401B01232F
:105190005B4201930C00DDE7FF20C00501E0FF202A
:1051A000C00503B0C0BCB946B046F0BD0020F8E76A
:1051B00010B50022FFF78FFF10BD000007B5604655
:1051C000002800D100BE01880A0A0230DF2AFAD185
:1051D000C9B2820804D3028840880004104300E06A
:1051E0000068024A5050039007BD000014240020BC
:1051F000002230B5002906D5CD0705434808013AFD
:1052000010E0002230B505000D430FD0CD170C166D
:10521000AC4205D1C901440E2143C0010732F6E773
:105220000500080052423D320149884730BD000068
:10523000EF290000C30FDB0741000A0E07D0FF2A49
:1052400008D00909054A8918194340077047190011
:10525000002070470249C918FAE700000000003832
:105260000000F07F01480421014B1847500D002039
:10527000B53D0010014B1B6818470000500D002081
:10528000014B5B6818470000500D002010B503006B
:10529000080011001B68984710BD0000F8B5070012
:1052A0000D001600437D002B02D0002400200CE0EE
:1052B00003681100280098472DE03B7D10E0022193
:1052C00015483B689847601C0134B44214DA002C3E
:1052D000F3DD2B19013B1B780D3B5A425341DBB2E6
:1052E0002A5D0A2AF0D1002BEED1A042E7DA211A7A
:1052F00028183B689847E2E7B04203DA311A2818C9
:105300003B689847002E06DDAD19013D2B780D3B1B
:105310005A4253413B75F8BDF8BB001070B505000B
:105320000368002B16D00C4B1C6805E0290004C94B
:105330002000FFF7B3FF2469002C09D02368002B5D
:10534000F9D0064B1B68002BF0D0A342F3D1EDE758
:1053500000232B6070BDC046CC1E0020D81E00204C
:1053600070B505000C000B68802B05D021684B1C24
:1053700023606418257170BD0800FFF7CFFFF5E7C3
:1053800010B5FCF755FE02000B1E0BDB0D4800218B
:1053900012184B41002B0BDB002B0DDB0A4805F0EC
:1053A000EFFA10BD094B0A4A3F210A48FDF798FB66
:1053B00001225242084BEFE7044B054A3F210548C2
:1053C000FDF78EFB40420F0050170020CCAE0010BE
:1053D000E0BB0010E8AE0010FFFFFF7F10B50248F1
:1053E00005F07EFA10BDC04650170020F0B5CE463D
:1053F000474680B583B006000D0090461C00FFF7BD
:10540000BFFF81466B1C05D0002C08D0194F1A4BEA
:105410001C6807E0300002F0DFFE0500F4E7174FDC
:10542000F5E72469002C17D02368002BF9D0144B22
:105430001B68002B01D0A342F3D12A0031002000C9
:10544000B8474346002BECD06B46D91D0A230B709E
:1054500001222000B847E4E74B46002B07D16B1E22
:105460009D41E8B203B0C0BCB946B046F0BDFFF7FD
:10547000B5FFF4E78D520010CC1E00209D520010A5
:10548000D81E002010B582B004006B46D81D0470F1
:10549000002300220121FFF7A9FF200002B010BD68
:1054A000094A01E010331A001368002B08D0834228
:1054B000F8D1002907D1036913600023036102E0DA
:1054C000002900D010607047CC1E002010B5064B9C
:1054D0001C6801E098472469002C03D06368002B06
:1054E000F8D1F8E710BDC046CC1E002070B505000D
:1054F00002F072FE04000023012201002800FFF7E1
:1055000075FFFFF7E3FF200070BD000070B5A2B08B
:1055100004000E00FFF734FF050000230193330061
:10552000220001A90848FEF71DFC040001A8FFF7AE
:10553000F5FEFFF7CBFF002D02D1200022B070BD99
:10554000FFF74CFFF9E7C046615300100FB400B5F8
:1055500083B004A901C90191FFF7D8FF03B008BCCB
:1055600004B0184710B500F037F910BD70470000BF
:10557000014B00221A707047472500204B79FF2B02
:105580000CD18B79002B0BD1CB79012B0AD1082AB6
:105590000AD98A78054B1A70092000E0002070476C
:1055A0000020FCE70020FAE70020F8E7472500206C
:1055B0000120704770B504000D000348FEF7EAFBB8
:1055C00003002900200098475542000010B501292A
:1055D00026D1117953791B020B43124909788B426A
:1055E00001D000201DE05378012B03D0022B10D0F6
:1055F000002016E09178D3781B021943DB0506D50D
:105600004B0A012098407F231940FFF7D3FF002069
:10561000F9E7642200210020FDF708FA012000E0EC
:10562000012010BD4725002001230370004870476A
:10563000FCBB001010B50B784878000218438A783C
:1056400012041043CB781B0603439622D2009342E8
:1056500000D010BD00210800FFF7ACFF024B18601E
:10566000024B19607047C046301E0020341E0020D7
:1056700010B5024B1878FBF7C7FB10BD482500207A
:1056800070B5134B1B68002B1DD0114B1968EFF33D
:10569000108372B60A68002AFCD0BFF35F8F0C49F2
:1056A0004B6000220B4802700968BFF35F8F0A60ED
:1056B00083F3108800240025074B1878FBF7A4FB20
:1056C0002000290070BDFA24A4000025F4E7C0469C
:1056D000E8220020492500204825002010B584B08C
:1056E00000212D4805F024F900283AD12B4B1B68E6
:1056F000002B3ED0294B1968EFF3108272B60B686D
:10570000002BFCD0BFF35F8F24494A602448037804
:1057100001246340DBB2012404700968BFF35F8F8A
:105720000020086082F31088002B22D0FCF7DAF901
:105730000400FCF77DFC02000B1E1CDBFA2080003D
:10574000002112184B41002B1BDB002B1DDB01211C
:10575000029100210191134900912000FCF7D8F932
:1057600007E001200021404201F0F0F80A4805F06E
:10577000B7F804B010BD0C4B0C4A3F210C48FDF7A4
:10578000AFF9012252420B4BDFE7074B074A3F219B
:105790000748FDF7A5F9C04618250020E82200209B
:1057A0004925002081560010CCAE0010A8BC001086
:1057B000E8AE0010FFFFFF7F10B5054B186800280A
:1057C00004D0044B1968002200F0E6FD10BDC0466D
:1057D000301E0020341E002010B584B0D0231B06DC
:1057E0001C68FCF77FF9FCF7C3FAA0422AD1324BC0
:1057F0001B7801F093FD3148FBF7E4FD0120FBF736
:10580000C5FDC0B22E4C20702E49FBF71FFB20783F
:105810000121FBF7F1FA0520FBF706FB041E17D068
:10582000002229490520FBF73BFBFBF753FA010057
:105830002648FBF7E3FD01212548FFF731FE200054
:1058400004B010BD234B244AB2212448FDF748F987
:10585000FCF748F90400FCF7EBFB02000B1E1BDB16
:10586000FA208000002112184B41002B1ADB002B7C
:105870001CDB0121029100210191194900912000B6
:10588000FCF746F9C443E40F082200210F48FFF754
:10589000F1FC002CD3D0CEE7124B134A3F21134822
:1058A000FDF71EF901225242114BE0E70D4B0E4A63
:1058B0003F210E48FDF714F914C8001018250020E8
:1058C00048250020DD56001071560010E822002007
:1058D000600D002064AD001098BC001014BC0010D6
:1058E00081560010CCAE0010A8BC0010E8AE00102D
:1058F000FFFFFF7F10B5002001F030FA10BD00005F
:1059000070B505000C00FFF7F5FF002845D000201A
:1059100001F046FA002843D0FCF78AFB02000B1E78
:1059200021DB2248002112184B41002B21DB002BE8
:1059300023DB1F4805F024F8002834D0FFF7DAFFF6
:10594000002804D0002001F02BFA00281BD10120F0
:105950000021404200F0FAFF03246442144804F09E
:10596000BFFF200070BD134B134A3F211348FDF7C2
:10597000B7F801225242124BD9E70E4B0E4A3F2193
:105980000E48FDF7ADF822002900002001F014FABE
:10599000041EE3D103246442E0E703246442E0E709
:1059A00003246442DDE703246442DAE740420F0047
:1059B00018250020CCAE0010A8BC0010E8AE0010E6
:1059C000FFFFFF7FF0B5C64600B580460C00FCF730
:1059D0002FFB02000B1E0FDB3748002112184B4132
:1059E000002B0FDB002B11DB344804F0C9FF00282B
:1059F00012D180BCB846F0BD314B324A3F2132480B
:105A0000FDF76EF801225242304BEBE72C4B2D4A4A
:105A10003F212D48FDF764F8FFF76CFF002849D1BE
:105A20002B4B0020002118605960244804F058FFD7
:105A3000DFE701200021404200F088FF002001F054
:105A4000CFF9FFF757FF0028EFD0002001F040FA10
:105A5000002820D0A542E8DA661B002001F038FAC1
:105A60000200864200DC3200002AE2D04346591987
:105A7000002001F011FA060001200021404200F050
:105A800065FF002001F0ACF9AD19FCF7D1FA104B1D
:105A900018605960DEE7FCF7CBFA0D4B1E685F68B3
:105AA0000C4A002392197B419942BED8D2D1904230
:105AB000D0D9BAE70025CDE740420F0018250020D5
:105AC000CCAE0010A8BC0010E8AE0010FFFFFF7FB6
:105AD0007818002020A107000048704740BD001042
:105AE00000487047ECBC001010B50400154B1B7843
:105AF000002B0ED0002C11D1134B144A5A800123D5
:105B000001335B001BB2C022920013430E48038096
:105B100010BD11210B4800F025F8EBE7052C0ED83D
:105B2000A4000B4BE4580023122BE9D8E25C002AB6
:105B3000E6D00133590004484252DBB2F4E70020BA
:105B4000E6E7C04630250020A41E0020090400001E
:105B500054BD001010B5024800F034F810BDC04626
:105B60000823002010B5002901D000230AE0114BC2
:105B7000114A1F311148FCF7B3FF00240DE0373202
:105B8000C25401334A1E9A420FD90F2B0DD85A081E
:105B90000B4CA25CDC07F0D40424224114000F2239
:105BA0002240092AEBDC3032EAE7C01800230370F8
:105BB00010BDC0466CBD0010D8BD001074BD0010F3
:105BC0000823002070B588B0040004AD00260496B8
:105BD0000922002105A8FFF74DFB009609220021AC
:105BE00001A8FFF747FB4B232B700D2269462800C5
:105BF00004F06EFE002304E05A1D69468A5CE254FC
:105C00000133072BF8DD08B070BD000002007F20D3
:105C10001040D209400080184001014BC018704765
:105C2000E01E002010B5038B3F333F22934302292F
:105C300015D0124C2268C260D31823609C0610D184
:105C40000F4C6240634080246401A3420FD8890650
:105C5000114380231B0619434368196010BD5B0084
:105C6000E7E7084B084A54210848FCF739FF084B7E
:105C7000054A56210548FCF733FFC046E4220020C0
:105C80000000105080BF0010B4C00010B0BF001062
:105C900020C00010F8B505000E001400FFF7B6FF95
:105CA0007F232B40EF0985707A427A4142700022AF
:105CB000C2700683C476012F0DD0DA0012498C46DB
:105CC00062448260826800211160002B09D1436028
:105CD0000E4BC360F8BDDA000D498C466244826009
:105CE000F0E7012F09D0013BDB000A4A94466344E8
:105CF00043602100FFF796FFECE7013BDB00064A1B
:105D0000944663444360F4E784001050000110504F
:105D1000800010500C0010500800105070B50C009E
:105D20001500FFF773FF2A00210000F00DF970BD88
:105D300010B5002804D101210520FBF75DF810BD46
:105D4000D521034B034A49000348FCF7C9FEC0466E
:105D500068C00010A4C00010B0BF001010B500282B
:105D600005D1002200218020FFF7D8FF10BDDB21E4
:105D7000024B034A49000348FCF7B2FE68C000101A
:105D800094C00010B0BF0010024B80225202DA64AF
:105D90007047C0460020115070B5041E26D100F097
:105DA000ADF8164D0C23AB67FF2215490520FBF714
:105DB00077F8402200211348FFF75CFA00224021C7
:105DC0000020FFF767FF002240218020FFF762FFDD
:105DD00004F096FD01232B6480239B05EB64902344
:105DE000094AEA502000FFF7CFFF70BD8621074B1C
:105DF000074AFF310748FCF773FEC0460000115008
:105E0000A1040020E01E002010D0010068C0001096
:105E1000C8C00010B0BF00100B785B0602D14B78F1
:105E2000052B00D070478A78014B1A60FAE7C0460C
:105E30000000115010B50C0000280DD109796379CC
:105E40001B020B435B05590DE2789207920FA07875
:105E5000FFF720FF012010BDFC21034B034AFF3157
:105E60000348FCF73DFEC04668C0001084C0001027
:105E7000B0BF001010B504F043FD10BD10B5040014
:105E8000080011001A00002C03D1FFF747FF012082
:105E900010BD034B034A04490448FCF721FEC046E9
:105EA00068C0001074C000100A020000B0BF0010EB
:105EB00010B508004B0605D1CB09012B0AD00222F0
:105EC000054B9A66FFF7A2FE80221201002104F022
:105ED0006FFD10BD0122F3E70020115010B508003E
:105EE0004B0600D110BDFFF791FE0023C3700022C6
:105EF000014904F05DFDF5E7FFF7FFFF10B58023D2
:105F00005B040C4A13600C4A13600C4B9A688023A4
:105F10005B049343F9D10A4C9C2200212000FFF737
:105F2000A9F98022520100210648FFF7A3F90923AD
:105F3000636710BD00E0004000F0004000C000407A
:105F4000000011500000105070B504000D00160044
:105F5000837E002B17D1A6820023E3820133A37630
:105F60002561200004F0FCFC002804D0094A90239D
:105F700080218902D150200004F0CAFC002805D0FD
:105F80000123237770BD04F00BFDE4E7200004F04B
:105F9000FFFCF7E70020115070B5050000240CE06D
:105FA00063001B19DA00184B1B689B18002B2AD0C2
:105FB0005B68280098470134E4B2144B1B78A34275
:105FC00010D3134A002A0BD0A342E9D8E31ADBB25C
:105FD000002B18D15A00D218D2000E4B9B18E5E7BF
:105FE0002300F5E70C4C532200212000FFF742F973
:105FF000E01C1022FF21FFF73DF920001330202282
:10600000FF21FFF737F970BDD4180020412500208B
:106010002956001074C20010FC1B002010B5FFF7B9
:10602000BBFF00F0F1FD10BD70B505000C001600BF
:10603000C86800F0F3FDE3683200012128009847AA
:1060400070BD0000F0B5DE4657464E46C0B582B082
:1060500000900139C8B2FFF743FD002800D18CE061
:1060600043789A46022B00D089E0C5796A11013B3A
:106070004B491A4014010A781027BA4322430A7088
:10608000AD112B405B01D2B22024A24313430B700D
:10609000060009368278C478240214430419A64203
:1060A00064D273780B2B09D001239B467378042BA1
:1060B0006CD1A31B9BB29946002525E0F3789B4643
:1060C0003378F618F2E76F007F19FB00354A17683E
:1060D000FF182BE02B0022E0BA68334B9A4234D1F0
:1060E000D34632E02E482B00019F3A003100133096
:1060F00001F0A2F9BC4666442C4B1B78AB42CED2D1
:1061000000203DE00135EDB2284B1B78AB42F3D3C4
:10611000274A002ADED0AB42D5D8EB1ADBB2002BDF
:1061200036D15F00FB18DB00224FFF18002F31D063
:106130004A4631000098BB68984701900828E1D989
:106140008145DFD35B46012BC6D000229345C9D9D8
:10615000B3789B18DBB21249C918C978FF291BD143
:106160000F49CB18DD700132D2B2EFE7124B002B92
:1061700014D000E000BF012002E0002000E0002079
:1061800002B0E0BCBB46B246A946F0BD0020F7E72E
:106190000020F5E70020F3E70020F1E70120EFE71A
:1061A000FC1B0020D4180020ED6F001041250020BA
:1061B0002956001074C200100000000070B50500E0
:1061C0000C00CB7888780F2B50D89A002E498A582B
:1061D0009746FFF781FC020012232100280000F0FF
:1061E000D9FC44E0294B002B42D000E000BF021E46
:1061F00040D08178C3781B020B432100280000F0B7
:10620000C9FC34E0022B09D0214B002B34D000E034
:1062100000BF0200002A05D1002028E0FFF760FC43
:106220000200F7E79178D3781B020B432100280086
:1062300000F0B0FC1BE02379617909021943FFF7F4
:1062400053FC021E1AD003782100280000F0A2FCA3
:106250000DE0104B002B13D000E000BF021E11D048
:1062600003782100280000F095FC00E0002070BDBC
:106270000020FCE70020FAE70020F8E70020F6E71E
:106280000020F4E70020F2E7E8C100100000000061
:106290000000000000000000024B5878431E9841A7
:1062A000C0B27047FC1B0020024B18784007C00F9B
:1062B0007047C046FC1B0020034B1878FF38431E74
:1062C0009841C0B27047C0469C0D002070B50400D4
:1062D000FFF7F2FF061E01D0300070BD53220021EF
:1062E0002348FEF7C7FF234D2800FBF76BF8224B2E
:1062F0001D60224D28001430FBF78AF8280001F0B9
:10630000F0FB1F4B1D601F4B002B04D01E48FFF7F6
:106310008BF91E4B186000250BE06B005B19DA004F
:106320001A4B1B689B18002BD6D01B689847013569
:10633000EDB2154B1B78AB4210D3124A002A0BD09A
:10634000AB42EAD8EB1ADBB2002BC5D15A00D21807
:10635000D2000F4B9B18E6E72B00F5E70D4B1C70A6
:106360002000FFF719FD2000FFF7E2FC0126B3E74C
:10637000FC1B0020B41B0020501C0020800D0020BE
:10638000541C00202956001041250020D41800205C
:1063900074C200109C0D0020F0B585B007000E00FF
:1063A000150001AC0C2200212000FEF763FF08233A
:1063B0006370029703962900200004F0C9FA05B023
:1063C000F0BD000070B50C00094B1D788B78702271
:1063D0001A4201D0002070BD064B9978200000F0D1
:1063E000EFFF0028F7D021002800FFF723FDF2E798
:1063F0009C0D0020FC1B0020F8B5CE46474680B51A
:1064000081460C0017001E00089B9846002504E0FA
:10641000099A13702378E4180135AF4214DD6378CC
:10642000052B16D1E1788907890FB14213D12100DC
:106430004846FFF7C7FF002807D0A378DA09012AEA
:10644000E6D042461370E5E70120C0BCB946B0462D
:10645000F8BD0020F9E70020F7E7000010B57F2025
:106460000840C9094000401830300449081803307A
:10647000034B196800F05EFF10BDC046FC1B0020F6
:10648000501C002010B57F200840C909400040186A
:106490003030044908180330034B196800F072FFCC
:1064A00010BDC046FC1B0020501C0020F8B5CE4695
:1064B000474680B5194800787F250D40CE096F000A
:1064C000174CE419A4193034E478E40704D500200B
:1064D000C0BCB946B046F8BD114CE419A419302728
:1064E000B946A1444C46E4780127BC4667463C4384
:1064F00027004C46E770FFF7C1FC0028E8D16D008B
:10650000074B5D19AE193036F37801229343F370CF
:10651000F37803329343F370DAE7C0469C0D002012
:10652000FC1B002070B50F4B18787F240C40CD0960
:1065300062000D4B9B185B193033DB789B0700D54D
:1065400070BDFFF7B5FC6300074CE41864193034E4
:10655000E37802221343E370E37801221343E370EC
:10656000EEE7C0469C0D0020FC1B002070B50F4BD1
:1065700018787F240C40CD0962000D4B9B185B19E5
:106580003033DB789B0700D470BDFFF7A7FC6300B6
:10659000074CE41864193034E37802229343E37023
:1065A000E378013A9343E370EEE7C0469C0D002088
:1065B000FC1B00207F220A40CB09520003498918A6
:1065C000C9183031C8788007C00F7047FC1B002005
:1065D000F0B5C64600B582B005000C00002000F002
:1065E0001DFB237860221340602B00D185E1402BF6
:1065F0000FD02278D206D20E012A00D1C9E0022A99
:1066000000D10FE1002A11D0002002B080BCB846B2
:10661000F0BDC74B002B00D171E1180000F0FEFA6D
:1066200022000121280000E000BFEEE7202B0AD065
:10663000002B00D06BE16378092B00D969E19B0046
:10664000BC4AD3589F4623790F2B00D959E1BA4A47
:10665000D318DB78B94A002A05D0B94A1278934298
:1066600011D39B1ADBB2002B00D04CE15900CB18A0
:10667000DB00B449C918002900D146E122002800F6
:10668000FFF7D2FCC1E75900CB18DB00AE4A116816
:10669000C918F0E7200000F0C7FAA1782800FFF73A
:1066A0005DFBA54A137802210B4313700120ACE770
:1066B000A14B5B786A460632137001232100280043
:1066C00000F068FA0120A0E7A6789B4B5B78DBB26C
:1066D000B34205D0984B5B78002B09D1002E13D123
:1066E000954B5E702100280000F038FA01208CE7FD
:1066F0002800FFF7BFFB904FBB7898462800FFF7B4
:106700004BFC4346BB70E9E731002800FFF79AFCD9
:106710000028E5D179E721002800FFF74FFD74E755
:10672000A278E3781B021343012B01D000206CE711
:10673000814A137808210B4313702100280000F0D0
:106740000DFA012061E7A278E3781B021343012BC5
:1067500001D0002059E7784A137808218B43137041
:106760002100280000F0FAF901204EE7724B1A7858
:106770005109920801230B4002210A4013436A4643
:106780000632138002232100280000F003FA0120C2
:106790003BE723790F2B00D9BDE0674AD318D9789E
:1067A000664B002B05D0664B1B78994228D3C91A3B
:1067B000C9B2002900D0B0E04B005B18DB00614992
:1067C000C918002900D1AAE022002800FFF72CFCFC
:1067D000002800D019E7237860221A4200D014E77D
:1067E00063780A3B012B00D90FE700F017FA6378B2
:1067F0000A2B0CD02100280000F0B0F9012004E79A
:106800004B005B18DB00504A1168C918D9E76B468A
:106810009A1D0023137001332100280000F0BAF9FB
:106820000120F2E621797F220A40CE097020084239
:1068300077D15200404882189219D27C3F480028F4
:1068400005D03F480078824212D3121AD2B2002AF1
:1068500015D15600B218D2003A4EB618002B10D0FF
:10686000002E60D0220031002800FFF7DDFBCCE6CF
:106870005600B218D20034480668B618EEE7002673
:10688000ECE76378012B12D0032B10D0002B01D042
:106890000020BAE62800FFF78DFE6B469A1D108097
:1068A00002232100280000F075F90120ADE6A77849
:1068B000E27812023A4304D1012B1AD02800FFF7E4
:1068C00031FE002E31D0220031002800FFF7ACFB52
:1068D000002000F0A3F9184A3423D35CDB07D80F5B
:1068E000002B00D091E62100280000F037F90120AC
:1068F0008BE62800FFF73AFEE3E7002085E600205C
:1069000083E6002081E600207FE600207DE600206F
:106910007BE6002079E6002077E6002075E600207F
:1069200073E6002071E600206FE601206DE6C046A8
:106930000000000028C20010FC1B00202956001097
:106940004125002074C20010D418002030B585B055
:1069500000F0E9FC002808D105B030BD01AC20787A
:10696000FFF75CFB22795D4B9A705D4B1C68210040
:1069700014316269EFF3108072B61368002BFCD0FB
:10698000BFF35F8F486001A9200001F04DF86269F4
:10699000A369BFF35F8F0021116083F31088002883
:1069A000DAD001AB5B78082BDFD89B004D4AD35877
:1069B0009F4601AB1878FFF731FB4B4B002BD4D02F
:1069C00000E000BFD1E7454B1A78012401210A43BA
:1069D0001A703322995CA1439954995C0420814335
:1069E00099540132995CA1439954995C814399541B
:1069F00001AB187802A9FFF7EBFD0028B5D101AC77
:106A000020780021FFF754FA20788021FFF750FA10
:106A1000ABE701AB19797F220A40CC0950002F4B1C
:106A20001B181B193033D8780125A843D870D878A3
:106A30000335A843D870002A1FD05200274B9A185C
:106A40001219D37C294A002A05D0294A1278934288
:106A50001AD39B1ADBB2002B00D07DE75A00D21864
:106A6000D200244B9B18002B00D175E71C6901A8AC
:106A70004279039B0078A04777E701A84279039BFE
:106A8000007800F0DFF870E75A00D218D2001A4BF5
:106A90001B689B18E7E7114B1B78DB0700D464E702
:106AA000164B002B00D160E70C4B18780007C00F85
:106AB00000E000BF59E7094B1B78DB0700D454E71F
:106AC0000F4B002B00D150E700E000BF4DE7029BC9
:106AD000002B00D149E70398984746E7FC1B0020AC
:106AE000541C002050C20010000000002956001065
:106AF0004125002074C20010D418002000000000BE
:106B000000000000F8B50500124B9F89DE89B91B13
:106B100089B20B1C402900D940239CB20D4B1B7835
:106B20005BB2002B08DB0021B74211D00A4A2300D8
:106B30002800FFF7BBFCF8BDB74201D18021F3E785
:106B4000044B996822000448FEF79AFB8021EBE78A
:106B50000022ECE7A01B0020BC1B002070B5060043
:106B60000C000B4D08222800FEF78AFB0023AB60C7
:106B7000EB81AB810023E356002B06DB8021002351
:106B800000223000FFF792FC70BD0021F7E7C046FD
:106B9000A01B0020F0B5C64600B580460C001600CC
:106BA0001D00184F08223800FEF76AFBBE60002364
:106BB000FB81A379E179090219430B1CA94200D991
:106BC0002B1C99B20F4A9381A279E3791B021343DC
:106BD00009D0002901D0002E12D04046FFF792FFC5
:106BE00080BCB846F0BD0023E356002B06DB8021B5
:106BF000002300224046FFF759FCF1E70021F7E7A8
:106C00000020EDE7A01B002010B51422002102484F
:106C1000FEF730FB10BDC046A01B0020014B1861E1
:106C20007047C046A01B002010B50100044C08228C
:106C30002000FEF725FB0023A360E381A38110BDA4
:106C4000A01B002070B505001C00C9092D4B1B7846
:106C5000DB098B4211D0002C50D12B4B002B02D0E2
:106C60002849FFF7D9F8274B1B69002B03D0254A89
:106C7000032128009847012070BD224B1B785BB28E
:106C8000002B07DB1F4B9868002839D022001F49D2
:106C9000FEF7F6FAA2B21B49CB89D3189BB2CB817F
:106CA0008A6812198A60CA88934201D03F2C21D881
:106CB000144B1B69002B05D0124A0221280098476B
:106CC00000280DD00F4B1B785BB2002B06DB802118
:106CD000002300222800FFF7E9FBCDE70021F7E7BA
:106CE00000212800FFF7E4F880212800FFF7E0F8F2
:106CF0000120C1E72800FFF705FFBDE70020BBE743
:106D00000020B9E7A01B0020195E0010BC1B00206A
:106D100070B5040005001035280000F06FFE3F2814
:106D200001D8002070BDE1780020FFF797FB002814
:106D3000F8D0280000F062FE3F2808D992239B007B
:106D4000E218E17840230020FFF7B0FBEAE7E178A2
:106D50000020FFF797FB0020E4E7000010B50400D7
:106D6000FFF79AFA00280CD10022002A11D0B22392
:106D70009B0063430948C0180379DB070BD501204A
:106D800008E0FFF791FA002801D10122EDE7002287
:106D9000EBE7002010BD0020FCE7C046D81800201B
:106DA00010B5B2239B0058431030024BC01800F0BE
:106DB000F4FD10BDD818002070B5B2239B005843D5
:106DC000064BC51892B21030C01800F04EFE0400F9
:106DD0002800FFF79DFF200070BDC046D818002096
:106DE00070B50500FFF758FA002804D10023002BE6
:106DF00009D1002070BDFFF757FA002801D1012307
:106E0000F5E70023F3E7B224A4006C432034214BC0
:106E1000E4180434200000F0C0FD002801D1002057
:106E2000E8E7B22292006A431A4B9B189978002037
:106E3000FFF714FB002801D10020DBE7B226B600E3
:106E40006E43A2239B009C466644124BF6184022D8
:106E50003100200000F009FE041E0ED0B220800098
:106E600068430C4D2D18A978230032000020FFF74D
:106E70001DFB00280CD02000BCE7B2208000684336
:106E8000044D2D18A9780020FFF7FCFA0020B1E787
:106E90000020AFE7D818002070B50500B224A40088
:106EA00044432034094BE418043492B2200000F02B
:106EB00013FE0600200000F070FD3F2801D83000CE
:106EC00070BD2800FFF78CFFF9E7C046D8180020F6
:106ED00010B5B2239B0058432030034BC018043038
:106EE00000F08CFD10BDC046D8180020F0B5CE468D
:106EF000474680B583B0B222920000212848FEF7B1
:106F0000B9F90026002E04D003B0C0BCB946B04683
:106F1000F0BD234FB224A40074433D19FF236B71CD
:106F2000002398461F4AEA8001222A81AB72EB7245
:106F300008232B7321003831C919F83399462000F2
:106F40001030C0194346009301334A4600F0E7FC75
:106F500021003931FF31C91920002030C019043017
:106F6000012300934A4600F0DAFC8E239B00E318CD
:106F70009946B9444846FAF725FA4346EB614B4631
:106F80002B6290239B009C466444E4192000FAF78E
:106F900019FA2C6343466B630136F6B2B2E7C0467A
:106FA000D818002000C2FFFF70B50025002D00D0CA
:106FB00070BDB224A4006C430B4EA0190522002121
:106FC000FEF758F920001030801900F08AFD2034B7
:106FD000A4190434200000F084FD0121200000F0F9
:106FE0009FFD0135EDB2E1E7D8180020F0B583B080
:106FF00006004B79022B50D18B79022B51D1002303
:10700000002B08D00027002F4DD08B783B700C78D8
:107010000C19092511E0B224A4005C43254800198D
:107020008078002802D00133DBB2E9E7214FE7196D
:10703000E9E721784D19ADB264186378242B01D1AA
:107040009542F6D9052B09D06378042B02D16379D8
:107050000A2B10D03800FFF75BFE1FE02100300044
:10706000FFF7B0F9002820D0A3787B70227855195B
:10707000ADB2A418E8E721784D19ADB26118BB1C78
:107080000193FB1C0093022302223000FFF7B4F9A6
:1070900000280CD00E35ADB2DCE70025280003B087
:1070A000F0BD0025FAE70025F8E70025F6E7002502
:1070B000F4E7C046D8180020F8B514001278602311
:1070C0001340202B00D07FE0444A0025002D00D043
:1070D0007CE01678277963791B023B439E4206D0F9
:1070E0000135EDB2B2239B009C466244EEE7637823
:1070F000222B31D009D8202B11D0212B03D10129EB
:1071000023D0012061E000205FE0232B05D101297D
:1071100049D003294CD0012057E0002055E0012937
:1071200003D0032908D001204FE0063207232100B5
:10713000FFF730FD012048E0294B002B48D0911D7E
:107140002800FEF777FA01203FE0063207232100EE
:10715000FFF720FD012038E0012903D0032906D0E4
:10716000012032E02100FFF7F9FC01202DE0A17899
:10717000E3781B020B430120190001400E005C085C
:10718000044013714B425941C9B22432100000F03F
:10719000C7FC144B002B1DD022003100280000E05A
:1071A00000BF012011E02100FFF7D8FC01200CE016
:1071B0000D4B002B10D0A378E17809021943280069
:1071C00000E000BF012000E00020F8BD0020FCE747
:1071D0000120FAE70120F8E70120F6E7D81800209F
:1071E000355600100000000000000000F0B5D64643
:1071F00000B582B001900F0000930024002C0ED047
:10720000002C00D07CE0EB78BB4216D0AB78BB42C0
:107210004DD00124200002B080BCBA46F0BDB2259A
:10722000AD006543394BED18EB78BB42E8D0AB7845
:10723000BB42E5D00134E4B2E0E710239A46AA4409
:1072400092239B00E9186B461A88504600F044FCD4
:107250002F4B002B1BD06B79FF2B18D0002600E0A2
:107260000136009B9E4212D26A79AB1992218900A5
:107270008C4663441B789A42F2D1504600F0A2FB40
:107280000028EDD16979200000E000BFE8E7214B3C
:10729000002B04D0504600F095FB002803D02800B6
:1072A000FFF736FDB2E72000FEF786FAF7E71A4B44
:1072B000002B02D0200000E000BF2000FFF790FD6F
:1072C000002801D00124A5E72800243000F065FB48
:1072D000002817D1009B002B16D09B0601D001245B
:1072E00098E7A9780198FFF7B9F8041E01D10124A5
:1072F00090E7A978002300220198FFF7D7F889E7E3
:10730000002487E7012485E7012483E7D8180020BB
:1073100000000000B95700100000000010B5002068
:10732000FEF7D4FF10BD10B5FEF7C6FF002800D051
:10733000012010BD70B504000D000378DB07DE0FDF
:10734000002B1CD103785B071AD401214942280085
:1073500003F0F6FA2378DB0704D423785B070CD517
:10736000002600E00026002E03D0237804221343D9
:107370002370280003F0B4FA02E00126F3E70026A8
:10738000300070BD70B504000E000121494230008C
:1073900003F0D6FA23785B070BD40025002D03D029
:1073A0002378042293432370300003F099FA2800D5
:1073B00070BD2378DB0701D50025EFE70125EDE758
:1073C00010B5047943791B0223435B055B0DC2783A
:1073D0009207920F022A0FD0032A19D0012A01D056
:1073E000002010BD022904D0124A9A421AD301206B
:1073F000F7E78022D200F8E7022903D0402B15D806
:107400000120EEE78022920093420DD10120E8E7AF
:10741000022904D040229A420AD30120E1E78022C7
:10742000D200F8E70020DCE70020DAE70020D8E708
:107430000020D6E7FF03000030B58A1801E00C7881
:10744000091991420AD24C78052CF8D18D787A34FA
:107450002C4064000419ED096355F0E730BD0300CA
:107460008A1890B2814202D85A00904203DB5B0036
:107470009BB2C01A80B2704770B505000800AC8896
:107480009A420BD3D11A89B200291ED08C4210D255
:10749000944209D8131B9BB26B810AE0D11A89B2BE
:1074A0006600891989B2EFE7A21893B2F4E71B1BB3
:1074B0009BB29C42FBD92968EA885204520C534380
:1074C000C918FDF7DDFE012070BD0020FCE7F0B516
:1074D00083B0060093080CE00B784D782D021D4315
:1074E0008C7824042543CB781B062B43336004316E
:1074F0003B005F1EBFB2002BEED1033310001840DB
:107500001A4201D103B0F0BD00230193020001A88B
:10751000FDF7B6FE019B3360F4E7F0B5DE46574653
:107520004E464546E0B583B005008A460CA9097869
:107530008488E01A80B21C1B1419A4B2EF887F045F
:107540007E0C07007743BFB27443A4B2A3467343D3
:107550002C68A0469844002908D001291AD003B00D
:10756000F0BCBB46B246A946A046F0BD904205D34A
:10757000724341465046FDF783FEF0E73A0041462C
:107580005046FDF77DFE2968380050445A46FDF705
:1075900077FEE4E7904206D3724392B241465046EA
:1075A000FFF795FFDBE703233A009A4391464146F4
:1075B0005046FFF78CFF43464B4403213A000A40F4
:1075C0000F4230D00421891A89B2081C594500D9CC
:1075D0005846C7B2FF2101405846441AA1B28B4613
:1075E0000021019101A804E01A78027001300A001C
:1075F0000133511EC9B2002AF6D1296804E00A7885
:10760000027001301F0001317B1EDBB2002FF6D16A
:107610005346019A1A605B46002BA0D05A4650464A
:10762000FFF755FF9BE72968F5E7F0B5C64600B5BB
:1076300082B01E0008AB1B8809AC277884889E4264
:107640000FD3F51AADB2002D1FD0AC4205D2B44213
:1076500010D8331B9BB24381250095420FD31500F0
:107660000DE0F51AADB2A8466500AC464546654446
:10767000ADB2E8E7A619B3B2EDE71B1B9BB29C4283
:10768000FBD900972A00FFF748FF280002B080BC12
:10769000B846F0BDF0B583B004000D0016001F0021
:1076A0000069002803D00121494203F049F92389E8
:1076B0009BB2628901970092320029002000FFF7F7
:1076C000B4FF0500618989B2A0882A00FFF7C7FED0
:1076D00060812069002801D003F002F9280003B07E
:1076E000F0BD70B582B01600950809E00B68037014
:1076F0001D0A45701D0C85701B0EC37004302500DB
:107700006C1EA4B2002DF1D1032332001A401E4298
:1077100001D102B070BD0B68019301A9FDF7B0FD66
:10772000F7E7F0B5DE4657464E464546E0B583B02E
:1077300005008A460CA90878AC88E11A89B21C1B9E
:107740001419A4B2EF887F047E0C0F007743BFB2F8
:107750007443A4B2A34673432C68A04698440028FF
:1077600008D001281AD003B0F0BCBB46B246A946E7
:10777000A046F0BD914205D3724351464046FDF705
:107780007FFDF0E73A0051464046FDF779FD286855
:10779000390051445A46FDF773FDE4E7914206D3A0
:1077A000724392B251464046FFF79BFFDBE703234B
:1077B0003A009A43914651464046FFF792FF4346AE
:1077C0004B4403213A000A400F422ED00421891A6B
:1077D00089B2081C594500D95846C7B2FF2101405B
:1077E0005846441AA1B28B4651460968019101A935
:1077F00004E00A781A70013102000133501EC0B251
:10780000002AF6D1286804E00A78027001311F00CE
:1078100001307B1EDBB2002FF6D15B46002BA2D0DD
:107820005A465146FFF75DFF9DE72868F5E7F0B53A
:1078300085B006000391151E029300D16DE0C0686B
:10784000002803D00121494203F07AF83489A4B218
:10785000718989B2F379DB091AD1B3888C420FD3CD
:10786000611A89B28B4211D95B1A9BB22F1C9D42BF
:1078700000D91F1CBFB2002F47D0B288230035E0CB
:10788000611A89B25A00891889B2EBE70023EDE743
:10789000B788AF420ED8029B002B21D1ED1BF38895
:1078A0005B045A0C6A43039B9C46944463460393CF
:1078B0000C00E0E78C420DD3631A9BB25B197A008F
:1078C00093420FDB7A1B92B23800FFF7C8FD040029
:1078D0002F00D0E7631A9BB27A009B189BB2EDE7AA
:1078E0000C00C8E72F00C6E79B1A9BB29A42FBD94F
:1078F000029A00923A0003993000FFF712FFB08815
:107900003A002100FFF7ABFD3081F068002801D07C
:1079100002F0E6FF380005B0F0BD1700FAE7F0B559
:1079200083B00400019116001D0008AB1F7880236E
:107930001B029A422DD8C068002803D00121494279
:1079400002F0FEFF2069002803D00121494202F025
:10795000F7FF019B2360A6806D046B0CE288D20BBD
:10796000D5031D43E580FB01E2797F2717401F43C4
:10797000E771002363812381E068002801D002F0D1
:10798000AFFF2069002806D002F0AAFF012003B053
:10799000F0BD0020FBE70120F9E7818803899BB255
:1079A000428992B2934207D39B1A9BB2081C994218
:1079B00000D9181C80B270479B1A9BB24A009B18D2
:1079C0009BB2F3E7030000895B89C01A4342584128
:1079D000C0B27047818803899BB2428992B29342B8
:1079E00006D39B1A9BB200208B424041C0B2704725
:1079F0009B1A9BB24A009B189BB2F4E782880389CA
:107A00009BB2408980B2834206D31B1A9BB29A4232
:107A100008D9D31A98B270471B1A9BB250001B1892
:107A20009BB2F4E70020F6E770B504000D00006992
:107A3000002803D00121494202F082FF228992B23C
:107A400063899BB229002000FFF716FD05006189BC
:107A500089B282B2A088FFF702FD60812069002808
:107A600001D002F03DFF280070BD10B50023FFF7E4
:107A700011FE10BDF8B504000E00C068002803D048
:107A80000121494202F05CFF2589ADB22000FFF7D9
:107A9000A1FF002802D0E779FF0916D0A2882B00A9
:107AA00001E09B1A9BB29A42FBD9E2885204520C25
:107AB00053432168C8183100FDF7E2FBA08801227A
:107AC0002900FFF7CCFC20810127E068002801D0C5
:107AD00002F006FF3800F8BD10B50023FFF7A7FE3F
:107AE00010BD10B50400C068002803D00121494230
:107AF00002F026FF2069002803D00121494202F04C
:107B00001FFF002363812381E068002801D002F079
:107B1000E7FE2069002801D002F0E2FE012010BD3E
:107B200070B504000D00C068002803D0012149424F
:107B300002F006FF2069002803D00121494202F02B
:107B4000FFFEED01E3797F2119402943E171E068EF
:107B5000002801D002F0C4FE2069002801D002F004
:107B6000BFFE012070BD000070B50B0C0024150C89
:107B7000002B28D1002D37D18BB291B2594300F0A0
:107B800047F8051E19D00300083B5A6803239A439F
:107B9000043A242A13D80300132A0AD90460446043
:107BA00008331B2A05D98460C460242A25D0030029
:107BB000103300221A605A609A60280070BD0021BC
:107BC000FDF758FBF9E7002D11D1151C89B292B2CF
:107BD0004A43ADB29BB26B43110C5B18190C06D132
:107BE000190492B21143CAE72B1C0D1CEEE700F0FA
:107BF00009F80C2300250360DFE703000461183354
:107C00004461D6E7014B18687047C046A00D0020BC
:107C1000F0B54E464546DE465746E0B50D000B35FD
:107C2000060083B0162D22D8102900D9B2E000F04A
:107C3000B1FA102518230220CC4FFB181A005C68FB
:107C4000083A944200D1B5E0032362689A431300D6
:107C5000E268A168CA6091600122E31859683000A7
:107C60000A435A6000F09EFA2000083095E007238E
:107C70009D4300D58EE0A94200D98BE000F08AFA3E
:107C8000FC235B009D4200D2A7E1680A00D18BE093
:107C9000042800D97AE138239846A809804439306D
:107CA000C100B24F79184C680839A1420ED00323A5
:107CB0009C4604E0002ACBDAE468A14206D0624682
:107CC000636893435A1B0F2AF4DD40463A003C692F
:107CD0000832944200D178E00323616899438946D1
:107CE0000B00491B0F2900DD7BE17A613A61002915
:107CF000B2DA80229200914500D30FE15909DA08E7
:107D000001238B40D2007968D2190B4391687B60C4
:107D1000E260A1609460CC600121821091409942A0
:107D200059D80B4205D103229043490004300B423D
:107D3000FBD003239846C3009946B944CC468246FB
:107D40006346DC68A44507D12CE1002A00DB35E15D
:107D5000E468A44500D125E14246636893435A1B79
:107D60000F2AF2DD01208046611905436560A06895
:107D7000E5680837C560A86040461043F960B960FF
:107D80004860CF6030008F60E25000F00BFA2000B6
:107D9000083002E00C230020336003B0F0BCBB4687
:107DA000B246A946A046F0BD80213F234020984618
:107DB000890076E7DC680230A34200D044E73A004D
:107DC0003C690832944200D086E701217B6882102A
:107DD00091409942A5D90323BC6862689A439146B1
:107DE000954203D8531B0F2B00DD89E023004B4441
:107DF0005F4A01935F4B93461B681268EB18013290
:107E000000D13DE15C4A944663441B0B1B03009385
:107E10003000009900F0CEF903008046013300D114
:107E2000FAE0019B834200D9F4E0544B00981A0019
:107E30009A46126803009446514663440B600199C8
:107E40001A00414500D151E15B461B68013300D166
:107E500056E1434601995B1A9A1853461A60072364
:107E6000424641461A400192194200D112E10823CC
:107E70009846881A424B0099804441449B1A5B1AE9
:107E80001B051B0D0091300019009B4600F092F974
:107E9000431C00D150E14346C01A03005B440093E9
:107EA000534652461B6801215B44136042464046DC
:107EB000BA60009A0A434260BC4200D124E14A46BB
:107EC0000F2A00D822E107200C3A82436068014063
:107ED000052011436160A118486088600F2A00D90D
:107EE00035E142464446526826490868984200D225
:107EF0000B6025490868984200D38FE00B608DE045
:107F00000122290013431143651961603000BD60EF
:107F10006B6000F047F9200008303EE75A0A042A57
:107F200072D9142A00D9C5E011005C325B31D2004D
:107F300008235B429C46BA18944463469A6803231C
:107F40009846944500D19EE043465168994349457F
:107F500002D992689445F7D1D3689C467B68614604
:107F6000A260E1608C60D460D6E6C046D0110020EB
:107F7000D8150020D01800200F100000A0180020F5
:107F800008100000C8180020CC180020142852D96E
:107F9000542800D996E06E239846280B80446F3011
:107FA000C1007EE608239B46073BDC449B46DA443F
:107FB00043465246134200D0C2E64CE00122E31889
:107FC000596830000A435A60E368A268D3609A6037
:107FD00000F0E8F820000830DFE62B00E80808335E
:107FE0002AE6012360191D43656078613861C2602B
:107FF00082601A004B460A4342603000E15000F0B4
:10800000D1F820000830C8E69A0911003932383119
:10801000D2008DE7BC4260D0BC68626803239A43FB
:10802000531B954202D80F2B00DD69E7300000F0AA
:10803000B9F80020B1E65B23984680445C30C1006B
:108040002FE608235B429C46E1444B469B6801387F
:108050004B4500D098E043460342F2D17B688B4306
:108060007B604900994200D9B5E6002904D1B2E607
:10807000042294464900E2440B42F9D050465AE6A5
:1080800010330093C4E68910023B8B4079680B43A0
:108090007B6064E7009B300043445B421B051B0D83
:1080A00019009B4600F086F8431C00D0F3E600233D
:1080B0009B46F5E6542A2BD81A0B11006F326E310D
:1080C000D20035E7AA235B0098422BD8DD3B9846C7
:1080D000E80B80447830C100E3E52C4B009A9A46C7
:1080E0001B689C46534662441A60ADE6090500D001
:1080F000AAE60200BC684A4401310A436260F3E622
:108100005B4642461A60AAE64446EDE641608DE7CA
:10811000AA2149008A4224D8DA0B1100783277313B
:10812000D20005E71A4B984224D87C239846A80C25
:1081300080447D30C100B4E5009A019B94464246DC
:10814000083B63449B1A009300239B46A8E621004A
:108150003000083101F0D2F85346BC681B686268F1
:10816000C2E60B498A420BD89A0C11007D327C3151
:10817000D200DDE6FE217E237F209846890090E52F
:10818000FE227E219200D3E67B686AE7A0180020D9
:108190005405000010B5024801F0C8FD10BDC046EE
:1081A0009C18002010B5024801F0C2FD10BDC04669
:1081B0009C180020002370B5064D040008002B60B9
:1081C000FAF76EFC431C00D070BD2B68002BFBD06F
:1081D0002360F9E7D41E002010B583070AD00300FE
:1081E000032102E001330B4205D01A78002AF9D1AD
:1081F000181A10BD030019680C4A0D4C8A188A43DE
:1082000022420FD15968094A04338A188A4322420C
:1082100008D15968054A04338A188A432242F1D0AA
:1082200000E001331A78002AFBD1E1E7FFFEFEFEF1
:1082300080808080F0B5DE46574645464E461C009D
:108240000023E0B5A1B01C93BB4B82461B680D0018
:10825000180008920793FFF7BFFF00220023834610
:108260002F0004920593B54A1B953B782D2B02D81D
:10827000990051588F460022099200220A92302B11
:1082800000D1E5E01C002F2B01D800F07AFD002280
:10829000AC4638000026190015000BE001309300B1
:1082A0009A181B90047852005218303A2100013677
:1082B0002F2C10DD392C5BDC082EEFDDAB005B19B9
:1082C00001305B001B905B180478303B1D002100DF
:1082D00001362F2CEEDC904607995A46A946654692
:1082E00002F0ACFA002800D1BAE20D96002300207B
:1082F0009C4610930B93002E00D027E10A9B03436A
:1083000000D09CE26346002B1ED1692C01D100F005
:10831000B2FC17DC492C01D100F0ADFC4E2C13D17E
:1083200087491BA801F004FC00280DD01B9B1B787B
:10833000282B01D100F052FE824802F075FA8346E4
:108340000F007FE26E2CEBD0089B002B02D0089B25
:108350001D6000239B4600275846390021B0F0BC21
:10836000BB46B246A946A046F0BD01371B977CE745
:10837000904607995A46A946654602F05FFA0028DA
:108380007AD11B9B5B441B931C78002E01D000F01C
:108390007DFD302C01D000F06AFD0122D21A981820
:1083A00001331B931C78302CF9D02300313B082B70
:1083B00000D9B9E31B9B01269C4630235B429B46B8
:1083C000A3445B460793431C1093002367460D9319
:1083D0004346079A9B00434490465B0043449846BB
:1083E0000020634601331B9363465C7821003039DB
:1083F000092900D937E31B9B01309C4607910029CE
:10840000EFD0109C731CA34683445C461A00109462
:10841000012801D100F0B0FC0A002C0080198B4625
:1084200045464946A0469146013807E0AC0065192B
:108430006D00984201D100F096FC013332001E001D
:10844000082AF3D9102BF4DC8C0061184900F0E7FE
:108450007B78203293437E1C582B01D100F05EFCC8
:1084600037001B963B780136302BF9D0002B00D11A
:10847000E5E101220A9205E7002300209C460D96C3
:108480001093202322009A43130000220B92452BC5
:1084900000D030E733000A9A0343134300D153E777
:1084A0001B9D6B1C1B936C782B2C01D100F024FCC2
:1084B0002D2C00D106E300239B462300303B092BE3
:1084C00000D9FAE2302C06D11B9B01331B931C7898
:1084D0000133302CFAD000230B932300313B082BBF
:1084E00000D908E71B9A0133511C1B91547807925D
:1084F00022002F2C0DDC00F077FC9C00E4186400B7
:10850000A4180A00230001311B915278303B2F2A16
:1085100001DD392AF1DD1400079A891A082901DCE6
:1085200000F062FC084B0B935B46002B00D1E2E6A7
:108530000B9B5B420B93DEE660C500109CC20010F3
:1085400098C20010DCAA00101F4E00000B9B109A6E
:108550009B1A0C930D9B002B00D10D96B346102E49
:1085600001DD10239B464046FBF748FF0490059130
:10857000092E15DD5A46BE4B093AD2009B181A68DF
:108580005B68FBF7C6FE040048460D00FBF736FFAC
:1085900002000B0020002900FBF794FE04900591D7
:1085A0000F2E00DD72E10C9B002B00D15EE30C9BD3
:1085B000002B01DC00F0F3FB162B01DC00F05AFC71
:1085C00025230C9A9B1B934201DB00F071FC5B4658
:1085D000F41A0C9B9C4664440F231A002240234249
:1085E0000AD0A349D200891808684968049A059BF3
:1085F000FBF78FFE049005910F239C43231E00D0B0
:10860000AAE2002307934346390000935046330003
:108610000D9A01F02BFC8046002800D19DE30C99B7
:10862000109B0B98CA171B1A1A40CB43DB17194033
:1086300000260023C3469946B04657460D92139133
:108640005B463800596801F08BFB8246002800D158
:1086500087E35B4659461B690C319A1C92000C302B
:10866000FCF70EFE049B059C19000B931EAB0193B7
:108670001DAB00930A00230038000A9401F0ECFFC0
:108680001C90002800D1A9E10121380001F090FCE4
:108690008146002800D164E31D9B002B00DABDE178
:1086A0000D9A139C9D1807991E9A5B1A36219B18E8
:1086B0008A1A7049013B8B4200DB4EE1C91A521AFB
:1086C0001F2900DDC7E101238B400E930023119386
:1086D000079BA4189C46AE182B006444B54200DDED
:1086E0003300A34200DD2300002B02DDF61AE41A5A
:1086F000ED1A0D9B002B00DD4CE1002E00DD64E146
:108700000C9B002B00DD8DE1002C00DD99E1002D9C
:1087100008DD49462A00380001F0B8FD81460028EE
:1087200000D11EE3524638001C9901F047FE8046F6
:10873000002800D115E3C368494610930023C360A5
:1087400001F022FE002801DA00F05DFC00D1C5E353
:108750004946404601F0ECFF80230022DB0504007F
:108760000D00FBF727FE002800D1FBE0109B002B3B
:1087700000D180E1059B00240E93002311933E4B12
:108780003D4D12933D4B0E9E1E403D4B9E4200D1EF
:108790009EE1079B002B28D0D423DB049E4224D8E3
:1087A000384A394B11981299FBF704FE002818D06B
:1087B00011981299FBF762FE002800D10130FBF7F7
:1087C0001DFE0B001291109902001190002900D09B
:1087D00013E3169280221206944663441793169C64
:1087E000179DD623DB04EB189D1B0B980A9901F00B
:1087F000ABFE02000B0020002900FBF78AFD0B9A5C
:108800000A9BFBF75FFD0C0004900591079B002B72
:1088100004D11A4B23409E4200D144E238001C99F7
:1088200001F0C6FA5146380001F0C2FA4946380054
:1088300001F0BEFA4146380001F0BAFA00E7002321
:1088400000279B46089B002B01D01B9A1A60099BAE
:10885000002B00D180E5802109067B181F007BE5F5
:108860001B9B0D965B441B931C7800231093BDE566
:1088700020C6001002FCFFFF0000F03F0000F07F68
:108880000000E07F0000C0FFFFFFDF415B46F41AFD
:108890000C9B9C466444002C00DD9DE600D1B0E6B4
:1088A0000F231A006442224023420AD004980599FB
:1088B000D04BD2009A1853681268FBF70CFD049055
:1088C0000591241100D19CE61F2C3FDC10231A00D7
:1088D00022400792234201D05A3307930122049881
:1088E000059900239146C44D4A46224204D02A6885
:1088F0006B68FBF70EFD012364100835002CF3D1E3
:10890000002B01D004900591079B002B15D0049BF0
:10891000059C6B236200520D21009B1A002B0CDD7D
:108920001F2B01DC00F0DCFB00200490342B01DC69
:1089300000F022FCDC239B04059300220498059997
:108940000023FBF729FD002800D15CE622235246D4
:108950001360002300279B4674E700231193013323
:108960000E93B5E60022A54B20002900FBF7D1FCB1
:108970000B001291109902001190002976D11492E7
:1089800080221206944663441593059B149C159D02
:108990000E93F7E649461A00380001F00BFC8146B9
:1089A000002800D1DDE101001C9A380001F030FB05
:1089B0001090002800D1D4E138001C9901F0F8F99A
:1089C000109B1C93002E00DC9AE6320038001C99A4
:1089D00001F05CFC1C90002800D091E6534646460E
:1089E000BA46D8460C9322235246136000239B4676
:1089F000834F0100504601F0DBF950460C9901F01D
:108A0000D7F94946504601F0D3F94146504601F0A6
:108A1000CFF93100504601F0CBF913E7139A0D9DC1
:108A2000D41A40E651463800139A01F0C3FB82463F
:108A3000031E00D068E64646BA46D8461C980C93FA
:108A4000D1E751462200380001F020FC8246031E87
:108A500000D05CE6EFE76B49CB1A01219940012376
:108A600011910E9334E601239C460AE5119A129B5C
:108A70001492159389E70499059A00295BD10E9207
:108A800013035DD10022200029005F4BFBF78CFC13
:108A9000002800D0FFE10022584B20002900FBF7FE
:108AA00038FC802212060B00944663441190129108
:108AB00018901993189C199D64E600231B950B933D
:108AC000FFF719FC01239B46AB1C1B93AC78F4E425
:108AD0004E4A0E9B9446634405930E940F95049C56
:108AE000059D2000290001F02FFD02000B000E98CB
:108AF0000F99FBF70EFC22002B00FBF7E3FB404B2A
:108B0000434A049005910B40934220D90A9A414B65
:108B10009A4203D10B9B013300D122E13D4B0593D7
:108B200001235B42049379E600230D9310930133F4
:108B300000269C46A5E4012900D143E1059B0E9344
:108B400000231193304B0024334D12931AE6D423A3
:108B50009B04CC18059459E69A225200944200DDF9
:108B6000FBE024111F2B00DC94E2049805990022FD
:108B70009146013293464A46284BB1461D00079361
:108B8000160000235A46224204D02A686B68FBF77D
:108B9000C0FB0123013664100835012CF2D13200EC
:108BA0004E469146002B01D004900591174A059B33
:108BB0009446634405934B46D900079B9C46049A10
:108BC000059B614408684968FBF7A3FB0C4B144AFA
:108BD000049005910B40934200D9BEE0114A9342A4
:108BE00000D8CBE10B4B059301235B420493002398
:108BF000079308E520C6001098C300100000E03F6E
:108C00000000F07FE2FBFFFF0000F03F0000B0FC3F
:108C1000FFFF9F7CFFFFEF7F0000F0BFF8C5001053
:108C20000000A07C0000907C012309937A1C1B9219
:108C30007B78002B01D1FFF787FB1700FFF71DFBA7
:108C400000230993F2E7D2491E9B8C46D14A049334
:108C50001F9B1A401D9B63441B051A430592230763
:108C600004D58023059A1B061A430592049B059C94
:108C70009B462700E6E5C8491BA800F059FF0028DD
:108C800001D1FFF761FB1B9BC449013B1BA81B9350
:108C900000F04EFF002802D11B9B01331B930023E1
:108CA000BF4F9B46CEE5119E129D30002900FBF779
:108CB00009FCFBF7EFFB02000B0030002900FBF77B
:108CC000F8FA049A109B24031343240B05000E00AA
:108CD000B44A1C4313D1B44BFBF766FB002800D108
:108CE0009CE553464646BA46D8460C931C98049BCE
:108CF000059C9B4627007CE600239B46E4E6AB4BA5
:108D0000FBF752FB0028ECD128003100A84AA94B00
:108D1000FBF760FB002800D180E5E2E7099B0294A5
:108D200001931CAB009350461DABA34A1BA900F056
:108D300019FC07231D0004000540034200D17EE515
:108D4000062D74D1089B002B01D1FFF702FB1E609A
:108D5000002300279B46FFF7FFFA222352461360A9
:108D60009DE7534667E65B46484607934346894678
:108D7000A84601001D000232082E43DC1600FFF752
:108D800027FB5A463800079901F058FD002845D0C6
:108D900000230026994698460D93FFF7A7FA0C9BEF
:108DA000163300DA72E504980599109B0B9A9A1A0B
:108DB000824BD2009B181A685B68FBF78CFA8346DB
:108DC0000F003FE5059B0E93002B00D0B8E65346FD
:108DD0004646BA46D8460C932223524613600023D7
:108DE0001C989B461F0004E61A000B93744B9A4292
:108DF00001DCFFF799FBFFF796FB119A129B169285
:108E00001793ECE4102A4FDC4B469B004B448946F9
:108E10005B00160000209944FFF7E3FA00221B9B39
:108E200090465B441B9391461C78FFF7B2FA1C9A5C
:108E3000002A07D035211EA801F0AEFC50461C992F
:108E400000F0B6FF052D00D909E75E4BAD005B5978
:108E50009F465D4B059301235B420493FFE6504B15
:108E60000593FCE61E9B04931F9B0593F7E60020E9
:108E7000FFF79BFA5149DB00C91808684968049A52
:108E8000059BFBF746FA83460F00DBE400230D96B3
:108E90001093FFF7ABFA00234C4C1893199400235E
:108EA0001193444B129305E616000020FFF799FA40
:108EB0000F23424C9E1BF1006118049A059B086821
:108EC0004968FBF726FA0C9B9E1BF600A619326830
:108ED0007368FBF71EFA83460F00B3E453460C9306
:108EE0000B9B4646D8469B46109BBA460A9F002BD2
:108EF00000D1BFE0049B059C3549230322001B0BD6
:108F00008B4200D1F4E01199002900D1BBE0049A12
:108F1000059B1C0019421ED0109B58463900002B9F
:108F200000D1BCE001F010FB079B002B0BD06B23A2
:108F30006400640D1C1B002C05DD264D2405002259
:108F40006319FBF7E6F902000B0058463900FBF7FE
:108F5000B9F983460F00079B002B0DD05846390006
:108F60001D4B0022FBF7D5F9030083460F000B438E
:108F700002D12223524613601C983AE5D42292046F
:108F80000B0094466344059300230793FFF73BFBD4
:108F900033040000FFFFEFFF8CC2001090C20010EE
:108FA0000000F07F9535A094FFFFCF3FFFFFDF3F2C
:108FB00035E5AF350000E03F6CC3001020C600105F
:108FC0001F4E000054C30010FFFFFF7F0000E0BFF2
:108FD000FFFF0F000000F03F000050396C491EAA4F
:108FE0001BA800F0BBFD052801D0FFF7A5F91F9BCA
:108FF000684A1A431E9B05920493049B059C9B465A
:109000002700FFF71FFC53460499059A0C930B9B0E
:109010004646D8469B46109BBA460B430A9F9AD1B8
:109020001400130397D15B4B1340D622D204934212
:1090300091D97369002B02D13369012B8BDD31008B
:109040000122504601F022F94946060001F09CF940
:10905000002800DC7FE7079B002B6ED0D6224D4B0B
:10906000D2042340934268DCDC229204934200DD68
:1090700074E7B1E60499059A13031B0B14000B4324
:1090800000D040E7E7E70E9A049B059C1A4200D106
:1090900061E741E7002399463F4B079386E501F0DE
:1090A00053FA079B002B56D06B236400640D1C1BE6
:1090B000002C05DD394D240500226319FBF729F941
:1090C00002000B0058463900FBF7F3F8002200239A
:1090D00083460F00FBF760F9002800D13EE77BE6EE
:1090E000012252429A40049B13400493FFF725FC4F
:1090F000079B0499002B2BD0D420264BC00423407F
:10910000834225D86B201B0DC01A01235B4283408C
:10911000994200D0F7E6224B9A4235D080211D4B70
:1091200049031A4013008C466344059300230493BB
:10913000049B059C9B4627000DE7164B1C40194BD2
:109140009C46194B64442343059301235B42EEE79D
:1091500001235B42DCE702000B0058463900FBF7B5
:10916000A8F80022002383460F00FBF715F900281A
:1091700000D031E61C983CE44B239A1A4C3B9340B8
:1091800019400591FFF7D9FB4B1CC7D11C982AE465
:1091900080C300100000F07FF8C500100000F03F11
:1091A000FFFFEF7F0000F0FFFFFF0F00274BF0B540
:1091B000C64698460A000100404600B5244B0068A8
:1091C000FFF738F802000B0005000C00FBF707F969
:1091D00000282ED121002800FBF7A0F947007F08C6
:1091E000061C1C49381CFBF716FE00281DD1194926
:1091F000381CFBF7FBFD002817D10122640064082E
:1092000028002100144B5242FBF7E9F8002808D14E
:10921000012228002100104B5242FBF7CBF8002816
:1092200003D0434622221B681A60301C80BCB8461B
:10923000F0BD0A48002C05DA01F0FCFA80231B0679
:10924000C618F2E701F0F6FA061CEEE7A00D0020C2
:10925000E4150020FFFF7F7FFFFFEF7FDCAA0010F7
:10926000F8B50C000500FEF795FF204FBB685E685F
:1092700003239E431E4B341B9C466444240B013C39
:10928000113324039C4207DB00212800FEF792FFE4
:10929000BB689B19984204D02800FEF783FF00208A
:1092A000F8BD28006142FEF785FF431C0DD0012266
:1092B000BB68361B16435E600E4B28001A68141BF1
:1092C0001C60FEF76FFF0120EAE700212800FEF78F
:1092D00071FFBA68831A0F2BDEDD07490968401A4F
:1092E0000449086001210B435360D5E7D0110020E9
:1092F000EF0F0000A0180020D8150020F0B5C646DA
:1093000005000C0000B500294FD0FEF743FF2100F7
:1093100008394C68012622000320B2438F187B686D
:109320008343624898468368BB426AD043467B6069
:1093300026421ED108239C460C688444091B12193E
:109340008C6864454FD0CB68E3609C604346FC1852
:109350006468344211D1BB68554C4244A34200D1E9
:109360007EE0FC68DC60A360012313434B608A50FD
:1093700006E0FC1864683442EDD016434E603A6053
:1093800080239B009A4213D25409D3080122A240A1
:109390004468DB002243426018188368C8608B6011
:1093A0008160D9602800FEF7FDFE80BCB846F0BDA4
:1093B000530A042B3ED89409260039343836E40089
:1093C00004192368083C03279C4242D05868B843DC
:1093D000904202D99B689C42F8D1DC68CC608B60DB
:1093E000A160D960DEE74346F8184068304257D1A3
:1093F000FB68B86842441643C36098604E608A5068
:10940000D0E713004344264206D10A68891A8C68C3
:109410009B18CA68E260946001221A434A60254A98
:10942000816012689A42BDD8234B28001968FFF763
:1094300017FFB7E7142B07D9542B1AD8140B2600A3
:109440006F346E36E400BBE71E005C335B36DC0035
:10945000B6E70122B610B240466832434260BDE72B
:10946000D9609960CB608B60012313434B608A50B5
:1094700098E7AA246400A34205D8D40B26007834C8
:109480007736E4009CE70D4CA34205D8940C2600E7
:109490007D347C36E40093E7FE247E26A4008FE72B
:1094A000330013434B603A607CE7C046D011002084
:1094B000D8110020DC150020D01800205405000031
:1094C000F0B5D6464F4646460369C0B59A464F1199
:1094D000BB422DDD1F220500140014359E000C40F8
:1094E000BB00A446AE19EB180A422AD0202202CBB8
:1094F000121B9046E1409E4216D9A94644461A687E
:10950000A2400A43494604C16246894602CBD14083
:109510009E42F3D85346DC1BA400043C2C19216066
:10952000002919D0043417E02C0041610029F9D139
:109530000023036100234361E0BCBA46B146A8465C
:10954000F0BD2A009E42F3D902CB02C29E42FBD854
:109550005346DC1BA4002C19631B9B100361AC4217
:10956000EAD1E7E7F0B5DE464E4645465746E0B558
:109570008BB00993B94B07901B68894618001C00F3
:1095800093460593FEF728FEA446020062441300AA
:10959000013B1B78049001934B461D68AA78302A42
:1095A00000D016E202214942EB1C491B1D00CF18D6
:1095B00001335A1E1278302AF8D0A94B98469B5C8A
:1095C000002B00D1F3E042462B780024D35C00222C
:1095D00092462E00002B05D0424673780136D35CAC
:1095E000002BF9D13000049A059901F027F9039076
:1095F000002857D0002C58D1002233780392202223
:1096000034009343502B59D04B461E605346002BD9
:1096100077D1631B013B0021072B03DD01315B1078
:10962000072BFBDC079800F09BFB8246002800D14B
:1096300070E2142353440893A54200D3D5E102936A
:109640000023049A994601339B1A06932B000027A6
:109650004D4699460DE0202F1DD03A000437414673
:1096600033783400CB5C0F210B4093401D434C45B5
:1096700055D9661E3378019A9342ECD1069BF418B3
:109680004C45E8D32000049A059901F0D7F800284A
:10969000EDD0202FE1D1029B002220C3042700251A
:1096A0000293DCE7002C00D180E12022A41BA30060
:1096B0000393337834009343502BA5D163782B2B3D
:1096C00000D163E12D2B00D1A3E00022611C4046B4
:1096D000C35C2600581E182896D840464E1C497870
:1096E000103B415C081E5FD1002A00D05B42039A08
:1096F00094469C44634603934B461E605346002B9E
:1097000087D07B1E9F4105237F429F430637380049
:109710000BB0F0BCBB46B246A946A046F0BDA94678
:109720004A46029B484604C3089A9B1A52469B101D
:1097300013615E0100F0F2FB5B461C68361AA6421C
:109740006BDC0025A64200DA22E15B46039A9B68A7
:10975000934200DA40E15B46039A5B68934243DD43
:109760009E1AB44200DD7DE05A46D268022A00D13A
:1097700075E1032A00D16DE1012A00D150E1514683
:10978000079800F015FB0023149A50271360BEE7DA
:109790009900C9184900091840460B007178013634
:1097A000405C103B00289FD01928F1DD9CE7049C09
:1097B00028002200059901F041F800286FD123000C
:1097C000EA5C43469B5C2C19002B6AD02500302AAA
:1097D00005D16B780135302BFBD04246D35C594222
:1097E000594101278A46F4E60127002D0AD05B463D
:1097F000DB68022B5DD0032B5FD0012B00D1BBE0D7
:1098000010231F435246149B1A60099B039A1A6047
:109810007DE70122A378A11C59E7361B3100504691
:1098200000F0DAFF051E0FD01F210123701E01403A
:109830008B404211089992008A5801251A4203D0A0
:10984000012800DDDEE0022531005046FFF738FE3A
:10985000039B9C46B4446346039376E760C50010BF
:109860005CC40010771E002D00D0C3E0002F00D094
:10987000C2E01F237A111F401E3BBB400899920093
:109880008A581A4201D002231D4331005046FFF787
:1098900017FE5B465B680227A41B0393A5E72C0019
:1098A0002A7820239A43502A00D1B4E04B461C600A
:1098B00027E70123159A9B1A1593159B002B9FD020
:1098C00053461E69089DB3009946E81800212B00F5
:1098D000B44603E002C3984200D8C5E01A68561C9B
:1098E000F8D001321A60022F00D1D1E01F231E00F0
:1098F00021272640234285D04B46EB18043B1868AD
:1099000000F00CFB20239E1BB04200DB7AE753469D
:109910001A69002A00DCEAE0534650465B6992006F
:10992000AA1818305B08824200D8E7E02C00190022
:109930000368DB070B4308C402C849088242F7D812
:109940000B005146521A193A920801329200AA1895
:109950001360002B00D0D5E05146531B9B100B61C8
:10996000AA4200D1C6E05B46039A9B68013203928B
:10997000934231DB212745E7AA0700D440E7089A44
:109980001268154301922B429AD139E7002241E730
:10999000A61B51463200079800F078FC039B8246D4
:1099A0009B1B0393142353440893CEE64246049B27
:1099B000F118F35C0E00D25C002A00D11FE642468B
:1099C00073780136D25C002AF9D1891B8A00039290
:1099D00015E600270235F0E55146079800F0E8F952
:1099E0000023149AA327136091E6089B0293002397
:1099F000994695E601253CE73900504600F0ECFE1B
:109A0000050036E75046B11E00F0E6FE023500289C
:109A100000D019E717E70023039301339A464DE678
:109A2000B44200D0ABE6012C08D05046611E00F0D5
:109A3000D3FE002800D1A2E65B465B68099A622744
:109A40001360012352461361089A13605246149B17
:109A50001A605CE6159A002A00D190E6EEE7159AA6
:109A6000002A00D08BE6E9E75246664692686346D4
:109A7000964220DA51465A1C0A61012104339B00A8
:109A800053445960022F03D0964200DA41E72DE794
:109A90005B461B682227013BA34200D0B2E61F238E
:109AA00062111C401E3BA340920057591F407B424D
:109AB0005F412137A6E653465B680798591C00F0C2
:109AC0004FF9804600281FD0534651461B690C3180
:109AD0009A1C92000C30FBF7D3FB5146079800F01C
:109AE00067F945464346C2461B691435C2E7002361
:109AF0005246136100235246536134E72A002B601B
:109B0000002B0DD0043227E700228421064B0748A2
:109B1000F8F7E6FF0022DE21034B0448F8F7E0FFE8
:109B200052461361E6E7C046C0C30010D4C300101C
:109B300030B5026808E013781D00413D192D00D8AA
:109B400020330131A34206D10C780132002CF2D12E
:109B50000260012030BD0020FCE7C046F0B545465C
:109B6000DE4657464E4690460A681F21E0B585B04E
:109B70000090080053119B00104043440190114293
:109B800000D092E01A001F1F131F9A46002352466E
:109B90001360009B18684178002900D19AE00023E7
:109BA000BC469B46604B3D0000245F460022994620
:109BB000E34616E0202900D989E097420DDA654591
:109BC00001D2072C56DD0824A84506D22B1F002100
:109BD0009C4617001D00002419608178013000297F
:109BE00011D04B465B5C002BE4D001340132082CD1
:109BF00039DC296809010F2633400B432B6081783B
:109C000001300029EDD15F46002A63D0AC4501D96F
:109C1000072C6EDDA8454BD242462B0002CB02C278
:109C20009F42FBD2791C6A1C042391425CD24344BC
:109C30001D00002308C5AF42FCD253461B68002B11
:109C400009D14346B84502D146E0BB4244D0043F67
:109C50003A68002AF9D0052005B0F0BCBB46B246F0
:109C6000A946A046F0BDA845B7D20021043D012475
:109C70002960C0E708231C1BA4001833191B02909D
:109C80002E00080003942B6864469446039A71687A
:109C900081400B43336073680436D3403360A6427F
:109CA000F5D362460298A4468DE71F001A1D6BE7A4
:109CB000019B002BC1D02022019BD21A01235B42C1
:109CC000D34052461268134052461360B7E75F46CE
:109CD000292905D00420BFE7012305203B60BBE70D
:109CE000009B023018608FE77D1BAD080135AB008B
:109CF0009DE7082320261C1BA4002B68361B1A0096
:109D00003300280026006446AC461D0041680B0065
:109D1000AB4013430A00F2400360426004308442C7
:109D2000F4D8654676E7C0465CC400107047C0466C
:109D30007047C04682B000290AD0002A0BD0002B01
:109D40000BD013780B601078431E984102B0704717
:109D500001A9002AF3D10020F8E702204042F5E7EC
:109D6000C36C70B504000D00002B0AD0A8001B18AE
:109D7000186800280ED002681A6000230361C360CF
:109D800070BD21220421FDF7EFFE031EE064EDD13A
:109D90000020F5E70126AE40721D0121200092004F
:109DA000FDF7E2FE0028F3D045608660E5E7C04697
:109DB000002906D04B689A00C36C9B181A680A6089
:109DC00019607047F0B5C6461F008046002300B5F5
:109DD0000E000D6914310C6801332004000C50434F
:109DE000240C5443C019070CE4190004270C000C80
:109DF0002404241810C19D42EDDC002F08D0B36864
:109E0000AB4209DD2B1D9B00F31801355F60356106
:109E1000300080BCB846F0BD73684046591CFFF75F
:109E20009FFF041E17D0310033690C319A1C920039
:109E30000C30FBF725FA73689A004346DB6C9B18DD
:109E40001A6832601E6026002B1D9B00F318013536
:109E50005F603561DCE70022B521024B0248F8F76C
:109E60003FFEC046C0C3001074C50010F8B5474699
:109E7000CE460600180080B50C00083009211F00EE
:109E80009046F9F7B3FF092F3BDD012500216D0056
:109E90000131A842FBDC3000FFF762FF011E32D027
:109EA000089B4361012303614346092B16DC092308
:109EB00098460A3447450CDD4346E719FF1A2378D4
:109EC0000A223000303BFFF77DFF01340100BC4225
:109ED000F5D10800C0BCB946B046F8BD0923994683
:109EE000A1444D4644442B780A223000303BFFF712
:109EF00069FF01350100A542F5D14446083C4C44B8
:109F0000D8E70021C7E70022024B0348CE31F8F71B
:109F1000E7FDC046C0C3001074C500100300020C6A
:109F20000020002A01D11B0410301A0E01D1083084
:109F30001B021A0F01D104301B019A0F01D102300C
:109F40009B00002B02DB01305B0000D57047202016
:109F5000FCE7C04603680200590707D0D9071ED4A2
:109F6000990720D55B080360012070470020190481
:109F700001D11B0C1030FF21194201D108301B0AFE
:109F8000190701D104301B09990701D102309B0840
:109F9000D90702D401305B0803D01360E5E7002045
:109FA000E3E72020E1E79B0803600220DDE7C046ED
:109FB000C36C70B504000D00002B0AD0586800284F
:109FC00015D002685A600023C36001334561036104
:109FD00070BD21220421FDF7C7FD031EE064EDD111
:109FE000A0210022084B09484900F8F779FD1C22FE
:109FF00001212000FDF7B8FD0028F1D001234360C6
:10A0000001338360DFE7C046C0C3001074C5001091
:10A01000F0B54E464546DE465746E0B50D69166931
:10A020008946140087B0B54204DB33000C002E00D3
:10A0300091461D00A36877196168BB4200DA0131BF
:10A04000FFF78EFE0590002800D1A7E01422944669
:10A05000059B002263449B46BB005B449A465B46DB
:10A060005146D34503D204C39942FCD88A461423EF
:10A070009C46A444634604931423B6006644AD0092
:10A080009C462B00E1444B44029399456ED2042335
:10A090000393230015339E4200D27CE0331B153B13
:10A0A0009B0801339B00B8460393019608E0000C1F
:10A0B00031D104239C46029BE144E3444B4554D9EF
:10A0C0004B46186803041E0C002BF0D0019B5D4624
:10A0D00000279C46049C04CC296813041B0C734382
:10A0E0000804000C1B18D819130C7343090C020C3C
:10A0F0005B189B1802041F0C120C1B04134308C5A9
:10A10000A445E8D8634601935B46039A9F504B46AB
:10A110001868000CCDD05B4600271B685C46190010
:10A120003E00049D019A2F88090C47437F18BF19F0
:10A130001B0439041B0C0B43236008CD61681B0C06
:10A1400043430E04360C9B193F0CDB191E0C0434E0
:10A15000AA42E8D801925A460399535004239C46D8
:10A16000029BE144E3444B45AAD847465346002F9F
:10A1700003DC06E0013F002F03D0043B1A68002AED
:10A18000F8D0059B18001F6107B0F0BCBB46B24673
:10A19000A946A046F0BDB846019691E75E2100228F
:10A1A000024B0348FF31F8F79BFCC046C0C30010C8
:10A1B00074C50010F8B5032347461400CE461A00B4
:10A1C00080B50E0007002240234238D1A41025D0CC
:10A1D000BD6C002D3CD00123984600239946434690
:10A1E000234208D1641019D0286800281BD005002C
:10A1F00043462342F6D02A0031003800FFF708FF1B
:10A20000002E1AD0FA6C736894469B0063441A6857
:10A21000641032601E600600002CE5D13000C0BC26
:10A22000B946B046F8BD2A0029003800FFF7F0FE15
:10A230004B46286005000360DAE70600D2E70F4BC3
:10A24000013A9200D2580023FFF7BCFD0600BDE79B
:10A2500001213800FFF784FD051E07D0084B43613C
:10A26000012303610023B8640360B4E7A021002246
:10A27000044B05484900F8F733FCC046E8C6001017
:10A2800071020000C0C3001074C50010F0B50C00CE
:10A2900023694546DE4657464E469846E0B5571177
:10A2A000B84443465D1CA36883461600496883B0E2
:10A2B0009D4203DD01315B009D42FBDC5846FFF708
:10A2C0004FFD8446002853D0143003000190002F26
:10A2D0000CDDBF003A0000211432624402C39342F5
:10A2E000FCD1019B9946B9444B4601932269230056
:10A2F00091001F2210001433304081465918324219
:10A3000030D00132121A92460026019F48461A6840
:10A310008240324304C7524640CBD6409942F5D8DA
:10A32000220015320423914204D30B1B153B9B08DA
:10A3300001339B00019AD650002E00D0A8466346F8
:10A3400042461A61636860469A005B46DB6C9B1864
:10A350001A6822601C6003B0F0BCBB46B246A94636
:10A36000A046F0BD019804CB04C09942FBD8E6E7B3
:10A37000DA210022024B0348FF31F8F7B1FBC04657
:10A38000C0C3001074C5001003690A6930B5050028
:10A39000981A934211D1920014351431AB188918D0
:10A3A00001E09D4209D2043B04391A680C68A242BC
:10A3B000F7D0A24292410120104330BDF0B54E4685
:10A3C0004546DE465746E0B50B6988461169914619
:10A3D00083B05C1A8B4200D095E046468900143663
:10A3E00014327318521802E09E4200D38FE0043BEF
:10A3F000043A1D6811688D42F6D000D27EE04346D3
:10A400005968FFF7ADFC002800D18AE043461A697D
:10A41000142343449C46C4601C004B461B699100B6
:10A420009B0061449C4614234F469A46143782444D
:10A430005346BC448B46A2461426644600219446EB
:10A44000424680460193935901CF1D042D0C691893
:10A4500005042D0C4D1B010C40461B0C5B1A2914E6
:10A460005B182D0419142D0C1B042B438351043647
:10A47000BC42E8D86246A4464D461C0063464E46A0
:10A480005D1B153D15360023AD08B44500D3AB0068
:10A49000019FB84604274344B44501D30135AF00BA
:10A4A000019DBA44AC46BC44D34518D965465746CD
:10A4B0005E4610CF23041B0C5B181914240C64187F
:10A4C0001B0421141B0C24041C4310C5BE42F0D8ED
:10A4D000310053460139CB1A9B089B006344002C82
:10A4E00004D1043B1968013A0029FAD0026103B093
:10A4F000F0BCBB46B246A946A046F0BD4346012487
:10A50000C84699467BE7002CF8DB002477E700215A
:10A51000FFF726FC00280BD00123036100234361D1
:10A52000E5E790210022054B05488900F8F7D8FAA5
:10A530000022024B03490248F8F7D2FAC0C30010C8
:10A5400074C50010320200000F4B19400F4B9C469F
:10A550006144002904DD00220B001000190070473F
:10A560004942002200230915132904DC802000033E
:10A5700008410300F1E7143901201E2902DC802084
:10A580000006C8400200E8E70000F07F0000C0FCC1
:10A59000F8B506004746CE4604691436A4003419BF
:10A5A000231F1D6880B528000F009846FFF7B6FCF2
:10A5B00020210A1A3A600A282EDD464523D20823B4
:10A5C0005B429846A04443461F680B235B429C466F
:10A5D00084440B281CD063469D40C91A3B00CB40E5
:10A5E0001C481D432843030046452FD20C3C2068DD
:10A5F000C84061468F4007433A0010001900C0BCB4
:10A60000B946B046F8BD030000270B3B0B2817D115
:10A61000104929430B00EFE72F0015390B1ADF40D3
:10A620000C49994639430B000027464503D2494659
:10A63000083C2768CF40153085403D432A00DCE7C1
:10A640009D400449002729430B00D5E761468F4010
:10A65000D2E7C0460000F03F70B5012182B015007E
:10A660001C00FFF77DFB061E4FD0230364001B0B6D
:10A67000640D02D08022520313430193002D17D1A1
:10A6800001A8FFF767FC019B0125736101232030BE
:10A690003361002C24D0204B9C46069B6444241834
:10A6A0001C603523181A079B1860300002B070BD7B
:10A6B00068460095FFF74EFC002822D0019D20231C
:10A6C0002A001B1A9A401300C540009A01951343B3
:10A6D0007361B5616B1E9D4101353561002CDAD186
:10A6E0000E4B9C46069B604418600D4BEB189B007C
:10A6F000F3185869FFF712FC6D01079B2D1A1D60B6
:10A70000D3E7009B019D7361E3E70022054B0649F7
:10A710000648F8F7E5F9C046CDFBFFFFCEFBFFFF8B
:10A72000FFFFFF3FC0C300100A03000074C5001004
:10A73000F0B5CE46474680B585B0884602A9814629
:10A74000FFF726FF04000D00404603A9FFF720FF96
:10A7500002000B00404649460069096900920193D6
:10A76000091A49018C4602980399401A0100614474
:10A7700000290BDD09054F193D0020002900F9F7DC
:10A78000AAFD05B0C0BCB946B046F0BD09055B1ACC
:10A790000193009A019BF0E71300013970B54C1149
:10A7A0001169013414338900A400591804198B422B
:10A7B0000AD2050040CB40C59942FBD88B1A153B05
:10A7C0009B0801339B00C018844203D9002308C0B2
:10A7D0008442FCD870BDC0460200036910B5143233
:10A7E000481183420ADA9B00D31803E0043B19683E
:10A7F000002917D19342F9D8002010BD83420EDD05
:10A800001F231C000C400B4209D08300D318196889
:10A810000120E140A1401C688C42EED1EAE78300B0
:10A82000D318E7E70120E8E7002001497047C04658
:10A830000000F87F004870470000C07F30B5002A54
:10A8400026D003000B439B0724D1032A22D9164D9F
:10A850000BE0043A002A1BD0144C1C199C432C42D8
:10A8600016D104300431032A14D903680C68A342BA
:10A87000EFD004780D78AC4213D1012306E0C45C1C
:10A88000CD5CAC420DD10133934201D0002CF6D106
:10A89000002030BD04780D78A54202D1012AECD108
:10A8A000F6E7601BF5E7C04680808080FFFEFEFE75
:10A8B000002909D0FF2A02D801200A7070478A2394
:10A8C000036001204042F9E70020F7E7F8B5C046F1
:10A8D00001B40248844601BC604700BFE502002085
:10A8E00001B40248844601BC604700BF3102002029
:10A8F00001B40248844601BC604700BFB50B00208C
:10A9000001B40248844601BC604700BFBD0300207B
:10A9100001B40248844601BC604700BF990600208C
:10A9200001B40248844601BC604700BFB50B00205B
:10A9300001B40248844601BC604700BFC10000204A
:10A9400001B40248844601BC604700BFC901002031
:10A9500001B40248844601BC604700BF1D090020C5
:10A9600001B40248844601BC604700BF6D06002068
:10A9700001B40248844601BC604700BF1D0B0020A3
:10A9800001B40248844601BC604700BF9501002025
:10A9900001B40248844601BC604700BF450800205E
:10A9A00001B40248844601BC604700BFE1070020B3
:10A9B00001B40248844601BC604700BFED07002097
:10A9C00001B40248844601BC604700BF490B002027
:10A9D000466F726D61206465206F6E6461206361F3
:10A9E0006D626961646120613A2053656E6F000099
:10A9F000466F726D61206465206F6E6461206361D3
:10AA00006D626961646120613A20437561647261BD
:10AA100064610000466F726D61206465206F6E6432
:10AA2000612063616D626961646120613A204469FB
:10AA3000656E7465206465207369657272610000DB
:10AA4000466F726D61206465206F6E646120636182
:10AA50006D626961646120613A20547269616E6758
:10AA6000756C617200000000496E67726573652045
:10AA70006C6120616D706C6974756420286D562955
:10AA8000205B252E30662D252E30665D3A20000095
:10AA9000206D5600416D706C697475642065737427
:10AAA00061626C656369646120656E3A20252E31B0
:10AAB00066206D560A000000496E67726573652056
:10AAC0006C61206672656375656E636961202848F4
:10AAD0007A29205B25642D25645D3A200000000062
:10AAE00020487A004672656375656E63696120650A
:10AAF000737461626C656369646120656E3A2025D8
:10AB00002E306620487A0A00496E677265736520A8
:10AB1000656C20646573706C617A616D69656E74D3
:10AB20006F20444320286D5629205B252E31662D49
:10AB3000252E31665D3A2000446573706C617A6140
:10AB40006D69656E746F2044432065737461626C37
:10AB5000656369646F20656E3A20252E3166206D2D
:10AB6000560A00004E6F207370696E6C6F636B73D2
:10AB70002061726520617661696C61626C650000BC
:10AB800064656C7461203E3D202D323034382026BF
:10AB9000262064656C7461203C3D203230343620C0
:10ABA000262620212864656C746120262031290026
:10ABB000433A2F50726F6772616D2046696C6573FE
:10ABC0002F5261737062657272792050692F5069DB
:10ABD000636F2053444B2076312E352E312F706910
:10ABE000636F2D73646B2F7372632F7270325F63A8
:10ABF0006F6D6D6F6E2F68617264776172655F69EA
:10AC000072712F6972712E63000000002128646543
:10AC10006C7461203E3E203131752900637572727B
:10AC2000656E74203D3D205F5F756E68616E646C7B
:10AC300065645F757365725F697271207C7C2063E7
:10AC4000757272656E74203D3D2068616E646C653E
:10AC5000720000006972715F68616E6465725F63A3
:10AC60006861696E5F667265655F736C6F745F685B
:10AC7000656164203E3D2030000000007674616212
:10AC80006C655F68616E646C6572203D3D205F5F3E
:10AC9000756E68616E646C65645F757365725F691B
:10ACA00072710000212828282875696E74707472EA
:10ACB0005F7429767461626C655F68616E646C654F
:10ACC0007229202D20282875696E747074725F7443
:10ACD000296972715F68616E646C65725F63686137
:10ACE000696E5F736C6F747329202D203129257371
:10ACF000697A656F662873747275637420697271FE
:10AD00005F68616E646C65725F636861696E5F73D2
:10AD10006C6F74292900000030783163203D3D209C
:10AD2000282A696E7374293E3E3131750000000097
:10AD300021657863657074696F6E207C7C2065780E
:10AD400063657074696F6E203D3D206E756D202BBC
:10AD500020565441424C455F46495253545F495234
:10AD60005100000066616C736500000069735F73D9
:10AD700068617265645F6972715F7261775F686153
:10AD80006E646C657228736C6F745F68616E646C5E
:10AD900065722900657863657074696F6E000000E4
:10ADA000666F756E640000004E6F207573657220CB
:10ADB000495251732061726520617661696C6162EC
:10ADC0006C6500006972715F6164645F7461696CD5
:10ADD0005F746F5F667265655F6C69737400000015
:10ADE000696E736572745F6272616E63685F616ED3
:10ADF000645F6C696E6B00006972715F72656D6F84
:10AE000076655F68616E646C657200006D616B658C
:10AE10005F6272616E6368007265736F6C76655F06
:10AE20006272616E636800006972715F6164645F81
:10AE30007368617265645F68616E646C657200005E
:10AE40006972715F7365745F6578636C7573697639
:10AE5000655F68616E646C6572000000746F746198
:10AE60006C000000433A2F50726F6772616D20468C
:10AE7000696C65732F5261737062657272792050CC
:10AE8000692F5069636F2053444B2076312E352E45
:10AE9000312F7069636F2D73646B2F7372632F632F
:10AEA0006F6D6D6F6E2F7069636F5F73796E632F57
:10AEB0006D757465782E63006D74782D3E636F72C6
:10AEC000652E7370696E5F6C6F636B0075735F7373
:10AED000696E63655F626F6F74203C3D20494E541C
:10AEE00036345F4D41580000433A2F50726F6772FD
:10AEF000616D2046696C65732F5261737062657273
:10AF000072792050692F5069636F2053444B20762B
:10AF1000312E352E312F7069636F2D73646B2F7353
:10AF200072632F636F6D6D6F6E2F7069636F5F62F9
:10AF30006173652F696E636C7564652F7069636FEB
:10AF40002F74797065732E68000000006C6F636B5E
:10AF50005F69735F6F776E65725F69645F76616C5E
:10AF60006964286D74782D3E6F776E6572290000D4
:10AF70006D74782D3E656E7465725F636F756E7467
:10AF8000000000006D757465785F65786974000075
:10AF90006D757465785F656E7465725F626C6F6302
:10AFA0006B5F756E74696C007570646174655F7554
:10AFB000735F73696E63655F626F6F74000000009A
:10AFC00072742D3E616C61726D5F6964203D3D203D
:10AFD00069640000433A2F50726F6772616D2046BA
:10AFE000696C65732F52617370626572727920505B
:10AFF000692F5069636F2053444B2076312E352ED4
:10B00000312F7069636F2D73646B2F7372632F63BD
:10B010006F6D6D6F6E2F7069636F5F74696D652FF3
:10B0200074696D652E6300006964202626206964BA
:10B03000203C3D20706F6F6C2D3E686561702D3E29
:10B040006D61785F6E6F646573000000696420262F
:10B0500026206964203C3D20686561702D3E6D614D
:10B06000785F6E6F64657300433A2F50726F67723A
:10B07000616D2046696C65732F52617370626572F1
:10B0800072792050692F5069636F2053444B2076AA
:10B09000312E352E312F7069636F2D73646B2F73D2
:10B0A00072632F636F6D6D6F6E2F7069636F5F7565
:10B0B00074696C2F696E636C7564652F7069636F5A
:10B0C0002F7574696C2F70686561702E68000000C0
:10B0D000706172656E745F69640000006368696C1A
:10B0E000645F696400000000706172656E745F697E
:10B0F0006420213D206368696C645F69640000001E
:10B100002170685F636F6E7461696E735F6E6F64E8
:10B110006528706F6F6C2D3E686561702C207265BC
:10B120007573655F6964290072656D6F7665645F2C
:10B130006964203D3D206E6578745F69640000009D
:10B1400063616C6C6261636B00000000706F6F6C18
:10B150002D3E616C61726D5F696E5F70726F6772B8
:10B16000657373203D3D206D616B655F7075626C2A
:10B1700069635F69642869645F686967682C206E29
:10B180006578745F6964290069642026262021702F
:10B19000685F636F6E7461696E735F6E6F6465285C
:10B1A000686561702C206964290000002168656170
:10B1B000702D3E667265655F7461696C5F696400DD
:10B1C00064656661756C745F616C61726D5F706FF0
:10B1D0006F6C5F696E697469616C697A656428294E
:10B1E00000000000616C61726D5F696420213D2088
:10B1F000706F6F6C2D3E616C61726D5F696E5F7018
:10B20000726F6772657373007263000041747465D6
:10B210006D7074656420746F20736C65657020694F
:10B220006E73696465206F6620616E206578636562
:10B230007074696F6E2068616E646C65723B207516
:10B24000736520627573795F776169742069662020
:10B25000796F75206D75737400000000616C617208
:10B260006D5F706F6F6C5F63616E63656C5F616C67
:10B2700061726D007570646174655F75735F736989
:10B280006E63655F626F6F7400000000616C6172D5
:10B290006D5F706F6F6C5F616C61726D5F63616C2D
:10B2A0006C6261636B0000006765745F656E747249
:10B2B00079000000616C61726D5F706F6F6C5F6729
:10B2C00065745F64656661756C7400006765745FC2
:10B2D000656E7472795F69645F6869676800000011
:10B2E00070685F667265655F6E6F64650000000080
:10B2F00070685F6164645F6368696C645F6E6F64EB
:10B300006500000070685F696E736572745F6E6FD0
:10B310006465000070685F6765745F6E6F646500E8
:10B320006164645F616C61726D5F756E6465725FAC
:10B330006C6F636B00000000486172647761726536
:10B3400020616C61726D20256420616C726561649E
:10B350007920636C61696D656400000074696D65D6
:10B36000725F68772D3E696E7473202620317520D8
:10B370003C3C20616C61726D5F6E756D0000000079
:10B38000433A2F50726F6772616D2046696C657326
:10B390002F5261737062657272792050692F506903
:10B3A000636F2053444B2076312E352E312F706938
:10B3B000636F2D73646B2F7372632F7270325F63D0
:10B3C0006F6D6D6F6E2F68617264776172655F7407
:10B3D000696D65722F74696D65722E6300000000DF
:10B3E00068617264776172655F616C61726D5F73D1
:10B3F00065745F746172676574000000726F6F74CA
:10B400005F696400433A2F50726F6772616D204626
:10B41000696C65732F526173706265727279205026
:10B42000692F5069636F2053444B2076312E352E9F
:10B43000312F7069636F2D73646B2F7372632F6389
:10B440006F6D6D6F6E2F7069636F5F7574696C2FB0
:10B4500070686561702E63002170685F6765745F56
:10B460006E6F646528686561702C20726F6F745F01
:10B470006964292D3E7369626C696E670000000083
:10B480002170685F6765745F6E6F646528686561C9
:10B49000702C20726F6F745F6964292D3E70617229
:10B4A000656E74006E65775F7375625F7472656553
:10B4B00020213D20686561702D3E726F6F745F6959
:10B4C0006400000070685F72656D6F76655F616E25
:10B4D000645F667265655F6E6F64650070685F7259
:10B4E000656D6F76655F616E795F686561640000A8
:10B4F00070685F6164645F6368696C645F6E6F64E9
:10B500006500000070685F6765745F6E6F6465005A
:10B510007372635F66726571203E3D20667265716D
:10B5200000000000433A2F50726F6772616D204631
:10B53000696C65732F526173706265727279205005
:10B54000692F5069636F2053444B2076312E352E7E
:10B55000312F7069636F2D73646B2F7372632F7259
:10B5600070325F636F6D6D6F6E2F686172647761AB
:10B5700072655F636C6F636B732F636C6F636B7368
:10B580002E630000636C6F636B5F636F6E66696749
:10B590007572650076636F5F66726571203E3D204F
:10B5A000285049434F5F504C4C5F56434F5F4D49C5
:10B5B0004E5F465245515F4B485A202A204B485A0D
:10B5C000292026262076636F5F66726571203C3DD8
:10B5D00020285049434F5F504C4C5F56434F5F4DBE
:10B5E00041585F465245515F4B485A202A204B48EC
:10B5F0005A290000433A2F50726F6772616D2046DE
:10B60000696C65732F526173706265727279205034
:10B61000692F5069636F2053444B2076312E352EAD
:10B62000312F7069636F2D73646B2F7372632F7288
:10B6300070325F636F6D6D6F6E2F686172647761DA
:10B6400072655F706C6C2F706C6C2E630000000074
:10B650006662646976203E3D2031362026262066CB
:10B6600062646976203C3D203332300028706F736D
:10B67000745F64697631203E3D203120262620709B
:10B680006F73745F64697631203C3D203729202632
:10B69000262028706F73745F64697632203E3D20E7
:10B6A0003120262620706F73745F64697632203CE7
:10B6B0003D203729000000007265665F6672657183
:10B6C000203C3D202876636F5F66726571202F20D5
:10B6D00031362900706C6C5F696E6974000000007F
:10B6E0002C2066756E6374696F6E3A20000000004E
:10B6F000617373657274696F6E20222573222066F0
:10B7000061696C65643A2066696C65202225732244
:10B710002C206C696E65202564257325730A000052
:10B7200031203D3D202875696E747074725F7429F4
:10B730006C2D3E7370696E5F6C6F636B0000000070
:10B74000433A2F50726F6772616D2046696C657362
:10B750002F5261737062657272792050692F50693F
:10B76000636F2053444B2076312E352E312F706974
:10B77000636F2D73646B2F7372632F7270325F630C
:10B780006F6D6D6F6E2F7069636F5F72756E746928
:10B790006D652F72756E74696D652E630000000013
:10B7A0000A2A2A2A2050414E4943202A2A2A0A00DE
:10B7B00072756E74696D655F696E69740000000072
:10B7C000666E6900666E692B000000006E616E0097
:10B7D000666E692D00000000EE3700109E370010E5
:10B7E0009E370010F83700109E3700109E3700106B
:10B7F0009E3700109E3700109E3700109E370010B5
:10B800009E370010E43700109E370010DA37001022
:10B810009E3700109E370010D0370010903800106F
:10B82000B6380010CE380010B6380010703800104E
:10B83000B6380010B6380010B6380010B638001010
:10B84000B6380010B6380010B6380010AC3800100A
:10B85000B6380010B6380010B6380010B6380010F0
:10B86000B6380010DA3800100A3D0010203D0010F4
:10B87000203D0010203D0010203D0010203D001014
:10B88000203D0010203D0010203D0010203D001004
:10B89000203D0010203D0010203D0010203D0010F4
:10B8A000203D0010203D0010203D0010203D0010E4
:10B8B000203D0010203D0010203D0010203D0010D4
:10B8C000203D0010203D0010203D0010203D0010C4
:10B8D000203D0010203D0010203D0010203D0010B4
:10B8E000203D0010203D0010323B0010F23A0010C5
:10B8F000323B0010203D0010203D0010203D001084
:10B90000203D0010203D0010203D0010203D001083
:10B91000203D0010203D0010203D0010203D001073
:10B92000203D0010203D0010203D0010203D001063
:10B93000203D0010E6380010203D0010203D001092
:10B94000203D0010203D0010203D0010203D001043
:10B95000203D0010203D0010203D0010E638001072
:10B96000823B0010E6380010323B0010F23A001023
:10B97000323B0010203D0010E6380010203D001042
:10B98000203D0010203D0010203D0010203D001003
:10B99000E6380010D43C0010203D0010203D00107F
:10B9A000FA3B0010203D0010E6380010203D00104A
:10B9B000203D0010E6380010000000000000F03FBD
:10B9C000000000000000244000000000000059407A
:10B9D0000000000000408F40000000000088C340CD
:10B9E00000000000006AF8400000000080842E4142
:10B9F00000000000D01263410000000084D797418E
:10BA00000000000065CDCD412A282875696E743884
:10BA10005F74202A29726F6D5F646174615F6C6F5F
:10BA20006F6B757028726F6D5F7461626C655F63B8
:10BA30006F6465282753272C2027462729292D3274
:10BA400029202A2034203E3D2053465F5441424C59
:10BA5000455F56325F53495A45000000433A2F5024
:10BA6000726F6772616D2046696C65732F526173E6
:10BA70007062657272792050692F5069636F20532C
:10BA8000444B2076312E352E312F7069636F2D7324
:10BA9000646B2F7372632F7270325F636F6D6D6FA3
:10BAA0006E2F7069636F5F646F75626C652F646F72
:10BAB00075626C655F696E69745F726F6D2E63008D
:10BAC0005F5F61656162695F646F75626C655F6924
:10BAD0006E6974002A282875696E74385F74202A8C
:10BAE00029726F6D5F7461626C652D3229202A2086
:10BAF00034203E3D2053465F5441424C455F563210
:10BB00005F53495A45000000433A2F50726F6772E5
:10BB1000616D2046696C65732F5261737062657246
:10BB200072792050692F5069636F2053444B2076FF
:10BB3000312E352E312F7069636F2D73646B2F7327
:10BB400072632F7270325F636F6D6D6F6E2F7069ED
:10BB5000636F5F666C6F61742F666C6F61745F6991
:10BB60006E69745F726F6D2E630000005F5F6165C8
:10BB70006162695F666C6F61745F696E6974000011
:10BB80004465627567000000626F6F74325F7732E0
:10BB90003571303830000000312E352E3100000074
:10BBA0007069636F000000006D61696E0000000045
:10BBB0004170722032382032303234000600525048
:10BBC000BBFF3CB6A0BB001006005250E182887F4C
:10BBD00088BB001006005250D3F0754280BB0010A5
:10BBE0007570646174655F75735F73696E63655FBB
:10BBF000626F6F74000000000D0A00006D550010A8
:10BC0000715500107D550010CD550010B155001034
:10BC100000000000433A2F50726F6772616D20463A
:10BC2000696C65732F52617370626572727920500E
:10BC3000692F5069636F2053444B2076312E352E87
:10BC4000312F7069636F2D73646B2F7372632F7262
:10BC500070325F636F6D6D6F6E2F7069636F5F73AE
:10BC60007464696F5F7573622F737464696F5F7555
:10BC700073622E63000000005553422073746469A0
:10BC80006E202F207374646F75740000060052508C
:10BC900053B4F4A178BC0010737464696F5F75735A
:10BCA000625F696E697400007570646174655F75C8
:10BCB000735F73696E63655F626F6F74000000008D
:10BCC00052617370626572727920506900000000E1
:10BCD0005069636F00000000426F6172642043444A
:10BCE00043000000526573657400000009025400AF
:10BCF000030100807D080B0002020200000904001D
:10BD000000010202000405240020010524010001B5
:10BD1000042402020524060001070581030800101F
:10BD200009040100020A00000007050202400000A9
:10BD3000070582024000000904020000FF0001051F
:10BD400012010002EF0201408A2E0A0000010102E6
:10BD50000301000000000000C0BC0010D0BC0010B7
:10BD600030250020D8BC0010E4BC00106C656E20AB
:10BD70003E203000433A2F50726F6772616D20464B
:10BD8000696C65732F5261737062657272792050AD
:10BD9000692F5069636F2053444B2076312E352E26
:10BDA000312F7069636F2D73646B2F7372632F7201
:10BDB00070325F636F6D6D6F6E2F7069636F5F754B
:10BDC0006E697175655F69642F756E697175655F00
:10BDD00069642E63000000007069636F5F676574BB
:10BDE0005F756E697175655F626F6172645F6964CA
:10BDF0005F737472696E6700666C6173685F6F660B
:10BE00006673202B20636F756E74203C3D20504973
:10BE1000434F5F464C4153485F53495A455F42592F
:10BE200054455300433A2F50726F6772616D20463C
:10BE3000696C65732F5261737062657272792050FC
:10BE4000692F5069636F2053444B2076312E352E75
:10BE5000312F7069636F2D73646B2F7372632F7250
:10BE600070325F636F6D6D6F6E2F686172647761A2
:10BE700072655F666C6173682F666C6173682E63B0
:10BE800000000000636F6E6E6563745F696E7465B9
:10BE9000726E616C5F666C61736820262620666C2A
:10BEA0006173685F657869745F7869702026262001
:10BEB000666C6173685F72616E67655F65726173FE
:10BEC0006520262620666C6173685F666C757368F2
:10BED0005F63616368650000636F6E6E6563745FC6
:10BEE000696E7465726E616C5F666C617368202642
:10BEF0002620666C6173685F657869745F78697025
:10BF000020262620666C6173685F72616E67655FCC
:10BF100070726F6772616D20262620666C6173688F
:10BF20005F666C7573685F6361636865000000003D
:10BF3000636F6E6E6563745F696E7465726E616C5B
:10BF40005F666C61736820262620666C6173685F8B
:10BF5000657869745F78697020262620666C617345
:10BF6000685F666C7573685F636163686500000095
:10BF7000666C6173685F646F5F636D6400000000EE
:10BF8000282875696E747074725F7420296E6578E4
:10BF9000745F6275666665725F7074722026203009
:10BFA000623131313131317529203D3D2030000081
:10BFB000433A2F50726F6772616D2046696C6573EA
:10BFC0002F5261737062657272792050692F5069C7
:10BFD000636F2053444B2076312E352E312F7069FC
:10BFE000636F2D73646B2F6C69622F74696E797542
:10BFF00073622F7372632F706F727461626C652F3E
:10C0000072617370626572727970692F727032300A
:10C0100034302F6463645F7270323034302E6300CA
:10C0200068775F646174615F6F6666736574286EBC
:10C030006578745F6275666665725F7074722920D8
:10C040003C3D205553425F445052414D5F4D415855
:10C0500000000000556E68616E646C656420495292
:10C060005120307825780A007268706F7274203D14
:10C070003D2030006463645F656470745F7866655A
:10C08000720000006463645F656470745F6F706564
:10C090006E0000006463645F7365745F6164647262
:10C0A000657373006463645F696E745F656E61627B
:10C0B0006C6500005F68775F656E64706F696E74B1
:10C0C0005F616C6C6F6300006463645F696E6974C8
:10C0D0000000000021286275665F6374726C202680
:10C0E000205553425F4255465F4354524C5F46557C
:10C0F0004C4C2900433A2F50726F6772616D204695
:10C10000696C65732F526173706265727279205029
:10C11000692F5069636F2053444B2076312E352EA2
:10C12000312F7069636F2D73646B2F6C69622F748C
:10C13000696E797573622F7372632F706F72746199
:10C14000626C652F72617370626572727970692FAB
:10C150007270323034302F7270323034305F757319
:10C16000622E63006275665F6374726C20262055D0
:10C1700053425F4255465F4354524C5F46554C4CC8
:10C18000000000006570202564202573207761730E
:10C1900020616C726561647920617661696C6162AD
:10C1A0006C65000043616E277420636F6E74696E66
:10C1B00075652078666572206F6E20696E616374A4
:10C1C00069766520657020256420257300000000D5
:10C1D0006F757400696E000073796E635F65705FE0
:10C1E00062756666657200006C620010D2610010B4
:10C1F00004620010366200106C6200106C62001065
:10C2000052620010046200106C6200106C62001038
:10C210006C6200106C6200106C6200106C620010A6
:10C220006C620010E46100106C670010466700103B
:10C230001269001020670010126900109466001047
:10C240001667001012690010B0660010C866001072
:10C250006A6900105C690010B26900106A69001018
:10C26000966A0010B66A0010C6690010126A0010C3
:10C27000CE6A0010ED6E0010A96F0010ED6F001077
:10C28000B9700010ED710010000000006E66000033
:10C29000696E697479000000616E000048830010C7
:10C2A000768200107682001076820010768200106E
:10C2B000768200107682001076820010768200105E
:10C2C0006A8300106A8300106A8300106A8300107A
:10C2D0006A83001076820010768200107682001049
:10C2E000768200107682001076820010768200102E
:10C2F000768200107682001076820010768200101E
:10C30000768200107682001076820010768200100D
:10C310007682001076820010768200106A83001008
:10C3200076820010768200107682001076820010ED
:10C3300076820010768200107682001076820010DD
:10C340007682001076820010408C001076820010F9
:10C35000288C00105E8C0010468C0010648E00103B
:10C360005E8E0010528E0010468C001035000000CA
:10C37000CEFBFFFFCB030000010000000000000027
:10C3800034000000CEFBFFFFCB03000001000000E3
:10C390000000000000000000BC89D897B2D29C3C8D
:10C3A00033A7A8D523F649393DA7F444FD0FA5329C
:10C3B0009D978CCF08BA5B25436FAC642806681143
:10C3C00042616C6C6F63207375636365656465645B
:10C3D000000000002F6D6E742F776F726B737061A9
:10C3E00063652F776F726B73706163652F4743438B
:10C3F0002D31302D706970656C696E652F6A656EC0
:10C400006B696E732D4743432D31302D7069706514
:10C410006C696E652D3333385F32303231313031F3
:10C42000385F313633343531363230332F737263FF
:10C430002F6E65776C69622F6E65776C69622F6C01
:10C440006962632F7374646C69622F6764746F61CF
:10C450002D6765746865782E630000000000000099
:10C4600000000000000000000000000000000000CC
:10C4700000000000000000000000000000000000BC
:10C480000000000000000000000000001011121366
:10C49000141516171819000000000000001A1B1CC4
:10C4A0001D1E1F0000000000000000000000000032
:10C4B000000000000000000000000000001A1B1C2B
:10C4C0001D1E1F0000000000000000000000000012
:10C4D000000000000000000000000000000000005C
:10C4E000000000000000000000000000000000004C
:10C4F000000000000000000000000000000000003C
:10C50000000000000000000000000000000000002B
:10C51000000000000000000000000000000000001B
:10C52000000000000000000000000000000000000B
:10C5300000000000000000000000000000000000FB
:10C5400000000000000000000000000000000000EB
:10C550000000000000000000000000002E000000AD
:10C560005CC50010DCAA0010E0150020504F5349B4
:10C57000580000002F6D6E742F776F726B737061AF
:10C5800063652F776F726B73706163652F474343E9
:10C590002D31302D706970656C696E652F6A656E1E
:10C5A0006B696E732D4743432D31302D7069706573
:10C5B0006C696E652D3333385F3230323131303152
:10C5C000385F313633343531363230332F7372635E
:10C5D0002F6E65776C69622F6E65776C69622F6C60
:10C5E0006962632F7374646C69622F6D7072656326
:10C5F0002E630000000000000080E03779C3414353
:10C60000176E05B5B5B89346F5F93FE9034F384DB8
:10C61000321D30F94877825A3CBF737FDD4F157564
:10C62000000000000000F03F000000000000244077
:10C6300000000000000059400000000000408F4052
:10C64000000000000088C34000000000006AF840BD
:10C650000000000080842E4100000000D0126341E1
:10C660000000000084D797410000000065CDCD4157
:10C67000000000205FA00242000000E87648374238
:10C68000000000A2941A6D42000040E59C30A242D6
:10C690000000901EC4BCD64200003426F56B0C434B
:10C6A0000080E03779C3414300A0D88557347643F2
:10C6B00000C84E676DC1AB43003D9160E458E14353
:10C6C000408CB5781DAF154450EFE2D6E41A4B44C8
:10C6D00092D54D06CFF08044F64AE1C7022DB5440D
:10C6E000B49DD9794378EA440500000019000000A0
:10C6F0007D0000000020202020202020202028284D
:10C700002828282020202020202020202020202011
:10C710002020202020881010101010101010101051
:10C720001010101010040404040404040404041081
:10C73000101010101010414141414141010101010F
:10C7400001010101010101010101010101010101D9
:10C7500010101010101042424242424202020202E5
:10C7600002020202020202020202020202020202A9
:10C770001010101020000000000000000000000059
:10C7800000000000000000000000000000000000A9
:10C790000000000000000000000000000000000099
:10C7A0000000000000000000000000000000000089
:10C7B0000000000000000000000000000000000079
:10C7C0000000000000000000000000000000000069
:10C7D0000000000000000000000000000000000059
:10C7E0000000000000000000000000000000000049
:08C7F000000000000000000041
:10C7F800AC020010A002001094020010BCBB001094
:10C8080088020010C8BB0010D4BB00108CBC0010FC
:10C8180003000068EFF3108C72B60268002AFCD09F
:10C82800BFF35F8F04229A56002A0BDB002910D031
:10C838000A6000201B68BFF35F8F00221A608CF328
:10C8480010887047D0221206127852B21A7101204D
:10C85800F0E70020EEE70000F8B5CE46474680B581
:10C868000400170098460368002B20D0D0231B062D
:10C878001B785BB299462668EFF3108C72B6356860
:10C88800002DFCD0BFF35F8F04256557002D14DB06
:10C898002368BFF35F8F00221A608CF3108838007A
:10C8A800414600F049FD0028E5D000200FE00A4B82
:10C8B8000A4A85210A4800F06FFD4B462371236818
:10C8C800BFF35F8F00221A608CF310880120C0BC70
:10C8D800B946B046F8BDC046B8AE001090AF0010DB
:10C8E80064AE001070B582B0060015001C0001A9E6
:10C8F800FFF78EFF002807D1019B5BB2D0221206FA
:10C90800127852B2934201D102B070BD2A002300BE
:10C918003000FFF7A1FFF7E7F8B506000F0000F0B9
:10C9280013FD04000D1E12DBFA22920000233800CA
:10C93800002100F021FD22002B0012184B41002B92
:10C948000BDB002B0DDB3000FFF786FFF8BD084B33
:10C95800084A3F21084800F01FFD01225242074BB8
:10C96800EFE7034B034A3F21034800F015FDC0469B
:10C97800CCAE0010A8AF0010E8AE0010FFFFFF7F9C
:10C9880010B50268EFF3108172B61368002BFCD063
:10C99800BFF35F8F0423C356002B0ADBFF23037109
:10C9A8000368BFF35F8F00221A6081F3108840BFCD
:10C9B80010BD034B034AB421034800F0EDFCC04608
:10C9C8004CAF001084AF001064AE0010094B1B7808
:10C9D800002B08D00CE09A008021490551180868FE
:10C9E8000549505001333F2BF5DD024B01221A70E7
:10C9F8007047C04643250020281D002010B5024B73
:10CA08000133984710BDC046281D002000280AD0D1
:10CA180003231B02054A12685340C02292001340A8
:10CA2800034A136070470223F3E7C0460C800140B5
:10CA38000C900140F0B5D6464F464646C0B50700B3
:10CA48000E00150018239A461B8814229046108859
:10CA580028499847814653461B88424610882649EC
:10CA68009847040053461B88424610882349984734
:10CA780080464B46002B0CD0002C0AD0002808D04A
:10CA8800FFF7A4FFC847A0470020FFF7BFFF2A0011
:10CA98000FE01B4B1B4A80211B4800F07DFC002B3C
:10CAA80007D0002A05D0C0235B051B6E3370013AFE
:10CAB80001362B00134312D0C0235B059C6A082360
:10CAC8002340A107EBD5002DE9D0511B0D29E6D84D
:10CAD8003878C02149050866013D0137DFE70120A4
:10CAE800FFF794FFC047FFF789FFE0BCBA46B1469D
:10CAF800A846F0BD494600004558000046430000DE
:10CB080030BF001070BF001024BE001010B5002305
:10CB180008E00133DA0000210848115084466244D5
:10CB28005160DBB20E2BF4D9F022920000210448A8
:10CB380000F0EAFB034B044A1A6010BD00001050D5
:10CB4800201F0020E422002080011050F0B5CE46BE
:10CB5800474680B585B0234B9F6D0024012603E02E
:10CB6800B74376000134E4B2002F36D01F2C34D8F6
:10CB78003E42F6D01C4B9E656308994601236340EC
:10CB880001221A4090464B465D0045446D01174B03
:10CB9800ED18280000F042FA0028E1D04B465B006F
:10CBA80043445B01114AD3189A789146DB8A984628
:10CBB8000C22002101A800F0A7FB07236A46537145
:10CBC8006B464A461A7243460393012101A800F0B6
:10CBD8004DFA280000F0ACF9C2E705B0C0BCB94670
:10CBE800B046F0BD0000115000301150E01E00208A
:10CBF800F0B585B0684A9823D55880239B022C004D
:10CC08001C401D424AD0654B9A6A654B1A60002445
:10CC1800002609E0634B99183C3100230B7000F0A3
:10CC2800B9F93E000134E4B20F2C17D8A201100064
:10CC380020305C4BC0189B183B331B78022BF1D17A
:10CC4800584B9B183A331F78002FEBD0554B9B1845
:10CC58003C331B78002BDDD13E00E3E7002E08D1E2
:10CC6800514B1B78002B04D1504A90338021890204
:10CC7800D150494B9C6C6405640D0C22002101A81D
:10CC880000F042FB00236A46137103335371029488
:10CC9800012101A800F0EAF98024A402EB0609D4D6
:10CCA800EB0329D580235B021C4301AB404A1A8061
:10CCB80000260BE010231C43FFF748FFF0E701AB09
:10CCC800985D00F031FB0123C3700136012EF6D9BF
:10CCD80001AE0C220021300000F016FB0623737011
:10CCE800344A02AB03CA03C30121300000F0BEF985
:10CCF8002E4B802292021A65EB0407D46B041ED4D3
:10CD08002B042FD4AC4241D105B0F0BD80235B0188
:10CD18001C43214B00221A60FFF7F8FE01AE0C22DB
:10CD28000021300000F0F0FA012373700121300077
:10CD380000F09CF91D4B802212031A65DEE7802360
:10CD4800DB011C4301AE0C220021300000F0DCFAAC
:10CD5800042373700121300000F088F9134B10226E
:10CD68001A65CDE780231B021C4301AE0C2200216B
:10CD7800300000F0C9FA052373700121300000F07B
:10CD880075F90A4B802212011A65BBE72100694038
:10CD9800094800F0C1FAC0460000115000400540A3
:10CDA800D01E0020E01E0020422500200030115037
:10CDB8000080FFFF0000105054C00010094B1B6C8E
:10CDC8009B070CD48378DB09012B01D0002007E0F6
:10CDD800C37E022B01D0002002E0012000E00020E9
:10CDE8007047C0460000115010B5FFF7E7FF002854
:10CDF80009D0064B9B6A064A12689B1A054A944654
:10CE08006344C62B00D810BD0020FCE70040054055
:10CE1800D01E0020E0FCFFFFF8B504000F00838A55
:10CE2800028B1E1C934200D9161CB6B29B1BA38210
:10CE38008025ED003543E378002B13D08022920142
:10CE4800154301225340E3706378002B0CD0A38A6A
:10CE5800002B02D18023DB011D43002F00D02D04BD
:10CE68002800F8BD0022EBE7B801E3689C4660445F
:10CE78003200216900F070FA23699C4666442661F5
:10CE880080231B021D43E2E770B5040083681B681A
:10CE9800002900D01B0C9D05AD0D6278002A12D127
:10CEA8001B0409D4E38A5B19E382238BAB4201D9C3
:10CEB8000023A382280070BD81210F4B0F4A49002F
:10CEC8000F4800F069FA1B040ED58901E3689C46F7
:10CED80061442A00206900F03FFAE38A5B19E38283
:10CEE80023695B192361E0E70A21064B034AFF31F6
:10CEF800034800F051FAC046D4C00010D8C1001051
:10CF0800F4C0001064C1001010B5040083681B68E9
:10CF18000021FFF7B9FF63681B685B0002D5238B0C
:10CF2800834200D010BD01212000FFF7ADFFF9E7D3
:10CF3800002383768382C3820361704710B500297A
:10CF480002D083681B681940002A0FD0114353058B
:10CF58000CD5826813685B050BD40B4B0B40136030
:10CF6800FFE7FFE7FFE7FFE7FFE7FFE783681960F1
:10CF780010BD83787F211940DB099B00034A9A582A
:10CF8800034800F0C9F9C046FFFBFFFF780D0020F9
:10CF980084C1001070B5040043681E680021FFF7C3
:10CFA8003BFF80256D010543194B1B6C02221100C4
:10CFB80019401A4202D1A378DB0906D0002906D00D
:10CFC800A3785B0616D1002302E0012300E00023CA
:10CFD800A28A002A01D0002B0ED00E4B1E408023BF
:10CFE8009B053343626813602A0000212000FFF785
:10CFF800A5FF70BD0123EBE701212000FFF70CFF1F
:10D008000543054B1E40A023DB053343EAE7C04632
:10D0180000001150FFFFFFAFFFFFFFDF70B50400F6
:10D02800857E002D06D0FFF76FFFA38A002B0BD15A
:10D03800280070BD83787F211940DB099B00094ACD
:10D048009A58094800F068F92000FFF7CDFE051E40
:10D0580003D0012323770025EAE72000FFF79AFF92
:10D06800E6E7C046780D0020A4C1001030B585B0B1
:10D0780005004378042B00D159E006D8022B2BD0A9
:10D08800032B00D0CBE0002483E0052B00D0C6E0C2
:10D09800704B1B78DB0748D56E4A137804218B4305
:10D0A80013706D4B1C68210014316269EFF3108016
:10D0B80072B61368002BFCD0BFF35F8F486029005D
:10D0C800200000F051F96269A369BFF35F8F002166
:10D0D800116083F3108828E05E4B1A7801218A4397
:10D0E8001A701A7801318A431A7000225A701A7815
:10D0F80002318A431A70584B1C6821001431626946
:10D10800EFF3108072B61368002BFCD0BFF35F8F6B
:10D1180048602900200000F027F96269A369BFF37D
:10D128005F8F0021116083F3108805B030BD494B33
:10D138001B78DB07F9D5474A137804210B43137092
:10D14800454B1C68210014316269EFF3108072B6F8
:10D158001368002BFCD0BFF35F8F486029002000C4
:10D1680000F002F96269A369BFF35F8F00211160C3
:10D1780083F31088D9E763001B19DA00374B1B6863
:10D188009B1818E023000FE0287869689847013455
:10D19800E4B2334B1B78A34213D3324A002AF1D0AE
:10D1A800A342E8D8E31ADBB2002BF0D15A00D21818
:10D1B800D2002D4B9B18002BE9D05B69002BE3D1E3
:10D1C800E5E7244B1B785B07AFD5224A1378042187
:10D1D8008B4313700C22002101A800F095F82B78DE
:10D1E8006A461371052353711B4B1C6821001431C7
:10D1F8006269EFF3108072B61368002BFCD0BFF39E
:10D208005F8F486001A9200000F0AEF86269A36949
:10D21800BFF35F8F0021116083F3108885E70E4B01
:10D228001C68210014316269EFF3108072B613682C
:10D23800002BFCD0BFF35F8F48602900200000F06E
:10D2480093F86269A369BFF35F8F0021116083F3CC
:10D2580010886AE7FC1B0020541C0020D41800200A
:10D26800412500202956001074C2001070B5041C16
:10D278000D1C00F027F8002802D12C1C201C70BDC2
:10D28800281C00F01FF80028F8D0291C201C00F0EA
:10D298007BF80028F2D1F0E770B5041C0D1C00F0F3
:10D2A80011F8002802D12C1C201C70BD281C00F08D
:10D2B80009F80028F8D0291C201C00F075F800286F
:10D2C800F2D1F0E74000430800280ED0FE210A4AB8
:10D2D800C9059A188A420CD308495A1E8A4206D9A7
:10D2E800074A98184342584170470220FCE7032038
:10D2F800FAE70420F8E7C046000080FFFEFF7F0041
:10D30800000080807047C04601B40248844601BCD2
:10D31800604700BF7552001001B40248844601BC42
:10D32800604700BF152C001001B40248844601BCB8
:10D33800604700BF0D5C001001B40248844601BC80
:10D34800604700BFDD1E001001B40248844601BCDE
:10D35800604700BF3120001001B40248844601BC78
:10D36800604700BF8152001001B40248844601BCE6
:10D37800604700BF757A001001B40248844601BCBA
:10D38800604700BF054D001001B40248844601BC47
:10D39800604700BF0D4E001001B40248844601BC2E
:10D3A800604700BFE12A001001B40248844601BC6E
:10D3B800604700BFE14D001000007A4416000000ED
:10D3C8001A0000001B0000001C0000000000000004
:10D3D800010000000200000003000000040000003B
:10D3E8000500000006000000070000000080A244BD
:10D3F8000000C84331323341343536423738394377
:10D408002A3023441200000013000000140000001A
:10D4180015000000100000000000000000000100DE
:10D4280000000000000000000000020000000000F2
:10D4380000000000000003000000000000000000E1
:10D448000000FF000000000001B5486801318E4669
:10D458000047704609380149884701BD811200100C
:10D46800280D00200000000070170020641E002016
:10D478000000000000000000741E002000000000F2
:10D488000000000010000000000000000000000084
:10D49800503300004C330000543300005233000076
:10D4A8004D5300004D430000533400004334000046
:10D4B800C559001000000000015900105D56001009
:10D4C8000000000000010000D0C10010D4C100100D
:10D4D800581C002010000C00000000000000000094
:10D4E800000000000000000000000000FF00000035
:10D4F800A80D00200000000000000000941000208B
:10D50800FC10002064110020000000000000000052
:10D518000000000000000000000000000000000003
:10D5280000000000000000000000000000000000F3
:10D5380000000000000000000000000000000000E3
:10D5480000000000000000000000000000000000D3
:10D5580000000000000000000000000000000000C3
:10D5680000000000000000000000000000000000B3
:10D5780000000000000000000000000000000000A3
:10D588000000000000000000000000000000000093
:10D598000000000000000000000000000000000083
:10D5A80001000000000000000E33CDAB34126DE620
:10D5B800ECDE05000B000000000000000000000089
:10D5C8000000000000000000000000000000000053
:10D5D8000000000000000000000000000000000043
:10D5E8000000000000000000000000000000000033
:10D5F8000000000000000000000000000000000023
:10D608000000000000000000000000000000000012
:10D618000000000000000000000000000000000002
:10D6280000000000000000000000000000000000F2
:10D6380000000000000000000000000000000000E2
:10D6480000000000000000000000000000000000D2
:10D6580000000000000000000000000000000000C2
:10D6680000000000000000000000000000000000B2
:10D6780000000000000000000000000000000000A2
:10D688000000000000000000000000000000000092
:10D698000000000000000000000000000000000082
:10D6A8000000000000000000000000000000000072
:10D6B8000000000000000000000000000000000062
:10D6C8000000000000000000000000000000000052
:10D6D8000000000000000000000000000000000042
:10D6E8000000000000000000000000000000000032
:10D6F8000000000000000000000000000000000022
:10D708000000000000000000000000000000000011
:10D718000000000000000000000000000000000001
:10D7280000000000000000000000000000000000F1
:10D7380000000000000000000000000000000000E1
:10D7480000000000000000000000000000000000D1
:10D7580000000000000000000000000000000000C1
:10D7680000000000000000000000000000000000B1
:10D7780000000000000000000000000000000000A1
:10D788000000000000000000000000000000000091
:10D798000000000000000000000000000000000081
:10D7A8000000000000000000000000000000000071
:10D7B8000000000000000000000000000000000061
:10D7C8000000000000000000000000000000000051
:10D7D8000000000000000000000000000000000041
:10D7E8000000000000000000000000000000000031
:10D7F8000000000000000000000000000000000021
:10D808000000000000000000000000000000000010
:10D818000000000000000000000000000000000000
:10D8280000000000000000000000000000000000F0
:10D8380000000000000000000000000000000000E0
:10D8480000000000000000000000000000000000D0
:10D8580000000000000000000000000000000000C0
:10D8680000000000000000000000000000000000B0
:10D8780000000000000000000000000000000000A0
:10D888000000000000000000000000000000000090
:10D898000000000000000000000000000000000080
:10D8A8000000000000000000000000000000000070
:10D8B8000000000000000000000000000000000060
:10D8C8000000000000000000000000000000000050
:10D8D8000000000000000000000000000000000040
:10D8E8000000000000000000000000000000000030
:10D8F8000000000000000000000000000000000020
:10D90800000000000000000000000000000000000F
:10D9180000000000000000000000000000000000FF
:10D928000000000000000000D0110020D0110020ED
:10D93800D8110020D8110020E0110020E0110020AB
:10D94800E8110020E8110020F0110020F01100205B
:10D95800F8110020F8110020001200200012002009
:10D9680008120020081200201012002010120020B7
:10D978001812002018120020201200202012002067
:10D988002812002028120020301200203012002017
:10D9980038120020381200204012002040120020C7
:10D9A8004812002048120020501200205012002077
:10D9B8005812002058120020601200206012002027
:10D9C80068120020681200207012002070120020D7
:10D9D8007812002078120020801200208012002087
:10D9E8008812002088120020901200209012002037
:10D9F8009812002098120020A0120020A0120020E7
:10DA0800A8120020A8120020B0120020B012002096
:10DA1800B8120020B8120020C0120020C012002046
:10DA2800C8120020C8120020D0120020D0120020F6
:10DA3800D8120020D8120020E0120020E0120020A6
:10DA4800E8120020E8120020F0120020F012002056
:10DA5800F8120020F8120020001300200013002004
:10DA680008130020081300201013002010130020B2
:10DA78001813002018130020201300202013002062
:10DA88002813002028130020301300203013002012
:10DA980038130020381300204013002040130020C2
:10DAA8004813002048130020501300205013002072
:10DAB8005813002058130020601300206013002022
:10DAC80068130020681300207013002070130020D2
:10DAD8007813002078130020801300208013002082
:10DAE8008813002088130020901300209013002032
:10DAF8009813002098130020A0130020A0130020E2
:10DB0800A8130020A8130020B0130020B013002091
:10DB1800B8130020B8130020C0130020C013002041
:10DB2800C8130020C8130020D0130020D0130020F1
:10DB3800D8130020D8130020E0130020E0130020A1
:10DB4800E8130020E8130020F0130020F013002051
:10DB5800F8130020F81300200014002000140020FF
:10DB680008140020081400201014002010140020AD
:10DB7800181400201814002020140020201400205D
:10DB8800281400202814002030140020301400200D
:10DB980038140020381400204014002040140020BD
:10DBA800481400204814002050140020501400206D
:10DBB800581400205814002060140020601400201D
:10DBC80068140020681400207014002070140020CD
:10DBD800781400207814002080140020801400207D
:10DBE800881400208814002090140020901400202D
:10DBF8009814002098140020A0140020A0140020DD
:10DC0800A8140020A8140020B0140020B01400208C
:10DC1800B8140020B8140020C0140020C01400203C
:10DC2800C8140020C8140020D0140020D0140020EC
:10DC3800D8140020D8140020E0140020E01400209C
:10DC4800E8140020E8140020F0140020F01400204C
:10DC5800F8140020F81400200015002000150020FA
:10DC680008150020081500201015002010150020A8
:10DC78001815002018150020201500202015002058
:10DC88002815002028150020301500203015002008
:10DC980038150020381500204015002040150020B8
:10DCA8004815002048150020501500205015002068
:10DCB8005815002058150020601500206015002018
:10DCC80068150020681500207015002070150020C8
:10DCD8007815002078150020801500208015002078
:10DCE8008815002088150020901500209015002028
:10DCF8009815002098150020A0150020A0150020D8
:10DD0800A8150020A8150020B0150020B015002087
:10DD1800B8150020B8150020C0150020C015002037
:10DD2800C8150020C8150020FFFFFFFF00000200F3
:10DD3800FF00000043000000000000000000000099
:10DD480000000000000000000000000000000000CB
:10DD58000000000043000000000000000000000078
:10DD680000000000000000000000000000000000AB
:10DD78000000000043000000000000000000000058
:10DD8800000000000000000000000000000000008B
:10DD98000000000043000000000000000000000038
:10DDA800000000000000000000000000000000006B
:10DDB8000000000043000000000000000000000018
:10DDC800000000000000000000000000000000004B
:10DDD80000000000430000000000000000000000F8
:10DDE800000000000000000000000000000000002B
:10DDF80000000000430000000000000000000000D8
:10DE0800000000000000000000000000000000000A
:10DE180000000000B1A80010359D001000000000AF
:10DE2800F4C600105CC50010DCAA0010DCAA0010C3
:10DE3800DCAA0010DCAA0010DCAA0010DCAA001082
:10DE4800DCAA0010DCAA0010DCAA0010FFFFFFFF0C
:10DE5800FFFFFFFFFFFFFFFFFFFF0000010041532F
:10DE680043494900000000000000000000000000D5
:10DE78000000000000000000000000000000415306
:10DE880043494900000000000000000000000000B5
:10DE9800000000000000000000000000000000007A
:10DEA800000000000000000065520010853D0010D1
:10DEB80035450010F94E0010E5020010555B0010C2
:04000005100001E9FD
:00000001FF
