
C:/Users/pc/Desktop/DIG3_3/GDS_C_INT+POL/signal_gen/build/main.elf:     file format elf32-littlearm

Sections:
Idx Name          Size      VMA       LMA       File off  Algn
  0 .boot2        00000100  10000000  10000000  00001000  2**0
                  CONTENTS, ALLOC, LOAD, READONLY, CODE
  1 .text         0000a8d0  10000100  10000100  00001100  2**3
                  CONTENTS, ALLOC, LOAD, READONLY, CODE
  2 .rodata       00001e28  1000a9d0  1000a9d0  0000b9d0  2**3
                  CONTENTS, ALLOC, LOAD, READONLY, DATA
  3 .binary_info  00000020  1000c7f8  1000c7f8  0000d7f8  2**2
                  CONTENTS, ALLOC, LOAD, READONLY, DATA
  4 .ram_vector_table 000000c0  20000000  20000000  00010000  2**2
                  ALLOC
  5 .data         000016b0  200000c0  1000c818  0000e0c0  2**4
                  CONTENTS, ALLOC, LOAD, READONLY, CODE
  6 .uninitialized_data 00000000  20001770  20001770  0000f770  2**0
                  CONTENTS
  7 .scratch_x    00000000  20040000  20040000  0000f770  2**0
                  CONTENTS
  8 .scratch_y    00000000  20041000  20041000  0000f770  2**0
                  CONTENTS
  9 .bss          00000ddc  20001770  20001770  00010000  2**3
                  ALLOC
 10 .heap         00000800  2000254c  2000254c  0000f770  2**2
                  CONTENTS, READONLY
 11 .stack_dummy  00000800  20041000  20041000  0000ff80  2**5
                  CONTENTS, READONLY
 12 .ARM.attributes 00000028  00000000  00000000  00010780  2**0
                  CONTENTS, READONLY
 13 .comment      00000049  00000000  00000000  000107a8  2**0
                  CONTENTS, READONLY
 14 .debug_info   0002fc10  00000000  00000000  000107f1  2**0
                  CONTENTS, READONLY, DEBUGGING, OCTETS
 15 .debug_abbrev 00006f0b  00000000  00000000  00040401  2**0
                  CONTENTS, READONLY, DEBUGGING, OCTETS
 16 .debug_loc    00026ab9  00000000  00000000  0004730c  2**0
                  CONTENTS, READONLY, DEBUGGING, OCTETS
 17 .debug_aranges 000016f0  00000000  00000000  0006ddc8  2**3
                  CONTENTS, READONLY, DEBUGGING, OCTETS
 18 .debug_ranges 00005568  00000000  00000000  0006f4b8  2**3
                  CONTENTS, READONLY, DEBUGGING, OCTETS
 19 .debug_line   0001d461  00000000  00000000  00074a20  2**0
                  CONTENTS, READONLY, DEBUGGING, OCTETS
 20 .debug_str    00007ac3  00000000  00000000  00091e81  2**0
                  CONTENTS, READONLY, DEBUGGING, OCTETS
 21 .debug_frame  00003a28  00000000  00000000  00099944  2**2
                  CONTENTS, READONLY, DEBUGGING, OCTETS

C:/Users/pc/Desktop/DIG3_3/GDS_C_INT+POL/signal_gen/build/main.elf:     file format elf32-littlearm


Disassembly of section .boot2:

10000000 <__boot2_start__>:
10000000:	4b32b500 	.word	0x4b32b500
10000004:	60582021 	.word	0x60582021
10000008:	21026898 	.word	0x21026898
1000000c:	60984388 	.word	0x60984388
10000010:	611860d8 	.word	0x611860d8
10000014:	4b2e6158 	.word	0x4b2e6158
10000018:	60992100 	.word	0x60992100
1000001c:	61592102 	.word	0x61592102
10000020:	22f02101 	.word	0x22f02101
10000024:	492b5099 	.word	0x492b5099
10000028:	21016019 	.word	0x21016019
1000002c:	20356099 	.word	0x20356099
10000030:	f844f000 	.word	0xf844f000
10000034:	42902202 	.word	0x42902202
10000038:	2106d014 	.word	0x2106d014
1000003c:	f0006619 	.word	0xf0006619
10000040:	6e19f834 	.word	0x6e19f834
10000044:	66192101 	.word	0x66192101
10000048:	66182000 	.word	0x66182000
1000004c:	f000661a 	.word	0xf000661a
10000050:	6e19f82c 	.word	0x6e19f82c
10000054:	6e196e19 	.word	0x6e196e19
10000058:	f0002005 	.word	0xf0002005
1000005c:	2101f82f 	.word	0x2101f82f
10000060:	d1f94208 	.word	0xd1f94208
10000064:	60992100 	.word	0x60992100
10000068:	6019491b 	.word	0x6019491b
1000006c:	60592100 	.word	0x60592100
10000070:	481b491a 	.word	0x481b491a
10000074:	21016001 	.word	0x21016001
10000078:	21eb6099 	.word	0x21eb6099
1000007c:	21a06619 	.word	0x21a06619
10000080:	f0006619 	.word	0xf0006619
10000084:	2100f812 	.word	0x2100f812
10000088:	49166099 	.word	0x49166099
1000008c:	60014814 	.word	0x60014814
10000090:	60992101 	.word	0x60992101
10000094:	2800bc01 	.word	0x2800bc01
10000098:	4700d000 	.word	0x4700d000
1000009c:	49134812 	.word	0x49134812
100000a0:	c8036008 	.word	0xc8036008
100000a4:	8808f380 	.word	0x8808f380
100000a8:	b5034708 	.word	0xb5034708
100000ac:	20046a99 	.word	0x20046a99
100000b0:	d0fb4201 	.word	0xd0fb4201
100000b4:	42012001 	.word	0x42012001
100000b8:	bd03d1f8 	.word	0xbd03d1f8
100000bc:	6618b502 	.word	0x6618b502
100000c0:	f7ff6618 	.word	0xf7ff6618
100000c4:	6e18fff2 	.word	0x6e18fff2
100000c8:	bd026e18 	.word	0xbd026e18
100000cc:	40020000 	.word	0x40020000
100000d0:	18000000 	.word	0x18000000
100000d4:	00070000 	.word	0x00070000
100000d8:	005f0300 	.word	0x005f0300
100000dc:	00002221 	.word	0x00002221
100000e0:	180000f4 	.word	0x180000f4
100000e4:	a0002022 	.word	0xa0002022
100000e8:	10000100 	.word	0x10000100
100000ec:	e000ed08 	.word	0xe000ed08
	...
100000fc:	7a4eb274 	.word	0x7a4eb274

Disassembly of section .text:

10000100 <__VECTOR_TABLE>:
10000100:	20042000 	.word	0x20042000
10000104:	100001f7 	.word	0x100001f7
10000108:	100001c3 	.word	0x100001c3
1000010c:	100001c5 	.word	0x100001c5
10000110:	100001c1 	.word	0x100001c1
10000114:	100001c1 	.word	0x100001c1
10000118:	100001c1 	.word	0x100001c1
1000011c:	100001c1 	.word	0x100001c1
10000120:	100001c1 	.word	0x100001c1
10000124:	100001c1 	.word	0x100001c1
10000128:	100001c1 	.word	0x100001c1
1000012c:	100001c7 	.word	0x100001c7
10000130:	100001c1 	.word	0x100001c1
10000134:	100001c1 	.word	0x100001c1
10000138:	100001c9 	.word	0x100001c9
1000013c:	100001cb 	.word	0x100001cb
10000140:	100001cd 	.word	0x100001cd
10000144:	100001cd 	.word	0x100001cd
10000148:	100001cd 	.word	0x100001cd
1000014c:	100001cd 	.word	0x100001cd
10000150:	100001cd 	.word	0x100001cd
10000154:	100001cd 	.word	0x100001cd
10000158:	100001cd 	.word	0x100001cd
1000015c:	100001cd 	.word	0x100001cd
10000160:	100001cd 	.word	0x100001cd
10000164:	100001cd 	.word	0x100001cd
10000168:	100001cd 	.word	0x100001cd
1000016c:	100001cd 	.word	0x100001cd
10000170:	100001cd 	.word	0x100001cd
10000174:	100001cd 	.word	0x100001cd
10000178:	100001cd 	.word	0x100001cd
1000017c:	100001cd 	.word	0x100001cd
10000180:	100001cd 	.word	0x100001cd
10000184:	100001cd 	.word	0x100001cd
10000188:	100001cd 	.word	0x100001cd
1000018c:	100001cd 	.word	0x100001cd
10000190:	100001cd 	.word	0x100001cd
10000194:	100001cd 	.word	0x100001cd
10000198:	100001cd 	.word	0x100001cd
1000019c:	100001cd 	.word	0x100001cd
100001a0:	100001cd 	.word	0x100001cd
100001a4:	100001cd 	.word	0x100001cd
100001a8:	100001cd 	.word	0x100001cd
100001ac:	100001cd 	.word	0x100001cd
100001b0:	100001cd 	.word	0x100001cd
100001b4:	100001cd 	.word	0x100001cd
100001b8:	100001cd 	.word	0x100001cd
100001bc:	100001cd 	.word	0x100001cd

100001c0 <isr_invalid>:
100001c0:	be00      	bkpt	0x0000

100001c2 <isr_nmi>:
100001c2:	be00      	bkpt	0x0000

100001c4 <isr_hardfault>:
100001c4:	be00      	bkpt	0x0000

100001c6 <isr_svcall>:
100001c6:	be00      	bkpt	0x0000

100001c8 <isr_pendsv>:
100001c8:	be00      	bkpt	0x0000

100001ca <isr_systick>:
100001ca:	be00      	bkpt	0x0000

100001cc <__unhandled_user_irq>:
100001cc:	f3ef 8005 	mrs	r0, IPSR
100001d0:	3810      	subs	r0, #16

100001d2 <unhandled_user_irq_num_in_r0>:
100001d2:	be00      	bkpt	0x0000

100001d4 <binary_info_header>:
100001d4:	7188ebf2 	.word	0x7188ebf2
100001d8:	1000c7f8 	.word	0x1000c7f8
100001dc:	1000c818 	.word	0x1000c818
100001e0:	10000234 	.word	0x10000234
100001e4:	e71aa390 	.word	0xe71aa390

100001e8 <_entry_point>:
100001e8:	2000      	movs	r0, #0
100001ea:	491f      	ldr	r1, [pc, #124]	; (10000268 <hold_non_core0_in_bootrom+0xa>)
100001ec:	6008      	str	r0, [r1, #0]
100001ee:	c806      	ldmia	r0!, {r1, r2}
100001f0:	f381 8808 	msr	MSP, r1
100001f4:	4710      	bx	r2

100001f6 <_reset_handler>:
100001f6:	481d      	ldr	r0, [pc, #116]	; (1000026c <hold_non_core0_in_bootrom+0xe>)
100001f8:	6800      	ldr	r0, [r0, #0]
100001fa:	2800      	cmp	r0, #0
100001fc:	d12f      	bne.n	1000025e <hold_non_core0_in_bootrom>
100001fe:	a40d      	add	r4, pc, #52	; (adr r4, 10000234 <data_cpy_table>)
10000200:	cc0e      	ldmia	r4!, {r1, r2, r3}
10000202:	2900      	cmp	r1, #0
10000204:	d002      	beq.n	1000020c <_reset_handler+0x16>
10000206:	f000 f812 	bl	1000022e <data_cpy>
1000020a:	e7f9      	b.n	10000200 <_reset_handler+0xa>
1000020c:	4918      	ldr	r1, [pc, #96]	; (10000270 <hold_non_core0_in_bootrom+0x12>)
1000020e:	4a19      	ldr	r2, [pc, #100]	; (10000274 <hold_non_core0_in_bootrom+0x16>)
10000210:	2000      	movs	r0, #0
10000212:	e000      	b.n	10000216 <bss_fill_test>

10000214 <bss_fill_loop>:
10000214:	c101      	stmia	r1!, {r0}

10000216 <bss_fill_test>:
10000216:	4291      	cmp	r1, r2
10000218:	d1fc      	bne.n	10000214 <bss_fill_loop>

1000021a <platform_entry>:
1000021a:	4917      	ldr	r1, [pc, #92]	; (10000278 <hold_non_core0_in_bootrom+0x1a>)
1000021c:	4788      	blx	r1
1000021e:	4917      	ldr	r1, [pc, #92]	; (1000027c <hold_non_core0_in_bootrom+0x1e>)
10000220:	4788      	blx	r1
10000222:	4917      	ldr	r1, [pc, #92]	; (10000280 <hold_non_core0_in_bootrom+0x22>)
10000224:	4788      	blx	r1
10000226:	be00      	bkpt	0x0000
10000228:	e7fd      	b.n	10000226 <platform_entry+0xc>

1000022a <data_cpy_loop>:
1000022a:	c901      	ldmia	r1!, {r0}
1000022c:	c201      	stmia	r2!, {r0}

1000022e <data_cpy>:
1000022e:	429a      	cmp	r2, r3
10000230:	d3fb      	bcc.n	1000022a <data_cpy_loop>
10000232:	4770      	bx	lr

10000234 <data_cpy_table>:
10000234:	1000c818 	.word	0x1000c818
10000238:	200000c0 	.word	0x200000c0
1000023c:	20001770 	.word	0x20001770
10000240:	1000dec8 	.word	0x1000dec8
10000244:	20040000 	.word	0x20040000
10000248:	20040000 	.word	0x20040000
1000024c:	1000dec8 	.word	0x1000dec8
10000250:	20041000 	.word	0x20041000
10000254:	20041000 	.word	0x20041000
10000258:	00000000 	.word	0x00000000
1000025c:	4770      	bx	lr

1000025e <hold_non_core0_in_bootrom>:
1000025e:	4809      	ldr	r0, [pc, #36]	; (10000284 <hold_non_core0_in_bootrom+0x26>)
10000260:	f003 fd98 	bl	10003d94 <rom_func_lookup>
10000264:	4700      	bx	r0
10000266:	0000      	.short	0x0000
10000268:	e000ed08 	.word	0xe000ed08
1000026c:	d0000000 	.word	0xd0000000
10000270:	20001770 	.word	0x20001770
10000274:	2000254c 	.word	0x2000254c
10000278:	10002b1d 	.word	0x10002b1d
1000027c:	100006cd 	.word	0x100006cd
10000280:	10002ad9 	.word	0x10002ad9
10000284:	00005657 	.word	0x00005657

10000288 <__bi_50>:
10000288:	50520006 5360b3ab 1000bb98              ..RP..`S....

10000294 <__bi_38>:
10000294:	50520006 02031c86 1000bba8              ..RP........

100002a0 <__bi_30>:
100002a0:	50520006 9da22254 1000bbb0              ..RPT"......

100002ac <__bi_22>:
100002ac:	50520005 68f465de 1000dec8              ..RP.e.h....

100002b8 <_init>:
100002b8:	b5f8      	push	{r3, r4, r5, r6, r7, lr}
100002ba:	46c0      	nop			; (mov r8, r8)

100002bc <__do_global_dtors_aux>:
100002bc:	b510      	push	{r4, lr}
100002be:	4c06      	ldr	r4, [pc, #24]	; (100002d8 <__do_global_dtors_aux+0x1c>)
100002c0:	7823      	ldrb	r3, [r4, #0]
100002c2:	2b00      	cmp	r3, #0
100002c4:	d107      	bne.n	100002d6 <__do_global_dtors_aux+0x1a>
100002c6:	4b05      	ldr	r3, [pc, #20]	; (100002dc <__do_global_dtors_aux+0x20>)
100002c8:	2b00      	cmp	r3, #0
100002ca:	d002      	beq.n	100002d2 <__do_global_dtors_aux+0x16>
100002cc:	4804      	ldr	r0, [pc, #16]	; (100002e0 <__do_global_dtors_aux+0x24>)
100002ce:	e000      	b.n	100002d2 <__do_global_dtors_aux+0x16>
100002d0:	bf00      	nop
100002d2:	2301      	movs	r3, #1
100002d4:	7023      	strb	r3, [r4, #0]
100002d6:	bd10      	pop	{r4, pc}
100002d8:	20001880 	.word	0x20001880
100002dc:	00000000 	.word	0x00000000
100002e0:	1000a9d0 	.word	0x1000a9d0

100002e4 <frame_dummy>:
100002e4:	4b04      	ldr	r3, [pc, #16]	; (100002f8 <frame_dummy+0x14>)
100002e6:	b510      	push	{r4, lr}
100002e8:	2b00      	cmp	r3, #0
100002ea:	d003      	beq.n	100002f4 <frame_dummy+0x10>
100002ec:	4903      	ldr	r1, [pc, #12]	; (100002fc <frame_dummy+0x18>)
100002ee:	4804      	ldr	r0, [pc, #16]	; (10000300 <frame_dummy+0x1c>)
100002f0:	e000      	b.n	100002f4 <frame_dummy+0x10>
100002f2:	bf00      	nop
100002f4:	bd10      	pop	{r4, pc}
100002f6:	46c0      	nop			; (mov r8, r8)
100002f8:	00000000 	.word	0x00000000
100002fc:	20001884 	.word	0x20001884
10000300:	1000a9d0 	.word	0x1000a9d0

10000304 <changeWaveform>:
10000304:	b510      	push	{r4, lr}
10000306:	490f      	ldr	r1, [pc, #60]	; (10000344 <changeWaveform+0x40>)
10000308:	780a      	ldrb	r2, [r1, #0]
1000030a:	3201      	adds	r2, #1
1000030c:	2303      	movs	r3, #3
1000030e:	4013      	ands	r3, r2
10000310:	700b      	strb	r3, [r1, #0]
10000312:	2b02      	cmp	r3, #2
10000314:	d012      	beq.n	1000033c <changeWaveform+0x38>
10000316:	d807      	bhi.n	10000328 <changeWaveform+0x24>
10000318:	2b00      	cmp	r3, #0
1000031a:	d00b      	beq.n	10000334 <changeWaveform+0x30>
1000031c:	2b01      	cmp	r3, #1
1000031e:	d10c      	bne.n	1000033a <changeWaveform+0x36>
10000320:	4809      	ldr	r0, [pc, #36]	; (10000348 <changeWaveform+0x44>)
10000322:	f005 f8e3 	bl	100054ec <__wrap_puts>
10000326:	e008      	b.n	1000033a <changeWaveform+0x36>
10000328:	2b03      	cmp	r3, #3
1000032a:	d106      	bne.n	1000033a <changeWaveform+0x36>
1000032c:	4807      	ldr	r0, [pc, #28]	; (1000034c <changeWaveform+0x48>)
1000032e:	f005 f8dd 	bl	100054ec <__wrap_puts>
10000332:	e002      	b.n	1000033a <changeWaveform+0x36>
10000334:	4806      	ldr	r0, [pc, #24]	; (10000350 <changeWaveform+0x4c>)
10000336:	f005 f8d9 	bl	100054ec <__wrap_puts>
1000033a:	bd10      	pop	{r4, pc}
1000033c:	4805      	ldr	r0, [pc, #20]	; (10000354 <changeWaveform+0x50>)
1000033e:	f005 f8d5 	bl	100054ec <__wrap_puts>
10000342:	e7fa      	b.n	1000033a <changeWaveform+0x36>
10000344:	20002545 	.word	0x20002545
10000348:	1000a9f0 	.word	0x1000a9f0
1000034c:	1000aa40 	.word	0x1000aa40
10000350:	1000a9d0 	.word	0x1000a9d0
10000354:	1000aa14 	.word	0x1000aa14

10000358 <waveformButtonCallback>:
10000358:	b5f8      	push	{r3, r4, r5, r6, r7, lr}
1000035a:	0006      	movs	r6, r0
1000035c:	000f      	movs	r7, r1
1000035e:	f001 fe67 	bl	10002030 <time_us_64>
10000362:	0004      	movs	r4, r0
10000364:	000d      	movs	r5, r1
10000366:	4b0b      	ldr	r3, [pc, #44]	; (10000394 <waveformButtonCallback+0x3c>)
10000368:	681a      	ldr	r2, [r3, #0]
1000036a:	685b      	ldr	r3, [r3, #4]
1000036c:	1a80      	subs	r0, r0, r2
1000036e:	4199      	sbcs	r1, r3
10000370:	1e0a      	subs	r2, r1, #0
10000372:	d103      	bne.n	1000037c <waveformButtonCallback+0x24>
10000374:	d107      	bne.n	10000386 <waveformButtonCallback+0x2e>
10000376:	4b08      	ldr	r3, [pc, #32]	; (10000398 <waveformButtonCallback+0x40>)
10000378:	4298      	cmp	r0, r3
1000037a:	d904      	bls.n	10000386 <waveformButtonCallback+0x2e>
1000037c:	2e10      	cmp	r6, #16
1000037e:	d003      	beq.n	10000388 <waveformButtonCallback+0x30>
10000380:	4b04      	ldr	r3, [pc, #16]	; (10000394 <waveformButtonCallback+0x3c>)
10000382:	601c      	str	r4, [r3, #0]
10000384:	605d      	str	r5, [r3, #4]
10000386:	bdf8      	pop	{r3, r4, r5, r6, r7, pc}
10000388:	2f08      	cmp	r7, #8
1000038a:	d1f9      	bne.n	10000380 <waveformButtonCallback+0x28>
1000038c:	f7ff ffba 	bl	10000304 <changeWaveform>
10000390:	e7f6      	b.n	10000380 <waveformButtonCallback+0x28>
10000392:	46c0      	nop			; (mov r8, r8)
10000394:	20001870 	.word	0x20001870
10000398:	0000270f 	.word	0x0000270f

1000039c <setup_gpio>:
1000039c:	b570      	push	{r4, r5, r6, lr}
1000039e:	2400      	movs	r4, #0
100003a0:	e00b      	b.n	100003ba <setup_gpio+0x1e>
100003a2:	4d11      	ldr	r5, [pc, #68]	; (100003e8 <setup_gpio+0x4c>)
100003a4:	00a6      	lsls	r6, r4, #2
100003a6:	5970      	ldr	r0, [r6, r5]
100003a8:	f000 fc16 	bl	10000bd8 <gpio_init>
100003ac:	5972      	ldr	r2, [r6, r5]
100003ae:	2301      	movs	r3, #1
100003b0:	4093      	lsls	r3, r2
100003b2:	22d0      	movs	r2, #208	; 0xd0
100003b4:	0612      	lsls	r2, r2, #24
100003b6:	6253      	str	r3, [r2, #36]	; 0x24
100003b8:	3401      	adds	r4, #1
100003ba:	2c07      	cmp	r4, #7
100003bc:	ddf1      	ble.n	100003a2 <setup_gpio+0x6>
100003be:	2010      	movs	r0, #16
100003c0:	f000 fc0a 	bl	10000bd8 <gpio_init>
100003c4:	23d0      	movs	r3, #208	; 0xd0
100003c6:	061b      	lsls	r3, r3, #24
100003c8:	2280      	movs	r2, #128	; 0x80
100003ca:	0252      	lsls	r2, r2, #9
100003cc:	629a      	str	r2, [r3, #40]	; 0x28
100003ce:	2200      	movs	r2, #0
100003d0:	2101      	movs	r1, #1
100003d2:	2010      	movs	r0, #16
100003d4:	f000 fb30 	bl	10000a38 <gpio_set_pulls>
100003d8:	4b04      	ldr	r3, [pc, #16]	; (100003ec <setup_gpio+0x50>)
100003da:	2201      	movs	r2, #1
100003dc:	2104      	movs	r1, #4
100003de:	2010      	movs	r0, #16
100003e0:	f000 fb9e 	bl	10000b20 <gpio_set_irq_enabled_with_callback>
100003e4:	bd70      	pop	{r4, r5, r6, pc}
100003e6:	46c0      	nop			; (mov r8, r8)
100003e8:	20000c7c 	.word	0x20000c7c
100003ec:	10000359 	.word	0x10000359

100003f0 <write_dac>:
100003f0:	b510      	push	{r4, lr}
100003f2:	2300      	movs	r3, #0
100003f4:	e003      	b.n	100003fe <write_dac+0xe>
100003f6:	22d0      	movs	r2, #208	; 0xd0
100003f8:	0612      	lsls	r2, r2, #24
100003fa:	6194      	str	r4, [r2, #24]
100003fc:	3301      	adds	r3, #1
100003fe:	2b07      	cmp	r3, #7
10000400:	dc0d      	bgt.n	1000041e <write_dac+0x2e>
10000402:	009a      	lsls	r2, r3, #2
10000404:	4906      	ldr	r1, [pc, #24]	; (10000420 <write_dac+0x30>)
10000406:	5852      	ldr	r2, [r2, r1]
10000408:	2101      	movs	r1, #1
1000040a:	000c      	movs	r4, r1
1000040c:	4094      	lsls	r4, r2
1000040e:	0002      	movs	r2, r0
10000410:	411a      	asrs	r2, r3
10000412:	4211      	tst	r1, r2
10000414:	d0ef      	beq.n	100003f6 <write_dac+0x6>
10000416:	22d0      	movs	r2, #208	; 0xd0
10000418:	0612      	lsls	r2, r2, #24
1000041a:	6154      	str	r4, [r2, #20]
1000041c:	e7ee      	b.n	100003fc <write_dac+0xc>
1000041e:	bd10      	pop	{r4, pc}
10000420:	20000c7c 	.word	0x20000c7c

10000424 <setup>:
10000424:	b510      	push	{r4, lr}
10000426:	f005 f89d 	bl	10005564 <stdio_init_all>
1000042a:	f7ff ffb7 	bl	1000039c <setup_gpio>
1000042e:	bd10      	pop	{r4, pc}

10000430 <getKeypadInput>:
10000430:	b5f8      	push	{r3, r4, r5, r6, r7, lr}
10000432:	2400      	movs	r4, #0
10000434:	e00f      	b.n	10000456 <getKeypadInput+0x26>
10000436:	4d27      	ldr	r5, [pc, #156]	; (100004d4 <getKeypadInput+0xa4>)
10000438:	00a6      	lsls	r6, r4, #2
1000043a:	5970      	ldr	r0, [r6, r5]
1000043c:	f000 fbcc 	bl	10000bd8 <gpio_init>
10000440:	5970      	ldr	r0, [r6, r5]
10000442:	2301      	movs	r3, #1
10000444:	4083      	lsls	r3, r0
10000446:	22d0      	movs	r2, #208	; 0xd0
10000448:	0612      	lsls	r2, r2, #24
1000044a:	6293      	str	r3, [r2, #40]	; 0x28
1000044c:	2200      	movs	r2, #0
1000044e:	2101      	movs	r1, #1
10000450:	f000 faf2 	bl	10000a38 <gpio_set_pulls>
10000454:	3401      	adds	r4, #1
10000456:	2c03      	cmp	r4, #3
10000458:	d9ed      	bls.n	10000436 <getKeypadInput+0x6>
1000045a:	2500      	movs	r5, #0
1000045c:	2600      	movs	r6, #0
1000045e:	e026      	b.n	100004ae <getKeypadInput+0x7e>
10000460:	3401      	adds	r4, #1
10000462:	2c03      	cmp	r4, #3
10000464:	d819      	bhi.n	1000049a <getKeypadInput+0x6a>
10000466:	00a3      	lsls	r3, r4, #2
10000468:	4a1a      	ldr	r2, [pc, #104]	; (100004d4 <getKeypadInput+0xa4>)
1000046a:	589a      	ldr	r2, [r3, r2]
1000046c:	23d0      	movs	r3, #208	; 0xd0
1000046e:	061b      	lsls	r3, r3, #24
10000470:	685b      	ldr	r3, [r3, #4]
10000472:	40d3      	lsrs	r3, r2
10000474:	07db      	lsls	r3, r3, #31
10000476:	d4f3      	bmi.n	10000460 <getKeypadInput+0x30>
10000478:	00aa      	lsls	r2, r5, #2
1000047a:	4b17      	ldr	r3, [pc, #92]	; (100004d8 <getKeypadInput+0xa8>)
1000047c:	189b      	adds	r3, r3, r2
1000047e:	5d1e      	ldrb	r6, [r3, r4]
10000480:	2032      	movs	r0, #50	; 0x32
10000482:	f001 fd21 	bl	10001ec8 <sleep_ms>
10000486:	00a3      	lsls	r3, r4, #2
10000488:	4a12      	ldr	r2, [pc, #72]	; (100004d4 <getKeypadInput+0xa4>)
1000048a:	589a      	ldr	r2, [r3, r2]
1000048c:	23d0      	movs	r3, #208	; 0xd0
1000048e:	061b      	lsls	r3, r3, #24
10000490:	685b      	ldr	r3, [r3, #4]
10000492:	40d3      	lsrs	r3, r2
10000494:	07db      	lsls	r3, r3, #31
10000496:	d5f6      	bpl.n	10000486 <getKeypadInput+0x56>
10000498:	e7e2      	b.n	10000460 <getKeypadInput+0x30>
1000049a:	00aa      	lsls	r2, r5, #2
1000049c:	4b0f      	ldr	r3, [pc, #60]	; (100004dc <getKeypadInput+0xac>)
1000049e:	58d2      	ldr	r2, [r2, r3]
100004a0:	2301      	movs	r3, #1
100004a2:	4093      	lsls	r3, r2
100004a4:	22d0      	movs	r2, #208	; 0xd0
100004a6:	0612      	lsls	r2, r2, #24
100004a8:	6153      	str	r3, [r2, #20]
100004aa:	6293      	str	r3, [r2, #40]	; 0x28
100004ac:	3501      	adds	r5, #1
100004ae:	2d03      	cmp	r5, #3
100004b0:	d80d      	bhi.n	100004ce <getKeypadInput+0x9e>
100004b2:	4c0a      	ldr	r4, [pc, #40]	; (100004dc <getKeypadInput+0xac>)
100004b4:	00af      	lsls	r7, r5, #2
100004b6:	5938      	ldr	r0, [r7, r4]
100004b8:	f000 fb8e 	bl	10000bd8 <gpio_init>
100004bc:	593a      	ldr	r2, [r7, r4]
100004be:	2301      	movs	r3, #1
100004c0:	4093      	lsls	r3, r2
100004c2:	22d0      	movs	r2, #208	; 0xd0
100004c4:	0612      	lsls	r2, r2, #24
100004c6:	6253      	str	r3, [r2, #36]	; 0x24
100004c8:	6193      	str	r3, [r2, #24]
100004ca:	2400      	movs	r4, #0
100004cc:	e7c9      	b.n	10000462 <getKeypadInput+0x32>
100004ce:	0030      	movs	r0, r6
100004d0:	bdf8      	pop	{r3, r4, r5, r6, r7, pc}
100004d2:	46c0      	nop			; (mov r8, r8)
100004d4:	20000c6c 	.word	0x20000c6c
100004d8:	20000ca4 	.word	0x20000ca4
100004dc:	20000cb4 	.word	0x20000cb4

100004e0 <readAmplitude>:
100004e0:	b570      	push	{r4, r5, r6, lr}
100004e2:	b086      	sub	sp, #24
100004e4:	2200      	movs	r2, #0
100004e6:	4b20      	ldr	r3, [pc, #128]	; (10000568 <readAmplitude+0x88>)
100004e8:	9200      	str	r2, [sp, #0]
100004ea:	9301      	str	r3, [sp, #4]
100004ec:	2200      	movs	r2, #0
100004ee:	4b1f      	ldr	r3, [pc, #124]	; (1000056c <readAmplitude+0x8c>)
100004f0:	481f      	ldr	r0, [pc, #124]	; (10000570 <readAmplitude+0x90>)
100004f2:	f005 f82b 	bl	1000554c <__wrap_printf>
100004f6:	2300      	movs	r3, #0
100004f8:	9302      	str	r3, [sp, #8]
100004fa:	220c      	movs	r2, #12
100004fc:	2100      	movs	r1, #0
100004fe:	a803      	add	r0, sp, #12
10000500:	f004 feb8 	bl	10005274 <__wrap_memset>
10000504:	2500      	movs	r5, #0
10000506:	2400      	movs	r4, #0
10000508:	e002      	b.n	10000510 <readAmplitude+0x30>
1000050a:	20c8      	movs	r0, #200	; 0xc8
1000050c:	f001 fcdc 	bl	10001ec8 <sleep_ms>
10000510:	2c44      	cmp	r4, #68	; 0x44
10000512:	d00e      	beq.n	10000532 <readAmplitude+0x52>
10000514:	f7ff ff8c 	bl	10000430 <getKeypadInput>
10000518:	0004      	movs	r4, r0
1000051a:	0003      	movs	r3, r0
1000051c:	3b30      	subs	r3, #48	; 0x30
1000051e:	b2db      	uxtb	r3, r3
10000520:	2b09      	cmp	r3, #9
10000522:	d8f2      	bhi.n	1000050a <readAmplitude+0x2a>
10000524:	1c6e      	adds	r6, r5, #1
10000526:	ab02      	add	r3, sp, #8
10000528:	5558      	strb	r0, [r3, r5]
1000052a:	f004 ffab 	bl	10005484 <__wrap_putchar>
1000052e:	0035      	movs	r5, r6
10000530:	e7eb      	b.n	1000050a <readAmplitude+0x2a>
10000532:	a802      	add	r0, sp, #8
10000534:	2300      	movs	r3, #0
10000536:	5543      	strb	r3, [r0, r5]
10000538:	2100      	movs	r1, #0
1000053a:	f008 fe37 	bl	100091ac <strtof>
1000053e:	490d      	ldr	r1, [pc, #52]	; (10000574 <readAmplitude+0x94>)
10000540:	f00a fa16 	bl	1000a970 <__fmaxf_veneer>
10000544:	490c      	ldr	r1, [pc, #48]	; (10000578 <readAmplitude+0x98>)
10000546:	f00a fa3b 	bl	1000a9c0 <__fminf_veneer>
1000054a:	4c0c      	ldr	r4, [pc, #48]	; (1000057c <readAmplitude+0x9c>)
1000054c:	6020      	str	r0, [r4, #0]
1000054e:	480c      	ldr	r0, [pc, #48]	; (10000580 <readAmplitude+0xa0>)
10000550:	f004 ffcc 	bl	100054ec <__wrap_puts>
10000554:	6820      	ldr	r0, [r4, #0]
10000556:	f004 fcb1 	bl	10004ebc <__wrap___aeabi_f2d>
1000055a:	0002      	movs	r2, r0
1000055c:	000b      	movs	r3, r1
1000055e:	4809      	ldr	r0, [pc, #36]	; (10000584 <readAmplitude+0xa4>)
10000560:	f004 fff4 	bl	1000554c <__wrap_printf>
10000564:	b006      	add	sp, #24
10000566:	bd70      	pop	{r4, r5, r6, pc}
10000568:	40a38800 	.word	0x40a38800
1000056c:	40590000 	.word	0x40590000
10000570:	1000aa68 	.word	0x1000aa68
10000574:	42c80000 	.word	0x42c80000
10000578:	451c4000 	.word	0x451c4000
1000057c:	20000c68 	.word	0x20000c68
10000580:	1000aa90 	.word	0x1000aa90
10000584:	1000aa94 	.word	0x1000aa94

10000588 <readFrequency>:
10000588:	b570      	push	{r4, r5, r6, lr}
1000058a:	b084      	sub	sp, #16
1000058c:	4a1f      	ldr	r2, [pc, #124]	; (1000060c <readFrequency+0x84>)
1000058e:	2101      	movs	r1, #1
10000590:	481f      	ldr	r0, [pc, #124]	; (10000610 <readFrequency+0x88>)
10000592:	f004 ffdb 	bl	1000554c <__wrap_printf>
10000596:	2300      	movs	r3, #0
10000598:	9300      	str	r3, [sp, #0]
1000059a:	220c      	movs	r2, #12
1000059c:	2100      	movs	r1, #0
1000059e:	a801      	add	r0, sp, #4
100005a0:	f004 fe68 	bl	10005274 <__wrap_memset>
100005a4:	2500      	movs	r5, #0
100005a6:	2400      	movs	r4, #0
100005a8:	e002      	b.n	100005b0 <readFrequency+0x28>
100005aa:	20c8      	movs	r0, #200	; 0xc8
100005ac:	f001 fc8c 	bl	10001ec8 <sleep_ms>
100005b0:	2c44      	cmp	r4, #68	; 0x44
100005b2:	d00e      	beq.n	100005d2 <readFrequency+0x4a>
100005b4:	f7ff ff3c 	bl	10000430 <getKeypadInput>
100005b8:	0004      	movs	r4, r0
100005ba:	0003      	movs	r3, r0
100005bc:	3b30      	subs	r3, #48	; 0x30
100005be:	b2db      	uxtb	r3, r3
100005c0:	2b09      	cmp	r3, #9
100005c2:	d8f2      	bhi.n	100005aa <readFrequency+0x22>
100005c4:	1c6e      	adds	r6, r5, #1
100005c6:	466b      	mov	r3, sp
100005c8:	5558      	strb	r0, [r3, r5]
100005ca:	f004 ff5b 	bl	10005484 <__wrap_putchar>
100005ce:	0035      	movs	r5, r6
100005d0:	e7eb      	b.n	100005aa <readFrequency+0x22>
100005d2:	2300      	movs	r3, #0
100005d4:	466a      	mov	r2, sp
100005d6:	5553      	strb	r3, [r2, r5]
100005d8:	2100      	movs	r1, #0
100005da:	4668      	mov	r0, sp
100005dc:	f008 fde6 	bl	100091ac <strtof>
100005e0:	21fe      	movs	r1, #254	; 0xfe
100005e2:	0589      	lsls	r1, r1, #22
100005e4:	f00a f9c4 	bl	1000a970 <__fmaxf_veneer>
100005e8:	490a      	ldr	r1, [pc, #40]	; (10000614 <readFrequency+0x8c>)
100005ea:	f00a f9e9 	bl	1000a9c0 <__fminf_veneer>
100005ee:	4c0a      	ldr	r4, [pc, #40]	; (10000618 <readFrequency+0x90>)
100005f0:	6020      	str	r0, [r4, #0]
100005f2:	480a      	ldr	r0, [pc, #40]	; (1000061c <readFrequency+0x94>)
100005f4:	f004 ff7a 	bl	100054ec <__wrap_puts>
100005f8:	6820      	ldr	r0, [r4, #0]
100005fa:	f004 fc5f 	bl	10004ebc <__wrap___aeabi_f2d>
100005fe:	0002      	movs	r2, r0
10000600:	000b      	movs	r3, r1
10000602:	4807      	ldr	r0, [pc, #28]	; (10000620 <readFrequency+0x98>)
10000604:	f004 ffa2 	bl	1000554c <__wrap_printf>
10000608:	b004      	add	sp, #16
1000060a:	bd70      	pop	{r4, r5, r6, pc}
1000060c:	00b71b00 	.word	0x00b71b00
10000610:	1000aab8 	.word	0x1000aab8
10000614:	4b371b00 	.word	0x4b371b00
10000618:	20000ca0 	.word	0x20000ca0
1000061c:	1000aae0 	.word	0x1000aae0
10000620:	1000aae4 	.word	0x1000aae4

10000624 <readDCOffset>:
10000624:	b570      	push	{r4, r5, r6, lr}
10000626:	b086      	sub	sp, #24
10000628:	2200      	movs	r2, #0
1000062a:	4b20      	ldr	r3, [pc, #128]	; (100006ac <readDCOffset+0x88>)
1000062c:	9200      	str	r2, [sp, #0]
1000062e:	9301      	str	r3, [sp, #4]
10000630:	2200      	movs	r2, #0
10000632:	4b1f      	ldr	r3, [pc, #124]	; (100006b0 <readDCOffset+0x8c>)
10000634:	481f      	ldr	r0, [pc, #124]	; (100006b4 <readDCOffset+0x90>)
10000636:	f004 ff89 	bl	1000554c <__wrap_printf>
1000063a:	2300      	movs	r3, #0
1000063c:	9302      	str	r3, [sp, #8]
1000063e:	220c      	movs	r2, #12
10000640:	2100      	movs	r1, #0
10000642:	a803      	add	r0, sp, #12
10000644:	f004 fe16 	bl	10005274 <__wrap_memset>
10000648:	2500      	movs	r5, #0
1000064a:	2400      	movs	r4, #0
1000064c:	e002      	b.n	10000654 <readDCOffset+0x30>
1000064e:	20c8      	movs	r0, #200	; 0xc8
10000650:	f001 fc3a 	bl	10001ec8 <sleep_ms>
10000654:	2c44      	cmp	r4, #68	; 0x44
10000656:	d00e      	beq.n	10000676 <readDCOffset+0x52>
10000658:	f7ff feea 	bl	10000430 <getKeypadInput>
1000065c:	0004      	movs	r4, r0
1000065e:	0003      	movs	r3, r0
10000660:	3b30      	subs	r3, #48	; 0x30
10000662:	b2db      	uxtb	r3, r3
10000664:	2b09      	cmp	r3, #9
10000666:	d8f2      	bhi.n	1000064e <readDCOffset+0x2a>
10000668:	1c6e      	adds	r6, r5, #1
1000066a:	ab02      	add	r3, sp, #8
1000066c:	5558      	strb	r0, [r3, r5]
1000066e:	f004 ff09 	bl	10005484 <__wrap_putchar>
10000672:	0035      	movs	r5, r6
10000674:	e7eb      	b.n	1000064e <readDCOffset+0x2a>
10000676:	a802      	add	r0, sp, #8
10000678:	2300      	movs	r3, #0
1000067a:	5543      	strb	r3, [r0, r5]
1000067c:	2100      	movs	r1, #0
1000067e:	f008 fd95 	bl	100091ac <strtof>
10000682:	490d      	ldr	r1, [pc, #52]	; (100006b8 <readDCOffset+0x94>)
10000684:	f00a f974 	bl	1000a970 <__fmaxf_veneer>
10000688:	490c      	ldr	r1, [pc, #48]	; (100006bc <readDCOffset+0x98>)
1000068a:	f00a f999 	bl	1000a9c0 <__fminf_veneer>
1000068e:	4c0c      	ldr	r4, [pc, #48]	; (100006c0 <readDCOffset+0x9c>)
10000690:	6020      	str	r0, [r4, #0]
10000692:	480c      	ldr	r0, [pc, #48]	; (100006c4 <readDCOffset+0xa0>)
10000694:	f004 ff2a 	bl	100054ec <__wrap_puts>
10000698:	6820      	ldr	r0, [r4, #0]
1000069a:	f004 fc0f 	bl	10004ebc <__wrap___aeabi_f2d>
1000069e:	0002      	movs	r2, r0
100006a0:	000b      	movs	r3, r1
100006a2:	4809      	ldr	r0, [pc, #36]	; (100006c8 <readDCOffset+0xa4>)
100006a4:	f004 ff52 	bl	1000554c <__wrap_printf>
100006a8:	b006      	add	sp, #24
100006aa:	bd70      	pop	{r4, r5, r6, pc}
100006ac:	40938800 	.word	0x40938800
100006b0:	40490000 	.word	0x40490000
100006b4:	1000ab08 	.word	0x1000ab08
100006b8:	42480000 	.word	0x42480000
100006bc:	449c4000 	.word	0x449c4000
100006c0:	20000c9c 	.word	0x20000c9c
100006c4:	1000aa90 	.word	0x1000aa90
100006c8:	1000ab38 	.word	0x1000ab38

100006cc <main>:
100006cc:	b5f0      	push	{r4, r5, r6, r7, lr}
100006ce:	46d6      	mov	lr, sl
100006d0:	464f      	mov	r7, r9
100006d2:	4646      	mov	r6, r8
100006d4:	b5c0      	push	{r6, r7, lr}
100006d6:	f7ff fea5 	bl	10000424 <setup>
100006da:	f7ff fea9 	bl	10000430 <getKeypadInput>
100006de:	2841      	cmp	r0, #65	; 0x41
100006e0:	d00b      	beq.n	100006fa <main+0x2e>
100006e2:	2842      	cmp	r0, #66	; 0x42
100006e4:	d00c      	beq.n	10000700 <main+0x34>
100006e6:	2843      	cmp	r0, #67	; 0x43
100006e8:	d00d      	beq.n	10000706 <main+0x3a>
100006ea:	23d0      	movs	r3, #208	; 0xd0
100006ec:	061b      	lsls	r3, r3, #24
100006ee:	685b      	ldr	r3, [r3, #4]
100006f0:	03db      	lsls	r3, r3, #15
100006f2:	d50b      	bpl.n	1000070c <main+0x40>
100006f4:	2300      	movs	r3, #0
100006f6:	4698      	mov	r8, r3
100006f8:	e0c9      	b.n	1000088e <main+0x1c2>
100006fa:	f7ff fef1 	bl	100004e0 <readAmplitude>
100006fe:	e7f4      	b.n	100006ea <main+0x1e>
10000700:	f7ff ff42 	bl	10000588 <readFrequency>
10000704:	e7f1      	b.n	100006ea <main+0x1e>
10000706:	f7ff ff8d 	bl	10000624 <readDCOffset>
1000070a:	e7ee      	b.n	100006ea <main+0x1e>
1000070c:	2032      	movs	r0, #50	; 0x32
1000070e:	f001 fbdb 	bl	10001ec8 <sleep_ms>
10000712:	23d0      	movs	r3, #208	; 0xd0
10000714:	061b      	lsls	r3, r3, #24
10000716:	685b      	ldr	r3, [r3, #4]
10000718:	03db      	lsls	r3, r3, #15
1000071a:	d4eb      	bmi.n	100006f4 <main+0x28>
1000071c:	f7ff fdf2 	bl	10000304 <changeWaveform>
10000720:	20fa      	movs	r0, #250	; 0xfa
10000722:	0040      	lsls	r0, r0, #1
10000724:	f001 fbd0 	bl	10001ec8 <sleep_ms>
10000728:	e7e4      	b.n	100006f4 <main+0x28>
1000072a:	2b03      	cmp	r3, #3
1000072c:	d000      	beq.n	10000730 <main+0x64>
1000072e:	e094      	b.n	1000085a <main+0x18e>
10000730:	f004 fbb6 	bl	10004ea0 <__wrap___aeabi_ul2f>
10000734:	4ba7      	ldr	r3, [pc, #668]	; (100009d4 <main+0x308>)
10000736:	6819      	ldr	r1, [r3, #0]
10000738:	f004 fb21 	bl	10004d7e <__wrap___aeabi_fmul>
1000073c:	49a6      	ldr	r1, [pc, #664]	; (100009d8 <main+0x30c>)
1000073e:	f004 fb08 	bl	10004d52 <__wrap___aeabi_fdiv>
10000742:	1c06      	adds	r6, r0, #0
10000744:	f004 fbba 	bl	10004ebc <__wrap___aeabi_f2d>
10000748:	0004      	movs	r4, r0
1000074a:	000d      	movs	r5, r1
1000074c:	21fc      	movs	r1, #252	; 0xfc
1000074e:	0589      	lsls	r1, r1, #22
10000750:	1c30      	adds	r0, r6, #0
10000752:	f004 faf9 	bl	10004d48 <__wrap___aeabi_fadd>
10000756:	f004 fbb1 	bl	10004ebc <__wrap___aeabi_f2d>
1000075a:	f003 ff4f 	bl	100045fc <__wrap_floor>
1000075e:	0002      	movs	r2, r0
10000760:	000b      	movs	r3, r1
10000762:	0020      	movs	r0, r4
10000764:	0029      	movs	r1, r5
10000766:	f003 fda4 	bl	100042b2 <__wrap___aeabi_dsub>
1000076a:	0002      	movs	r2, r0
1000076c:	000b      	movs	r3, r1
1000076e:	f003 fda9 	bl	100042c4 <__wrap___aeabi_dadd>
10000772:	f003 fed3 	bl	1000451c <__wrap___aeabi_d2f>
10000776:	0040      	lsls	r0, r0, #1
10000778:	0840      	lsrs	r0, r0, #1
1000077a:	1c01      	adds	r1, r0, #0
1000077c:	f004 fae4 	bl	10004d48 <__wrap___aeabi_fadd>
10000780:	21fe      	movs	r1, #254	; 0xfe
10000782:	0589      	lsls	r1, r1, #22
10000784:	f004 fadb 	bl	10004d3e <__wrap___aeabi_fsub>
10000788:	f004 fb98 	bl	10004ebc <__wrap___aeabi_f2d>
1000078c:	0004      	movs	r4, r0
1000078e:	000d      	movs	r5, r1
10000790:	4b92      	ldr	r3, [pc, #584]	; (100009dc <main+0x310>)
10000792:	6818      	ldr	r0, [r3, #0]
10000794:	f004 fb92 	bl	10004ebc <__wrap___aeabi_f2d>
10000798:	4a91      	ldr	r2, [pc, #580]	; (100009e0 <main+0x314>)
1000079a:	4b92      	ldr	r3, [pc, #584]	; (100009e4 <main+0x318>)
1000079c:	f003 fdb9 	bl	10004312 <__wrap___aeabi_dmul>
100007a0:	2200      	movs	r2, #0
100007a2:	4b91      	ldr	r3, [pc, #580]	; (100009e8 <main+0x31c>)
100007a4:	f003 fdb5 	bl	10004312 <__wrap___aeabi_dmul>
100007a8:	0002      	movs	r2, r0
100007aa:	000b      	movs	r3, r1
100007ac:	0020      	movs	r0, r4
100007ae:	0029      	movs	r1, r5
100007b0:	f003 fdaf 	bl	10004312 <__wrap___aeabi_dmul>
100007b4:	0004      	movs	r4, r0
100007b6:	000d      	movs	r5, r1
100007b8:	4b8c      	ldr	r3, [pc, #560]	; (100009ec <main+0x320>)
100007ba:	6818      	ldr	r0, [r3, #0]
100007bc:	f004 fb7e 	bl	10004ebc <__wrap___aeabi_f2d>
100007c0:	4a87      	ldr	r2, [pc, #540]	; (100009e0 <main+0x314>)
100007c2:	4b88      	ldr	r3, [pc, #544]	; (100009e4 <main+0x318>)
100007c4:	f003 fda5 	bl	10004312 <__wrap___aeabi_dmul>
100007c8:	0002      	movs	r2, r0
100007ca:	000b      	movs	r3, r1
100007cc:	0020      	movs	r0, r4
100007ce:	0029      	movs	r1, r5
100007d0:	f003 fd78 	bl	100042c4 <__wrap___aeabi_dadd>
100007d4:	f003 fea2 	bl	1000451c <__wrap___aeabi_d2f>
100007d8:	1c04      	adds	r4, r0, #0
100007da:	e03e      	b.n	1000085a <main+0x18e>
100007dc:	4b7f      	ldr	r3, [pc, #508]	; (100009dc <main+0x310>)
100007de:	6818      	ldr	r0, [r3, #0]
100007e0:	f004 fb6c 	bl	10004ebc <__wrap___aeabi_f2d>
100007e4:	4a7e      	ldr	r2, [pc, #504]	; (100009e0 <main+0x314>)
100007e6:	4b7f      	ldr	r3, [pc, #508]	; (100009e4 <main+0x318>)
100007e8:	f003 fd93 	bl	10004312 <__wrap___aeabi_dmul>
100007ec:	0004      	movs	r4, r0
100007ee:	000d      	movs	r5, r1
100007f0:	4b78      	ldr	r3, [pc, #480]	; (100009d4 <main+0x308>)
100007f2:	6818      	ldr	r0, [r3, #0]
100007f4:	f004 fb62 	bl	10004ebc <__wrap___aeabi_f2d>
100007f8:	4a7d      	ldr	r2, [pc, #500]	; (100009f0 <main+0x324>)
100007fa:	4b7e      	ldr	r3, [pc, #504]	; (100009f4 <main+0x328>)
100007fc:	f003 fd89 	bl	10004312 <__wrap___aeabi_dmul>
10000800:	0006      	movs	r6, r0
10000802:	000f      	movs	r7, r1
10000804:	4650      	mov	r0, sl
10000806:	4649      	mov	r1, r9
10000808:	f003 fe50 	bl	100044ac <__wrap___aeabi_ul2d>
1000080c:	0032      	movs	r2, r6
1000080e:	003b      	movs	r3, r7
10000810:	f003 fd7f 	bl	10004312 <__wrap___aeabi_dmul>
10000814:	2200      	movs	r2, #0
10000816:	4b78      	ldr	r3, [pc, #480]	; (100009f8 <main+0x32c>)
10000818:	f003 fd5d 	bl	100042d6 <__wrap___aeabi_ddiv>
1000081c:	f003 fe7e 	bl	1000451c <__wrap___aeabi_d2f>
10000820:	f004 fb56 	bl	10004ed0 <__wrap_sinf>
10000824:	f004 fb4a 	bl	10004ebc <__wrap___aeabi_f2d>
10000828:	0002      	movs	r2, r0
1000082a:	000b      	movs	r3, r1
1000082c:	0020      	movs	r0, r4
1000082e:	0029      	movs	r1, r5
10000830:	f003 fd6f 	bl	10004312 <__wrap___aeabi_dmul>
10000834:	0004      	movs	r4, r0
10000836:	000d      	movs	r5, r1
10000838:	4b6c      	ldr	r3, [pc, #432]	; (100009ec <main+0x320>)
1000083a:	6818      	ldr	r0, [r3, #0]
1000083c:	f004 fb3e 	bl	10004ebc <__wrap___aeabi_f2d>
10000840:	4a67      	ldr	r2, [pc, #412]	; (100009e0 <main+0x314>)
10000842:	4b68      	ldr	r3, [pc, #416]	; (100009e4 <main+0x318>)
10000844:	f003 fd65 	bl	10004312 <__wrap___aeabi_dmul>
10000848:	0002      	movs	r2, r0
1000084a:	000b      	movs	r3, r1
1000084c:	0020      	movs	r0, r4
1000084e:	0029      	movs	r1, r5
10000850:	f003 fd38 	bl	100042c4 <__wrap___aeabi_dadd>
10000854:	f003 fe62 	bl	1000451c <__wrap___aeabi_d2f>
10000858:	1c04      	adds	r4, r0, #0
1000085a:	21fe      	movs	r1, #254	; 0xfe
1000085c:	0589      	lsls	r1, r1, #22
1000085e:	1c20      	adds	r0, r4, #0
10000860:	f004 fa72 	bl	10004d48 <__wrap___aeabi_fadd>
10000864:	4965      	ldr	r1, [pc, #404]	; (100009fc <main+0x330>)
10000866:	f004 fa8a 	bl	10004d7e <__wrap___aeabi_fmul>
1000086a:	2100      	movs	r1, #0
1000086c:	f00a f880 	bl	1000a970 <__fmaxf_veneer>
10000870:	4963      	ldr	r1, [pc, #396]	; (10000a00 <main+0x334>)
10000872:	f00a f8a5 	bl	1000a9c0 <__fminf_veneer>
10000876:	f004 fb01 	bl	10004e7c <__wrap___aeabi_f2uiz>
1000087a:	b2c0      	uxtb	r0, r0
1000087c:	f7ff fdb8 	bl	100003f0 <write_dac>
10000880:	2001      	movs	r0, #1
10000882:	2100      	movs	r1, #0
10000884:	f001 faf4 	bl	10001e70 <sleep_us>
10000888:	2301      	movs	r3, #1
1000088a:	469c      	mov	ip, r3
1000088c:	44e0      	add	r8, ip
1000088e:	4643      	mov	r3, r8
10000890:	2bff      	cmp	r3, #255	; 0xff
10000892:	d900      	bls.n	10000896 <main+0x1ca>
10000894:	e721      	b.n	100006da <main+0xe>
10000896:	f001 fbcb 	bl	10002030 <time_us_64>
1000089a:	4682      	mov	sl, r0
1000089c:	4689      	mov	r9, r1
1000089e:	4b59      	ldr	r3, [pc, #356]	; (10000a04 <main+0x338>)
100008a0:	781b      	ldrb	r3, [r3, #0]
100008a2:	2b02      	cmp	r3, #2
100008a4:	d05c      	beq.n	10000960 <main+0x294>
100008a6:	d900      	bls.n	100008aa <main+0x1de>
100008a8:	e73f      	b.n	1000072a <main+0x5e>
100008aa:	2b00      	cmp	r3, #0
100008ac:	d096      	beq.n	100007dc <main+0x110>
100008ae:	2b01      	cmp	r3, #1
100008b0:	d1d3      	bne.n	1000085a <main+0x18e>
100008b2:	4b48      	ldr	r3, [pc, #288]	; (100009d4 <main+0x308>)
100008b4:	6818      	ldr	r0, [r3, #0]
100008b6:	f004 fb01 	bl	10004ebc <__wrap___aeabi_f2d>
100008ba:	4a4d      	ldr	r2, [pc, #308]	; (100009f0 <main+0x324>)
100008bc:	4b4d      	ldr	r3, [pc, #308]	; (100009f4 <main+0x328>)
100008be:	f003 fd28 	bl	10004312 <__wrap___aeabi_dmul>
100008c2:	0004      	movs	r4, r0
100008c4:	000d      	movs	r5, r1
100008c6:	4650      	mov	r0, sl
100008c8:	4649      	mov	r1, r9
100008ca:	f003 fdef 	bl	100044ac <__wrap___aeabi_ul2d>
100008ce:	0022      	movs	r2, r4
100008d0:	002b      	movs	r3, r5
100008d2:	f003 fd1e 	bl	10004312 <__wrap___aeabi_dmul>
100008d6:	2200      	movs	r2, #0
100008d8:	4b47      	ldr	r3, [pc, #284]	; (100009f8 <main+0x32c>)
100008da:	f003 fcfc 	bl	100042d6 <__wrap___aeabi_ddiv>
100008de:	f003 fe1d 	bl	1000451c <__wrap___aeabi_d2f>
100008e2:	f004 faf5 	bl	10004ed0 <__wrap_sinf>
100008e6:	2100      	movs	r1, #0
100008e8:	f004 fa88 	bl	10004dfc <__wrap___aeabi_fcmpge>
100008ec:	2800      	cmp	r0, #0
100008ee:	d01b      	beq.n	10000928 <main+0x25c>
100008f0:	4b3a      	ldr	r3, [pc, #232]	; (100009dc <main+0x310>)
100008f2:	6818      	ldr	r0, [r3, #0]
100008f4:	f004 fae2 	bl	10004ebc <__wrap___aeabi_f2d>
100008f8:	4a39      	ldr	r2, [pc, #228]	; (100009e0 <main+0x314>)
100008fa:	4b3a      	ldr	r3, [pc, #232]	; (100009e4 <main+0x318>)
100008fc:	f003 fd09 	bl	10004312 <__wrap___aeabi_dmul>
10000900:	0004      	movs	r4, r0
10000902:	000d      	movs	r5, r1
10000904:	4b39      	ldr	r3, [pc, #228]	; (100009ec <main+0x320>)
10000906:	6818      	ldr	r0, [r3, #0]
10000908:	f004 fad8 	bl	10004ebc <__wrap___aeabi_f2d>
1000090c:	4a34      	ldr	r2, [pc, #208]	; (100009e0 <main+0x314>)
1000090e:	4b35      	ldr	r3, [pc, #212]	; (100009e4 <main+0x318>)
10000910:	f003 fcff 	bl	10004312 <__wrap___aeabi_dmul>
10000914:	0002      	movs	r2, r0
10000916:	000b      	movs	r3, r1
10000918:	0020      	movs	r0, r4
1000091a:	0029      	movs	r1, r5
1000091c:	f003 fcd2 	bl	100042c4 <__wrap___aeabi_dadd>
10000920:	f003 fdfc 	bl	1000451c <__wrap___aeabi_d2f>
10000924:	1c04      	adds	r4, r0, #0
10000926:	e798      	b.n	1000085a <main+0x18e>
10000928:	4b30      	ldr	r3, [pc, #192]	; (100009ec <main+0x320>)
1000092a:	6818      	ldr	r0, [r3, #0]
1000092c:	f004 fac6 	bl	10004ebc <__wrap___aeabi_f2d>
10000930:	4a2b      	ldr	r2, [pc, #172]	; (100009e0 <main+0x314>)
10000932:	4b2c      	ldr	r3, [pc, #176]	; (100009e4 <main+0x318>)
10000934:	f003 fced 	bl	10004312 <__wrap___aeabi_dmul>
10000938:	0004      	movs	r4, r0
1000093a:	000d      	movs	r5, r1
1000093c:	4b27      	ldr	r3, [pc, #156]	; (100009dc <main+0x310>)
1000093e:	6818      	ldr	r0, [r3, #0]
10000940:	f004 fabc 	bl	10004ebc <__wrap___aeabi_f2d>
10000944:	4a26      	ldr	r2, [pc, #152]	; (100009e0 <main+0x314>)
10000946:	4b27      	ldr	r3, [pc, #156]	; (100009e4 <main+0x318>)
10000948:	f003 fce3 	bl	10004312 <__wrap___aeabi_dmul>
1000094c:	0002      	movs	r2, r0
1000094e:	000b      	movs	r3, r1
10000950:	0020      	movs	r0, r4
10000952:	0029      	movs	r1, r5
10000954:	f003 fcad 	bl	100042b2 <__wrap___aeabi_dsub>
10000958:	f003 fde0 	bl	1000451c <__wrap___aeabi_d2f>
1000095c:	1c04      	adds	r4, r0, #0
1000095e:	e77c      	b.n	1000085a <main+0x18e>
10000960:	f004 fa9e 	bl	10004ea0 <__wrap___aeabi_ul2f>
10000964:	4b1b      	ldr	r3, [pc, #108]	; (100009d4 <main+0x308>)
10000966:	6819      	ldr	r1, [r3, #0]
10000968:	f004 fa09 	bl	10004d7e <__wrap___aeabi_fmul>
1000096c:	24fe      	movs	r4, #254	; 0xfe
1000096e:	05a4      	lsls	r4, r4, #22
10000970:	4919      	ldr	r1, [pc, #100]	; (100009d8 <main+0x30c>)
10000972:	f004 f9ee 	bl	10004d52 <__wrap___aeabi_fdiv>
10000976:	1c21      	adds	r1, r4, #0
10000978:	f004 fb7c 	bl	10005074 <__wrap_fmodf>
1000097c:	1c01      	adds	r1, r0, #0
1000097e:	f004 f9e3 	bl	10004d48 <__wrap___aeabi_fadd>
10000982:	1c21      	adds	r1, r4, #0
10000984:	f004 f9db 	bl	10004d3e <__wrap___aeabi_fsub>
10000988:	f004 fa98 	bl	10004ebc <__wrap___aeabi_f2d>
1000098c:	0004      	movs	r4, r0
1000098e:	000d      	movs	r5, r1
10000990:	4b12      	ldr	r3, [pc, #72]	; (100009dc <main+0x310>)
10000992:	6818      	ldr	r0, [r3, #0]
10000994:	f004 fa92 	bl	10004ebc <__wrap___aeabi_f2d>
10000998:	4a11      	ldr	r2, [pc, #68]	; (100009e0 <main+0x314>)
1000099a:	4b12      	ldr	r3, [pc, #72]	; (100009e4 <main+0x318>)
1000099c:	f003 fcb9 	bl	10004312 <__wrap___aeabi_dmul>
100009a0:	0002      	movs	r2, r0
100009a2:	000b      	movs	r3, r1
100009a4:	0020      	movs	r0, r4
100009a6:	0029      	movs	r1, r5
100009a8:	f003 fcb3 	bl	10004312 <__wrap___aeabi_dmul>
100009ac:	0004      	movs	r4, r0
100009ae:	000d      	movs	r5, r1
100009b0:	4b0e      	ldr	r3, [pc, #56]	; (100009ec <main+0x320>)
100009b2:	6818      	ldr	r0, [r3, #0]
100009b4:	f004 fa82 	bl	10004ebc <__wrap___aeabi_f2d>
100009b8:	4a09      	ldr	r2, [pc, #36]	; (100009e0 <main+0x314>)
100009ba:	4b0a      	ldr	r3, [pc, #40]	; (100009e4 <main+0x318>)
100009bc:	f003 fca9 	bl	10004312 <__wrap___aeabi_dmul>
100009c0:	0002      	movs	r2, r0
100009c2:	000b      	movs	r3, r1
100009c4:	0020      	movs	r0, r4
100009c6:	0029      	movs	r1, r5
100009c8:	f003 fc7c 	bl	100042c4 <__wrap___aeabi_dadd>
100009cc:	f003 fda6 	bl	1000451c <__wrap___aeabi_d2f>
100009d0:	1c04      	adds	r4, r0, #0
100009d2:	e742      	b.n	1000085a <main+0x18e>
100009d4:	20000ca0 	.word	0x20000ca0
100009d8:	49742400 	.word	0x49742400
100009dc:	20000c68 	.word	0x20000c68
100009e0:	d2f1a9fc 	.word	0xd2f1a9fc
100009e4:	3f50624d 	.word	0x3f50624d
100009e8:	3fe00000 	.word	0x3fe00000
100009ec:	20000c9c 	.word	0x20000c9c
100009f0:	54442d18 	.word	0x54442d18
100009f4:	401921fb 	.word	0x401921fb
100009f8:	412e8480 	.word	0x412e8480
100009fc:	42ff0000 	.word	0x42ff0000
10000a00:	437f0000 	.word	0x437f0000
10000a04:	20002545 	.word	0x20002545

10000a08 <gpio_set_function>:
10000a08:	b510      	push	{r4, lr}
10000a0a:	0083      	lsls	r3, r0, #2
10000a0c:	4a08      	ldr	r2, [pc, #32]	; (10000a30 <gpio_set_function+0x28>)
10000a0e:	4694      	mov	ip, r2
10000a10:	4463      	add	r3, ip
10000a12:	681c      	ldr	r4, [r3, #0]
10000a14:	2240      	movs	r2, #64	; 0x40
10000a16:	4062      	eors	r2, r4
10000a18:	24c0      	movs	r4, #192	; 0xc0
10000a1a:	4014      	ands	r4, r2
10000a1c:	2280      	movs	r2, #128	; 0x80
10000a1e:	0152      	lsls	r2, r2, #5
10000a20:	4313      	orrs	r3, r2
10000a22:	601c      	str	r4, [r3, #0]
10000a24:	00c0      	lsls	r0, r0, #3
10000a26:	4b03      	ldr	r3, [pc, #12]	; (10000a34 <gpio_set_function+0x2c>)
10000a28:	469c      	mov	ip, r3
10000a2a:	4460      	add	r0, ip
10000a2c:	6041      	str	r1, [r0, #4]
10000a2e:	bd10      	pop	{r4, pc}
10000a30:	4001c004 	.word	0x4001c004
10000a34:	40014000 	.word	0x40014000

10000a38 <gpio_set_pulls>:
10000a38:	0080      	lsls	r0, r0, #2
10000a3a:	4b0b      	ldr	r3, [pc, #44]	; (10000a68 <gpio_set_pulls+0x30>)
10000a3c:	469c      	mov	ip, r3
10000a3e:	4460      	add	r0, ip
10000a40:	2900      	cmp	r1, #0
10000a42:	d00d      	beq.n	10000a60 <gpio_set_pulls+0x28>
10000a44:	2308      	movs	r3, #8
10000a46:	2a00      	cmp	r2, #0
10000a48:	d00c      	beq.n	10000a64 <gpio_set_pulls+0x2c>
10000a4a:	2204      	movs	r2, #4
10000a4c:	4313      	orrs	r3, r2
10000a4e:	6802      	ldr	r2, [r0, #0]
10000a50:	4053      	eors	r3, r2
10000a52:	220c      	movs	r2, #12
10000a54:	4013      	ands	r3, r2
10000a56:	2280      	movs	r2, #128	; 0x80
10000a58:	0152      	lsls	r2, r2, #5
10000a5a:	4310      	orrs	r0, r2
10000a5c:	6003      	str	r3, [r0, #0]
10000a5e:	4770      	bx	lr
10000a60:	2300      	movs	r3, #0
10000a62:	e7f0      	b.n	10000a46 <gpio_set_pulls+0xe>
10000a64:	2200      	movs	r2, #0
10000a66:	e7f1      	b.n	10000a4c <gpio_set_pulls+0x14>
10000a68:	4001c004 	.word	0x4001c004

10000a6c <gpio_set_irq_callback>:
10000a6c:	b570      	push	{r4, r5, r6, lr}
10000a6e:	0004      	movs	r4, r0
10000a70:	23d0      	movs	r3, #208	; 0xd0
10000a72:	061b      	lsls	r3, r3, #24
10000a74:	681d      	ldr	r5, [r3, #0]
10000a76:	00aa      	lsls	r2, r5, #2
10000a78:	4b0c      	ldr	r3, [pc, #48]	; (10000aac <gpio_set_irq_callback+0x40>)
10000a7a:	58d3      	ldr	r3, [r2, r3]
10000a7c:	2b00      	cmp	r3, #0
10000a7e:	d00a      	beq.n	10000a96 <gpio_set_irq_callback+0x2a>
10000a80:	2800      	cmp	r0, #0
10000a82:	d003      	beq.n	10000a8c <gpio_set_irq_callback+0x20>
10000a84:	00ad      	lsls	r5, r5, #2
10000a86:	4b09      	ldr	r3, [pc, #36]	; (10000aac <gpio_set_irq_callback+0x40>)
10000a88:	50ec      	str	r4, [r5, r3]
10000a8a:	bd70      	pop	{r4, r5, r6, pc}
10000a8c:	4908      	ldr	r1, [pc, #32]	; (10000ab0 <gpio_set_irq_callback+0x44>)
10000a8e:	200d      	movs	r0, #13
10000a90:	f000 fb20 	bl	100010d4 <irq_remove_handler>
10000a94:	e7f6      	b.n	10000a84 <gpio_set_irq_callback+0x18>
10000a96:	2800      	cmp	r0, #0
10000a98:	d0f7      	beq.n	10000a8a <gpio_set_irq_callback+0x1e>
10000a9a:	00ad      	lsls	r5, r5, #2
10000a9c:	4b03      	ldr	r3, [pc, #12]	; (10000aac <gpio_set_irq_callback+0x40>)
10000a9e:	50e8      	str	r0, [r5, r3]
10000aa0:	2200      	movs	r2, #0
10000aa2:	4903      	ldr	r1, [pc, #12]	; (10000ab0 <gpio_set_irq_callback+0x44>)
10000aa4:	200d      	movs	r0, #13
10000aa6:	f000 f9fb 	bl	10000ea0 <irq_add_shared_handler>
10000aaa:	e7ee      	b.n	10000a8a <gpio_set_irq_callback+0x1e>
10000aac:	20001e28 	.word	0x20001e28
10000ab0:	10000b41 	.word	0x10000b41

10000ab4 <gpio_acknowledge_irq>:
10000ab4:	2307      	movs	r3, #7
10000ab6:	4003      	ands	r3, r0
10000ab8:	009b      	lsls	r3, r3, #2
10000aba:	08c0      	lsrs	r0, r0, #3
10000abc:	4099      	lsls	r1, r3
10000abe:	303c      	adds	r0, #60	; 0x3c
10000ac0:	0080      	lsls	r0, r0, #2
10000ac2:	4b01      	ldr	r3, [pc, #4]	; (10000ac8 <gpio_acknowledge_irq+0x14>)
10000ac4:	50c1      	str	r1, [r0, r3]
10000ac6:	4770      	bx	lr
10000ac8:	40014000 	.word	0x40014000

10000acc <_gpio_set_irq_enabled>:
10000acc:	b5f8      	push	{r3, r4, r5, r6, r7, lr}
10000ace:	0007      	movs	r7, r0
10000ad0:	000c      	movs	r4, r1
10000ad2:	0016      	movs	r6, r2
10000ad4:	001d      	movs	r5, r3
10000ad6:	f7ff ffed 	bl	10000ab4 <gpio_acknowledge_irq>
10000ada:	08fb      	lsrs	r3, r7, #3
10000adc:	009b      	lsls	r3, r3, #2
10000ade:	18ed      	adds	r5, r5, r3
10000ae0:	2007      	movs	r0, #7
10000ae2:	4038      	ands	r0, r7
10000ae4:	0080      	lsls	r0, r0, #2
10000ae6:	4084      	lsls	r4, r0
10000ae8:	2e00      	cmp	r6, #0
10000aea:	d004      	beq.n	10000af6 <_gpio_set_irq_enabled+0x2a>
10000aec:	2380      	movs	r3, #128	; 0x80
10000aee:	019b      	lsls	r3, r3, #6
10000af0:	431d      	orrs	r5, r3
10000af2:	602c      	str	r4, [r5, #0]
10000af4:	bdf8      	pop	{r3, r4, r5, r6, r7, pc}
10000af6:	23c0      	movs	r3, #192	; 0xc0
10000af8:	019b      	lsls	r3, r3, #6
10000afa:	431d      	orrs	r5, r3
10000afc:	602c      	str	r4, [r5, #0]
10000afe:	e7f9      	b.n	10000af4 <_gpio_set_irq_enabled+0x28>

10000b00 <gpio_set_irq_enabled>:
10000b00:	b510      	push	{r4, lr}
10000b02:	23d0      	movs	r3, #208	; 0xd0
10000b04:	061b      	lsls	r3, r3, #24
10000b06:	681b      	ldr	r3, [r3, #0]
10000b08:	2b00      	cmp	r3, #0
10000b0a:	d003      	beq.n	10000b14 <gpio_set_irq_enabled+0x14>
10000b0c:	4b02      	ldr	r3, [pc, #8]	; (10000b18 <gpio_set_irq_enabled+0x18>)
10000b0e:	f7ff ffdd 	bl	10000acc <_gpio_set_irq_enabled>
10000b12:	bd10      	pop	{r4, pc}
10000b14:	4b01      	ldr	r3, [pc, #4]	; (10000b1c <gpio_set_irq_enabled+0x1c>)
10000b16:	e7fa      	b.n	10000b0e <gpio_set_irq_enabled+0xe>
10000b18:	40014130 	.word	0x40014130
10000b1c:	40014100 	.word	0x40014100

10000b20 <gpio_set_irq_enabled_with_callback>:
10000b20:	b570      	push	{r4, r5, r6, lr}
10000b22:	0014      	movs	r4, r2
10000b24:	001d      	movs	r5, r3
10000b26:	f7ff ffeb 	bl	10000b00 <gpio_set_irq_enabled>
10000b2a:	0028      	movs	r0, r5
10000b2c:	f7ff ff9e 	bl	10000a6c <gpio_set_irq_callback>
10000b30:	2c00      	cmp	r4, #0
10000b32:	d100      	bne.n	10000b36 <gpio_set_irq_enabled_with_callback+0x16>
10000b34:	bd70      	pop	{r4, r5, r6, pc}
10000b36:	2101      	movs	r1, #1
10000b38:	200d      	movs	r0, #13
10000b3a:	f000 f95d 	bl	10000df8 <irq_set_enabled>
10000b3e:	e7f9      	b.n	10000b34 <gpio_set_irq_enabled_with_callback+0x14>

10000b40 <gpio_default_irq_handler>:
10000b40:	b5f0      	push	{r4, r5, r6, r7, lr}
10000b42:	46d6      	mov	lr, sl
10000b44:	464f      	mov	r7, r9
10000b46:	4646      	mov	r6, r8
10000b48:	b5c0      	push	{r6, r7, lr}
10000b4a:	23d0      	movs	r3, #208	; 0xd0
10000b4c:	061b      	lsls	r3, r3, #24
10000b4e:	681f      	ldr	r7, [r3, #0]
10000b50:	00ba      	lsls	r2, r7, #2
10000b52:	4b1d      	ldr	r3, [pc, #116]	; (10000bc8 <gpio_default_irq_handler+0x88>)
10000b54:	58d3      	ldr	r3, [r2, r3]
10000b56:	4698      	mov	r8, r3
10000b58:	2f00      	cmp	r7, #0
10000b5a:	d003      	beq.n	10000b64 <gpio_default_irq_handler+0x24>
10000b5c:	4b1b      	ldr	r3, [pc, #108]	; (10000bcc <gpio_default_irq_handler+0x8c>)
10000b5e:	4699      	mov	r9, r3
10000b60:	2600      	movs	r6, #0
10000b62:	e023      	b.n	10000bac <gpio_default_irq_handler+0x6c>
10000b64:	4b1a      	ldr	r3, [pc, #104]	; (10000bd0 <gpio_default_irq_handler+0x90>)
10000b66:	4699      	mov	r9, r3
10000b68:	e7fa      	b.n	10000b60 <gpio_default_irq_handler+0x20>
10000b6a:	0924      	lsrs	r4, r4, #4
10000b6c:	3501      	adds	r5, #1
10000b6e:	2c00      	cmp	r4, #0
10000b70:	d01b      	beq.n	10000baa <gpio_default_irq_handler+0x6a>
10000b72:	0033      	movs	r3, r6
10000b74:	3308      	adds	r3, #8
10000b76:	42ab      	cmp	r3, r5
10000b78:	d917      	bls.n	10000baa <gpio_default_irq_handler+0x6a>
10000b7a:	230f      	movs	r3, #15
10000b7c:	001a      	movs	r2, r3
10000b7e:	4022      	ands	r2, r4
10000b80:	4692      	mov	sl, r2
10000b82:	4223      	tst	r3, r4
10000b84:	d0f1      	beq.n	10000b6a <gpio_default_irq_handler+0x2a>
10000b86:	00bb      	lsls	r3, r7, #2
10000b88:	4a12      	ldr	r2, [pc, #72]	; (10000bd4 <gpio_default_irq_handler+0x94>)
10000b8a:	589a      	ldr	r2, [r3, r2]
10000b8c:	2301      	movs	r3, #1
10000b8e:	40ab      	lsls	r3, r5
10000b90:	4213      	tst	r3, r2
10000b92:	d1ea      	bne.n	10000b6a <gpio_default_irq_handler+0x2a>
10000b94:	4651      	mov	r1, sl
10000b96:	0028      	movs	r0, r5
10000b98:	f7ff ff8c 	bl	10000ab4 <gpio_acknowledge_irq>
10000b9c:	4643      	mov	r3, r8
10000b9e:	2b00      	cmp	r3, #0
10000ba0:	d0e3      	beq.n	10000b6a <gpio_default_irq_handler+0x2a>
10000ba2:	4651      	mov	r1, sl
10000ba4:	0028      	movs	r0, r5
10000ba6:	47c0      	blx	r8
10000ba8:	e7df      	b.n	10000b6a <gpio_default_irq_handler+0x2a>
10000baa:	3608      	adds	r6, #8
10000bac:	2e1d      	cmp	r6, #29
10000bae:	d806      	bhi.n	10000bbe <gpio_default_irq_handler+0x7e>
10000bb0:	08f3      	lsrs	r3, r6, #3
10000bb2:	3308      	adds	r3, #8
10000bb4:	009b      	lsls	r3, r3, #2
10000bb6:	464a      	mov	r2, r9
10000bb8:	589c      	ldr	r4, [r3, r2]
10000bba:	0035      	movs	r5, r6
10000bbc:	e7d7      	b.n	10000b6e <gpio_default_irq_handler+0x2e>
10000bbe:	bce0      	pop	{r5, r6, r7}
10000bc0:	46ba      	mov	sl, r7
10000bc2:	46b1      	mov	r9, r6
10000bc4:	46a8      	mov	r8, r5
10000bc6:	bdf0      	pop	{r4, r5, r6, r7, pc}
10000bc8:	20001e28 	.word	0x20001e28
10000bcc:	40014130 	.word	0x40014130
10000bd0:	40014100 	.word	0x40014100
10000bd4:	20002300 	.word	0x20002300

10000bd8 <gpio_init>:
10000bd8:	b510      	push	{r4, lr}
10000bda:	2301      	movs	r3, #1
10000bdc:	4083      	lsls	r3, r0
10000bde:	22d0      	movs	r2, #208	; 0xd0
10000be0:	0612      	lsls	r2, r2, #24
10000be2:	6293      	str	r3, [r2, #40]	; 0x28
10000be4:	6193      	str	r3, [r2, #24]
10000be6:	2105      	movs	r1, #5
10000be8:	f7ff ff0e 	bl	10000a08 <gpio_set_function>
10000bec:	bd10      	pop	{r4, pc}
	...

10000bf0 <running_on_fpga>:
10000bf0:	4b03      	ldr	r3, [pc, #12]	; (10000c00 <running_on_fpga+0x10>)
10000bf2:	681b      	ldr	r3, [r3, #0]
10000bf4:	2002      	movs	r0, #2
10000bf6:	4018      	ands	r0, r3
10000bf8:	1e43      	subs	r3, r0, #1
10000bfa:	4198      	sbcs	r0, r3
10000bfc:	b2c0      	uxtb	r0, r0
10000bfe:	4770      	bx	lr
10000c00:	4006c000 	.word	0x4006c000

10000c04 <hw_claim_lock>:
10000c04:	f3ef 8010 	mrs	r0, PRIMASK
10000c08:	b672      	cpsid	i
10000c0a:	4b03      	ldr	r3, [pc, #12]	; (10000c18 <hw_claim_lock+0x14>)
10000c0c:	681b      	ldr	r3, [r3, #0]
10000c0e:	2b00      	cmp	r3, #0
10000c10:	d0fb      	beq.n	10000c0a <hw_claim_lock+0x6>
10000c12:	f3bf 8f5f 	dmb	sy
10000c16:	4770      	bx	lr
10000c18:	d000012c 	.word	0xd000012c

10000c1c <hw_claim_unlock>:
10000c1c:	f3bf 8f5f 	dmb	sy
10000c20:	4b02      	ldr	r3, [pc, #8]	; (10000c2c <hw_claim_unlock+0x10>)
10000c22:	2200      	movs	r2, #0
10000c24:	601a      	str	r2, [r3, #0]
10000c26:	f380 8810 	msr	PRIMASK, r0
10000c2a:	4770      	bx	lr
10000c2c:	d000012c 	.word	0xd000012c

10000c30 <hw_claim_or_assert>:
10000c30:	b5f8      	push	{r3, r4, r5, r6, r7, lr}
10000c32:	0006      	movs	r6, r0
10000c34:	000c      	movs	r4, r1
10000c36:	0015      	movs	r5, r2
10000c38:	f7ff ffe4 	bl	10000c04 <hw_claim_lock>
10000c3c:	08e3      	lsrs	r3, r4, #3
10000c3e:	18f7      	adds	r7, r6, r3
10000c40:	5cf1      	ldrb	r1, [r6, r3]
10000c42:	2207      	movs	r2, #7
10000c44:	4022      	ands	r2, r4
10000c46:	2301      	movs	r3, #1
10000c48:	4093      	lsls	r3, r2
10000c4a:	420b      	tst	r3, r1
10000c4c:	d105      	bne.n	10000c5a <hw_claim_or_assert+0x2a>
10000c4e:	b2db      	uxtb	r3, r3
10000c50:	430b      	orrs	r3, r1
10000c52:	703b      	strb	r3, [r7, #0]
10000c54:	f7ff ffe2 	bl	10000c1c <hw_claim_unlock>
10000c58:	bdf8      	pop	{r3, r4, r5, r6, r7, pc}
10000c5a:	0021      	movs	r1, r4
10000c5c:	0028      	movs	r0, r5
10000c5e:	f001 ffd9 	bl	10002c14 <panic>

10000c62 <hw_claim_unused_from_range>:
10000c62:	b5f0      	push	{r4, r5, r6, r7, lr}
10000c64:	b083      	sub	sp, #12
10000c66:	0006      	movs	r6, r0
10000c68:	9101      	str	r1, [sp, #4]
10000c6a:	0014      	movs	r4, r2
10000c6c:	001f      	movs	r7, r3
10000c6e:	f7ff ffc9 	bl	10000c04 <hw_claim_lock>
10000c72:	e000      	b.n	10000c76 <hw_claim_unused_from_range+0x14>
10000c74:	3401      	adds	r4, #1
10000c76:	42bc      	cmp	r4, r7
10000c78:	d80c      	bhi.n	10000c94 <hw_claim_unused_from_range+0x32>
10000c7a:	08e3      	lsrs	r3, r4, #3
10000c7c:	18f5      	adds	r5, r6, r3
10000c7e:	5cf3      	ldrb	r3, [r6, r3]
10000c80:	2107      	movs	r1, #7
10000c82:	4021      	ands	r1, r4
10000c84:	2201      	movs	r2, #1
10000c86:	408a      	lsls	r2, r1
10000c88:	421a      	tst	r2, r3
10000c8a:	d1f3      	bne.n	10000c74 <hw_claim_unused_from_range+0x12>
10000c8c:	b2d2      	uxtb	r2, r2
10000c8e:	431a      	orrs	r2, r3
10000c90:	702a      	strb	r2, [r5, #0]
10000c92:	e001      	b.n	10000c98 <hw_claim_unused_from_range+0x36>
10000c94:	2401      	movs	r4, #1
10000c96:	4264      	negs	r4, r4
10000c98:	f7ff ffc0 	bl	10000c1c <hw_claim_unlock>
10000c9c:	2c00      	cmp	r4, #0
10000c9e:	db02      	blt.n	10000ca6 <hw_claim_unused_from_range+0x44>
10000ca0:	0020      	movs	r0, r4
10000ca2:	b003      	add	sp, #12
10000ca4:	bdf0      	pop	{r4, r5, r6, r7, pc}
10000ca6:	9b01      	ldr	r3, [sp, #4]
10000ca8:	2b00      	cmp	r3, #0
10000caa:	d0f9      	beq.n	10000ca0 <hw_claim_unused_from_range+0x3e>
10000cac:	9808      	ldr	r0, [sp, #32]
10000cae:	f001 ffb1 	bl	10002c14 <panic>
	...

10000cb4 <spin_locks_reset>:
10000cb4:	2300      	movs	r3, #0
10000cb6:	e007      	b.n	10000cc8 <spin_locks_reset+0x14>
10000cb8:	4a05      	ldr	r2, [pc, #20]	; (10000cd0 <spin_locks_reset+0x1c>)
10000cba:	189a      	adds	r2, r3, r2
10000cbc:	0092      	lsls	r2, r2, #2
10000cbe:	f3bf 8f5f 	dmb	sy
10000cc2:	2100      	movs	r1, #0
10000cc4:	6011      	str	r1, [r2, #0]
10000cc6:	3301      	adds	r3, #1
10000cc8:	2b1f      	cmp	r3, #31
10000cca:	d9f5      	bls.n	10000cb8 <spin_locks_reset+0x4>
10000ccc:	4770      	bx	lr
10000cce:	46c0      	nop			; (mov r8, r8)
10000cd0:	34000040 	.word	0x34000040

10000cd4 <next_striped_spin_lock_num>:
10000cd4:	4a05      	ldr	r2, [pc, #20]	; (10000cec <next_striped_spin_lock_num+0x18>)
10000cd6:	7810      	ldrb	r0, [r2, #0]
10000cd8:	1c43      	adds	r3, r0, #1
10000cda:	b2db      	uxtb	r3, r3
10000cdc:	7013      	strb	r3, [r2, #0]
10000cde:	2b17      	cmp	r3, #23
10000ce0:	d902      	bls.n	10000ce8 <next_striped_spin_lock_num+0x14>
10000ce2:	0013      	movs	r3, r2
10000ce4:	2210      	movs	r2, #16
10000ce6:	701a      	strb	r2, [r3, #0]
10000ce8:	4770      	bx	lr
10000cea:	46c0      	nop			; (mov r8, r8)
10000cec:	20000cc4 	.word	0x20000cc4

10000cf0 <spin_lock_claim_unused>:
10000cf0:	b500      	push	{lr}
10000cf2:	b083      	sub	sp, #12
10000cf4:	0001      	movs	r1, r0
10000cf6:	4b04      	ldr	r3, [pc, #16]	; (10000d08 <spin_lock_claim_unused+0x18>)
10000cf8:	9300      	str	r3, [sp, #0]
10000cfa:	231f      	movs	r3, #31
10000cfc:	2218      	movs	r2, #24
10000cfe:	4803      	ldr	r0, [pc, #12]	; (10000d0c <spin_lock_claim_unused+0x1c>)
10000d00:	f7ff ffaf 	bl	10000c62 <hw_claim_unused_from_range>
10000d04:	b003      	add	sp, #12
10000d06:	bd00      	pop	{pc}
10000d08:	1000ab64 	.word	0x1000ab64
10000d0c:	20001e38 	.word	0x20001e38

10000d10 <set_raw_irq_handler_and_unlock>:
10000d10:	4b07      	ldr	r3, [pc, #28]	; (10000d30 <set_raw_irq_handler_and_unlock+0x20>)
10000d12:	689b      	ldr	r3, [r3, #8]
10000d14:	3010      	adds	r0, #16
10000d16:	0080      	lsls	r0, r0, #2
10000d18:	5019      	str	r1, [r3, r0]
10000d1a:	f3bf 8f5f 	dmb	sy
10000d1e:	f3bf 8f5f 	dmb	sy
10000d22:	4b04      	ldr	r3, [pc, #16]	; (10000d34 <set_raw_irq_handler_and_unlock+0x24>)
10000d24:	2100      	movs	r1, #0
10000d26:	6019      	str	r1, [r3, #0]
10000d28:	f382 8810 	msr	PRIMASK, r2
10000d2c:	4770      	bx	lr
10000d2e:	46c0      	nop			; (mov r8, r8)
10000d30:	e000ed00 	.word	0xe000ed00
10000d34:	d0000124 	.word	0xd0000124

10000d38 <make_branch>:
10000d38:	b510      	push	{r4, lr}
10000d3a:	1a09      	subs	r1, r1, r0
10000d3c:	1f08      	subs	r0, r1, #4
10000d3e:	4b0a      	ldr	r3, [pc, #40]	; (10000d68 <make_branch+0x30>)
10000d40:	469c      	mov	ip, r3
10000d42:	4461      	add	r1, ip
10000d44:	4a09      	ldr	r2, [pc, #36]	; (10000d6c <make_branch+0x34>)
10000d46:	4291      	cmp	r1, r2
10000d48:	d808      	bhi.n	10000d5c <make_branch+0x24>
10000d4a:	07c3      	lsls	r3, r0, #31
10000d4c:	d406      	bmi.n	10000d5c <make_branch+0x24>
10000d4e:	1040      	asrs	r0, r0, #1
10000d50:	0540      	lsls	r0, r0, #21
10000d52:	0d40      	lsrs	r0, r0, #21
10000d54:	4b06      	ldr	r3, [pc, #24]	; (10000d70 <make_branch+0x38>)
10000d56:	4318      	orrs	r0, r3
10000d58:	b280      	uxth	r0, r0
10000d5a:	bd10      	pop	{r4, pc}
10000d5c:	4b05      	ldr	r3, [pc, #20]	; (10000d74 <make_branch+0x3c>)
10000d5e:	4a06      	ldr	r2, [pc, #24]	; (10000d78 <make_branch+0x40>)
10000d60:	21a3      	movs	r1, #163	; 0xa3
10000d62:	4806      	ldr	r0, [pc, #24]	; (10000d7c <make_branch+0x44>)
10000d64:	f001 febc 	bl	10002ae0 <__assert_func>
10000d68:	000007fc 	.word	0x000007fc
10000d6c:	00000ffe 	.word	0x00000ffe
10000d70:	ffffe000 	.word	0xffffe000
10000d74:	1000ab80 	.word	0x1000ab80
10000d78:	1000ae0c 	.word	0x1000ae0c
10000d7c:	1000abb0 	.word	0x1000abb0

10000d80 <insert_branch_and_link>:
10000d80:	b510      	push	{r4, lr}
10000d82:	1a09      	subs	r1, r1, r0
10000d84:	3904      	subs	r1, #4
10000d86:	084c      	lsrs	r4, r1, #1
10000d88:	0b09      	lsrs	r1, r1, #12
10000d8a:	d108      	bne.n	10000d9e <insert_branch_and_link+0x1e>
10000d8c:	0549      	lsls	r1, r1, #21
10000d8e:	0d49      	lsrs	r1, r1, #21
10000d90:	4a06      	ldr	r2, [pc, #24]	; (10000dac <insert_branch_and_link+0x2c>)
10000d92:	4311      	orrs	r1, r2
10000d94:	8001      	strh	r1, [r0, #0]
10000d96:	4b06      	ldr	r3, [pc, #24]	; (10000db0 <insert_branch_and_link+0x30>)
10000d98:	4323      	orrs	r3, r4
10000d9a:	8043      	strh	r3, [r0, #2]
10000d9c:	bd10      	pop	{r4, pc}
10000d9e:	4b05      	ldr	r3, [pc, #20]	; (10000db4 <insert_branch_and_link+0x34>)
10000da0:	4a05      	ldr	r2, [pc, #20]	; (10000db8 <insert_branch_and_link+0x38>)
10000da2:	21ab      	movs	r1, #171	; 0xab
10000da4:	4805      	ldr	r0, [pc, #20]	; (10000dbc <insert_branch_and_link+0x3c>)
10000da6:	f001 fe9b 	bl	10002ae0 <__assert_func>
10000daa:	46c0      	nop			; (mov r8, r8)
10000dac:	fffff000 	.word	0xfffff000
10000db0:	fffff800 	.word	0xfffff800
10000db4:	1000ac0c 	.word	0x1000ac0c
10000db8:	1000ade0 	.word	0x1000ade0
10000dbc:	1000abb0 	.word	0x1000abb0

10000dc0 <irq_is_enabled>:
10000dc0:	2301      	movs	r3, #1
10000dc2:	4083      	lsls	r3, r0
10000dc4:	4a03      	ldr	r2, [pc, #12]	; (10000dd4 <irq_is_enabled+0x14>)
10000dc6:	6810      	ldr	r0, [r2, #0]
10000dc8:	4018      	ands	r0, r3
10000dca:	1e43      	subs	r3, r0, #1
10000dcc:	4198      	sbcs	r0, r3
10000dce:	b2c0      	uxtb	r0, r0
10000dd0:	4770      	bx	lr
10000dd2:	46c0      	nop			; (mov r8, r8)
10000dd4:	e000e100 	.word	0xe000e100

10000dd8 <irq_set_mask_enabled>:
10000dd8:	2900      	cmp	r1, #0
10000dda:	d004      	beq.n	10000de6 <irq_set_mask_enabled+0xe>
10000ddc:	4b03      	ldr	r3, [pc, #12]	; (10000dec <irq_set_mask_enabled+0x14>)
10000dde:	6018      	str	r0, [r3, #0]
10000de0:	4b03      	ldr	r3, [pc, #12]	; (10000df0 <irq_set_mask_enabled+0x18>)
10000de2:	6018      	str	r0, [r3, #0]
10000de4:	4770      	bx	lr
10000de6:	4b03      	ldr	r3, [pc, #12]	; (10000df4 <irq_set_mask_enabled+0x1c>)
10000de8:	6018      	str	r0, [r3, #0]
10000dea:	e7fb      	b.n	10000de4 <irq_set_mask_enabled+0xc>
10000dec:	e000e280 	.word	0xe000e280
10000df0:	e000e100 	.word	0xe000e100
10000df4:	e000e180 	.word	0xe000e180

10000df8 <irq_set_enabled>:
10000df8:	b510      	push	{r4, lr}
10000dfa:	2301      	movs	r3, #1
10000dfc:	4083      	lsls	r3, r0
10000dfe:	0018      	movs	r0, r3
10000e00:	f7ff ffea 	bl	10000dd8 <irq_set_mask_enabled>
10000e04:	bd10      	pop	{r4, pc}
	...

10000e08 <irq_set_pending>:
10000e08:	2301      	movs	r3, #1
10000e0a:	4083      	lsls	r3, r0
10000e0c:	4a01      	ldr	r2, [pc, #4]	; (10000e14 <irq_set_pending+0xc>)
10000e0e:	6013      	str	r3, [r2, #0]
10000e10:	4770      	bx	lr
10000e12:	46c0      	nop			; (mov r8, r8)
10000e14:	e000e200 	.word	0xe000e200

10000e18 <irq_get_vtable_handler>:
10000e18:	4b02      	ldr	r3, [pc, #8]	; (10000e24 <irq_get_vtable_handler+0xc>)
10000e1a:	689b      	ldr	r3, [r3, #8]
10000e1c:	3010      	adds	r0, #16
10000e1e:	0080      	lsls	r0, r0, #2
10000e20:	58c0      	ldr	r0, [r0, r3]
10000e22:	4770      	bx	lr
10000e24:	e000ed00 	.word	0xe000ed00

10000e28 <irq_has_shared_handler>:
10000e28:	b510      	push	{r4, lr}
10000e2a:	f7ff fff5 	bl	10000e18 <irq_get_vtable_handler>
10000e2e:	2800      	cmp	r0, #0
10000e30:	d005      	beq.n	10000e3e <irq_has_shared_handler+0x16>
10000e32:	4b05      	ldr	r3, [pc, #20]	; (10000e48 <irq_has_shared_handler+0x20>)
10000e34:	1ac0      	subs	r0, r0, r3
10000e36:	282f      	cmp	r0, #47	; 0x2f
10000e38:	d803      	bhi.n	10000e42 <irq_has_shared_handler+0x1a>
10000e3a:	2001      	movs	r0, #1
10000e3c:	bd10      	pop	{r4, pc}
10000e3e:	2000      	movs	r0, #0
10000e40:	e7fc      	b.n	10000e3c <irq_has_shared_handler+0x14>
10000e42:	2000      	movs	r0, #0
10000e44:	e7fa      	b.n	10000e3c <irq_has_shared_handler+0x14>
10000e46:	46c0      	nop			; (mov r8, r8)
10000e48:	20000cc8 	.word	0x20000cc8

10000e4c <irq_set_exclusive_handler>:
10000e4c:	b570      	push	{r4, r5, r6, lr}
10000e4e:	0004      	movs	r4, r0
10000e50:	000d      	movs	r5, r1
10000e52:	f3ef 8610 	mrs	r6, PRIMASK
10000e56:	b672      	cpsid	i
10000e58:	4b0c      	ldr	r3, [pc, #48]	; (10000e8c <irq_set_exclusive_handler+0x40>)
10000e5a:	681b      	ldr	r3, [r3, #0]
10000e5c:	2b00      	cmp	r3, #0
10000e5e:	d0fb      	beq.n	10000e58 <irq_set_exclusive_handler+0xc>
10000e60:	f3bf 8f5f 	dmb	sy
10000e64:	0020      	movs	r0, r4
10000e66:	f7ff ffd7 	bl	10000e18 <irq_get_vtable_handler>
10000e6a:	4b09      	ldr	r3, [pc, #36]	; (10000e90 <irq_set_exclusive_handler+0x44>)
10000e6c:	4298      	cmp	r0, r3
10000e6e:	d001      	beq.n	10000e74 <irq_set_exclusive_handler+0x28>
10000e70:	42a8      	cmp	r0, r5
10000e72:	d105      	bne.n	10000e80 <irq_set_exclusive_handler+0x34>
10000e74:	0032      	movs	r2, r6
10000e76:	0029      	movs	r1, r5
10000e78:	0020      	movs	r0, r4
10000e7a:	f7ff ff49 	bl	10000d10 <set_raw_irq_handler_and_unlock>
10000e7e:	bd70      	pop	{r4, r5, r6, pc}
10000e80:	4b04      	ldr	r3, [pc, #16]	; (10000e94 <irq_set_exclusive_handler+0x48>)
10000e82:	4a05      	ldr	r2, [pc, #20]	; (10000e98 <irq_set_exclusive_handler+0x4c>)
10000e84:	2186      	movs	r1, #134	; 0x86
10000e86:	4805      	ldr	r0, [pc, #20]	; (10000e9c <irq_set_exclusive_handler+0x50>)
10000e88:	f001 fe2a 	bl	10002ae0 <__assert_func>
10000e8c:	d0000124 	.word	0xd0000124
10000e90:	100001cd 	.word	0x100001cd
10000e94:	1000ac1c 	.word	0x1000ac1c
10000e98:	1000ae40 	.word	0x1000ae40
10000e9c:	1000abb0 	.word	0x1000abb0

10000ea0 <irq_add_shared_handler>:
10000ea0:	b5f0      	push	{r4, r5, r6, r7, lr}
10000ea2:	46de      	mov	lr, fp
10000ea4:	4657      	mov	r7, sl
10000ea6:	464e      	mov	r6, r9
10000ea8:	4645      	mov	r5, r8
10000eaa:	b5e0      	push	{r5, r6, r7, lr}
10000eac:	b089      	sub	sp, #36	; 0x24
10000eae:	4681      	mov	r9, r0
10000eb0:	9101      	str	r1, [sp, #4]
10000eb2:	0015      	movs	r5, r2
10000eb4:	f3ef 8a10 	mrs	sl, PRIMASK
10000eb8:	b672      	cpsid	i
10000eba:	4b74      	ldr	r3, [pc, #464]	; (1000108c <irq_add_shared_handler+0x1ec>)
10000ebc:	681b      	ldr	r3, [r3, #0]
10000ebe:	2b00      	cmp	r3, #0
10000ec0:	d0fb      	beq.n	10000eba <irq_add_shared_handler+0x1a>
10000ec2:	f3bf 8f5f 	dmb	sy
10000ec6:	4b72      	ldr	r3, [pc, #456]	; (10001090 <irq_add_shared_handler+0x1f0>)
10000ec8:	2700      	movs	r7, #0
10000eca:	57df      	ldrsb	r7, [r3, r7]
10000ecc:	2f00      	cmp	r7, #0
10000ece:	db40      	blt.n	10000f52 <irq_add_shared_handler+0xb2>
10000ed0:	007c      	lsls	r4, r7, #1
10000ed2:	19e4      	adds	r4, r4, r7
10000ed4:	00a4      	lsls	r4, r4, #2
10000ed6:	486f      	ldr	r0, [pc, #444]	; (10001094 <irq_add_shared_handler+0x1f4>)
10000ed8:	1824      	adds	r4, r4, r0
10000eda:	2206      	movs	r2, #6
10000edc:	56a2      	ldrsb	r2, [r4, r2]
10000ede:	4b6c      	ldr	r3, [pc, #432]	; (10001090 <irq_add_shared_handler+0x1f0>)
10000ee0:	701a      	strb	r2, [r3, #0]
10000ee2:	4b6d      	ldr	r3, [pc, #436]	; (10001098 <irq_add_shared_handler+0x1f8>)
10000ee4:	689a      	ldr	r2, [r3, #8]
10000ee6:	464b      	mov	r3, r9
10000ee8:	3310      	adds	r3, #16
10000eea:	009b      	lsls	r3, r3, #2
10000eec:	58d3      	ldr	r3, [r2, r3]
10000eee:	4698      	mov	r8, r3
10000ef0:	001e      	movs	r6, r3
10000ef2:	1a1b      	subs	r3, r3, r0
10000ef4:	2b2f      	cmp	r3, #47	; 0x2f
10000ef6:	d938      	bls.n	10000f6a <irq_add_shared_handler+0xca>
10000ef8:	4b68      	ldr	r3, [pc, #416]	; (1000109c <irq_add_shared_handler+0x1fc>)
10000efa:	4598      	cmp	r8, r3
10000efc:	d12f      	bne.n	10000f5e <irq_add_shared_handler+0xbe>
10000efe:	ae05      	add	r6, sp, #20
10000f00:	4b67      	ldr	r3, [pc, #412]	; (100010a0 <irq_add_shared_handler+0x200>)
10000f02:	8033      	strh	r3, [r6, #0]
10000f04:	007b      	lsls	r3, r7, #1
10000f06:	469b      	mov	fp, r3
10000f08:	19d8      	adds	r0, r3, r7
10000f0a:	0080      	lsls	r0, r0, #2
10000f0c:	4b61      	ldr	r3, [pc, #388]	; (10001094 <irq_add_shared_handler+0x1f4>)
10000f0e:	4698      	mov	r8, r3
10000f10:	4440      	add	r0, r8
10000f12:	3002      	adds	r0, #2
10000f14:	4963      	ldr	r1, [pc, #396]	; (100010a4 <irq_add_shared_handler+0x204>)
10000f16:	f7ff ff0f 	bl	10000d38 <make_branch>
10000f1a:	8070      	strh	r0, [r6, #2]
10000f1c:	4b62      	ldr	r3, [pc, #392]	; (100010a8 <irq_add_shared_handler+0x208>)
10000f1e:	80b3      	strh	r3, [r6, #4]
10000f20:	23ff      	movs	r3, #255	; 0xff
10000f22:	71b3      	strb	r3, [r6, #6]
10000f24:	71f5      	strb	r5, [r6, #7]
10000f26:	9b01      	ldr	r3, [sp, #4]
10000f28:	9307      	str	r3, [sp, #28]
10000f2a:	445f      	add	r7, fp
10000f2c:	00bf      	lsls	r7, r7, #2
10000f2e:	4447      	add	r7, r8
10000f30:	ce0e      	ldmia	r6!, {r1, r2, r3}
10000f32:	c70e      	stmia	r7!, {r1, r2, r3}
10000f34:	2301      	movs	r3, #1
10000f36:	431c      	orrs	r4, r3
10000f38:	46a0      	mov	r8, r4
10000f3a:	4652      	mov	r2, sl
10000f3c:	4641      	mov	r1, r8
10000f3e:	4648      	mov	r0, r9
10000f40:	f7ff fee6 	bl	10000d10 <set_raw_irq_handler_and_unlock>
10000f44:	b009      	add	sp, #36	; 0x24
10000f46:	bcf0      	pop	{r4, r5, r6, r7}
10000f48:	46bb      	mov	fp, r7
10000f4a:	46b2      	mov	sl, r6
10000f4c:	46a9      	mov	r9, r5
10000f4e:	46a0      	mov	r8, r4
10000f50:	bdf0      	pop	{r4, r5, r6, r7, pc}
10000f52:	4b56      	ldr	r3, [pc, #344]	; (100010ac <irq_add_shared_handler+0x20c>)
10000f54:	4a56      	ldr	r2, [pc, #344]	; (100010b0 <irq_add_shared_handler+0x210>)
10000f56:	21d7      	movs	r1, #215	; 0xd7
10000f58:	4856      	ldr	r0, [pc, #344]	; (100010b4 <irq_add_shared_handler+0x214>)
10000f5a:	f001 fdc1 	bl	10002ae0 <__assert_func>
10000f5e:	4b56      	ldr	r3, [pc, #344]	; (100010b8 <irq_add_shared_handler+0x218>)
10000f60:	4a53      	ldr	r2, [pc, #332]	; (100010b0 <irq_add_shared_handler+0x210>)
10000f62:	21de      	movs	r1, #222	; 0xde
10000f64:	4853      	ldr	r0, [pc, #332]	; (100010b4 <irq_add_shared_handler+0x214>)
10000f66:	f001 fdbb 	bl	10002ae0 <__assert_func>
10000f6a:	43c0      	mvns	r0, r0
10000f6c:	4440      	add	r0, r8
10000f6e:	210c      	movs	r1, #12
10000f70:	f002 ff64 	bl	10003e3c <__wrap___aeabi_uidiv>
10000f74:	2900      	cmp	r1, #0
10000f76:	d112      	bne.n	10000f9e <irq_add_shared_handler+0xfe>
10000f78:	2301      	movs	r3, #1
10000f7a:	439e      	bics	r6, r3
10000f7c:	46b3      	mov	fp, r6
10000f7e:	0033      	movs	r3, r6
10000f80:	2600      	movs	r6, #0
10000f82:	79da      	ldrb	r2, [r3, #7]
10000f84:	42aa      	cmp	r2, r5
10000f86:	d911      	bls.n	10000fac <irq_add_shared_handler+0x10c>
10000f88:	2106      	movs	r1, #6
10000f8a:	5659      	ldrsb	r1, [r3, r1]
10000f8c:	2900      	cmp	r1, #0
10000f8e:	db0c      	blt.n	10000faa <irq_add_shared_handler+0x10a>
10000f90:	004a      	lsls	r2, r1, #1
10000f92:	1852      	adds	r2, r2, r1
10000f94:	0092      	lsls	r2, r2, #2
10000f96:	001e      	movs	r6, r3
10000f98:	4b3e      	ldr	r3, [pc, #248]	; (10001094 <irq_add_shared_handler+0x1f4>)
10000f9a:	189b      	adds	r3, r3, r2
10000f9c:	e7f1      	b.n	10000f82 <irq_add_shared_handler+0xe2>
10000f9e:	4b47      	ldr	r3, [pc, #284]	; (100010bc <irq_add_shared_handler+0x21c>)
10000fa0:	4a43      	ldr	r2, [pc, #268]	; (100010b0 <irq_add_shared_handler+0x210>)
10000fa2:	21ea      	movs	r1, #234	; 0xea
10000fa4:	4843      	ldr	r0, [pc, #268]	; (100010b4 <irq_add_shared_handler+0x214>)
10000fa6:	f001 fd9b 	bl	10002ae0 <__assert_func>
10000faa:	001e      	movs	r6, r3
10000fac:	2e00      	cmp	r6, #0
10000fae:	d03a      	beq.n	10001026 <irq_add_shared_handler+0x186>
10000fb0:	ab05      	add	r3, sp, #20
10000fb2:	4a43      	ldr	r2, [pc, #268]	; (100010c0 <irq_add_shared_handler+0x220>)
10000fb4:	801a      	strh	r2, [r3, #0]
10000fb6:	3a81      	subs	r2, #129	; 0x81
10000fb8:	805a      	strh	r2, [r3, #2]
10000fba:	2306      	movs	r3, #6
10000fbc:	56f3      	ldrsb	r3, [r6, r3]
10000fbe:	9302      	str	r3, [sp, #8]
10000fc0:	2b00      	cmp	r3, #0
10000fc2:	da17      	bge.n	10000ff4 <irq_add_shared_handler+0x154>
10000fc4:	483f      	ldr	r0, [pc, #252]	; (100010c4 <irq_add_shared_handler+0x224>)
10000fc6:	ab05      	add	r3, sp, #20
10000fc8:	469b      	mov	fp, r3
10000fca:	8098      	strh	r0, [r3, #4]
10000fcc:	9a02      	ldr	r2, [sp, #8]
10000fce:	719a      	strb	r2, [r3, #6]
10000fd0:	71dd      	strb	r5, [r3, #7]
10000fd2:	9a01      	ldr	r2, [sp, #4]
10000fd4:	9207      	str	r2, [sp, #28]
10000fd6:	1d30      	adds	r0, r6, #4
10000fd8:	0021      	movs	r1, r4
10000fda:	f7ff fead 	bl	10000d38 <make_branch>
10000fde:	80b0      	strh	r0, [r6, #4]
10000fe0:	71b7      	strb	r7, [r6, #6]
10000fe2:	007b      	lsls	r3, r7, #1
10000fe4:	19db      	adds	r3, r3, r7
10000fe6:	009b      	lsls	r3, r3, #2
10000fe8:	4f2a      	ldr	r7, [pc, #168]	; (10001094 <irq_add_shared_handler+0x1f4>)
10000fea:	18ff      	adds	r7, r7, r3
10000fec:	465b      	mov	r3, fp
10000fee:	cb07      	ldmia	r3!, {r0, r1, r2}
10000ff0:	c707      	stmia	r7!, {r0, r1, r2}
10000ff2:	e7a2      	b.n	10000f3a <irq_add_shared_handler+0x9a>
10000ff4:	0078      	lsls	r0, r7, #1
10000ff6:	19c0      	adds	r0, r0, r7
10000ff8:	0080      	lsls	r0, r0, #2
10000ffa:	4b26      	ldr	r3, [pc, #152]	; (10001094 <irq_add_shared_handler+0x1f4>)
10000ffc:	18c0      	adds	r0, r0, r3
10000ffe:	3004      	adds	r0, #4
10001000:	1d32      	adds	r2, r6, #4
10001002:	88b3      	ldrh	r3, [r6, #4]
10001004:	0ad9      	lsrs	r1, r3, #11
10001006:	291c      	cmp	r1, #28
10001008:	d107      	bne.n	1000101a <irq_add_shared_handler+0x17a>
1000100a:	055b      	lsls	r3, r3, #21
1000100c:	1559      	asrs	r1, r3, #21
1000100e:	3102      	adds	r1, #2
10001010:	0049      	lsls	r1, r1, #1
10001012:	1851      	adds	r1, r2, r1
10001014:	f7ff fe90 	bl	10000d38 <make_branch>
10001018:	e7d5      	b.n	10000fc6 <irq_add_shared_handler+0x126>
1000101a:	4b2b      	ldr	r3, [pc, #172]	; (100010c8 <irq_add_shared_handler+0x228>)
1000101c:	4a2b      	ldr	r2, [pc, #172]	; (100010cc <irq_add_shared_handler+0x22c>)
1000101e:	21b1      	movs	r1, #177	; 0xb1
10001020:	4824      	ldr	r0, [pc, #144]	; (100010b4 <irq_add_shared_handler+0x214>)
10001022:	f001 fd5d 	bl	10002ae0 <__assert_func>
10001026:	ae05      	add	r6, sp, #20
10001028:	4b1d      	ldr	r3, [pc, #116]	; (100010a0 <irq_add_shared_handler+0x200>)
1000102a:	8033      	strh	r3, [r6, #0]
1000102c:	007b      	lsls	r3, r7, #1
1000102e:	9302      	str	r3, [sp, #8]
10001030:	19d8      	adds	r0, r3, r7
10001032:	0080      	lsls	r0, r0, #2
10001034:	4a17      	ldr	r2, [pc, #92]	; (10001094 <irq_add_shared_handler+0x1f4>)
10001036:	4690      	mov	r8, r2
10001038:	0002      	movs	r2, r0
1000103a:	4442      	add	r2, r8
1000103c:	9203      	str	r2, [sp, #12]
1000103e:	1c90      	adds	r0, r2, #2
10001040:	4918      	ldr	r1, [pc, #96]	; (100010a4 <irq_add_shared_handler+0x204>)
10001042:	f7ff fe79 	bl	10000d38 <make_branch>
10001046:	8070      	strh	r0, [r6, #2]
10001048:	9a03      	ldr	r2, [sp, #12]
1000104a:	1d10      	adds	r0, r2, #4
1000104c:	4659      	mov	r1, fp
1000104e:	f7ff fe73 	bl	10000d38 <make_branch>
10001052:	80b0      	strh	r0, [r6, #4]
10001054:	4b1e      	ldr	r3, [pc, #120]	; (100010d0 <irq_add_shared_handler+0x230>)
10001056:	465a      	mov	r2, fp
10001058:	4641      	mov	r1, r8
1000105a:	1a52      	subs	r2, r2, r1
1000105c:	4152      	adcs	r2, r2
1000105e:	4353      	muls	r3, r2
10001060:	0d1b      	lsrs	r3, r3, #20
10001062:	71b3      	strb	r3, [r6, #6]
10001064:	71f5      	strb	r5, [r6, #7]
10001066:	9a01      	ldr	r2, [sp, #4]
10001068:	9207      	str	r2, [sp, #28]
1000106a:	9b02      	ldr	r3, [sp, #8]
1000106c:	469c      	mov	ip, r3
1000106e:	4467      	add	r7, ip
10001070:	00bf      	lsls	r7, r7, #2
10001072:	4447      	add	r7, r8
10001074:	ce0e      	ldmia	r6!, {r1, r2, r3}
10001076:	c70e      	stmia	r7!, {r1, r2, r3}
10001078:	4b11      	ldr	r3, [pc, #68]	; (100010c0 <irq_add_shared_handler+0x220>)
1000107a:	465a      	mov	r2, fp
1000107c:	8013      	strh	r3, [r2, #0]
1000107e:	3b81      	subs	r3, #129	; 0x81
10001080:	8053      	strh	r3, [r2, #2]
10001082:	2301      	movs	r3, #1
10001084:	431c      	orrs	r4, r3
10001086:	46a0      	mov	r8, r4
10001088:	e757      	b.n	10000f3a <irq_add_shared_handler+0x9a>
1000108a:	46c0      	nop			; (mov r8, r8)
1000108c:	d0000124 	.word	0xd0000124
10001090:	20002546 	.word	0x20002546
10001094:	20000cc8 	.word	0x20000cc8
10001098:	e000ed00 	.word	0xe000ed00
1000109c:	100001cd 	.word	0x100001cd
100010a0:	ffffa100 	.word	0xffffa100
100010a4:	20000cf8 	.word	0x20000cf8
100010a8:	ffffbd01 	.word	0xffffbd01
100010ac:	1000ac54 	.word	0x1000ac54
100010b0:	1000ae28 	.word	0x1000ae28
100010b4:	1000abb0 	.word	0x1000abb0
100010b8:	1000ac7c 	.word	0x1000ac7c
100010bc:	1000aca4 	.word	0x1000aca4
100010c0:	00004801 	.word	0x00004801
100010c4:	0000bd01 	.word	0x0000bd01
100010c8:	1000ad18 	.word	0x1000ad18
100010cc:	1000ae18 	.word	0x1000ae18
100010d0:	0000aaaa 	.word	0x0000aaaa

100010d4 <irq_remove_handler>:
100010d4:	b5f0      	push	{r4, r5, r6, r7, lr}
100010d6:	46ce      	mov	lr, r9
100010d8:	4647      	mov	r7, r8
100010da:	b580      	push	{r7, lr}
100010dc:	b083      	sub	sp, #12
100010de:	0006      	movs	r6, r0
100010e0:	000d      	movs	r5, r1
100010e2:	f3ef 8810 	mrs	r8, PRIMASK
100010e6:	b672      	cpsid	i
100010e8:	4b56      	ldr	r3, [pc, #344]	; (10001244 <irq_remove_handler+0x170>)
100010ea:	681b      	ldr	r3, [r3, #0]
100010ec:	2b00      	cmp	r3, #0
100010ee:	d0fb      	beq.n	100010e8 <irq_remove_handler+0x14>
100010f0:	f3bf 8f5f 	dmb	sy
100010f4:	4b54      	ldr	r3, [pc, #336]	; (10001248 <irq_remove_handler+0x174>)
100010f6:	689a      	ldr	r2, [r3, #8]
100010f8:	0034      	movs	r4, r6
100010fa:	3410      	adds	r4, #16
100010fc:	00a3      	lsls	r3, r4, #2
100010fe:	58d7      	ldr	r7, [r2, r3]
10001100:	4b52      	ldr	r3, [pc, #328]	; (1000124c <irq_remove_handler+0x178>)
10001102:	429f      	cmp	r7, r3
10001104:	d007      	beq.n	10001116 <irq_remove_handler+0x42>
10001106:	42af      	cmp	r7, r5
10001108:	d100      	bne.n	1000110c <irq_remove_handler+0x38>
1000110a:	e098      	b.n	1000123e <irq_remove_handler+0x16a>
1000110c:	9701      	str	r7, [sp, #4]
1000110e:	4b50      	ldr	r3, [pc, #320]	; (10001250 <irq_remove_handler+0x17c>)
10001110:	1afb      	subs	r3, r7, r3
10001112:	2b2f      	cmp	r3, #47	; 0x2f
10001114:	d909      	bls.n	1000112a <irq_remove_handler+0x56>
10001116:	4642      	mov	r2, r8
10001118:	0039      	movs	r1, r7
1000111a:	0030      	movs	r0, r6
1000111c:	f7ff fdf8 	bl	10000d10 <set_raw_irq_handler_and_unlock>
10001120:	b003      	add	sp, #12
10001122:	bcc0      	pop	{r6, r7}
10001124:	46b9      	mov	r9, r7
10001126:	46b0      	mov	r8, r6
10001128:	bdf0      	pop	{r4, r5, r6, r7, pc}
1000112a:	0030      	movs	r0, r6
1000112c:	f7ff fe48 	bl	10000dc0 <irq_is_enabled>
10001130:	4681      	mov	r9, r0
10001132:	2100      	movs	r1, #0
10001134:	0030      	movs	r0, r6
10001136:	f7ff fe5f 	bl	10000df8 <irq_set_enabled>
1000113a:	f3bf 8f5f 	dmb	sy
1000113e:	f3ef 8105 	mrs	r1, IPSR
10001142:	2900      	cmp	r1, #0
10001144:	d001      	beq.n	1000114a <irq_remove_handler+0x76>
10001146:	428c      	cmp	r4, r1
10001148:	d111      	bne.n	1000116e <irq_remove_handler+0x9a>
1000114a:	2301      	movs	r3, #1
1000114c:	9c01      	ldr	r4, [sp, #4]
1000114e:	439c      	bics	r4, r3
10001150:	2200      	movs	r2, #0
10001152:	68a3      	ldr	r3, [r4, #8]
10001154:	42ab      	cmp	r3, r5
10001156:	d012      	beq.n	1000117e <irq_remove_handler+0xaa>
10001158:	2206      	movs	r2, #6
1000115a:	56a2      	ldrsb	r2, [r4, r2]
1000115c:	2a00      	cmp	r2, #0
1000115e:	db0d      	blt.n	1000117c <irq_remove_handler+0xa8>
10001160:	0053      	lsls	r3, r2, #1
10001162:	189b      	adds	r3, r3, r2
10001164:	009b      	lsls	r3, r3, #2
10001166:	0022      	movs	r2, r4
10001168:	4c39      	ldr	r4, [pc, #228]	; (10001250 <irq_remove_handler+0x17c>)
1000116a:	18e4      	adds	r4, r4, r3
1000116c:	e7f1      	b.n	10001152 <irq_remove_handler+0x7e>
1000116e:	2136      	movs	r1, #54	; 0x36
10001170:	4b38      	ldr	r3, [pc, #224]	; (10001254 <irq_remove_handler+0x180>)
10001172:	4a39      	ldr	r2, [pc, #228]	; (10001258 <irq_remove_handler+0x184>)
10001174:	31ff      	adds	r1, #255	; 0xff
10001176:	4839      	ldr	r0, [pc, #228]	; (1000125c <irq_remove_handler+0x188>)
10001178:	f001 fcb2 	bl	10002ae0 <__assert_func>
1000117c:	0022      	movs	r2, r4
1000117e:	42ab      	cmp	r3, r5
10001180:	d156      	bne.n	10001230 <irq_remove_handler+0x15c>
10001182:	2506      	movs	r5, #6
10001184:	5765      	ldrsb	r5, [r4, r5]
10001186:	2d00      	cmp	r5, #0
10001188:	db38      	blt.n	100011fc <irq_remove_handler+0x128>
1000118a:	006b      	lsls	r3, r5, #1
1000118c:	195b      	adds	r3, r3, r5
1000118e:	009a      	lsls	r2, r3, #2
10001190:	4b2f      	ldr	r3, [pc, #188]	; (10001250 <irq_remove_handler+0x17c>)
10001192:	189b      	adds	r3, r3, r2
10001194:	689a      	ldr	r2, [r3, #8]
10001196:	60a2      	str	r2, [r4, #8]
10001198:	79da      	ldrb	r2, [r3, #7]
1000119a:	71e2      	strb	r2, [r4, #7]
1000119c:	2206      	movs	r2, #6
1000119e:	569a      	ldrsb	r2, [r3, r2]
100011a0:	71a2      	strb	r2, [r4, #6]
100011a2:	799b      	ldrb	r3, [r3, #6]
100011a4:	b25b      	sxtb	r3, r3
100011a6:	2b00      	cmp	r3, #0
100011a8:	da0f      	bge.n	100011ca <irq_remove_handler+0xf6>
100011aa:	482d      	ldr	r0, [pc, #180]	; (10001260 <irq_remove_handler+0x18c>)
100011ac:	80a0      	strh	r0, [r4, #4]
100011ae:	006b      	lsls	r3, r5, #1
100011b0:	195b      	adds	r3, r3, r5
100011b2:	009b      	lsls	r3, r3, #2
100011b4:	4a26      	ldr	r2, [pc, #152]	; (10001250 <irq_remove_handler+0x17c>)
100011b6:	18d3      	adds	r3, r2, r3
100011b8:	4a2a      	ldr	r2, [pc, #168]	; (10001264 <irq_remove_handler+0x190>)
100011ba:	7811      	ldrb	r1, [r2, #0]
100011bc:	7199      	strb	r1, [r3, #6]
100011be:	7015      	strb	r5, [r2, #0]
100011c0:	4649      	mov	r1, r9
100011c2:	0030      	movs	r0, r6
100011c4:	f7ff fe18 	bl	10000df8 <irq_set_enabled>
100011c8:	e7a5      	b.n	10001116 <irq_remove_handler+0x42>
100011ca:	1d20      	adds	r0, r4, #4
100011cc:	006b      	lsls	r3, r5, #1
100011ce:	195b      	adds	r3, r3, r5
100011d0:	009b      	lsls	r3, r3, #2
100011d2:	4a1f      	ldr	r2, [pc, #124]	; (10001250 <irq_remove_handler+0x17c>)
100011d4:	189b      	adds	r3, r3, r2
100011d6:	1d1a      	adds	r2, r3, #4
100011d8:	889b      	ldrh	r3, [r3, #4]
100011da:	0ad9      	lsrs	r1, r3, #11
100011dc:	291c      	cmp	r1, #28
100011de:	d107      	bne.n	100011f0 <irq_remove_handler+0x11c>
100011e0:	055b      	lsls	r3, r3, #21
100011e2:	155b      	asrs	r3, r3, #21
100011e4:	3302      	adds	r3, #2
100011e6:	0059      	lsls	r1, r3, #1
100011e8:	1851      	adds	r1, r2, r1
100011ea:	f7ff fda5 	bl	10000d38 <make_branch>
100011ee:	e7dd      	b.n	100011ac <irq_remove_handler+0xd8>
100011f0:	4b1d      	ldr	r3, [pc, #116]	; (10001268 <irq_remove_handler+0x194>)
100011f2:	4a1e      	ldr	r2, [pc, #120]	; (1000126c <irq_remove_handler+0x198>)
100011f4:	21b1      	movs	r1, #177	; 0xb1
100011f6:	4819      	ldr	r0, [pc, #100]	; (1000125c <irq_remove_handler+0x188>)
100011f8:	f001 fc72 	bl	10002ae0 <__assert_func>
100011fc:	2900      	cmp	r1, #0
100011fe:	d112      	bne.n	10001226 <irq_remove_handler+0x152>
10001200:	2a00      	cmp	r2, #0
10001202:	d00e      	beq.n	10001222 <irq_remove_handler+0x14e>
10001204:	23ff      	movs	r3, #255	; 0xff
10001206:	7193      	strb	r3, [r2, #6]
10001208:	4b19      	ldr	r3, [pc, #100]	; (10001270 <irq_remove_handler+0x19c>)
1000120a:	8093      	strh	r3, [r2, #4]
1000120c:	4a15      	ldr	r2, [pc, #84]	; (10001264 <irq_remove_handler+0x190>)
1000120e:	7813      	ldrb	r3, [r2, #0]
10001210:	71a3      	strb	r3, [r4, #6]
10001212:	4b18      	ldr	r3, [pc, #96]	; (10001274 <irq_remove_handler+0x1a0>)
10001214:	490e      	ldr	r1, [pc, #56]	; (10001250 <irq_remove_handler+0x17c>)
10001216:	1a64      	subs	r4, r4, r1
10001218:	4164      	adcs	r4, r4
1000121a:	4363      	muls	r3, r4
1000121c:	0d1b      	lsrs	r3, r3, #20
1000121e:	7013      	strb	r3, [r2, #0]
10001220:	e7ce      	b.n	100011c0 <irq_remove_handler+0xec>
10001222:	4f0a      	ldr	r7, [pc, #40]	; (1000124c <irq_remove_handler+0x178>)
10001224:	e7f2      	b.n	1000120c <irq_remove_handler+0x138>
10001226:	1d20      	adds	r0, r4, #4
10001228:	4913      	ldr	r1, [pc, #76]	; (10001278 <irq_remove_handler+0x1a4>)
1000122a:	f7ff fda9 	bl	10000d80 <insert_branch_and_link>
1000122e:	e7c7      	b.n	100011c0 <irq_remove_handler+0xec>
10001230:	216a      	movs	r1, #106	; 0x6a
10001232:	4b12      	ldr	r3, [pc, #72]	; (1000127c <irq_remove_handler+0x1a8>)
10001234:	4a08      	ldr	r2, [pc, #32]	; (10001258 <irq_remove_handler+0x184>)
10001236:	31ff      	adds	r1, #255	; 0xff
10001238:	4808      	ldr	r0, [pc, #32]	; (1000125c <irq_remove_handler+0x188>)
1000123a:	f001 fc51 	bl	10002ae0 <__assert_func>
1000123e:	4f03      	ldr	r7, [pc, #12]	; (1000124c <irq_remove_handler+0x178>)
10001240:	e769      	b.n	10001116 <irq_remove_handler+0x42>
10001242:	46c0      	nop			; (mov r8, r8)
10001244:	d0000124 	.word	0xd0000124
10001248:	e000ed00 	.word	0xe000ed00
1000124c:	100001cd 	.word	0x100001cd
10001250:	20000cc8 	.word	0x20000cc8
10001254:	1000ad30 	.word	0x1000ad30
10001258:	1000adf8 	.word	0x1000adf8
1000125c:	1000abb0 	.word	0x1000abb0
10001260:	0000bd01 	.word	0x0000bd01
10001264:	20002546 	.word	0x20002546
10001268:	1000ad18 	.word	0x1000ad18
1000126c:	1000ae18 	.word	0x1000ae18
10001270:	ffffbd01 	.word	0xffffbd01
10001274:	0000aaaa 	.word	0x0000aaaa
10001278:	20000d02 	.word	0x20000d02
1000127c:	1000ad64 	.word	0x1000ad64

10001280 <irq_add_tail_to_free_list>:
10001280:	b570      	push	{r4, r5, r6, lr}
10001282:	2101      	movs	r1, #1
10001284:	4301      	orrs	r1, r0
10001286:	4b2e      	ldr	r3, [pc, #184]	; (10001340 <irq_add_tail_to_free_list+0xc0>)
10001288:	1acb      	subs	r3, r1, r3
1000128a:	2b2f      	cmp	r3, #47	; 0x2f
1000128c:	d828      	bhi.n	100012e0 <irq_add_tail_to_free_list+0x60>
1000128e:	f3ef 8305 	mrs	r3, IPSR
10001292:	2b00      	cmp	r3, #0
10001294:	d02b      	beq.n	100012ee <irq_add_tail_to_free_list+0x6e>
10001296:	f3ef 8c10 	mrs	ip, PRIMASK
1000129a:	b672      	cpsid	i
1000129c:	4a29      	ldr	r2, [pc, #164]	; (10001344 <irq_add_tail_to_free_list+0xc4>)
1000129e:	6812      	ldr	r2, [r2, #0]
100012a0:	2a00      	cmp	r2, #0
100012a2:	d0fb      	beq.n	1000129c <irq_add_tail_to_free_list+0x1c>
100012a4:	f3bf 8f5f 	dmb	sy
100012a8:	4a27      	ldr	r2, [pc, #156]	; (10001348 <irq_add_tail_to_free_list+0xc8>)
100012aa:	0004      	movs	r4, r0
100012ac:	4d24      	ldr	r5, [pc, #144]	; (10001340 <irq_add_tail_to_free_list+0xc0>)
100012ae:	1b64      	subs	r4, r4, r5
100012b0:	4164      	adcs	r4, r4
100012b2:	4362      	muls	r2, r4
100012b4:	0d12      	lsrs	r2, r2, #20
100012b6:	b254      	sxtb	r4, r2
100012b8:	4a24      	ldr	r2, [pc, #144]	; (1000134c <irq_add_tail_to_free_list+0xcc>)
100012ba:	6892      	ldr	r2, [r2, #8]
100012bc:	009b      	lsls	r3, r3, #2
100012be:	58d2      	ldr	r2, [r2, r3]
100012c0:	428a      	cmp	r2, r1
100012c2:	d01b      	beq.n	100012fc <irq_add_tail_to_free_list+0x7c>
100012c4:	2200      	movs	r2, #0
100012c6:	2a03      	cmp	r2, #3
100012c8:	d832      	bhi.n	10001330 <irq_add_tail_to_free_list+0xb0>
100012ca:	0053      	lsls	r3, r2, #1
100012cc:	189b      	adds	r3, r3, r2
100012ce:	009b      	lsls	r3, r3, #2
100012d0:	491b      	ldr	r1, [pc, #108]	; (10001340 <irq_add_tail_to_free_list+0xc0>)
100012d2:	18cb      	adds	r3, r1, r3
100012d4:	799b      	ldrb	r3, [r3, #6]
100012d6:	b25b      	sxtb	r3, r3
100012d8:	42a3      	cmp	r3, r4
100012da:	d01f      	beq.n	1000131c <irq_add_tail_to_free_list+0x9c>
100012dc:	3201      	adds	r2, #1
100012de:	e7f2      	b.n	100012c6 <irq_add_tail_to_free_list+0x46>
100012e0:	21c7      	movs	r1, #199	; 0xc7
100012e2:	4b1b      	ldr	r3, [pc, #108]	; (10001350 <irq_add_tail_to_free_list+0xd0>)
100012e4:	4a1b      	ldr	r2, [pc, #108]	; (10001354 <irq_add_tail_to_free_list+0xd4>)
100012e6:	0049      	lsls	r1, r1, #1
100012e8:	481b      	ldr	r0, [pc, #108]	; (10001358 <irq_add_tail_to_free_list+0xd8>)
100012ea:	f001 fbf9 	bl	10002ae0 <__assert_func>
100012ee:	2192      	movs	r1, #146	; 0x92
100012f0:	4b1a      	ldr	r3, [pc, #104]	; (1000135c <irq_add_tail_to_free_list+0xdc>)
100012f2:	4a18      	ldr	r2, [pc, #96]	; (10001354 <irq_add_tail_to_free_list+0xd4>)
100012f4:	31ff      	adds	r1, #255	; 0xff
100012f6:	4818      	ldr	r0, [pc, #96]	; (10001358 <irq_add_tail_to_free_list+0xd8>)
100012f8:	f001 fbf2 	bl	10002ae0 <__assert_func>
100012fc:	4a13      	ldr	r2, [pc, #76]	; (1000134c <irq_add_tail_to_free_list+0xcc>)
100012fe:	6892      	ldr	r2, [r2, #8]
10001300:	4917      	ldr	r1, [pc, #92]	; (10001360 <irq_add_tail_to_free_list+0xe0>)
10001302:	50d1      	str	r1, [r2, r3]
10001304:	4b17      	ldr	r3, [pc, #92]	; (10001364 <irq_add_tail_to_free_list+0xe4>)
10001306:	781a      	ldrb	r2, [r3, #0]
10001308:	7182      	strb	r2, [r0, #6]
1000130a:	701c      	strb	r4, [r3, #0]
1000130c:	f3bf 8f5f 	dmb	sy
10001310:	4b0c      	ldr	r3, [pc, #48]	; (10001344 <irq_add_tail_to_free_list+0xc4>)
10001312:	2200      	movs	r2, #0
10001314:	601a      	str	r2, [r3, #0]
10001316:	f38c 8810 	msr	PRIMASK, ip
1000131a:	bd70      	pop	{r4, r5, r6, pc}
1000131c:	000d      	movs	r5, r1
1000131e:	0053      	lsls	r3, r2, #1
10001320:	1899      	adds	r1, r3, r2
10001322:	0089      	lsls	r1, r1, #2
10001324:	1869      	adds	r1, r5, r1
10001326:	26ff      	movs	r6, #255	; 0xff
10001328:	718e      	strb	r6, [r1, #6]
1000132a:	4a0f      	ldr	r2, [pc, #60]	; (10001368 <irq_add_tail_to_free_list+0xe8>)
1000132c:	808a      	strh	r2, [r1, #4]
1000132e:	e7e9      	b.n	10001304 <irq_add_tail_to_free_list+0x84>
10001330:	21d1      	movs	r1, #209	; 0xd1
10001332:	4b0e      	ldr	r3, [pc, #56]	; (1000136c <irq_add_tail_to_free_list+0xec>)
10001334:	4a07      	ldr	r2, [pc, #28]	; (10001354 <irq_add_tail_to_free_list+0xd4>)
10001336:	0049      	lsls	r1, r1, #1
10001338:	4807      	ldr	r0, [pc, #28]	; (10001358 <irq_add_tail_to_free_list+0xd8>)
1000133a:	f001 fbd1 	bl	10002ae0 <__assert_func>
1000133e:	46c0      	nop			; (mov r8, r8)
10001340:	20000cc8 	.word	0x20000cc8
10001344:	d0000124 	.word	0xd0000124
10001348:	0000aaaa 	.word	0x0000aaaa
1000134c:	e000ed00 	.word	0xe000ed00
10001350:	1000ad6c 	.word	0x1000ad6c
10001354:	1000adc4 	.word	0x1000adc4
10001358:	1000abb0 	.word	0x1000abb0
1000135c:	1000ad94 	.word	0x1000ad94
10001360:	100001cd 	.word	0x100001cd
10001364:	20002546 	.word	0x20002546
10001368:	ffffbd01 	.word	0xffffbd01
1000136c:	1000ada0 	.word	0x1000ada0

10001370 <irq_init_priorities>:
10001370:	2200      	movs	r2, #0
10001372:	4b04      	ldr	r3, [pc, #16]	; (10001384 <irq_init_priorities+0x14>)
10001374:	e002      	b.n	1000137c <irq_init_priorities+0xc>
10001376:	4904      	ldr	r1, [pc, #16]	; (10001388 <irq_init_priorities+0x18>)
10001378:	c302      	stmia	r3!, {r1}
1000137a:	3201      	adds	r2, #1
1000137c:	2a07      	cmp	r2, #7
1000137e:	d9fa      	bls.n	10001376 <irq_init_priorities+0x6>
10001380:	4770      	bx	lr
10001382:	46c0      	nop			; (mov r8, r8)
10001384:	e000e400 	.word	0xe000e400
10001388:	80808080 	.word	0x80808080

1000138c <user_irq_claim_unused>:
1000138c:	b500      	push	{lr}
1000138e:	b083      	sub	sp, #12
10001390:	0001      	movs	r1, r0
10001392:	4b06      	ldr	r3, [pc, #24]	; (100013ac <user_irq_claim_unused+0x20>)
10001394:	9300      	str	r3, [sp, #0]
10001396:	2305      	movs	r3, #5
10001398:	2200      	movs	r2, #0
1000139a:	4805      	ldr	r0, [pc, #20]	; (100013b0 <user_irq_claim_unused+0x24>)
1000139c:	f7ff fc61 	bl	10000c62 <hw_claim_unused_from_range>
100013a0:	2800      	cmp	r0, #0
100013a2:	db01      	blt.n	100013a8 <user_irq_claim_unused+0x1c>
100013a4:	231f      	movs	r3, #31
100013a6:	1a18      	subs	r0, r3, r0
100013a8:	b003      	add	sp, #12
100013aa:	bd00      	pop	{pc}
100013ac:	1000ada8 	.word	0x1000ada8
100013b0:	2000254b 	.word	0x2000254b

100013b4 <lock_init>:
100013b4:	4b02      	ldr	r3, [pc, #8]	; (100013c0 <lock_init+0xc>)
100013b6:	469c      	mov	ip, r3
100013b8:	4461      	add	r1, ip
100013ba:	0089      	lsls	r1, r1, #2
100013bc:	6001      	str	r1, [r0, #0]
100013be:	4770      	bx	lr
100013c0:	34000040 	.word	0x34000040

100013c4 <mutex_init>:
100013c4:	b510      	push	{r4, lr}
100013c6:	0004      	movs	r4, r0
100013c8:	f7ff fc84 	bl	10000cd4 <next_striped_spin_lock_num>
100013cc:	0001      	movs	r1, r0
100013ce:	0020      	movs	r0, r4
100013d0:	f7ff fff0 	bl	100013b4 <lock_init>
100013d4:	23ff      	movs	r3, #255	; 0xff
100013d6:	7123      	strb	r3, [r4, #4]
100013d8:	f3bf 8f5f 	dmb	sy
100013dc:	bd10      	pop	{r4, pc}

100013de <recursive_mutex_init>:
100013de:	b510      	push	{r4, lr}
100013e0:	0004      	movs	r4, r0
100013e2:	f7ff fc77 	bl	10000cd4 <next_striped_spin_lock_num>
100013e6:	0001      	movs	r1, r0
100013e8:	0020      	movs	r0, r4
100013ea:	f7ff ffe3 	bl	100013b4 <lock_init>
100013ee:	23ff      	movs	r3, #255	; 0xff
100013f0:	7123      	strb	r3, [r4, #4]
100013f2:	2300      	movs	r3, #0
100013f4:	7163      	strb	r3, [r4, #5]
100013f6:	f3bf 8f5f 	dmb	sy
100013fa:	bd10      	pop	{r4, pc}

100013fc <critical_section_init_with_lock_num>:
100013fc:	4b03      	ldr	r3, [pc, #12]	; (1000140c <critical_section_init_with_lock_num+0x10>)
100013fe:	469c      	mov	ip, r3
10001400:	4461      	add	r1, ip
10001402:	0089      	lsls	r1, r1, #2
10001404:	6001      	str	r1, [r0, #0]
10001406:	f3bf 8f5f 	dmb	sy
1000140a:	4770      	bx	lr
1000140c:	34000040 	.word	0x34000040

10001410 <critical_section_init>:
10001410:	b510      	push	{r4, lr}
10001412:	0004      	movs	r4, r0
10001414:	2001      	movs	r0, #1
10001416:	f7ff fc6b 	bl	10000cf0 <spin_lock_claim_unused>
1000141a:	0001      	movs	r1, r0
1000141c:	0020      	movs	r0, r4
1000141e:	f7ff ffed 	bl	100013fc <critical_section_init_with_lock_num>
10001422:	bd10      	pop	{r4, pc}

10001424 <alarm_pool_post_alloc_init>:
10001424:	b570      	push	{r4, r5, r6, lr}
10001426:	0005      	movs	r5, r0
10001428:	000c      	movs	r4, r1
1000142a:	0008      	movs	r0, r1
1000142c:	f000 fedc 	bl	100021e8 <hardware_alarm_cancel>
10001430:	4909      	ldr	r1, [pc, #36]	; (10001458 <alarm_pool_post_alloc_init+0x34>)
10001432:	0020      	movs	r0, r4
10001434:	f000 fe1c 	bl	10002070 <hardware_alarm_set_callback>
10001438:	f7ff fc4c 	bl	10000cd4 <next_striped_spin_lock_num>
1000143c:	4b07      	ldr	r3, [pc, #28]	; (1000145c <alarm_pool_post_alloc_init+0x38>)
1000143e:	469c      	mov	ip, r3
10001440:	4460      	add	r0, ip
10001442:	0080      	lsls	r0, r0, #2
10001444:	6068      	str	r0, [r5, #4]
10001446:	752c      	strb	r4, [r5, #20]
10001448:	23d0      	movs	r3, #208	; 0xd0
1000144a:	061b      	lsls	r3, r3, #24
1000144c:	781b      	ldrb	r3, [r3, #0]
1000144e:	756b      	strb	r3, [r5, #21]
10001450:	00a4      	lsls	r4, r4, #2
10001452:	4b03      	ldr	r3, [pc, #12]	; (10001460 <alarm_pool_post_alloc_init+0x3c>)
10001454:	50e5      	str	r5, [r4, r3]
10001456:	bd70      	pop	{r4, r5, r6, pc}
10001458:	10001769 	.word	0x10001769
1000145c:	34000040 	.word	0x34000040
10001460:	200022f0 	.word	0x200022f0

10001464 <sleep_until_callback>:
10001464:	4b0a      	ldr	r3, [pc, #40]	; (10001490 <sleep_until_callback+0x2c>)
10001466:	681a      	ldr	r2, [r3, #0]
10001468:	f3ef 8110 	mrs	r1, PRIMASK
1000146c:	b672      	cpsid	i
1000146e:	6813      	ldr	r3, [r2, #0]
10001470:	2b00      	cmp	r3, #0
10001472:	d0fc      	beq.n	1000146e <sleep_until_callback+0xa>
10001474:	f3bf 8f5f 	dmb	sy
10001478:	4b05      	ldr	r3, [pc, #20]	; (10001490 <sleep_until_callback+0x2c>)
1000147a:	681b      	ldr	r3, [r3, #0]
1000147c:	f3bf 8f5f 	dmb	sy
10001480:	2200      	movs	r2, #0
10001482:	601a      	str	r2, [r3, #0]
10001484:	f381 8810 	msr	PRIMASK, r1
10001488:	bf40      	sev
1000148a:	2000      	movs	r0, #0
1000148c:	2100      	movs	r1, #0
1000148e:	4770      	bx	lr
10001490:	20002514 	.word	0x20002514

10001494 <timer_pool_entry_comparator>:
10001494:	b510      	push	{r4, lr}
10001496:	2900      	cmp	r1, #0
10001498:	d022      	beq.n	100014e0 <timer_pool_entry_comparator+0x4c>
1000149a:	6803      	ldr	r3, [r0, #0]
1000149c:	7b1b      	ldrb	r3, [r3, #12]
1000149e:	4299      	cmp	r1, r3
100014a0:	d81e      	bhi.n	100014e0 <timer_pool_entry_comparator+0x4c>
100014a2:	4b17      	ldr	r3, [pc, #92]	; (10001500 <timer_pool_entry_comparator+0x6c>)
100014a4:	469c      	mov	ip, r3
100014a6:	4461      	add	r1, ip
100014a8:	0109      	lsls	r1, r1, #4
100014aa:	6883      	ldr	r3, [r0, #8]
100014ac:	469c      	mov	ip, r3
100014ae:	4461      	add	r1, ip
100014b0:	680c      	ldr	r4, [r1, #0]
100014b2:	6849      	ldr	r1, [r1, #4]
100014b4:	2a00      	cmp	r2, #0
100014b6:	d019      	beq.n	100014ec <timer_pool_entry_comparator+0x58>
100014b8:	6803      	ldr	r3, [r0, #0]
100014ba:	7b1b      	ldrb	r3, [r3, #12]
100014bc:	429a      	cmp	r2, r3
100014be:	d815      	bhi.n	100014ec <timer_pool_entry_comparator+0x58>
100014c0:	6883      	ldr	r3, [r0, #8]
100014c2:	480f      	ldr	r0, [pc, #60]	; (10001500 <timer_pool_entry_comparator+0x6c>)
100014c4:	4684      	mov	ip, r0
100014c6:	4462      	add	r2, ip
100014c8:	0112      	lsls	r2, r2, #4
100014ca:	189a      	adds	r2, r3, r2
100014cc:	6810      	ldr	r0, [r2, #0]
100014ce:	6853      	ldr	r3, [r2, #4]
100014d0:	0002      	movs	r2, r0
100014d2:	2001      	movs	r0, #1
100014d4:	428b      	cmp	r3, r1
100014d6:	d801      	bhi.n	100014dc <timer_pool_entry_comparator+0x48>
100014d8:	d00e      	beq.n	100014f8 <timer_pool_entry_comparator+0x64>
100014da:	2000      	movs	r0, #0
100014dc:	b2c0      	uxtb	r0, r0
100014de:	bd10      	pop	{r4, pc}
100014e0:	4b08      	ldr	r3, [pc, #32]	; (10001504 <timer_pool_entry_comparator+0x70>)
100014e2:	4a09      	ldr	r2, [pc, #36]	; (10001508 <timer_pool_entry_comparator+0x74>)
100014e4:	213c      	movs	r1, #60	; 0x3c
100014e6:	4809      	ldr	r0, [pc, #36]	; (1000150c <timer_pool_entry_comparator+0x78>)
100014e8:	f001 fafa 	bl	10002ae0 <__assert_func>
100014ec:	4b05      	ldr	r3, [pc, #20]	; (10001504 <timer_pool_entry_comparator+0x70>)
100014ee:	4a06      	ldr	r2, [pc, #24]	; (10001508 <timer_pool_entry_comparator+0x74>)
100014f0:	213c      	movs	r1, #60	; 0x3c
100014f2:	4806      	ldr	r0, [pc, #24]	; (1000150c <timer_pool_entry_comparator+0x78>)
100014f4:	f001 faf4 	bl	10002ae0 <__assert_func>
100014f8:	42a2      	cmp	r2, r4
100014fa:	d8ef      	bhi.n	100014dc <timer_pool_entry_comparator+0x48>
100014fc:	e7ed      	b.n	100014da <timer_pool_entry_comparator+0x46>
100014fe:	46c0      	nop			; (mov r8, r8)
10001500:	0fffffff 	.word	0x0fffffff
10001504:	1000b028 	.word	0x1000b028
10001508:	1000b2a8 	.word	0x1000b2a8
1000150c:	1000afd4 	.word	0x1000afd4

10001510 <ph_add_child_node>:
10001510:	b510      	push	{r4, lr}
10001512:	2900      	cmp	r1, #0
10001514:	d01e      	beq.n	10001554 <ph_add_child_node+0x44>
10001516:	7b03      	ldrb	r3, [r0, #12]
10001518:	4299      	cmp	r1, r3
1000151a:	d81b      	bhi.n	10001554 <ph_add_child_node+0x44>
1000151c:	004b      	lsls	r3, r1, #1
1000151e:	185b      	adds	r3, r3, r1
10001520:	3b03      	subs	r3, #3
10001522:	6804      	ldr	r4, [r0, #0]
10001524:	46a4      	mov	ip, r4
10001526:	4463      	add	r3, ip
10001528:	2900      	cmp	r1, #0
1000152a:	d019      	beq.n	10001560 <ph_add_child_node+0x50>
1000152c:	2a00      	cmp	r2, #0
1000152e:	d01d      	beq.n	1000156c <ph_add_child_node+0x5c>
10001530:	4291      	cmp	r1, r2
10001532:	d021      	beq.n	10001578 <ph_add_child_node+0x68>
10001534:	2a00      	cmp	r2, #0
10001536:	d025      	beq.n	10001584 <ph_add_child_node+0x74>
10001538:	7b04      	ldrb	r4, [r0, #12]
1000153a:	42a2      	cmp	r2, r4
1000153c:	d822      	bhi.n	10001584 <ph_add_child_node+0x74>
1000153e:	6804      	ldr	r4, [r0, #0]
10001540:	0050      	lsls	r0, r2, #1
10001542:	1880      	adds	r0, r0, r2
10001544:	3803      	subs	r0, #3
10001546:	1820      	adds	r0, r4, r0
10001548:	7081      	strb	r1, [r0, #2]
1000154a:	7819      	ldrb	r1, [r3, #0]
1000154c:	2900      	cmp	r1, #0
1000154e:	d11f      	bne.n	10001590 <ph_add_child_node+0x80>
10001550:	701a      	strb	r2, [r3, #0]
10001552:	bd10      	pop	{r4, pc}
10001554:	4b10      	ldr	r3, [pc, #64]	; (10001598 <ph_add_child_node+0x88>)
10001556:	4a11      	ldr	r2, [pc, #68]	; (1000159c <ph_add_child_node+0x8c>)
10001558:	2168      	movs	r1, #104	; 0x68
1000155a:	4811      	ldr	r0, [pc, #68]	; (100015a0 <ph_add_child_node+0x90>)
1000155c:	f001 fac0 	bl	10002ae0 <__assert_func>
10001560:	4b10      	ldr	r3, [pc, #64]	; (100015a4 <ph_add_child_node+0x94>)
10001562:	4a11      	ldr	r2, [pc, #68]	; (100015a8 <ph_add_child_node+0x98>)
10001564:	316f      	adds	r1, #111	; 0x6f
10001566:	480e      	ldr	r0, [pc, #56]	; (100015a0 <ph_add_child_node+0x90>)
10001568:	f001 faba 	bl	10002ae0 <__assert_func>
1000156c:	4b0f      	ldr	r3, [pc, #60]	; (100015ac <ph_add_child_node+0x9c>)
1000156e:	4a0e      	ldr	r2, [pc, #56]	; (100015a8 <ph_add_child_node+0x98>)
10001570:	2170      	movs	r1, #112	; 0x70
10001572:	480b      	ldr	r0, [pc, #44]	; (100015a0 <ph_add_child_node+0x90>)
10001574:	f001 fab4 	bl	10002ae0 <__assert_func>
10001578:	4b0d      	ldr	r3, [pc, #52]	; (100015b0 <ph_add_child_node+0xa0>)
1000157a:	4a0b      	ldr	r2, [pc, #44]	; (100015a8 <ph_add_child_node+0x98>)
1000157c:	2171      	movs	r1, #113	; 0x71
1000157e:	4808      	ldr	r0, [pc, #32]	; (100015a0 <ph_add_child_node+0x90>)
10001580:	f001 faae 	bl	10002ae0 <__assert_func>
10001584:	4b04      	ldr	r3, [pc, #16]	; (10001598 <ph_add_child_node+0x88>)
10001586:	4a05      	ldr	r2, [pc, #20]	; (1000159c <ph_add_child_node+0x8c>)
10001588:	2168      	movs	r1, #104	; 0x68
1000158a:	4805      	ldr	r0, [pc, #20]	; (100015a0 <ph_add_child_node+0x90>)
1000158c:	f001 faa8 	bl	10002ae0 <__assert_func>
10001590:	7041      	strb	r1, [r0, #1]
10001592:	701a      	strb	r2, [r3, #0]
10001594:	e7dd      	b.n	10001552 <ph_add_child_node+0x42>
10001596:	46c0      	nop			; (mov r8, r8)
10001598:	1000b04c 	.word	0x1000b04c
1000159c:	1000b314 	.word	0x1000b314
100015a0:	1000b068 	.word	0x1000b068
100015a4:	1000b0d0 	.word	0x1000b0d0
100015a8:	1000b2f0 	.word	0x1000b2f0
100015ac:	1000b0dc 	.word	0x1000b0dc
100015b0:	1000b0e8 	.word	0x1000b0e8

100015b4 <ph_merge_nodes>:
100015b4:	b570      	push	{r4, r5, r6, lr}
100015b6:	0006      	movs	r6, r0
100015b8:	000d      	movs	r5, r1
100015ba:	0014      	movs	r4, r2
100015bc:	2900      	cmp	r1, #0
100015be:	d014      	beq.n	100015ea <ph_merge_nodes+0x36>
100015c0:	2a00      	cmp	r2, #0
100015c2:	d014      	beq.n	100015ee <ph_merge_nodes+0x3a>
100015c4:	6880      	ldr	r0, [r0, #8]
100015c6:	6873      	ldr	r3, [r6, #4]
100015c8:	4798      	blx	r3
100015ca:	2800      	cmp	r0, #0
100015cc:	d006      	beq.n	100015dc <ph_merge_nodes+0x28>
100015ce:	0022      	movs	r2, r4
100015d0:	0029      	movs	r1, r5
100015d2:	0030      	movs	r0, r6
100015d4:	f7ff ff9c 	bl	10001510 <ph_add_child_node>
100015d8:	0028      	movs	r0, r5
100015da:	e007      	b.n	100015ec <ph_merge_nodes+0x38>
100015dc:	002a      	movs	r2, r5
100015de:	0021      	movs	r1, r4
100015e0:	0030      	movs	r0, r6
100015e2:	f7ff ff95 	bl	10001510 <ph_add_child_node>
100015e6:	0020      	movs	r0, r4
100015e8:	e000      	b.n	100015ec <ph_merge_nodes+0x38>
100015ea:	0010      	movs	r0, r2
100015ec:	bd70      	pop	{r4, r5, r6, pc}
100015ee:	0008      	movs	r0, r1
100015f0:	e7fc      	b.n	100015ec <ph_merge_nodes+0x38>
	...

100015f4 <add_alarm_under_lock>:
100015f4:	b5f0      	push	{r4, r5, r6, r7, lr}
100015f6:	b083      	sub	sp, #12
100015f8:	0005      	movs	r5, r0
100015fa:	9200      	str	r2, [sp, #0]
100015fc:	9301      	str	r3, [sp, #4]
100015fe:	ab0a      	add	r3, sp, #40	; 0x28
10001600:	781c      	ldrb	r4, [r3, #0]
10001602:	ab0b      	add	r3, sp, #44	; 0x2c
10001604:	781f      	ldrb	r7, [r3, #0]
10001606:	2c00      	cmp	r4, #0
10001608:	d026      	beq.n	10001658 <add_alarm_under_lock+0x64>
1000160a:	6803      	ldr	r3, [r0, #0]
1000160c:	7b5a      	ldrb	r2, [r3, #13]
1000160e:	4294      	cmp	r4, r2
10001610:	d107      	bne.n	10001622 <add_alarm_under_lock+0x2e>
10001612:	2301      	movs	r3, #1
10001614:	2b00      	cmp	r3, #0
10001616:	d119      	bne.n	1000164c <add_alarm_under_lock+0x58>
10001618:	2c00      	cmp	r4, #0
1000161a:	d13b      	bne.n	10001694 <add_alarm_under_lock+0xa0>
1000161c:	0020      	movs	r0, r4
1000161e:	b003      	add	sp, #12
10001620:	bdf0      	pop	{r4, r5, r6, r7, pc}
10001622:	2c00      	cmp	r4, #0
10001624:	d00c      	beq.n	10001640 <add_alarm_under_lock+0x4c>
10001626:	7b1a      	ldrb	r2, [r3, #12]
10001628:	4294      	cmp	r4, r2
1000162a:	d809      	bhi.n	10001640 <add_alarm_under_lock+0x4c>
1000162c:	681a      	ldr	r2, [r3, #0]
1000162e:	0063      	lsls	r3, r4, #1
10001630:	191b      	adds	r3, r3, r4
10001632:	3b03      	subs	r3, #3
10001634:	18d3      	adds	r3, r2, r3
10001636:	789b      	ldrb	r3, [r3, #2]
10001638:	2b00      	cmp	r3, #0
1000163a:	d0eb      	beq.n	10001614 <add_alarm_under_lock+0x20>
1000163c:	2301      	movs	r3, #1
1000163e:	e7e9      	b.n	10001614 <add_alarm_under_lock+0x20>
10001640:	4b3e      	ldr	r3, [pc, #248]	; (1000173c <add_alarm_under_lock+0x148>)
10001642:	4a3f      	ldr	r2, [pc, #252]	; (10001740 <add_alarm_under_lock+0x14c>)
10001644:	2168      	movs	r1, #104	; 0x68
10001646:	483f      	ldr	r0, [pc, #252]	; (10001744 <add_alarm_under_lock+0x150>)
10001648:	f001 fa4a 	bl	10002ae0 <__assert_func>
1000164c:	4b3e      	ldr	r3, [pc, #248]	; (10001748 <add_alarm_under_lock+0x154>)
1000164e:	4a3f      	ldr	r2, [pc, #252]	; (1000174c <add_alarm_under_lock+0x158>)
10001650:	2167      	movs	r1, #103	; 0x67
10001652:	483f      	ldr	r0, [pc, #252]	; (10001750 <add_alarm_under_lock+0x15c>)
10001654:	f001 fa44 	bl	10002ae0 <__assert_func>
10001658:	6803      	ldr	r3, [r0, #0]
1000165a:	7b9c      	ldrb	r4, [r3, #14]
1000165c:	2c00      	cmp	r4, #0
1000165e:	d0db      	beq.n	10001618 <add_alarm_under_lock+0x24>
10001660:	d012      	beq.n	10001688 <add_alarm_under_lock+0x94>
10001662:	7b1a      	ldrb	r2, [r3, #12]
10001664:	4294      	cmp	r4, r2
10001666:	d80f      	bhi.n	10001688 <add_alarm_under_lock+0x94>
10001668:	0062      	lsls	r2, r4, #1
1000166a:	1912      	adds	r2, r2, r4
1000166c:	3a03      	subs	r2, #3
1000166e:	6819      	ldr	r1, [r3, #0]
10001670:	468c      	mov	ip, r1
10001672:	4462      	add	r2, ip
10001674:	7851      	ldrb	r1, [r2, #1]
10001676:	7399      	strb	r1, [r3, #14]
10001678:	2900      	cmp	r1, #0
1000167a:	d100      	bne.n	1000167e <add_alarm_under_lock+0x8a>
1000167c:	73d9      	strb	r1, [r3, #15]
1000167e:	2300      	movs	r3, #0
10001680:	7093      	strb	r3, [r2, #2]
10001682:	7053      	strb	r3, [r2, #1]
10001684:	7013      	strb	r3, [r2, #0]
10001686:	e7c7      	b.n	10001618 <add_alarm_under_lock+0x24>
10001688:	4b2c      	ldr	r3, [pc, #176]	; (1000173c <add_alarm_under_lock+0x148>)
1000168a:	4a2d      	ldr	r2, [pc, #180]	; (10001740 <add_alarm_under_lock+0x14c>)
1000168c:	2168      	movs	r1, #104	; 0x68
1000168e:	482d      	ldr	r0, [pc, #180]	; (10001744 <add_alarm_under_lock+0x150>)
10001690:	f001 fa26 	bl	10002ae0 <__assert_func>
10001694:	2c00      	cmp	r4, #0
10001696:	d03a      	beq.n	1000170e <add_alarm_under_lock+0x11a>
10001698:	682b      	ldr	r3, [r5, #0]
1000169a:	7b1b      	ldrb	r3, [r3, #12]
1000169c:	429c      	cmp	r4, r3
1000169e:	d836      	bhi.n	1000170e <add_alarm_under_lock+0x11a>
100016a0:	4b2c      	ldr	r3, [pc, #176]	; (10001754 <add_alarm_under_lock+0x160>)
100016a2:	18e3      	adds	r3, r4, r3
100016a4:	011b      	lsls	r3, r3, #4
100016a6:	68aa      	ldr	r2, [r5, #8]
100016a8:	4694      	mov	ip, r2
100016aa:	4463      	add	r3, ip
100016ac:	9a00      	ldr	r2, [sp, #0]
100016ae:	601a      	str	r2, [r3, #0]
100016b0:	9a01      	ldr	r2, [sp, #4]
100016b2:	605a      	str	r2, [r3, #4]
100016b4:	9a08      	ldr	r2, [sp, #32]
100016b6:	609a      	str	r2, [r3, #8]
100016b8:	9a09      	ldr	r2, [sp, #36]	; 0x24
100016ba:	60da      	str	r2, [r3, #12]
100016bc:	682e      	ldr	r6, [r5, #0]
100016be:	2c00      	cmp	r4, #0
100016c0:	d02b      	beq.n	1000171a <add_alarm_under_lock+0x126>
100016c2:	d030      	beq.n	10001726 <add_alarm_under_lock+0x132>
100016c4:	7b33      	ldrb	r3, [r6, #12]
100016c6:	429c      	cmp	r4, r3
100016c8:	d82d      	bhi.n	10001726 <add_alarm_under_lock+0x132>
100016ca:	0063      	lsls	r3, r4, #1
100016cc:	191b      	adds	r3, r3, r4
100016ce:	3b03      	subs	r3, #3
100016d0:	6832      	ldr	r2, [r6, #0]
100016d2:	4694      	mov	ip, r2
100016d4:	4463      	add	r3, ip
100016d6:	2200      	movs	r2, #0
100016d8:	709a      	strb	r2, [r3, #2]
100016da:	705a      	strb	r2, [r3, #1]
100016dc:	701a      	strb	r2, [r3, #0]
100016de:	7b71      	ldrb	r1, [r6, #13]
100016e0:	0022      	movs	r2, r4
100016e2:	0030      	movs	r0, r6
100016e4:	f7ff ff66 	bl	100015b4 <ph_merge_nodes>
100016e8:	7370      	strb	r0, [r6, #13]
100016ea:	4284      	cmp	r4, r0
100016ec:	d000      	beq.n	100016f0 <add_alarm_under_lock+0xfc>
100016ee:	e795      	b.n	1000161c <add_alarm_under_lock+0x28>
100016f0:	7d28      	ldrb	r0, [r5, #20]
100016f2:	9a00      	ldr	r2, [sp, #0]
100016f4:	9b01      	ldr	r3, [sp, #4]
100016f6:	f000 fd03 	bl	10002100 <hardware_alarm_set_target>
100016fa:	1e06      	subs	r6, r0, #0
100016fc:	d001      	beq.n	10001702 <add_alarm_under_lock+0x10e>
100016fe:	2f00      	cmp	r7, #0
10001700:	d017      	beq.n	10001732 <add_alarm_under_lock+0x13e>
10001702:	9b0c      	ldr	r3, [sp, #48]	; 0x30
10001704:	2b00      	cmp	r3, #0
10001706:	d100      	bne.n	1000170a <add_alarm_under_lock+0x116>
10001708:	e788      	b.n	1000161c <add_alarm_under_lock+0x28>
1000170a:	701e      	strb	r6, [r3, #0]
1000170c:	e786      	b.n	1000161c <add_alarm_under_lock+0x28>
1000170e:	4b12      	ldr	r3, [pc, #72]	; (10001758 <add_alarm_under_lock+0x164>)
10001710:	4a12      	ldr	r2, [pc, #72]	; (1000175c <add_alarm_under_lock+0x168>)
10001712:	213c      	movs	r1, #60	; 0x3c
10001714:	480e      	ldr	r0, [pc, #56]	; (10001750 <add_alarm_under_lock+0x15c>)
10001716:	f001 f9e3 	bl	10002ae0 <__assert_func>
1000171a:	4b11      	ldr	r3, [pc, #68]	; (10001760 <add_alarm_under_lock+0x16c>)
1000171c:	4a11      	ldr	r2, [pc, #68]	; (10001764 <add_alarm_under_lock+0x170>)
1000171e:	21a5      	movs	r1, #165	; 0xa5
10001720:	4808      	ldr	r0, [pc, #32]	; (10001744 <add_alarm_under_lock+0x150>)
10001722:	f001 f9dd 	bl	10002ae0 <__assert_func>
10001726:	4b05      	ldr	r3, [pc, #20]	; (1000173c <add_alarm_under_lock+0x148>)
10001728:	4a05      	ldr	r2, [pc, #20]	; (10001740 <add_alarm_under_lock+0x14c>)
1000172a:	2168      	movs	r1, #104	; 0x68
1000172c:	4805      	ldr	r0, [pc, #20]	; (10001744 <add_alarm_under_lock+0x150>)
1000172e:	f001 f9d7 	bl	10002ae0 <__assert_func>
10001732:	6828      	ldr	r0, [r5, #0]
10001734:	0021      	movs	r1, r4
10001736:	f000 ff1b 	bl	10002570 <ph_remove_and_free_node>
1000173a:	e7e2      	b.n	10001702 <add_alarm_under_lock+0x10e>
1000173c:	1000b04c 	.word	0x1000b04c
10001740:	1000b314 	.word	0x1000b314
10001744:	1000b068 	.word	0x1000b068
10001748:	1000b100 	.word	0x1000b100
1000174c:	1000b320 	.word	0x1000b320
10001750:	1000afd4 	.word	0x1000afd4
10001754:	0fffffff 	.word	0x0fffffff
10001758:	1000b028 	.word	0x1000b028
1000175c:	1000b2a8 	.word	0x1000b2a8
10001760:	1000afd0 	.word	0x1000afd0
10001764:	1000b304 	.word	0x1000b304

10001768 <alarm_pool_alarm_callback>:
10001768:	b5f0      	push	{r4, r5, r6, r7, lr}
1000176a:	46de      	mov	lr, fp
1000176c:	4657      	mov	r7, sl
1000176e:	464e      	mov	r6, r9
10001770:	4645      	mov	r5, r8
10001772:	b5e0      	push	{r5, r6, r7, lr}
10001774:	b08b      	sub	sp, #44	; 0x2c
10001776:	9009      	str	r0, [sp, #36]	; 0x24
10001778:	2300      	movs	r3, #0
1000177a:	9308      	str	r3, [sp, #32]
1000177c:	0082      	lsls	r2, r0, #2
1000177e:	4bb5      	ldr	r3, [pc, #724]	; (10001a54 <alarm_pool_alarm_callback+0x2ec>)
10001780:	58d6      	ldr	r6, [r2, r3]
10001782:	0037      	movs	r7, r6
10001784:	e052      	b.n	1000182c <alarm_pool_alarm_callback+0xc4>
10001786:	4bb4      	ldr	r3, [pc, #720]	; (10001a58 <alarm_pool_alarm_callback+0x2f0>)
10001788:	4ab4      	ldr	r2, [pc, #720]	; (10001a5c <alarm_pool_alarm_callback+0x2f4>)
1000178a:	213f      	movs	r1, #63	; 0x3f
1000178c:	48b4      	ldr	r0, [pc, #720]	; (10001a60 <alarm_pool_alarm_callback+0x2f8>)
1000178e:	f001 f9a7 	bl	10002ae0 <__assert_func>
10001792:	4bb4      	ldr	r3, [pc, #720]	; (10001a64 <alarm_pool_alarm_callback+0x2fc>)
10001794:	4ab4      	ldr	r2, [pc, #720]	; (10001a68 <alarm_pool_alarm_callback+0x300>)
10001796:	213c      	movs	r1, #60	; 0x3c
10001798:	48b4      	ldr	r0, [pc, #720]	; (10001a6c <alarm_pool_alarm_callback+0x304>)
1000179a:	f001 f9a1 	bl	10002ae0 <__assert_func>
1000179e:	2900      	cmp	r1, #0
100017a0:	d101      	bne.n	100017a6 <alarm_pool_alarm_callback+0x3e>
100017a2:	2800      	cmp	r0, #0
100017a4:	d169      	bne.n	1000187a <alarm_pool_alarm_callback+0x112>
100017a6:	2100      	movs	r1, #0
100017a8:	4640      	mov	r0, r8
100017aa:	f000 fed7 	bl	1000255c <ph_remove_head>
100017ae:	42a0      	cmp	r0, r4
100017b0:	d119      	bne.n	100017e6 <alarm_pool_alarm_callback+0x7e>
100017b2:	682a      	ldr	r2, [r5, #0]
100017b4:	686b      	ldr	r3, [r5, #4]
100017b6:	9206      	str	r2, [sp, #24]
100017b8:	9307      	str	r3, [sp, #28]
100017ba:	68ab      	ldr	r3, [r5, #8]
100017bc:	4698      	mov	r8, r3
100017be:	68eb      	ldr	r3, [r5, #12]
100017c0:	469a      	mov	sl, r3
100017c2:	4643      	mov	r3, r8
100017c4:	2b00      	cmp	r3, #0
100017c6:	d014      	beq.n	100017f2 <alarm_pool_alarm_callback+0x8a>
100017c8:	2c00      	cmp	r4, #0
100017ca:	d018      	beq.n	100017fe <alarm_pool_alarm_callback+0x96>
100017cc:	683b      	ldr	r3, [r7, #0]
100017ce:	7b1b      	ldrb	r3, [r3, #12]
100017d0:	429c      	cmp	r4, r3
100017d2:	d814      	bhi.n	100017fe <alarm_pool_alarm_callback+0x96>
100017d4:	1e63      	subs	r3, r4, #1
100017d6:	68fa      	ldr	r2, [r7, #12]
100017d8:	5cd3      	ldrb	r3, [r2, r3]
100017da:	9308      	str	r3, [sp, #32]
100017dc:	021b      	lsls	r3, r3, #8
100017de:	4318      	orrs	r0, r3
100017e0:	6138      	str	r0, [r7, #16]
100017e2:	2000      	movs	r0, #0
100017e4:	e015      	b.n	10001812 <alarm_pool_alarm_callback+0xaa>
100017e6:	4ba2      	ldr	r3, [pc, #648]	; (10001a70 <alarm_pool_alarm_callback+0x308>)
100017e8:	4aa2      	ldr	r2, [pc, #648]	; (10001a74 <alarm_pool_alarm_callback+0x30c>)
100017ea:	218e      	movs	r1, #142	; 0x8e
100017ec:	489f      	ldr	r0, [pc, #636]	; (10001a6c <alarm_pool_alarm_callback+0x304>)
100017ee:	f001 f977 	bl	10002ae0 <__assert_func>
100017f2:	4ba1      	ldr	r3, [pc, #644]	; (10001a78 <alarm_pool_alarm_callback+0x310>)
100017f4:	4a9f      	ldr	r2, [pc, #636]	; (10001a74 <alarm_pool_alarm_callback+0x30c>)
100017f6:	2192      	movs	r1, #146	; 0x92
100017f8:	489c      	ldr	r0, [pc, #624]	; (10001a6c <alarm_pool_alarm_callback+0x304>)
100017fa:	f001 f971 	bl	10002ae0 <__assert_func>
100017fe:	4b99      	ldr	r3, [pc, #612]	; (10001a64 <alarm_pool_alarm_callback+0x2fc>)
10001800:	4a9e      	ldr	r2, [pc, #632]	; (10001a7c <alarm_pool_alarm_callback+0x314>)
10001802:	2141      	movs	r1, #65	; 0x41
10001804:	4899      	ldr	r0, [pc, #612]	; (10001a6c <alarm_pool_alarm_callback+0x304>)
10001806:	f001 f96b 	bl	10002ae0 <__assert_func>
1000180a:	2300      	movs	r3, #0
1000180c:	469a      	mov	sl, r3
1000180e:	4698      	mov	r8, r3
10001810:	2000      	movs	r0, #0
10001812:	687b      	ldr	r3, [r7, #4]
10001814:	f3bf 8f5f 	dmb	sy
10001818:	2200      	movs	r2, #0
1000181a:	601a      	str	r2, [r3, #0]
1000181c:	f386 8810 	msr	PRIMASK, r6
10001820:	4643      	mov	r3, r8
10001822:	2b00      	cmp	r3, #0
10001824:	d132      	bne.n	1000188c <alarm_pool_alarm_callback+0x124>
10001826:	2800      	cmp	r0, #0
10001828:	d100      	bne.n	1000182c <alarm_pool_alarm_callback+0xc4>
1000182a:	e10c      	b.n	10001a46 <alarm_pool_alarm_callback+0x2de>
1000182c:	f000 fc00 	bl	10002030 <time_us_64>
10001830:	0002      	movs	r2, r0
10001832:	1e0b      	subs	r3, r1, #0
10001834:	dba7      	blt.n	10001786 <alarm_pool_alarm_callback+0x1e>
10001836:	2000      	movs	r0, #0
10001838:	2100      	movs	r1, #0
1000183a:	9006      	str	r0, [sp, #24]
1000183c:	9107      	str	r1, [sp, #28]
1000183e:	6878      	ldr	r0, [r7, #4]
10001840:	f3ef 8610 	mrs	r6, PRIMASK
10001844:	b672      	cpsid	i
10001846:	6801      	ldr	r1, [r0, #0]
10001848:	2900      	cmp	r1, #0
1000184a:	d0fc      	beq.n	10001846 <alarm_pool_alarm_callback+0xde>
1000184c:	f3bf 8f5f 	dmb	sy
10001850:	6839      	ldr	r1, [r7, #0]
10001852:	4688      	mov	r8, r1
10001854:	7b4c      	ldrb	r4, [r1, #13]
10001856:	2c00      	cmp	r4, #0
10001858:	d0d7      	beq.n	1000180a <alarm_pool_alarm_callback+0xa2>
1000185a:	d09a      	beq.n	10001792 <alarm_pool_alarm_callback+0x2a>
1000185c:	7b09      	ldrb	r1, [r1, #12]
1000185e:	428c      	cmp	r4, r1
10001860:	d897      	bhi.n	10001792 <alarm_pool_alarm_callback+0x2a>
10001862:	4987      	ldr	r1, [pc, #540]	; (10001a80 <alarm_pool_alarm_callback+0x318>)
10001864:	1865      	adds	r5, r4, r1
10001866:	012d      	lsls	r5, r5, #4
10001868:	68b9      	ldr	r1, [r7, #8]
1000186a:	468c      	mov	ip, r1
1000186c:	4465      	add	r5, ip
1000186e:	6828      	ldr	r0, [r5, #0]
10001870:	6869      	ldr	r1, [r5, #4]
10001872:	1a80      	subs	r0, r0, r2
10001874:	4199      	sbcs	r1, r3
10001876:	2900      	cmp	r1, #0
10001878:	dd91      	ble.n	1000179e <alarm_pool_alarm_callback+0x36>
1000187a:	682a      	ldr	r2, [r5, #0]
1000187c:	686b      	ldr	r3, [r5, #4]
1000187e:	9809      	ldr	r0, [sp, #36]	; 0x24
10001880:	f000 fc3e 	bl	10002100 <hardware_alarm_set_target>
10001884:	2300      	movs	r3, #0
10001886:	469a      	mov	sl, r3
10001888:	4698      	mov	r8, r3
1000188a:	e7c2      	b.n	10001812 <alarm_pool_alarm_callback+0xaa>
1000188c:	9b08      	ldr	r3, [sp, #32]
1000188e:	021b      	lsls	r3, r3, #8
10001890:	4323      	orrs	r3, r4
10001892:	4699      	mov	r9, r3
10001894:	4651      	mov	r1, sl
10001896:	0018      	movs	r0, r3
10001898:	47c0      	blx	r8
1000189a:	0005      	movs	r5, r0
1000189c:	000e      	movs	r6, r1
1000189e:	687a      	ldr	r2, [r7, #4]
100018a0:	f3ef 8b10 	mrs	fp, PRIMASK
100018a4:	b672      	cpsid	i
100018a6:	6813      	ldr	r3, [r2, #0]
100018a8:	4259      	negs	r1, r3
100018aa:	414b      	adcs	r3, r1
100018ac:	b2d9      	uxtb	r1, r3
100018ae:	2b00      	cmp	r3, #0
100018b0:	d1f9      	bne.n	100018a6 <alarm_pool_alarm_callback+0x13e>
100018b2:	f3bf 8f5f 	dmb	sy
100018b6:	2e00      	cmp	r6, #0
100018b8:	db1e      	blt.n	100018f8 <alarm_pool_alarm_callback+0x190>
100018ba:	2e00      	cmp	r6, #0
100018bc:	dd46      	ble.n	1000194c <alarm_pool_alarm_callback+0x1e4>
100018be:	693b      	ldr	r3, [r7, #16]
100018c0:	2b00      	cmp	r3, #0
100018c2:	d047      	beq.n	10001954 <alarm_pool_alarm_callback+0x1ec>
100018c4:	454b      	cmp	r3, r9
100018c6:	d16d      	bne.n	100019a4 <alarm_pool_alarm_callback+0x23c>
100018c8:	f000 fbb2 	bl	10002030 <time_us_64>
100018cc:	0002      	movs	r2, r0
100018ce:	1e0b      	subs	r3, r1, #0
100018d0:	db6e      	blt.n	100019b0 <alarm_pool_alarm_callback+0x248>
100018d2:	1952      	adds	r2, r2, r5
100018d4:	4173      	adcs	r3, r6
100018d6:	2b00      	cmp	r3, #0
100018d8:	db70      	blt.n	100019bc <alarm_pool_alarm_callback+0x254>
100018da:	2b00      	cmp	r3, #0
100018dc:	db72      	blt.n	100019c4 <alarm_pool_alarm_callback+0x25c>
100018de:	2100      	movs	r1, #0
100018e0:	9104      	str	r1, [sp, #16]
100018e2:	3101      	adds	r1, #1
100018e4:	9103      	str	r1, [sp, #12]
100018e6:	9402      	str	r4, [sp, #8]
100018e8:	4651      	mov	r1, sl
100018ea:	9101      	str	r1, [sp, #4]
100018ec:	4641      	mov	r1, r8
100018ee:	9100      	str	r1, [sp, #0]
100018f0:	0038      	movs	r0, r7
100018f2:	f7ff fe7f 	bl	100015f4 <add_alarm_under_lock>
100018f6:	e04c      	b.n	10001992 <alarm_pool_alarm_callback+0x22a>
100018f8:	693b      	ldr	r3, [r7, #16]
100018fa:	2b00      	cmp	r3, #0
100018fc:	d0dd      	beq.n	100018ba <alarm_pool_alarm_callback+0x152>
100018fe:	454b      	cmp	r3, r9
10001900:	d114      	bne.n	1000192c <alarm_pool_alarm_callback+0x1c4>
10001902:	9a06      	ldr	r2, [sp, #24]
10001904:	9b07      	ldr	r3, [sp, #28]
10001906:	1b52      	subs	r2, r2, r5
10001908:	41b3      	sbcs	r3, r6
1000190a:	2b00      	cmp	r3, #0
1000190c:	db14      	blt.n	10001938 <alarm_pool_alarm_callback+0x1d0>
1000190e:	2b00      	cmp	r3, #0
10001910:	db16      	blt.n	10001940 <alarm_pool_alarm_callback+0x1d8>
10001912:	2100      	movs	r1, #0
10001914:	9104      	str	r1, [sp, #16]
10001916:	3101      	adds	r1, #1
10001918:	9103      	str	r1, [sp, #12]
1000191a:	9402      	str	r4, [sp, #8]
1000191c:	4651      	mov	r1, sl
1000191e:	9101      	str	r1, [sp, #4]
10001920:	4641      	mov	r1, r8
10001922:	9100      	str	r1, [sp, #0]
10001924:	0038      	movs	r0, r7
10001926:	f7ff fe65 	bl	100015f4 <add_alarm_under_lock>
1000192a:	e032      	b.n	10001992 <alarm_pool_alarm_callback+0x22a>
1000192c:	4b55      	ldr	r3, [pc, #340]	; (10001a84 <alarm_pool_alarm_callback+0x31c>)
1000192e:	4a51      	ldr	r2, [pc, #324]	; (10001a74 <alarm_pool_alarm_callback+0x30c>)
10001930:	21a1      	movs	r1, #161	; 0xa1
10001932:	484e      	ldr	r0, [pc, #312]	; (10001a6c <alarm_pool_alarm_callback+0x304>)
10001934:	f001 f8d4 	bl	10002ae0 <__assert_func>
10001938:	2201      	movs	r2, #1
1000193a:	4252      	negs	r2, r2
1000193c:	4b52      	ldr	r3, [pc, #328]	; (10001a88 <alarm_pool_alarm_callback+0x320>)
1000193e:	e7e6      	b.n	1000190e <alarm_pool_alarm_callback+0x1a6>
10001940:	4b45      	ldr	r3, [pc, #276]	; (10001a58 <alarm_pool_alarm_callback+0x2f0>)
10001942:	4a46      	ldr	r2, [pc, #280]	; (10001a5c <alarm_pool_alarm_callback+0x2f4>)
10001944:	213f      	movs	r1, #63	; 0x3f
10001946:	4846      	ldr	r0, [pc, #280]	; (10001a60 <alarm_pool_alarm_callback+0x2f8>)
10001948:	f001 f8ca 	bl	10002ae0 <__assert_func>
1000194c:	2e00      	cmp	r6, #0
1000194e:	d101      	bne.n	10001954 <alarm_pool_alarm_callback+0x1ec>
10001950:	2d00      	cmp	r5, #0
10001952:	d1b4      	bne.n	100018be <alarm_pool_alarm_callback+0x156>
10001954:	683b      	ldr	r3, [r7, #0]
10001956:	2c00      	cmp	r4, #0
10001958:	d050      	beq.n	100019fc <alarm_pool_alarm_callback+0x294>
1000195a:	7b5a      	ldrb	r2, [r3, #13]
1000195c:	4294      	cmp	r4, r2
1000195e:	d137      	bne.n	100019d0 <alarm_pool_alarm_callback+0x268>
10001960:	2101      	movs	r1, #1
10001962:	2900      	cmp	r1, #0
10001964:	d14a      	bne.n	100019fc <alarm_pool_alarm_callback+0x294>
10001966:	7bda      	ldrb	r2, [r3, #15]
10001968:	2a00      	cmp	r2, #0
1000196a:	d14d      	bne.n	10001a08 <alarm_pool_alarm_callback+0x2a0>
1000196c:	7b9a      	ldrb	r2, [r3, #14]
1000196e:	2a00      	cmp	r2, #0
10001970:	d103      	bne.n	1000197a <alarm_pool_alarm_callback+0x212>
10001972:	7bda      	ldrb	r2, [r3, #15]
10001974:	2a00      	cmp	r2, #0
10001976:	d15a      	bne.n	10001a2e <alarm_pool_alarm_callback+0x2c6>
10001978:	739c      	strb	r4, [r3, #14]
1000197a:	73dc      	strb	r4, [r3, #15]
1000197c:	2c00      	cmp	r4, #0
1000197e:	d05c      	beq.n	10001a3a <alarm_pool_alarm_callback+0x2d2>
10001980:	683b      	ldr	r3, [r7, #0]
10001982:	7b1b      	ldrb	r3, [r3, #12]
10001984:	429c      	cmp	r4, r3
10001986:	d858      	bhi.n	10001a3a <alarm_pool_alarm_callback+0x2d2>
10001988:	68fa      	ldr	r2, [r7, #12]
1000198a:	3c01      	subs	r4, #1
1000198c:	5d13      	ldrb	r3, [r2, r4]
1000198e:	3301      	adds	r3, #1
10001990:	5513      	strb	r3, [r2, r4]
10001992:	2300      	movs	r3, #0
10001994:	613b      	str	r3, [r7, #16]
10001996:	687a      	ldr	r2, [r7, #4]
10001998:	f3bf 8f5f 	dmb	sy
1000199c:	6013      	str	r3, [r2, #0]
1000199e:	f38b 8810 	msr	PRIMASK, fp
100019a2:	e743      	b.n	1000182c <alarm_pool_alarm_callback+0xc4>
100019a4:	4b37      	ldr	r3, [pc, #220]	; (10001a84 <alarm_pool_alarm_callback+0x31c>)
100019a6:	4a33      	ldr	r2, [pc, #204]	; (10001a74 <alarm_pool_alarm_callback+0x30c>)
100019a8:	21a4      	movs	r1, #164	; 0xa4
100019aa:	4830      	ldr	r0, [pc, #192]	; (10001a6c <alarm_pool_alarm_callback+0x304>)
100019ac:	f001 f898 	bl	10002ae0 <__assert_func>
100019b0:	4b29      	ldr	r3, [pc, #164]	; (10001a58 <alarm_pool_alarm_callback+0x2f0>)
100019b2:	4a2a      	ldr	r2, [pc, #168]	; (10001a5c <alarm_pool_alarm_callback+0x2f4>)
100019b4:	213f      	movs	r1, #63	; 0x3f
100019b6:	482a      	ldr	r0, [pc, #168]	; (10001a60 <alarm_pool_alarm_callback+0x2f8>)
100019b8:	f001 f892 	bl	10002ae0 <__assert_func>
100019bc:	2201      	movs	r2, #1
100019be:	4252      	negs	r2, r2
100019c0:	4b31      	ldr	r3, [pc, #196]	; (10001a88 <alarm_pool_alarm_callback+0x320>)
100019c2:	e78a      	b.n	100018da <alarm_pool_alarm_callback+0x172>
100019c4:	4b24      	ldr	r3, [pc, #144]	; (10001a58 <alarm_pool_alarm_callback+0x2f0>)
100019c6:	4a25      	ldr	r2, [pc, #148]	; (10001a5c <alarm_pool_alarm_callback+0x2f4>)
100019c8:	213f      	movs	r1, #63	; 0x3f
100019ca:	4825      	ldr	r0, [pc, #148]	; (10001a60 <alarm_pool_alarm_callback+0x2f8>)
100019cc:	f001 f888 	bl	10002ae0 <__assert_func>
100019d0:	2c00      	cmp	r4, #0
100019d2:	d00d      	beq.n	100019f0 <alarm_pool_alarm_callback+0x288>
100019d4:	7b1a      	ldrb	r2, [r3, #12]
100019d6:	4294      	cmp	r4, r2
100019d8:	d80a      	bhi.n	100019f0 <alarm_pool_alarm_callback+0x288>
100019da:	0062      	lsls	r2, r4, #1
100019dc:	1912      	adds	r2, r2, r4
100019de:	3a03      	subs	r2, #3
100019e0:	6818      	ldr	r0, [r3, #0]
100019e2:	4684      	mov	ip, r0
100019e4:	4462      	add	r2, ip
100019e6:	7892      	ldrb	r2, [r2, #2]
100019e8:	2a00      	cmp	r2, #0
100019ea:	d0ba      	beq.n	10001962 <alarm_pool_alarm_callback+0x1fa>
100019ec:	2101      	movs	r1, #1
100019ee:	e7b8      	b.n	10001962 <alarm_pool_alarm_callback+0x1fa>
100019f0:	4b26      	ldr	r3, [pc, #152]	; (10001a8c <alarm_pool_alarm_callback+0x324>)
100019f2:	4a27      	ldr	r2, [pc, #156]	; (10001a90 <alarm_pool_alarm_callback+0x328>)
100019f4:	2168      	movs	r1, #104	; 0x68
100019f6:	4827      	ldr	r0, [pc, #156]	; (10001a94 <alarm_pool_alarm_callback+0x32c>)
100019f8:	f001 f872 	bl	10002ae0 <__assert_func>
100019fc:	4b26      	ldr	r3, [pc, #152]	; (10001a98 <alarm_pool_alarm_callback+0x330>)
100019fe:	4a27      	ldr	r2, [pc, #156]	; (10001a9c <alarm_pool_alarm_callback+0x334>)
10001a00:	21f6      	movs	r1, #246	; 0xf6
10001a02:	4824      	ldr	r0, [pc, #144]	; (10001a94 <alarm_pool_alarm_callback+0x32c>)
10001a04:	f001 f86c 	bl	10002ae0 <__assert_func>
10001a08:	2a00      	cmp	r2, #0
10001a0a:	d00a      	beq.n	10001a22 <alarm_pool_alarm_callback+0x2ba>
10001a0c:	7b19      	ldrb	r1, [r3, #12]
10001a0e:	428a      	cmp	r2, r1
10001a10:	d807      	bhi.n	10001a22 <alarm_pool_alarm_callback+0x2ba>
10001a12:	0051      	lsls	r1, r2, #1
10001a14:	188a      	adds	r2, r1, r2
10001a16:	3a03      	subs	r2, #3
10001a18:	6819      	ldr	r1, [r3, #0]
10001a1a:	468c      	mov	ip, r1
10001a1c:	4462      	add	r2, ip
10001a1e:	7054      	strb	r4, [r2, #1]
10001a20:	e7a4      	b.n	1000196c <alarm_pool_alarm_callback+0x204>
10001a22:	4b1a      	ldr	r3, [pc, #104]	; (10001a8c <alarm_pool_alarm_callback+0x324>)
10001a24:	4a1a      	ldr	r2, [pc, #104]	; (10001a90 <alarm_pool_alarm_callback+0x328>)
10001a26:	2168      	movs	r1, #104	; 0x68
10001a28:	481a      	ldr	r0, [pc, #104]	; (10001a94 <alarm_pool_alarm_callback+0x32c>)
10001a2a:	f001 f859 	bl	10002ae0 <__assert_func>
10001a2e:	4b1c      	ldr	r3, [pc, #112]	; (10001aa0 <alarm_pool_alarm_callback+0x338>)
10001a30:	4a1a      	ldr	r2, [pc, #104]	; (10001a9c <alarm_pool_alarm_callback+0x334>)
10001a32:	21fb      	movs	r1, #251	; 0xfb
10001a34:	4817      	ldr	r0, [pc, #92]	; (10001a94 <alarm_pool_alarm_callback+0x32c>)
10001a36:	f001 f853 	bl	10002ae0 <__assert_func>
10001a3a:	4b0a      	ldr	r3, [pc, #40]	; (10001a64 <alarm_pool_alarm_callback+0x2fc>)
10001a3c:	4a0f      	ldr	r2, [pc, #60]	; (10001a7c <alarm_pool_alarm_callback+0x314>)
10001a3e:	2141      	movs	r1, #65	; 0x41
10001a40:	480a      	ldr	r0, [pc, #40]	; (10001a6c <alarm_pool_alarm_callback+0x304>)
10001a42:	f001 f84d 	bl	10002ae0 <__assert_func>
10001a46:	b00b      	add	sp, #44	; 0x2c
10001a48:	bcf0      	pop	{r4, r5, r6, r7}
10001a4a:	46bb      	mov	fp, r7
10001a4c:	46b2      	mov	sl, r6
10001a4e:	46a9      	mov	r9, r5
10001a50:	46a0      	mov	r8, r4
10001a52:	bdf0      	pop	{r4, r5, r6, r7, pc}
10001a54:	200022f0 	.word	0x200022f0
10001a58:	1000aecc 	.word	0x1000aecc
10001a5c:	1000b274 	.word	0x1000b274
10001a60:	1000aee8 	.word	0x1000aee8
10001a64:	1000b028 	.word	0x1000b028
10001a68:	1000b2a8 	.word	0x1000b2a8
10001a6c:	1000afd4 	.word	0x1000afd4
10001a70:	1000b128 	.word	0x1000b128
10001a74:	1000b28c 	.word	0x1000b28c
10001a78:	1000b140 	.word	0x1000b140
10001a7c:	1000b2cc 	.word	0x1000b2cc
10001a80:	0fffffff 	.word	0x0fffffff
10001a84:	1000b14c 	.word	0x1000b14c
10001a88:	7fffffff 	.word	0x7fffffff
10001a8c:	1000b04c 	.word	0x1000b04c
10001a90:	1000b314 	.word	0x1000b314
10001a94:	1000b068 	.word	0x1000b068
10001a98:	1000b188 	.word	0x1000b188
10001a9c:	1000b2e0 	.word	0x1000b2e0
10001aa0:	1000b1ac 	.word	0x1000b1ac

10001aa4 <alarm_pool_init_default>:
10001aa4:	b510      	push	{r4, lr}
10001aa6:	4b0c      	ldr	r3, [pc, #48]	; (10001ad8 <alarm_pool_init_default+0x34>)
10001aa8:	685b      	ldr	r3, [r3, #4]
10001aaa:	2b00      	cmp	r3, #0
10001aac:	d004      	beq.n	10001ab8 <alarm_pool_init_default+0x14>
10001aae:	210a      	movs	r1, #10
10001ab0:	480a      	ldr	r0, [pc, #40]	; (10001adc <alarm_pool_init_default+0x38>)
10001ab2:	f7ff fc7f 	bl	100013b4 <lock_init>
10001ab6:	bd10      	pop	{r4, pc}
10001ab8:	4c07      	ldr	r4, [pc, #28]	; (10001ad8 <alarm_pool_init_default+0x34>)
10001aba:	0023      	movs	r3, r4
10001abc:	4a08      	ldr	r2, [pc, #32]	; (10001ae0 <alarm_pool_init_default+0x3c>)
10001abe:	2110      	movs	r1, #16
10001ac0:	6820      	ldr	r0, [r4, #0]
10001ac2:	f000 fc5b 	bl	1000237c <ph_post_alloc_init>
10001ac6:	2003      	movs	r0, #3
10001ac8:	f000 faa6 	bl	10002018 <hardware_alarm_claim>
10001acc:	2103      	movs	r1, #3
10001ace:	0020      	movs	r0, r4
10001ad0:	f7ff fca8 	bl	10001424 <alarm_pool_post_alloc_init>
10001ad4:	e7eb      	b.n	10001aae <alarm_pool_init_default+0xa>
10001ad6:	46c0      	nop			; (mov r8, r8)
10001ad8:	20000d10 	.word	0x20000d10
10001adc:	20002514 	.word	0x20002514
10001ae0:	10001495 	.word	0x10001495

10001ae4 <alarm_pool_get_default>:
10001ae4:	b510      	push	{r4, lr}
10001ae6:	4b06      	ldr	r3, [pc, #24]	; (10001b00 <alarm_pool_get_default+0x1c>)
10001ae8:	685b      	ldr	r3, [r3, #4]
10001aea:	2b00      	cmp	r3, #0
10001aec:	d001      	beq.n	10001af2 <alarm_pool_get_default+0xe>
10001aee:	4804      	ldr	r0, [pc, #16]	; (10001b00 <alarm_pool_get_default+0x1c>)
10001af0:	bd10      	pop	{r4, pc}
10001af2:	4b04      	ldr	r3, [pc, #16]	; (10001b04 <alarm_pool_get_default+0x20>)
10001af4:	4a04      	ldr	r2, [pc, #16]	; (10001b08 <alarm_pool_get_default+0x24>)
10001af6:	215e      	movs	r1, #94	; 0x5e
10001af8:	4804      	ldr	r0, [pc, #16]	; (10001b0c <alarm_pool_get_default+0x28>)
10001afa:	f000 fff1 	bl	10002ae0 <__assert_func>
10001afe:	46c0      	nop			; (mov r8, r8)
10001b00:	20000d10 	.word	0x20000d10
10001b04:	1000b1c0 	.word	0x1000b1c0
10001b08:	1000b2b4 	.word	0x1000b2b4
10001b0c:	1000afd4 	.word	0x1000afd4

10001b10 <alarm_pool_add_alarm_at>:
10001b10:	b5f0      	push	{r4, r5, r6, r7, lr}
10001b12:	46de      	mov	lr, fp
10001b14:	4657      	mov	r7, sl
10001b16:	464e      	mov	r6, r9
10001b18:	4645      	mov	r5, r8
10001b1a:	b5e0      	push	{r5, r6, r7, lr}
10001b1c:	b08b      	sub	sp, #44	; 0x2c
10001b1e:	4680      	mov	r8, r0
10001b20:	0016      	movs	r6, r2
10001b22:	001f      	movs	r7, r3
10001b24:	9b14      	ldr	r3, [sp, #80]	; 0x50
10001b26:	469a      	mov	sl, r3
10001b28:	9b15      	ldr	r3, [sp, #84]	; 0x54
10001b2a:	4699      	mov	r9, r3
10001b2c:	ab16      	add	r3, sp, #88	; 0x58
10001b2e:	781b      	ldrb	r3, [r3, #0]
10001b30:	469b      	mov	fp, r3
10001b32:	231f      	movs	r3, #31
10001b34:	aa02      	add	r2, sp, #8
10001b36:	4694      	mov	ip, r2
10001b38:	4463      	add	r3, ip
10001b3a:	2200      	movs	r2, #0
10001b3c:	701a      	strb	r2, [r3, #0]
10001b3e:	e02b      	b.n	10001b98 <alarm_pool_add_alarm_at+0x88>
10001b40:	2800      	cmp	r0, #0
10001b42:	d009      	beq.n	10001b58 <alarm_pool_add_alarm_at+0x48>
10001b44:	4642      	mov	r2, r8
10001b46:	6812      	ldr	r2, [r2, #0]
10001b48:	7b12      	ldrb	r2, [r2, #12]
10001b4a:	4290      	cmp	r0, r2
10001b4c:	d804      	bhi.n	10001b58 <alarm_pool_add_alarm_at+0x48>
10001b4e:	1e42      	subs	r2, r0, #1
10001b50:	4641      	mov	r1, r8
10001b52:	68c9      	ldr	r1, [r1, #12]
10001b54:	5c8a      	ldrb	r2, [r1, r2]
10001b56:	e041      	b.n	10001bdc <alarm_pool_add_alarm_at+0xcc>
10001b58:	4b40      	ldr	r3, [pc, #256]	; (10001c5c <alarm_pool_add_alarm_at+0x14c>)
10001b5a:	4a41      	ldr	r2, [pc, #260]	; (10001c60 <alarm_pool_add_alarm_at+0x150>)
10001b5c:	2141      	movs	r1, #65	; 0x41
10001b5e:	4841      	ldr	r0, [pc, #260]	; (10001c64 <alarm_pool_add_alarm_at+0x154>)
10001b60:	f000 ffbe 	bl	10002ae0 <__assert_func>
10001b64:	9807      	ldr	r0, [sp, #28]
10001b66:	e04c      	b.n	10001c02 <alarm_pool_add_alarm_at+0xf2>
10001b68:	1b36      	subs	r6, r6, r4
10001b6a:	41af      	sbcs	r7, r5
10001b6c:	2f00      	cmp	r7, #0
10001b6e:	db07      	blt.n	10001b80 <alarm_pool_add_alarm_at+0x70>
10001b70:	2f00      	cmp	r7, #0
10001b72:	da11      	bge.n	10001b98 <alarm_pool_add_alarm_at+0x88>
10001b74:	4b3c      	ldr	r3, [pc, #240]	; (10001c68 <alarm_pool_add_alarm_at+0x158>)
10001b76:	4a3d      	ldr	r2, [pc, #244]	; (10001c6c <alarm_pool_add_alarm_at+0x15c>)
10001b78:	213f      	movs	r1, #63	; 0x3f
10001b7a:	483d      	ldr	r0, [pc, #244]	; (10001c70 <alarm_pool_add_alarm_at+0x160>)
10001b7c:	f000 ffb0 	bl	10002ae0 <__assert_func>
10001b80:	2601      	movs	r6, #1
10001b82:	4276      	negs	r6, r6
10001b84:	4f3b      	ldr	r7, [pc, #236]	; (10001c74 <alarm_pool_add_alarm_at+0x164>)
10001b86:	e7f3      	b.n	10001b70 <alarm_pool_add_alarm_at+0x60>
10001b88:	4b37      	ldr	r3, [pc, #220]	; (10001c68 <alarm_pool_add_alarm_at+0x158>)
10001b8a:	4a38      	ldr	r2, [pc, #224]	; (10001c6c <alarm_pool_add_alarm_at+0x15c>)
10001b8c:	213f      	movs	r1, #63	; 0x3f
10001b8e:	4838      	ldr	r0, [pc, #224]	; (10001c70 <alarm_pool_add_alarm_at+0x160>)
10001b90:	f000 ffa6 	bl	10002ae0 <__assert_func>
10001b94:	2f00      	cmp	r7, #0
10001b96:	db4f      	blt.n	10001c38 <alarm_pool_add_alarm_at+0x128>
10001b98:	4643      	mov	r3, r8
10001b9a:	685a      	ldr	r2, [r3, #4]
10001b9c:	f3ef 8410 	mrs	r4, PRIMASK
10001ba0:	b672      	cpsid	i
10001ba2:	6813      	ldr	r3, [r2, #0]
10001ba4:	4259      	negs	r1, r3
10001ba6:	414b      	adcs	r3, r1
10001ba8:	b2d9      	uxtb	r1, r3
10001baa:	9107      	str	r1, [sp, #28]
10001bac:	2b00      	cmp	r3, #0
10001bae:	d1f8      	bne.n	10001ba2 <alarm_pool_add_alarm_at+0x92>
10001bb0:	f3bf 8f5f 	dmb	sy
10001bb4:	331f      	adds	r3, #31
10001bb6:	aa02      	add	r2, sp, #8
10001bb8:	4694      	mov	ip, r2
10001bba:	4463      	add	r3, ip
10001bbc:	9304      	str	r3, [sp, #16]
10001bbe:	2300      	movs	r3, #0
10001bc0:	9303      	str	r3, [sp, #12]
10001bc2:	9302      	str	r3, [sp, #8]
10001bc4:	464b      	mov	r3, r9
10001bc6:	9301      	str	r3, [sp, #4]
10001bc8:	4653      	mov	r3, sl
10001bca:	9300      	str	r3, [sp, #0]
10001bcc:	0032      	movs	r2, r6
10001bce:	003b      	movs	r3, r7
10001bd0:	4640      	mov	r0, r8
10001bd2:	f7ff fd0f 	bl	100015f4 <add_alarm_under_lock>
10001bd6:	1e03      	subs	r3, r0, #0
10001bd8:	d1b2      	bne.n	10001b40 <alarm_pool_add_alarm_at+0x30>
10001bda:	0002      	movs	r2, r0
10001bdc:	4641      	mov	r1, r8
10001bde:	6849      	ldr	r1, [r1, #4]
10001be0:	f3bf 8f5f 	dmb	sy
10001be4:	2500      	movs	r5, #0
10001be6:	600d      	str	r5, [r1, #0]
10001be8:	f384 8810 	msr	PRIMASK, r4
10001bec:	2b00      	cmp	r3, #0
10001bee:	d029      	beq.n	10001c44 <alarm_pool_add_alarm_at+0x134>
10001bf0:	231f      	movs	r3, #31
10001bf2:	a902      	add	r1, sp, #8
10001bf4:	468c      	mov	ip, r1
10001bf6:	4463      	add	r3, ip
10001bf8:	781b      	ldrb	r3, [r3, #0]
10001bfa:	2b00      	cmp	r3, #0
10001bfc:	d1b2      	bne.n	10001b64 <alarm_pool_add_alarm_at+0x54>
10001bfe:	0212      	lsls	r2, r2, #8
10001c00:	4310      	orrs	r0, r2
10001c02:	2b00      	cmp	r3, #0
10001c04:	d020      	beq.n	10001c48 <alarm_pool_add_alarm_at+0x138>
10001c06:	465b      	mov	r3, fp
10001c08:	2b00      	cmp	r3, #0
10001c0a:	d01d      	beq.n	10001c48 <alarm_pool_add_alarm_at+0x138>
10001c0c:	4649      	mov	r1, r9
10001c0e:	47d0      	blx	sl
10001c10:	0004      	movs	r4, r0
10001c12:	000d      	movs	r5, r1
10001c14:	0003      	movs	r3, r0
10001c16:	430b      	orrs	r3, r1
10001c18:	d01d      	beq.n	10001c56 <alarm_pool_add_alarm_at+0x146>
10001c1a:	2900      	cmp	r1, #0
10001c1c:	dba4      	blt.n	10001b68 <alarm_pool_add_alarm_at+0x58>
10001c1e:	f000 fa07 	bl	10002030 <time_us_64>
10001c22:	0006      	movs	r6, r0
10001c24:	1e0f      	subs	r7, r1, #0
10001c26:	dbaf      	blt.n	10001b88 <alarm_pool_add_alarm_at+0x78>
10001c28:	1936      	adds	r6, r6, r4
10001c2a:	416f      	adcs	r7, r5
10001c2c:	2f00      	cmp	r7, #0
10001c2e:	dab1      	bge.n	10001b94 <alarm_pool_add_alarm_at+0x84>
10001c30:	2601      	movs	r6, #1
10001c32:	4276      	negs	r6, r6
10001c34:	4f0f      	ldr	r7, [pc, #60]	; (10001c74 <alarm_pool_add_alarm_at+0x164>)
10001c36:	e7ad      	b.n	10001b94 <alarm_pool_add_alarm_at+0x84>
10001c38:	4b0b      	ldr	r3, [pc, #44]	; (10001c68 <alarm_pool_add_alarm_at+0x158>)
10001c3a:	4a0c      	ldr	r2, [pc, #48]	; (10001c6c <alarm_pool_add_alarm_at+0x15c>)
10001c3c:	213f      	movs	r1, #63	; 0x3f
10001c3e:	480c      	ldr	r0, [pc, #48]	; (10001c70 <alarm_pool_add_alarm_at+0x160>)
10001c40:	f000 ff4e 	bl	10002ae0 <__assert_func>
10001c44:	2001      	movs	r0, #1
10001c46:	4240      	negs	r0, r0
10001c48:	b00b      	add	sp, #44	; 0x2c
10001c4a:	bcf0      	pop	{r4, r5, r6, r7}
10001c4c:	46bb      	mov	fp, r7
10001c4e:	46b2      	mov	sl, r6
10001c50:	46a9      	mov	r9, r5
10001c52:	46a0      	mov	r8, r4
10001c54:	bdf0      	pop	{r4, r5, r6, r7, pc}
10001c56:	9807      	ldr	r0, [sp, #28]
10001c58:	e7f6      	b.n	10001c48 <alarm_pool_add_alarm_at+0x138>
10001c5a:	46c0      	nop			; (mov r8, r8)
10001c5c:	1000b028 	.word	0x1000b028
10001c60:	1000b2cc 	.word	0x1000b2cc
10001c64:	1000afd4 	.word	0x1000afd4
10001c68:	1000aecc 	.word	0x1000aecc
10001c6c:	1000b274 	.word	0x1000b274
10001c70:	1000aee8 	.word	0x1000aee8
10001c74:	7fffffff 	.word	0x7fffffff

10001c78 <alarm_pool_cancel_alarm>:
10001c78:	b5f8      	push	{r3, r4, r5, r6, r7, lr}
10001c7a:	0004      	movs	r4, r0
10001c7c:	2900      	cmp	r1, #0
10001c7e:	d100      	bne.n	10001c82 <alarm_pool_cancel_alarm+0xa>
10001c80:	e062      	b.n	10001d48 <alarm_pool_cancel_alarm+0xd0>
10001c82:	6842      	ldr	r2, [r0, #4]
10001c84:	f3ef 8510 	mrs	r5, PRIMASK
10001c88:	b672      	cpsid	i
10001c8a:	6813      	ldr	r3, [r2, #0]
10001c8c:	4258      	negs	r0, r3
10001c8e:	4143      	adcs	r3, r0
10001c90:	b2d8      	uxtb	r0, r3
10001c92:	2b00      	cmp	r3, #0
10001c94:	d1f9      	bne.n	10001c8a <alarm_pool_cancel_alarm+0x12>
10001c96:	f3bf 8f5f 	dmb	sy
10001c9a:	b2cb      	uxtb	r3, r1
10001c9c:	6822      	ldr	r2, [r4, #0]
10001c9e:	7b56      	ldrb	r6, [r2, #13]
10001ca0:	42b3      	cmp	r3, r6
10001ca2:	d11b      	bne.n	10001cdc <alarm_pool_cancel_alarm+0x64>
10001ca4:	2001      	movs	r0, #1
10001ca6:	2800      	cmp	r0, #0
10001ca8:	d048      	beq.n	10001d3c <alarm_pool_cancel_alarm+0xc4>
10001caa:	6920      	ldr	r0, [r4, #16]
10001cac:	4288      	cmp	r0, r1
10001cae:	d02b      	beq.n	10001d08 <alarm_pool_cancel_alarm+0x90>
10001cb0:	0a09      	lsrs	r1, r1, #8
10001cb2:	b2c9      	uxtb	r1, r1
10001cb4:	2b00      	cmp	r3, #0
10001cb6:	d02e      	beq.n	10001d16 <alarm_pool_cancel_alarm+0x9e>
10001cb8:	6820      	ldr	r0, [r4, #0]
10001cba:	7b00      	ldrb	r0, [r0, #12]
10001cbc:	4283      	cmp	r3, r0
10001cbe:	d82a      	bhi.n	10001d16 <alarm_pool_cancel_alarm+0x9e>
10001cc0:	1e58      	subs	r0, r3, #1
10001cc2:	68e6      	ldr	r6, [r4, #12]
10001cc4:	5c30      	ldrb	r0, [r6, r0]
10001cc6:	4288      	cmp	r0, r1
10001cc8:	d02b      	beq.n	10001d22 <alarm_pool_cancel_alarm+0xaa>
10001cca:	2000      	movs	r0, #0
10001ccc:	6863      	ldr	r3, [r4, #4]
10001cce:	f3bf 8f5f 	dmb	sy
10001cd2:	2200      	movs	r2, #0
10001cd4:	601a      	str	r2, [r3, #0]
10001cd6:	f385 8810 	msr	PRIMASK, r5
10001cda:	bdf8      	pop	{r3, r4, r5, r6, r7, pc}
10001cdc:	2b00      	cmp	r3, #0
10001cde:	d00d      	beq.n	10001cfc <alarm_pool_cancel_alarm+0x84>
10001ce0:	7b16      	ldrb	r6, [r2, #12]
10001ce2:	42b3      	cmp	r3, r6
10001ce4:	d80a      	bhi.n	10001cfc <alarm_pool_cancel_alarm+0x84>
10001ce6:	005e      	lsls	r6, r3, #1
10001ce8:	18f6      	adds	r6, r6, r3
10001cea:	3e03      	subs	r6, #3
10001cec:	6817      	ldr	r7, [r2, #0]
10001cee:	46bc      	mov	ip, r7
10001cf0:	4466      	add	r6, ip
10001cf2:	78b6      	ldrb	r6, [r6, #2]
10001cf4:	2e00      	cmp	r6, #0
10001cf6:	d0d6      	beq.n	10001ca6 <alarm_pool_cancel_alarm+0x2e>
10001cf8:	2001      	movs	r0, #1
10001cfa:	e7d4      	b.n	10001ca6 <alarm_pool_cancel_alarm+0x2e>
10001cfc:	4b13      	ldr	r3, [pc, #76]	; (10001d4c <alarm_pool_cancel_alarm+0xd4>)
10001cfe:	4a14      	ldr	r2, [pc, #80]	; (10001d50 <alarm_pool_cancel_alarm+0xd8>)
10001d00:	2168      	movs	r1, #104	; 0x68
10001d02:	4814      	ldr	r0, [pc, #80]	; (10001d54 <alarm_pool_cancel_alarm+0xdc>)
10001d04:	f000 feec 	bl	10002ae0 <__assert_func>
10001d08:	212c      	movs	r1, #44	; 0x2c
10001d0a:	4b13      	ldr	r3, [pc, #76]	; (10001d58 <alarm_pool_cancel_alarm+0xe0>)
10001d0c:	4a13      	ldr	r2, [pc, #76]	; (10001d5c <alarm_pool_cancel_alarm+0xe4>)
10001d0e:	31ff      	adds	r1, #255	; 0xff
10001d10:	4813      	ldr	r0, [pc, #76]	; (10001d60 <alarm_pool_cancel_alarm+0xe8>)
10001d12:	f000 fee5 	bl	10002ae0 <__assert_func>
10001d16:	4b13      	ldr	r3, [pc, #76]	; (10001d64 <alarm_pool_cancel_alarm+0xec>)
10001d18:	4a13      	ldr	r2, [pc, #76]	; (10001d68 <alarm_pool_cancel_alarm+0xf0>)
10001d1a:	2141      	movs	r1, #65	; 0x41
10001d1c:	4810      	ldr	r0, [pc, #64]	; (10001d60 <alarm_pool_cancel_alarm+0xe8>)
10001d1e:	f000 fedf 	bl	10002ae0 <__assert_func>
10001d22:	0019      	movs	r1, r3
10001d24:	0010      	movs	r0, r2
10001d26:	f000 fc23 	bl	10002570 <ph_remove_and_free_node>
10001d2a:	2800      	cmp	r0, #0
10001d2c:	d1ce      	bne.n	10001ccc <alarm_pool_cancel_alarm+0x54>
10001d2e:	2199      	movs	r1, #153	; 0x99
10001d30:	4b0e      	ldr	r3, [pc, #56]	; (10001d6c <alarm_pool_cancel_alarm+0xf4>)
10001d32:	4a0a      	ldr	r2, [pc, #40]	; (10001d5c <alarm_pool_cancel_alarm+0xe4>)
10001d34:	0049      	lsls	r1, r1, #1
10001d36:	480a      	ldr	r0, [pc, #40]	; (10001d60 <alarm_pool_cancel_alarm+0xe8>)
10001d38:	f000 fed2 	bl	10002ae0 <__assert_func>
10001d3c:	6923      	ldr	r3, [r4, #16]
10001d3e:	428b      	cmp	r3, r1
10001d40:	d1c4      	bne.n	10001ccc <alarm_pool_cancel_alarm+0x54>
10001d42:	2300      	movs	r3, #0
10001d44:	6123      	str	r3, [r4, #16]
10001d46:	e7c1      	b.n	10001ccc <alarm_pool_cancel_alarm+0x54>
10001d48:	2000      	movs	r0, #0
10001d4a:	e7c6      	b.n	10001cda <alarm_pool_cancel_alarm+0x62>
10001d4c:	1000b04c 	.word	0x1000b04c
10001d50:	1000b314 	.word	0x1000b314
10001d54:	1000b068 	.word	0x1000b068
10001d58:	1000b1e4 	.word	0x1000b1e4
10001d5c:	1000b25c 	.word	0x1000b25c
10001d60:	1000afd4 	.word	0x1000afd4
10001d64:	1000b028 	.word	0x1000b028
10001d68:	1000b2cc 	.word	0x1000b2cc
10001d6c:	1000b208 	.word	0x1000b208

10001d70 <alarm_pool_core_num>:
10001d70:	7d40      	ldrb	r0, [r0, #21]
10001d72:	4770      	bx	lr

10001d74 <sleep_until>:
10001d74:	b5f0      	push	{r4, r5, r6, r7, lr}
10001d76:	b087      	sub	sp, #28
10001d78:	0006      	movs	r6, r0
10001d7a:	000f      	movs	r7, r1
10001d7c:	f3ef 8305 	mrs	r3, IPSR
10001d80:	2b00      	cmp	r3, #0
10001d82:	d11f      	bne.n	10001dc4 <sleep_until+0x50>
10001d84:	2406      	movs	r4, #6
10001d86:	4264      	negs	r4, r4
10001d88:	17e5      	asrs	r5, r4, #31
10001d8a:	19a4      	adds	r4, r4, r6
10001d8c:	417d      	adcs	r5, r7
10001d8e:	428d      	cmp	r5, r1
10001d90:	d802      	bhi.n	10001d98 <sleep_until+0x24>
10001d92:	d103      	bne.n	10001d9c <sleep_until+0x28>
10001d94:	4284      	cmp	r4, r0
10001d96:	d901      	bls.n	10001d9c <sleep_until+0x28>
10001d98:	2400      	movs	r4, #0
10001d9a:	2500      	movs	r5, #0
10001d9c:	2d00      	cmp	r5, #0
10001d9e:	db14      	blt.n	10001dca <sleep_until+0x56>
10001da0:	9404      	str	r4, [sp, #16]
10001da2:	9505      	str	r5, [sp, #20]
10001da4:	f000 f944 	bl	10002030 <time_us_64>
10001da8:	0002      	movs	r2, r0
10001daa:	1e0b      	subs	r3, r1, #0
10001dac:	db13      	blt.n	10001dd6 <sleep_until+0x62>
10001dae:	1aa4      	subs	r4, r4, r2
10001db0:	419d      	sbcs	r5, r3
10001db2:	2d00      	cmp	r5, #0
10001db4:	dc17      	bgt.n	10001de6 <sleep_until+0x72>
10001db6:	d014      	beq.n	10001de2 <sleep_until+0x6e>
10001db8:	0030      	movs	r0, r6
10001dba:	0039      	movs	r1, r7
10001dbc:	f000 f944 	bl	10002048 <busy_wait_until>
10001dc0:	b007      	add	sp, #28
10001dc2:	bdf0      	pop	{r4, r5, r6, r7, pc}
10001dc4:	4823      	ldr	r0, [pc, #140]	; (10001e54 <sleep_until+0xe0>)
10001dc6:	f000 ff25 	bl	10002c14 <panic>
10001dca:	4b23      	ldr	r3, [pc, #140]	; (10001e58 <sleep_until+0xe4>)
10001dcc:	4a23      	ldr	r2, [pc, #140]	; (10001e5c <sleep_until+0xe8>)
10001dce:	213f      	movs	r1, #63	; 0x3f
10001dd0:	4823      	ldr	r0, [pc, #140]	; (10001e60 <sleep_until+0xec>)
10001dd2:	f000 fe85 	bl	10002ae0 <__assert_func>
10001dd6:	4b20      	ldr	r3, [pc, #128]	; (10001e58 <sleep_until+0xe4>)
10001dd8:	4a20      	ldr	r2, [pc, #128]	; (10001e5c <sleep_until+0xe8>)
10001dda:	213f      	movs	r1, #63	; 0x3f
10001ddc:	4820      	ldr	r0, [pc, #128]	; (10001e60 <sleep_until+0xec>)
10001dde:	f000 fe7f 	bl	10002ae0 <__assert_func>
10001de2:	2c00      	cmp	r4, #0
10001de4:	d0e8      	beq.n	10001db8 <sleep_until+0x44>
10001de6:	f7ff fe7d 	bl	10001ae4 <alarm_pool_get_default>
10001dea:	2300      	movs	r3, #0
10001dec:	9302      	str	r3, [sp, #8]
10001dee:	9301      	str	r3, [sp, #4]
10001df0:	4b1c      	ldr	r3, [pc, #112]	; (10001e64 <sleep_until+0xf0>)
10001df2:	9300      	str	r3, [sp, #0]
10001df4:	9a04      	ldr	r2, [sp, #16]
10001df6:	9b05      	ldr	r3, [sp, #20]
10001df8:	f7ff fe8a 	bl	10001b10 <alarm_pool_add_alarm_at>
10001dfc:	2800      	cmp	r0, #0
10001dfe:	da18      	bge.n	10001e32 <sleep_until+0xbe>
10001e00:	e7da      	b.n	10001db8 <sleep_until+0x44>
10001e02:	2300      	movs	r3, #0
10001e04:	e000      	b.n	10001e08 <sleep_until+0x94>
10001e06:	2300      	movs	r3, #0
10001e08:	2b00      	cmp	r3, #0
10001e0a:	d1d5      	bne.n	10001db8 <sleep_until+0x44>
10001e0c:	4b16      	ldr	r3, [pc, #88]	; (10001e68 <sleep_until+0xf4>)
10001e0e:	681a      	ldr	r2, [r3, #0]
10001e10:	f3ef 8110 	mrs	r1, PRIMASK
10001e14:	b672      	cpsid	i
10001e16:	6813      	ldr	r3, [r2, #0]
10001e18:	2b00      	cmp	r3, #0
10001e1a:	d0fc      	beq.n	10001e16 <sleep_until+0xa2>
10001e1c:	f3bf 8f5f 	dmb	sy
10001e20:	4b11      	ldr	r3, [pc, #68]	; (10001e68 <sleep_until+0xf4>)
10001e22:	681b      	ldr	r3, [r3, #0]
10001e24:	f3bf 8f5f 	dmb	sy
10001e28:	2200      	movs	r2, #0
10001e2a:	601a      	str	r2, [r3, #0]
10001e2c:	f381 8810 	msr	PRIMASK, r1
10001e30:	bf20      	wfe
10001e32:	9904      	ldr	r1, [sp, #16]
10001e34:	9a05      	ldr	r2, [sp, #20]
10001e36:	4b0d      	ldr	r3, [pc, #52]	; (10001e6c <sleep_until+0xf8>)
10001e38:	6a5b      	ldr	r3, [r3, #36]	; 0x24
10001e3a:	429a      	cmp	r2, r3
10001e3c:	d8e3      	bhi.n	10001e06 <sleep_until+0x92>
10001e3e:	480b      	ldr	r0, [pc, #44]	; (10001e6c <sleep_until+0xf8>)
10001e40:	6a80      	ldr	r0, [r0, #40]	; 0x28
10001e42:	4288      	cmp	r0, r1
10001e44:	d203      	bcs.n	10001e4e <sleep_until+0xda>
10001e46:	429a      	cmp	r2, r3
10001e48:	d0db      	beq.n	10001e02 <sleep_until+0x8e>
10001e4a:	2301      	movs	r3, #1
10001e4c:	e7dc      	b.n	10001e08 <sleep_until+0x94>
10001e4e:	2301      	movs	r3, #1
10001e50:	e7da      	b.n	10001e08 <sleep_until+0x94>
10001e52:	46c0      	nop			; (mov r8, r8)
10001e54:	1000b20c 	.word	0x1000b20c
10001e58:	1000aecc 	.word	0x1000aecc
10001e5c:	1000b274 	.word	0x1000b274
10001e60:	1000aee8 	.word	0x1000aee8
10001e64:	10001465 	.word	0x10001465
10001e68:	20002514 	.word	0x20002514
10001e6c:	40054000 	.word	0x40054000

10001e70 <sleep_us>:
10001e70:	b570      	push	{r4, r5, r6, lr}
10001e72:	0004      	movs	r4, r0
10001e74:	000d      	movs	r5, r1
10001e76:	f000 f8db 	bl	10002030 <time_us_64>
10001e7a:	0002      	movs	r2, r0
10001e7c:	1e0b      	subs	r3, r1, #0
10001e7e:	db0a      	blt.n	10001e96 <sleep_us+0x26>
10001e80:	0020      	movs	r0, r4
10001e82:	0029      	movs	r1, r5
10001e84:	1880      	adds	r0, r0, r2
10001e86:	4159      	adcs	r1, r3
10001e88:	2900      	cmp	r1, #0
10001e8a:	db0a      	blt.n	10001ea2 <sleep_us+0x32>
10001e8c:	2900      	cmp	r1, #0
10001e8e:	db0c      	blt.n	10001eaa <sleep_us+0x3a>
10001e90:	f7ff ff70 	bl	10001d74 <sleep_until>
10001e94:	bd70      	pop	{r4, r5, r6, pc}
10001e96:	4b08      	ldr	r3, [pc, #32]	; (10001eb8 <sleep_us+0x48>)
10001e98:	4a08      	ldr	r2, [pc, #32]	; (10001ebc <sleep_us+0x4c>)
10001e9a:	213f      	movs	r1, #63	; 0x3f
10001e9c:	4808      	ldr	r0, [pc, #32]	; (10001ec0 <sleep_us+0x50>)
10001e9e:	f000 fe1f 	bl	10002ae0 <__assert_func>
10001ea2:	2001      	movs	r0, #1
10001ea4:	4240      	negs	r0, r0
10001ea6:	4907      	ldr	r1, [pc, #28]	; (10001ec4 <sleep_us+0x54>)
10001ea8:	e7f0      	b.n	10001e8c <sleep_us+0x1c>
10001eaa:	4b03      	ldr	r3, [pc, #12]	; (10001eb8 <sleep_us+0x48>)
10001eac:	4a03      	ldr	r2, [pc, #12]	; (10001ebc <sleep_us+0x4c>)
10001eae:	213f      	movs	r1, #63	; 0x3f
10001eb0:	4803      	ldr	r0, [pc, #12]	; (10001ec0 <sleep_us+0x50>)
10001eb2:	f000 fe15 	bl	10002ae0 <__assert_func>
10001eb6:	46c0      	nop			; (mov r8, r8)
10001eb8:	1000aecc 	.word	0x1000aecc
10001ebc:	1000b274 	.word	0x1000b274
10001ec0:	1000aee8 	.word	0x1000aee8
10001ec4:	7fffffff 	.word	0x7fffffff

10001ec8 <sleep_ms>:
10001ec8:	b510      	push	{r4, lr}
10001eca:	22fa      	movs	r2, #250	; 0xfa
10001ecc:	0092      	lsls	r2, r2, #2
10001ece:	2300      	movs	r3, #0
10001ed0:	2100      	movs	r1, #0
10001ed2:	f002 ff17 	bl	10004d04 <__wrap___aeabi_lmul>
10001ed6:	f7ff ffcb 	bl	10001e70 <sleep_us>
10001eda:	bd10      	pop	{r4, pc}

10001edc <best_effort_wfe_or_timeout>:
10001edc:	b570      	push	{r4, r5, r6, lr}
10001ede:	b084      	sub	sp, #16
10001ee0:	0005      	movs	r5, r0
10001ee2:	000c      	movs	r4, r1
10001ee4:	f3ef 8305 	mrs	r3, IPSR
10001ee8:	2b00      	cmp	r3, #0
10001eea:	d11e      	bne.n	10001f2a <best_effort_wfe_or_timeout+0x4e>
10001eec:	f7ff fdfa 	bl	10001ae4 <alarm_pool_get_default>
10001ef0:	2300      	movs	r3, #0
10001ef2:	9302      	str	r3, [sp, #8]
10001ef4:	9301      	str	r3, [sp, #4]
10001ef6:	4b22      	ldr	r3, [pc, #136]	; (10001f80 <best_effort_wfe_or_timeout+0xa4>)
10001ef8:	9300      	str	r3, [sp, #0]
10001efa:	002a      	movs	r2, r5
10001efc:	0023      	movs	r3, r4
10001efe:	f7ff fe07 	bl	10001b10 <alarm_pool_add_alarm_at>
10001f02:	1e06      	subs	r6, r0, #0
10001f04:	dd23      	ble.n	10001f4e <best_effort_wfe_or_timeout+0x72>
10001f06:	bf20      	wfe
10001f08:	f7ff fdec 	bl	10001ae4 <alarm_pool_get_default>
10001f0c:	0031      	movs	r1, r6
10001f0e:	f7ff feb3 	bl	10001c78 <alarm_pool_cancel_alarm>
10001f12:	4b1c      	ldr	r3, [pc, #112]	; (10001f84 <best_effort_wfe_or_timeout+0xa8>)
10001f14:	6a5b      	ldr	r3, [r3, #36]	; 0x24
10001f16:	429c      	cmp	r4, r3
10001f18:	d82d      	bhi.n	10001f76 <best_effort_wfe_or_timeout+0x9a>
10001f1a:	4a1a      	ldr	r2, [pc, #104]	; (10001f84 <best_effort_wfe_or_timeout+0xa8>)
10001f1c:	6a92      	ldr	r2, [r2, #40]	; 0x28
10001f1e:	42aa      	cmp	r2, r5
10001f20:	d22c      	bcs.n	10001f7c <best_effort_wfe_or_timeout+0xa0>
10001f22:	429c      	cmp	r4, r3
10001f24:	d025      	beq.n	10001f72 <best_effort_wfe_or_timeout+0x96>
10001f26:	2001      	movs	r0, #1
10001f28:	e026      	b.n	10001f78 <best_effort_wfe_or_timeout+0x9c>
10001f2a:	4b16      	ldr	r3, [pc, #88]	; (10001f84 <best_effort_wfe_or_timeout+0xa8>)
10001f2c:	6a5b      	ldr	r3, [r3, #36]	; 0x24
10001f2e:	4299      	cmp	r1, r3
10001f30:	d809      	bhi.n	10001f46 <best_effort_wfe_or_timeout+0x6a>
10001f32:	4a14      	ldr	r2, [pc, #80]	; (10001f84 <best_effort_wfe_or_timeout+0xa8>)
10001f34:	6a92      	ldr	r2, [r2, #40]	; 0x28
10001f36:	4282      	cmp	r2, r0
10001f38:	d207      	bcs.n	10001f4a <best_effort_wfe_or_timeout+0x6e>
10001f3a:	4299      	cmp	r1, r3
10001f3c:	d001      	beq.n	10001f42 <best_effort_wfe_or_timeout+0x66>
10001f3e:	2001      	movs	r0, #1
10001f40:	e01a      	b.n	10001f78 <best_effort_wfe_or_timeout+0x9c>
10001f42:	2000      	movs	r0, #0
10001f44:	e018      	b.n	10001f78 <best_effort_wfe_or_timeout+0x9c>
10001f46:	2000      	movs	r0, #0
10001f48:	e016      	b.n	10001f78 <best_effort_wfe_or_timeout+0x9c>
10001f4a:	2001      	movs	r0, #1
10001f4c:	e014      	b.n	10001f78 <best_effort_wfe_or_timeout+0x9c>
10001f4e:	4b0d      	ldr	r3, [pc, #52]	; (10001f84 <best_effort_wfe_or_timeout+0xa8>)
10001f50:	6a5b      	ldr	r3, [r3, #36]	; 0x24
10001f52:	429c      	cmp	r4, r3
10001f54:	d809      	bhi.n	10001f6a <best_effort_wfe_or_timeout+0x8e>
10001f56:	4a0b      	ldr	r2, [pc, #44]	; (10001f84 <best_effort_wfe_or_timeout+0xa8>)
10001f58:	6a92      	ldr	r2, [r2, #40]	; 0x28
10001f5a:	42aa      	cmp	r2, r5
10001f5c:	d207      	bcs.n	10001f6e <best_effort_wfe_or_timeout+0x92>
10001f5e:	429c      	cmp	r4, r3
10001f60:	d001      	beq.n	10001f66 <best_effort_wfe_or_timeout+0x8a>
10001f62:	2001      	movs	r0, #1
10001f64:	e008      	b.n	10001f78 <best_effort_wfe_or_timeout+0x9c>
10001f66:	2000      	movs	r0, #0
10001f68:	e006      	b.n	10001f78 <best_effort_wfe_or_timeout+0x9c>
10001f6a:	2000      	movs	r0, #0
10001f6c:	e004      	b.n	10001f78 <best_effort_wfe_or_timeout+0x9c>
10001f6e:	2001      	movs	r0, #1
10001f70:	e002      	b.n	10001f78 <best_effort_wfe_or_timeout+0x9c>
10001f72:	2000      	movs	r0, #0
10001f74:	e000      	b.n	10001f78 <best_effort_wfe_or_timeout+0x9c>
10001f76:	2000      	movs	r0, #0
10001f78:	b004      	add	sp, #16
10001f7a:	bd70      	pop	{r4, r5, r6, pc}
10001f7c:	2001      	movs	r0, #1
10001f7e:	e7fb      	b.n	10001f78 <best_effort_wfe_or_timeout+0x9c>
10001f80:	10001465 	.word	0x10001465
10001f84:	40054000 	.word	0x40054000

10001f88 <hardware_alarm_irq_handler>:
10001f88:	b570      	push	{r4, r5, r6, lr}
10001f8a:	f3ef 8005 	mrs	r0, IPSR
10001f8e:	3810      	subs	r0, #16
10001f90:	f3ef 8c10 	mrs	ip, PRIMASK
10001f94:	b672      	cpsid	i
10001f96:	4b1a      	ldr	r3, [pc, #104]	; (10002000 <hardware_alarm_irq_handler+0x78>)
10001f98:	681b      	ldr	r3, [r3, #0]
10001f9a:	2b00      	cmp	r3, #0
10001f9c:	d0fb      	beq.n	10001f96 <hardware_alarm_irq_handler+0xe>
10001f9e:	f3bf 8f5f 	dmb	sy
10001fa2:	2201      	movs	r2, #1
10001fa4:	0013      	movs	r3, r2
10001fa6:	4083      	lsls	r3, r0
10001fa8:	4916      	ldr	r1, [pc, #88]	; (10002004 <hardware_alarm_irq_handler+0x7c>)
10001faa:	634b      	str	r3, [r1, #52]	; 0x34
10001fac:	4916      	ldr	r1, [pc, #88]	; (10002008 <hardware_alarm_irq_handler+0x80>)
10001fae:	600b      	str	r3, [r1, #0]
10001fb0:	4916      	ldr	r1, [pc, #88]	; (1000200c <hardware_alarm_irq_handler+0x84>)
10001fb2:	7809      	ldrb	r1, [r1, #0]
10001fb4:	000c      	movs	r4, r1
10001fb6:	40c4      	lsrs	r4, r0
10001fb8:	4222      	tst	r2, r4
10001fba:	d014      	beq.n	10001fe6 <hardware_alarm_irq_handler+0x5e>
10001fbc:	4a11      	ldr	r2, [pc, #68]	; (10002004 <hardware_alarm_irq_handler+0x7c>)
10001fbe:	6a54      	ldr	r4, [r2, #36]	; 0x24
10001fc0:	0082      	lsls	r2, r0, #2
10001fc2:	4d13      	ldr	r5, [pc, #76]	; (10002010 <hardware_alarm_irq_handler+0x88>)
10001fc4:	5952      	ldr	r2, [r2, r5]
10001fc6:	4294      	cmp	r4, r2
10001fc8:	d306      	bcc.n	10001fd8 <hardware_alarm_irq_handler+0x50>
10001fca:	0082      	lsls	r2, r0, #2
10001fcc:	4c11      	ldr	r4, [pc, #68]	; (10002014 <hardware_alarm_irq_handler+0x8c>)
10001fce:	5912      	ldr	r2, [r2, r4]
10001fd0:	4399      	bics	r1, r3
10001fd2:	4b0e      	ldr	r3, [pc, #56]	; (1000200c <hardware_alarm_irq_handler+0x84>)
10001fd4:	7019      	strb	r1, [r3, #0]
10001fd6:	e007      	b.n	10001fe8 <hardware_alarm_irq_handler+0x60>
10001fd8:	4a0a      	ldr	r2, [pc, #40]	; (10002004 <hardware_alarm_irq_handler+0x7c>)
10001fda:	1d03      	adds	r3, r0, #4
10001fdc:	009b      	lsls	r3, r3, #2
10001fde:	5899      	ldr	r1, [r3, r2]
10001fe0:	5099      	str	r1, [r3, r2]
10001fe2:	2200      	movs	r2, #0
10001fe4:	e000      	b.n	10001fe8 <hardware_alarm_irq_handler+0x60>
10001fe6:	2200      	movs	r2, #0
10001fe8:	f3bf 8f5f 	dmb	sy
10001fec:	4b04      	ldr	r3, [pc, #16]	; (10002000 <hardware_alarm_irq_handler+0x78>)
10001fee:	2100      	movs	r1, #0
10001ff0:	6019      	str	r1, [r3, #0]
10001ff2:	f38c 8810 	msr	PRIMASK, ip
10001ff6:	2a00      	cmp	r2, #0
10001ff8:	d000      	beq.n	10001ffc <hardware_alarm_irq_handler+0x74>
10001ffa:	4790      	blx	r2
10001ffc:	bd70      	pop	{r4, r5, r6, pc}
10001ffe:	46c0      	nop			; (mov r8, r8)
10002000:	d0000128 	.word	0xd0000128
10002004:	40054000 	.word	0x40054000
10002008:	4005703c 	.word	0x4005703c
1000200c:	2000254a 	.word	0x2000254a
10002010:	20002520 	.word	0x20002520
10002014:	20001d18 	.word	0x20001d18

10002018 <hardware_alarm_claim>:
10002018:	b510      	push	{r4, lr}
1000201a:	0001      	movs	r1, r0
1000201c:	4a02      	ldr	r2, [pc, #8]	; (10002028 <hardware_alarm_claim+0x10>)
1000201e:	4803      	ldr	r0, [pc, #12]	; (1000202c <hardware_alarm_claim+0x14>)
10002020:	f7fe fe06 	bl	10000c30 <hw_claim_or_assert>
10002024:	bd10      	pop	{r4, pc}
10002026:	46c0      	nop			; (mov r8, r8)
10002028:	1000b338 	.word	0x1000b338
1000202c:	20002544 	.word	0x20002544

10002030 <time_us_64>:
10002030:	4b04      	ldr	r3, [pc, #16]	; (10002044 <time_us_64+0x14>)
10002032:	6a5b      	ldr	r3, [r3, #36]	; 0x24
10002034:	4a03      	ldr	r2, [pc, #12]	; (10002044 <time_us_64+0x14>)
10002036:	6a90      	ldr	r0, [r2, #40]	; 0x28
10002038:	0019      	movs	r1, r3
1000203a:	6a53      	ldr	r3, [r2, #36]	; 0x24
1000203c:	4299      	cmp	r1, r3
1000203e:	d1f9      	bne.n	10002034 <time_us_64+0x4>
10002040:	4770      	bx	lr
10002042:	46c0      	nop			; (mov r8, r8)
10002044:	40054000 	.word	0x40054000

10002048 <busy_wait_until>:
10002048:	4b08      	ldr	r3, [pc, #32]	; (1000206c <busy_wait_until+0x24>)
1000204a:	6a5b      	ldr	r3, [r3, #36]	; 0x24
1000204c:	e001      	b.n	10002052 <busy_wait_until+0xa>
1000204e:	4b07      	ldr	r3, [pc, #28]	; (1000206c <busy_wait_until+0x24>)
10002050:	6a5b      	ldr	r3, [r3, #36]	; 0x24
10002052:	428b      	cmp	r3, r1
10002054:	d3fb      	bcc.n	1000204e <busy_wait_until+0x6>
10002056:	e001      	b.n	1000205c <busy_wait_until+0x14>
10002058:	4b04      	ldr	r3, [pc, #16]	; (1000206c <busy_wait_until+0x24>)
1000205a:	6a5b      	ldr	r3, [r3, #36]	; 0x24
1000205c:	428b      	cmp	r3, r1
1000205e:	d103      	bne.n	10002068 <busy_wait_until+0x20>
10002060:	4b02      	ldr	r3, [pc, #8]	; (1000206c <busy_wait_until+0x24>)
10002062:	6a9b      	ldr	r3, [r3, #40]	; 0x28
10002064:	4283      	cmp	r3, r0
10002066:	d3f7      	bcc.n	10002058 <busy_wait_until+0x10>
10002068:	4770      	bx	lr
1000206a:	46c0      	nop			; (mov r8, r8)
1000206c:	40054000 	.word	0x40054000

10002070 <hardware_alarm_set_callback>:
10002070:	b570      	push	{r4, r5, r6, lr}
10002072:	0004      	movs	r4, r0
10002074:	000d      	movs	r5, r1
10002076:	f3ef 8610 	mrs	r6, PRIMASK
1000207a:	b672      	cpsid	i
1000207c:	4b1b      	ldr	r3, [pc, #108]	; (100020ec <hardware_alarm_set_callback+0x7c>)
1000207e:	681b      	ldr	r3, [r3, #0]
10002080:	2b00      	cmp	r3, #0
10002082:	d0fb      	beq.n	1000207c <hardware_alarm_set_callback+0xc>
10002084:	f3bf 8f5f 	dmb	sy
10002088:	2d00      	cmp	r5, #0
1000208a:	d01c      	beq.n	100020c6 <hardware_alarm_set_callback+0x56>
1000208c:	0020      	movs	r0, r4
1000208e:	f7fe fec3 	bl	10000e18 <irq_get_vtable_handler>
10002092:	4b17      	ldr	r3, [pc, #92]	; (100020f0 <hardware_alarm_set_callback+0x80>)
10002094:	4283      	cmp	r3, r0
10002096:	d00b      	beq.n	100020b0 <hardware_alarm_set_callback+0x40>
10002098:	0019      	movs	r1, r3
1000209a:	0020      	movs	r0, r4
1000209c:	f7fe fed6 	bl	10000e4c <irq_set_exclusive_handler>
100020a0:	2101      	movs	r1, #1
100020a2:	0020      	movs	r0, r4
100020a4:	f7fe fea8 	bl	10000df8 <irq_set_enabled>
100020a8:	2301      	movs	r3, #1
100020aa:	40a3      	lsls	r3, r4
100020ac:	4a11      	ldr	r2, [pc, #68]	; (100020f4 <hardware_alarm_set_callback+0x84>)
100020ae:	6013      	str	r3, [r2, #0]
100020b0:	00a4      	lsls	r4, r4, #2
100020b2:	4b11      	ldr	r3, [pc, #68]	; (100020f8 <hardware_alarm_set_callback+0x88>)
100020b4:	50e5      	str	r5, [r4, r3]
100020b6:	f3bf 8f5f 	dmb	sy
100020ba:	4b0c      	ldr	r3, [pc, #48]	; (100020ec <hardware_alarm_set_callback+0x7c>)
100020bc:	2200      	movs	r2, #0
100020be:	601a      	str	r2, [r3, #0]
100020c0:	f386 8810 	msr	PRIMASK, r6
100020c4:	bd70      	pop	{r4, r5, r6, pc}
100020c6:	00a2      	lsls	r2, r4, #2
100020c8:	4b0b      	ldr	r3, [pc, #44]	; (100020f8 <hardware_alarm_set_callback+0x88>)
100020ca:	2100      	movs	r1, #0
100020cc:	50d1      	str	r1, [r2, r3]
100020ce:	2201      	movs	r2, #1
100020d0:	40a2      	lsls	r2, r4
100020d2:	490a      	ldr	r1, [pc, #40]	; (100020fc <hardware_alarm_set_callback+0x8c>)
100020d4:	780b      	ldrb	r3, [r1, #0]
100020d6:	4393      	bics	r3, r2
100020d8:	700b      	strb	r3, [r1, #0]
100020da:	4905      	ldr	r1, [pc, #20]	; (100020f0 <hardware_alarm_set_callback+0x80>)
100020dc:	0020      	movs	r0, r4
100020de:	f7fe fff9 	bl	100010d4 <irq_remove_handler>
100020e2:	2100      	movs	r1, #0
100020e4:	0020      	movs	r0, r4
100020e6:	f7fe fe87 	bl	10000df8 <irq_set_enabled>
100020ea:	e7e4      	b.n	100020b6 <hardware_alarm_set_callback+0x46>
100020ec:	d0000128 	.word	0xd0000128
100020f0:	10001f89 	.word	0x10001f89
100020f4:	40056038 	.word	0x40056038
100020f8:	20001d18 	.word	0x20001d18
100020fc:	2000254a 	.word	0x2000254a

10002100 <hardware_alarm_set_target>:
10002100:	b5f0      	push	{r4, r5, r6, r7, lr}
10002102:	46de      	mov	lr, fp
10002104:	b500      	push	{lr}
10002106:	b084      	sub	sp, #16
10002108:	0004      	movs	r4, r0
1000210a:	0015      	movs	r5, r2
1000210c:	9201      	str	r2, [sp, #4]
1000210e:	001e      	movs	r6, r3
10002110:	9302      	str	r3, [sp, #8]
10002112:	f7ff ff8d 	bl	10002030 <time_us_64>
10002116:	9503      	str	r5, [sp, #12]
10002118:	428e      	cmp	r6, r1
1000211a:	d802      	bhi.n	10002122 <hardware_alarm_set_target+0x22>
1000211c:	d14e      	bne.n	100021bc <hardware_alarm_set_target+0xbc>
1000211e:	4285      	cmp	r5, r0
10002120:	d94c      	bls.n	100021bc <hardware_alarm_set_target+0xbc>
10002122:	f3ef 8b10 	mrs	fp, PRIMASK
10002126:	b672      	cpsid	i
10002128:	4b27      	ldr	r3, [pc, #156]	; (100021c8 <hardware_alarm_set_target+0xc8>)
1000212a:	681b      	ldr	r3, [r3, #0]
1000212c:	2b00      	cmp	r3, #0
1000212e:	d0fb      	beq.n	10002128 <hardware_alarm_set_target+0x28>
10002130:	f3bf 8f5f 	dmb	sy
10002134:	4a25      	ldr	r2, [pc, #148]	; (100021cc <hardware_alarm_set_target+0xcc>)
10002136:	7817      	ldrb	r7, [r2, #0]
10002138:	2501      	movs	r5, #1
1000213a:	40a5      	lsls	r5, r4
1000213c:	b2eb      	uxtb	r3, r5
1000213e:	433b      	orrs	r3, r7
10002140:	7013      	strb	r3, [r2, #0]
10002142:	4b23      	ldr	r3, [pc, #140]	; (100021d0 <hardware_alarm_set_target+0xd0>)
10002144:	635d      	str	r5, [r3, #52]	; 0x34
10002146:	1d22      	adds	r2, r4, #4
10002148:	0092      	lsls	r2, r2, #2
1000214a:	9901      	ldr	r1, [sp, #4]
1000214c:	50d1      	str	r1, [r2, r3]
1000214e:	00a2      	lsls	r2, r4, #2
10002150:	4920      	ldr	r1, [pc, #128]	; (100021d4 <hardware_alarm_set_target+0xd4>)
10002152:	9802      	ldr	r0, [sp, #8]
10002154:	5050      	str	r0, [r2, r1]
10002156:	6a1b      	ldr	r3, [r3, #32]
10002158:	422b      	tst	r3, r5
1000215a:	d112      	bne.n	10002182 <hardware_alarm_set_target+0x82>
1000215c:	4b1c      	ldr	r3, [pc, #112]	; (100021d0 <hardware_alarm_set_target+0xd0>)
1000215e:	6c1b      	ldr	r3, [r3, #64]	; 0x40
10002160:	422b      	tst	r3, r5
10002162:	d008      	beq.n	10002176 <hardware_alarm_set_target+0x76>
10002164:	2000      	movs	r0, #0
10002166:	f3bf 8f5f 	dmb	sy
1000216a:	4b17      	ldr	r3, [pc, #92]	; (100021c8 <hardware_alarm_set_target+0xc8>)
1000216c:	2200      	movs	r2, #0
1000216e:	601a      	str	r2, [r3, #0]
10002170:	f38b 8810 	msr	PRIMASK, fp
10002174:	e023      	b.n	100021be <hardware_alarm_set_target+0xbe>
10002176:	4b18      	ldr	r3, [pc, #96]	; (100021d8 <hardware_alarm_set_target+0xd8>)
10002178:	4a18      	ldr	r2, [pc, #96]	; (100021dc <hardware_alarm_set_target+0xdc>)
1000217a:	21c5      	movs	r1, #197	; 0xc5
1000217c:	4818      	ldr	r0, [pc, #96]	; (100021e0 <hardware_alarm_set_target+0xe0>)
1000217e:	f000 fcaf 	bl	10002ae0 <__assert_func>
10002182:	f7ff ff55 	bl	10002030 <time_us_64>
10002186:	428e      	cmp	r6, r1
10002188:	d814      	bhi.n	100021b4 <hardware_alarm_set_target+0xb4>
1000218a:	d102      	bne.n	10002192 <hardware_alarm_set_target+0x92>
1000218c:	9b03      	ldr	r3, [sp, #12]
1000218e:	4283      	cmp	r3, r0
10002190:	d810      	bhi.n	100021b4 <hardware_alarm_set_target+0xb4>
10002192:	4b0e      	ldr	r3, [pc, #56]	; (100021cc <hardware_alarm_set_target+0xcc>)
10002194:	781b      	ldrb	r3, [r3, #0]
10002196:	42bb      	cmp	r3, r7
10002198:	d00e      	beq.n	100021b8 <hardware_alarm_set_target+0xb8>
1000219a:	4b0d      	ldr	r3, [pc, #52]	; (100021d0 <hardware_alarm_set_target+0xd0>)
1000219c:	621d      	str	r5, [r3, #32]
1000219e:	635d      	str	r5, [r3, #52]	; 0x34
100021a0:	201f      	movs	r0, #31
100021a2:	4004      	ands	r4, r0
100021a4:	2301      	movs	r3, #1
100021a6:	40a3      	lsls	r3, r4
100021a8:	4a0e      	ldr	r2, [pc, #56]	; (100021e4 <hardware_alarm_set_target+0xe4>)
100021aa:	6013      	str	r3, [r2, #0]
100021ac:	4b07      	ldr	r3, [pc, #28]	; (100021cc <hardware_alarm_set_target+0xcc>)
100021ae:	701f      	strb	r7, [r3, #0]
100021b0:	381e      	subs	r0, #30
100021b2:	e7d8      	b.n	10002166 <hardware_alarm_set_target+0x66>
100021b4:	2000      	movs	r0, #0
100021b6:	e7d6      	b.n	10002166 <hardware_alarm_set_target+0x66>
100021b8:	2001      	movs	r0, #1
100021ba:	e7d4      	b.n	10002166 <hardware_alarm_set_target+0x66>
100021bc:	2001      	movs	r0, #1
100021be:	b004      	add	sp, #16
100021c0:	bc80      	pop	{r7}
100021c2:	46bb      	mov	fp, r7
100021c4:	bdf0      	pop	{r4, r5, r6, r7, pc}
100021c6:	46c0      	nop			; (mov r8, r8)
100021c8:	d0000128 	.word	0xd0000128
100021cc:	2000254a 	.word	0x2000254a
100021d0:	40054000 	.word	0x40054000
100021d4:	20002520 	.word	0x20002520
100021d8:	1000b35c 	.word	0x1000b35c
100021dc:	1000b3e0 	.word	0x1000b3e0
100021e0:	1000b380 	.word	0x1000b380
100021e4:	e000e280 	.word	0xe000e280

100021e8 <hardware_alarm_cancel>:
100021e8:	f3ef 8c10 	mrs	ip, PRIMASK
100021ec:	b672      	cpsid	i
100021ee:	4b0b      	ldr	r3, [pc, #44]	; (1000221c <hardware_alarm_cancel+0x34>)
100021f0:	681b      	ldr	r3, [r3, #0]
100021f2:	2b00      	cmp	r3, #0
100021f4:	d0fb      	beq.n	100021ee <hardware_alarm_cancel+0x6>
100021f6:	f3bf 8f5f 	dmb	sy
100021fa:	2301      	movs	r3, #1
100021fc:	4083      	lsls	r3, r0
100021fe:	4a08      	ldr	r2, [pc, #32]	; (10002220 <hardware_alarm_cancel+0x38>)
10002200:	6213      	str	r3, [r2, #32]
10002202:	4908      	ldr	r1, [pc, #32]	; (10002224 <hardware_alarm_cancel+0x3c>)
10002204:	780a      	ldrb	r2, [r1, #0]
10002206:	439a      	bics	r2, r3
10002208:	700a      	strb	r2, [r1, #0]
1000220a:	f3bf 8f5f 	dmb	sy
1000220e:	4b03      	ldr	r3, [pc, #12]	; (1000221c <hardware_alarm_cancel+0x34>)
10002210:	2200      	movs	r2, #0
10002212:	601a      	str	r2, [r3, #0]
10002214:	f38c 8810 	msr	PRIMASK, ip
10002218:	4770      	bx	lr
1000221a:	46c0      	nop			; (mov r8, r8)
1000221c:	d0000128 	.word	0xd0000128
10002220:	40054000 	.word	0x40054000
10002224:	2000254a 	.word	0x2000254a

10002228 <ph_add_child_node>:
10002228:	b510      	push	{r4, lr}
1000222a:	2900      	cmp	r1, #0
1000222c:	d01e      	beq.n	1000226c <ph_add_child_node+0x44>
1000222e:	7b03      	ldrb	r3, [r0, #12]
10002230:	4299      	cmp	r1, r3
10002232:	d81b      	bhi.n	1000226c <ph_add_child_node+0x44>
10002234:	004b      	lsls	r3, r1, #1
10002236:	185b      	adds	r3, r3, r1
10002238:	3b03      	subs	r3, #3
1000223a:	6804      	ldr	r4, [r0, #0]
1000223c:	46a4      	mov	ip, r4
1000223e:	4463      	add	r3, ip
10002240:	2900      	cmp	r1, #0
10002242:	d019      	beq.n	10002278 <ph_add_child_node+0x50>
10002244:	2a00      	cmp	r2, #0
10002246:	d01d      	beq.n	10002284 <ph_add_child_node+0x5c>
10002248:	4291      	cmp	r1, r2
1000224a:	d021      	beq.n	10002290 <ph_add_child_node+0x68>
1000224c:	2a00      	cmp	r2, #0
1000224e:	d025      	beq.n	1000229c <ph_add_child_node+0x74>
10002250:	7b04      	ldrb	r4, [r0, #12]
10002252:	42a2      	cmp	r2, r4
10002254:	d822      	bhi.n	1000229c <ph_add_child_node+0x74>
10002256:	6804      	ldr	r4, [r0, #0]
10002258:	0050      	lsls	r0, r2, #1
1000225a:	1880      	adds	r0, r0, r2
1000225c:	3803      	subs	r0, #3
1000225e:	1820      	adds	r0, r4, r0
10002260:	7081      	strb	r1, [r0, #2]
10002262:	7819      	ldrb	r1, [r3, #0]
10002264:	2900      	cmp	r1, #0
10002266:	d11f      	bne.n	100022a8 <ph_add_child_node+0x80>
10002268:	701a      	strb	r2, [r3, #0]
1000226a:	bd10      	pop	{r4, pc}
1000226c:	4b10      	ldr	r3, [pc, #64]	; (100022b0 <ph_add_child_node+0x88>)
1000226e:	4a11      	ldr	r2, [pc, #68]	; (100022b4 <ph_add_child_node+0x8c>)
10002270:	2168      	movs	r1, #104	; 0x68
10002272:	4811      	ldr	r0, [pc, #68]	; (100022b8 <ph_add_child_node+0x90>)
10002274:	f000 fc34 	bl	10002ae0 <__assert_func>
10002278:	4b10      	ldr	r3, [pc, #64]	; (100022bc <ph_add_child_node+0x94>)
1000227a:	4a11      	ldr	r2, [pc, #68]	; (100022c0 <ph_add_child_node+0x98>)
1000227c:	316f      	adds	r1, #111	; 0x6f
1000227e:	480e      	ldr	r0, [pc, #56]	; (100022b8 <ph_add_child_node+0x90>)
10002280:	f000 fc2e 	bl	10002ae0 <__assert_func>
10002284:	4b0f      	ldr	r3, [pc, #60]	; (100022c4 <ph_add_child_node+0x9c>)
10002286:	4a0e      	ldr	r2, [pc, #56]	; (100022c0 <ph_add_child_node+0x98>)
10002288:	2170      	movs	r1, #112	; 0x70
1000228a:	480b      	ldr	r0, [pc, #44]	; (100022b8 <ph_add_child_node+0x90>)
1000228c:	f000 fc28 	bl	10002ae0 <__assert_func>
10002290:	4b0d      	ldr	r3, [pc, #52]	; (100022c8 <ph_add_child_node+0xa0>)
10002292:	4a0b      	ldr	r2, [pc, #44]	; (100022c0 <ph_add_child_node+0x98>)
10002294:	2171      	movs	r1, #113	; 0x71
10002296:	4808      	ldr	r0, [pc, #32]	; (100022b8 <ph_add_child_node+0x90>)
10002298:	f000 fc22 	bl	10002ae0 <__assert_func>
1000229c:	4b04      	ldr	r3, [pc, #16]	; (100022b0 <ph_add_child_node+0x88>)
1000229e:	4a05      	ldr	r2, [pc, #20]	; (100022b4 <ph_add_child_node+0x8c>)
100022a0:	2168      	movs	r1, #104	; 0x68
100022a2:	4805      	ldr	r0, [pc, #20]	; (100022b8 <ph_add_child_node+0x90>)
100022a4:	f000 fc1c 	bl	10002ae0 <__assert_func>
100022a8:	7041      	strb	r1, [r0, #1]
100022aa:	701a      	strb	r2, [r3, #0]
100022ac:	e7dd      	b.n	1000226a <ph_add_child_node+0x42>
100022ae:	46c0      	nop			; (mov r8, r8)
100022b0:	1000b04c 	.word	0x1000b04c
100022b4:	1000b504 	.word	0x1000b504
100022b8:	1000b068 	.word	0x1000b068
100022bc:	1000b0d0 	.word	0x1000b0d0
100022c0:	1000b4f0 	.word	0x1000b4f0
100022c4:	1000b0dc 	.word	0x1000b0dc
100022c8:	1000b0e8 	.word	0x1000b0e8

100022cc <ph_merge_nodes>:
100022cc:	b570      	push	{r4, r5, r6, lr}
100022ce:	0006      	movs	r6, r0
100022d0:	000d      	movs	r5, r1
100022d2:	0014      	movs	r4, r2
100022d4:	2900      	cmp	r1, #0
100022d6:	d014      	beq.n	10002302 <ph_merge_nodes+0x36>
100022d8:	2a00      	cmp	r2, #0
100022da:	d014      	beq.n	10002306 <ph_merge_nodes+0x3a>
100022dc:	6880      	ldr	r0, [r0, #8]
100022de:	6873      	ldr	r3, [r6, #4]
100022e0:	4798      	blx	r3
100022e2:	2800      	cmp	r0, #0
100022e4:	d006      	beq.n	100022f4 <ph_merge_nodes+0x28>
100022e6:	0022      	movs	r2, r4
100022e8:	0029      	movs	r1, r5
100022ea:	0030      	movs	r0, r6
100022ec:	f7ff ff9c 	bl	10002228 <ph_add_child_node>
100022f0:	0028      	movs	r0, r5
100022f2:	e007      	b.n	10002304 <ph_merge_nodes+0x38>
100022f4:	002a      	movs	r2, r5
100022f6:	0021      	movs	r1, r4
100022f8:	0030      	movs	r0, r6
100022fa:	f7ff ff95 	bl	10002228 <ph_add_child_node>
100022fe:	0020      	movs	r0, r4
10002300:	e000      	b.n	10002304 <ph_merge_nodes+0x38>
10002302:	0010      	movs	r0, r2
10002304:	bd70      	pop	{r4, r5, r6, pc}
10002306:	0008      	movs	r0, r1
10002308:	e7fc      	b.n	10002304 <ph_merge_nodes+0x38>
	...

1000230c <ph_clear>:
1000230c:	b510      	push	{r4, lr}
1000230e:	2300      	movs	r3, #0
10002310:	7343      	strb	r3, [r0, #13]
10002312:	3301      	adds	r3, #1
10002314:	7383      	strb	r3, [r0, #14]
10002316:	7b03      	ldrb	r3, [r0, #12]
10002318:	73c3      	strb	r3, [r0, #15]
1000231a:	2301      	movs	r3, #1
1000231c:	7b02      	ldrb	r2, [r0, #12]
1000231e:	429a      	cmp	r2, r3
10002320:	d914      	bls.n	1000234c <ph_clear+0x40>
10002322:	2b00      	cmp	r3, #0
10002324:	d00c      	beq.n	10002340 <ph_clear+0x34>
10002326:	7b02      	ldrb	r2, [r0, #12]
10002328:	4293      	cmp	r3, r2
1000232a:	d809      	bhi.n	10002340 <ph_clear+0x34>
1000232c:	005a      	lsls	r2, r3, #1
1000232e:	18d2      	adds	r2, r2, r3
10002330:	3a03      	subs	r2, #3
10002332:	6801      	ldr	r1, [r0, #0]
10002334:	468c      	mov	ip, r1
10002336:	4462      	add	r2, ip
10002338:	3301      	adds	r3, #1
1000233a:	b2db      	uxtb	r3, r3
1000233c:	7053      	strb	r3, [r2, #1]
1000233e:	e7ed      	b.n	1000231c <ph_clear+0x10>
10002340:	4b0b      	ldr	r3, [pc, #44]	; (10002370 <ph_clear+0x64>)
10002342:	4a0c      	ldr	r2, [pc, #48]	; (10002374 <ph_clear+0x68>)
10002344:	2168      	movs	r1, #104	; 0x68
10002346:	480c      	ldr	r0, [pc, #48]	; (10002378 <ph_clear+0x6c>)
10002348:	f000 fbca 	bl	10002ae0 <__assert_func>
1000234c:	2a00      	cmp	r2, #0
1000234e:	d009      	beq.n	10002364 <ph_clear+0x58>
10002350:	4292      	cmp	r2, r2
10002352:	d807      	bhi.n	10002364 <ph_clear+0x58>
10002354:	6801      	ldr	r1, [r0, #0]
10002356:	0053      	lsls	r3, r2, #1
10002358:	189a      	adds	r2, r3, r2
1000235a:	3a03      	subs	r2, #3
1000235c:	188a      	adds	r2, r1, r2
1000235e:	2300      	movs	r3, #0
10002360:	7053      	strb	r3, [r2, #1]
10002362:	bd10      	pop	{r4, pc}
10002364:	4b02      	ldr	r3, [pc, #8]	; (10002370 <ph_clear+0x64>)
10002366:	4a03      	ldr	r2, [pc, #12]	; (10002374 <ph_clear+0x68>)
10002368:	2168      	movs	r1, #104	; 0x68
1000236a:	4803      	ldr	r0, [pc, #12]	; (10002378 <ph_clear+0x6c>)
1000236c:	f000 fbb8 	bl	10002ae0 <__assert_func>
10002370:	1000b04c 	.word	0x1000b04c
10002374:	1000b504 	.word	0x1000b504
10002378:	1000b068 	.word	0x1000b068

1000237c <ph_post_alloc_init>:
1000237c:	b510      	push	{r4, lr}
1000237e:	7301      	strb	r1, [r0, #12]
10002380:	6042      	str	r2, [r0, #4]
10002382:	6083      	str	r3, [r0, #8]
10002384:	f7ff ffc2 	bl	1000230c <ph_clear>
10002388:	bd10      	pop	{r4, pc}
	...

1000238c <ph_merge_two_pass>:
1000238c:	b570      	push	{r4, r5, r6, lr}
1000238e:	0004      	movs	r4, r0
10002390:	1e08      	subs	r0, r1, #0
10002392:	d100      	bne.n	10002396 <ph_merge_two_pass+0xa>
10002394:	bd70      	pop	{r4, r5, r6, pc}
10002396:	2900      	cmp	r1, #0
10002398:	d034      	beq.n	10002404 <ph_merge_two_pass+0x78>
1000239a:	7b23      	ldrb	r3, [r4, #12]
1000239c:	4299      	cmp	r1, r3
1000239e:	d831      	bhi.n	10002404 <ph_merge_two_pass+0x78>
100023a0:	004b      	lsls	r3, r1, #1
100023a2:	185b      	adds	r3, r3, r1
100023a4:	3b03      	subs	r3, #3
100023a6:	6822      	ldr	r2, [r4, #0]
100023a8:	4694      	mov	ip, r2
100023aa:	4463      	add	r3, ip
100023ac:	785a      	ldrb	r2, [r3, #1]
100023ae:	2a00      	cmp	r2, #0
100023b0:	d0f0      	beq.n	10002394 <ph_merge_two_pass+0x8>
100023b2:	d02d      	beq.n	10002410 <ph_merge_two_pass+0x84>
100023b4:	7b23      	ldrb	r3, [r4, #12]
100023b6:	429a      	cmp	r2, r3
100023b8:	d82a      	bhi.n	10002410 <ph_merge_two_pass+0x84>
100023ba:	0053      	lsls	r3, r2, #1
100023bc:	189b      	adds	r3, r3, r2
100023be:	3b03      	subs	r3, #3
100023c0:	6821      	ldr	r1, [r4, #0]
100023c2:	468c      	mov	ip, r1
100023c4:	4463      	add	r3, ip
100023c6:	785d      	ldrb	r5, [r3, #1]
100023c8:	2100      	movs	r1, #0
100023ca:	7059      	strb	r1, [r3, #1]
100023cc:	2800      	cmp	r0, #0
100023ce:	d025      	beq.n	1000241c <ph_merge_two_pass+0x90>
100023d0:	7b23      	ldrb	r3, [r4, #12]
100023d2:	4298      	cmp	r0, r3
100023d4:	d822      	bhi.n	1000241c <ph_merge_two_pass+0x90>
100023d6:	0043      	lsls	r3, r0, #1
100023d8:	181b      	adds	r3, r3, r0
100023da:	3b03      	subs	r3, #3
100023dc:	6821      	ldr	r1, [r4, #0]
100023de:	468c      	mov	ip, r1
100023e0:	4463      	add	r3, ip
100023e2:	2100      	movs	r1, #0
100023e4:	7059      	strb	r1, [r3, #1]
100023e6:	0001      	movs	r1, r0
100023e8:	0020      	movs	r0, r4
100023ea:	f7ff ff6f 	bl	100022cc <ph_merge_nodes>
100023ee:	0006      	movs	r6, r0
100023f0:	0029      	movs	r1, r5
100023f2:	0020      	movs	r0, r4
100023f4:	f7ff ffca 	bl	1000238c <ph_merge_two_pass>
100023f8:	0002      	movs	r2, r0
100023fa:	0031      	movs	r1, r6
100023fc:	0020      	movs	r0, r4
100023fe:	f7ff ff65 	bl	100022cc <ph_merge_nodes>
10002402:	e7c7      	b.n	10002394 <ph_merge_two_pass+0x8>
10002404:	4b08      	ldr	r3, [pc, #32]	; (10002428 <ph_merge_two_pass+0x9c>)
10002406:	4a09      	ldr	r2, [pc, #36]	; (1000242c <ph_merge_two_pass+0xa0>)
10002408:	2168      	movs	r1, #104	; 0x68
1000240a:	4809      	ldr	r0, [pc, #36]	; (10002430 <ph_merge_two_pass+0xa4>)
1000240c:	f000 fb68 	bl	10002ae0 <__assert_func>
10002410:	4b05      	ldr	r3, [pc, #20]	; (10002428 <ph_merge_two_pass+0x9c>)
10002412:	4a06      	ldr	r2, [pc, #24]	; (1000242c <ph_merge_two_pass+0xa0>)
10002414:	2168      	movs	r1, #104	; 0x68
10002416:	4806      	ldr	r0, [pc, #24]	; (10002430 <ph_merge_two_pass+0xa4>)
10002418:	f000 fb62 	bl	10002ae0 <__assert_func>
1000241c:	4b02      	ldr	r3, [pc, #8]	; (10002428 <ph_merge_two_pass+0x9c>)
1000241e:	4a03      	ldr	r2, [pc, #12]	; (1000242c <ph_merge_two_pass+0xa0>)
10002420:	2168      	movs	r1, #104	; 0x68
10002422:	4803      	ldr	r0, [pc, #12]	; (10002430 <ph_merge_two_pass+0xa4>)
10002424:	f000 fb5c 	bl	10002ae0 <__assert_func>
10002428:	1000b04c 	.word	0x1000b04c
1000242c:	1000b504 	.word	0x1000b504
10002430:	1000b068 	.word	0x1000b068

10002434 <ph_remove_any_head>:
10002434:	b570      	push	{r4, r5, r6, lr}
10002436:	0005      	movs	r5, r0
10002438:	000c      	movs	r4, r1
1000243a:	0016      	movs	r6, r2
1000243c:	2900      	cmp	r1, #0
1000243e:	d02f      	beq.n	100024a0 <ph_remove_any_head+0x6c>
10002440:	d034      	beq.n	100024ac <ph_remove_any_head+0x78>
10002442:	7b03      	ldrb	r3, [r0, #12]
10002444:	4299      	cmp	r1, r3
10002446:	d831      	bhi.n	100024ac <ph_remove_any_head+0x78>
10002448:	004b      	lsls	r3, r1, #1
1000244a:	185b      	adds	r3, r3, r1
1000244c:	3b03      	subs	r3, #3
1000244e:	6802      	ldr	r2, [r0, #0]
10002450:	4694      	mov	ip, r2
10002452:	4463      	add	r3, ip
10002454:	785a      	ldrb	r2, [r3, #1]
10002456:	2a00      	cmp	r2, #0
10002458:	d12e      	bne.n	100024b8 <ph_remove_any_head+0x84>
1000245a:	789a      	ldrb	r2, [r3, #2]
1000245c:	2a00      	cmp	r2, #0
1000245e:	d131      	bne.n	100024c4 <ph_remove_any_head+0x90>
10002460:	7819      	ldrb	r1, [r3, #0]
10002462:	f7ff ff93 	bl	1000238c <ph_merge_two_pass>
10002466:	0003      	movs	r3, r0
10002468:	2e00      	cmp	r6, #0
1000246a:	d00a      	beq.n	10002482 <ph_remove_any_head+0x4e>
1000246c:	7bea      	ldrb	r2, [r5, #15]
1000246e:	2a00      	cmp	r2, #0
10002470:	d12e      	bne.n	100024d0 <ph_remove_any_head+0x9c>
10002472:	7baa      	ldrb	r2, [r5, #14]
10002474:	2a00      	cmp	r2, #0
10002476:	d103      	bne.n	10002480 <ph_remove_any_head+0x4c>
10002478:	7bea      	ldrb	r2, [r5, #15]
1000247a:	2a00      	cmp	r2, #0
1000247c:	d13b      	bne.n	100024f6 <ph_remove_any_head+0xc2>
1000247e:	73ac      	strb	r4, [r5, #14]
10002480:	73ec      	strb	r4, [r5, #15]
10002482:	2b00      	cmp	r3, #0
10002484:	d13d      	bne.n	10002502 <ph_remove_any_head+0xce>
10002486:	2c00      	cmp	r4, #0
10002488:	d04f      	beq.n	1000252a <ph_remove_any_head+0xf6>
1000248a:	7b2b      	ldrb	r3, [r5, #12]
1000248c:	429c      	cmp	r4, r3
1000248e:	d84c      	bhi.n	1000252a <ph_remove_any_head+0xf6>
10002490:	682b      	ldr	r3, [r5, #0]
10002492:	0061      	lsls	r1, r4, #1
10002494:	190c      	adds	r4, r1, r4
10002496:	3c03      	subs	r4, #3
10002498:	191c      	adds	r4, r3, r4
1000249a:	2300      	movs	r3, #0
1000249c:	7063      	strb	r3, [r4, #1]
1000249e:	bd70      	pop	{r4, r5, r6, pc}
100024a0:	4b25      	ldr	r3, [pc, #148]	; (10002538 <ph_remove_any_head+0x104>)
100024a2:	4a26      	ldr	r2, [pc, #152]	; (1000253c <ph_remove_any_head+0x108>)
100024a4:	2138      	movs	r1, #56	; 0x38
100024a6:	4826      	ldr	r0, [pc, #152]	; (10002540 <ph_remove_any_head+0x10c>)
100024a8:	f000 fb1a 	bl	10002ae0 <__assert_func>
100024ac:	4b25      	ldr	r3, [pc, #148]	; (10002544 <ph_remove_any_head+0x110>)
100024ae:	4a26      	ldr	r2, [pc, #152]	; (10002548 <ph_remove_any_head+0x114>)
100024b0:	2168      	movs	r1, #104	; 0x68
100024b2:	4826      	ldr	r0, [pc, #152]	; (1000254c <ph_remove_any_head+0x118>)
100024b4:	f000 fb14 	bl	10002ae0 <__assert_func>
100024b8:	4b25      	ldr	r3, [pc, #148]	; (10002550 <ph_remove_any_head+0x11c>)
100024ba:	4a20      	ldr	r2, [pc, #128]	; (1000253c <ph_remove_any_head+0x108>)
100024bc:	213a      	movs	r1, #58	; 0x3a
100024be:	4820      	ldr	r0, [pc, #128]	; (10002540 <ph_remove_any_head+0x10c>)
100024c0:	f000 fb0e 	bl	10002ae0 <__assert_func>
100024c4:	4b23      	ldr	r3, [pc, #140]	; (10002554 <ph_remove_any_head+0x120>)
100024c6:	4a1d      	ldr	r2, [pc, #116]	; (1000253c <ph_remove_any_head+0x108>)
100024c8:	213b      	movs	r1, #59	; 0x3b
100024ca:	481d      	ldr	r0, [pc, #116]	; (10002540 <ph_remove_any_head+0x10c>)
100024cc:	f000 fb08 	bl	10002ae0 <__assert_func>
100024d0:	2a00      	cmp	r2, #0
100024d2:	d00a      	beq.n	100024ea <ph_remove_any_head+0xb6>
100024d4:	7b29      	ldrb	r1, [r5, #12]
100024d6:	428a      	cmp	r2, r1
100024d8:	d807      	bhi.n	100024ea <ph_remove_any_head+0xb6>
100024da:	0051      	lsls	r1, r2, #1
100024dc:	188a      	adds	r2, r1, r2
100024de:	3a03      	subs	r2, #3
100024e0:	6829      	ldr	r1, [r5, #0]
100024e2:	468c      	mov	ip, r1
100024e4:	4462      	add	r2, ip
100024e6:	7054      	strb	r4, [r2, #1]
100024e8:	e7c3      	b.n	10002472 <ph_remove_any_head+0x3e>
100024ea:	4b16      	ldr	r3, [pc, #88]	; (10002544 <ph_remove_any_head+0x110>)
100024ec:	4a16      	ldr	r2, [pc, #88]	; (10002548 <ph_remove_any_head+0x114>)
100024ee:	2168      	movs	r1, #104	; 0x68
100024f0:	4816      	ldr	r0, [pc, #88]	; (1000254c <ph_remove_any_head+0x118>)
100024f2:	f000 faf5 	bl	10002ae0 <__assert_func>
100024f6:	4b18      	ldr	r3, [pc, #96]	; (10002558 <ph_remove_any_head+0x124>)
100024f8:	4a10      	ldr	r2, [pc, #64]	; (1000253c <ph_remove_any_head+0x108>)
100024fa:	2142      	movs	r1, #66	; 0x42
100024fc:	4810      	ldr	r0, [pc, #64]	; (10002540 <ph_remove_any_head+0x10c>)
100024fe:	f000 faef 	bl	10002ae0 <__assert_func>
10002502:	2b00      	cmp	r3, #0
10002504:	d00b      	beq.n	1000251e <ph_remove_any_head+0xea>
10002506:	7b2a      	ldrb	r2, [r5, #12]
10002508:	4293      	cmp	r3, r2
1000250a:	d808      	bhi.n	1000251e <ph_remove_any_head+0xea>
1000250c:	0043      	lsls	r3, r0, #1
1000250e:	181b      	adds	r3, r3, r0
10002510:	3b03      	subs	r3, #3
10002512:	682a      	ldr	r2, [r5, #0]
10002514:	4694      	mov	ip, r2
10002516:	4463      	add	r3, ip
10002518:	2200      	movs	r2, #0
1000251a:	709a      	strb	r2, [r3, #2]
1000251c:	e7b3      	b.n	10002486 <ph_remove_any_head+0x52>
1000251e:	4b09      	ldr	r3, [pc, #36]	; (10002544 <ph_remove_any_head+0x110>)
10002520:	4a09      	ldr	r2, [pc, #36]	; (10002548 <ph_remove_any_head+0x114>)
10002522:	2168      	movs	r1, #104	; 0x68
10002524:	4809      	ldr	r0, [pc, #36]	; (1000254c <ph_remove_any_head+0x118>)
10002526:	f000 fadb 	bl	10002ae0 <__assert_func>
1000252a:	4b06      	ldr	r3, [pc, #24]	; (10002544 <ph_remove_any_head+0x110>)
1000252c:	4a06      	ldr	r2, [pc, #24]	; (10002548 <ph_remove_any_head+0x114>)
1000252e:	2168      	movs	r1, #104	; 0x68
10002530:	4806      	ldr	r0, [pc, #24]	; (1000254c <ph_remove_any_head+0x118>)
10002532:	f000 fad5 	bl	10002ae0 <__assert_func>
10002536:	46c0      	nop			; (mov r8, r8)
10002538:	1000b3fc 	.word	0x1000b3fc
1000253c:	1000b4dc 	.word	0x1000b4dc
10002540:	1000b404 	.word	0x1000b404
10002544:	1000b04c 	.word	0x1000b04c
10002548:	1000b504 	.word	0x1000b504
1000254c:	1000b068 	.word	0x1000b068
10002550:	1000b458 	.word	0x1000b458
10002554:	1000b480 	.word	0x1000b480
10002558:	1000b1ac 	.word	0x1000b1ac

1000255c <ph_remove_head>:
1000255c:	b570      	push	{r4, r5, r6, lr}
1000255e:	0004      	movs	r4, r0
10002560:	000a      	movs	r2, r1
10002562:	7b45      	ldrb	r5, [r0, #13]
10002564:	0029      	movs	r1, r5
10002566:	f7ff ff65 	bl	10002434 <ph_remove_any_head>
1000256a:	7360      	strb	r0, [r4, #13]
1000256c:	0028      	movs	r0, r5
1000256e:	bd70      	pop	{r4, r5, r6, pc}

10002570 <ph_remove_and_free_node>:
10002570:	b570      	push	{r4, r5, r6, lr}
10002572:	0004      	movs	r4, r0
10002574:	2900      	cmp	r1, #0
10002576:	d067      	beq.n	10002648 <ph_remove_and_free_node+0xd8>
10002578:	7b43      	ldrb	r3, [r0, #13]
1000257a:	428b      	cmp	r3, r1
1000257c:	d00e      	beq.n	1000259c <ph_remove_and_free_node+0x2c>
1000257e:	2900      	cmp	r1, #0
10002580:	d011      	beq.n	100025a6 <ph_remove_and_free_node+0x36>
10002582:	7b03      	ldrb	r3, [r0, #12]
10002584:	4299      	cmp	r1, r3
10002586:	d80e      	bhi.n	100025a6 <ph_remove_and_free_node+0x36>
10002588:	004b      	lsls	r3, r1, #1
1000258a:	185b      	adds	r3, r3, r1
1000258c:	3b03      	subs	r3, #3
1000258e:	6802      	ldr	r2, [r0, #0]
10002590:	18d0      	adds	r0, r2, r3
10002592:	7883      	ldrb	r3, [r0, #2]
10002594:	2b00      	cmp	r3, #0
10002596:	d10c      	bne.n	100025b2 <ph_remove_and_free_node+0x42>
10002598:	2000      	movs	r0, #0
1000259a:	e056      	b.n	1000264a <ph_remove_and_free_node+0xda>
1000259c:	2101      	movs	r1, #1
1000259e:	f7ff ffdd 	bl	1000255c <ph_remove_head>
100025a2:	2001      	movs	r0, #1
100025a4:	e051      	b.n	1000264a <ph_remove_and_free_node+0xda>
100025a6:	4b29      	ldr	r3, [pc, #164]	; (1000264c <ph_remove_and_free_node+0xdc>)
100025a8:	4a29      	ldr	r2, [pc, #164]	; (10002650 <ph_remove_and_free_node+0xe0>)
100025aa:	2168      	movs	r1, #104	; 0x68
100025ac:	4829      	ldr	r0, [pc, #164]	; (10002654 <ph_remove_and_free_node+0xe4>)
100025ae:	f000 fa97 	bl	10002ae0 <__assert_func>
100025b2:	2b00      	cmp	r3, #0
100025b4:	d020      	beq.n	100025f8 <ph_remove_and_free_node+0x88>
100025b6:	7b22      	ldrb	r2, [r4, #12]
100025b8:	4293      	cmp	r3, r2
100025ba:	d81d      	bhi.n	100025f8 <ph_remove_and_free_node+0x88>
100025bc:	005a      	lsls	r2, r3, #1
100025be:	18d3      	adds	r3, r2, r3
100025c0:	3b03      	subs	r3, #3
100025c2:	6822      	ldr	r2, [r4, #0]
100025c4:	18d2      	adds	r2, r2, r3
100025c6:	6825      	ldr	r5, [r4, #0]
100025c8:	5ceb      	ldrb	r3, [r5, r3]
100025ca:	428b      	cmp	r3, r1
100025cc:	d01a      	beq.n	10002604 <ph_remove_and_free_node+0x94>
100025ce:	2b00      	cmp	r3, #0
100025d0:	d01b      	beq.n	1000260a <ph_remove_and_free_node+0x9a>
100025d2:	7b22      	ldrb	r2, [r4, #12]
100025d4:	4293      	cmp	r3, r2
100025d6:	d818      	bhi.n	1000260a <ph_remove_and_free_node+0x9a>
100025d8:	005a      	lsls	r2, r3, #1
100025da:	18d3      	adds	r3, r2, r3
100025dc:	3b03      	subs	r3, #3
100025de:	6822      	ldr	r2, [r4, #0]
100025e0:	18d2      	adds	r2, r2, r3
100025e2:	7853      	ldrb	r3, [r2, #1]
100025e4:	428b      	cmp	r3, r1
100025e6:	d016      	beq.n	10002616 <ph_remove_and_free_node+0xa6>
100025e8:	2b00      	cmp	r3, #0
100025ea:	d1f0      	bne.n	100025ce <ph_remove_and_free_node+0x5e>
100025ec:	4b1a      	ldr	r3, [pc, #104]	; (10002658 <ph_remove_and_free_node+0xe8>)
100025ee:	4a1b      	ldr	r2, [pc, #108]	; (1000265c <ph_remove_and_free_node+0xec>)
100025f0:	216b      	movs	r1, #107	; 0x6b
100025f2:	481b      	ldr	r0, [pc, #108]	; (10002660 <ph_remove_and_free_node+0xf0>)
100025f4:	f000 fa74 	bl	10002ae0 <__assert_func>
100025f8:	4b14      	ldr	r3, [pc, #80]	; (1000264c <ph_remove_and_free_node+0xdc>)
100025fa:	4a15      	ldr	r2, [pc, #84]	; (10002650 <ph_remove_and_free_node+0xe0>)
100025fc:	2168      	movs	r1, #104	; 0x68
100025fe:	4815      	ldr	r0, [pc, #84]	; (10002654 <ph_remove_and_free_node+0xe4>)
10002600:	f000 fa6e 	bl	10002ae0 <__assert_func>
10002604:	7843      	ldrb	r3, [r0, #1]
10002606:	7013      	strb	r3, [r2, #0]
10002608:	e007      	b.n	1000261a <ph_remove_and_free_node+0xaa>
1000260a:	4b10      	ldr	r3, [pc, #64]	; (1000264c <ph_remove_and_free_node+0xdc>)
1000260c:	4a10      	ldr	r2, [pc, #64]	; (10002650 <ph_remove_and_free_node+0xe0>)
1000260e:	2168      	movs	r1, #104	; 0x68
10002610:	4810      	ldr	r0, [pc, #64]	; (10002654 <ph_remove_and_free_node+0xe4>)
10002612:	f000 fa65 	bl	10002ae0 <__assert_func>
10002616:	7843      	ldrb	r3, [r0, #1]
10002618:	7053      	strb	r3, [r2, #1]
1000261a:	2300      	movs	r3, #0
1000261c:	7083      	strb	r3, [r0, #2]
1000261e:	7043      	strb	r3, [r0, #1]
10002620:	2201      	movs	r2, #1
10002622:	0020      	movs	r0, r4
10002624:	f7ff ff06 	bl	10002434 <ph_remove_any_head>
10002628:	0002      	movs	r2, r0
1000262a:	7b61      	ldrb	r1, [r4, #13]
1000262c:	4281      	cmp	r1, r0
1000262e:	d005      	beq.n	1000263c <ph_remove_and_free_node+0xcc>
10002630:	0020      	movs	r0, r4
10002632:	f7ff fe4b 	bl	100022cc <ph_merge_nodes>
10002636:	7360      	strb	r0, [r4, #13]
10002638:	2001      	movs	r0, #1
1000263a:	e006      	b.n	1000264a <ph_remove_and_free_node+0xda>
1000263c:	4b09      	ldr	r3, [pc, #36]	; (10002664 <ph_remove_and_free_node+0xf4>)
1000263e:	4a07      	ldr	r2, [pc, #28]	; (1000265c <ph_remove_and_free_node+0xec>)
10002640:	2171      	movs	r1, #113	; 0x71
10002642:	4807      	ldr	r0, [pc, #28]	; (10002660 <ph_remove_and_free_node+0xf0>)
10002644:	f000 fa4c 	bl	10002ae0 <__assert_func>
10002648:	2000      	movs	r0, #0
1000264a:	bd70      	pop	{r4, r5, r6, pc}
1000264c:	1000b04c 	.word	0x1000b04c
10002650:	1000b504 	.word	0x1000b504
10002654:	1000b068 	.word	0x1000b068
10002658:	1000ada0 	.word	0x1000ada0
1000265c:	1000b4c4 	.word	0x1000b4c4
10002660:	1000b404 	.word	0x1000b404
10002664:	1000b4a4 	.word	0x1000b4a4

10002668 <clock_configure>:
10002668:	b5f8      	push	{r3, r4, r5, r6, r7, lr}
1000266a:	46de      	mov	lr, fp
1000266c:	4657      	mov	r7, sl
1000266e:	464e      	mov	r6, r9
10002670:	4645      	mov	r5, r8
10002672:	b5e0      	push	{r5, r6, r7, lr}
10002674:	0005      	movs	r5, r0
10002676:	000f      	movs	r7, r1
10002678:	4692      	mov	sl, r2
1000267a:	9a0a      	ldr	r2, [sp, #40]	; 0x28
1000267c:	4293      	cmp	r3, r2
1000267e:	d350      	bcc.n	10002722 <clock_configure+0xba>
10002680:	0e1a      	lsrs	r2, r3, #24
10002682:	4691      	mov	r9, r2
10002684:	021e      	lsls	r6, r3, #8
10002686:	9a0a      	ldr	r2, [sp, #40]	; 0x28
10002688:	2300      	movs	r3, #0
1000268a:	0030      	movs	r0, r6
1000268c:	4649      	mov	r1, r9
1000268e:	f001 fc13 	bl	10003eb8 <__wrap___aeabi_uldivmod>
10002692:	4680      	mov	r8, r0
10002694:	006c      	lsls	r4, r5, #1
10002696:	1964      	adds	r4, r4, r5
10002698:	00a4      	lsls	r4, r4, #2
1000269a:	4b30      	ldr	r3, [pc, #192]	; (1000275c <clock_configure+0xf4>)
1000269c:	469c      	mov	ip, r3
1000269e:	4464      	add	r4, ip
100026a0:	6863      	ldr	r3, [r4, #4]
100026a2:	4283      	cmp	r3, r0
100026a4:	d200      	bcs.n	100026a8 <clock_configure+0x40>
100026a6:	6060      	str	r0, [r4, #4]
100026a8:	1f2b      	subs	r3, r5, #4
100026aa:	b2db      	uxtb	r3, r3
100026ac:	469b      	mov	fp, r3
100026ae:	2b01      	cmp	r3, #1
100026b0:	d93d      	bls.n	1000272e <clock_configure+0xc6>
100026b2:	23c0      	movs	r3, #192	; 0xc0
100026b4:	019b      	lsls	r3, r3, #6
100026b6:	4323      	orrs	r3, r4
100026b8:	2280      	movs	r2, #128	; 0x80
100026ba:	0112      	lsls	r2, r2, #4
100026bc:	601a      	str	r2, [r3, #0]
100026be:	00ab      	lsls	r3, r5, #2
100026c0:	4a27      	ldr	r2, [pc, #156]	; (10002760 <clock_configure+0xf8>)
100026c2:	5899      	ldr	r1, [r3, r2]
100026c4:	2900      	cmp	r1, #0
100026c6:	d007      	beq.n	100026d8 <clock_configure+0x70>
100026c8:	6950      	ldr	r0, [r2, #20]
100026ca:	f001 fbb7 	bl	10003e3c <__wrap___aeabi_uidiv>
100026ce:	1c43      	adds	r3, r0, #1
100026d0:	0058      	lsls	r0, r3, #1
100026d2:	18c0      	adds	r0, r0, r3
100026d4:	3803      	subs	r0, #3
100026d6:	d2fd      	bcs.n	100026d4 <clock_configure+0x6c>
100026d8:	4653      	mov	r3, sl
100026da:	015a      	lsls	r2, r3, #5
100026dc:	6823      	ldr	r3, [r4, #0]
100026de:	405a      	eors	r2, r3
100026e0:	23e0      	movs	r3, #224	; 0xe0
100026e2:	401a      	ands	r2, r3
100026e4:	2380      	movs	r3, #128	; 0x80
100026e6:	015b      	lsls	r3, r3, #5
100026e8:	4323      	orrs	r3, r4
100026ea:	601a      	str	r2, [r3, #0]
100026ec:	465a      	mov	r2, fp
100026ee:	2a01      	cmp	r2, #1
100026f0:	d928      	bls.n	10002744 <clock_configure+0xdc>
100026f2:	2380      	movs	r3, #128	; 0x80
100026f4:	019b      	lsls	r3, r3, #6
100026f6:	4323      	orrs	r3, r4
100026f8:	2280      	movs	r2, #128	; 0x80
100026fa:	0112      	lsls	r2, r2, #4
100026fc:	601a      	str	r2, [r3, #0]
100026fe:	4643      	mov	r3, r8
10002700:	6063      	str	r3, [r4, #4]
10002702:	4642      	mov	r2, r8
10002704:	2300      	movs	r3, #0
10002706:	0030      	movs	r0, r6
10002708:	4649      	mov	r1, r9
1000270a:	f001 fbd5 	bl	10003eb8 <__wrap___aeabi_uldivmod>
1000270e:	00ad      	lsls	r5, r5, #2
10002710:	4b13      	ldr	r3, [pc, #76]	; (10002760 <clock_configure+0xf8>)
10002712:	5158      	str	r0, [r3, r5]
10002714:	2001      	movs	r0, #1
10002716:	bcf0      	pop	{r4, r5, r6, r7}
10002718:	46bb      	mov	fp, r7
1000271a:	46b2      	mov	sl, r6
1000271c:	46a9      	mov	r9, r5
1000271e:	46a0      	mov	r8, r4
10002720:	bdf8      	pop	{r3, r4, r5, r6, r7, pc}
10002722:	4b10      	ldr	r3, [pc, #64]	; (10002764 <clock_configure+0xfc>)
10002724:	4a10      	ldr	r2, [pc, #64]	; (10002768 <clock_configure+0x100>)
10002726:	2133      	movs	r1, #51	; 0x33
10002728:	4810      	ldr	r0, [pc, #64]	; (1000276c <clock_configure+0x104>)
1000272a:	f000 f9d9 	bl	10002ae0 <__assert_func>
1000272e:	2f01      	cmp	r7, #1
10002730:	d1bf      	bne.n	100026b2 <clock_configure+0x4a>
10002732:	23c0      	movs	r3, #192	; 0xc0
10002734:	019b      	lsls	r3, r3, #6
10002736:	4323      	orrs	r3, r4
10002738:	2203      	movs	r2, #3
1000273a:	601a      	str	r2, [r3, #0]
1000273c:	68a3      	ldr	r3, [r4, #8]
1000273e:	07db      	lsls	r3, r3, #31
10002740:	d5fc      	bpl.n	1000273c <clock_configure+0xd4>
10002742:	e7c9      	b.n	100026d8 <clock_configure+0x70>
10002744:	6821      	ldr	r1, [r4, #0]
10002746:	4079      	eors	r1, r7
10002748:	2203      	movs	r2, #3
1000274a:	400a      	ands	r2, r1
1000274c:	601a      	str	r2, [r3, #0]
1000274e:	68a2      	ldr	r2, [r4, #8]
10002750:	2301      	movs	r3, #1
10002752:	40bb      	lsls	r3, r7
10002754:	4213      	tst	r3, r2
10002756:	d0fa      	beq.n	1000274e <clock_configure+0xe6>
10002758:	e7cb      	b.n	100026f2 <clock_configure+0x8a>
1000275a:	46c0      	nop			; (mov r8, r8)
1000275c:	40008000 	.word	0x40008000
10002760:	20001e3c 	.word	0x20001e3c
10002764:	1000b510 	.word	0x1000b510
10002768:	1000b584 	.word	0x1000b584
1000276c:	1000b524 	.word	0x1000b524

10002770 <clocks_init>:
10002770:	b530      	push	{r4, r5, lr}
10002772:	b083      	sub	sp, #12
10002774:	200c      	movs	r0, #12
10002776:	f000 f90b 	bl	10002990 <watchdog_start_tick>
1000277a:	f7fe fa39 	bl	10000bf0 <running_on_fpga>
1000277e:	2800      	cmp	r0, #0
10002780:	d00d      	beq.n	1000279e <clocks_init+0x2e>
10002782:	2300      	movs	r3, #0
10002784:	e004      	b.n	10002790 <clocks_init+0x20>
10002786:	0099      	lsls	r1, r3, #2
10002788:	4a2d      	ldr	r2, [pc, #180]	; (10002840 <clocks_init+0xd0>)
1000278a:	482e      	ldr	r0, [pc, #184]	; (10002844 <clocks_init+0xd4>)
1000278c:	5088      	str	r0, [r1, r2]
1000278e:	3301      	adds	r3, #1
10002790:	2b09      	cmp	r3, #9
10002792:	d9f8      	bls.n	10002786 <clocks_init+0x16>
10002794:	4b2a      	ldr	r3, [pc, #168]	; (10002840 <clocks_init+0xd0>)
10002796:	4a2c      	ldr	r2, [pc, #176]	; (10002848 <clocks_init+0xd8>)
10002798:	625a      	str	r2, [r3, #36]	; 0x24
1000279a:	b003      	add	sp, #12
1000279c:	bd30      	pop	{r4, r5, pc}
1000279e:	4b2b      	ldr	r3, [pc, #172]	; (1000284c <clocks_init+0xdc>)
100027a0:	2200      	movs	r2, #0
100027a2:	679a      	str	r2, [r3, #120]	; 0x78
100027a4:	f000 f966 	bl	10002a74 <xosc_init>
100027a8:	4b29      	ldr	r3, [pc, #164]	; (10002850 <clocks_init+0xe0>)
100027aa:	2201      	movs	r2, #1
100027ac:	601a      	str	r2, [r3, #0]
100027ae:	4b27      	ldr	r3, [pc, #156]	; (1000284c <clocks_init+0xdc>)
100027b0:	6c5b      	ldr	r3, [r3, #68]	; 0x44
100027b2:	2b01      	cmp	r3, #1
100027b4:	d1fb      	bne.n	100027ae <clocks_init+0x3e>
100027b6:	4b27      	ldr	r3, [pc, #156]	; (10002854 <clocks_init+0xe4>)
100027b8:	2203      	movs	r2, #3
100027ba:	601a      	str	r2, [r3, #0]
100027bc:	4b23      	ldr	r3, [pc, #140]	; (1000284c <clocks_init+0xdc>)
100027be:	6b9b      	ldr	r3, [r3, #56]	; 0x38
100027c0:	2b01      	cmp	r3, #1
100027c2:	d1fb      	bne.n	100027bc <clocks_init+0x4c>
100027c4:	3301      	adds	r3, #1
100027c6:	9300      	str	r3, [sp, #0]
100027c8:	3304      	adds	r3, #4
100027ca:	4a23      	ldr	r2, [pc, #140]	; (10002858 <clocks_init+0xe8>)
100027cc:	2101      	movs	r1, #1
100027ce:	4823      	ldr	r0, [pc, #140]	; (1000285c <clocks_init+0xec>)
100027d0:	f000 f84e 	bl	10002870 <pll_init>
100027d4:	2305      	movs	r3, #5
100027d6:	9300      	str	r3, [sp, #0]
100027d8:	4a21      	ldr	r2, [pc, #132]	; (10002860 <clocks_init+0xf0>)
100027da:	2101      	movs	r1, #1
100027dc:	4821      	ldr	r0, [pc, #132]	; (10002864 <clocks_init+0xf4>)
100027de:	f000 f847 	bl	10002870 <pll_init>
100027e2:	4b21      	ldr	r3, [pc, #132]	; (10002868 <clocks_init+0xf8>)
100027e4:	9300      	str	r3, [sp, #0]
100027e6:	2200      	movs	r2, #0
100027e8:	2102      	movs	r1, #2
100027ea:	2004      	movs	r0, #4
100027ec:	f7ff ff3c 	bl	10002668 <clock_configure>
100027f0:	4d1e      	ldr	r5, [pc, #120]	; (1000286c <clocks_init+0xfc>)
100027f2:	9500      	str	r5, [sp, #0]
100027f4:	002b      	movs	r3, r5
100027f6:	2200      	movs	r2, #0
100027f8:	2101      	movs	r1, #1
100027fa:	2005      	movs	r0, #5
100027fc:	f7ff ff34 	bl	10002668 <clock_configure>
10002800:	4c10      	ldr	r4, [pc, #64]	; (10002844 <clocks_init+0xd4>)
10002802:	9400      	str	r4, [sp, #0]
10002804:	0023      	movs	r3, r4
10002806:	2200      	movs	r2, #0
10002808:	2100      	movs	r1, #0
1000280a:	2007      	movs	r0, #7
1000280c:	f7ff ff2c 	bl	10002668 <clock_configure>
10002810:	9400      	str	r4, [sp, #0]
10002812:	0023      	movs	r3, r4
10002814:	2200      	movs	r2, #0
10002816:	2100      	movs	r1, #0
10002818:	2008      	movs	r0, #8
1000281a:	f7ff ff25 	bl	10002668 <clock_configure>
1000281e:	4b0a      	ldr	r3, [pc, #40]	; (10002848 <clocks_init+0xd8>)
10002820:	9300      	str	r3, [sp, #0]
10002822:	0023      	movs	r3, r4
10002824:	2200      	movs	r2, #0
10002826:	2100      	movs	r1, #0
10002828:	2009      	movs	r0, #9
1000282a:	f7ff ff1d 	bl	10002668 <clock_configure>
1000282e:	9500      	str	r5, [sp, #0]
10002830:	002b      	movs	r3, r5
10002832:	2200      	movs	r2, #0
10002834:	2100      	movs	r1, #0
10002836:	2006      	movs	r0, #6
10002838:	f7ff ff16 	bl	10002668 <clock_configure>
1000283c:	e7ad      	b.n	1000279a <clocks_init+0x2a>
1000283e:	46c0      	nop			; (mov r8, r8)
10002840:	20001e3c 	.word	0x20001e3c
10002844:	02dc6c00 	.word	0x02dc6c00
10002848:	0000b71b 	.word	0x0000b71b
1000284c:	40008000 	.word	0x40008000
10002850:	4000b03c 	.word	0x4000b03c
10002854:	4000b030 	.word	0x4000b030
10002858:	59682f00 	.word	0x59682f00
1000285c:	40028000 	.word	0x40028000
10002860:	47868c00 	.word	0x47868c00
10002864:	4002c000 	.word	0x4002c000
10002868:	00b71b00 	.word	0x00b71b00
1000286c:	07735940 	.word	0x07735940

10002870 <pll_init>:
10002870:	b5f0      	push	{r4, r5, r6, r7, lr}
10002872:	46c6      	mov	lr, r8
10002874:	b500      	push	{lr}
10002876:	0004      	movs	r4, r0
10002878:	000e      	movs	r6, r1
1000287a:	0017      	movs	r7, r2
1000287c:	001d      	movs	r5, r3
1000287e:	4837      	ldr	r0, [pc, #220]	; (1000295c <pll_init+0xec>)
10002880:	f001 fadc 	bl	10003e3c <__wrap___aeabi_uidiv>
10002884:	4680      	mov	r8, r0
10002886:	4b36      	ldr	r3, [pc, #216]	; (10002960 <pll_init+0xf0>)
10002888:	18fa      	adds	r2, r7, r3
1000288a:	4b36      	ldr	r3, [pc, #216]	; (10002964 <pll_init+0xf4>)
1000288c:	429a      	cmp	r2, r3
1000288e:	d839      	bhi.n	10002904 <pll_init+0x94>
10002890:	0001      	movs	r1, r0
10002892:	0038      	movs	r0, r7
10002894:	f001 fad2 	bl	10003e3c <__wrap___aeabi_uidiv>
10002898:	0002      	movs	r2, r0
1000289a:	3a10      	subs	r2, #16
1000289c:	2398      	movs	r3, #152	; 0x98
1000289e:	005b      	lsls	r3, r3, #1
100028a0:	429a      	cmp	r2, r3
100028a2:	d835      	bhi.n	10002910 <pll_init+0xa0>
100028a4:	1e6b      	subs	r3, r5, #1
100028a6:	2b06      	cmp	r3, #6
100028a8:	d838      	bhi.n	1000291c <pll_init+0xac>
100028aa:	9b06      	ldr	r3, [sp, #24]
100028ac:	3b01      	subs	r3, #1
100028ae:	2b06      	cmp	r3, #6
100028b0:	d834      	bhi.n	1000291c <pll_init+0xac>
100028b2:	093f      	lsrs	r7, r7, #4
100028b4:	4547      	cmp	r7, r8
100028b6:	d337      	bcc.n	10002928 <pll_init+0xb8>
100028b8:	042d      	lsls	r5, r5, #16
100028ba:	9b06      	ldr	r3, [sp, #24]
100028bc:	031a      	lsls	r2, r3, #12
100028be:	4315      	orrs	r5, r2
100028c0:	6823      	ldr	r3, [r4, #0]
100028c2:	2b00      	cmp	r3, #0
100028c4:	db36      	blt.n	10002934 <pll_init+0xc4>
100028c6:	4b28      	ldr	r3, [pc, #160]	; (10002968 <pll_init+0xf8>)
100028c8:	429c      	cmp	r4, r3
100028ca:	d044      	beq.n	10002956 <pll_init+0xe6>
100028cc:	2280      	movs	r2, #128	; 0x80
100028ce:	0152      	lsls	r2, r2, #5
100028d0:	4b26      	ldr	r3, [pc, #152]	; (1000296c <pll_init+0xfc>)
100028d2:	601a      	str	r2, [r3, #0]
100028d4:	4b26      	ldr	r3, [pc, #152]	; (10002970 <pll_init+0x100>)
100028d6:	601a      	str	r2, [r3, #0]
100028d8:	4b26      	ldr	r3, [pc, #152]	; (10002974 <pll_init+0x104>)
100028da:	689b      	ldr	r3, [r3, #8]
100028dc:	0011      	movs	r1, r2
100028de:	4399      	bics	r1, r3
100028e0:	d1fa      	bne.n	100028d8 <pll_init+0x68>
100028e2:	6026      	str	r6, [r4, #0]
100028e4:	60a0      	str	r0, [r4, #8]
100028e6:	1d23      	adds	r3, r4, #4
100028e8:	22c0      	movs	r2, #192	; 0xc0
100028ea:	0192      	lsls	r2, r2, #6
100028ec:	431a      	orrs	r2, r3
100028ee:	2321      	movs	r3, #33	; 0x21
100028f0:	6013      	str	r3, [r2, #0]
100028f2:	6823      	ldr	r3, [r4, #0]
100028f4:	2b00      	cmp	r3, #0
100028f6:	dafc      	bge.n	100028f2 <pll_init+0x82>
100028f8:	60e5      	str	r5, [r4, #12]
100028fa:	2308      	movs	r3, #8
100028fc:	6013      	str	r3, [r2, #0]
100028fe:	bc80      	pop	{r7}
10002900:	46b8      	mov	r8, r7
10002902:	bdf0      	pop	{r4, r5, r6, r7, pc}
10002904:	4b1c      	ldr	r3, [pc, #112]	; (10002978 <pll_init+0x108>)
10002906:	4a1d      	ldr	r2, [pc, #116]	; (1000297c <pll_init+0x10c>)
10002908:	2111      	movs	r1, #17
1000290a:	481d      	ldr	r0, [pc, #116]	; (10002980 <pll_init+0x110>)
1000290c:	f000 f8e8 	bl	10002ae0 <__assert_func>
10002910:	4b1c      	ldr	r3, [pc, #112]	; (10002984 <pll_init+0x114>)
10002912:	4a1a      	ldr	r2, [pc, #104]	; (1000297c <pll_init+0x10c>)
10002914:	2119      	movs	r1, #25
10002916:	481a      	ldr	r0, [pc, #104]	; (10002980 <pll_init+0x110>)
10002918:	f000 f8e2 	bl	10002ae0 <__assert_func>
1000291c:	4b1a      	ldr	r3, [pc, #104]	; (10002988 <pll_init+0x118>)
1000291e:	4a17      	ldr	r2, [pc, #92]	; (1000297c <pll_init+0x10c>)
10002920:	211c      	movs	r1, #28
10002922:	4817      	ldr	r0, [pc, #92]	; (10002980 <pll_init+0x110>)
10002924:	f000 f8dc 	bl	10002ae0 <__assert_func>
10002928:	4b18      	ldr	r3, [pc, #96]	; (1000298c <pll_init+0x11c>)
1000292a:	4a14      	ldr	r2, [pc, #80]	; (1000297c <pll_init+0x10c>)
1000292c:	2123      	movs	r1, #35	; 0x23
1000292e:	4814      	ldr	r0, [pc, #80]	; (10002980 <pll_init+0x110>)
10002930:	f000 f8d6 	bl	10002ae0 <__assert_func>
10002934:	6822      	ldr	r2, [r4, #0]
10002936:	233f      	movs	r3, #63	; 0x3f
10002938:	4013      	ands	r3, r2
1000293a:	42b3      	cmp	r3, r6
1000293c:	d1c3      	bne.n	100028c6 <pll_init+0x56>
1000293e:	68a3      	ldr	r3, [r4, #8]
10002940:	051b      	lsls	r3, r3, #20
10002942:	0d1b      	lsrs	r3, r3, #20
10002944:	4283      	cmp	r3, r0
10002946:	d1be      	bne.n	100028c6 <pll_init+0x56>
10002948:	68e3      	ldr	r3, [r4, #12]
1000294a:	22ee      	movs	r2, #238	; 0xee
1000294c:	02d2      	lsls	r2, r2, #11
1000294e:	4013      	ands	r3, r2
10002950:	42ab      	cmp	r3, r5
10002952:	d1b8      	bne.n	100028c6 <pll_init+0x56>
10002954:	e7d3      	b.n	100028fe <pll_init+0x8e>
10002956:	2280      	movs	r2, #128	; 0x80
10002958:	0192      	lsls	r2, r2, #6
1000295a:	e7b9      	b.n	100028d0 <pll_init+0x60>
1000295c:	00b71b00 	.word	0x00b71b00
10002960:	d34be880 	.word	0xd34be880
10002964:	32a9f880 	.word	0x32a9f880
10002968:	4002c000 	.word	0x4002c000
1000296c:	4000e000 	.word	0x4000e000
10002970:	4000f000 	.word	0x4000f000
10002974:	4000c000 	.word	0x4000c000
10002978:	1000b594 	.word	0x1000b594
1000297c:	1000b6d4 	.word	0x1000b6d4
10002980:	1000b5f4 	.word	0x1000b5f4
10002984:	1000b650 	.word	0x1000b650
10002988:	1000b66c 	.word	0x1000b66c
1000298c:	1000b6b8 	.word	0x1000b6b8

10002990 <watchdog_start_tick>:
10002990:	2380      	movs	r3, #128	; 0x80
10002992:	009b      	lsls	r3, r3, #2
10002994:	4303      	orrs	r3, r0
10002996:	4a01      	ldr	r2, [pc, #4]	; (1000299c <watchdog_start_tick+0xc>)
10002998:	62d3      	str	r3, [r2, #44]	; 0x2c
1000299a:	4770      	bx	lr
1000299c:	40058000 	.word	0x40058000

100029a0 <watchdog_update>:
100029a0:	4b02      	ldr	r3, [pc, #8]	; (100029ac <watchdog_update+0xc>)
100029a2:	681a      	ldr	r2, [r3, #0]
100029a4:	4b02      	ldr	r3, [pc, #8]	; (100029b0 <watchdog_update+0x10>)
100029a6:	605a      	str	r2, [r3, #4]
100029a8:	4770      	bx	lr
100029aa:	46c0      	nop			; (mov r8, r8)
100029ac:	200022e0 	.word	0x200022e0
100029b0:	40058000 	.word	0x40058000

100029b4 <_watchdog_enable>:
100029b4:	b510      	push	{r4, lr}
100029b6:	0002      	movs	r2, r0
100029b8:	4b16      	ldr	r3, [pc, #88]	; (10002a14 <_watchdog_enable+0x60>)
100029ba:	2080      	movs	r0, #128	; 0x80
100029bc:	05c0      	lsls	r0, r0, #23
100029be:	6018      	str	r0, [r3, #0]
100029c0:	4b15      	ldr	r3, [pc, #84]	; (10002a18 <_watchdog_enable+0x64>)
100029c2:	4816      	ldr	r0, [pc, #88]	; (10002a1c <_watchdog_enable+0x68>)
100029c4:	6018      	str	r0, [r3, #0]
100029c6:	2900      	cmp	r1, #0
100029c8:	d00a      	beq.n	100029e0 <_watchdog_enable+0x2c>
100029ca:	4b15      	ldr	r3, [pc, #84]	; (10002a20 <_watchdog_enable+0x6c>)
100029cc:	21e0      	movs	r1, #224	; 0xe0
100029ce:	04c9      	lsls	r1, r1, #19
100029d0:	6019      	str	r1, [r3, #0]
100029d2:	2a00      	cmp	r2, #0
100029d4:	d109      	bne.n	100029ea <_watchdog_enable+0x36>
100029d6:	4b12      	ldr	r3, [pc, #72]	; (10002a20 <_watchdog_enable+0x6c>)
100029d8:	2280      	movs	r2, #128	; 0x80
100029da:	0612      	lsls	r2, r2, #24
100029dc:	601a      	str	r2, [r3, #0]
100029de:	bd10      	pop	{r4, pc}
100029e0:	4b0c      	ldr	r3, [pc, #48]	; (10002a14 <_watchdog_enable+0x60>)
100029e2:	21e0      	movs	r1, #224	; 0xe0
100029e4:	04c9      	lsls	r1, r1, #19
100029e6:	6019      	str	r1, [r3, #0]
100029e8:	e7f3      	b.n	100029d2 <_watchdog_enable+0x1e>
100029ea:	0153      	lsls	r3, r2, #5
100029ec:	1a9b      	subs	r3, r3, r2
100029ee:	0098      	lsls	r0, r3, #2
100029f0:	1880      	adds	r0, r0, r2
100029f2:	0100      	lsls	r0, r0, #4
100029f4:	4b0b      	ldr	r3, [pc, #44]	; (10002a24 <_watchdog_enable+0x70>)
100029f6:	6018      	str	r0, [r3, #0]
100029f8:	2380      	movs	r3, #128	; 0x80
100029fa:	045b      	lsls	r3, r3, #17
100029fc:	4298      	cmp	r0, r3
100029fe:	d302      	bcc.n	10002a06 <_watchdog_enable+0x52>
10002a00:	4b08      	ldr	r3, [pc, #32]	; (10002a24 <_watchdog_enable+0x70>)
10002a02:	4a09      	ldr	r2, [pc, #36]	; (10002a28 <_watchdog_enable+0x74>)
10002a04:	601a      	str	r2, [r3, #0]
10002a06:	f7ff ffcb 	bl	100029a0 <watchdog_update>
10002a0a:	4b05      	ldr	r3, [pc, #20]	; (10002a20 <_watchdog_enable+0x6c>)
10002a0c:	2280      	movs	r2, #128	; 0x80
10002a0e:	05d2      	lsls	r2, r2, #23
10002a10:	601a      	str	r2, [r3, #0]
10002a12:	e7e4      	b.n	100029de <_watchdog_enable+0x2a>
10002a14:	4005b000 	.word	0x4005b000
10002a18:	40012008 	.word	0x40012008
10002a1c:	0001fffc 	.word	0x0001fffc
10002a20:	4005a000 	.word	0x4005a000
10002a24:	200022e0 	.word	0x200022e0
10002a28:	00ffffff 	.word	0x00ffffff

10002a2c <watchdog_reboot>:
10002a2c:	b510      	push	{r4, lr}
10002a2e:	0003      	movs	r3, r0
10002a30:	0010      	movs	r0, r2
10002a32:	4a0c      	ldr	r2, [pc, #48]	; (10002a64 <watchdog_reboot+0x38>)
10002a34:	2480      	movs	r4, #128	; 0x80
10002a36:	05e4      	lsls	r4, r4, #23
10002a38:	6014      	str	r4, [r2, #0]
10002a3a:	2b00      	cmp	r3, #0
10002a3c:	d00d      	beq.n	10002a5a <watchdog_reboot+0x2e>
10002a3e:	2201      	movs	r2, #1
10002a40:	4313      	orrs	r3, r2
10002a42:	4a09      	ldr	r2, [pc, #36]	; (10002a68 <watchdog_reboot+0x3c>)
10002a44:	4c09      	ldr	r4, [pc, #36]	; (10002a6c <watchdog_reboot+0x40>)
10002a46:	61d4      	str	r4, [r2, #28]
10002a48:	4c09      	ldr	r4, [pc, #36]	; (10002a70 <watchdog_reboot+0x44>)
10002a4a:	405c      	eors	r4, r3
10002a4c:	6214      	str	r4, [r2, #32]
10002a4e:	6251      	str	r1, [r2, #36]	; 0x24
10002a50:	6293      	str	r3, [r2, #40]	; 0x28
10002a52:	2100      	movs	r1, #0
10002a54:	f7ff ffae 	bl	100029b4 <_watchdog_enable>
10002a58:	bd10      	pop	{r4, pc}
10002a5a:	4b03      	ldr	r3, [pc, #12]	; (10002a68 <watchdog_reboot+0x3c>)
10002a5c:	2200      	movs	r2, #0
10002a5e:	61da      	str	r2, [r3, #28]
10002a60:	e7f7      	b.n	10002a52 <watchdog_reboot+0x26>
10002a62:	46c0      	nop			; (mov r8, r8)
10002a64:	4005b000 	.word	0x4005b000
10002a68:	40058000 	.word	0x40058000
10002a6c:	b007c0d3 	.word	0xb007c0d3
10002a70:	4ff83f2d 	.word	0x4ff83f2d

10002a74 <xosc_init>:
10002a74:	4b06      	ldr	r3, [pc, #24]	; (10002a90 <xosc_init+0x1c>)
10002a76:	22aa      	movs	r2, #170	; 0xaa
10002a78:	0112      	lsls	r2, r2, #4
10002a7a:	601a      	str	r2, [r3, #0]
10002a7c:	222f      	movs	r2, #47	; 0x2f
10002a7e:	60da      	str	r2, [r3, #12]
10002a80:	4b04      	ldr	r3, [pc, #16]	; (10002a94 <xosc_init+0x20>)
10002a82:	4a05      	ldr	r2, [pc, #20]	; (10002a98 <xosc_init+0x24>)
10002a84:	601a      	str	r2, [r3, #0]
10002a86:	4b02      	ldr	r3, [pc, #8]	; (10002a90 <xosc_init+0x1c>)
10002a88:	685b      	ldr	r3, [r3, #4]
10002a8a:	2b00      	cmp	r3, #0
10002a8c:	dafb      	bge.n	10002a86 <xosc_init+0x12>
10002a8e:	4770      	bx	lr
10002a90:	40024000 	.word	0x40024000
10002a94:	40026000 	.word	0x40026000
10002a98:	00fab000 	.word	0x00fab000

10002a9c <_exit>:
10002a9c:	be00      	bkpt	0x0000
10002a9e:	e7fd      	b.n	10002a9c <_exit>

10002aa0 <_sbrk>:
10002aa0:	0003      	movs	r3, r0
10002aa2:	4a0a      	ldr	r2, [pc, #40]	; (10002acc <_sbrk+0x2c>)
10002aa4:	6812      	ldr	r2, [r2, #0]
10002aa6:	2a00      	cmp	r2, #0
10002aa8:	d008      	beq.n	10002abc <_sbrk+0x1c>
10002aaa:	4a08      	ldr	r2, [pc, #32]	; (10002acc <_sbrk+0x2c>)
10002aac:	6810      	ldr	r0, [r2, #0]
10002aae:	18c3      	adds	r3, r0, r3
10002ab0:	4a07      	ldr	r2, [pc, #28]	; (10002ad0 <_sbrk+0x30>)
10002ab2:	429a      	cmp	r2, r3
10002ab4:	d306      	bcc.n	10002ac4 <_sbrk+0x24>
10002ab6:	4a05      	ldr	r2, [pc, #20]	; (10002acc <_sbrk+0x2c>)
10002ab8:	6013      	str	r3, [r2, #0]
10002aba:	4770      	bx	lr
10002abc:	4a03      	ldr	r2, [pc, #12]	; (10002acc <_sbrk+0x2c>)
10002abe:	4905      	ldr	r1, [pc, #20]	; (10002ad4 <_sbrk+0x34>)
10002ac0:	6011      	str	r1, [r2, #0]
10002ac2:	e7f2      	b.n	10002aaa <_sbrk+0xa>
10002ac4:	2001      	movs	r0, #1
10002ac6:	4240      	negs	r0, r0
10002ac8:	e7f7      	b.n	10002aba <_sbrk+0x1a>
10002aca:	46c0      	nop			; (mov r8, r8)
10002acc:	20001edc 	.word	0x20001edc
10002ad0:	20040000 	.word	0x20040000
10002ad4:	2000254c 	.word	0x2000254c

10002ad8 <exit>:
10002ad8:	b510      	push	{r4, lr}
10002ada:	f7ff ffdf 	bl	10002a9c <_exit>
	...

10002ae0 <__assert_func>:
10002ae0:	b510      	push	{r4, lr}
10002ae2:	b082      	sub	sp, #8
10002ae4:	000c      	movs	r4, r1
10002ae6:	0019      	movs	r1, r3
10002ae8:	2a00      	cmp	r2, #0
10002aea:	d00c      	beq.n	10002b06 <__assert_func+0x26>
10002aec:	4b08      	ldr	r3, [pc, #32]	; (10002b10 <__assert_func+0x30>)
10002aee:	2a00      	cmp	r2, #0
10002af0:	d00b      	beq.n	10002b0a <__assert_func+0x2a>
10002af2:	9201      	str	r2, [sp, #4]
10002af4:	9300      	str	r3, [sp, #0]
10002af6:	0023      	movs	r3, r4
10002af8:	0002      	movs	r2, r0
10002afa:	4806      	ldr	r0, [pc, #24]	; (10002b14 <__assert_func+0x34>)
10002afc:	f002 fd26 	bl	1000554c <__wrap_printf>
10002b00:	2001      	movs	r0, #1
10002b02:	f7ff ffcb 	bl	10002a9c <_exit>
10002b06:	4b04      	ldr	r3, [pc, #16]	; (10002b18 <__assert_func+0x38>)
10002b08:	e7f1      	b.n	10002aee <__assert_func+0xe>
10002b0a:	4a03      	ldr	r2, [pc, #12]	; (10002b18 <__assert_func+0x38>)
10002b0c:	e7f1      	b.n	10002af2 <__assert_func+0x12>
10002b0e:	46c0      	nop			; (mov r8, r8)
10002b10:	1000b6e0 	.word	0x1000b6e0
10002b14:	1000b6f0 	.word	0x1000b6f0
10002b18:	1000aadc 	.word	0x1000aadc

10002b1c <runtime_init>:
10002b1c:	b570      	push	{r4, r5, r6, lr}
10002b1e:	4b2b      	ldr	r3, [pc, #172]	; (10002bcc <runtime_init+0xb0>)
10002b20:	4a2b      	ldr	r2, [pc, #172]	; (10002bd0 <runtime_init+0xb4>)
10002b22:	601a      	str	r2, [r3, #0]
10002b24:	4b2b      	ldr	r3, [pc, #172]	; (10002bd4 <runtime_init+0xb8>)
10002b26:	4a2c      	ldr	r2, [pc, #176]	; (10002bd8 <runtime_init+0xbc>)
10002b28:	601a      	str	r2, [r3, #0]
10002b2a:	4b2c      	ldr	r3, [pc, #176]	; (10002bdc <runtime_init+0xc0>)
10002b2c:	689a      	ldr	r2, [r3, #8]
10002b2e:	4b2a      	ldr	r3, [pc, #168]	; (10002bd8 <runtime_init+0xbc>)
10002b30:	4393      	bics	r3, r2
10002b32:	d1fa      	bne.n	10002b2a <runtime_init+0xe>
10002b34:	4c2a      	ldr	r4, [pc, #168]	; (10002be0 <runtime_init+0xc4>)
10002b36:	e001      	b.n	10002b3c <runtime_init+0x20>
10002b38:	cc08      	ldmia	r4!, {r3}
10002b3a:	4798      	blx	r3
10002b3c:	4b29      	ldr	r3, [pc, #164]	; (10002be4 <runtime_init+0xc8>)
10002b3e:	429c      	cmp	r4, r3
10002b40:	d3fa      	bcc.n	10002b38 <runtime_init+0x1c>
10002b42:	f7ff fe15 	bl	10002770 <clocks_init>
10002b46:	4b23      	ldr	r3, [pc, #140]	; (10002bd4 <runtime_init+0xb8>)
10002b48:	4a27      	ldr	r2, [pc, #156]	; (10002be8 <runtime_init+0xcc>)
10002b4a:	601a      	str	r2, [r3, #0]
10002b4c:	4b23      	ldr	r3, [pc, #140]	; (10002bdc <runtime_init+0xc0>)
10002b4e:	689b      	ldr	r3, [r3, #8]
10002b50:	43db      	mvns	r3, r3
10002b52:	01db      	lsls	r3, r3, #7
10002b54:	d1fa      	bne.n	10002b4c <runtime_init+0x30>
10002b56:	4b25      	ldr	r3, [pc, #148]	; (10002bec <runtime_init+0xd0>)
10002b58:	2240      	movs	r2, #64	; 0x40
10002b5a:	679a      	str	r2, [r3, #120]	; 0x78
10002b5c:	675a      	str	r2, [r3, #116]	; 0x74
10002b5e:	671a      	str	r2, [r3, #112]	; 0x70
10002b60:	66da      	str	r2, [r3, #108]	; 0x6c
10002b62:	4c23      	ldr	r4, [pc, #140]	; (10002bf0 <runtime_init+0xd4>)
10002b64:	e009      	b.n	10002b7a <runtime_init+0x5e>
10002b66:	4b23      	ldr	r3, [pc, #140]	; (10002bf4 <runtime_init+0xd8>)
10002b68:	4a23      	ldr	r2, [pc, #140]	; (10002bf8 <runtime_init+0xdc>)
10002b6a:	2187      	movs	r1, #135	; 0x87
10002b6c:	4823      	ldr	r0, [pc, #140]	; (10002bfc <runtime_init+0xe0>)
10002b6e:	f7ff ffb7 	bl	10002ae0 <__assert_func>
10002b72:	0020      	movs	r0, r4
10002b74:	f7fe fc26 	bl	100013c4 <mutex_init>
10002b78:	3408      	adds	r4, #8
10002b7a:	4b21      	ldr	r3, [pc, #132]	; (10002c00 <runtime_init+0xe4>)
10002b7c:	429c      	cmp	r4, r3
10002b7e:	d209      	bcs.n	10002b94 <runtime_init+0x78>
10002b80:	6823      	ldr	r3, [r4, #0]
10002b82:	2b00      	cmp	r3, #0
10002b84:	d0f5      	beq.n	10002b72 <runtime_init+0x56>
10002b86:	2b01      	cmp	r3, #1
10002b88:	d1ed      	bne.n	10002b66 <runtime_init+0x4a>
10002b8a:	0020      	movs	r0, r4
10002b8c:	f7fe fc27 	bl	100013de <recursive_mutex_init>
10002b90:	3408      	adds	r4, #8
10002b92:	e7f2      	b.n	10002b7a <runtime_init+0x5e>
10002b94:	4c1b      	ldr	r4, [pc, #108]	; (10002c04 <runtime_init+0xe8>)
10002b96:	68a1      	ldr	r1, [r4, #8]
10002b98:	4d1b      	ldr	r5, [pc, #108]	; (10002c08 <runtime_init+0xec>)
10002b9a:	22c0      	movs	r2, #192	; 0xc0
10002b9c:	0028      	movs	r0, r5
10002b9e:	f002 fb6f 	bl	10005280 <__wrap___aeabi_memcpy>
10002ba2:	60a5      	str	r5, [r4, #8]
10002ba4:	f3ef 8305 	mrs	r3, IPSR
10002ba8:	2b00      	cmp	r3, #0
10002baa:	d000      	beq.n	10002bae <runtime_init+0x92>
10002bac:	be00      	bkpt	0x0000
10002bae:	f7fe f881 	bl	10000cb4 <spin_locks_reset>
10002bb2:	f7fe fbdd 	bl	10001370 <irq_init_priorities>
10002bb6:	f7fe ff75 	bl	10001aa4 <alarm_pool_init_default>
10002bba:	4c14      	ldr	r4, [pc, #80]	; (10002c0c <runtime_init+0xf0>)
10002bbc:	e001      	b.n	10002bc2 <runtime_init+0xa6>
10002bbe:	cc08      	ldmia	r4!, {r3}
10002bc0:	4798      	blx	r3
10002bc2:	4b13      	ldr	r3, [pc, #76]	; (10002c10 <runtime_init+0xf4>)
10002bc4:	429c      	cmp	r4, r3
10002bc6:	d3fa      	bcc.n	10002bbe <runtime_init+0xa2>
10002bc8:	bd70      	pop	{r4, r5, r6, pc}
10002bca:	46c0      	nop			; (mov r8, r8)
10002bcc:	4000e000 	.word	0x4000e000
10002bd0:	fefbcdbf 	.word	0xfefbcdbf
10002bd4:	4000f000 	.word	0x4000f000
10002bd8:	003c7ffe 	.word	0x003c7ffe
10002bdc:	4000c000 	.word	0x4000c000
10002be0:	20001758 	.word	0x20001758
10002be4:	20001768 	.word	0x20001768
10002be8:	01ffffff 	.word	0x01ffffff
10002bec:	4001f000 	.word	0x4001f000
10002bf0:	20001750 	.word	0x20001750
10002bf4:	1000b720 	.word	0x1000b720
10002bf8:	1000b7b0 	.word	0x1000b7b0
10002bfc:	1000b740 	.word	0x1000b740
10002c00:	20001758 	.word	0x20001758
10002c04:	e000ed00 	.word	0xe000ed00
10002c08:	20000000 	.word	0x20000000
10002c0c:	20001768 	.word	0x20001768
10002c10:	20001770 	.word	0x20001770

10002c14 <panic>:
10002c14:	b40f      	push	{r0, r1, r2, r3}
10002c16:	b500      	push	{lr}
10002c18:	b083      	sub	sp, #12
10002c1a:	4808      	ldr	r0, [pc, #32]	; (10002c3c <panic+0x28>)
10002c1c:	f002 fc66 	bl	100054ec <__wrap_puts>
10002c20:	9b04      	ldr	r3, [sp, #16]
10002c22:	2b00      	cmp	r3, #0
10002c24:	d007      	beq.n	10002c36 <panic+0x22>
10002c26:	a905      	add	r1, sp, #20
10002c28:	9101      	str	r1, [sp, #4]
10002c2a:	0018      	movs	r0, r3
10002c2c:	f002 fc6e 	bl	1000550c <__wrap_vprintf>
10002c30:	4803      	ldr	r0, [pc, #12]	; (10002c40 <panic+0x2c>)
10002c32:	f002 fc5b 	bl	100054ec <__wrap_puts>
10002c36:	2001      	movs	r0, #1
10002c38:	f7ff ff30 	bl	10002a9c <_exit>
10002c3c:	1000b7a0 	.word	0x1000b7a0
10002c40:	1000aab4 	.word	0x1000aab4

10002c44 <_out_null>:
10002c44:	4770      	bx	lr

10002c46 <_out_fct>:
10002c46:	b510      	push	{r4, lr}
10002c48:	2800      	cmp	r0, #0
10002c4a:	d002      	beq.n	10002c52 <_out_fct+0xc>
10002c4c:	680b      	ldr	r3, [r1, #0]
10002c4e:	6849      	ldr	r1, [r1, #4]
10002c50:	4798      	blx	r3
10002c52:	bd10      	pop	{r4, pc}

10002c54 <_atoi>:
10002c54:	0001      	movs	r1, r0
10002c56:	2000      	movs	r0, #0
10002c58:	e007      	b.n	10002c6a <_atoi+0x16>
10002c5a:	0083      	lsls	r3, r0, #2
10002c5c:	181b      	adds	r3, r3, r0
10002c5e:	005b      	lsls	r3, r3, #1
10002c60:	1c50      	adds	r0, r2, #1
10002c62:	6008      	str	r0, [r1, #0]
10002c64:	7810      	ldrb	r0, [r2, #0]
10002c66:	18c0      	adds	r0, r0, r3
10002c68:	3830      	subs	r0, #48	; 0x30
10002c6a:	680a      	ldr	r2, [r1, #0]
10002c6c:	7813      	ldrb	r3, [r2, #0]
10002c6e:	3b30      	subs	r3, #48	; 0x30
10002c70:	b2db      	uxtb	r3, r3
10002c72:	2b09      	cmp	r3, #9
10002c74:	d9f1      	bls.n	10002c5a <_atoi+0x6>
10002c76:	4770      	bx	lr

10002c78 <_out_rev>:
10002c78:	b5f0      	push	{r4, r5, r6, r7, lr}
10002c7a:	46de      	mov	lr, fp
10002c7c:	4657      	mov	r7, sl
10002c7e:	464e      	mov	r6, r9
10002c80:	4645      	mov	r5, r8
10002c82:	b5e0      	push	{r5, r6, r7, lr}
10002c84:	b083      	sub	sp, #12
10002c86:	4693      	mov	fp, r2
10002c88:	001f      	movs	r7, r3
10002c8a:	9b0c      	ldr	r3, [sp, #48]	; 0x30
10002c8c:	469a      	mov	sl, r3
10002c8e:	9c0d      	ldr	r4, [sp, #52]	; 0x34
10002c90:	9b0e      	ldr	r3, [sp, #56]	; 0x38
10002c92:	4699      	mov	r9, r3
10002c94:	9b0f      	ldr	r3, [sp, #60]	; 0x3c
10002c96:	079b      	lsls	r3, r3, #30
10002c98:	d003      	beq.n	10002ca2 <_out_rev+0x2a>
10002c9a:	46b8      	mov	r8, r7
10002c9c:	000f      	movs	r7, r1
10002c9e:	0006      	movs	r6, r0
10002ca0:	e022      	b.n	10002ce8 <_out_rev+0x70>
10002ca2:	9201      	str	r2, [sp, #4]
10002ca4:	46a3      	mov	fp, r4
10002ca6:	4688      	mov	r8, r1
10002ca8:	464e      	mov	r6, r9
10002caa:	46b9      	mov	r9, r7
10002cac:	0007      	movs	r7, r0
10002cae:	42b4      	cmp	r4, r6
10002cb0:	d207      	bcs.n	10002cc2 <_out_rev+0x4a>
10002cb2:	1c55      	adds	r5, r2, #1
10002cb4:	464b      	mov	r3, r9
10002cb6:	4641      	mov	r1, r8
10002cb8:	2020      	movs	r0, #32
10002cba:	47b8      	blx	r7
10002cbc:	3401      	adds	r4, #1
10002cbe:	002a      	movs	r2, r5
10002cc0:	e7f5      	b.n	10002cae <_out_rev+0x36>
10002cc2:	003d      	movs	r5, r7
10002cc4:	464f      	mov	r7, r9
10002cc6:	465c      	mov	r4, fp
10002cc8:	9b01      	ldr	r3, [sp, #4]
10002cca:	469b      	mov	fp, r3
10002ccc:	46b1      	mov	r9, r6
10002cce:	4646      	mov	r6, r8
10002cd0:	46b8      	mov	r8, r7
10002cd2:	0037      	movs	r7, r6
10002cd4:	002e      	movs	r6, r5
10002cd6:	e007      	b.n	10002ce8 <_out_rev+0x70>
10002cd8:	3c01      	subs	r4, #1
10002cda:	1c55      	adds	r5, r2, #1
10002cdc:	4653      	mov	r3, sl
10002cde:	5d18      	ldrb	r0, [r3, r4]
10002ce0:	4643      	mov	r3, r8
10002ce2:	0039      	movs	r1, r7
10002ce4:	47b0      	blx	r6
10002ce6:	002a      	movs	r2, r5
10002ce8:	2c00      	cmp	r4, #0
10002cea:	d1f5      	bne.n	10002cd8 <_out_rev+0x60>
10002cec:	0035      	movs	r5, r6
10002cee:	003e      	movs	r6, r7
10002cf0:	4647      	mov	r7, r8
10002cf2:	9b0f      	ldr	r3, [sp, #60]	; 0x3c
10002cf4:	079b      	lsls	r3, r3, #30
10002cf6:	d407      	bmi.n	10002d08 <_out_rev+0x90>
10002cf8:	0010      	movs	r0, r2
10002cfa:	b003      	add	sp, #12
10002cfc:	bcf0      	pop	{r4, r5, r6, r7}
10002cfe:	46bb      	mov	fp, r7
10002d00:	46b2      	mov	sl, r6
10002d02:	46a9      	mov	r9, r5
10002d04:	46a0      	mov	r8, r4
10002d06:	bdf0      	pop	{r4, r5, r6, r7, pc}
10002d08:	46b0      	mov	r8, r6
10002d0a:	464e      	mov	r6, r9
10002d0c:	46b9      	mov	r9, r7
10002d0e:	002f      	movs	r7, r5
10002d10:	465d      	mov	r5, fp
10002d12:	1b53      	subs	r3, r2, r5
10002d14:	42b3      	cmp	r3, r6
10002d16:	d2ef      	bcs.n	10002cf8 <_out_rev+0x80>
10002d18:	1c54      	adds	r4, r2, #1
10002d1a:	464b      	mov	r3, r9
10002d1c:	4641      	mov	r1, r8
10002d1e:	2020      	movs	r0, #32
10002d20:	47b8      	blx	r7
10002d22:	0022      	movs	r2, r4
10002d24:	e7f5      	b.n	10002d12 <_out_rev+0x9a>

10002d26 <_ntoa_format>:
10002d26:	b5f0      	push	{r4, r5, r6, r7, lr}
10002d28:	46ce      	mov	lr, r9
10002d2a:	4647      	mov	r7, r8
10002d2c:	b580      	push	{r7, lr}
10002d2e:	b085      	sub	sp, #20
10002d30:	4694      	mov	ip, r2
10002d32:	4698      	mov	r8, r3
10002d34:	9d0c      	ldr	r5, [sp, #48]	; 0x30
10002d36:	9c0d      	ldr	r4, [sp, #52]	; 0x34
10002d38:	ab0e      	add	r3, sp, #56	; 0x38
10002d3a:	781b      	ldrb	r3, [r3, #0]
10002d3c:	4699      	mov	r9, r3
10002d3e:	9a10      	ldr	r2, [sp, #64]	; 0x40
10002d40:	9b11      	ldr	r3, [sp, #68]	; 0x44
10002d42:	9e12      	ldr	r6, [sp, #72]	; 0x48
10002d44:	07b7      	lsls	r7, r6, #30
10002d46:	d41c      	bmi.n	10002d82 <_ntoa_format+0x5c>
10002d48:	2b00      	cmp	r3, #0
10002d4a:	d00c      	beq.n	10002d66 <_ntoa_format+0x40>
10002d4c:	07f7      	lsls	r7, r6, #31
10002d4e:	d50a      	bpl.n	10002d66 <_ntoa_format+0x40>
10002d50:	464f      	mov	r7, r9
10002d52:	2f00      	cmp	r7, #0
10002d54:	d102      	bne.n	10002d5c <_ntoa_format+0x36>
10002d56:	370c      	adds	r7, #12
10002d58:	4237      	tst	r7, r6
10002d5a:	d004      	beq.n	10002d66 <_ntoa_format+0x40>
10002d5c:	3b01      	subs	r3, #1
10002d5e:	e002      	b.n	10002d66 <_ntoa_format+0x40>
10002d60:	2730      	movs	r7, #48	; 0x30
10002d62:	552f      	strb	r7, [r5, r4]
10002d64:	3401      	adds	r4, #1
10002d66:	4294      	cmp	r4, r2
10002d68:	d201      	bcs.n	10002d6e <_ntoa_format+0x48>
10002d6a:	2c1f      	cmp	r4, #31
10002d6c:	d9f8      	bls.n	10002d60 <_ntoa_format+0x3a>
10002d6e:	07f7      	lsls	r7, r6, #31
10002d70:	d507      	bpl.n	10002d82 <_ntoa_format+0x5c>
10002d72:	429c      	cmp	r4, r3
10002d74:	d205      	bcs.n	10002d82 <_ntoa_format+0x5c>
10002d76:	2c1f      	cmp	r4, #31
10002d78:	d803      	bhi.n	10002d82 <_ntoa_format+0x5c>
10002d7a:	2730      	movs	r7, #48	; 0x30
10002d7c:	552f      	strb	r7, [r5, r4]
10002d7e:	3401      	adds	r4, #1
10002d80:	e7f5      	b.n	10002d6e <_ntoa_format+0x48>
10002d82:	06f7      	lsls	r7, r6, #27
10002d84:	d515      	bpl.n	10002db2 <_ntoa_format+0x8c>
10002d86:	0577      	lsls	r7, r6, #21
10002d88:	d405      	bmi.n	10002d96 <_ntoa_format+0x70>
10002d8a:	2c00      	cmp	r4, #0
10002d8c:	d003      	beq.n	10002d96 <_ntoa_format+0x70>
10002d8e:	4294      	cmp	r4, r2
10002d90:	d024      	beq.n	10002ddc <_ntoa_format+0xb6>
10002d92:	429c      	cmp	r4, r3
10002d94:	d022      	beq.n	10002ddc <_ntoa_format+0xb6>
10002d96:	9a0f      	ldr	r2, [sp, #60]	; 0x3c
10002d98:	2a10      	cmp	r2, #16
10002d9a:	d02b      	beq.n	10002df4 <_ntoa_format+0xce>
10002d9c:	9a0f      	ldr	r2, [sp, #60]	; 0x3c
10002d9e:	2a10      	cmp	r2, #16
10002da0:	d030      	beq.n	10002e04 <_ntoa_format+0xde>
10002da2:	9a0f      	ldr	r2, [sp, #60]	; 0x3c
10002da4:	2a02      	cmp	r2, #2
10002da6:	d035      	beq.n	10002e14 <_ntoa_format+0xee>
10002da8:	2c1f      	cmp	r4, #31
10002daa:	d802      	bhi.n	10002db2 <_ntoa_format+0x8c>
10002dac:	2230      	movs	r2, #48	; 0x30
10002dae:	552a      	strb	r2, [r5, r4]
10002db0:	3401      	adds	r4, #1
10002db2:	2c1f      	cmp	r4, #31
10002db4:	d805      	bhi.n	10002dc2 <_ntoa_format+0x9c>
10002db6:	464a      	mov	r2, r9
10002db8:	2a00      	cmp	r2, #0
10002dba:	d031      	beq.n	10002e20 <_ntoa_format+0xfa>
10002dbc:	222d      	movs	r2, #45	; 0x2d
10002dbe:	552a      	strb	r2, [r5, r4]
10002dc0:	3401      	adds	r4, #1
10002dc2:	9603      	str	r6, [sp, #12]
10002dc4:	9302      	str	r3, [sp, #8]
10002dc6:	9401      	str	r4, [sp, #4]
10002dc8:	9500      	str	r5, [sp, #0]
10002dca:	4643      	mov	r3, r8
10002dcc:	4662      	mov	r2, ip
10002dce:	f7ff ff53 	bl	10002c78 <_out_rev>
10002dd2:	b005      	add	sp, #20
10002dd4:	bcc0      	pop	{r6, r7}
10002dd6:	46b9      	mov	r9, r7
10002dd8:	46b0      	mov	r8, r6
10002dda:	bdf0      	pop	{r4, r5, r6, r7, pc}
10002ddc:	1e62      	subs	r2, r4, #1
10002dde:	2c01      	cmp	r4, #1
10002de0:	d006      	beq.n	10002df0 <_ntoa_format+0xca>
10002de2:	9f0f      	ldr	r7, [sp, #60]	; 0x3c
10002de4:	2f10      	cmp	r7, #16
10002de6:	d001      	beq.n	10002dec <_ntoa_format+0xc6>
10002de8:	0014      	movs	r4, r2
10002dea:	e7d4      	b.n	10002d96 <_ntoa_format+0x70>
10002dec:	3c02      	subs	r4, #2
10002dee:	e7d2      	b.n	10002d96 <_ntoa_format+0x70>
10002df0:	0014      	movs	r4, r2
10002df2:	e7d0      	b.n	10002d96 <_ntoa_format+0x70>
10002df4:	06b2      	lsls	r2, r6, #26
10002df6:	d4d1      	bmi.n	10002d9c <_ntoa_format+0x76>
10002df8:	2c1f      	cmp	r4, #31
10002dfa:	d8cf      	bhi.n	10002d9c <_ntoa_format+0x76>
10002dfc:	2278      	movs	r2, #120	; 0x78
10002dfe:	552a      	strb	r2, [r5, r4]
10002e00:	3401      	adds	r4, #1
10002e02:	e7d1      	b.n	10002da8 <_ntoa_format+0x82>
10002e04:	06b2      	lsls	r2, r6, #26
10002e06:	d5cc      	bpl.n	10002da2 <_ntoa_format+0x7c>
10002e08:	2c1f      	cmp	r4, #31
10002e0a:	d8ca      	bhi.n	10002da2 <_ntoa_format+0x7c>
10002e0c:	2258      	movs	r2, #88	; 0x58
10002e0e:	552a      	strb	r2, [r5, r4]
10002e10:	3401      	adds	r4, #1
10002e12:	e7c9      	b.n	10002da8 <_ntoa_format+0x82>
10002e14:	2c1f      	cmp	r4, #31
10002e16:	d8c7      	bhi.n	10002da8 <_ntoa_format+0x82>
10002e18:	3260      	adds	r2, #96	; 0x60
10002e1a:	552a      	strb	r2, [r5, r4]
10002e1c:	3401      	adds	r4, #1
10002e1e:	e7c3      	b.n	10002da8 <_ntoa_format+0x82>
10002e20:	0772      	lsls	r2, r6, #29
10002e22:	d503      	bpl.n	10002e2c <_ntoa_format+0x106>
10002e24:	222b      	movs	r2, #43	; 0x2b
10002e26:	552a      	strb	r2, [r5, r4]
10002e28:	3401      	adds	r4, #1
10002e2a:	e7ca      	b.n	10002dc2 <_ntoa_format+0x9c>
10002e2c:	0732      	lsls	r2, r6, #28
10002e2e:	d5c8      	bpl.n	10002dc2 <_ntoa_format+0x9c>
10002e30:	2220      	movs	r2, #32
10002e32:	552a      	strb	r2, [r5, r4]
10002e34:	3401      	adds	r4, #1
10002e36:	e7c4      	b.n	10002dc2 <_ntoa_format+0x9c>

10002e38 <_ntoa_long>:
10002e38:	b5f0      	push	{r4, r5, r6, r7, lr}
10002e3a:	46de      	mov	lr, fp
10002e3c:	4657      	mov	r7, sl
10002e3e:	464e      	mov	r6, r9
10002e40:	4645      	mov	r5, r8
10002e42:	b5e0      	push	{r5, r6, r7, lr}
10002e44:	b093      	sub	sp, #76	; 0x4c
10002e46:	4681      	mov	r9, r0
10002e48:	468a      	mov	sl, r1
10002e4a:	9208      	str	r2, [sp, #32]
10002e4c:	9309      	str	r3, [sp, #36]	; 0x24
10002e4e:	ab1c      	add	r3, sp, #112	; 0x70
10002e50:	cb10      	ldmia	r3!, {r4}
10002e52:	781b      	ldrb	r3, [r3, #0]
10002e54:	469b      	mov	fp, r3
10002e56:	9d1e      	ldr	r5, [sp, #120]	; 0x78
10002e58:	9b21      	ldr	r3, [sp, #132]	; 0x84
10002e5a:	4698      	mov	r8, r3
10002e5c:	2c00      	cmp	r4, #0
10002e5e:	d103      	bne.n	10002e68 <_ntoa_long+0x30>
10002e60:	2310      	movs	r3, #16
10002e62:	4642      	mov	r2, r8
10002e64:	439a      	bics	r2, r3
10002e66:	4690      	mov	r8, r2
10002e68:	2380      	movs	r3, #128	; 0x80
10002e6a:	00db      	lsls	r3, r3, #3
10002e6c:	4646      	mov	r6, r8
10002e6e:	401e      	ands	r6, r3
10002e70:	4642      	mov	r2, r8
10002e72:	421a      	tst	r2, r3
10002e74:	d012      	beq.n	10002e9c <_ntoa_long+0x64>
10002e76:	2c00      	cmp	r4, #0
10002e78:	d022      	beq.n	10002ec0 <_ntoa_long+0x88>
10002e7a:	2600      	movs	r6, #0
10002e7c:	e00e      	b.n	10002e9c <_ntoa_long+0x64>
10002e7e:	3330      	adds	r3, #48	; 0x30
10002e80:	b2d9      	uxtb	r1, r3
10002e82:	1c77      	adds	r7, r6, #1
10002e84:	ab0a      	add	r3, sp, #40	; 0x28
10002e86:	5599      	strb	r1, [r3, r6]
10002e88:	0029      	movs	r1, r5
10002e8a:	0020      	movs	r0, r4
10002e8c:	f000 ffd6 	bl	10003e3c <__wrap___aeabi_uidiv>
10002e90:	42ac      	cmp	r4, r5
10002e92:	d316      	bcc.n	10002ec2 <_ntoa_long+0x8a>
10002e94:	2f1f      	cmp	r7, #31
10002e96:	d814      	bhi.n	10002ec2 <_ntoa_long+0x8a>
10002e98:	003e      	movs	r6, r7
10002e9a:	0004      	movs	r4, r0
10002e9c:	0029      	movs	r1, r5
10002e9e:	0020      	movs	r0, r4
10002ea0:	f000 ffcc 	bl	10003e3c <__wrap___aeabi_uidiv>
10002ea4:	b2cb      	uxtb	r3, r1
10002ea6:	2b09      	cmp	r3, #9
10002ea8:	d9e9      	bls.n	10002e7e <_ntoa_long+0x46>
10002eaa:	4642      	mov	r2, r8
10002eac:	0692      	lsls	r2, r2, #26
10002eae:	d505      	bpl.n	10002ebc <_ntoa_long+0x84>
10002eb0:	2141      	movs	r1, #65	; 0x41
10002eb2:	18c9      	adds	r1, r1, r3
10002eb4:	b2c9      	uxtb	r1, r1
10002eb6:	390a      	subs	r1, #10
10002eb8:	b2c9      	uxtb	r1, r1
10002eba:	e7e2      	b.n	10002e82 <_ntoa_long+0x4a>
10002ebc:	2161      	movs	r1, #97	; 0x61
10002ebe:	e7f8      	b.n	10002eb2 <_ntoa_long+0x7a>
10002ec0:	0027      	movs	r7, r4
10002ec2:	4643      	mov	r3, r8
10002ec4:	9306      	str	r3, [sp, #24]
10002ec6:	9b20      	ldr	r3, [sp, #128]	; 0x80
10002ec8:	9305      	str	r3, [sp, #20]
10002eca:	9b1f      	ldr	r3, [sp, #124]	; 0x7c
10002ecc:	9304      	str	r3, [sp, #16]
10002ece:	9503      	str	r5, [sp, #12]
10002ed0:	465b      	mov	r3, fp
10002ed2:	9302      	str	r3, [sp, #8]
10002ed4:	9701      	str	r7, [sp, #4]
10002ed6:	ab0a      	add	r3, sp, #40	; 0x28
10002ed8:	9300      	str	r3, [sp, #0]
10002eda:	9b09      	ldr	r3, [sp, #36]	; 0x24
10002edc:	9a08      	ldr	r2, [sp, #32]
10002ede:	4651      	mov	r1, sl
10002ee0:	4648      	mov	r0, r9
10002ee2:	f7ff ff20 	bl	10002d26 <_ntoa_format>
10002ee6:	b013      	add	sp, #76	; 0x4c
10002ee8:	bcf0      	pop	{r4, r5, r6, r7}
10002eea:	46bb      	mov	fp, r7
10002eec:	46b2      	mov	sl, r6
10002eee:	46a9      	mov	r9, r5
10002ef0:	46a0      	mov	r8, r4
10002ef2:	bdf0      	pop	{r4, r5, r6, r7, pc}

10002ef4 <_ntoa_long_long>:
10002ef4:	b5f0      	push	{r4, r5, r6, r7, lr}
10002ef6:	46de      	mov	lr, fp
10002ef8:	4657      	mov	r7, sl
10002efa:	464e      	mov	r6, r9
10002efc:	4645      	mov	r5, r8
10002efe:	b5e0      	push	{r5, r6, r7, lr}
10002f00:	b095      	sub	sp, #84	; 0x54
10002f02:	9008      	str	r0, [sp, #32]
10002f04:	9109      	str	r1, [sp, #36]	; 0x24
10002f06:	920a      	str	r2, [sp, #40]	; 0x28
10002f08:	930b      	str	r3, [sp, #44]	; 0x2c
10002f0a:	9e1e      	ldr	r6, [sp, #120]	; 0x78
10002f0c:	9c1f      	ldr	r4, [sp, #124]	; 0x7c
10002f0e:	ab20      	add	r3, sp, #128	; 0x80
10002f10:	781b      	ldrb	r3, [r3, #0]
10002f12:	469b      	mov	fp, r3
10002f14:	9b22      	ldr	r3, [sp, #136]	; 0x88
10002f16:	4699      	mov	r9, r3
10002f18:	9d23      	ldr	r5, [sp, #140]	; 0x8c
10002f1a:	9b26      	ldr	r3, [sp, #152]	; 0x98
10002f1c:	469a      	mov	sl, r3
10002f1e:	0033      	movs	r3, r6
10002f20:	4323      	orrs	r3, r4
10002f22:	d103      	bne.n	10002f2c <_ntoa_long_long+0x38>
10002f24:	3310      	adds	r3, #16
10002f26:	4652      	mov	r2, sl
10002f28:	439a      	bics	r2, r3
10002f2a:	4692      	mov	sl, r2
10002f2c:	2380      	movs	r3, #128	; 0x80
10002f2e:	00db      	lsls	r3, r3, #3
10002f30:	4657      	mov	r7, sl
10002f32:	401f      	ands	r7, r3
10002f34:	4652      	mov	r2, sl
10002f36:	421a      	tst	r2, r3
10002f38:	d019      	beq.n	10002f6e <_ntoa_long_long+0x7a>
10002f3a:	0033      	movs	r3, r6
10002f3c:	4323      	orrs	r3, r4
10002f3e:	d02d      	beq.n	10002f9c <_ntoa_long_long+0xa8>
10002f40:	2700      	movs	r7, #0
10002f42:	e014      	b.n	10002f6e <_ntoa_long_long+0x7a>
10002f44:	3330      	adds	r3, #48	; 0x30
10002f46:	b2da      	uxtb	r2, r3
10002f48:	1c7b      	adds	r3, r7, #1
10002f4a:	4698      	mov	r8, r3
10002f4c:	ab0c      	add	r3, sp, #48	; 0x30
10002f4e:	55da      	strb	r2, [r3, r7]
10002f50:	464a      	mov	r2, r9
10002f52:	002b      	movs	r3, r5
10002f54:	0030      	movs	r0, r6
10002f56:	0021      	movs	r1, r4
10002f58:	f000 ffae 	bl	10003eb8 <__wrap___aeabi_uldivmod>
10002f5c:	42a5      	cmp	r5, r4
10002f5e:	d81f      	bhi.n	10002fa0 <_ntoa_long_long+0xac>
10002f60:	d019      	beq.n	10002f96 <_ntoa_long_long+0xa2>
10002f62:	4643      	mov	r3, r8
10002f64:	2b1f      	cmp	r3, #31
10002f66:	d81b      	bhi.n	10002fa0 <_ntoa_long_long+0xac>
10002f68:	4647      	mov	r7, r8
10002f6a:	0006      	movs	r6, r0
10002f6c:	000c      	movs	r4, r1
10002f6e:	464a      	mov	r2, r9
10002f70:	002b      	movs	r3, r5
10002f72:	0030      	movs	r0, r6
10002f74:	0021      	movs	r1, r4
10002f76:	f000 ff9f 	bl	10003eb8 <__wrap___aeabi_uldivmod>
10002f7a:	b2d3      	uxtb	r3, r2
10002f7c:	2b09      	cmp	r3, #9
10002f7e:	d9e1      	bls.n	10002f44 <_ntoa_long_long+0x50>
10002f80:	4652      	mov	r2, sl
10002f82:	0692      	lsls	r2, r2, #26
10002f84:	d505      	bpl.n	10002f92 <_ntoa_long_long+0x9e>
10002f86:	2241      	movs	r2, #65	; 0x41
10002f88:	18d2      	adds	r2, r2, r3
10002f8a:	b2d2      	uxtb	r2, r2
10002f8c:	3a0a      	subs	r2, #10
10002f8e:	b2d2      	uxtb	r2, r2
10002f90:	e7da      	b.n	10002f48 <_ntoa_long_long+0x54>
10002f92:	2261      	movs	r2, #97	; 0x61
10002f94:	e7f8      	b.n	10002f88 <_ntoa_long_long+0x94>
10002f96:	45b1      	cmp	r9, r6
10002f98:	d9e3      	bls.n	10002f62 <_ntoa_long_long+0x6e>
10002f9a:	e001      	b.n	10002fa0 <_ntoa_long_long+0xac>
10002f9c:	2300      	movs	r3, #0
10002f9e:	4698      	mov	r8, r3
10002fa0:	4653      	mov	r3, sl
10002fa2:	9306      	str	r3, [sp, #24]
10002fa4:	9b25      	ldr	r3, [sp, #148]	; 0x94
10002fa6:	9305      	str	r3, [sp, #20]
10002fa8:	9b24      	ldr	r3, [sp, #144]	; 0x90
10002faa:	9304      	str	r3, [sp, #16]
10002fac:	464b      	mov	r3, r9
10002fae:	9303      	str	r3, [sp, #12]
10002fb0:	465b      	mov	r3, fp
10002fb2:	9302      	str	r3, [sp, #8]
10002fb4:	4643      	mov	r3, r8
10002fb6:	9301      	str	r3, [sp, #4]
10002fb8:	ab0c      	add	r3, sp, #48	; 0x30
10002fba:	9300      	str	r3, [sp, #0]
10002fbc:	9b0b      	ldr	r3, [sp, #44]	; 0x2c
10002fbe:	9a0a      	ldr	r2, [sp, #40]	; 0x28
10002fc0:	9909      	ldr	r1, [sp, #36]	; 0x24
10002fc2:	9808      	ldr	r0, [sp, #32]
10002fc4:	f7ff feaf 	bl	10002d26 <_ntoa_format>
10002fc8:	b015      	add	sp, #84	; 0x54
10002fca:	bcf0      	pop	{r4, r5, r6, r7}
10002fcc:	46bb      	mov	fp, r7
10002fce:	46b2      	mov	sl, r6
10002fd0:	46a9      	mov	r9, r5
10002fd2:	46a0      	mov	r8, r4
10002fd4:	bdf0      	pop	{r4, r5, r6, r7, pc}
	...

10002fd8 <_etoa>:
10002fd8:	b5f0      	push	{r4, r5, r6, r7, lr}
10002fda:	46de      	mov	lr, fp
10002fdc:	4657      	mov	r7, sl
10002fde:	464e      	mov	r6, r9
10002fe0:	4645      	mov	r5, r8
10002fe2:	b5e0      	push	{r5, r6, r7, lr}
10002fe4:	b091      	sub	sp, #68	; 0x44
10002fe6:	4683      	mov	fp, r0
10002fe8:	468a      	mov	sl, r1
10002fea:	920c      	str	r2, [sp, #48]	; 0x30
10002fec:	4698      	mov	r8, r3
10002fee:	9c1a      	ldr	r4, [sp, #104]	; 0x68
10002ff0:	9408      	str	r4, [sp, #32]
10002ff2:	9d1b      	ldr	r5, [sp, #108]	; 0x6c
10002ff4:	9509      	str	r5, [sp, #36]	; 0x24
10002ff6:	0022      	movs	r2, r4
10002ff8:	002b      	movs	r3, r5
10002ffa:	0020      	movs	r0, r4
10002ffc:	0029      	movs	r1, r5
10002ffe:	f001 f9ee 	bl	100043de <__wrap___aeabi_dcmpun>
10003002:	2800      	cmp	r0, #0
10003004:	d000      	beq.n	10003008 <_etoa+0x30>
10003006:	e0e5      	b.n	100031d4 <_etoa+0x1fc>
10003008:	2201      	movs	r2, #1
1000300a:	4252      	negs	r2, r2
1000300c:	4bd7      	ldr	r3, [pc, #860]	; (1000336c <_etoa+0x394>)
1000300e:	0020      	movs	r0, r4
10003010:	0029      	movs	r1, r5
10003012:	f001 f9df 	bl	100043d4 <__wrap___aeabi_dcmpgt>
10003016:	2800      	cmp	r0, #0
10003018:	d000      	beq.n	1000301c <_etoa+0x44>
1000301a:	e0db      	b.n	100031d4 <_etoa+0x1fc>
1000301c:	2201      	movs	r2, #1
1000301e:	4252      	negs	r2, r2
10003020:	4bd3      	ldr	r3, [pc, #844]	; (10003370 <_etoa+0x398>)
10003022:	0020      	movs	r0, r4
10003024:	0029      	movs	r1, r5
10003026:	f001 f9bf 	bl	100043a8 <__wrap___aeabi_dcmplt>
1000302a:	2800      	cmp	r0, #0
1000302c:	d000      	beq.n	10003030 <_etoa+0x58>
1000302e:	e0d1      	b.n	100031d4 <_etoa+0x1fc>
10003030:	2200      	movs	r2, #0
10003032:	2300      	movs	r3, #0
10003034:	9e08      	ldr	r6, [sp, #32]
10003036:	0030      	movs	r0, r6
10003038:	9d09      	ldr	r5, [sp, #36]	; 0x24
1000303a:	0029      	movs	r1, r5
1000303c:	f001 f9b4 	bl	100043a8 <__wrap___aeabi_dcmplt>
10003040:	2800      	cmp	r0, #0
10003042:	d000      	beq.n	10003046 <_etoa+0x6e>
10003044:	e0dd      	b.n	10003202 <_etoa+0x22a>
10003046:	9808      	ldr	r0, [sp, #32]
10003048:	9909      	ldr	r1, [sp, #36]	; 0x24
1000304a:	9006      	str	r0, [sp, #24]
1000304c:	9107      	str	r1, [sp, #28]
1000304e:	2380      	movs	r3, #128	; 0x80
10003050:	00db      	lsls	r3, r3, #3
10003052:	9a1e      	ldr	r2, [sp, #120]	; 0x78
10003054:	401a      	ands	r2, r3
10003056:	920d      	str	r2, [sp, #52]	; 0x34
10003058:	9a1e      	ldr	r2, [sp, #120]	; 0x78
1000305a:	421a      	tst	r2, r3
1000305c:	d101      	bne.n	10003062 <_etoa+0x8a>
1000305e:	2306      	movs	r3, #6
10003060:	931c      	str	r3, [sp, #112]	; 0x70
10003062:	9806      	ldr	r0, [sp, #24]
10003064:	9907      	ldr	r1, [sp, #28]
10003066:	0004      	movs	r4, r0
10003068:	000d      	movs	r5, r1
1000306a:	000a      	movs	r2, r1
1000306c:	0006      	movs	r6, r0
1000306e:	4302      	orrs	r2, r0
10003070:	d100      	bne.n	10003074 <_etoa+0x9c>
10003072:	e0d1      	b.n	10003218 <_etoa+0x240>
10003074:	0d08      	lsrs	r0, r1, #20
10003076:	0540      	lsls	r0, r0, #21
10003078:	0d40      	lsrs	r0, r0, #21
1000307a:	4cbe      	ldr	r4, [pc, #760]	; (10003374 <_etoa+0x39c>)
1000307c:	46a4      	mov	ip, r4
1000307e:	4460      	add	r0, ip
10003080:	030a      	lsls	r2, r1, #12
10003082:	0b12      	lsrs	r2, r2, #12
10003084:	4bbc      	ldr	r3, [pc, #752]	; (10003378 <_etoa+0x3a0>)
10003086:	4313      	orrs	r3, r2
10003088:	001f      	movs	r7, r3
1000308a:	f001 f9bb 	bl	10004404 <__wrap___aeabi_i2d>
1000308e:	4abb      	ldr	r2, [pc, #748]	; (1000337c <_etoa+0x3a4>)
10003090:	4bbb      	ldr	r3, [pc, #748]	; (10003380 <_etoa+0x3a8>)
10003092:	f001 f93e 	bl	10004312 <__wrap___aeabi_dmul>
10003096:	4abb      	ldr	r2, [pc, #748]	; (10003384 <_etoa+0x3ac>)
10003098:	4bbb      	ldr	r3, [pc, #748]	; (10003388 <_etoa+0x3b0>)
1000309a:	f001 f913 	bl	100042c4 <__wrap___aeabi_dadd>
1000309e:	0004      	movs	r4, r0
100030a0:	000d      	movs	r5, r1
100030a2:	2200      	movs	r2, #0
100030a4:	4bb9      	ldr	r3, [pc, #740]	; (1000338c <_etoa+0x3b4>)
100030a6:	0030      	movs	r0, r6
100030a8:	0039      	movs	r1, r7
100030aa:	f001 f902 	bl	100042b2 <__wrap___aeabi_dsub>
100030ae:	4ab8      	ldr	r2, [pc, #736]	; (10003390 <_etoa+0x3b8>)
100030b0:	4bb8      	ldr	r3, [pc, #736]	; (10003394 <_etoa+0x3bc>)
100030b2:	f001 f92e 	bl	10004312 <__wrap___aeabi_dmul>
100030b6:	0002      	movs	r2, r0
100030b8:	000b      	movs	r3, r1
100030ba:	0020      	movs	r0, r4
100030bc:	0029      	movs	r1, r5
100030be:	f001 f901 	bl	100042c4 <__wrap___aeabi_dadd>
100030c2:	f001 f9b7 	bl	10004434 <__wrap___aeabi_d2iz>
100030c6:	4681      	mov	r9, r0
100030c8:	f001 f99c 	bl	10004404 <__wrap___aeabi_i2d>
100030cc:	0004      	movs	r4, r0
100030ce:	000d      	movs	r5, r1
100030d0:	4ab1      	ldr	r2, [pc, #708]	; (10003398 <_etoa+0x3c0>)
100030d2:	4bb2      	ldr	r3, [pc, #712]	; (1000339c <_etoa+0x3c4>)
100030d4:	f001 f91d 	bl	10004312 <__wrap___aeabi_dmul>
100030d8:	2200      	movs	r2, #0
100030da:	4bb1      	ldr	r3, [pc, #708]	; (100033a0 <_etoa+0x3c8>)
100030dc:	f001 f8f2 	bl	100042c4 <__wrap___aeabi_dadd>
100030e0:	f001 f9a8 	bl	10004434 <__wrap___aeabi_d2iz>
100030e4:	0006      	movs	r6, r0
100030e6:	4aaf      	ldr	r2, [pc, #700]	; (100033a4 <_etoa+0x3cc>)
100030e8:	4baf      	ldr	r3, [pc, #700]	; (100033a8 <_etoa+0x3d0>)
100030ea:	0020      	movs	r0, r4
100030ec:	0029      	movs	r1, r5
100030ee:	f001 f910 	bl	10004312 <__wrap___aeabi_dmul>
100030f2:	0004      	movs	r4, r0
100030f4:	000d      	movs	r5, r1
100030f6:	0030      	movs	r0, r6
100030f8:	f001 f984 	bl	10004404 <__wrap___aeabi_i2d>
100030fc:	4aab      	ldr	r2, [pc, #684]	; (100033ac <_etoa+0x3d4>)
100030fe:	4bac      	ldr	r3, [pc, #688]	; (100033b0 <_etoa+0x3d8>)
10003100:	f001 f907 	bl	10004312 <__wrap___aeabi_dmul>
10003104:	0002      	movs	r2, r0
10003106:	000b      	movs	r3, r1
10003108:	0020      	movs	r0, r4
1000310a:	0029      	movs	r1, r5
1000310c:	f001 f8d1 	bl	100042b2 <__wrap___aeabi_dsub>
10003110:	0004      	movs	r4, r0
10003112:	000d      	movs	r5, r1
10003114:	0002      	movs	r2, r0
10003116:	000b      	movs	r3, r1
10003118:	f001 f8fb 	bl	10004312 <__wrap___aeabi_dmul>
1000311c:	900a      	str	r0, [sp, #40]	; 0x28
1000311e:	910b      	str	r1, [sp, #44]	; 0x2c
10003120:	4ba4      	ldr	r3, [pc, #656]	; (100033b4 <_etoa+0x3dc>)
10003122:	18f3      	adds	r3, r6, r3
10003124:	2600      	movs	r6, #0
10003126:	051f      	lsls	r7, r3, #20
10003128:	0022      	movs	r2, r4
1000312a:	002b      	movs	r3, r5
1000312c:	0020      	movs	r0, r4
1000312e:	0029      	movs	r1, r5
10003130:	f001 f8c8 	bl	100042c4 <__wrap___aeabi_dadd>
10003134:	900e      	str	r0, [sp, #56]	; 0x38
10003136:	910f      	str	r1, [sp, #60]	; 0x3c
10003138:	0022      	movs	r2, r4
1000313a:	002b      	movs	r3, r5
1000313c:	2000      	movs	r0, #0
1000313e:	2180      	movs	r1, #128	; 0x80
10003140:	05c9      	lsls	r1, r1, #23
10003142:	f001 f8b6 	bl	100042b2 <__wrap___aeabi_dsub>
10003146:	0004      	movs	r4, r0
10003148:	000d      	movs	r5, r1
1000314a:	2200      	movs	r2, #0
1000314c:	4b9a      	ldr	r3, [pc, #616]	; (100033b8 <_etoa+0x3e0>)
1000314e:	980a      	ldr	r0, [sp, #40]	; 0x28
10003150:	990b      	ldr	r1, [sp, #44]	; 0x2c
10003152:	f001 f8c0 	bl	100042d6 <__wrap___aeabi_ddiv>
10003156:	2200      	movs	r2, #0
10003158:	4b98      	ldr	r3, [pc, #608]	; (100033bc <_etoa+0x3e4>)
1000315a:	f001 f8b3 	bl	100042c4 <__wrap___aeabi_dadd>
1000315e:	0002      	movs	r2, r0
10003160:	000b      	movs	r3, r1
10003162:	980a      	ldr	r0, [sp, #40]	; 0x28
10003164:	990b      	ldr	r1, [sp, #44]	; 0x2c
10003166:	f001 f8b6 	bl	100042d6 <__wrap___aeabi_ddiv>
1000316a:	2200      	movs	r2, #0
1000316c:	4b94      	ldr	r3, [pc, #592]	; (100033c0 <_etoa+0x3e8>)
1000316e:	f001 f8a9 	bl	100042c4 <__wrap___aeabi_dadd>
10003172:	0002      	movs	r2, r0
10003174:	000b      	movs	r3, r1
10003176:	980a      	ldr	r0, [sp, #40]	; 0x28
10003178:	990b      	ldr	r1, [sp, #44]	; 0x2c
1000317a:	f001 f8ac 	bl	100042d6 <__wrap___aeabi_ddiv>
1000317e:	0002      	movs	r2, r0
10003180:	000b      	movs	r3, r1
10003182:	0020      	movs	r0, r4
10003184:	0029      	movs	r1, r5
10003186:	f001 f89d 	bl	100042c4 <__wrap___aeabi_dadd>
1000318a:	0002      	movs	r2, r0
1000318c:	000b      	movs	r3, r1
1000318e:	980e      	ldr	r0, [sp, #56]	; 0x38
10003190:	990f      	ldr	r1, [sp, #60]	; 0x3c
10003192:	f001 f8a0 	bl	100042d6 <__wrap___aeabi_ddiv>
10003196:	2200      	movs	r2, #0
10003198:	4b77      	ldr	r3, [pc, #476]	; (10003378 <_etoa+0x3a0>)
1000319a:	f001 f893 	bl	100042c4 <__wrap___aeabi_dadd>
1000319e:	0032      	movs	r2, r6
100031a0:	003b      	movs	r3, r7
100031a2:	f001 f8b6 	bl	10004312 <__wrap___aeabi_dmul>
100031a6:	0006      	movs	r6, r0
100031a8:	000f      	movs	r7, r1
100031aa:	0004      	movs	r4, r0
100031ac:	000d      	movs	r5, r1
100031ae:	9a06      	ldr	r2, [sp, #24]
100031b0:	9b07      	ldr	r3, [sp, #28]
100031b2:	f001 f90f 	bl	100043d4 <__wrap___aeabi_dcmpgt>
100031b6:	2800      	cmp	r0, #0
100031b8:	d030      	beq.n	1000321c <_etoa+0x244>
100031ba:	2301      	movs	r3, #1
100031bc:	425b      	negs	r3, r3
100031be:	469c      	mov	ip, r3
100031c0:	44e1      	add	r9, ip
100031c2:	2200      	movs	r2, #0
100031c4:	4b7d      	ldr	r3, [pc, #500]	; (100033bc <_etoa+0x3e4>)
100031c6:	0030      	movs	r0, r6
100031c8:	0039      	movs	r1, r7
100031ca:	f001 f884 	bl	100042d6 <__wrap___aeabi_ddiv>
100031ce:	0004      	movs	r4, r0
100031d0:	000d      	movs	r5, r1
100031d2:	e023      	b.n	1000321c <_etoa+0x244>
100031d4:	9b1e      	ldr	r3, [sp, #120]	; 0x78
100031d6:	9304      	str	r3, [sp, #16]
100031d8:	9b1d      	ldr	r3, [sp, #116]	; 0x74
100031da:	9303      	str	r3, [sp, #12]
100031dc:	9b1c      	ldr	r3, [sp, #112]	; 0x70
100031de:	9302      	str	r3, [sp, #8]
100031e0:	9a08      	ldr	r2, [sp, #32]
100031e2:	9b09      	ldr	r3, [sp, #36]	; 0x24
100031e4:	9200      	str	r2, [sp, #0]
100031e6:	9301      	str	r3, [sp, #4]
100031e8:	4643      	mov	r3, r8
100031ea:	9a0c      	ldr	r2, [sp, #48]	; 0x30
100031ec:	4651      	mov	r1, sl
100031ee:	4658      	mov	r0, fp
100031f0:	f000 f8fc 	bl	100033ec <_ftoa>
100031f4:	b011      	add	sp, #68	; 0x44
100031f6:	bcf0      	pop	{r4, r5, r6, r7}
100031f8:	46bb      	mov	fp, r7
100031fa:	46b2      	mov	sl, r6
100031fc:	46a9      	mov	r9, r5
100031fe:	46a0      	mov	r8, r4
10003200:	bdf0      	pop	{r4, r5, r6, r7, pc}
10003202:	2300      	movs	r3, #0
10003204:	2400      	movs	r4, #0
10003206:	9306      	str	r3, [sp, #24]
10003208:	9407      	str	r4, [sp, #28]
1000320a:	9606      	str	r6, [sp, #24]
1000320c:	2380      	movs	r3, #128	; 0x80
1000320e:	061b      	lsls	r3, r3, #24
10003210:	469c      	mov	ip, r3
10003212:	4465      	add	r5, ip
10003214:	9507      	str	r5, [sp, #28]
10003216:	e71a      	b.n	1000304e <_etoa+0x76>
10003218:	2300      	movs	r3, #0
1000321a:	4699      	mov	r9, r3
1000321c:	464b      	mov	r3, r9
1000321e:	3363      	adds	r3, #99	; 0x63
10003220:	2bc6      	cmp	r3, #198	; 0xc6
10003222:	d81e      	bhi.n	10003262 <_etoa+0x28a>
10003224:	2604      	movs	r6, #4
10003226:	9b1e      	ldr	r3, [sp, #120]	; 0x78
10003228:	051b      	lsls	r3, r3, #20
1000322a:	d526      	bpl.n	1000327a <_etoa+0x2a2>
1000322c:	002b      	movs	r3, r5
1000322e:	4323      	orrs	r3, r4
10003230:	d00f      	beq.n	10003252 <_etoa+0x27a>
10003232:	4a64      	ldr	r2, [pc, #400]	; (100033c4 <_etoa+0x3ec>)
10003234:	4b64      	ldr	r3, [pc, #400]	; (100033c8 <_etoa+0x3f0>)
10003236:	9806      	ldr	r0, [sp, #24]
10003238:	9907      	ldr	r1, [sp, #28]
1000323a:	f001 f8c3 	bl	100043c4 <__wrap___aeabi_dcmpge>
1000323e:	2800      	cmp	r0, #0
10003240:	d079      	beq.n	10003336 <_etoa+0x35e>
10003242:	2200      	movs	r2, #0
10003244:	4b61      	ldr	r3, [pc, #388]	; (100033cc <_etoa+0x3f4>)
10003246:	9806      	ldr	r0, [sp, #24]
10003248:	9907      	ldr	r1, [sp, #28]
1000324a:	f001 f8ad 	bl	100043a8 <__wrap___aeabi_dcmplt>
1000324e:	2800      	cmp	r0, #0
10003250:	d071      	beq.n	10003336 <_etoa+0x35e>
10003252:	9b1c      	ldr	r3, [sp, #112]	; 0x70
10003254:	454b      	cmp	r3, r9
10003256:	dd06      	ble.n	10003266 <_etoa+0x28e>
10003258:	464a      	mov	r2, r9
1000325a:	1a98      	subs	r0, r3, r2
1000325c:	1e43      	subs	r3, r0, #1
1000325e:	931c      	str	r3, [sp, #112]	; 0x70
10003260:	e003      	b.n	1000326a <_etoa+0x292>
10003262:	2605      	movs	r6, #5
10003264:	e7df      	b.n	10003226 <_etoa+0x24e>
10003266:	2300      	movs	r3, #0
10003268:	931c      	str	r3, [sp, #112]	; 0x70
1000326a:	2380      	movs	r3, #128	; 0x80
1000326c:	00db      	lsls	r3, r3, #3
1000326e:	9a1e      	ldr	r2, [sp, #120]	; 0x78
10003270:	431a      	orrs	r2, r3
10003272:	921e      	str	r2, [sp, #120]	; 0x78
10003274:	2600      	movs	r6, #0
10003276:	2300      	movs	r3, #0
10003278:	4699      	mov	r9, r3
1000327a:	9b1d      	ldr	r3, [sp, #116]	; 0x74
1000327c:	429e      	cmp	r6, r3
1000327e:	d264      	bcs.n	1000334a <_etoa+0x372>
10003280:	1b9f      	subs	r7, r3, r6
10003282:	2302      	movs	r3, #2
10003284:	9a1e      	ldr	r2, [sp, #120]	; 0x78
10003286:	401a      	ands	r2, r3
10003288:	920a      	str	r2, [sp, #40]	; 0x28
1000328a:	9a1e      	ldr	r2, [sp, #120]	; 0x78
1000328c:	4213      	tst	r3, r2
1000328e:	d002      	beq.n	10003296 <_etoa+0x2be>
10003290:	2e00      	cmp	r6, #0
10003292:	d000      	beq.n	10003296 <_etoa+0x2be>
10003294:	2700      	movs	r7, #0
10003296:	464b      	mov	r3, r9
10003298:	2b00      	cmp	r3, #0
1000329a:	d007      	beq.n	100032ac <_etoa+0x2d4>
1000329c:	0022      	movs	r2, r4
1000329e:	002b      	movs	r3, r5
100032a0:	9806      	ldr	r0, [sp, #24]
100032a2:	9907      	ldr	r1, [sp, #28]
100032a4:	f001 f817 	bl	100042d6 <__wrap___aeabi_ddiv>
100032a8:	9006      	str	r0, [sp, #24]
100032aa:	9107      	str	r1, [sp, #28]
100032ac:	2200      	movs	r2, #0
100032ae:	2300      	movs	r3, #0
100032b0:	9808      	ldr	r0, [sp, #32]
100032b2:	9909      	ldr	r1, [sp, #36]	; 0x24
100032b4:	f001 f878 	bl	100043a8 <__wrap___aeabi_dcmplt>
100032b8:	2800      	cmp	r0, #0
100032ba:	d148      	bne.n	1000334e <_etoa+0x376>
100032bc:	4b44      	ldr	r3, [pc, #272]	; (100033d0 <_etoa+0x3f8>)
100032be:	9a1e      	ldr	r2, [sp, #120]	; 0x78
100032c0:	4013      	ands	r3, r2
100032c2:	9304      	str	r3, [sp, #16]
100032c4:	9703      	str	r7, [sp, #12]
100032c6:	9b1c      	ldr	r3, [sp, #112]	; 0x70
100032c8:	9302      	str	r3, [sp, #8]
100032ca:	9b06      	ldr	r3, [sp, #24]
100032cc:	9c07      	ldr	r4, [sp, #28]
100032ce:	9300      	str	r3, [sp, #0]
100032d0:	9401      	str	r4, [sp, #4]
100032d2:	4643      	mov	r3, r8
100032d4:	9a0c      	ldr	r2, [sp, #48]	; 0x30
100032d6:	4651      	mov	r1, sl
100032d8:	4658      	mov	r0, fp
100032da:	f000 f887 	bl	100033ec <_ftoa>
100032de:	2e00      	cmp	r6, #0
100032e0:	d100      	bne.n	100032e4 <_etoa+0x30c>
100032e2:	e787      	b.n	100031f4 <_etoa+0x21c>
100032e4:	9b1e      	ldr	r3, [sp, #120]	; 0x78
100032e6:	069b      	lsls	r3, r3, #26
100032e8:	d53d      	bpl.n	10003366 <_etoa+0x38e>
100032ea:	2545      	movs	r5, #69	; 0x45
100032ec:	1c44      	adds	r4, r0, #1
100032ee:	4643      	mov	r3, r8
100032f0:	0002      	movs	r2, r0
100032f2:	4651      	mov	r1, sl
100032f4:	0028      	movs	r0, r5
100032f6:	47d8      	blx	fp
100032f8:	464b      	mov	r3, r9
100032fa:	17da      	asrs	r2, r3, #31
100032fc:	189b      	adds	r3, r3, r2
100032fe:	4053      	eors	r3, r2
10003300:	2205      	movs	r2, #5
10003302:	9205      	str	r2, [sp, #20]
10003304:	3e01      	subs	r6, #1
10003306:	9604      	str	r6, [sp, #16]
10003308:	2200      	movs	r2, #0
1000330a:	9203      	str	r2, [sp, #12]
1000330c:	320a      	adds	r2, #10
1000330e:	9202      	str	r2, [sp, #8]
10003310:	464a      	mov	r2, r9
10003312:	0fd0      	lsrs	r0, r2, #31
10003314:	9001      	str	r0, [sp, #4]
10003316:	9300      	str	r3, [sp, #0]
10003318:	4643      	mov	r3, r8
1000331a:	0022      	movs	r2, r4
1000331c:	4651      	mov	r1, sl
1000331e:	4658      	mov	r0, fp
10003320:	f7ff fd8a 	bl	10002e38 <_ntoa_long>
10003324:	9b0a      	ldr	r3, [sp, #40]	; 0x28
10003326:	2b00      	cmp	r3, #0
10003328:	d100      	bne.n	1000332c <_etoa+0x354>
1000332a:	e763      	b.n	100031f4 <_etoa+0x21c>
1000332c:	0002      	movs	r2, r0
1000332e:	465f      	mov	r7, fp
10003330:	9e0c      	ldr	r6, [sp, #48]	; 0x30
10003332:	9d1d      	ldr	r5, [sp, #116]	; 0x74
10003334:	e054      	b.n	100033e0 <_etoa+0x408>
10003336:	9b1c      	ldr	r3, [sp, #112]	; 0x70
10003338:	2b00      	cmp	r3, #0
1000333a:	d09e      	beq.n	1000327a <_etoa+0x2a2>
1000333c:	9b0d      	ldr	r3, [sp, #52]	; 0x34
1000333e:	2b00      	cmp	r3, #0
10003340:	d09b      	beq.n	1000327a <_etoa+0x2a2>
10003342:	9b1c      	ldr	r3, [sp, #112]	; 0x70
10003344:	3b01      	subs	r3, #1
10003346:	931c      	str	r3, [sp, #112]	; 0x70
10003348:	e797      	b.n	1000327a <_etoa+0x2a2>
1000334a:	2700      	movs	r7, #0
1000334c:	e799      	b.n	10003282 <_etoa+0x2aa>
1000334e:	9c06      	ldr	r4, [sp, #24]
10003350:	9d07      	ldr	r5, [sp, #28]
10003352:	0022      	movs	r2, r4
10003354:	0029      	movs	r1, r5
10003356:	2080      	movs	r0, #128	; 0x80
10003358:	0600      	lsls	r0, r0, #24
1000335a:	4684      	mov	ip, r0
1000335c:	4461      	add	r1, ip
1000335e:	000b      	movs	r3, r1
10003360:	9206      	str	r2, [sp, #24]
10003362:	9307      	str	r3, [sp, #28]
10003364:	e7aa      	b.n	100032bc <_etoa+0x2e4>
10003366:	2565      	movs	r5, #101	; 0x65
10003368:	e7c0      	b.n	100032ec <_etoa+0x314>
1000336a:	46c0      	nop			; (mov r8, r8)
1000336c:	7fefffff 	.word	0x7fefffff
10003370:	ffefffff 	.word	0xffefffff
10003374:	fffffc01 	.word	0xfffffc01
10003378:	3ff00000 	.word	0x3ff00000
1000337c:	509f79fb 	.word	0x509f79fb
10003380:	3fd34413 	.word	0x3fd34413
10003384:	8b60c8b3 	.word	0x8b60c8b3
10003388:	3fc68a28 	.word	0x3fc68a28
1000338c:	3ff80000 	.word	0x3ff80000
10003390:	636f4361 	.word	0x636f4361
10003394:	3fd287a7 	.word	0x3fd287a7
10003398:	0979a371 	.word	0x0979a371
1000339c:	400a934f 	.word	0x400a934f
100033a0:	3fe00000 	.word	0x3fe00000
100033a4:	bbb55516 	.word	0xbbb55516
100033a8:	40026bb1 	.word	0x40026bb1
100033ac:	fefa39ef 	.word	0xfefa39ef
100033b0:	3fe62e42 	.word	0x3fe62e42
100033b4:	000003ff 	.word	0x000003ff
100033b8:	402c0000 	.word	0x402c0000
100033bc:	40240000 	.word	0x40240000
100033c0:	40180000 	.word	0x40180000
100033c4:	eb1c432d 	.word	0xeb1c432d
100033c8:	3f1a36e2 	.word	0x3f1a36e2
100033cc:	412e8480 	.word	0x412e8480
100033d0:	fffff7ff 	.word	0xfffff7ff
100033d4:	1c54      	adds	r4, r2, #1
100033d6:	4643      	mov	r3, r8
100033d8:	4651      	mov	r1, sl
100033da:	2020      	movs	r0, #32
100033dc:	47b8      	blx	r7
100033de:	0022      	movs	r2, r4
100033e0:	1b93      	subs	r3, r2, r6
100033e2:	42ab      	cmp	r3, r5
100033e4:	d3f6      	bcc.n	100033d4 <_etoa+0x3fc>
100033e6:	0010      	movs	r0, r2
100033e8:	e704      	b.n	100031f4 <_etoa+0x21c>
100033ea:	46c0      	nop			; (mov r8, r8)

100033ec <_ftoa>:
100033ec:	b5f0      	push	{r4, r5, r6, r7, lr}
100033ee:	46de      	mov	lr, fp
100033f0:	4657      	mov	r7, sl
100033f2:	464e      	mov	r6, r9
100033f4:	4645      	mov	r5, r8
100033f6:	b5e0      	push	{r5, r6, r7, lr}
100033f8:	b095      	sub	sp, #84	; 0x54
100033fa:	9006      	str	r0, [sp, #24]
100033fc:	9107      	str	r1, [sp, #28]
100033fe:	4693      	mov	fp, r2
10003400:	4699      	mov	r9, r3
10003402:	9f20      	ldr	r7, [sp, #128]	; 0x80
10003404:	9a1e      	ldr	r2, [sp, #120]	; 0x78
10003406:	9b1f      	ldr	r3, [sp, #124]	; 0x7c
10003408:	0010      	movs	r0, r2
1000340a:	0019      	movs	r1, r3
1000340c:	f000 ffe7 	bl	100043de <__wrap___aeabi_dcmpun>
10003410:	2800      	cmp	r0, #0
10003412:	d131      	bne.n	10003478 <_ftoa+0x8c>
10003414:	2201      	movs	r2, #1
10003416:	4252      	negs	r2, r2
10003418:	4bbf      	ldr	r3, [pc, #764]	; (10003718 <_ftoa+0x32c>)
1000341a:	981e      	ldr	r0, [sp, #120]	; 0x78
1000341c:	991f      	ldr	r1, [sp, #124]	; 0x7c
1000341e:	f000 ffc3 	bl	100043a8 <__wrap___aeabi_dcmplt>
10003422:	2800      	cmp	r0, #0
10003424:	d137      	bne.n	10003496 <_ftoa+0xaa>
10003426:	2201      	movs	r2, #1
10003428:	4252      	negs	r2, r2
1000342a:	4bbc      	ldr	r3, [pc, #752]	; (1000371c <_ftoa+0x330>)
1000342c:	981e      	ldr	r0, [sp, #120]	; 0x78
1000342e:	991f      	ldr	r1, [sp, #124]	; 0x7c
10003430:	f000 ffd0 	bl	100043d4 <__wrap___aeabi_dcmpgt>
10003434:	2800      	cmp	r0, #0
10003436:	d13d      	bne.n	100034b4 <_ftoa+0xc8>
10003438:	2200      	movs	r2, #0
1000343a:	4bb9      	ldr	r3, [pc, #740]	; (10003720 <_ftoa+0x334>)
1000343c:	981e      	ldr	r0, [sp, #120]	; 0x78
1000343e:	991f      	ldr	r1, [sp, #124]	; 0x7c
10003440:	f000 ffc8 	bl	100043d4 <__wrap___aeabi_dcmpgt>
10003444:	2800      	cmp	r0, #0
10003446:	d150      	bne.n	100034ea <_ftoa+0xfe>
10003448:	2200      	movs	r2, #0
1000344a:	4bb6      	ldr	r3, [pc, #728]	; (10003724 <_ftoa+0x338>)
1000344c:	981e      	ldr	r0, [sp, #120]	; 0x78
1000344e:	991f      	ldr	r1, [sp, #124]	; 0x7c
10003450:	f000 ffaa 	bl	100043a8 <__wrap___aeabi_dcmplt>
10003454:	2800      	cmp	r0, #0
10003456:	d148      	bne.n	100034ea <_ftoa+0xfe>
10003458:	2200      	movs	r2, #0
1000345a:	2300      	movs	r3, #0
1000345c:	981e      	ldr	r0, [sp, #120]	; 0x78
1000345e:	991f      	ldr	r1, [sp, #124]	; 0x7c
10003460:	f000 ffa2 	bl	100043a8 <__wrap___aeabi_dcmplt>
10003464:	2800      	cmp	r0, #0
10003466:	d150      	bne.n	1000350a <_ftoa+0x11e>
10003468:	2300      	movs	r3, #0
1000346a:	4698      	mov	r8, r3
1000346c:	9b22      	ldr	r3, [sp, #136]	; 0x88
1000346e:	055b      	lsls	r3, r3, #21
10003470:	d400      	bmi.n	10003474 <_ftoa+0x88>
10003472:	e0b6      	b.n	100035e2 <_ftoa+0x1f6>
10003474:	2400      	movs	r4, #0
10003476:	e058      	b.n	1000352a <_ftoa+0x13e>
10003478:	9b22      	ldr	r3, [sp, #136]	; 0x88
1000347a:	9303      	str	r3, [sp, #12]
1000347c:	9b21      	ldr	r3, [sp, #132]	; 0x84
1000347e:	9302      	str	r3, [sp, #8]
10003480:	2303      	movs	r3, #3
10003482:	9301      	str	r3, [sp, #4]
10003484:	4ba8      	ldr	r3, [pc, #672]	; (10003728 <_ftoa+0x33c>)
10003486:	9300      	str	r3, [sp, #0]
10003488:	464b      	mov	r3, r9
1000348a:	465a      	mov	r2, fp
1000348c:	9907      	ldr	r1, [sp, #28]
1000348e:	9806      	ldr	r0, [sp, #24]
10003490:	f7ff fbf2 	bl	10002c78 <_out_rev>
10003494:	e10e      	b.n	100036b4 <_ftoa+0x2c8>
10003496:	9b22      	ldr	r3, [sp, #136]	; 0x88
10003498:	9303      	str	r3, [sp, #12]
1000349a:	9b21      	ldr	r3, [sp, #132]	; 0x84
1000349c:	9302      	str	r3, [sp, #8]
1000349e:	2304      	movs	r3, #4
100034a0:	9301      	str	r3, [sp, #4]
100034a2:	4ba2      	ldr	r3, [pc, #648]	; (1000372c <_ftoa+0x340>)
100034a4:	9300      	str	r3, [sp, #0]
100034a6:	464b      	mov	r3, r9
100034a8:	465a      	mov	r2, fp
100034aa:	9907      	ldr	r1, [sp, #28]
100034ac:	9806      	ldr	r0, [sp, #24]
100034ae:	f7ff fbe3 	bl	10002c78 <_out_rev>
100034b2:	e0ff      	b.n	100036b4 <_ftoa+0x2c8>
100034b4:	2304      	movs	r3, #4
100034b6:	9a22      	ldr	r2, [sp, #136]	; 0x88
100034b8:	401a      	ands	r2, r3
100034ba:	9922      	ldr	r1, [sp, #136]	; 0x88
100034bc:	420b      	tst	r3, r1
100034be:	d010      	beq.n	100034e2 <_ftoa+0xf6>
100034c0:	4b9b      	ldr	r3, [pc, #620]	; (10003730 <_ftoa+0x344>)
100034c2:	2a00      	cmp	r2, #0
100034c4:	d00f      	beq.n	100034e6 <_ftoa+0xfa>
100034c6:	2204      	movs	r2, #4
100034c8:	9922      	ldr	r1, [sp, #136]	; 0x88
100034ca:	9103      	str	r1, [sp, #12]
100034cc:	9921      	ldr	r1, [sp, #132]	; 0x84
100034ce:	9102      	str	r1, [sp, #8]
100034d0:	9201      	str	r2, [sp, #4]
100034d2:	9300      	str	r3, [sp, #0]
100034d4:	464b      	mov	r3, r9
100034d6:	465a      	mov	r2, fp
100034d8:	9907      	ldr	r1, [sp, #28]
100034da:	9806      	ldr	r0, [sp, #24]
100034dc:	f7ff fbcc 	bl	10002c78 <_out_rev>
100034e0:	e0e8      	b.n	100036b4 <_ftoa+0x2c8>
100034e2:	4b94      	ldr	r3, [pc, #592]	; (10003734 <_ftoa+0x348>)
100034e4:	e7ed      	b.n	100034c2 <_ftoa+0xd6>
100034e6:	2203      	movs	r2, #3
100034e8:	e7ee      	b.n	100034c8 <_ftoa+0xdc>
100034ea:	9b22      	ldr	r3, [sp, #136]	; 0x88
100034ec:	9304      	str	r3, [sp, #16]
100034ee:	9b21      	ldr	r3, [sp, #132]	; 0x84
100034f0:	9303      	str	r3, [sp, #12]
100034f2:	9702      	str	r7, [sp, #8]
100034f4:	9b1e      	ldr	r3, [sp, #120]	; 0x78
100034f6:	9c1f      	ldr	r4, [sp, #124]	; 0x7c
100034f8:	9300      	str	r3, [sp, #0]
100034fa:	9401      	str	r4, [sp, #4]
100034fc:	464b      	mov	r3, r9
100034fe:	465a      	mov	r2, fp
10003500:	9907      	ldr	r1, [sp, #28]
10003502:	9806      	ldr	r0, [sp, #24]
10003504:	f7ff fd68 	bl	10002fd8 <_etoa>
10003508:	e0d4      	b.n	100036b4 <_ftoa+0x2c8>
1000350a:	9a1e      	ldr	r2, [sp, #120]	; 0x78
1000350c:	9b1f      	ldr	r3, [sp, #124]	; 0x7c
1000350e:	2000      	movs	r0, #0
10003510:	2100      	movs	r1, #0
10003512:	f000 fece 	bl	100042b2 <__wrap___aeabi_dsub>
10003516:	901e      	str	r0, [sp, #120]	; 0x78
10003518:	911f      	str	r1, [sp, #124]	; 0x7c
1000351a:	2301      	movs	r3, #1
1000351c:	4698      	mov	r8, r3
1000351e:	e7a5      	b.n	1000346c <_ftoa+0x80>
10003520:	ab0c      	add	r3, sp, #48	; 0x30
10003522:	2230      	movs	r2, #48	; 0x30
10003524:	551a      	strb	r2, [r3, r4]
10003526:	3f01      	subs	r7, #1
10003528:	3401      	adds	r4, #1
1000352a:	2c1f      	cmp	r4, #31
1000352c:	d801      	bhi.n	10003532 <_ftoa+0x146>
1000352e:	2f09      	cmp	r7, #9
10003530:	d8f6      	bhi.n	10003520 <_ftoa+0x134>
10003532:	981e      	ldr	r0, [sp, #120]	; 0x78
10003534:	991f      	ldr	r1, [sp, #124]	; 0x7c
10003536:	f000 ff7d 	bl	10004434 <__wrap___aeabi_d2iz>
1000353a:	0005      	movs	r5, r0
1000353c:	f000 ff62 	bl	10004404 <__wrap___aeabi_i2d>
10003540:	0002      	movs	r2, r0
10003542:	000b      	movs	r3, r1
10003544:	981e      	ldr	r0, [sp, #120]	; 0x78
10003546:	991f      	ldr	r1, [sp, #124]	; 0x7c
10003548:	f000 feb3 	bl	100042b2 <__wrap___aeabi_dsub>
1000354c:	00fa      	lsls	r2, r7, #3
1000354e:	4b7a      	ldr	r3, [pc, #488]	; (10003738 <_ftoa+0x34c>)
10003550:	189b      	adds	r3, r3, r2
10003552:	681a      	ldr	r2, [r3, #0]
10003554:	685b      	ldr	r3, [r3, #4]
10003556:	920a      	str	r2, [sp, #40]	; 0x28
10003558:	930b      	str	r3, [sp, #44]	; 0x2c
1000355a:	f000 feda 	bl	10004312 <__wrap___aeabi_dmul>
1000355e:	9008      	str	r0, [sp, #32]
10003560:	9109      	str	r1, [sp, #36]	; 0x24
10003562:	f000 ff8b 	bl	1000447c <__wrap___aeabi_d2uiz>
10003566:	0006      	movs	r6, r0
10003568:	f000 ff48 	bl	100043fc <__wrap___aeabi_ui2d>
1000356c:	0002      	movs	r2, r0
1000356e:	000b      	movs	r3, r1
10003570:	9808      	ldr	r0, [sp, #32]
10003572:	9909      	ldr	r1, [sp, #36]	; 0x24
10003574:	f000 fe9d 	bl	100042b2 <__wrap___aeabi_dsub>
10003578:	9008      	str	r0, [sp, #32]
1000357a:	9109      	str	r1, [sp, #36]	; 0x24
1000357c:	2200      	movs	r2, #0
1000357e:	4b6f      	ldr	r3, [pc, #444]	; (1000373c <_ftoa+0x350>)
10003580:	f000 ff28 	bl	100043d4 <__wrap___aeabi_dcmpgt>
10003584:	2800      	cmp	r0, #0
10003586:	d02e      	beq.n	100035e6 <_ftoa+0x1fa>
10003588:	3601      	adds	r6, #1
1000358a:	0030      	movs	r0, r6
1000358c:	f000 ff36 	bl	100043fc <__wrap___aeabi_ui2d>
10003590:	0002      	movs	r2, r0
10003592:	000b      	movs	r3, r1
10003594:	980a      	ldr	r0, [sp, #40]	; 0x28
10003596:	990b      	ldr	r1, [sp, #44]	; 0x2c
10003598:	f000 ff0c 	bl	100043b4 <__wrap___aeabi_dcmple>
1000359c:	2800      	cmp	r0, #0
1000359e:	d001      	beq.n	100035a4 <_ftoa+0x1b8>
100035a0:	3501      	adds	r5, #1
100035a2:	2600      	movs	r6, #0
100035a4:	2f00      	cmp	r7, #0
100035a6:	d12c      	bne.n	10003602 <_ftoa+0x216>
100035a8:	0028      	movs	r0, r5
100035aa:	f000 ff2b 	bl	10004404 <__wrap___aeabi_i2d>
100035ae:	0002      	movs	r2, r0
100035b0:	000b      	movs	r3, r1
100035b2:	981e      	ldr	r0, [sp, #120]	; 0x78
100035b4:	991f      	ldr	r1, [sp, #124]	; 0x7c
100035b6:	f000 fe7c 	bl	100042b2 <__wrap___aeabi_dsub>
100035ba:	0006      	movs	r6, r0
100035bc:	000f      	movs	r7, r1
100035be:	2200      	movs	r2, #0
100035c0:	4b5e      	ldr	r3, [pc, #376]	; (1000373c <_ftoa+0x350>)
100035c2:	f000 fef1 	bl	100043a8 <__wrap___aeabi_dcmplt>
100035c6:	2800      	cmp	r0, #0
100035c8:	d146      	bne.n	10003658 <_ftoa+0x26c>
100035ca:	2200      	movs	r2, #0
100035cc:	4b5b      	ldr	r3, [pc, #364]	; (1000373c <_ftoa+0x350>)
100035ce:	0030      	movs	r0, r6
100035d0:	0039      	movs	r1, r7
100035d2:	f000 feff 	bl	100043d4 <__wrap___aeabi_dcmpgt>
100035d6:	2800      	cmp	r0, #0
100035d8:	d13e      	bne.n	10003658 <_ftoa+0x26c>
100035da:	07eb      	lsls	r3, r5, #31
100035dc:	d53c      	bpl.n	10003658 <_ftoa+0x26c>
100035de:	3501      	adds	r5, #1
100035e0:	e03a      	b.n	10003658 <_ftoa+0x26c>
100035e2:	2706      	movs	r7, #6
100035e4:	e746      	b.n	10003474 <_ftoa+0x88>
100035e6:	2200      	movs	r2, #0
100035e8:	4b54      	ldr	r3, [pc, #336]	; (1000373c <_ftoa+0x350>)
100035ea:	9808      	ldr	r0, [sp, #32]
100035ec:	9909      	ldr	r1, [sp, #36]	; 0x24
100035ee:	f000 fedb 	bl	100043a8 <__wrap___aeabi_dcmplt>
100035f2:	2800      	cmp	r0, #0
100035f4:	d1d6      	bne.n	100035a4 <_ftoa+0x1b8>
100035f6:	2e00      	cmp	r6, #0
100035f8:	d001      	beq.n	100035fe <_ftoa+0x212>
100035fa:	07f3      	lsls	r3, r6, #31
100035fc:	d5d2      	bpl.n	100035a4 <_ftoa+0x1b8>
100035fe:	3601      	adds	r6, #1
10003600:	e7d0      	b.n	100035a4 <_ftoa+0x1b8>
10003602:	46aa      	mov	sl, r5
10003604:	2c1f      	cmp	r4, #31
10003606:	d811      	bhi.n	1000362c <_ftoa+0x240>
10003608:	3f01      	subs	r7, #1
1000360a:	210a      	movs	r1, #10
1000360c:	0030      	movs	r0, r6
1000360e:	f000 fc15 	bl	10003e3c <__wrap___aeabi_uidiv>
10003612:	1c65      	adds	r5, r4, #1
10003614:	3130      	adds	r1, #48	; 0x30
10003616:	ab0c      	add	r3, sp, #48	; 0x30
10003618:	5519      	strb	r1, [r3, r4]
1000361a:	210a      	movs	r1, #10
1000361c:	0030      	movs	r0, r6
1000361e:	f000 fc0d 	bl	10003e3c <__wrap___aeabi_uidiv>
10003622:	2e09      	cmp	r6, #9
10003624:	d90e      	bls.n	10003644 <_ftoa+0x258>
10003626:	0006      	movs	r6, r0
10003628:	002c      	movs	r4, r5
1000362a:	e7eb      	b.n	10003604 <_ftoa+0x218>
1000362c:	4655      	mov	r5, sl
1000362e:	2c1f      	cmp	r4, #31
10003630:	d80c      	bhi.n	1000364c <_ftoa+0x260>
10003632:	1e7b      	subs	r3, r7, #1
10003634:	2f00      	cmp	r7, #0
10003636:	d009      	beq.n	1000364c <_ftoa+0x260>
10003638:	aa0c      	add	r2, sp, #48	; 0x30
1000363a:	2130      	movs	r1, #48	; 0x30
1000363c:	5511      	strb	r1, [r2, r4]
1000363e:	001f      	movs	r7, r3
10003640:	3401      	adds	r4, #1
10003642:	e7f4      	b.n	1000362e <_ftoa+0x242>
10003644:	002b      	movs	r3, r5
10003646:	4655      	mov	r5, sl
10003648:	001c      	movs	r4, r3
1000364a:	e7f0      	b.n	1000362e <_ftoa+0x242>
1000364c:	2c1f      	cmp	r4, #31
1000364e:	d803      	bhi.n	10003658 <_ftoa+0x26c>
10003650:	ab0c      	add	r3, sp, #48	; 0x30
10003652:	222e      	movs	r2, #46	; 0x2e
10003654:	551a      	strb	r2, [r3, r4]
10003656:	3401      	adds	r4, #1
10003658:	2c1f      	cmp	r4, #31
1000365a:	d810      	bhi.n	1000367e <_ftoa+0x292>
1000365c:	210a      	movs	r1, #10
1000365e:	0028      	movs	r0, r5
10003660:	f000 fbc4 	bl	10003dec <__wrap___aeabi_idiv>
10003664:	1c66      	adds	r6, r4, #1
10003666:	3130      	adds	r1, #48	; 0x30
10003668:	ab0c      	add	r3, sp, #48	; 0x30
1000366a:	5519      	strb	r1, [r3, r4]
1000366c:	210a      	movs	r1, #10
1000366e:	0028      	movs	r0, r5
10003670:	f000 fbbc 	bl	10003dec <__wrap___aeabi_idiv>
10003674:	1e05      	subs	r5, r0, #0
10003676:	d001      	beq.n	1000367c <_ftoa+0x290>
10003678:	0034      	movs	r4, r6
1000367a:	e7ed      	b.n	10003658 <_ftoa+0x26c>
1000367c:	0034      	movs	r4, r6
1000367e:	2303      	movs	r3, #3
10003680:	9a22      	ldr	r2, [sp, #136]	; 0x88
10003682:	4013      	ands	r3, r2
10003684:	2b01      	cmp	r3, #1
10003686:	d01c      	beq.n	100036c2 <_ftoa+0x2d6>
10003688:	2c1f      	cmp	r4, #31
1000368a:	d806      	bhi.n	1000369a <_ftoa+0x2ae>
1000368c:	4643      	mov	r3, r8
1000368e:	2b00      	cmp	r3, #0
10003690:	d032      	beq.n	100036f8 <_ftoa+0x30c>
10003692:	ab0c      	add	r3, sp, #48	; 0x30
10003694:	222d      	movs	r2, #45	; 0x2d
10003696:	551a      	strb	r2, [r3, r4]
10003698:	3401      	adds	r4, #1
1000369a:	9b22      	ldr	r3, [sp, #136]	; 0x88
1000369c:	9303      	str	r3, [sp, #12]
1000369e:	9b21      	ldr	r3, [sp, #132]	; 0x84
100036a0:	9302      	str	r3, [sp, #8]
100036a2:	9401      	str	r4, [sp, #4]
100036a4:	ab0c      	add	r3, sp, #48	; 0x30
100036a6:	9300      	str	r3, [sp, #0]
100036a8:	464b      	mov	r3, r9
100036aa:	465a      	mov	r2, fp
100036ac:	9907      	ldr	r1, [sp, #28]
100036ae:	9806      	ldr	r0, [sp, #24]
100036b0:	f7ff fae2 	bl	10002c78 <_out_rev>
100036b4:	b015      	add	sp, #84	; 0x54
100036b6:	bcf0      	pop	{r4, r5, r6, r7}
100036b8:	46bb      	mov	fp, r7
100036ba:	46b2      	mov	sl, r6
100036bc:	46a9      	mov	r9, r5
100036be:	46a0      	mov	r8, r4
100036c0:	bdf0      	pop	{r4, r5, r6, r7, pc}
100036c2:	9b21      	ldr	r3, [sp, #132]	; 0x84
100036c4:	2b00      	cmp	r3, #0
100036c6:	d013      	beq.n	100036f0 <_ftoa+0x304>
100036c8:	4643      	mov	r3, r8
100036ca:	2b00      	cmp	r3, #0
100036cc:	d102      	bne.n	100036d4 <_ftoa+0x2e8>
100036ce:	330c      	adds	r3, #12
100036d0:	4213      	tst	r3, r2
100036d2:	d00f      	beq.n	100036f4 <_ftoa+0x308>
100036d4:	9b21      	ldr	r3, [sp, #132]	; 0x84
100036d6:	3b01      	subs	r3, #1
100036d8:	9321      	str	r3, [sp, #132]	; 0x84
100036da:	0019      	movs	r1, r3
100036dc:	e003      	b.n	100036e6 <_ftoa+0x2fa>
100036de:	ab0c      	add	r3, sp, #48	; 0x30
100036e0:	2230      	movs	r2, #48	; 0x30
100036e2:	551a      	strb	r2, [r3, r4]
100036e4:	3401      	adds	r4, #1
100036e6:	428c      	cmp	r4, r1
100036e8:	d2ce      	bcs.n	10003688 <_ftoa+0x29c>
100036ea:	2c1f      	cmp	r4, #31
100036ec:	d9f7      	bls.n	100036de <_ftoa+0x2f2>
100036ee:	e7cb      	b.n	10003688 <_ftoa+0x29c>
100036f0:	9921      	ldr	r1, [sp, #132]	; 0x84
100036f2:	e7f8      	b.n	100036e6 <_ftoa+0x2fa>
100036f4:	9921      	ldr	r1, [sp, #132]	; 0x84
100036f6:	e7f6      	b.n	100036e6 <_ftoa+0x2fa>
100036f8:	9b22      	ldr	r3, [sp, #136]	; 0x88
100036fa:	075b      	lsls	r3, r3, #29
100036fc:	d504      	bpl.n	10003708 <_ftoa+0x31c>
100036fe:	ab0c      	add	r3, sp, #48	; 0x30
10003700:	222b      	movs	r2, #43	; 0x2b
10003702:	551a      	strb	r2, [r3, r4]
10003704:	3401      	adds	r4, #1
10003706:	e7c8      	b.n	1000369a <_ftoa+0x2ae>
10003708:	9b22      	ldr	r3, [sp, #136]	; 0x88
1000370a:	071b      	lsls	r3, r3, #28
1000370c:	d5c5      	bpl.n	1000369a <_ftoa+0x2ae>
1000370e:	ab0c      	add	r3, sp, #48	; 0x30
10003710:	2220      	movs	r2, #32
10003712:	551a      	strb	r2, [r3, r4]
10003714:	3401      	adds	r4, #1
10003716:	e7c0      	b.n	1000369a <_ftoa+0x2ae>
10003718:	ffefffff 	.word	0xffefffff
1000371c:	7fefffff 	.word	0x7fefffff
10003720:	41cdcd65 	.word	0x41cdcd65
10003724:	c1cdcd65 	.word	0xc1cdcd65
10003728:	1000b7cc 	.word	0x1000b7cc
1000372c:	1000b7d0 	.word	0x1000b7d0
10003730:	1000b7c4 	.word	0x1000b7c4
10003734:	1000b7c0 	.word	0x1000b7c0
10003738:	1000b9b8 	.word	0x1000b9b8
1000373c:	3fe00000 	.word	0x3fe00000

10003740 <_vsnprintf>:
10003740:	b5f0      	push	{r4, r5, r6, r7, lr}
10003742:	46de      	mov	lr, fp
10003744:	4657      	mov	r7, sl
10003746:	464e      	mov	r6, r9
10003748:	4645      	mov	r5, r8
1000374a:	b5e0      	push	{r5, r6, r7, lr}
1000374c:	b093      	sub	sp, #76	; 0x4c
1000374e:	4682      	mov	sl, r0
10003750:	468b      	mov	fp, r1
10003752:	4690      	mov	r8, r2
10003754:	9311      	str	r3, [sp, #68]	; 0x44
10003756:	2900      	cmp	r1, #0
10003758:	d100      	bne.n	1000375c <_vsnprintf+0x1c>
1000375a:	e2eb      	b.n	10003d34 <_vsnprintf+0x5f4>
1000375c:	2700      	movs	r7, #0
1000375e:	4655      	mov	r5, sl
10003760:	9b11      	ldr	r3, [sp, #68]	; 0x44
10003762:	7818      	ldrb	r0, [r3, #0]
10003764:	2800      	cmp	r0, #0
10003766:	d100      	bne.n	1000376a <_vsnprintf+0x2a>
10003768:	e2e7      	b.n	10003d3a <_vsnprintf+0x5fa>
1000376a:	2825      	cmp	r0, #37	; 0x25
1000376c:	d009      	beq.n	10003782 <_vsnprintf+0x42>
1000376e:	1c7c      	adds	r4, r7, #1
10003770:	4643      	mov	r3, r8
10003772:	003a      	movs	r2, r7
10003774:	4659      	mov	r1, fp
10003776:	47a8      	blx	r5
10003778:	9b11      	ldr	r3, [sp, #68]	; 0x44
1000377a:	3301      	adds	r3, #1
1000377c:	9311      	str	r3, [sp, #68]	; 0x44
1000377e:	0027      	movs	r7, r4
10003780:	e7ee      	b.n	10003760 <_vsnprintf+0x20>
10003782:	3301      	adds	r3, #1
10003784:	9311      	str	r3, [sp, #68]	; 0x44
10003786:	2400      	movs	r4, #0
10003788:	9a11      	ldr	r2, [sp, #68]	; 0x44
1000378a:	7811      	ldrb	r1, [r2, #0]
1000378c:	000b      	movs	r3, r1
1000378e:	3b20      	subs	r3, #32
10003790:	b2d8      	uxtb	r0, r3
10003792:	2810      	cmp	r0, #16
10003794:	d803      	bhi.n	1000379e <_vsnprintf+0x5e>
10003796:	0083      	lsls	r3, r0, #2
10003798:	48d0      	ldr	r0, [pc, #832]	; (10003adc <_vsnprintf+0x39c>)
1000379a:	58c3      	ldr	r3, [r0, r3]
1000379c:	469f      	mov	pc, r3
1000379e:	000b      	movs	r3, r1
100037a0:	3b30      	subs	r3, #48	; 0x30
100037a2:	b2db      	uxtb	r3, r3
100037a4:	2b09      	cmp	r3, #9
100037a6:	d92c      	bls.n	10003802 <_vsnprintf+0xc2>
100037a8:	292a      	cmp	r1, #42	; 0x2a
100037aa:	d02f      	beq.n	1000380c <_vsnprintf+0xcc>
100037ac:	2300      	movs	r3, #0
100037ae:	930a      	str	r3, [sp, #40]	; 0x28
100037b0:	9b11      	ldr	r3, [sp, #68]	; 0x44
100037b2:	781a      	ldrb	r2, [r3, #0]
100037b4:	2a2e      	cmp	r2, #46	; 0x2e
100037b6:	d039      	beq.n	1000382c <_vsnprintf+0xec>
100037b8:	2300      	movs	r3, #0
100037ba:	469a      	mov	sl, r3
100037bc:	9a11      	ldr	r2, [sp, #68]	; 0x44
100037be:	7813      	ldrb	r3, [r2, #0]
100037c0:	3b68      	subs	r3, #104	; 0x68
100037c2:	b2d9      	uxtb	r1, r3
100037c4:	2912      	cmp	r1, #18
100037c6:	d876      	bhi.n	100038b6 <_vsnprintf+0x176>
100037c8:	008b      	lsls	r3, r1, #2
100037ca:	49c5      	ldr	r1, [pc, #788]	; (10003ae0 <_vsnprintf+0x3a0>)
100037cc:	58cb      	ldr	r3, [r1, r3]
100037ce:	469f      	mov	pc, r3
100037d0:	2301      	movs	r3, #1
100037d2:	431c      	orrs	r4, r3
100037d4:	3201      	adds	r2, #1
100037d6:	9211      	str	r2, [sp, #68]	; 0x44
100037d8:	e7d6      	b.n	10003788 <_vsnprintf+0x48>
100037da:	2302      	movs	r3, #2
100037dc:	431c      	orrs	r4, r3
100037de:	3201      	adds	r2, #1
100037e0:	9211      	str	r2, [sp, #68]	; 0x44
100037e2:	e7d1      	b.n	10003788 <_vsnprintf+0x48>
100037e4:	2304      	movs	r3, #4
100037e6:	431c      	orrs	r4, r3
100037e8:	3201      	adds	r2, #1
100037ea:	9211      	str	r2, [sp, #68]	; 0x44
100037ec:	e7cc      	b.n	10003788 <_vsnprintf+0x48>
100037ee:	2308      	movs	r3, #8
100037f0:	431c      	orrs	r4, r3
100037f2:	3201      	adds	r2, #1
100037f4:	9211      	str	r2, [sp, #68]	; 0x44
100037f6:	e7c7      	b.n	10003788 <_vsnprintf+0x48>
100037f8:	2310      	movs	r3, #16
100037fa:	431c      	orrs	r4, r3
100037fc:	3201      	adds	r2, #1
100037fe:	9211      	str	r2, [sp, #68]	; 0x44
10003800:	e7c2      	b.n	10003788 <_vsnprintf+0x48>
10003802:	a811      	add	r0, sp, #68	; 0x44
10003804:	f7ff fa26 	bl	10002c54 <_atoi>
10003808:	900a      	str	r0, [sp, #40]	; 0x28
1000380a:	e7d1      	b.n	100037b0 <_vsnprintf+0x70>
1000380c:	9b1c      	ldr	r3, [sp, #112]	; 0x70
1000380e:	1d1a      	adds	r2, r3, #4
10003810:	921c      	str	r2, [sp, #112]	; 0x70
10003812:	6818      	ldr	r0, [r3, #0]
10003814:	2800      	cmp	r0, #0
10003816:	db04      	blt.n	10003822 <_vsnprintf+0xe2>
10003818:	900a      	str	r0, [sp, #40]	; 0x28
1000381a:	9b11      	ldr	r3, [sp, #68]	; 0x44
1000381c:	3301      	adds	r3, #1
1000381e:	9311      	str	r3, [sp, #68]	; 0x44
10003820:	e7c6      	b.n	100037b0 <_vsnprintf+0x70>
10003822:	2302      	movs	r3, #2
10003824:	431c      	orrs	r4, r3
10003826:	4243      	negs	r3, r0
10003828:	930a      	str	r3, [sp, #40]	; 0x28
1000382a:	e7f6      	b.n	1000381a <_vsnprintf+0xda>
1000382c:	2280      	movs	r2, #128	; 0x80
1000382e:	00d2      	lsls	r2, r2, #3
10003830:	4314      	orrs	r4, r2
10003832:	1c5a      	adds	r2, r3, #1
10003834:	9211      	str	r2, [sp, #68]	; 0x44
10003836:	785a      	ldrb	r2, [r3, #1]
10003838:	0013      	movs	r3, r2
1000383a:	3b30      	subs	r3, #48	; 0x30
1000383c:	b2db      	uxtb	r3, r3
1000383e:	2b09      	cmp	r3, #9
10003840:	d904      	bls.n	1000384c <_vsnprintf+0x10c>
10003842:	2a2a      	cmp	r2, #42	; 0x2a
10003844:	d007      	beq.n	10003856 <_vsnprintf+0x116>
10003846:	2300      	movs	r3, #0
10003848:	469a      	mov	sl, r3
1000384a:	e7b7      	b.n	100037bc <_vsnprintf+0x7c>
1000384c:	a811      	add	r0, sp, #68	; 0x44
1000384e:	f7ff fa01 	bl	10002c54 <_atoi>
10003852:	4682      	mov	sl, r0
10003854:	e7b2      	b.n	100037bc <_vsnprintf+0x7c>
10003856:	9b1c      	ldr	r3, [sp, #112]	; 0x70
10003858:	1d1a      	adds	r2, r3, #4
1000385a:	921c      	str	r2, [sp, #112]	; 0x70
1000385c:	6818      	ldr	r0, [r3, #0]
1000385e:	2800      	cmp	r0, #0
10003860:	db04      	blt.n	1000386c <_vsnprintf+0x12c>
10003862:	4682      	mov	sl, r0
10003864:	9b11      	ldr	r3, [sp, #68]	; 0x44
10003866:	3301      	adds	r3, #1
10003868:	9311      	str	r3, [sp, #68]	; 0x44
1000386a:	e7a7      	b.n	100037bc <_vsnprintf+0x7c>
1000386c:	2000      	movs	r0, #0
1000386e:	e7f8      	b.n	10003862 <_vsnprintf+0x122>
10003870:	2380      	movs	r3, #128	; 0x80
10003872:	005b      	lsls	r3, r3, #1
10003874:	4323      	orrs	r3, r4
10003876:	1c51      	adds	r1, r2, #1
10003878:	9111      	str	r1, [sp, #68]	; 0x44
1000387a:	7852      	ldrb	r2, [r2, #1]
1000387c:	2a6c      	cmp	r2, #108	; 0x6c
1000387e:	d001      	beq.n	10003884 <_vsnprintf+0x144>
10003880:	001c      	movs	r4, r3
10003882:	e018      	b.n	100038b6 <_vsnprintf+0x176>
10003884:	23c0      	movs	r3, #192	; 0xc0
10003886:	009b      	lsls	r3, r3, #2
10003888:	431c      	orrs	r4, r3
1000388a:	3101      	adds	r1, #1
1000388c:	9111      	str	r1, [sp, #68]	; 0x44
1000388e:	e012      	b.n	100038b6 <_vsnprintf+0x176>
10003890:	2380      	movs	r3, #128	; 0x80
10003892:	4323      	orrs	r3, r4
10003894:	1c51      	adds	r1, r2, #1
10003896:	9111      	str	r1, [sp, #68]	; 0x44
10003898:	7852      	ldrb	r2, [r2, #1]
1000389a:	2a68      	cmp	r2, #104	; 0x68
1000389c:	d001      	beq.n	100038a2 <_vsnprintf+0x162>
1000389e:	001c      	movs	r4, r3
100038a0:	e009      	b.n	100038b6 <_vsnprintf+0x176>
100038a2:	23c0      	movs	r3, #192	; 0xc0
100038a4:	431c      	orrs	r4, r3
100038a6:	3101      	adds	r1, #1
100038a8:	9111      	str	r1, [sp, #68]	; 0x44
100038aa:	e004      	b.n	100038b6 <_vsnprintf+0x176>
100038ac:	2380      	movs	r3, #128	; 0x80
100038ae:	005b      	lsls	r3, r3, #1
100038b0:	431c      	orrs	r4, r3
100038b2:	3201      	adds	r2, #1
100038b4:	9211      	str	r2, [sp, #68]	; 0x44
100038b6:	9b11      	ldr	r3, [sp, #68]	; 0x44
100038b8:	7818      	ldrb	r0, [r3, #0]
100038ba:	0003      	movs	r3, r0
100038bc:	3b25      	subs	r3, #37	; 0x25
100038be:	b2da      	uxtb	r2, r3
100038c0:	2a53      	cmp	r2, #83	; 0x53
100038c2:	d900      	bls.n	100038c6 <_vsnprintf+0x186>
100038c4:	e22c      	b.n	10003d20 <_vsnprintf+0x5e0>
100038c6:	0093      	lsls	r3, r2, #2
100038c8:	4a86      	ldr	r2, [pc, #536]	; (10003ae4 <_vsnprintf+0x3a4>)
100038ca:	58d3      	ldr	r3, [r2, r3]
100038cc:	469f      	mov	pc, r3
100038ce:	2380      	movs	r3, #128	; 0x80
100038d0:	009b      	lsls	r3, r3, #2
100038d2:	431c      	orrs	r4, r3
100038d4:	3201      	adds	r2, #1
100038d6:	9211      	str	r2, [sp, #68]	; 0x44
100038d8:	e7ed      	b.n	100038b6 <_vsnprintf+0x176>
100038da:	2380      	movs	r3, #128	; 0x80
100038dc:	005b      	lsls	r3, r3, #1
100038de:	431c      	orrs	r4, r3
100038e0:	3201      	adds	r2, #1
100038e2:	9211      	str	r2, [sp, #68]	; 0x44
100038e4:	e7e7      	b.n	100038b6 <_vsnprintf+0x176>
100038e6:	2878      	cmp	r0, #120	; 0x78
100038e8:	d009      	beq.n	100038fe <_vsnprintf+0x1be>
100038ea:	2858      	cmp	r0, #88	; 0x58
100038ec:	d038      	beq.n	10003960 <_vsnprintf+0x220>
100038ee:	286f      	cmp	r0, #111	; 0x6f
100038f0:	d038      	beq.n	10003964 <_vsnprintf+0x224>
100038f2:	2862      	cmp	r0, #98	; 0x62
100038f4:	d038      	beq.n	10003968 <_vsnprintf+0x228>
100038f6:	2310      	movs	r3, #16
100038f8:	439c      	bics	r4, r3
100038fa:	260a      	movs	r6, #10
100038fc:	e000      	b.n	10003900 <_vsnprintf+0x1c0>
100038fe:	2610      	movs	r6, #16
10003900:	2858      	cmp	r0, #88	; 0x58
10003902:	d033      	beq.n	1000396c <_vsnprintf+0x22c>
10003904:	2869      	cmp	r0, #105	; 0x69
10003906:	d003      	beq.n	10003910 <_vsnprintf+0x1d0>
10003908:	2864      	cmp	r0, #100	; 0x64
1000390a:	d001      	beq.n	10003910 <_vsnprintf+0x1d0>
1000390c:	220c      	movs	r2, #12
1000390e:	4394      	bics	r4, r2
10003910:	0563      	lsls	r3, r4, #21
10003912:	d501      	bpl.n	10003918 <_vsnprintf+0x1d8>
10003914:	2201      	movs	r2, #1
10003916:	4394      	bics	r4, r2
10003918:	2869      	cmp	r0, #105	; 0x69
1000391a:	d02a      	beq.n	10003972 <_vsnprintf+0x232>
1000391c:	2864      	cmp	r0, #100	; 0x64
1000391e:	d028      	beq.n	10003972 <_vsnprintf+0x232>
10003920:	05a3      	lsls	r3, r4, #22
10003922:	d500      	bpl.n	10003926 <_vsnprintf+0x1e6>
10003924:	e09f      	b.n	10003a66 <_vsnprintf+0x326>
10003926:	05e3      	lsls	r3, r4, #23
10003928:	d500      	bpl.n	1000392c <_vsnprintf+0x1ec>
1000392a:	e0b8      	b.n	10003a9e <_vsnprintf+0x35e>
1000392c:	0663      	lsls	r3, r4, #25
1000392e:	d400      	bmi.n	10003932 <_vsnprintf+0x1f2>
10003930:	e0ca      	b.n	10003ac8 <_vsnprintf+0x388>
10003932:	9a1c      	ldr	r2, [sp, #112]	; 0x70
10003934:	1d11      	adds	r1, r2, #4
10003936:	911c      	str	r1, [sp, #112]	; 0x70
10003938:	6811      	ldr	r1, [r2, #0]
1000393a:	22ff      	movs	r2, #255	; 0xff
1000393c:	400a      	ands	r2, r1
1000393e:	9405      	str	r4, [sp, #20]
10003940:	9b0a      	ldr	r3, [sp, #40]	; 0x28
10003942:	9304      	str	r3, [sp, #16]
10003944:	4653      	mov	r3, sl
10003946:	9303      	str	r3, [sp, #12]
10003948:	9602      	str	r6, [sp, #8]
1000394a:	2300      	movs	r3, #0
1000394c:	9301      	str	r3, [sp, #4]
1000394e:	9200      	str	r2, [sp, #0]
10003950:	4643      	mov	r3, r8
10003952:	003a      	movs	r2, r7
10003954:	4659      	mov	r1, fp
10003956:	0028      	movs	r0, r5
10003958:	f7ff fa6e 	bl	10002e38 <_ntoa_long>
1000395c:	0007      	movs	r7, r0
1000395e:	e027      	b.n	100039b0 <_vsnprintf+0x270>
10003960:	2610      	movs	r6, #16
10003962:	e7cd      	b.n	10003900 <_vsnprintf+0x1c0>
10003964:	2608      	movs	r6, #8
10003966:	e7cb      	b.n	10003900 <_vsnprintf+0x1c0>
10003968:	2602      	movs	r6, #2
1000396a:	e7c9      	b.n	10003900 <_vsnprintf+0x1c0>
1000396c:	2220      	movs	r2, #32
1000396e:	4314      	orrs	r4, r2
10003970:	e7c8      	b.n	10003904 <_vsnprintf+0x1c4>
10003972:	05a3      	lsls	r3, r4, #22
10003974:	d420      	bmi.n	100039b8 <_vsnprintf+0x278>
10003976:	05e3      	lsls	r3, r4, #23
10003978:	d450      	bmi.n	10003a1c <_vsnprintf+0x2dc>
1000397a:	0663      	lsls	r3, r4, #25
1000397c:	d566      	bpl.n	10003a4c <_vsnprintf+0x30c>
1000397e:	9a1c      	ldr	r2, [sp, #112]	; 0x70
10003980:	1d11      	adds	r1, r2, #4
10003982:	911c      	str	r1, [sp, #112]	; 0x70
10003984:	6811      	ldr	r1, [r2, #0]
10003986:	22ff      	movs	r2, #255	; 0xff
10003988:	400a      	ands	r2, r1
1000398a:	17d3      	asrs	r3, r2, #31
1000398c:	18d1      	adds	r1, r2, r3
1000398e:	4059      	eors	r1, r3
10003990:	9405      	str	r4, [sp, #20]
10003992:	9b0a      	ldr	r3, [sp, #40]	; 0x28
10003994:	9304      	str	r3, [sp, #16]
10003996:	4653      	mov	r3, sl
10003998:	9303      	str	r3, [sp, #12]
1000399a:	9602      	str	r6, [sp, #8]
1000399c:	0fd2      	lsrs	r2, r2, #31
1000399e:	9201      	str	r2, [sp, #4]
100039a0:	9100      	str	r1, [sp, #0]
100039a2:	4643      	mov	r3, r8
100039a4:	003a      	movs	r2, r7
100039a6:	4659      	mov	r1, fp
100039a8:	0028      	movs	r0, r5
100039aa:	f7ff fa45 	bl	10002e38 <_ntoa_long>
100039ae:	0007      	movs	r7, r0
100039b0:	9b11      	ldr	r3, [sp, #68]	; 0x44
100039b2:	3301      	adds	r3, #1
100039b4:	9311      	str	r3, [sp, #68]	; 0x44
100039b6:	e6d3      	b.n	10003760 <_vsnprintf+0x20>
100039b8:	9b1c      	ldr	r3, [sp, #112]	; 0x70
100039ba:	1dda      	adds	r2, r3, #7
100039bc:	2107      	movs	r1, #7
100039be:	438a      	bics	r2, r1
100039c0:	0011      	movs	r1, r2
100039c2:	3108      	adds	r1, #8
100039c4:	911c      	str	r1, [sp, #112]	; 0x70
100039c6:	6811      	ldr	r1, [r2, #0]
100039c8:	6853      	ldr	r3, [r2, #4]
100039ca:	469c      	mov	ip, r3
100039cc:	17db      	asrs	r3, r3, #31
100039ce:	930c      	str	r3, [sp, #48]	; 0x30
100039d0:	930d      	str	r3, [sp, #52]	; 0x34
100039d2:	9a0c      	ldr	r2, [sp, #48]	; 0x30
100039d4:	9b0d      	ldr	r3, [sp, #52]	; 0x34
100039d6:	0010      	movs	r0, r2
100039d8:	4048      	eors	r0, r1
100039da:	900e      	str	r0, [sp, #56]	; 0x38
100039dc:	4662      	mov	r2, ip
100039de:	4053      	eors	r3, r2
100039e0:	930f      	str	r3, [sp, #60]	; 0x3c
100039e2:	980e      	ldr	r0, [sp, #56]	; 0x38
100039e4:	990f      	ldr	r1, [sp, #60]	; 0x3c
100039e6:	9a0c      	ldr	r2, [sp, #48]	; 0x30
100039e8:	9b0d      	ldr	r3, [sp, #52]	; 0x34
100039ea:	1a80      	subs	r0, r0, r2
100039ec:	4199      	sbcs	r1, r3
100039ee:	900e      	str	r0, [sp, #56]	; 0x38
100039f0:	910f      	str	r1, [sp, #60]	; 0x3c
100039f2:	9408      	str	r4, [sp, #32]
100039f4:	9b0a      	ldr	r3, [sp, #40]	; 0x28
100039f6:	9307      	str	r3, [sp, #28]
100039f8:	4653      	mov	r3, sl
100039fa:	9306      	str	r3, [sp, #24]
100039fc:	9604      	str	r6, [sp, #16]
100039fe:	2300      	movs	r3, #0
10003a00:	9305      	str	r3, [sp, #20]
10003a02:	4663      	mov	r3, ip
10003a04:	0fda      	lsrs	r2, r3, #31
10003a06:	9202      	str	r2, [sp, #8]
10003a08:	9000      	str	r0, [sp, #0]
10003a0a:	9101      	str	r1, [sp, #4]
10003a0c:	4643      	mov	r3, r8
10003a0e:	003a      	movs	r2, r7
10003a10:	4659      	mov	r1, fp
10003a12:	0028      	movs	r0, r5
10003a14:	f7ff fa6e 	bl	10002ef4 <_ntoa_long_long>
10003a18:	0007      	movs	r7, r0
10003a1a:	e7c9      	b.n	100039b0 <_vsnprintf+0x270>
10003a1c:	9a1c      	ldr	r2, [sp, #112]	; 0x70
10003a1e:	1d11      	adds	r1, r2, #4
10003a20:	911c      	str	r1, [sp, #112]	; 0x70
10003a22:	6812      	ldr	r2, [r2, #0]
10003a24:	17d3      	asrs	r3, r2, #31
10003a26:	18d1      	adds	r1, r2, r3
10003a28:	4059      	eors	r1, r3
10003a2a:	9405      	str	r4, [sp, #20]
10003a2c:	9b0a      	ldr	r3, [sp, #40]	; 0x28
10003a2e:	9304      	str	r3, [sp, #16]
10003a30:	4653      	mov	r3, sl
10003a32:	9303      	str	r3, [sp, #12]
10003a34:	9602      	str	r6, [sp, #8]
10003a36:	0fd2      	lsrs	r2, r2, #31
10003a38:	9201      	str	r2, [sp, #4]
10003a3a:	9100      	str	r1, [sp, #0]
10003a3c:	4643      	mov	r3, r8
10003a3e:	003a      	movs	r2, r7
10003a40:	4659      	mov	r1, fp
10003a42:	0028      	movs	r0, r5
10003a44:	f7ff f9f8 	bl	10002e38 <_ntoa_long>
10003a48:	0007      	movs	r7, r0
10003a4a:	e7b1      	b.n	100039b0 <_vsnprintf+0x270>
10003a4c:	0623      	lsls	r3, r4, #24
10003a4e:	d505      	bpl.n	10003a5c <_vsnprintf+0x31c>
10003a50:	9a1c      	ldr	r2, [sp, #112]	; 0x70
10003a52:	1d11      	adds	r1, r2, #4
10003a54:	911c      	str	r1, [sp, #112]	; 0x70
10003a56:	2300      	movs	r3, #0
10003a58:	5ed2      	ldrsh	r2, [r2, r3]
10003a5a:	e796      	b.n	1000398a <_vsnprintf+0x24a>
10003a5c:	9a1c      	ldr	r2, [sp, #112]	; 0x70
10003a5e:	1d11      	adds	r1, r2, #4
10003a60:	911c      	str	r1, [sp, #112]	; 0x70
10003a62:	6812      	ldr	r2, [r2, #0]
10003a64:	e791      	b.n	1000398a <_vsnprintf+0x24a>
10003a66:	9b1c      	ldr	r3, [sp, #112]	; 0x70
10003a68:	1dda      	adds	r2, r3, #7
10003a6a:	2107      	movs	r1, #7
10003a6c:	438a      	bics	r2, r1
10003a6e:	0011      	movs	r1, r2
10003a70:	3108      	adds	r1, #8
10003a72:	911c      	str	r1, [sp, #112]	; 0x70
10003a74:	9408      	str	r4, [sp, #32]
10003a76:	9b0a      	ldr	r3, [sp, #40]	; 0x28
10003a78:	9307      	str	r3, [sp, #28]
10003a7a:	4653      	mov	r3, sl
10003a7c:	9306      	str	r3, [sp, #24]
10003a7e:	9604      	str	r6, [sp, #16]
10003a80:	2300      	movs	r3, #0
10003a82:	9305      	str	r3, [sp, #20]
10003a84:	9302      	str	r3, [sp, #8]
10003a86:	6813      	ldr	r3, [r2, #0]
10003a88:	6854      	ldr	r4, [r2, #4]
10003a8a:	9300      	str	r3, [sp, #0]
10003a8c:	9401      	str	r4, [sp, #4]
10003a8e:	4643      	mov	r3, r8
10003a90:	003a      	movs	r2, r7
10003a92:	4659      	mov	r1, fp
10003a94:	0028      	movs	r0, r5
10003a96:	f7ff fa2d 	bl	10002ef4 <_ntoa_long_long>
10003a9a:	0007      	movs	r7, r0
10003a9c:	e788      	b.n	100039b0 <_vsnprintf+0x270>
10003a9e:	9a1c      	ldr	r2, [sp, #112]	; 0x70
10003aa0:	1d11      	adds	r1, r2, #4
10003aa2:	911c      	str	r1, [sp, #112]	; 0x70
10003aa4:	9405      	str	r4, [sp, #20]
10003aa6:	9b0a      	ldr	r3, [sp, #40]	; 0x28
10003aa8:	9304      	str	r3, [sp, #16]
10003aaa:	4653      	mov	r3, sl
10003aac:	9303      	str	r3, [sp, #12]
10003aae:	9602      	str	r6, [sp, #8]
10003ab0:	2300      	movs	r3, #0
10003ab2:	9301      	str	r3, [sp, #4]
10003ab4:	6813      	ldr	r3, [r2, #0]
10003ab6:	9300      	str	r3, [sp, #0]
10003ab8:	4643      	mov	r3, r8
10003aba:	003a      	movs	r2, r7
10003abc:	4659      	mov	r1, fp
10003abe:	0028      	movs	r0, r5
10003ac0:	f7ff f9ba 	bl	10002e38 <_ntoa_long>
10003ac4:	0007      	movs	r7, r0
10003ac6:	e773      	b.n	100039b0 <_vsnprintf+0x270>
10003ac8:	0623      	lsls	r3, r4, #24
10003aca:	d50d      	bpl.n	10003ae8 <_vsnprintf+0x3a8>
10003acc:	9a1c      	ldr	r2, [sp, #112]	; 0x70
10003ace:	1d11      	adds	r1, r2, #4
10003ad0:	911c      	str	r1, [sp, #112]	; 0x70
10003ad2:	6812      	ldr	r2, [r2, #0]
10003ad4:	0412      	lsls	r2, r2, #16
10003ad6:	0c12      	lsrs	r2, r2, #16
10003ad8:	e731      	b.n	1000393e <_vsnprintf+0x1fe>
10003ada:	46c0      	nop			; (mov r8, r8)
10003adc:	1000b7d8 	.word	0x1000b7d8
10003ae0:	1000b81c 	.word	0x1000b81c
10003ae4:	1000b868 	.word	0x1000b868
10003ae8:	9a1c      	ldr	r2, [sp, #112]	; 0x70
10003aea:	1d11      	adds	r1, r2, #4
10003aec:	911c      	str	r1, [sp, #112]	; 0x70
10003aee:	6812      	ldr	r2, [r2, #0]
10003af0:	e725      	b.n	1000393e <_vsnprintf+0x1fe>
10003af2:	2846      	cmp	r0, #70	; 0x46
10003af4:	d01a      	beq.n	10003b2c <_vsnprintf+0x3ec>
10003af6:	9b1c      	ldr	r3, [sp, #112]	; 0x70
10003af8:	3307      	adds	r3, #7
10003afa:	2207      	movs	r2, #7
10003afc:	4393      	bics	r3, r2
10003afe:	001a      	movs	r2, r3
10003b00:	3208      	adds	r2, #8
10003b02:	921c      	str	r2, [sp, #112]	; 0x70
10003b04:	9404      	str	r4, [sp, #16]
10003b06:	9a0a      	ldr	r2, [sp, #40]	; 0x28
10003b08:	9203      	str	r2, [sp, #12]
10003b0a:	4652      	mov	r2, sl
10003b0c:	9202      	str	r2, [sp, #8]
10003b0e:	685c      	ldr	r4, [r3, #4]
10003b10:	681b      	ldr	r3, [r3, #0]
10003b12:	9300      	str	r3, [sp, #0]
10003b14:	9401      	str	r4, [sp, #4]
10003b16:	4643      	mov	r3, r8
10003b18:	003a      	movs	r2, r7
10003b1a:	4659      	mov	r1, fp
10003b1c:	0028      	movs	r0, r5
10003b1e:	f7ff fc65 	bl	100033ec <_ftoa>
10003b22:	0007      	movs	r7, r0
10003b24:	9b11      	ldr	r3, [sp, #68]	; 0x44
10003b26:	3301      	adds	r3, #1
10003b28:	9311      	str	r3, [sp, #68]	; 0x44
10003b2a:	e619      	b.n	10003760 <_vsnprintf+0x20>
10003b2c:	2320      	movs	r3, #32
10003b2e:	431c      	orrs	r4, r3
10003b30:	e7e1      	b.n	10003af6 <_vsnprintf+0x3b6>
10003b32:	2867      	cmp	r0, #103	; 0x67
10003b34:	d001      	beq.n	10003b3a <_vsnprintf+0x3fa>
10003b36:	2847      	cmp	r0, #71	; 0x47
10003b38:	d102      	bne.n	10003b40 <_vsnprintf+0x400>
10003b3a:	2380      	movs	r3, #128	; 0x80
10003b3c:	011b      	lsls	r3, r3, #4
10003b3e:	431c      	orrs	r4, r3
10003b40:	2845      	cmp	r0, #69	; 0x45
10003b42:	d001      	beq.n	10003b48 <_vsnprintf+0x408>
10003b44:	2847      	cmp	r0, #71	; 0x47
10003b46:	d101      	bne.n	10003b4c <_vsnprintf+0x40c>
10003b48:	2320      	movs	r3, #32
10003b4a:	431c      	orrs	r4, r3
10003b4c:	9b1c      	ldr	r3, [sp, #112]	; 0x70
10003b4e:	3307      	adds	r3, #7
10003b50:	2207      	movs	r2, #7
10003b52:	4393      	bics	r3, r2
10003b54:	001a      	movs	r2, r3
10003b56:	3208      	adds	r2, #8
10003b58:	921c      	str	r2, [sp, #112]	; 0x70
10003b5a:	9404      	str	r4, [sp, #16]
10003b5c:	9a0a      	ldr	r2, [sp, #40]	; 0x28
10003b5e:	9203      	str	r2, [sp, #12]
10003b60:	4652      	mov	r2, sl
10003b62:	9202      	str	r2, [sp, #8]
10003b64:	685c      	ldr	r4, [r3, #4]
10003b66:	681b      	ldr	r3, [r3, #0]
10003b68:	9300      	str	r3, [sp, #0]
10003b6a:	9401      	str	r4, [sp, #4]
10003b6c:	4643      	mov	r3, r8
10003b6e:	003a      	movs	r2, r7
10003b70:	4659      	mov	r1, fp
10003b72:	0028      	movs	r0, r5
10003b74:	f7ff fa30 	bl	10002fd8 <_etoa>
10003b78:	0007      	movs	r7, r0
10003b7a:	9b11      	ldr	r3, [sp, #68]	; 0x44
10003b7c:	3301      	adds	r3, #1
10003b7e:	9311      	str	r3, [sp, #68]	; 0x44
10003b80:	e5ee      	b.n	10003760 <_vsnprintf+0x20>
10003b82:	2302      	movs	r3, #2
10003b84:	001a      	movs	r2, r3
10003b86:	4022      	ands	r2, r4
10003b88:	4692      	mov	sl, r2
10003b8a:	4223      	tst	r3, r4
10003b8c:	d01f      	beq.n	10003bce <_vsnprintf+0x48e>
10003b8e:	2401      	movs	r4, #1
10003b90:	9b1c      	ldr	r3, [sp, #112]	; 0x70
10003b92:	1d1a      	adds	r2, r3, #4
10003b94:	921c      	str	r2, [sp, #112]	; 0x70
10003b96:	1c7a      	adds	r2, r7, #1
10003b98:	4691      	mov	r9, r2
10003b9a:	7818      	ldrb	r0, [r3, #0]
10003b9c:	4643      	mov	r3, r8
10003b9e:	003a      	movs	r2, r7
10003ba0:	4659      	mov	r1, fp
10003ba2:	47a8      	blx	r5
10003ba4:	4653      	mov	r3, sl
10003ba6:	2b00      	cmp	r3, #0
10003ba8:	d116      	bne.n	10003bd8 <_vsnprintf+0x498>
10003baa:	9b11      	ldr	r3, [sp, #68]	; 0x44
10003bac:	3301      	adds	r3, #1
10003bae:	9311      	str	r3, [sp, #68]	; 0x44
10003bb0:	464f      	mov	r7, r9
10003bb2:	e5d5      	b.n	10003760 <_vsnprintf+0x20>
10003bb4:	1c56      	adds	r6, r2, #1
10003bb6:	4643      	mov	r3, r8
10003bb8:	4659      	mov	r1, fp
10003bba:	2020      	movs	r0, #32
10003bbc:	47b8      	blx	r7
10003bbe:	0023      	movs	r3, r4
10003bc0:	0032      	movs	r2, r6
10003bc2:	1c5c      	adds	r4, r3, #1
10003bc4:	429d      	cmp	r5, r3
10003bc6:	d8f5      	bhi.n	10003bb4 <_vsnprintf+0x474>
10003bc8:	003d      	movs	r5, r7
10003bca:	0017      	movs	r7, r2
10003bcc:	e7e0      	b.n	10003b90 <_vsnprintf+0x450>
10003bce:	2301      	movs	r3, #1
10003bd0:	003a      	movs	r2, r7
10003bd2:	002f      	movs	r7, r5
10003bd4:	9d0a      	ldr	r5, [sp, #40]	; 0x28
10003bd6:	e7f4      	b.n	10003bc2 <_vsnprintf+0x482>
10003bd8:	464a      	mov	r2, r9
10003bda:	46a9      	mov	r9, r5
10003bdc:	9d0a      	ldr	r5, [sp, #40]	; 0x28
10003bde:	e006      	b.n	10003bee <_vsnprintf+0x4ae>
10003be0:	1c57      	adds	r7, r2, #1
10003be2:	4643      	mov	r3, r8
10003be4:	4659      	mov	r1, fp
10003be6:	2020      	movs	r0, #32
10003be8:	47c8      	blx	r9
10003bea:	0034      	movs	r4, r6
10003bec:	003a      	movs	r2, r7
10003bee:	1c66      	adds	r6, r4, #1
10003bf0:	42a5      	cmp	r5, r4
10003bf2:	d8f5      	bhi.n	10003be0 <_vsnprintf+0x4a0>
10003bf4:	464d      	mov	r5, r9
10003bf6:	4691      	mov	r9, r2
10003bf8:	e7d7      	b.n	10003baa <_vsnprintf+0x46a>
10003bfa:	9b1c      	ldr	r3, [sp, #112]	; 0x70
10003bfc:	1d1a      	adds	r2, r3, #4
10003bfe:	921c      	str	r2, [sp, #112]	; 0x70
10003c00:	681b      	ldr	r3, [r3, #0]
10003c02:	4699      	mov	r9, r3
10003c04:	4653      	mov	r3, sl
10003c06:	2b00      	cmp	r3, #0
10003c08:	d100      	bne.n	10003c0c <_vsnprintf+0x4cc>
10003c0a:	3b01      	subs	r3, #1
10003c0c:	464e      	mov	r6, r9
10003c0e:	e001      	b.n	10003c14 <_vsnprintf+0x4d4>
10003c10:	3601      	adds	r6, #1
10003c12:	0013      	movs	r3, r2
10003c14:	7832      	ldrb	r2, [r6, #0]
10003c16:	2a00      	cmp	r2, #0
10003c18:	d002      	beq.n	10003c20 <_vsnprintf+0x4e0>
10003c1a:	1e5a      	subs	r2, r3, #1
10003c1c:	2b00      	cmp	r3, #0
10003c1e:	d1f7      	bne.n	10003c10 <_vsnprintf+0x4d0>
10003c20:	464b      	mov	r3, r9
10003c22:	1af2      	subs	r2, r6, r3
10003c24:	9210      	str	r2, [sp, #64]	; 0x40
10003c26:	2380      	movs	r3, #128	; 0x80
10003c28:	00db      	lsls	r3, r3, #3
10003c2a:	0026      	movs	r6, r4
10003c2c:	401e      	ands	r6, r3
10003c2e:	421c      	tst	r4, r3
10003c30:	d003      	beq.n	10003c3a <_vsnprintf+0x4fa>
10003c32:	4552      	cmp	r2, sl
10003c34:	d901      	bls.n	10003c3a <_vsnprintf+0x4fa>
10003c36:	4653      	mov	r3, sl
10003c38:	9310      	str	r3, [sp, #64]	; 0x40
10003c3a:	2302      	movs	r3, #2
10003c3c:	001a      	movs	r2, r3
10003c3e:	4022      	ands	r2, r4
10003c40:	920b      	str	r2, [sp, #44]	; 0x2c
10003c42:	4223      	tst	r3, r4
10003c44:	d005      	beq.n	10003c52 <_vsnprintf+0x512>
10003c46:	003a      	movs	r2, r7
10003c48:	0037      	movs	r7, r6
10003c4a:	464c      	mov	r4, r9
10003c4c:	46a9      	mov	r9, r5
10003c4e:	4655      	mov	r5, sl
10003c50:	e020      	b.n	10003c94 <_vsnprintf+0x554>
10003c52:	003a      	movs	r2, r7
10003c54:	9b10      	ldr	r3, [sp, #64]	; 0x40
10003c56:	465f      	mov	r7, fp
10003c58:	46b3      	mov	fp, r6
10003c5a:	002e      	movs	r6, r5
10003c5c:	e006      	b.n	10003c6c <_vsnprintf+0x52c>
10003c5e:	1c55      	adds	r5, r2, #1
10003c60:	4643      	mov	r3, r8
10003c62:	0039      	movs	r1, r7
10003c64:	2020      	movs	r0, #32
10003c66:	47b0      	blx	r6
10003c68:	0023      	movs	r3, r4
10003c6a:	002a      	movs	r2, r5
10003c6c:	1c5c      	adds	r4, r3, #1
10003c6e:	990a      	ldr	r1, [sp, #40]	; 0x28
10003c70:	4299      	cmp	r1, r3
10003c72:	d8f4      	bhi.n	10003c5e <_vsnprintf+0x51e>
10003c74:	0035      	movs	r5, r6
10003c76:	465e      	mov	r6, fp
10003c78:	46bb      	mov	fp, r7
10003c7a:	9410      	str	r4, [sp, #64]	; 0x40
10003c7c:	0037      	movs	r7, r6
10003c7e:	464c      	mov	r4, r9
10003c80:	46a9      	mov	r9, r5
10003c82:	4655      	mov	r5, sl
10003c84:	e006      	b.n	10003c94 <_vsnprintf+0x554>
10003c86:	001d      	movs	r5, r3
10003c88:	3401      	adds	r4, #1
10003c8a:	1c56      	adds	r6, r2, #1
10003c8c:	4643      	mov	r3, r8
10003c8e:	4659      	mov	r1, fp
10003c90:	47c8      	blx	r9
10003c92:	0032      	movs	r2, r6
10003c94:	7820      	ldrb	r0, [r4, #0]
10003c96:	2800      	cmp	r0, #0
10003c98:	d004      	beq.n	10003ca4 <_vsnprintf+0x564>
10003c9a:	2f00      	cmp	r7, #0
10003c9c:	d0f4      	beq.n	10003c88 <_vsnprintf+0x548>
10003c9e:	1e6b      	subs	r3, r5, #1
10003ca0:	2d00      	cmp	r5, #0
10003ca2:	d1f0      	bne.n	10003c86 <_vsnprintf+0x546>
10003ca4:	0017      	movs	r7, r2
10003ca6:	464d      	mov	r5, r9
10003ca8:	9b0b      	ldr	r3, [sp, #44]	; 0x2c
10003caa:	2b00      	cmp	r3, #0
10003cac:	d103      	bne.n	10003cb6 <_vsnprintf+0x576>
10003cae:	9b11      	ldr	r3, [sp, #68]	; 0x44
10003cb0:	3301      	adds	r3, #1
10003cb2:	9311      	str	r3, [sp, #68]	; 0x44
10003cb4:	e554      	b.n	10003760 <_vsnprintf+0x20>
10003cb6:	9f0a      	ldr	r7, [sp, #40]	; 0x28
10003cb8:	9b10      	ldr	r3, [sp, #64]	; 0x40
10003cba:	e006      	b.n	10003cca <_vsnprintf+0x58a>
10003cbc:	1c56      	adds	r6, r2, #1
10003cbe:	4643      	mov	r3, r8
10003cc0:	4659      	mov	r1, fp
10003cc2:	2020      	movs	r0, #32
10003cc4:	47a8      	blx	r5
10003cc6:	0023      	movs	r3, r4
10003cc8:	0032      	movs	r2, r6
10003cca:	1c5c      	adds	r4, r3, #1
10003ccc:	429f      	cmp	r7, r3
10003cce:	d8f5      	bhi.n	10003cbc <_vsnprintf+0x57c>
10003cd0:	0017      	movs	r7, r2
10003cd2:	e7ec      	b.n	10003cae <_vsnprintf+0x56e>
10003cd4:	2321      	movs	r3, #33	; 0x21
10003cd6:	431c      	orrs	r4, r3
10003cd8:	9b1c      	ldr	r3, [sp, #112]	; 0x70
10003cda:	1d1a      	adds	r2, r3, #4
10003cdc:	921c      	str	r2, [sp, #112]	; 0x70
10003cde:	681b      	ldr	r3, [r3, #0]
10003ce0:	9300      	str	r3, [sp, #0]
10003ce2:	9405      	str	r4, [sp, #20]
10003ce4:	2308      	movs	r3, #8
10003ce6:	9304      	str	r3, [sp, #16]
10003ce8:	4653      	mov	r3, sl
10003cea:	9303      	str	r3, [sp, #12]
10003cec:	2310      	movs	r3, #16
10003cee:	9302      	str	r3, [sp, #8]
10003cf0:	2300      	movs	r3, #0
10003cf2:	9301      	str	r3, [sp, #4]
10003cf4:	4643      	mov	r3, r8
10003cf6:	003a      	movs	r2, r7
10003cf8:	4659      	mov	r1, fp
10003cfa:	0028      	movs	r0, r5
10003cfc:	f7ff f89c 	bl	10002e38 <_ntoa_long>
10003d00:	0007      	movs	r7, r0
10003d02:	9b11      	ldr	r3, [sp, #68]	; 0x44
10003d04:	3301      	adds	r3, #1
10003d06:	9311      	str	r3, [sp, #68]	; 0x44
10003d08:	e52a      	b.n	10003760 <_vsnprintf+0x20>
10003d0a:	1c7c      	adds	r4, r7, #1
10003d0c:	4643      	mov	r3, r8
10003d0e:	003a      	movs	r2, r7
10003d10:	4659      	mov	r1, fp
10003d12:	2025      	movs	r0, #37	; 0x25
10003d14:	47a8      	blx	r5
10003d16:	9b11      	ldr	r3, [sp, #68]	; 0x44
10003d18:	3301      	adds	r3, #1
10003d1a:	9311      	str	r3, [sp, #68]	; 0x44
10003d1c:	0027      	movs	r7, r4
10003d1e:	e51f      	b.n	10003760 <_vsnprintf+0x20>
10003d20:	1c7c      	adds	r4, r7, #1
10003d22:	4643      	mov	r3, r8
10003d24:	003a      	movs	r2, r7
10003d26:	4659      	mov	r1, fp
10003d28:	47a8      	blx	r5
10003d2a:	9b11      	ldr	r3, [sp, #68]	; 0x44
10003d2c:	3301      	adds	r3, #1
10003d2e:	9311      	str	r3, [sp, #68]	; 0x44
10003d30:	0027      	movs	r7, r4
10003d32:	e515      	b.n	10003760 <_vsnprintf+0x20>
10003d34:	4b0a      	ldr	r3, [pc, #40]	; (10003d60 <_vsnprintf+0x620>)
10003d36:	469a      	mov	sl, r3
10003d38:	e510      	b.n	1000375c <_vsnprintf+0x1c>
10003d3a:	46aa      	mov	sl, r5
10003d3c:	4547      	cmp	r7, r8
10003d3e:	d302      	bcc.n	10003d46 <_vsnprintf+0x606>
10003d40:	4643      	mov	r3, r8
10003d42:	1e5a      	subs	r2, r3, #1
10003d44:	e000      	b.n	10003d48 <_vsnprintf+0x608>
10003d46:	003a      	movs	r2, r7
10003d48:	4643      	mov	r3, r8
10003d4a:	4659      	mov	r1, fp
10003d4c:	2000      	movs	r0, #0
10003d4e:	47d0      	blx	sl
10003d50:	0038      	movs	r0, r7
10003d52:	b013      	add	sp, #76	; 0x4c
10003d54:	bcf0      	pop	{r4, r5, r6, r7}
10003d56:	46bb      	mov	fp, r7
10003d58:	46b2      	mov	sl, r6
10003d5a:	46a9      	mov	r9, r5
10003d5c:	46a0      	mov	r8, r4
10003d5e:	bdf0      	pop	{r4, r5, r6, r7, pc}
10003d60:	10002c45 	.word	0x10002c45

10003d64 <vfctprintf>:
10003d64:	b500      	push	{lr}
10003d66:	b085      	sub	sp, #20
10003d68:	9002      	str	r0, [sp, #8]
10003d6a:	9103      	str	r1, [sp, #12]
10003d6c:	2101      	movs	r1, #1
10003d6e:	9300      	str	r3, [sp, #0]
10003d70:	0013      	movs	r3, r2
10003d72:	424a      	negs	r2, r1
10003d74:	a902      	add	r1, sp, #8
10003d76:	4802      	ldr	r0, [pc, #8]	; (10003d80 <vfctprintf+0x1c>)
10003d78:	f7ff fce2 	bl	10003740 <_vsnprintf>
10003d7c:	b005      	add	sp, #20
10003d7e:	bd00      	pop	{pc}
10003d80:	10002c47 	.word	0x10002c47

10003d84 <__aeabi_bits_init>:
10003d84:	4801      	ldr	r0, [pc, #4]	; (10003d8c <__aeabi_bits_init+0x8>)
10003d86:	2104      	movs	r1, #4
10003d88:	4b01      	ldr	r3, [pc, #4]	; (10003d90 <__aeabi_bits_init+0xc>)
10003d8a:	4718      	bx	r3
10003d8c:	20000d40 	.word	0x20000d40
10003d90:	10003db5 	.word	0x10003db5

10003d94 <rom_func_lookup>:
10003d94:	b510      	push	{r4, lr}
10003d96:	0001      	movs	r1, r0
10003d98:	2318      	movs	r3, #24
10003d9a:	881b      	ldrh	r3, [r3, #0]
10003d9c:	2214      	movs	r2, #20
10003d9e:	8810      	ldrh	r0, [r2, #0]
10003da0:	4798      	blx	r3
10003da2:	bd10      	pop	{r4, pc}

10003da4 <rom_data_lookup>:
10003da4:	b510      	push	{r4, lr}
10003da6:	0001      	movs	r1, r0
10003da8:	2318      	movs	r3, #24
10003daa:	881b      	ldrh	r3, [r3, #0]
10003dac:	2216      	movs	r2, #22
10003dae:	8810      	ldrh	r0, [r2, #0]
10003db0:	4798      	blx	r3
10003db2:	bd10      	pop	{r4, pc}

10003db4 <rom_funcs_lookup>:
10003db4:	b5f0      	push	{r4, r5, r6, r7, lr}
10003db6:	46c6      	mov	lr, r8
10003db8:	b500      	push	{lr}
10003dba:	0007      	movs	r7, r0
10003dbc:	000e      	movs	r6, r1
10003dbe:	2500      	movs	r5, #0
10003dc0:	2301      	movs	r3, #1
10003dc2:	4698      	mov	r8, r3
10003dc4:	e000      	b.n	10003dc8 <rom_funcs_lookup+0x14>
10003dc6:	3501      	adds	r5, #1
10003dc8:	42b5      	cmp	r5, r6
10003dca:	d20a      	bcs.n	10003de2 <rom_funcs_lookup+0x2e>
10003dcc:	00ac      	lsls	r4, r5, #2
10003dce:	193c      	adds	r4, r7, r4
10003dd0:	6820      	ldr	r0, [r4, #0]
10003dd2:	f7ff ffdf 	bl	10003d94 <rom_func_lookup>
10003dd6:	6020      	str	r0, [r4, #0]
10003dd8:	2800      	cmp	r0, #0
10003dda:	d1f4      	bne.n	10003dc6 <rom_funcs_lookup+0x12>
10003ddc:	2300      	movs	r3, #0
10003dde:	4698      	mov	r8, r3
10003de0:	e7f1      	b.n	10003dc6 <rom_funcs_lookup+0x12>
10003de2:	4640      	mov	r0, r8
10003de4:	bc80      	pop	{r7}
10003de6:	46b8      	mov	r8, r7
10003de8:	bdf0      	pop	{r4, r5, r6, r7, pc}
	...

10003dec <__wrap___aeabi_idiv>:
10003dec:	4a12      	ldr	r2, [pc, #72]	; (10003e38 <divmod_s32s32_savestate+0x18>)
10003dee:	6f93      	ldr	r3, [r2, #120]	; 0x78
10003df0:	089b      	lsrs	r3, r3, #2
10003df2:	d215      	bcs.n	10003e20 <divmod_s32s32_savestate>

10003df4 <divmod_s32s32_unsafe>:
10003df4:	6690      	str	r0, [r2, #104]	; 0x68
10003df6:	66d1      	str	r1, [r2, #108]	; 0x6c
10003df8:	2900      	cmp	r1, #0
10003dfa:	d005      	beq.n	10003e08 <divmod_s32s32_unsafe+0x14>
10003dfc:	e7ff      	b.n	10003dfe <divmod_s32s32_unsafe+0xa>
10003dfe:	e7ff      	b.n	10003e00 <divmod_s32s32_unsafe+0xc>
10003e00:	e7ff      	b.n	10003e02 <divmod_s32s32_unsafe+0xe>
10003e02:	6f51      	ldr	r1, [r2, #116]	; 0x74
10003e04:	6f10      	ldr	r0, [r2, #112]	; 0x70
10003e06:	4770      	bx	lr
10003e08:	b504      	push	{r2, lr}
10003e0a:	2180      	movs	r1, #128	; 0x80
10003e0c:	0609      	lsls	r1, r1, #24
10003e0e:	17c2      	asrs	r2, r0, #31
10003e10:	4051      	eors	r1, r2
10003e12:	2800      	cmp	r0, #0
10003e14:	d000      	beq.n	10003e18 <divmod_s32s32_unsafe+0x24>
10003e16:	43c8      	mvns	r0, r1
10003e18:	f006 fd82 	bl	1000a920 <____aeabi_idiv0_veneer>
10003e1c:	2100      	movs	r1, #0
10003e1e:	bd04      	pop	{r2, pc}

10003e20 <divmod_s32s32_savestate>:
10003e20:	b5f0      	push	{r4, r5, r6, r7, lr}
10003e22:	6e14      	ldr	r4, [r2, #96]	; 0x60
10003e24:	6e55      	ldr	r5, [r2, #100]	; 0x64
10003e26:	6f57      	ldr	r7, [r2, #116]	; 0x74
10003e28:	6f16      	ldr	r6, [r2, #112]	; 0x70
10003e2a:	f7ff ffe3 	bl	10003df4 <divmod_s32s32_unsafe>
10003e2e:	6614      	str	r4, [r2, #96]	; 0x60
10003e30:	6655      	str	r5, [r2, #100]	; 0x64
10003e32:	6757      	str	r7, [r2, #116]	; 0x74
10003e34:	6716      	str	r6, [r2, #112]	; 0x70
10003e36:	bdf0      	pop	{r4, r5, r6, r7, pc}
10003e38:	d0000000 	.word	0xd0000000

10003e3c <__wrap___aeabi_uidiv>:
10003e3c:	4a11      	ldr	r2, [pc, #68]	; (10003e84 <divmod_u32u32_savestate+0x18>)
10003e3e:	6f93      	ldr	r3, [r2, #120]	; 0x78
10003e40:	089b      	lsrs	r3, r3, #2
10003e42:	d213      	bcs.n	10003e6c <divmod_u32u32_savestate>

10003e44 <divmod_u32u32_unsafe>:
10003e44:	6610      	str	r0, [r2, #96]	; 0x60
10003e46:	6651      	str	r1, [r2, #100]	; 0x64
10003e48:	2900      	cmp	r1, #0
10003e4a:	d005      	beq.n	10003e58 <divmod_u32u32_unsafe+0x14>
10003e4c:	e7ff      	b.n	10003e4e <divmod_u32u32_unsafe+0xa>
10003e4e:	e7ff      	b.n	10003e50 <divmod_u32u32_unsafe+0xc>
10003e50:	e7ff      	b.n	10003e52 <divmod_u32u32_unsafe+0xe>
10003e52:	6f51      	ldr	r1, [r2, #116]	; 0x74
10003e54:	6f10      	ldr	r0, [r2, #112]	; 0x70
10003e56:	4770      	bx	lr
10003e58:	b504      	push	{r2, lr}
10003e5a:	2800      	cmp	r0, #0
10003e5c:	d001      	beq.n	10003e62 <divmod_u32u32_unsafe+0x1e>
10003e5e:	2000      	movs	r0, #0
10003e60:	43c0      	mvns	r0, r0
10003e62:	f006 fd5d 	bl	1000a920 <____aeabi_idiv0_veneer>
10003e66:	2100      	movs	r1, #0
10003e68:	bd04      	pop	{r2, pc}
10003e6a:	46c0      	nop			; (mov r8, r8)

10003e6c <divmod_u32u32_savestate>:
10003e6c:	b5f0      	push	{r4, r5, r6, r7, lr}
10003e6e:	6e14      	ldr	r4, [r2, #96]	; 0x60
10003e70:	6e55      	ldr	r5, [r2, #100]	; 0x64
10003e72:	6f57      	ldr	r7, [r2, #116]	; 0x74
10003e74:	6f16      	ldr	r6, [r2, #112]	; 0x70
10003e76:	f7ff ffe5 	bl	10003e44 <divmod_u32u32_unsafe>
10003e7a:	6614      	str	r4, [r2, #96]	; 0x60
10003e7c:	6655      	str	r5, [r2, #100]	; 0x64
10003e7e:	6757      	str	r7, [r2, #116]	; 0x74
10003e80:	6716      	str	r6, [r2, #112]	; 0x70
10003e82:	bdf0      	pop	{r4, r5, r6, r7, pc}
10003e84:	d0000000 	.word	0xd0000000

10003e88 <__wrap___aeabi_ldivmod>:
10003e88:	4694      	mov	ip, r2
10003e8a:	4a4a      	ldr	r2, [pc, #296]	; (10003fb4 <udiv0+0x1a>)
10003e8c:	6f92      	ldr	r2, [r2, #120]	; 0x78
10003e8e:	0892      	lsrs	r2, r2, #2
10003e90:	4662      	mov	r2, ip
10003e92:	d201      	bcs.n	10003e98 <divmod_s64s64_savestate>
10003e94:	e028      	b.n	10003ee8 <divmod_s64s64_unsafe>
10003e96:	46c0      	nop			; (mov r8, r8)

10003e98 <divmod_s64s64_savestate>:
10003e98:	b5f0      	push	{r4, r5, r6, r7, lr}
10003e9a:	4e46      	ldr	r6, [pc, #280]	; (10003fb4 <udiv0+0x1a>)
10003e9c:	6e34      	ldr	r4, [r6, #96]	; 0x60
10003e9e:	6e75      	ldr	r5, [r6, #100]	; 0x64
10003ea0:	6f77      	ldr	r7, [r6, #116]	; 0x74
10003ea2:	6f36      	ldr	r6, [r6, #112]	; 0x70
10003ea4:	f000 f820 	bl	10003ee8 <divmod_s64s64_unsafe>
10003ea8:	4694      	mov	ip, r2
10003eaa:	4a42      	ldr	r2, [pc, #264]	; (10003fb4 <udiv0+0x1a>)
10003eac:	6614      	str	r4, [r2, #96]	; 0x60
10003eae:	6655      	str	r5, [r2, #100]	; 0x64
10003eb0:	6757      	str	r7, [r2, #116]	; 0x74
10003eb2:	6716      	str	r6, [r2, #112]	; 0x70
10003eb4:	4662      	mov	r2, ip
10003eb6:	bdf0      	pop	{r4, r5, r6, r7, pc}

10003eb8 <__wrap___aeabi_uldivmod>:
10003eb8:	4694      	mov	ip, r2
10003eba:	4a3e      	ldr	r2, [pc, #248]	; (10003fb4 <udiv0+0x1a>)
10003ebc:	6f92      	ldr	r2, [r2, #120]	; 0x78
10003ebe:	0892      	lsrs	r2, r2, #2
10003ec0:	4662      	mov	r2, ip
10003ec2:	d201      	bcs.n	10003ec8 <divmod_u64u64_savestate>
10003ec4:	e054      	b.n	10003f70 <divmod_u64u64_unsafe>
10003ec6:	46c0      	nop			; (mov r8, r8)

10003ec8 <divmod_u64u64_savestate>:
10003ec8:	b5f0      	push	{r4, r5, r6, r7, lr}
10003eca:	4e3a      	ldr	r6, [pc, #232]	; (10003fb4 <udiv0+0x1a>)
10003ecc:	6e34      	ldr	r4, [r6, #96]	; 0x60
10003ece:	6e75      	ldr	r5, [r6, #100]	; 0x64
10003ed0:	6f77      	ldr	r7, [r6, #116]	; 0x74
10003ed2:	6f36      	ldr	r6, [r6, #112]	; 0x70
10003ed4:	f000 f84c 	bl	10003f70 <divmod_u64u64_unsafe>
10003ed8:	4694      	mov	ip, r2
10003eda:	4a36      	ldr	r2, [pc, #216]	; (10003fb4 <udiv0+0x1a>)
10003edc:	6614      	str	r4, [r2, #96]	; 0x60
10003ede:	6655      	str	r5, [r2, #100]	; 0x64
10003ee0:	6757      	str	r7, [r2, #116]	; 0x74
10003ee2:	6716      	str	r6, [r2, #112]	; 0x70
10003ee4:	4662      	mov	r2, ip
10003ee6:	bdf0      	pop	{r4, r5, r6, r7, pc}

10003ee8 <divmod_s64s64_unsafe>:
10003ee8:	2b00      	cmp	r3, #0
10003eea:	db24      	blt.n	10003f36 <l42_1+0x26>
10003eec:	d011      	beq.n	10003f12 <l42_1+0x2>
10003eee:	2900      	cmp	r1, #0
10003ef0:	da3e      	bge.n	10003f70 <divmod_u64u64_unsafe>
10003ef2:	b500      	push	{lr}
10003ef4:	43c9      	mvns	r1, r1
10003ef6:	4240      	negs	r0, r0
10003ef8:	d100      	bne.n	10003efc <l40_1>
10003efa:	3101      	adds	r1, #1

10003efc <l40_1>:
10003efc:	f000 f838 	bl	10003f70 <divmod_u64u64_unsafe>
10003f00:	43c9      	mvns	r1, r1
10003f02:	4240      	negs	r0, r0
10003f04:	d100      	bne.n	10003f08 <l41_1>
10003f06:	3101      	adds	r1, #1

10003f08 <l41_1>:
10003f08:	43db      	mvns	r3, r3
10003f0a:	4252      	negs	r2, r2
10003f0c:	d100      	bne.n	10003f10 <l42_1>
10003f0e:	3301      	adds	r3, #1

10003f10 <l42_1>:
10003f10:	bd00      	pop	{pc}
10003f12:	2a00      	cmp	r2, #0
10003f14:	d1eb      	bne.n	10003eee <divmod_s64s64_unsafe+0x6>
10003f16:	2800      	cmp	r0, #0
10003f18:	d101      	bne.n	10003f1e <l42_1+0xe>
10003f1a:	2900      	cmp	r1, #0
10003f1c:	d005      	beq.n	10003f2a <l42_1+0x1a>
10003f1e:	2000      	movs	r0, #0
10003f20:	0fc9      	lsrs	r1, r1, #31
10003f22:	07c9      	lsls	r1, r1, #31
10003f24:	d101      	bne.n	10003f2a <l42_1+0x1a>
10003f26:	43c0      	mvns	r0, r0
10003f28:	0841      	lsrs	r1, r0, #1
10003f2a:	b500      	push	{lr}
10003f2c:	f006 fce0 	bl	1000a8f0 <____aeabi_ldiv0_veneer>
10003f30:	2200      	movs	r2, #0
10003f32:	2300      	movs	r3, #0
10003f34:	bd00      	pop	{pc}
10003f36:	b500      	push	{lr}
10003f38:	2900      	cmp	r1, #0
10003f3a:	db0a      	blt.n	10003f52 <l44_1+0x2>
10003f3c:	43db      	mvns	r3, r3
10003f3e:	4252      	negs	r2, r2
10003f40:	d100      	bne.n	10003f44 <l43_1>
10003f42:	3301      	adds	r3, #1

10003f44 <l43_1>:
10003f44:	f000 f814 	bl	10003f70 <divmod_u64u64_unsafe>
10003f48:	43c9      	mvns	r1, r1
10003f4a:	4240      	negs	r0, r0
10003f4c:	d100      	bne.n	10003f50 <l44_1>
10003f4e:	3101      	adds	r1, #1

10003f50 <l44_1>:
10003f50:	bd00      	pop	{pc}
10003f52:	43c9      	mvns	r1, r1
10003f54:	4240      	negs	r0, r0
10003f56:	d100      	bne.n	10003f5a <l45_1>
10003f58:	3101      	adds	r1, #1

10003f5a <l45_1>:
10003f5a:	43db      	mvns	r3, r3
10003f5c:	4252      	negs	r2, r2
10003f5e:	d100      	bne.n	10003f62 <l46_1>
10003f60:	3301      	adds	r3, #1

10003f62 <l46_1>:
10003f62:	f000 f805 	bl	10003f70 <divmod_u64u64_unsafe>
10003f66:	43db      	mvns	r3, r3
10003f68:	4252      	negs	r2, r2
10003f6a:	d100      	bne.n	10003f6e <l47_1>
10003f6c:	3301      	adds	r3, #1

10003f6e <l47_1>:
10003f6e:	bd00      	pop	{pc}

10003f70 <divmod_u64u64_unsafe>:
10003f70:	2900      	cmp	r1, #0
10003f72:	d123      	bne.n	10003fbc <y64>
10003f74:	2b00      	cmp	r3, #0
10003f76:	d118      	bne.n	10003faa <udiv0+0x10>
10003f78:	2a00      	cmp	r2, #0
10003f7a:	d00c      	beq.n	10003f96 <divmod_u64u64_unsafe+0x26>
10003f7c:	46bc      	mov	ip, r7
10003f7e:	4f0d      	ldr	r7, [pc, #52]	; (10003fb4 <udiv0+0x1a>)
10003f80:	6638      	str	r0, [r7, #96]	; 0x60
10003f82:	667a      	str	r2, [r7, #100]	; 0x64
10003f84:	2100      	movs	r1, #0
10003f86:	2300      	movs	r3, #0
10003f88:	e7ff      	b.n	10003f8a <divmod_u64u64_unsafe+0x1a>
10003f8a:	e7ff      	b.n	10003f8c <divmod_u64u64_unsafe+0x1c>
10003f8c:	e7ff      	b.n	10003f8e <divmod_u64u64_unsafe+0x1e>
10003f8e:	6f7a      	ldr	r2, [r7, #116]	; 0x74
10003f90:	6f38      	ldr	r0, [r7, #112]	; 0x70
10003f92:	4667      	mov	r7, ip
10003f94:	4770      	bx	lr
10003f96:	2800      	cmp	r0, #0
10003f98:	d001      	beq.n	10003f9e <udiv0+0x4>

10003f9a <udiv0>:
10003f9a:	4807      	ldr	r0, [pc, #28]	; (10003fb8 <udiv0+0x1e>)
10003f9c:	0001      	movs	r1, r0
10003f9e:	b500      	push	{lr}
10003fa0:	f006 fca6 	bl	1000a8f0 <____aeabi_ldiv0_veneer>
10003fa4:	2200      	movs	r2, #0
10003fa6:	2300      	movs	r3, #0
10003fa8:	bd00      	pop	{pc}
10003faa:	0002      	movs	r2, r0
10003fac:	000b      	movs	r3, r1
10003fae:	2000      	movs	r0, #0
10003fb0:	2100      	movs	r1, #0
10003fb2:	4770      	bx	lr
10003fb4:	d0000000 	.word	0xd0000000
10003fb8:	ffffffff 	.word	0xffffffff

10003fbc <y64>:
10003fbc:	2b00      	cmp	r3, #0
10003fbe:	d000      	beq.n	10003fc2 <y64+0x6>
10003fc0:	e0bf      	b.n	10004142 <y64_x48>
10003fc2:	0c13      	lsrs	r3, r2, #16
10003fc4:	d128      	bne.n	10004018 <y64_x32>
10003fc6:	2a00      	cmp	r2, #0
10003fc8:	d0e7      	beq.n	10003f9a <udiv0>
10003fca:	b480      	push	{r7}
10003fcc:	4f11      	ldr	r7, [pc, #68]	; (10004014 <y64+0x58>)
10003fce:	6639      	str	r1, [r7, #96]	; 0x60
10003fd0:	667a      	str	r2, [r7, #100]	; 0x64
10003fd2:	e7ff      	b.n	10003fd4 <y64+0x18>
10003fd4:	e7ff      	b.n	10003fd6 <y64+0x1a>
10003fd6:	b430      	push	{r4, r5}
10003fd8:	0c04      	lsrs	r4, r0, #16
10003fda:	6f7b      	ldr	r3, [r7, #116]	; 0x74
10003fdc:	6f39      	ldr	r1, [r7, #112]	; 0x70
10003fde:	041b      	lsls	r3, r3, #16
10003fe0:	4323      	orrs	r3, r4
10003fe2:	663b      	str	r3, [r7, #96]	; 0x60
10003fe4:	667a      	str	r2, [r7, #100]	; 0x64
10003fe6:	e7ff      	b.n	10003fe8 <y64+0x2c>
10003fe8:	e7ff      	b.n	10003fea <y64+0x2e>
10003fea:	e7ff      	b.n	10003fec <y64+0x30>
10003fec:	46c0      	nop			; (mov r8, r8)
10003fee:	b284      	uxth	r4, r0
10003ff0:	6f7b      	ldr	r3, [r7, #116]	; 0x74
10003ff2:	6f3d      	ldr	r5, [r7, #112]	; 0x70
10003ff4:	041b      	lsls	r3, r3, #16
10003ff6:	4323      	orrs	r3, r4
10003ff8:	663b      	str	r3, [r7, #96]	; 0x60
10003ffa:	667a      	str	r2, [r7, #100]	; 0x64
10003ffc:	e7ff      	b.n	10003ffe <y64+0x42>
10003ffe:	e7ff      	b.n	10004000 <y64+0x44>
10004000:	46c0      	nop			; (mov r8, r8)
10004002:	2300      	movs	r3, #0
10004004:	042c      	lsls	r4, r5, #16
10004006:	0c2d      	lsrs	r5, r5, #16
10004008:	6f7a      	ldr	r2, [r7, #116]	; 0x74
1000400a:	6f38      	ldr	r0, [r7, #112]	; 0x70
1000400c:	1900      	adds	r0, r0, r4
1000400e:	4169      	adcs	r1, r5
10004010:	bcb0      	pop	{r4, r5, r7}
10004012:	4770      	bx	lr
10004014:	d0000000 	.word	0xd0000000

10004018 <y64_x32>:
10004018:	b5f0      	push	{r4, r5, r6, r7, lr}
1000401a:	4694      	mov	ip, r2
1000401c:	2500      	movs	r5, #0
1000401e:	0e14      	lsrs	r4, r2, #24
10004020:	d101      	bne.n	10004026 <y64_x32+0xe>
10004022:	0212      	lsls	r2, r2, #8
10004024:	3508      	adds	r5, #8
10004026:	0f14      	lsrs	r4, r2, #28
10004028:	d101      	bne.n	1000402e <y64_x32+0x16>
1000402a:	0112      	lsls	r2, r2, #4
1000402c:	3504      	adds	r5, #4
1000402e:	0f94      	lsrs	r4, r2, #30
10004030:	d101      	bne.n	10004036 <y64_x32+0x1e>
10004032:	0092      	lsls	r2, r2, #2
10004034:	3502      	adds	r5, #2
10004036:	0fd4      	lsrs	r4, r2, #31
10004038:	d101      	bne.n	1000403e <y64_x32+0x26>
1000403a:	0052      	lsls	r2, r2, #1
1000403c:	3501      	adds	r5, #1
1000403e:	0bd4      	lsrs	r4, r2, #15
10004040:	3401      	adds	r4, #1
10004042:	4f25      	ldr	r7, [pc, #148]	; (100040d8 <y64_x32+0xc0>)
10004044:	667c      	str	r4, [r7, #100]	; 0x64
10004046:	4c25      	ldr	r4, [pc, #148]	; (100040dc <y64_x32+0xc4>)
10004048:	663c      	str	r4, [r7, #96]	; 0x60
1000404a:	0c0e      	lsrs	r6, r1, #16
1000404c:	b293      	uxth	r3, r2
1000404e:	e7ff      	b.n	10004050 <y64_x32+0x38>
10004050:	e7ff      	b.n	10004052 <y64_x32+0x3a>
10004052:	e7ff      	b.n	10004054 <y64_x32+0x3c>
10004054:	6f3c      	ldr	r4, [r7, #112]	; 0x70
10004056:	4366      	muls	r6, r4
10004058:	0c36      	lsrs	r6, r6, #16
1000405a:	0377      	lsls	r7, r6, #13
1000405c:	46be      	mov	lr, r7
1000405e:	4373      	muls	r3, r6
10004060:	0bdf      	lsrs	r7, r3, #15
10004062:	045b      	lsls	r3, r3, #17
10004064:	1ac0      	subs	r0, r0, r3
10004066:	41b9      	sbcs	r1, r7
10004068:	0c13      	lsrs	r3, r2, #16
1000406a:	4373      	muls	r3, r6
1000406c:	18db      	adds	r3, r3, r3
1000406e:	1ac9      	subs	r1, r1, r3
10004070:	08ce      	lsrs	r6, r1, #3
10004072:	4366      	muls	r6, r4
10004074:	0c36      	lsrs	r6, r6, #16
10004076:	44b6      	add	lr, r6
10004078:	b293      	uxth	r3, r2
1000407a:	4373      	muls	r3, r6
1000407c:	0f1f      	lsrs	r7, r3, #28
1000407e:	011b      	lsls	r3, r3, #4
10004080:	1ac0      	subs	r0, r0, r3
10004082:	41b9      	sbcs	r1, r7
10004084:	0c13      	lsrs	r3, r2, #16
10004086:	4373      	muls	r3, r6
10004088:	0b1f      	lsrs	r7, r3, #12
1000408a:	051b      	lsls	r3, r3, #20
1000408c:	1ac0      	subs	r0, r0, r3
1000408e:	41b9      	sbcs	r1, r7
10004090:	0d86      	lsrs	r6, r0, #22
10004092:	028f      	lsls	r7, r1, #10
10004094:	433e      	orrs	r6, r7
10004096:	4366      	muls	r6, r4
10004098:	0c36      	lsrs	r6, r6, #16
1000409a:	2d09      	cmp	r5, #9
1000409c:	db24      	blt.n	100040e8 <last0>
1000409e:	0a52      	lsrs	r2, r2, #9
100040a0:	4372      	muls	r2, r6
100040a2:	1a80      	subs	r0, r0, r2
100040a4:	0377      	lsls	r7, r6, #13
100040a6:	0a46      	lsrs	r6, r0, #9
100040a8:	4366      	muls	r6, r4
100040aa:	0c36      	lsrs	r6, r6, #16
100040ac:	2316      	movs	r3, #22
100040ae:	1b5b      	subs	r3, r3, r5
100040b0:	40de      	lsrs	r6, r3
100040b2:	40df      	lsrs	r7, r3
100040b4:	19bf      	adds	r7, r7, r6
100040b6:	4664      	mov	r4, ip
100040b8:	4366      	muls	r6, r4
100040ba:	1b82      	subs	r2, r0, r6
100040bc:	4670      	mov	r0, lr
100040be:	3504      	adds	r5, #4
100040c0:	3306      	adds	r3, #6
100040c2:	0001      	movs	r1, r0
100040c4:	40d9      	lsrs	r1, r3
100040c6:	40a8      	lsls	r0, r5
100040c8:	19c0      	adds	r0, r0, r7
100040ca:	d300      	bcc.n	100040ce <y64_x32+0xb6>
100040cc:	3101      	adds	r1, #1
100040ce:	42a2      	cmp	r2, r4
100040d0:	d206      	bcs.n	100040e0 <y64_x32+0xc8>
100040d2:	2300      	movs	r3, #0
100040d4:	bdf0      	pop	{r4, r5, r6, r7, pc}
100040d6:	0000      	.short	0x0000
100040d8:	d0000000 	.word	0xd0000000
100040dc:	ffffffff 	.word	0xffffffff
100040e0:	1b12      	subs	r2, r2, r4
100040e2:	3001      	adds	r0, #1
100040e4:	d3f3      	bcc.n	100040ce <y64_x32+0xb6>
100040e6:	e7f1      	b.n	100040cc <y64_x32+0xb4>

100040e8 <last0>:
100040e8:	2709      	movs	r7, #9
100040ea:	1b7f      	subs	r7, r7, r5
100040ec:	40fe      	lsrs	r6, r7
100040ee:	4664      	mov	r4, ip
100040f0:	b2a2      	uxth	r2, r4
100040f2:	4372      	muls	r2, r6
100040f4:	1a80      	subs	r0, r0, r2
100040f6:	d200      	bcs.n	100040fa <last0+0x12>
100040f8:	3901      	subs	r1, #1
100040fa:	0c22      	lsrs	r2, r4, #16
100040fc:	4372      	muls	r2, r6
100040fe:	0c13      	lsrs	r3, r2, #16
10004100:	0412      	lsls	r2, r2, #16
10004102:	1a82      	subs	r2, r0, r2
10004104:	4199      	sbcs	r1, r3
10004106:	000b      	movs	r3, r1
10004108:	4670      	mov	r0, lr
1000410a:	3504      	adds	r5, #4
1000410c:	3713      	adds	r7, #19
1000410e:	0001      	movs	r1, r0
10004110:	40f9      	lsrs	r1, r7
10004112:	40a8      	lsls	r0, r5
10004114:	1980      	adds	r0, r0, r6
10004116:	d300      	bcc.n	1000411a <last0+0x32>
10004118:	3101      	adds	r1, #1
1000411a:	2b00      	cmp	r3, #0
1000411c:	d102      	bne.n	10004124 <last0+0x3c>
1000411e:	42a2      	cmp	r2, r4
10004120:	d20a      	bcs.n	10004138 <last0+0x50>
10004122:	bdf0      	pop	{r4, r5, r6, r7, pc}
10004124:	3001      	adds	r0, #1
10004126:	d300      	bcc.n	1000412a <last0+0x42>
10004128:	3101      	adds	r1, #1
1000412a:	1b12      	subs	r2, r2, r4
1000412c:	d2fa      	bcs.n	10004124 <last0+0x3c>
1000412e:	3b01      	subs	r3, #1
10004130:	d1f8      	bne.n	10004124 <last0+0x3c>
10004132:	42a2      	cmp	r2, r4
10004134:	d200      	bcs.n	10004138 <last0+0x50>
10004136:	bdf0      	pop	{r4, r5, r6, r7, pc}
10004138:	3001      	adds	r0, #1
1000413a:	d300      	bcc.n	1000413e <last0+0x56>
1000413c:	3101      	adds	r1, #1
1000413e:	1b12      	subs	r2, r2, r4
10004140:	e7f7      	b.n	10004132 <last0+0x4a>

10004142 <y64_x48>:
10004142:	b5f0      	push	{r4, r5, r6, r7, lr}
10004144:	0c1c      	lsrs	r4, r3, #16
10004146:	d000      	beq.n	1000414a <y64_x48+0x8>
10004148:	e080      	b.n	1000424c <y64_x64>
1000414a:	b40c      	push	{r2, r3}
1000414c:	2500      	movs	r5, #0
1000414e:	0a1c      	lsrs	r4, r3, #8
10004150:	d104      	bne.n	1000415c <y64_x48+0x1a>
10004152:	021b      	lsls	r3, r3, #8
10004154:	0e16      	lsrs	r6, r2, #24
10004156:	4333      	orrs	r3, r6
10004158:	0212      	lsls	r2, r2, #8
1000415a:	3508      	adds	r5, #8
1000415c:	0b1c      	lsrs	r4, r3, #12
1000415e:	d104      	bne.n	1000416a <y64_x48+0x28>
10004160:	011b      	lsls	r3, r3, #4
10004162:	0f16      	lsrs	r6, r2, #28
10004164:	4333      	orrs	r3, r6
10004166:	0112      	lsls	r2, r2, #4
10004168:	3504      	adds	r5, #4
1000416a:	0b9c      	lsrs	r4, r3, #14
1000416c:	d104      	bne.n	10004178 <y64_x48+0x36>
1000416e:	009b      	lsls	r3, r3, #2
10004170:	0f96      	lsrs	r6, r2, #30
10004172:	4333      	orrs	r3, r6
10004174:	0092      	lsls	r2, r2, #2
10004176:	3502      	adds	r5, #2
10004178:	0bdc      	lsrs	r4, r3, #15
1000417a:	d102      	bne.n	10004182 <y64_x48+0x40>
1000417c:	1892      	adds	r2, r2, r2
1000417e:	415b      	adcs	r3, r3
10004180:	3501      	adds	r5, #1
10004182:	001c      	movs	r4, r3
10004184:	1897      	adds	r7, r2, r2
10004186:	4164      	adcs	r4, r4
10004188:	3401      	adds	r4, #1
1000418a:	4f46      	ldr	r7, [pc, #280]	; (100042a4 <y64_x64+0x58>)
1000418c:	667c      	str	r4, [r7, #100]	; 0x64
1000418e:	4c46      	ldr	r4, [pc, #280]	; (100042a8 <y64_x64+0x5c>)
10004190:	663c      	str	r4, [r7, #96]	; 0x60
10004192:	0c0e      	lsrs	r6, r1, #16
10004194:	e7ff      	b.n	10004196 <y64_x48+0x54>
10004196:	e7ff      	b.n	10004198 <y64_x48+0x56>
10004198:	e7ff      	b.n	1000419a <y64_x48+0x58>
1000419a:	46c0      	nop			; (mov r8, r8)
1000419c:	6f3c      	ldr	r4, [r7, #112]	; 0x70
1000419e:	4366      	muls	r6, r4
100041a0:	0c36      	lsrs	r6, r6, #16
100041a2:	0377      	lsls	r7, r6, #13
100041a4:	46be      	mov	lr, r7
100041a6:	b297      	uxth	r7, r2
100041a8:	4377      	muls	r7, r6
100041aa:	1bc0      	subs	r0, r0, r7
100041ac:	d200      	bcs.n	100041b0 <y64_x48+0x6e>
100041ae:	3901      	subs	r1, #1
100041b0:	1bc0      	subs	r0, r0, r7
100041b2:	d200      	bcs.n	100041b6 <y64_x48+0x74>
100041b4:	3901      	subs	r1, #1
100041b6:	b29f      	uxth	r7, r3
100041b8:	4377      	muls	r7, r6
100041ba:	1bc9      	subs	r1, r1, r7
100041bc:	1bc9      	subs	r1, r1, r7
100041be:	0c17      	lsrs	r7, r2, #16
100041c0:	4377      	muls	r7, r6
100041c2:	047e      	lsls	r6, r7, #17
100041c4:	0bff      	lsrs	r7, r7, #15
100041c6:	1b80      	subs	r0, r0, r6
100041c8:	41b9      	sbcs	r1, r7
100041ca:	08ce      	lsrs	r6, r1, #3
100041cc:	4366      	muls	r6, r4
100041ce:	0c36      	lsrs	r6, r6, #16
100041d0:	2d0c      	cmp	r5, #12
100041d2:	db33      	blt.n	1000423c <last1>
100041d4:	44b6      	add	lr, r6
100041d6:	0b12      	lsrs	r2, r2, #12
100041d8:	051f      	lsls	r7, r3, #20
100041da:	433a      	orrs	r2, r7
100041dc:	0b1b      	lsrs	r3, r3, #12
100041de:	b297      	uxth	r7, r2
100041e0:	4377      	muls	r7, r6
100041e2:	1bc0      	subs	r0, r0, r7
100041e4:	d200      	bcs.n	100041e8 <y64_x48+0xa6>
100041e6:	3901      	subs	r1, #1
100041e8:	b29f      	uxth	r7, r3
100041ea:	4377      	muls	r7, r6
100041ec:	1bc9      	subs	r1, r1, r7
100041ee:	0c17      	lsrs	r7, r2, #16
100041f0:	4377      	muls	r7, r6
100041f2:	043e      	lsls	r6, r7, #16
100041f4:	0c3f      	lsrs	r7, r7, #16
100041f6:	1b80      	subs	r0, r0, r6
100041f8:	41b9      	sbcs	r1, r7
100041fa:	0d86      	lsrs	r6, r0, #22
100041fc:	028f      	lsls	r7, r1, #10
100041fe:	433e      	orrs	r6, r7
10004200:	4366      	muls	r6, r4
10004202:	2729      	movs	r7, #41	; 0x29
10004204:	1b7f      	subs	r7, r7, r5
10004206:	40fe      	lsrs	r6, r7
10004208:	3d0c      	subs	r5, #12
1000420a:	4677      	mov	r7, lr
1000420c:	40af      	lsls	r7, r5
1000420e:	19bf      	adds	r7, r7, r6
10004210:	bc30      	pop	{r4, r5}
10004212:	b2a2      	uxth	r2, r4
10004214:	b2ab      	uxth	r3, r5
10004216:	4372      	muls	r2, r6
10004218:	4373      	muls	r3, r6
1000421a:	1a80      	subs	r0, r0, r2
1000421c:	4199      	sbcs	r1, r3
1000421e:	0c22      	lsrs	r2, r4, #16
10004220:	4372      	muls	r2, r6
10004222:	0c13      	lsrs	r3, r2, #16
10004224:	0412      	lsls	r2, r2, #16
10004226:	1a80      	subs	r0, r0, r2
10004228:	4199      	sbcs	r1, r3
1000422a:	0002      	movs	r2, r0
1000422c:	000b      	movs	r3, r1
1000422e:	3701      	adds	r7, #1
10004230:	1b00      	subs	r0, r0, r4
10004232:	41a9      	sbcs	r1, r5
10004234:	d2f9      	bcs.n	1000422a <y64_x48+0xe8>
10004236:	1e78      	subs	r0, r7, #1
10004238:	2100      	movs	r1, #0
1000423a:	bdf0      	pop	{r4, r5, r6, r7, pc}

1000423c <last1>:
1000423c:	270c      	movs	r7, #12
1000423e:	1b7f      	subs	r7, r7, r5
10004240:	40fe      	lsrs	r6, r7
10004242:	4677      	mov	r7, lr
10004244:	0b7f      	lsrs	r7, r7, #13
10004246:	40af      	lsls	r7, r5
10004248:	19ff      	adds	r7, r7, r7
1000424a:	e7e0      	b.n	1000420e <y64_x48+0xcc>

1000424c <y64_x64>:
1000424c:	2400      	movs	r4, #0
1000424e:	1c5d      	adds	r5, r3, #1
10004250:	d007      	beq.n	10004262 <y64_x64+0x16>
10004252:	4f14      	ldr	r7, [pc, #80]	; (100042a4 <y64_x64+0x58>)
10004254:	667d      	str	r5, [r7, #100]	; 0x64
10004256:	6639      	str	r1, [r7, #96]	; 0x60
10004258:	e7ff      	b.n	1000425a <y64_x64+0xe>
1000425a:	e7ff      	b.n	1000425c <y64_x64+0x10>
1000425c:	e7ff      	b.n	1000425e <y64_x64+0x12>
1000425e:	e7ff      	b.n	10004260 <y64_x64+0x14>
10004260:	6f3c      	ldr	r4, [r7, #112]	; 0x70
10004262:	b295      	uxth	r5, r2
10004264:	b29e      	uxth	r6, r3
10004266:	4365      	muls	r5, r4
10004268:	4366      	muls	r6, r4
1000426a:	1b40      	subs	r0, r0, r5
1000426c:	41b1      	sbcs	r1, r6
1000426e:	0c15      	lsrs	r5, r2, #16
10004270:	0c1e      	lsrs	r6, r3, #16
10004272:	4365      	muls	r5, r4
10004274:	4366      	muls	r6, r4
10004276:	0436      	lsls	r6, r6, #16
10004278:	0c2f      	lsrs	r7, r5, #16
1000427a:	433e      	orrs	r6, r7
1000427c:	042d      	lsls	r5, r5, #16
1000427e:	1b40      	subs	r0, r0, r5
10004280:	41b1      	sbcs	r1, r6
10004282:	4299      	cmp	r1, r3
10004284:	d204      	bcs.n	10004290 <y64_x64+0x44>
10004286:	0002      	movs	r2, r0
10004288:	000b      	movs	r3, r1
1000428a:	0020      	movs	r0, r4
1000428c:	2100      	movs	r1, #0
1000428e:	bdf0      	pop	{r4, r5, r6, r7, pc}
10004290:	d101      	bne.n	10004296 <y64_x64+0x4a>
10004292:	4290      	cmp	r0, r2
10004294:	d3f7      	bcc.n	10004286 <y64_x64+0x3a>
10004296:	1a80      	subs	r0, r0, r2
10004298:	4199      	sbcs	r1, r3
1000429a:	3401      	adds	r4, #1
1000429c:	4299      	cmp	r1, r3
1000429e:	d3f2      	bcc.n	10004286 <y64_x64+0x3a>
100042a0:	e7f6      	b.n	10004290 <y64_x64+0x44>
100042a2:	0000      	.short	0x0000
100042a4:	d0000000 	.word	0xd0000000
100042a8:	ffffffff 	.word	0xffffffff

100042ac <__wrap___aeabi_drsub>:
100042ac:	4048      	eors	r0, r1
100042ae:	4041      	eors	r1, r0
100042b0:	4048      	eors	r0, r1

100042b2 <__wrap___aeabi_dsub>:
100042b2:	b418      	push	{r3, r4}
100042b4:	4b1b      	ldr	r3, [pc, #108]	; (10004324 <__wrap___aeabi_dmul+0x12>)
100042b6:	685b      	ldr	r3, [r3, #4]
100042b8:	46fc      	mov	ip, pc
100042ba:	9301      	str	r3, [sp, #4]
100042bc:	bd08      	pop	{r3, pc}
100042be:	df04      	.short	0xdf04
100042c0:	100046d3 	.word	0x100046d3

100042c4 <__wrap___aeabi_dadd>:
100042c4:	b418      	push	{r3, r4}
100042c6:	4b17      	ldr	r3, [pc, #92]	; (10004324 <__wrap___aeabi_dmul+0x12>)
100042c8:	681b      	ldr	r3, [r3, #0]
100042ca:	46fc      	mov	ip, pc
100042cc:	9301      	str	r3, [sp, #4]
100042ce:	bd08      	pop	{r3, pc}
100042d0:	46dddf00 	.word	0x46dddf00
100042d4:	1000      	.short	0x1000

100042d6 <__wrap___aeabi_ddiv>:
100042d6:	4694      	mov	ip, r2
100042d8:	4a13      	ldr	r2, [pc, #76]	; (10004328 <__wrap___aeabi_dmul+0x16>)
100042da:	6f92      	ldr	r2, [r2, #120]	; 0x78
100042dc:	0892      	lsrs	r2, r2, #2
100042de:	d209      	bcs.n	100042f4 <ddiv_save_state>
100042e0:	4662      	mov	r2, ip

100042e2 <ddiv_shim_call>:
100042e2:	b418      	push	{r3, r4}
100042e4:	4b0f      	ldr	r3, [pc, #60]	; (10004324 <__wrap___aeabi_dmul+0x12>)
100042e6:	68db      	ldr	r3, [r3, #12]
100042e8:	46fc      	mov	ip, pc
100042ea:	9301      	str	r3, [sp, #4]
100042ec:	bd08      	pop	{r3, pc}
100042ee:	df0c      	.short	0xdf0c
100042f0:	10004995 	.word	0x10004995

100042f4 <ddiv_save_state>:
100042f4:	4a0c      	ldr	r2, [pc, #48]	; (10004328 <__wrap___aeabi_dmul+0x16>)
100042f6:	b5f0      	push	{r4, r5, r6, r7, lr}
100042f8:	6e14      	ldr	r4, [r2, #96]	; 0x60
100042fa:	6e55      	ldr	r5, [r2, #100]	; 0x64
100042fc:	6f57      	ldr	r7, [r2, #116]	; 0x74
100042fe:	6f16      	ldr	r6, [r2, #112]	; 0x70
10004300:	4662      	mov	r2, ip
10004302:	f7ff ffee 	bl	100042e2 <ddiv_shim_call>
10004306:	4a08      	ldr	r2, [pc, #32]	; (10004328 <__wrap___aeabi_dmul+0x16>)
10004308:	6614      	str	r4, [r2, #96]	; 0x60
1000430a:	6655      	str	r5, [r2, #100]	; 0x64
1000430c:	6757      	str	r7, [r2, #116]	; 0x74
1000430e:	6716      	str	r6, [r2, #112]	; 0x70
10004310:	bdf0      	pop	{r4, r5, r6, r7, pc}

10004312 <__wrap___aeabi_dmul>:
10004312:	b418      	push	{r3, r4}
10004314:	4b03      	ldr	r3, [pc, #12]	; (10004324 <__wrap___aeabi_dmul+0x12>)
10004316:	689b      	ldr	r3, [r3, #8]
10004318:	46fc      	mov	ip, pc
1000431a:	9301      	str	r3, [sp, #4]
1000431c:	bd08      	pop	{r3, pc}
1000431e:	df08      	.short	0xdf08
10004320:	10004839 	.word	0x10004839
10004324:	20002310 	.word	0x20002310
10004328:	d0000000 	.word	0xd0000000

1000432c <__wrap___aeabi_cdrcmple>:
1000432c:	b5ff      	push	{r0, r1, r2, r3, r4, r5, r6, r7, lr}
1000432e:	4050      	eors	r0, r2
10004330:	4042      	eors	r2, r0
10004332:	4050      	eors	r0, r2
10004334:	4059      	eors	r1, r3
10004336:	404b      	eors	r3, r1
10004338:	4059      	eors	r1, r3
1000433a:	e000      	b.n	1000433e <__aeabi_dfcmple_guts>

1000433c <__wrap___aeabi_cdcmpeq>:
1000433c:	b5ff      	push	{r0, r1, r2, r3, r4, r5, r6, r7, lr}

1000433e <__aeabi_dfcmple_guts>:
1000433e:	4f15      	ldr	r7, [pc, #84]	; (10004394 <__aeabi_dfcmple_guts+0x56>)
10004340:	004c      	lsls	r4, r1, #1
10004342:	0d64      	lsrs	r4, r4, #21
10004344:	d003      	beq.n	1000434e <__aeabi_dfcmple_guts+0x10>
10004346:	42bc      	cmp	r4, r7
10004348:	d104      	bne.n	10004354 <__aeabi_dfcmple_guts+0x16>
1000434a:	030c      	lsls	r4, r1, #12
1000434c:	d814      	bhi.n	10004378 <__aeabi_dfcmple_guts+0x3a>
1000434e:	2000      	movs	r0, #0
10004350:	0d09      	lsrs	r1, r1, #20
10004352:	0509      	lsls	r1, r1, #20
10004354:	005c      	lsls	r4, r3, #1
10004356:	0d64      	lsrs	r4, r4, #21
10004358:	d003      	beq.n	10004362 <__aeabi_dfcmple_guts+0x24>
1000435a:	42bc      	cmp	r4, r7
1000435c:	d104      	bne.n	10004368 <__aeabi_dfcmple_guts+0x2a>
1000435e:	031c      	lsls	r4, r3, #12
10004360:	d80a      	bhi.n	10004378 <__aeabi_dfcmple_guts+0x3a>
10004362:	2200      	movs	r2, #0
10004364:	0d1b      	lsrs	r3, r3, #20
10004366:	051b      	lsls	r3, r3, #20
10004368:	2601      	movs	r6, #1
1000436a:	404b      	eors	r3, r1
1000436c:	d409      	bmi.n	10004382 <__aeabi_dfcmple_guts+0x44>
1000436e:	404b      	eors	r3, r1
10004370:	d503      	bpl.n	1000437a <__aeabi_dfcmple_guts+0x3c>
10004372:	428b      	cmp	r3, r1
10004374:	d100      	bne.n	10004378 <__aeabi_dfcmple_guts+0x3a>
10004376:	4282      	cmp	r2, r0
10004378:	bdff      	pop	{r0, r1, r2, r3, r4, r5, r6, r7, pc}
1000437a:	4299      	cmp	r1, r3
1000437c:	d1fc      	bne.n	10004378 <__aeabi_dfcmple_guts+0x3a>
1000437e:	4290      	cmp	r0, r2
10004380:	bdff      	pop	{r0, r1, r2, r3, r4, r5, r6, r7, pc}
10004382:	430b      	orrs	r3, r1
10004384:	18db      	adds	r3, r3, r3
10004386:	4303      	orrs	r3, r0
10004388:	4313      	orrs	r3, r2
1000438a:	d0f5      	beq.n	10004378 <__aeabi_dfcmple_guts+0x3a>
1000438c:	43c9      	mvns	r1, r1
1000438e:	1849      	adds	r1, r1, r1
10004390:	bdff      	pop	{r0, r1, r2, r3, r4, r5, r6, r7, pc}
10004392:	0000      	.short	0x0000
10004394:	000007ff 	.word	0x000007ff

10004398 <__wrap___aeabi_dcmpeq>:
10004398:	b500      	push	{lr}
1000439a:	f7ff ffcf 	bl	1000433c <__wrap___aeabi_cdcmpeq>
1000439e:	d001      	beq.n	100043a4 <__wrap___aeabi_dcmpeq+0xc>
100043a0:	2000      	movs	r0, #0
100043a2:	bd00      	pop	{pc}
100043a4:	2001      	movs	r0, #1
100043a6:	bd00      	pop	{pc}

100043a8 <__wrap___aeabi_dcmplt>:
100043a8:	b500      	push	{lr}
100043aa:	f7ff ffc7 	bl	1000433c <__wrap___aeabi_cdcmpeq>
100043ae:	4180      	sbcs	r0, r0
100043b0:	bd00      	pop	{pc}
100043b2:	46c0      	nop			; (mov r8, r8)

100043b4 <__wrap___aeabi_dcmple>:
100043b4:	b500      	push	{lr}
100043b6:	f7ff ffc1 	bl	1000433c <__wrap___aeabi_cdcmpeq>
100043ba:	d901      	bls.n	100043c0 <__wrap___aeabi_dcmple+0xc>
100043bc:	2000      	movs	r0, #0
100043be:	bd00      	pop	{pc}
100043c0:	2001      	movs	r0, #1
100043c2:	bd00      	pop	{pc}

100043c4 <__wrap___aeabi_dcmpge>:
100043c4:	b500      	push	{lr}
100043c6:	f7ff ffb1 	bl	1000432c <__wrap___aeabi_cdrcmple>
100043ca:	d901      	bls.n	100043d0 <__wrap___aeabi_dcmpge+0xc>
100043cc:	2000      	movs	r0, #0
100043ce:	bd00      	pop	{pc}
100043d0:	2001      	movs	r0, #1
100043d2:	bd00      	pop	{pc}

100043d4 <__wrap___aeabi_dcmpgt>:
100043d4:	b500      	push	{lr}
100043d6:	f7ff ffa9 	bl	1000432c <__wrap___aeabi_cdrcmple>
100043da:	4180      	sbcs	r0, r0
100043dc:	bd00      	pop	{pc}

100043de <__wrap___aeabi_dcmpun>:
100043de:	2001      	movs	r0, #1
100043e0:	0540      	lsls	r0, r0, #21
100043e2:	004a      	lsls	r2, r1, #1
100043e4:	1812      	adds	r2, r2, r0
100043e6:	d804      	bhi.n	100043f2 <__wrap___aeabi_dcmpun+0x14>
100043e8:	005a      	lsls	r2, r3, #1
100043ea:	1812      	adds	r2, r2, r0
100043ec:	d801      	bhi.n	100043f2 <__wrap___aeabi_dcmpun+0x14>
100043ee:	2000      	movs	r0, #0
100043f0:	4770      	bx	lr
100043f2:	2001      	movs	r0, #1
100043f4:	4770      	bx	lr
100043f6:	2000      	movs	r0, #0
100043f8:	4770      	bx	lr
	...

100043fc <__wrap___aeabi_ui2d>:
100043fc:	2100      	movs	r1, #0
100043fe:	2800      	cmp	r0, #0
10004400:	d105      	bne.n	1000440e <__wrap___aeabi_i2d+0xa>
10004402:	4770      	bx	lr

10004404 <__wrap___aeabi_i2d>:
10004404:	17c1      	asrs	r1, r0, #31
10004406:	4048      	eors	r0, r1
10004408:	1a40      	subs	r0, r0, r1
1000440a:	d0fa      	beq.n	10004402 <__wrap___aeabi_ui2d+0x6>
1000440c:	07c9      	lsls	r1, r1, #31
1000440e:	b513      	push	{r0, r1, r4, lr}
10004410:	4b06      	ldr	r3, [pc, #24]	; (1000442c <__wrap___aeabi_i2d+0x28>)
10004412:	681b      	ldr	r3, [r3, #0]
10004414:	4798      	blx	r3
10004416:	bc0c      	pop	{r2, r3}
10004418:	1c44      	adds	r4, r0, #1
1000441a:	40a2      	lsls	r2, r4
1000441c:	0510      	lsls	r0, r2, #20
1000441e:	0b12      	lsrs	r2, r2, #12
10004420:	4903      	ldr	r1, [pc, #12]	; (10004430 <__wrap___aeabi_i2d+0x2c>)
10004422:	1b09      	subs	r1, r1, r4
10004424:	0509      	lsls	r1, r1, #20
10004426:	4319      	orrs	r1, r3
10004428:	4311      	orrs	r1, r2
1000442a:	bd10      	pop	{r4, pc}
1000442c:	20002410 	.word	0x20002410
10004430:	0000041f 	.word	0x0000041f

10004434 <__wrap___aeabi_d2iz>:
10004434:	b510      	push	{r4, lr}
10004436:	004c      	lsls	r4, r1, #1
10004438:	0d62      	lsrs	r2, r4, #21
1000443a:	2380      	movs	r3, #128	; 0x80
1000443c:	18d2      	adds	r2, r2, r3
1000443e:	00db      	lsls	r3, r3, #3
10004440:	1ad2      	subs	r2, r2, r3
10004442:	055b      	lsls	r3, r3, #21
10004444:	2a7e      	cmp	r2, #126	; 0x7e
10004446:	dd10      	ble.n	1000446a <__wrap___aeabi_d2iz+0x36>
10004448:	3a9e      	subs	r2, #158	; 0x9e
1000444a:	da13      	bge.n	10004474 <__wrap___aeabi_d2iz+0x40>
1000444c:	17cc      	asrs	r4, r1, #31
1000444e:	0309      	lsls	r1, r1, #12
10004450:	0849      	lsrs	r1, r1, #1
10004452:	4319      	orrs	r1, r3
10004454:	4252      	negs	r2, r2
10004456:	40d1      	lsrs	r1, r2
10004458:	0064      	lsls	r4, r4, #1
1000445a:	3401      	adds	r4, #1
1000445c:	3215      	adds	r2, #21
1000445e:	2a20      	cmp	r2, #32
10004460:	da05      	bge.n	1000446e <__wrap___aeabi_d2iz+0x3a>
10004462:	40d0      	lsrs	r0, r2
10004464:	4308      	orrs	r0, r1
10004466:	4360      	muls	r0, r4
10004468:	bd10      	pop	{r4, pc}
1000446a:	2000      	movs	r0, #0
1000446c:	bd10      	pop	{r4, pc}
1000446e:	4608      	mov	r0, r1
10004470:	4360      	muls	r0, r4
10004472:	bd10      	pop	{r4, pc}
10004474:	0fc8      	lsrs	r0, r1, #31
10004476:	18c0      	adds	r0, r0, r3
10004478:	3801      	subs	r0, #1
1000447a:	bd10      	pop	{r4, pc}

1000447c <__wrap___aeabi_d2uiz>:
1000447c:	b418      	push	{r3, r4}
1000447e:	4b04      	ldr	r3, [pc, #16]	; (10004490 <__wrap___aeabi_d2uiz+0x14>)
10004480:	6a5b      	ldr	r3, [r3, #36]	; 0x24
10004482:	46fc      	mov	ip, pc
10004484:	9301      	str	r3, [sp, #4]
10004486:	bd08      	pop	{r3, pc}
10004488:	4b45df24 	.word	0x4b45df24
1000448c:	00001000 	.word	0x00001000
10004490:	20002310 	.word	0x20002310

10004494 <__wrap___aeabi_l2d>:
10004494:	b418      	push	{r3, r4}
10004496:	4b04      	ldr	r3, [pc, #16]	; (100044a8 <__wrap___aeabi_l2d+0x14>)
10004498:	6ddb      	ldr	r3, [r3, #92]	; 0x5c
1000449a:	46fc      	mov	ip, pc
1000449c:	9301      	str	r3, [sp, #4]
1000449e:	bd08      	pop	{r3, pc}
100044a0:	4c51df5c 	.word	0x4c51df5c
100044a4:	00001000 	.word	0x00001000
100044a8:	20002310 	.word	0x20002310

100044ac <__wrap___aeabi_ul2d>:
100044ac:	b418      	push	{r3, r4}
100044ae:	4b04      	ldr	r3, [pc, #16]	; (100044c0 <__wrap___aeabi_ul2d+0x14>)
100044b0:	6e5b      	ldr	r3, [r3, #100]	; 0x64
100044b2:	46fc      	mov	ip, pc
100044b4:	9301      	str	r3, [sp, #4]
100044b6:	bd08      	pop	{r3, pc}
100044b8:	4c49df64 	.word	0x4c49df64
100044bc:	00001000 	.word	0x00001000
100044c0:	20002310 	.word	0x20002310

100044c4 <__wrap___aeabi_d2lz>:
100044c4:	42c9      	cmn	r1, r1
100044c6:	d311      	bcc.n	100044ec <double2int64>
100044c8:	b500      	push	{lr}
100044ca:	0049      	lsls	r1, r1, #1
100044cc:	0849      	lsrs	r1, r1, #1
100044ce:	2200      	movs	r2, #0
100044d0:	f000 f818 	bl	10004504 <double2ufix64>
100044d4:	2900      	cmp	r1, #0
100044d6:	d404      	bmi.n	100044e2 <__wrap___aeabi_d2lz+0x1e>
100044d8:	2200      	movs	r2, #0
100044da:	4240      	negs	r0, r0
100044dc:	418a      	sbcs	r2, r1
100044de:	4611      	mov	r1, r2
100044e0:	bd00      	pop	{pc}
100044e2:	2180      	movs	r1, #128	; 0x80
100044e4:	0609      	lsls	r1, r1, #24
100044e6:	2000      	movs	r0, #0
100044e8:	bd00      	pop	{pc}
	...

100044ec <double2int64>:
100044ec:	b418      	push	{r3, r4}
100044ee:	4b04      	ldr	r3, [pc, #16]	; (10004500 <double2int64+0x14>)
100044f0:	6edb      	ldr	r3, [r3, #108]	; 0x6c
100044f2:	46fc      	mov	ip, pc
100044f4:	9301      	str	r3, [sp, #4]
100044f6:	bd08      	pop	{r3, pc}
100044f8:	4b53df6c 	.word	0x4b53df6c
100044fc:	00001000 	.word	0x00001000
10004500:	20002310 	.word	0x20002310

10004504 <double2ufix64>:
10004504:	b418      	push	{r3, r4}
10004506:	4b04      	ldr	r3, [pc, #16]	; (10004518 <double2ufix64+0x14>)
10004508:	6f9b      	ldr	r3, [r3, #120]	; 0x78
1000450a:	46fc      	mov	ip, pc
1000450c:	9301      	str	r3, [sp, #4]
1000450e:	bd08      	pop	{r3, pc}
10004510:	4b6fdf78 	.word	0x4b6fdf78
10004514:	00001000 	.word	0x00001000
10004518:	20002310 	.word	0x20002310

1000451c <__wrap___aeabi_d2f>:
1000451c:	b418      	push	{r3, r4}
1000451e:	4b04      	ldr	r3, [pc, #16]	; (10004530 <__wrap___aeabi_d2f+0x14>)
10004520:	6fdb      	ldr	r3, [r3, #124]	; 0x7c
10004522:	46fc      	mov	ip, pc
10004524:	9301      	str	r3, [sp, #4]
10004526:	bd08      	pop	{r3, pc}
10004528:	4bdddf7c 	.word	0x4bdddf7c
1000452c:	00001000 	.word	0x00001000
10004530:	20002310 	.word	0x20002310

10004534 <__aeabi_double_init>:
10004534:	b570      	push	{r4, r5, r6, lr}
10004536:	2313      	movs	r3, #19
10004538:	781c      	ldrb	r4, [r3, #0]
1000453a:	2c01      	cmp	r4, #1
1000453c:	d014      	beq.n	10004568 <__aeabi_double_init+0x34>
1000453e:	2c01      	cmp	r4, #1
10004540:	dc14      	bgt.n	1000456c <__aeabi_double_init+0x38>
10004542:	2c02      	cmp	r4, #2
10004544:	dc02      	bgt.n	1000454c <__aeabi_double_init+0x18>
10004546:	4a1f      	ldr	r2, [pc, #124]	; (100045c4 <__aeabi_double_init+0x90>)
10004548:	4b1f      	ldr	r3, [pc, #124]	; (100045c8 <__aeabi_double_init+0x94>)
1000454a:	649a      	str	r2, [r3, #72]	; 0x48
1000454c:	481f      	ldr	r0, [pc, #124]	; (100045cc <__aeabi_double_init+0x98>)
1000454e:	f7ff fc21 	bl	10003d94 <rom_func_lookup>
10004552:	4b1f      	ldr	r3, [pc, #124]	; (100045d0 <__aeabi_double_init+0x9c>)
10004554:	6018      	str	r0, [r3, #0]
10004556:	bd70      	pop	{r4, r5, r6, pc}
10004558:	0099      	lsls	r1, r3, #2
1000455a:	481a      	ldr	r0, [pc, #104]	; (100045c4 <__aeabi_double_init+0x90>)
1000455c:	4a1a      	ldr	r2, [pc, #104]	; (100045c8 <__aeabi_double_init+0x94>)
1000455e:	5088      	str	r0, [r1, r2]
10004560:	3301      	adds	r3, #1
10004562:	2b1f      	cmp	r3, #31
10004564:	d9f8      	bls.n	10004558 <__aeabi_double_init+0x24>
10004566:	e7ea      	b.n	1000453e <__aeabi_double_init+0xa>
10004568:	2300      	movs	r3, #0
1000456a:	e7fa      	b.n	10004562 <__aeabi_double_init+0x2e>
1000456c:	4819      	ldr	r0, [pc, #100]	; (100045d4 <__aeabi_double_init+0xa0>)
1000456e:	f7ff fc19 	bl	10003da4 <rom_data_lookup>
10004572:	0005      	movs	r5, r0
10004574:	4818      	ldr	r0, [pc, #96]	; (100045d8 <__aeabi_double_init+0xa4>)
10004576:	f7ff fc15 	bl	10003da4 <rom_data_lookup>
1000457a:	3802      	subs	r0, #2
1000457c:	7803      	ldrb	r3, [r0, #0]
1000457e:	009b      	lsls	r3, r3, #2
10004580:	2b7f      	cmp	r3, #127	; 0x7f
10004582:	dd19      	ble.n	100045b8 <__aeabi_double_init+0x84>
10004584:	2280      	movs	r2, #128	; 0x80
10004586:	0029      	movs	r1, r5
10004588:	480f      	ldr	r0, [pc, #60]	; (100045c8 <__aeabi_double_init+0x94>)
1000458a:	f000 fe79 	bl	10005280 <__wrap___aeabi_memcpy>
1000458e:	2c02      	cmp	r4, #2
10004590:	d1d7      	bne.n	10004542 <__aeabi_double_init+0xe>
10004592:	4b12      	ldr	r3, [pc, #72]	; (100045dc <__aeabi_double_init+0xa8>)
10004594:	881a      	ldrh	r2, [r3, #0]
10004596:	23b5      	movs	r3, #181	; 0xb5
10004598:	021b      	lsls	r3, r3, #8
1000459a:	429a      	cmp	r2, r3
1000459c:	d109      	bne.n	100045b2 <__aeabi_double_init+0x7e>
1000459e:	4b10      	ldr	r3, [pc, #64]	; (100045e0 <__aeabi_double_init+0xac>)
100045a0:	881a      	ldrh	r2, [r3, #0]
100045a2:	4b10      	ldr	r3, [pc, #64]	; (100045e4 <__aeabi_double_init+0xb0>)
100045a4:	429a      	cmp	r2, r3
100045a6:	d104      	bne.n	100045b2 <__aeabi_double_init+0x7e>
100045a8:	4b0f      	ldr	r3, [pc, #60]	; (100045e8 <__aeabi_double_init+0xb4>)
100045aa:	881a      	ldrh	r2, [r3, #0]
100045ac:	4b0f      	ldr	r3, [pc, #60]	; (100045ec <__aeabi_double_init+0xb8>)
100045ae:	429a      	cmp	r2, r3
100045b0:	d0c7      	beq.n	10004542 <__aeabi_double_init+0xe>
100045b2:	2000      	movs	r0, #0
100045b4:	f7fe fb2e 	bl	10002c14 <panic>
100045b8:	4b0d      	ldr	r3, [pc, #52]	; (100045f0 <__aeabi_double_init+0xbc>)
100045ba:	4a0e      	ldr	r2, [pc, #56]	; (100045f4 <__aeabi_double_init+0xc0>)
100045bc:	2132      	movs	r1, #50	; 0x32
100045be:	480e      	ldr	r0, [pc, #56]	; (100045f8 <__aeabi_double_init+0xc4>)
100045c0:	f7fe fa8e 	bl	10002ae0 <__assert_func>
100045c4:	10004699 	.word	0x10004699
100045c8:	20002310 	.word	0x20002310
100045cc:	0000334c 	.word	0x0000334c
100045d0:	20002410 	.word	0x20002410
100045d4:	00004453 	.word	0x00004453
100045d8:	00004653 	.word	0x00004653
100045dc:	00003854 	.word	0x00003854
100045e0:	000038d8 	.word	0x000038d8
100045e4:	00004649 	.word	0x00004649
100045e8:	0000389c 	.word	0x0000389c
100045ec:	00004659 	.word	0x00004659
100045f0:	1000ba08 	.word	0x1000ba08
100045f4:	1000bac0 	.word	0x1000bac0
100045f8:	1000ba5c 	.word	0x1000ba5c

100045fc <__wrap_floor>:
100045fc:	b5f0      	push	{r4, r5, r6, r7, lr}
100045fe:	46c6      	mov	lr, r8
10004600:	b500      	push	{lr}
10004602:	0006      	movs	r6, r0
10004604:	000f      	movs	r7, r1
10004606:	0d0b      	lsrs	r3, r1, #20
10004608:	055b      	lsls	r3, r3, #21
1000460a:	0d5a      	lsrs	r2, r3, #21
1000460c:	2b00      	cmp	r3, #0
1000460e:	d027      	beq.n	10004660 <__wrap_floor+0x64>
10004610:	4b1f      	ldr	r3, [pc, #124]	; (10004690 <__wrap_floor+0x94>)
10004612:	18d2      	adds	r2, r2, r3
10004614:	d42c      	bmi.n	10004670 <__wrap_floor+0x74>
10004616:	2434      	movs	r4, #52	; 0x34
10004618:	1aa3      	subs	r3, r4, r2
1000461a:	4698      	mov	r8, r3
1000461c:	2b00      	cmp	r3, #0
1000461e:	dd24      	ble.n	1000466a <__wrap_floor+0x6e>
10004620:	3b20      	subs	r3, #32
10004622:	469c      	mov	ip, r3
10004624:	d429      	bmi.n	1000467a <__wrap_floor+0x7e>
10004626:	2501      	movs	r5, #1
10004628:	4664      	mov	r4, ip
1000462a:	40a5      	lsls	r5, r4
1000462c:	002b      	movs	r3, r5
1000462e:	2501      	movs	r5, #1
10004630:	4644      	mov	r4, r8
10004632:	40a5      	lsls	r5, r4
10004634:	002a      	movs	r2, r5
10004636:	2401      	movs	r4, #1
10004638:	4264      	negs	r4, r4
1000463a:	17e5      	asrs	r5, r4, #31
1000463c:	18a4      	adds	r4, r4, r2
1000463e:	415d      	adcs	r5, r3
10004640:	2900      	cmp	r1, #0
10004642:	da03      	bge.n	1000464c <__wrap_floor+0x50>
10004644:	1824      	adds	r4, r4, r0
10004646:	414d      	adcs	r5, r1
10004648:	0026      	movs	r6, r4
1000464a:	002f      	movs	r7, r5
1000464c:	2500      	movs	r5, #0
1000464e:	4254      	negs	r4, r2
10004650:	419d      	sbcs	r5, r3
10004652:	0033      	movs	r3, r6
10004654:	4023      	ands	r3, r4
10004656:	0018      	movs	r0, r3
10004658:	003b      	movs	r3, r7
1000465a:	402b      	ands	r3, r5
1000465c:	0019      	movs	r1, r3
1000465e:	e004      	b.n	1000466a <__wrap_floor+0x6e>
10004660:	2200      	movs	r2, #0
10004662:	0fc9      	lsrs	r1, r1, #31
10004664:	07cb      	lsls	r3, r1, #31
10004666:	0010      	movs	r0, r2
10004668:	0019      	movs	r1, r3
1000466a:	bc80      	pop	{r7}
1000466c:	46b8      	mov	r8, r7
1000466e:	bdf0      	pop	{r4, r5, r6, r7, pc}
10004670:	2900      	cmp	r1, #0
10004672:	da09      	bge.n	10004688 <__wrap_floor+0x8c>
10004674:	2000      	movs	r0, #0
10004676:	4907      	ldr	r1, [pc, #28]	; (10004694 <__wrap_floor+0x98>)
10004678:	e7f7      	b.n	1000466a <__wrap_floor+0x6e>
1000467a:	2520      	movs	r5, #32
1000467c:	4643      	mov	r3, r8
1000467e:	1aed      	subs	r5, r5, r3
10004680:	2401      	movs	r4, #1
10004682:	40ec      	lsrs	r4, r5
10004684:	0023      	movs	r3, r4
10004686:	e7d2      	b.n	1000462e <__wrap_floor+0x32>
10004688:	2000      	movs	r0, #0
1000468a:	2100      	movs	r1, #0
1000468c:	e7ed      	b.n	1000466a <__wrap_floor+0x6e>
1000468e:	46c0      	nop			; (mov r8, r8)
10004690:	fffffc01 	.word	0xfffffc01
10004694:	bff00000 	.word	0xbff00000

10004698 <double_table_shim_on_use_helper>:
10004698:	b507      	push	{r0, r1, r2, lr}
1000469a:	4660      	mov	r0, ip
1000469c:	2800      	cmp	r0, #0
1000469e:	d100      	bne.n	100046a2 <double_table_shim_on_use_helper+0xa>
100046a0:	be00      	bkpt	0x0000
100046a2:	8801      	ldrh	r1, [r0, #0]
100046a4:	0a0a      	lsrs	r2, r1, #8
100046a6:	3002      	adds	r0, #2
100046a8:	2adf      	cmp	r2, #223	; 0xdf
100046aa:	d1fa      	bne.n	100046a2 <double_table_shim_on_use_helper+0xa>
100046ac:	b2c9      	uxtb	r1, r1
100046ae:	0882      	lsrs	r2, r0, #2
100046b0:	d304      	bcc.n	100046bc <double_table_shim_on_use_helper+0x24>
100046b2:	8802      	ldrh	r2, [r0, #0]
100046b4:	8840      	ldrh	r0, [r0, #2]
100046b6:	0400      	lsls	r0, r0, #16
100046b8:	4310      	orrs	r0, r2
100046ba:	e000      	b.n	100046be <double_table_shim_on_use_helper+0x26>
100046bc:	6800      	ldr	r0, [r0, #0]
100046be:	4a02      	ldr	r2, [pc, #8]	; (100046c8 <double_table_shim_on_use_helper+0x30>)
100046c0:	5050      	str	r0, [r2, r1]
100046c2:	9003      	str	r0, [sp, #12]
100046c4:	bd07      	pop	{r0, r1, r2, pc}
100046c6:	0000      	.short	0x0000
100046c8:	20002310 	.word	0x20002310

100046cc <drsub_shim>:
100046cc:	b40f      	push	{r0, r1, r2, r3}
100046ce:	bc03      	pop	{r0, r1}
100046d0:	bc0c      	pop	{r2, r3}

100046d2 <dsub_shim>:
100046d2:	b5f0      	push	{r4, r5, r6, r7, lr}
100046d4:	2401      	movs	r4, #1
100046d6:	07e4      	lsls	r4, r4, #31
100046d8:	4063      	eors	r3, r4
100046da:	e000      	b.n	100046de <da_entry>

100046dc <dadd_shim>:
100046dc:	b5f0      	push	{r4, r5, r6, r7, lr}

100046de <da_entry>:
100046de:	0d0c      	lsrs	r4, r1, #20
100046e0:	0fcf      	lsrs	r7, r1, #31
100046e2:	1e66      	subs	r6, r4, #1
100046e4:	0536      	lsls	r6, r6, #20
100046e6:	1b89      	subs	r1, r1, r6
100046e8:	0564      	lsls	r4, r4, #21
100046ea:	d303      	bcc.n	100046f4 <l8_1>
100046ec:	43c9      	mvns	r1, r1
100046ee:	4240      	negs	r0, r0
100046f0:	d300      	bcc.n	100046f4 <l8_1>
100046f2:	3101      	adds	r1, #1

100046f4 <l8_1>:
100046f4:	0d64      	lsrs	r4, r4, #21
100046f6:	d003      	beq.n	10004700 <l8_2>
100046f8:	1c66      	adds	r6, r4, #1
100046fa:	0af6      	lsrs	r6, r6, #11
100046fc:	d007      	beq.n	1000470e <l8_3>
100046fe:	1be4      	subs	r4, r4, r7

10004700 <l8_2>:
10004700:	2000      	movs	r0, #0
10004702:	007f      	lsls	r7, r7, #1
10004704:	1c79      	adds	r1, r7, #1
10004706:	0789      	lsls	r1, r1, #30
10004708:	1289      	asrs	r1, r1, #10
1000470a:	3c80      	subs	r4, #128	; 0x80
1000470c:	0324      	lsls	r4, r4, #12

1000470e <l8_3>:
1000470e:	0d1d      	lsrs	r5, r3, #20
10004710:	0fdf      	lsrs	r7, r3, #31
10004712:	1e6e      	subs	r6, r5, #1
10004714:	0536      	lsls	r6, r6, #20
10004716:	1b9b      	subs	r3, r3, r6
10004718:	056d      	lsls	r5, r5, #21
1000471a:	d303      	bcc.n	10004724 <l9_1>
1000471c:	43db      	mvns	r3, r3
1000471e:	4252      	negs	r2, r2
10004720:	d300      	bcc.n	10004724 <l9_1>
10004722:	3301      	adds	r3, #1

10004724 <l9_1>:
10004724:	0d6d      	lsrs	r5, r5, #21
10004726:	d003      	beq.n	10004730 <l9_2>
10004728:	1c6e      	adds	r6, r5, #1
1000472a:	0af6      	lsrs	r6, r6, #11
1000472c:	d007      	beq.n	1000473e <l9_3>
1000472e:	1bed      	subs	r5, r5, r7

10004730 <l9_2>:
10004730:	2200      	movs	r2, #0
10004732:	007f      	lsls	r7, r7, #1
10004734:	1c7b      	adds	r3, r7, #1
10004736:	079b      	lsls	r3, r3, #30
10004738:	129b      	asrs	r3, r3, #10
1000473a:	3d80      	subs	r5, #128	; 0x80
1000473c:	032d      	lsls	r5, r5, #12

1000473e <l9_3>:
1000473e:	1b2f      	subs	r7, r5, r4
10004740:	1b66      	subs	r6, r4, r5
10004742:	d458      	bmi.n	100047f6 <da_ygtx>
10004744:	46a4      	mov	ip, r4
10004746:	2e20      	cmp	r6, #32
10004748:	da46      	bge.n	100047d8 <da_xrgty>
1000474a:	3720      	adds	r7, #32
1000474c:	0014      	movs	r4, r2
1000474e:	40bc      	lsls	r4, r7

10004750 <da_xgty0>:
10004750:	001d      	movs	r5, r3
10004752:	40bd      	lsls	r5, r7
10004754:	40f2      	lsrs	r2, r6
10004756:	4133      	asrs	r3, r6
10004758:	432a      	orrs	r2, r5

1000475a <da_add>:
1000475a:	1880      	adds	r0, r0, r2
1000475c:	4159      	adcs	r1, r3

1000475e <da_pack>:
1000475e:	0fcb      	lsrs	r3, r1, #31
10004760:	d005      	beq.n	1000476e <da_pack+0x10>
10004762:	43c9      	mvns	r1, r1
10004764:	43c0      	mvns	r0, r0
10004766:	2200      	movs	r2, #0
10004768:	4264      	negs	r4, r4
1000476a:	4150      	adcs	r0, r2
1000476c:	4151      	adcs	r1, r2
1000476e:	4662      	mov	r2, ip
10004770:	0d4d      	lsrs	r5, r1, #21
10004772:	d128      	bne.n	100047c6 <da_0>
10004774:	0d0d      	lsrs	r5, r1, #20
10004776:	d107      	bne.n	10004788 <da_1>
10004778:	2800      	cmp	r0, #0
1000477a:	d01f      	beq.n	100047bc <da_5>

1000477c <da_2>:
1000477c:	1924      	adds	r4, r4, r4
1000477e:	4140      	adcs	r0, r0
10004780:	4149      	adcs	r1, r1
10004782:	3a01      	subs	r2, #1
10004784:	0d0d      	lsrs	r5, r1, #20
10004786:	d0f9      	beq.n	1000477c <da_2>

10004788 <da_1>:
10004788:	0064      	lsls	r4, r4, #1
1000478a:	d306      	bcc.n	1000479a <da_3>

1000478c <da_4>:
1000478c:	3001      	adds	r0, #1
1000478e:	d300      	bcc.n	10004792 <da_4+0x6>
10004790:	3101      	adds	r1, #1
10004792:	2c00      	cmp	r4, #0
10004794:	d101      	bne.n	1000479a <da_3>
10004796:	0840      	lsrs	r0, r0, #1
10004798:	0040      	lsls	r0, r0, #1

1000479a <da_3>:
1000479a:	3a01      	subs	r2, #1
1000479c:	d40b      	bmi.n	100047b6 <da_6>
1000479e:	1c94      	adds	r4, r2, #2
100047a0:	0ae4      	lsrs	r4, r4, #11
100047a2:	d104      	bne.n	100047ae <da_7>
100047a4:	0512      	lsls	r2, r2, #20
100047a6:	4411      	add	r1, r2
100047a8:	07db      	lsls	r3, r3, #31
100047aa:	4419      	add	r1, r3
100047ac:	bdf0      	pop	{r4, r5, r6, r7, pc}

100047ae <da_7>:
100047ae:	07d9      	lsls	r1, r3, #31
100047b0:	4b20      	ldr	r3, [pc, #128]	; (10004834 <da_xmgty+0x4>)
100047b2:	4319      	orrs	r1, r3
100047b4:	e000      	b.n	100047b8 <da_6+0x2>

100047b6 <da_6>:
100047b6:	07d9      	lsls	r1, r3, #31
100047b8:	2000      	movs	r0, #0
100047ba:	bdf0      	pop	{r4, r5, r6, r7, pc}

100047bc <da_5>:
100047bc:	2900      	cmp	r1, #0
100047be:	d1dd      	bne.n	1000477c <da_2>
100047c0:	2c00      	cmp	r4, #0
100047c2:	d1db      	bne.n	1000477c <da_2>
100047c4:	bdf0      	pop	{r4, r5, r6, r7, pc}

100047c6 <da_0>:
100047c6:	3201      	adds	r2, #1
100047c8:	07c6      	lsls	r6, r0, #31
100047ca:	0840      	lsrs	r0, r0, #1
100047cc:	07cd      	lsls	r5, r1, #31
100047ce:	4328      	orrs	r0, r5
100047d0:	0849      	lsrs	r1, r1, #1
100047d2:	2e00      	cmp	r6, #0
100047d4:	d0e1      	beq.n	1000479a <da_3>
100047d6:	e7d9      	b.n	1000478c <da_4>

100047d8 <da_xrgty>:
100047d8:	2e3c      	cmp	r6, #60	; 0x3c
100047da:	da29      	bge.n	10004830 <da_xmgty>
100047dc:	3e20      	subs	r6, #32
100047de:	3740      	adds	r7, #64	; 0x40
100047e0:	0014      	movs	r4, r2
100047e2:	40bc      	lsls	r4, r7
100047e4:	d000      	beq.n	100047e8 <da_xrgty+0x10>
100047e6:	2401      	movs	r4, #1
100047e8:	40f2      	lsrs	r2, r6
100047ea:	4314      	orrs	r4, r2
100047ec:	001a      	movs	r2, r3
100047ee:	40bb      	lsls	r3, r7
100047f0:	431c      	orrs	r4, r3
100047f2:	17d3      	asrs	r3, r2, #31
100047f4:	e7ac      	b.n	10004750 <da_xgty0>

100047f6 <da_ygtx>:
100047f6:	46ac      	mov	ip, r5
100047f8:	2f20      	cmp	r7, #32
100047fa:	da08      	bge.n	1000480e <da_yrgtx>
100047fc:	3620      	adds	r6, #32
100047fe:	0004      	movs	r4, r0
10004800:	40b4      	lsls	r4, r6

10004802 <da_ygtx0>:
10004802:	000d      	movs	r5, r1
10004804:	40b5      	lsls	r5, r6
10004806:	40f8      	lsrs	r0, r7
10004808:	4139      	asrs	r1, r7
1000480a:	4328      	orrs	r0, r5
1000480c:	e7a5      	b.n	1000475a <da_add>

1000480e <da_yrgtx>:
1000480e:	2f3c      	cmp	r7, #60	; 0x3c
10004810:	da0c      	bge.n	1000482c <da_ymgtx>
10004812:	3f20      	subs	r7, #32
10004814:	3640      	adds	r6, #64	; 0x40
10004816:	0004      	movs	r4, r0
10004818:	40b4      	lsls	r4, r6
1000481a:	d000      	beq.n	1000481e <da_yrgtx+0x10>
1000481c:	2401      	movs	r4, #1
1000481e:	40f8      	lsrs	r0, r7
10004820:	4304      	orrs	r4, r0
10004822:	0008      	movs	r0, r1
10004824:	40b1      	lsls	r1, r6
10004826:	430c      	orrs	r4, r1
10004828:	17c1      	asrs	r1, r0, #31
1000482a:	e7ea      	b.n	10004802 <da_ygtx0>

1000482c <da_ymgtx>:
1000482c:	0010      	movs	r0, r2
1000482e:	0019      	movs	r1, r3

10004830 <da_xmgty>:
10004830:	2400      	movs	r4, #0
10004832:	e794      	b.n	1000475e <da_pack>
10004834:	7ff00000 	.word	0x7ff00000

10004838 <dmul_shim>:
10004838:	b5f0      	push	{r4, r5, r6, r7, lr}
1000483a:	0d0c      	lsrs	r4, r1, #20
1000483c:	1e66      	subs	r6, r4, #1
1000483e:	0536      	lsls	r6, r6, #20
10004840:	1b89      	subs	r1, r1, r6
10004842:	0ae6      	lsrs	r6, r4, #11
10004844:	0564      	lsls	r4, r4, #21
10004846:	0d64      	lsrs	r4, r4, #21
10004848:	d002      	beq.n	10004850 <l12_1>
1000484a:	1c65      	adds	r5, r4, #1
1000484c:	0aed      	lsrs	r5, r5, #11
1000484e:	d004      	beq.n	1000485a <l12_2>

10004850 <l12_1>:
10004850:	2000      	movs	r0, #0
10004852:	2101      	movs	r1, #1
10004854:	0509      	lsls	r1, r1, #20
10004856:	3c80      	subs	r4, #128	; 0x80
10004858:	0324      	lsls	r4, r4, #12

1000485a <l12_2>:
1000485a:	46a4      	mov	ip, r4
1000485c:	0d1c      	lsrs	r4, r3, #20
1000485e:	1e67      	subs	r7, r4, #1
10004860:	053f      	lsls	r7, r7, #20
10004862:	1bdb      	subs	r3, r3, r7
10004864:	0ae7      	lsrs	r7, r4, #11
10004866:	0564      	lsls	r4, r4, #21
10004868:	0d64      	lsrs	r4, r4, #21
1000486a:	d002      	beq.n	10004872 <l13_1>
1000486c:	1c65      	adds	r5, r4, #1
1000486e:	0aed      	lsrs	r5, r5, #11
10004870:	d004      	beq.n	1000487c <l13_2>

10004872 <l13_1>:
10004872:	2200      	movs	r2, #0
10004874:	2301      	movs	r3, #1
10004876:	051b      	lsls	r3, r3, #20
10004878:	3c80      	subs	r4, #128	; 0x80
1000487a:	0324      	lsls	r4, r4, #12

1000487c <l13_2>:
1000487c:	4077      	eors	r7, r6
1000487e:	4464      	add	r4, ip
10004880:	b497      	push	{r0, r1, r2, r4, r7}
10004882:	b284      	uxth	r4, r0
10004884:	b296      	uxth	r6, r2
10004886:	4374      	muls	r4, r6
10004888:	0c07      	lsrs	r7, r0, #16
1000488a:	437e      	muls	r6, r7
1000488c:	0c15      	lsrs	r5, r2, #16
1000488e:	436f      	muls	r7, r5
10004890:	b280      	uxth	r0, r0
10004892:	4368      	muls	r0, r5
10004894:	1836      	adds	r6, r6, r0
10004896:	d302      	bcc.n	1000489e <l14_1>
10004898:	2001      	movs	r0, #1
1000489a:	0400      	lsls	r0, r0, #16
1000489c:	183f      	adds	r7, r7, r0

1000489e <l14_1>:
1000489e:	0430      	lsls	r0, r6, #16
100048a0:	0c35      	lsrs	r5, r6, #16
100048a2:	1900      	adds	r0, r0, r4
100048a4:	417d      	adcs	r5, r7
100048a6:	4684      	mov	ip, r0
100048a8:	b288      	uxth	r0, r1
100048aa:	b29a      	uxth	r2, r3
100048ac:	4350      	muls	r0, r2
100048ae:	0c0c      	lsrs	r4, r1, #16
100048b0:	4362      	muls	r2, r4
100048b2:	0c1f      	lsrs	r7, r3, #16
100048b4:	437c      	muls	r4, r7
100048b6:	b28e      	uxth	r6, r1
100048b8:	437e      	muls	r6, r7
100048ba:	1992      	adds	r2, r2, r6
100048bc:	d302      	bcc.n	100048c4 <l15_1>
100048be:	2601      	movs	r6, #1
100048c0:	0436      	lsls	r6, r6, #16
100048c2:	19a4      	adds	r4, r4, r6

100048c4 <l15_1>:
100048c4:	0416      	lsls	r6, r2, #16
100048c6:	0c17      	lsrs	r7, r2, #16
100048c8:	1836      	adds	r6, r6, r0
100048ca:	4167      	adcs	r7, r4
100048cc:	bc01      	pop	{r0}
100048ce:	b281      	uxth	r1, r0
100048d0:	b29a      	uxth	r2, r3
100048d2:	4351      	muls	r1, r2
100048d4:	0c04      	lsrs	r4, r0, #16
100048d6:	4362      	muls	r2, r4
100048d8:	0c1b      	lsrs	r3, r3, #16
100048da:	435c      	muls	r4, r3
100048dc:	b280      	uxth	r0, r0
100048de:	4358      	muls	r0, r3
100048e0:	1812      	adds	r2, r2, r0
100048e2:	d302      	bcc.n	100048ea <l16_1>
100048e4:	2001      	movs	r0, #1
100048e6:	0400      	lsls	r0, r0, #16
100048e8:	1824      	adds	r4, r4, r0

100048ea <l16_1>:
100048ea:	0410      	lsls	r0, r2, #16
100048ec:	0c13      	lsrs	r3, r2, #16
100048ee:	1840      	adds	r0, r0, r1
100048f0:	4163      	adcs	r3, r4
100048f2:	182d      	adds	r5, r5, r0
100048f4:	415e      	adcs	r6, r3
100048f6:	2000      	movs	r0, #0
100048f8:	4147      	adcs	r7, r0
100048fa:	bc06      	pop	{r1, r2}
100048fc:	b288      	uxth	r0, r1
100048fe:	b293      	uxth	r3, r2
10004900:	4358      	muls	r0, r3
10004902:	0c0c      	lsrs	r4, r1, #16
10004904:	4363      	muls	r3, r4
10004906:	0c12      	lsrs	r2, r2, #16
10004908:	4354      	muls	r4, r2
1000490a:	b289      	uxth	r1, r1
1000490c:	4351      	muls	r1, r2
1000490e:	185b      	adds	r3, r3, r1
10004910:	d302      	bcc.n	10004918 <l17_1>
10004912:	2101      	movs	r1, #1
10004914:	0409      	lsls	r1, r1, #16
10004916:	1864      	adds	r4, r4, r1

10004918 <l17_1>:
10004918:	0419      	lsls	r1, r3, #16
1000491a:	0c1a      	lsrs	r2, r3, #16
1000491c:	1809      	adds	r1, r1, r0
1000491e:	4162      	adcs	r2, r4
10004920:	186d      	adds	r5, r5, r1
10004922:	4156      	adcs	r6, r2
10004924:	2000      	movs	r0, #0
10004926:	4147      	adcs	r7, r0
10004928:	bc18      	pop	{r3, r4}
1000492a:	02f9      	lsls	r1, r7, #11
1000492c:	0d72      	lsrs	r2, r6, #21
1000492e:	4311      	orrs	r1, r2
10004930:	02f0      	lsls	r0, r6, #11
10004932:	0d6a      	lsrs	r2, r5, #21
10004934:	4310      	orrs	r0, r2
10004936:	02ed      	lsls	r5, r5, #11
10004938:	0d0a      	lsrs	r2, r1, #20
1000493a:	d103      	bne.n	10004944 <l17_1+0x2c>
1000493c:	196d      	adds	r5, r5, r5
1000493e:	4140      	adcs	r0, r0
10004940:	4149      	adcs	r1, r1
10004942:	3b01      	subs	r3, #1
10004944:	4e12      	ldr	r6, [pc, #72]	; (10004990 <dm_1+0xa>)
10004946:	1b9b      	subs	r3, r3, r6
10004948:	0076      	lsls	r6, r6, #1
1000494a:	42b3      	cmp	r3, r6
1000494c:	d20e      	bcs.n	1000496c <dm_0>
1000494e:	006d      	lsls	r5, r5, #1
10004950:	d307      	bcc.n	10004962 <l17_1+0x4a>
10004952:	3001      	adds	r0, #1
10004954:	2600      	movs	r6, #0
10004956:	4171      	adcs	r1, r6
10004958:	4666      	mov	r6, ip
1000495a:	4335      	orrs	r5, r6
1000495c:	d101      	bne.n	10004962 <l17_1+0x4a>
1000495e:	0840      	lsrs	r0, r0, #1
10004960:	0040      	lsls	r0, r0, #1
10004962:	051b      	lsls	r3, r3, #20
10004964:	18c9      	adds	r1, r1, r3

10004966 <dm_2>:
10004966:	07e4      	lsls	r4, r4, #31
10004968:	4421      	add	r1, r4
1000496a:	bdf0      	pop	{r4, r5, r6, r7, pc}

1000496c <dm_0>:
1000496c:	da0b      	bge.n	10004986 <dm_1>
1000496e:	3301      	adds	r3, #1
10004970:	d106      	bne.n	10004980 <dm_0+0x14>
10004972:	3001      	adds	r0, #1
10004974:	d104      	bne.n	10004980 <dm_0+0x14>
10004976:	3101      	adds	r1, #1
10004978:	0d4f      	lsrs	r7, r1, #21
1000497a:	d001      	beq.n	10004980 <dm_0+0x14>
1000497c:	0849      	lsrs	r1, r1, #1
1000497e:	e7f2      	b.n	10004966 <dm_2>
10004980:	07e1      	lsls	r1, r4, #31
10004982:	2000      	movs	r0, #0
10004984:	bdf0      	pop	{r4, r5, r6, r7, pc}

10004986 <dm_1>:
10004986:	3601      	adds	r6, #1
10004988:	0531      	lsls	r1, r6, #20
1000498a:	2000      	movs	r0, #0
1000498c:	e7eb      	b.n	10004966 <dm_2>
1000498e:	0000      	.short	0x0000
10004990:	000003ff 	.word	0x000003ff

10004994 <ddiv_shim>:
10004994:	b5f0      	push	{r4, r5, r6, r7, lr}

10004996 <ddiv0>:
10004996:	0d1c      	lsrs	r4, r3, #20
10004998:	1e67      	subs	r7, r4, #1
1000499a:	053f      	lsls	r7, r7, #20
1000499c:	1bdb      	subs	r3, r3, r7
1000499e:	0ae7      	lsrs	r7, r4, #11
100049a0:	0564      	lsls	r4, r4, #21
100049a2:	0d64      	lsrs	r4, r4, #21
100049a4:	d002      	beq.n	100049ac <l20_1>
100049a6:	1c66      	adds	r6, r4, #1
100049a8:	0af6      	lsrs	r6, r6, #11
100049aa:	d004      	beq.n	100049b6 <l20_2>

100049ac <l20_1>:
100049ac:	2200      	movs	r2, #0
100049ae:	2301      	movs	r3, #1
100049b0:	051b      	lsls	r3, r3, #20
100049b2:	3c80      	subs	r4, #128	; 0x80
100049b4:	0324      	lsls	r4, r4, #12

100049b6 <l20_2>:
100049b6:	25d0      	movs	r5, #208	; 0xd0
100049b8:	062d      	lsls	r5, r5, #24
100049ba:	2600      	movs	r6, #0
100049bc:	43f6      	mvns	r6, r6
100049be:	662e      	str	r6, [r5, #96]	; 0x60
100049c0:	091e      	lsrs	r6, r3, #4
100049c2:	666e      	str	r6, [r5, #100]	; 0x64
100049c4:	0fce      	lsrs	r6, r1, #31
100049c6:	19f6      	adds	r6, r6, r7
100049c8:	46b4      	mov	ip, r6
100049ca:	0049      	lsls	r1, r1, #1
100049cc:	0d4f      	lsrs	r7, r1, #21
100049ce:	d002      	beq.n	100049d6 <l20_2+0x20>
100049d0:	1c7e      	adds	r6, r7, #1
100049d2:	0af6      	lsrs	r6, r6, #11
100049d4:	d003      	beq.n	100049de <l20_2+0x28>
100049d6:	2000      	movs	r0, #0
100049d8:	2100      	movs	r1, #0
100049da:	3f40      	subs	r7, #64	; 0x40
100049dc:	033f      	lsls	r7, r7, #12
100049de:	1b3e      	subs	r6, r7, r4
100049e0:	00b6      	lsls	r6, r6, #2
100049e2:	44b4      	add	ip, r6
100049e4:	3f01      	subs	r7, #1
100049e6:	057f      	lsls	r7, r7, #21
100049e8:	1bc9      	subs	r1, r1, r7
100049ea:	0849      	lsrs	r1, r1, #1
100049ec:	6f2e      	ldr	r6, [r5, #112]	; 0x70
100049ee:	3601      	adds	r6, #1
100049f0:	0876      	lsrs	r6, r6, #1
100049f2:	029c      	lsls	r4, r3, #10
100049f4:	0d95      	lsrs	r5, r2, #22
100049f6:	4325      	orrs	r5, r4
100049f8:	4375      	muls	r5, r6
100049fa:	13ed      	asrs	r5, r5, #15
100049fc:	4375      	muls	r5, r6
100049fe:	13ad      	asrs	r5, r5, #14
10004a00:	3501      	adds	r5, #1
10004a02:	106d      	asrs	r5, r5, #1
10004a04:	03f6      	lsls	r6, r6, #15
10004a06:	1b76      	subs	r6, r6, r5
10004a08:	b40c      	push	{r2, r3}
10004a0a:	02cc      	lsls	r4, r1, #11
10004a0c:	0d45      	lsrs	r5, r0, #21
10004a0e:	432c      	orrs	r4, r5
10004a10:	b2a2      	uxth	r2, r4
10004a12:	b2b3      	uxth	r3, r6
10004a14:	435a      	muls	r2, r3
10004a16:	0c27      	lsrs	r7, r4, #16
10004a18:	437b      	muls	r3, r7
10004a1a:	0c35      	lsrs	r5, r6, #16
10004a1c:	436f      	muls	r7, r5
10004a1e:	b2a4      	uxth	r4, r4
10004a20:	436c      	muls	r4, r5
10004a22:	191b      	adds	r3, r3, r4
10004a24:	d302      	bcc.n	10004a2c <l21_1>
10004a26:	2401      	movs	r4, #1
10004a28:	0424      	lsls	r4, r4, #16
10004a2a:	193f      	adds	r7, r7, r4

10004a2c <l21_1>:
10004a2c:	041c      	lsls	r4, r3, #16
10004a2e:	0c1d      	lsrs	r5, r3, #16
10004a30:	18a4      	adds	r4, r4, r2
10004a32:	417d      	adcs	r5, r7
10004a34:	1924      	adds	r4, r4, r4
10004a36:	416d      	adcs	r5, r5
10004a38:	9a00      	ldr	r2, [sp, #0]
10004a3a:	b291      	uxth	r1, r2
10004a3c:	b2ac      	uxth	r4, r5
10004a3e:	4361      	muls	r1, r4
10004a40:	0c17      	lsrs	r7, r2, #16
10004a42:	437c      	muls	r4, r7
10004a44:	0c2b      	lsrs	r3, r5, #16
10004a46:	435f      	muls	r7, r3
10004a48:	b292      	uxth	r2, r2
10004a4a:	435a      	muls	r2, r3
10004a4c:	18a4      	adds	r4, r4, r2
10004a4e:	d302      	bcc.n	10004a56 <l22_1>
10004a50:	2201      	movs	r2, #1
10004a52:	0412      	lsls	r2, r2, #16
10004a54:	18bf      	adds	r7, r7, r2

10004a56 <l22_1>:
10004a56:	0422      	lsls	r2, r4, #16
10004a58:	0c23      	lsrs	r3, r4, #16
10004a5a:	1852      	adds	r2, r2, r1
10004a5c:	417b      	adcs	r3, r7
10004a5e:	9c01      	ldr	r4, [sp, #4]
10004a60:	436c      	muls	r4, r5
10004a62:	191b      	adds	r3, r3, r4
10004a64:	0e52      	lsrs	r2, r2, #25
10004a66:	01d9      	lsls	r1, r3, #7
10004a68:	430a      	orrs	r2, r1
10004a6a:	0144      	lsls	r4, r0, #5
10004a6c:	1aa0      	subs	r0, r4, r2
10004a6e:	b281      	uxth	r1, r0
10004a70:	b2b2      	uxth	r2, r6
10004a72:	4351      	muls	r1, r2
10004a74:	1403      	asrs	r3, r0, #16
10004a76:	435a      	muls	r2, r3
10004a78:	0c36      	lsrs	r6, r6, #16
10004a7a:	4373      	muls	r3, r6
10004a7c:	b287      	uxth	r7, r0
10004a7e:	4377      	muls	r7, r6
10004a80:	17d6      	asrs	r6, r2, #31
10004a82:	19d2      	adds	r2, r2, r7
10004a84:	2700      	movs	r7, #0
10004a86:	417e      	adcs	r6, r7
10004a88:	0436      	lsls	r6, r6, #16
10004a8a:	199b      	adds	r3, r3, r6
10004a8c:	0417      	lsls	r7, r2, #16
10004a8e:	0c16      	lsrs	r6, r2, #16
10004a90:	187f      	adds	r7, r7, r1
10004a92:	415e      	adcs	r6, r3
10004a94:	1673      	asrs	r3, r6, #25
10004a96:	18ed      	adds	r5, r5, r3
10004a98:	01f3      	lsls	r3, r6, #7
10004a9a:	2600      	movs	r6, #0
10004a9c:	3380      	adds	r3, #128	; 0x80
10004a9e:	4175      	adcs	r5, r6
10004aa0:	0fa9      	lsrs	r1, r5, #30
10004aa2:	d106      	bne.n	10004ab2 <dd_0>
10004aa4:	0064      	lsls	r4, r4, #1
10004aa6:	0a69      	lsrs	r1, r5, #9
10004aa8:	05e8      	lsls	r0, r5, #23
10004aaa:	0a5b      	lsrs	r3, r3, #9
10004aac:	4318      	orrs	r0, r3
10004aae:	d209      	bcs.n	10004ac4 <dd_1>
10004ab0:	e02f      	b.n	10004b12 <dd_2>

10004ab2 <dd_0>:
10004ab2:	2204      	movs	r2, #4
10004ab4:	4494      	add	ip, r2
10004ab6:	3380      	adds	r3, #128	; 0x80
10004ab8:	4175      	adcs	r5, r6
10004aba:	0aa9      	lsrs	r1, r5, #10
10004abc:	05a8      	lsls	r0, r5, #22
10004abe:	0a9b      	lsrs	r3, r3, #10
10004ac0:	4318      	orrs	r0, r3
10004ac2:	d326      	bcc.n	10004b12 <dd_2>

10004ac4 <dd_1>:
10004ac4:	4140      	adcs	r0, r0
10004ac6:	4149      	adcs	r1, r1
10004ac8:	0424      	lsls	r4, r4, #16
10004aca:	9a00      	ldr	r2, [sp, #0]
10004acc:	9b01      	ldr	r3, [sp, #4]
10004ace:	000d      	movs	r5, r1
10004ad0:	4355      	muls	r5, r2
10004ad2:	1b64      	subs	r4, r4, r5
10004ad4:	4343      	muls	r3, r0
10004ad6:	1ae4      	subs	r4, r4, r3
10004ad8:	b295      	uxth	r5, r2
10004ada:	b286      	uxth	r6, r0
10004adc:	4375      	muls	r5, r6
10004ade:	0c17      	lsrs	r7, r2, #16
10004ae0:	437e      	muls	r6, r7
10004ae2:	0c03      	lsrs	r3, r0, #16
10004ae4:	435f      	muls	r7, r3
10004ae6:	b292      	uxth	r2, r2
10004ae8:	435a      	muls	r2, r3
10004aea:	18b6      	adds	r6, r6, r2
10004aec:	d302      	bcc.n	10004af4 <l24_1>
10004aee:	2201      	movs	r2, #1
10004af0:	0412      	lsls	r2, r2, #16
10004af2:	18bf      	adds	r7, r7, r2

10004af4 <l24_1>:
10004af4:	0432      	lsls	r2, r6, #16
10004af6:	0c33      	lsrs	r3, r6, #16
10004af8:	1952      	adds	r2, r2, r5
10004afa:	417b      	adcs	r3, r7
10004afc:	4252      	negs	r2, r2
10004afe:	419c      	sbcs	r4, r3
10004b00:	2c00      	cmp	r4, #0
10004b02:	d402      	bmi.n	10004b0a <l24_1+0x16>
10004b04:	2200      	movs	r2, #0
10004b06:	3001      	adds	r0, #1
10004b08:	4151      	adcs	r1, r2
10004b0a:	0840      	lsrs	r0, r0, #1
10004b0c:	07ca      	lsls	r2, r1, #31
10004b0e:	4310      	orrs	r0, r2
10004b10:	0849      	lsrs	r1, r1, #1

10004b12 <dd_2>:
10004b12:	b002      	add	sp, #8
10004b14:	4662      	mov	r2, ip
10004b16:	07d7      	lsls	r7, r2, #31
10004b18:	1092      	asrs	r2, r2, #2
10004b1a:	4b08      	ldr	r3, [pc, #32]	; (10004b3c <dd_4+0x6>)
10004b1c:	18d2      	adds	r2, r2, r3
10004b1e:	4b08      	ldr	r3, [pc, #32]	; (10004b40 <dd_4+0xa>)
10004b20:	429a      	cmp	r2, r3
10004b22:	d203      	bcs.n	10004b2c <dd_3>
10004b24:	0512      	lsls	r2, r2, #20
10004b26:	1889      	adds	r1, r1, r2

10004b28 <dd_5>:
10004b28:	19c9      	adds	r1, r1, r7
10004b2a:	bdf0      	pop	{r4, r5, r6, r7, pc}

10004b2c <dd_3>:
10004b2c:	2000      	movs	r0, #0
10004b2e:	2a00      	cmp	r2, #0
10004b30:	dc01      	bgt.n	10004b36 <dd_4>
10004b32:	0039      	movs	r1, r7
10004b34:	bdf0      	pop	{r4, r5, r6, r7, pc}

10004b36 <dd_4>:
10004b36:	3301      	adds	r3, #1
10004b38:	0519      	lsls	r1, r3, #20
10004b3a:	e7f5      	b.n	10004b28 <dd_5>
10004b3c:	000003fd 	.word	0x000003fd
10004b40:	000007fe 	.word	0x000007fe

10004b44 <double2uint_shim>:
10004b44:	2200      	movs	r2, #0

10004b46 <double2ufix_shim>:
10004b46:	b500      	push	{lr}
10004b48:	3220      	adds	r2, #32
10004b4a:	f000 f810 	bl	10004b6e <double2ufix64_shim>
10004b4e:	0008      	movs	r0, r1
10004b50:	bd00      	pop	{pc}

10004b52 <double2int64_shim>:
10004b52:	2200      	movs	r2, #0

10004b54 <double2fix64_shim>:
10004b54:	b500      	push	{lr}
10004b56:	f000 f80c 	bl	10004b72 <d2fix>
10004b5a:	17ca      	asrs	r2, r1, #31
10004b5c:	429a      	cmp	r2, r3
10004b5e:	d100      	bne.n	10004b62 <double2fix64_shim+0xe>
10004b60:	bd00      	pop	{pc}
10004b62:	43d8      	mvns	r0, r3
10004b64:	2101      	movs	r1, #1
10004b66:	07c9      	lsls	r1, r1, #31
10004b68:	4041      	eors	r1, r0
10004b6a:	bd00      	pop	{pc}

10004b6c <double2uint64_shim>:
10004b6c:	2200      	movs	r2, #0

10004b6e <double2ufix64_shim>:
10004b6e:	150b      	asrs	r3, r1, #20
10004b70:	d40a      	bmi.n	10004b88 <ret_dzero>

10004b72 <d2fix>:
10004b72:	b510      	push	{r4, lr}
10004b74:	4694      	mov	ip, r2
10004b76:	f000 f8a7 	bl	10004cc8 <dunpacks>
10004b7a:	1414      	asrs	r4, r2, #16
10004b7c:	3401      	adds	r4, #1
10004b7e:	da00      	bge.n	10004b82 <d2fix+0x10>
10004b80:	2100      	movs	r1, #0
10004b82:	17cb      	asrs	r3, r1, #31
10004b84:	4c14      	ldr	r4, [pc, #80]	; (10004bd8 <d2fix_a+0x4a>)
10004b86:	4720      	bx	r4

10004b88 <ret_dzero>:
10004b88:	2000      	movs	r0, #0
10004b8a:	2100      	movs	r1, #0
10004b8c:	4770      	bx	lr

10004b8e <d2fix_a>:
10004b8e:	4462      	add	r2, ip
10004b90:	3a34      	subs	r2, #52	; 0x34
10004b92:	d40c      	bmi.n	10004bae <d2fix_a+0x20>
10004b94:	2a0c      	cmp	r2, #12
10004b96:	da07      	bge.n	10004ba8 <d2fix_a+0x1a>
10004b98:	0004      	movs	r4, r0
10004b9a:	4091      	lsls	r1, r2
10004b9c:	4090      	lsls	r0, r2
10004b9e:	4252      	negs	r2, r2
10004ba0:	3220      	adds	r2, #32
10004ba2:	40d4      	lsrs	r4, r2
10004ba4:	4321      	orrs	r1, r4
10004ba6:	bd10      	pop	{r4, pc}
10004ba8:	43d8      	mvns	r0, r3
10004baa:	43d9      	mvns	r1, r3
10004bac:	bd10      	pop	{r4, pc}
10004bae:	3220      	adds	r2, #32
10004bb0:	d407      	bmi.n	10004bc2 <d2fix_a+0x34>
10004bb2:	460c      	mov	r4, r1
10004bb4:	4094      	lsls	r4, r2
10004bb6:	4252      	negs	r2, r2
10004bb8:	3220      	adds	r2, #32
10004bba:	4111      	asrs	r1, r2
10004bbc:	40d0      	lsrs	r0, r2
10004bbe:	4320      	orrs	r0, r4
10004bc0:	bd10      	pop	{r4, pc}
10004bc2:	0008      	movs	r0, r1
10004bc4:	17c9      	asrs	r1, r1, #31
10004bc6:	3220      	adds	r2, #32
10004bc8:	d403      	bmi.n	10004bd2 <d2fix_a+0x44>
10004bca:	4252      	negs	r2, r2
10004bcc:	3220      	adds	r2, #32
10004bce:	4110      	asrs	r0, r2
10004bd0:	bd10      	pop	{r4, pc}
10004bd2:	0018      	movs	r0, r3
10004bd4:	0019      	movs	r1, r3
10004bd6:	bd10      	pop	{r4, pc}
10004bd8:	10004b8f 	.word	0x10004b8f

10004bdc <double2float_shim>:
10004bdc:	004a      	lsls	r2, r1, #1
10004bde:	0d52      	lsrs	r2, r2, #21
10004be0:	4b14      	ldr	r3, [pc, #80]	; (10004c34 <double2float_shim+0x58>)
10004be2:	1ad2      	subs	r2, r2, r3
10004be4:	dd13      	ble.n	10004c0e <double2float_shim+0x32>
10004be6:	2aff      	cmp	r2, #255	; 0xff
10004be8:	da1e      	bge.n	10004c28 <double2float_shim+0x4c>
10004bea:	05d2      	lsls	r2, r2, #23
10004bec:	0fcb      	lsrs	r3, r1, #31
10004bee:	07db      	lsls	r3, r3, #31
10004bf0:	431a      	orrs	r2, r3
10004bf2:	00c3      	lsls	r3, r0, #3
10004bf4:	0f40      	lsrs	r0, r0, #29
10004bf6:	0309      	lsls	r1, r1, #12
10004bf8:	0a49      	lsrs	r1, r1, #9
10004bfa:	4308      	orrs	r0, r1
10004bfc:	4310      	orrs	r0, r2
10004bfe:	005b      	lsls	r3, r3, #1
10004c00:	d301      	bcc.n	10004c06 <double2float_shim+0x2a>
10004c02:	d001      	beq.n	10004c08 <double2float_shim+0x2c>
10004c04:	3001      	adds	r0, #1
10004c06:	4770      	bx	lr
10004c08:	0843      	lsrs	r3, r0, #1
10004c0a:	d2fb      	bcs.n	10004c04 <double2float_shim+0x28>
10004c0c:	4770      	bx	lr
10004c0e:	d002      	beq.n	10004c16 <double2float_shim+0x3a>
10004c10:	0fc8      	lsrs	r0, r1, #31
10004c12:	07c0      	lsls	r0, r0, #31
10004c14:	4770      	bx	lr
10004c16:	030a      	lsls	r2, r1, #12
10004c18:	1312      	asrs	r2, r2, #12
10004c1a:	3201      	adds	r2, #1
10004c1c:	d1f8      	bne.n	10004c10 <double2float_shim+0x34>
10004c1e:	0f42      	lsrs	r2, r0, #29
10004c20:	2a07      	cmp	r2, #7
10004c22:	d1f5      	bne.n	10004c10 <double2float_shim+0x34>
10004c24:	2201      	movs	r2, #1
10004c26:	e000      	b.n	10004c2a <double2float_shim+0x4e>
10004c28:	22ff      	movs	r2, #255	; 0xff
10004c2a:	0fc8      	lsrs	r0, r1, #31
10004c2c:	0200      	lsls	r0, r0, #8
10004c2e:	1880      	adds	r0, r0, r2
10004c30:	05c0      	lsls	r0, r0, #23
10004c32:	4770      	bx	lr
10004c34:	00000380 	.word	0x00000380

10004c38 <uint2double_shim>:
10004c38:	2100      	movs	r1, #0

10004c3a <ufix2double_shim>:
10004c3a:	000a      	movs	r2, r1
10004c3c:	2100      	movs	r1, #0
10004c3e:	e004      	b.n	10004c4a <ufix642double_shim>

10004c40 <int2double_shim>:
10004c40:	2100      	movs	r1, #0

10004c42 <fix2double_shim>:
10004c42:	000a      	movs	r2, r1
10004c44:	17c1      	asrs	r1, r0, #31
10004c46:	e004      	b.n	10004c52 <fix642double_shim>

10004c48 <uint642double_shim>:
10004c48:	2200      	movs	r2, #0

10004c4a <ufix642double_shim>:
10004c4a:	2300      	movs	r3, #0
10004c4c:	e006      	b.n	10004c5c <uf2d>
10004c4e:	46c0      	nop			; (mov r8, r8)

10004c50 <int642double_shim>:
10004c50:	2200      	movs	r2, #0

10004c52 <fix642double_shim>:
10004c52:	17cb      	asrs	r3, r1, #31
10004c54:	4058      	eors	r0, r3
10004c56:	4059      	eors	r1, r3
10004c58:	1ac0      	subs	r0, r0, r3
10004c5a:	4199      	sbcs	r1, r3

10004c5c <uf2d>:
10004c5c:	b530      	push	{r4, r5, lr}
10004c5e:	4c18      	ldr	r4, [pc, #96]	; (10004cc0 <uf2d+0x64>)
10004c60:	1aa2      	subs	r2, r4, r2
10004c62:	2900      	cmp	r1, #0
10004c64:	d103      	bne.n	10004c6e <uf2d+0x12>
10004c66:	0001      	movs	r1, r0
10004c68:	d010      	beq.n	10004c8c <uf2d+0x30>
10004c6a:	2000      	movs	r0, #0
10004c6c:	3a20      	subs	r2, #32
10004c6e:	154c      	asrs	r4, r1, #21
10004c70:	d112      	bne.n	10004c98 <uf2d+0x3c>
10004c72:	d204      	bcs.n	10004c7e <uf2d+0x22>
10004c74:	3a01      	subs	r2, #1
10004c76:	1800      	adds	r0, r0, r0
10004c78:	4149      	adcs	r1, r1
10004c7a:	0d4c      	lsrs	r4, r1, #21
10004c7c:	d3fa      	bcc.n	10004c74 <uf2d+0x18>
10004c7e:	4c11      	ldr	r4, [pc, #68]	; (10004cc4 <uf2d+0x68>)
10004c80:	42a2      	cmp	r2, r4
10004c82:	d204      	bcs.n	10004c8e <uf2d+0x32>
10004c84:	0512      	lsls	r2, r2, #20
10004c86:	1889      	adds	r1, r1, r2
10004c88:	07db      	lsls	r3, r3, #31
10004c8a:	18c9      	adds	r1, r1, r3
10004c8c:	bd30      	pop	{r4, r5, pc}
10004c8e:	43d2      	mvns	r2, r2
10004c90:	0d52      	lsrs	r2, r2, #21
10004c92:	2000      	movs	r0, #0
10004c94:	2100      	movs	r1, #0
10004c96:	e7f5      	b.n	10004c84 <uf2d+0x28>
10004c98:	d403      	bmi.n	10004ca2 <uf2d+0x46>
10004c9a:	3a01      	subs	r2, #1
10004c9c:	1800      	adds	r0, r0, r0
10004c9e:	4149      	adcs	r1, r1
10004ca0:	d5fb      	bpl.n	10004c9a <uf2d+0x3e>
10004ca2:	320b      	adds	r2, #11
10004ca4:	0544      	lsls	r4, r0, #21
10004ca6:	0ac0      	lsrs	r0, r0, #11
10004ca8:	054d      	lsls	r5, r1, #21
10004caa:	4328      	orrs	r0, r5
10004cac:	0ac9      	lsrs	r1, r1, #11
10004cae:	0064      	lsls	r4, r4, #1
10004cb0:	d003      	beq.n	10004cba <uf2d+0x5e>
10004cb2:	2400      	movs	r4, #0
10004cb4:	4160      	adcs	r0, r4
10004cb6:	4161      	adcs	r1, r4
10004cb8:	e7e1      	b.n	10004c7e <uf2d+0x22>
10004cba:	d3e0      	bcc.n	10004c7e <uf2d+0x22>
10004cbc:	0844      	lsrs	r4, r0, #1
10004cbe:	e7f8      	b.n	10004cb2 <uf2d+0x56>
10004cc0:	00000432 	.word	0x00000432
10004cc4:	000007fe 	.word	0x000007fe

10004cc8 <dunpacks>:
10004cc8:	0d0a      	lsrs	r2, r1, #20
10004cca:	0fcc      	lsrs	r4, r1, #31
10004ccc:	1e53      	subs	r3, r2, #1
10004cce:	051b      	lsls	r3, r3, #20
10004cd0:	1ac9      	subs	r1, r1, r3
10004cd2:	0552      	lsls	r2, r2, #21
10004cd4:	d303      	bcc.n	10004cde <l60_1>
10004cd6:	43c9      	mvns	r1, r1
10004cd8:	4240      	negs	r0, r0
10004cda:	d300      	bcc.n	10004cde <l60_1>
10004cdc:	3101      	adds	r1, #1

10004cde <l60_1>:
10004cde:	0d52      	lsrs	r2, r2, #21
10004ce0:	d003      	beq.n	10004cea <l60_2>
10004ce2:	1c53      	adds	r3, r2, #1
10004ce4:	0adb      	lsrs	r3, r3, #11
10004ce6:	d007      	beq.n	10004cf8 <l60_3>
10004ce8:	1b12      	subs	r2, r2, r4

10004cea <l60_2>:
10004cea:	2000      	movs	r0, #0
10004cec:	0064      	lsls	r4, r4, #1
10004cee:	1c61      	adds	r1, r4, #1
10004cf0:	0789      	lsls	r1, r1, #30
10004cf2:	1289      	asrs	r1, r1, #10
10004cf4:	3a80      	subs	r2, #128	; 0x80
10004cf6:	0312      	lsls	r2, r2, #12

10004cf8 <l60_3>:
10004cf8:	4b01      	ldr	r3, [pc, #4]	; (10004d00 <l60_3+0x8>)
10004cfa:	1ad2      	subs	r2, r2, r3
10004cfc:	4770      	bx	lr
10004cfe:	0000      	.short	0x0000
10004d00:	000003ff 	.word	0x000003ff

10004d04 <__wrap___aeabi_lmul>:
10004d04:	4351      	muls	r1, r2
10004d06:	4343      	muls	r3, r0
10004d08:	18c9      	adds	r1, r1, r3
10004d0a:	468c      	mov	ip, r1
10004d0c:	0c11      	lsrs	r1, r2, #16
10004d0e:	b283      	uxth	r3, r0
10004d10:	434b      	muls	r3, r1
10004d12:	b410      	push	{r4}
10004d14:	0c04      	lsrs	r4, r0, #16
10004d16:	4361      	muls	r1, r4
10004d18:	b292      	uxth	r2, r2
10004d1a:	b280      	uxth	r0, r0
10004d1c:	4350      	muls	r0, r2
10004d1e:	4362      	muls	r2, r4
10004d20:	041c      	lsls	r4, r3, #16
10004d22:	0c1b      	lsrs	r3, r3, #16
10004d24:	1900      	adds	r0, r0, r4
10004d26:	bc10      	pop	{r4}
10004d28:	4159      	adcs	r1, r3
10004d2a:	0413      	lsls	r3, r2, #16
10004d2c:	0c12      	lsrs	r2, r2, #16
10004d2e:	18c0      	adds	r0, r0, r3
10004d30:	4151      	adcs	r1, r2
10004d32:	4461      	add	r1, ip
10004d34:	4770      	bx	lr
	...

10004d38 <__wrap___aeabi_frsub>:
10004d38:	4048      	eors	r0, r1
10004d3a:	4041      	eors	r1, r0
10004d3c:	4048      	eors	r0, r1

10004d3e <__wrap___aeabi_fsub>:
10004d3e:	2300      	movs	r3, #0
10004d40:	469c      	mov	ip, r3
10004d42:	4b11      	ldr	r3, [pc, #68]	; (10004d88 <__wrap___aeabi_fmul+0xa>)
10004d44:	685b      	ldr	r3, [r3, #4]
10004d46:	4718      	bx	r3

10004d48 <__wrap___aeabi_fadd>:
10004d48:	2300      	movs	r3, #0
10004d4a:	469c      	mov	ip, r3
10004d4c:	4b0e      	ldr	r3, [pc, #56]	; (10004d88 <__wrap___aeabi_fmul+0xa>)
10004d4e:	681b      	ldr	r3, [r3, #0]
10004d50:	4718      	bx	r3

10004d52 <__wrap___aeabi_fdiv>:
10004d52:	4a0e      	ldr	r2, [pc, #56]	; (10004d8c <__wrap___aeabi_fmul+0xe>)
10004d54:	6f93      	ldr	r3, [r2, #120]	; 0x78
10004d56:	089b      	lsrs	r3, r3, #2
10004d58:	d204      	bcs.n	10004d64 <fdiv_save_state>

10004d5a <fdiv_shim_call>:
10004d5a:	2300      	movs	r3, #0
10004d5c:	469c      	mov	ip, r3
10004d5e:	4b0a      	ldr	r3, [pc, #40]	; (10004d88 <__wrap___aeabi_fmul+0xa>)
10004d60:	68db      	ldr	r3, [r3, #12]
10004d62:	4718      	bx	r3

10004d64 <fdiv_save_state>:
10004d64:	b5f0      	push	{r4, r5, r6, r7, lr}
10004d66:	6e14      	ldr	r4, [r2, #96]	; 0x60
10004d68:	6e55      	ldr	r5, [r2, #100]	; 0x64
10004d6a:	6f57      	ldr	r7, [r2, #116]	; 0x74
10004d6c:	6f16      	ldr	r6, [r2, #112]	; 0x70
10004d6e:	f7ff fff4 	bl	10004d5a <fdiv_shim_call>
10004d72:	4a06      	ldr	r2, [pc, #24]	; (10004d8c <__wrap___aeabi_fmul+0xe>)
10004d74:	6614      	str	r4, [r2, #96]	; 0x60
10004d76:	6655      	str	r5, [r2, #100]	; 0x64
10004d78:	6757      	str	r7, [r2, #116]	; 0x74
10004d7a:	6716      	str	r6, [r2, #112]	; 0x70
10004d7c:	bdf0      	pop	{r4, r5, r6, r7, pc}

10004d7e <__wrap___aeabi_fmul>:
10004d7e:	2300      	movs	r3, #0
10004d80:	469c      	mov	ip, r3
10004d82:	4b01      	ldr	r3, [pc, #4]	; (10004d88 <__wrap___aeabi_fmul+0xa>)
10004d84:	689b      	ldr	r3, [r3, #8]
10004d86:	4718      	bx	r3
10004d88:	20002414 	.word	0x20002414
10004d8c:	d0000000 	.word	0xd0000000

10004d90 <__wrap___aeabi_cfrcmple>:
10004d90:	b507      	push	{r0, r1, r2, lr}
10004d92:	4048      	eors	r0, r1
10004d94:	4041      	eors	r1, r0
10004d96:	4048      	eors	r0, r1
10004d98:	e001      	b.n	10004d9e <__aeabi_cfcmple_guts>
10004d9a:	46c0      	nop			; (mov r8, r8)

10004d9c <__wrap___aeabi_cfcmpeq>:
10004d9c:	b507      	push	{r0, r1, r2, lr}

10004d9e <__aeabi_cfcmple_guts>:
10004d9e:	0042      	lsls	r2, r0, #1
10004da0:	0e12      	lsrs	r2, r2, #24
10004da2:	d003      	beq.n	10004dac <__aeabi_cfcmple_guts+0xe>
10004da4:	2aff      	cmp	r2, #255	; 0xff
10004da6:	d103      	bne.n	10004db0 <__aeabi_cfcmple_guts+0x12>
10004da8:	0242      	lsls	r2, r0, #9
10004daa:	d818      	bhi.n	10004dde <__aeabi_cfcmple_guts+0x40>
10004dac:	0dc0      	lsrs	r0, r0, #23
10004dae:	05c0      	lsls	r0, r0, #23
10004db0:	004a      	lsls	r2, r1, #1
10004db2:	0e12      	lsrs	r2, r2, #24
10004db4:	d003      	beq.n	10004dbe <__aeabi_cfcmple_guts+0x20>
10004db6:	2aff      	cmp	r2, #255	; 0xff
10004db8:	d103      	bne.n	10004dc2 <__aeabi_cfcmple_guts+0x24>
10004dba:	024a      	lsls	r2, r1, #9
10004dbc:	d80f      	bhi.n	10004dde <__aeabi_cfcmple_guts+0x40>
10004dbe:	0dc9      	lsrs	r1, r1, #23
10004dc0:	05c9      	lsls	r1, r1, #23
10004dc2:	2201      	movs	r2, #1
10004dc4:	4041      	eors	r1, r0
10004dc6:	d405      	bmi.n	10004dd4 <__aeabi_cfcmple_guts+0x36>
10004dc8:	4041      	eors	r1, r0
10004dca:	d501      	bpl.n	10004dd0 <__aeabi_cfcmple_guts+0x32>
10004dcc:	4281      	cmp	r1, r0
10004dce:	bd07      	pop	{r0, r1, r2, pc}
10004dd0:	4288      	cmp	r0, r1
10004dd2:	bd07      	pop	{r0, r1, r2, pc}
10004dd4:	4301      	orrs	r1, r0
10004dd6:	1849      	adds	r1, r1, r1
10004dd8:	d001      	beq.n	10004dde <__aeabi_cfcmple_guts+0x40>
10004dda:	43c0      	mvns	r0, r0
10004ddc:	1800      	adds	r0, r0, r0
10004dde:	bd07      	pop	{r0, r1, r2, pc}

10004de0 <__wrap___aeabi_fcmplt>:
10004de0:	b500      	push	{lr}
10004de2:	f7ff ffdb 	bl	10004d9c <__wrap___aeabi_cfcmpeq>
10004de6:	4180      	sbcs	r0, r0
10004de8:	bd00      	pop	{pc}
10004dea:	46c0      	nop			; (mov r8, r8)

10004dec <__wrap___aeabi_fcmple>:
10004dec:	b500      	push	{lr}
10004dee:	f7ff ffd5 	bl	10004d9c <__wrap___aeabi_cfcmpeq>
10004df2:	d901      	bls.n	10004df8 <__wrap___aeabi_fcmple+0xc>
10004df4:	2000      	movs	r0, #0
10004df6:	bd00      	pop	{pc}
10004df8:	2001      	movs	r0, #1
10004dfa:	bd00      	pop	{pc}

10004dfc <__wrap___aeabi_fcmpge>:
10004dfc:	b500      	push	{lr}
10004dfe:	f7ff ffc7 	bl	10004d90 <__wrap___aeabi_cfrcmple>
10004e02:	d901      	bls.n	10004e08 <__wrap___aeabi_fcmpge+0xc>
10004e04:	2000      	movs	r0, #0
10004e06:	bd00      	pop	{pc}
10004e08:	2001      	movs	r0, #1
10004e0a:	bd00      	pop	{pc}

10004e0c <__wrap___aeabi_fcmpgt>:
10004e0c:	b500      	push	{lr}
10004e0e:	f7ff ffbf 	bl	10004d90 <__wrap___aeabi_cfrcmple>
10004e12:	4180      	sbcs	r0, r0
10004e14:	bd00      	pop	{pc}

10004e16 <__wrap___aeabi_fcmpun>:
10004e16:	2301      	movs	r3, #1
10004e18:	061b      	lsls	r3, r3, #24
10004e1a:	0042      	lsls	r2, r0, #1
10004e1c:	18d2      	adds	r2, r2, r3
10004e1e:	d804      	bhi.n	10004e2a <__wrap___aeabi_fcmpun+0x14>
10004e20:	004a      	lsls	r2, r1, #1
10004e22:	18d2      	adds	r2, r2, r3
10004e24:	d801      	bhi.n	10004e2a <__wrap___aeabi_fcmpun+0x14>
10004e26:	2000      	movs	r0, #0
10004e28:	4770      	bx	lr
10004e2a:	2001      	movs	r0, #1
10004e2c:	4770      	bx	lr

10004e2e <__wrap___aeabi_ui2f>:
10004e2e:	1a49      	subs	r1, r1, r1
10004e30:	2800      	cmp	r0, #0
10004e32:	d107      	bne.n	10004e44 <__aeabi_i2f_main>
10004e34:	4608      	mov	r0, r1
10004e36:	4770      	bx	lr

10004e38 <__wrap___aeabi_i2f>:
10004e38:	0fc1      	lsrs	r1, r0, #31
10004e3a:	07c9      	lsls	r1, r1, #31
10004e3c:	d500      	bpl.n	10004e40 <__wrap___aeabi_i2f+0x8>
10004e3e:	4240      	negs	r0, r0
10004e40:	2800      	cmp	r0, #0
10004e42:	d017      	beq.n	10004e74 <__aeabi_i2f_main+0x30>

10004e44 <__aeabi_i2f_main>:
10004e44:	46f4      	mov	ip, lr
10004e46:	b403      	push	{r0, r1}
10004e48:	4b0b      	ldr	r3, [pc, #44]	; (10004e78 <__aeabi_i2f_main+0x34>)
10004e4a:	681b      	ldr	r3, [r3, #0]
10004e4c:	4798      	blx	r3
10004e4e:	bc06      	pop	{r1, r2}
10004e50:	4081      	lsls	r1, r0
10004e52:	389e      	subs	r0, #158	; 0x9e
10004e54:	4240      	negs	r0, r0
10004e56:	3180      	adds	r1, #128	; 0x80
10004e58:	d207      	bcs.n	10004e6a <__aeabi_i2f_main+0x26>
10004e5a:	060b      	lsls	r3, r1, #24
10004e5c:	d007      	beq.n	10004e6e <__aeabi_i2f_main+0x2a>
10004e5e:	0049      	lsls	r1, r1, #1
10004e60:	0a49      	lsrs	r1, r1, #9
10004e62:	05c0      	lsls	r0, r0, #23
10004e64:	4310      	orrs	r0, r2
10004e66:	4308      	orrs	r0, r1
10004e68:	4760      	bx	ip
10004e6a:	3001      	adds	r0, #1
10004e6c:	e7f8      	b.n	10004e60 <__aeabi_i2f_main+0x1c>
10004e6e:	0a49      	lsrs	r1, r1, #9
10004e70:	0289      	lsls	r1, r1, #10
10004e72:	e7f5      	b.n	10004e60 <__aeabi_i2f_main+0x1c>
10004e74:	4770      	bx	lr
10004e76:	0000      	.short	0x0000
10004e78:	20002410 	.word	0x20002410

10004e7c <__wrap___aeabi_f2uiz>:
10004e7c:	2300      	movs	r3, #0
10004e7e:	469c      	mov	ip, r3
10004e80:	4b01      	ldr	r3, [pc, #4]	; (10004e88 <__wrap___aeabi_f2uiz+0xc>)
10004e82:	6a5b      	ldr	r3, [r3, #36]	; 0x24
10004e84:	4718      	bx	r3
10004e86:	0000      	.short	0x0000
10004e88:	20002414 	.word	0x20002414

10004e8c <fix2float>:
10004e8c:	2300      	movs	r3, #0
10004e8e:	469c      	mov	ip, r3
10004e90:	4b01      	ldr	r3, [pc, #4]	; (10004e98 <fix2float+0xc>)
10004e92:	6b1b      	ldr	r3, [r3, #48]	; 0x30
10004e94:	4718      	bx	r3
10004e96:	0000      	.short	0x0000
10004e98:	20002414 	.word	0x20002414
10004e9c:	4a05      	ldr	r2, [pc, #20]	; (10004eb4 <__wrap___aeabi_ul2f+0x14>)
10004e9e:	4710      	bx	r2

10004ea0 <__wrap___aeabi_ul2f>:
10004ea0:	2900      	cmp	r1, #0
10004ea2:	d0fb      	beq.n	10004e9c <fix2float+0x10>
10004ea4:	4b04      	ldr	r3, [pc, #16]	; (10004eb8 <__wrap___aeabi_ul2f+0x18>)
10004ea6:	6e5b      	ldr	r3, [r3, #100]	; 0x64
10004ea8:	46fc      	mov	ip, pc
10004eaa:	4718      	bx	r3
10004eac:	51f1df64 	.word	0x51f1df64
10004eb0:	00001000 	.word	0x00001000
10004eb4:	10004e2f 	.word	0x10004e2f
10004eb8:	20002414 	.word	0x20002414

10004ebc <__wrap___aeabi_f2d>:
10004ebc:	4b03      	ldr	r3, [pc, #12]	; (10004ecc <__wrap___aeabi_f2d+0x10>)
10004ebe:	6fdb      	ldr	r3, [r3, #124]	; 0x7c
10004ec0:	46fc      	mov	ip, pc
10004ec2:	4718      	bx	r3
10004ec4:	5235df7c 	.word	0x5235df7c
10004ec8:	00001000 	.word	0x00001000
10004ecc:	20002414 	.word	0x20002414

10004ed0 <__wrap_sinf>:
10004ed0:	0041      	lsls	r1, r0, #1
10004ed2:	0e09      	lsrs	r1, r1, #24
10004ed4:	2986      	cmp	r1, #134	; 0x86
10004ed6:	da04      	bge.n	10004ee2 <__wrap_sinf+0x12>
10004ed8:	2300      	movs	r3, #0
10004eda:	469c      	mov	ip, r3
10004edc:	4b04      	ldr	r3, [pc, #16]	; (10004ef0 <__wrap_sinf+0x20>)
10004ede:	6c1b      	ldr	r3, [r3, #64]	; 0x40
10004ee0:	4718      	bx	r3
10004ee2:	4904      	ldr	r1, [pc, #16]	; (10004ef4 <__wrap_sinf+0x24>)
10004ee4:	b500      	push	{lr}
10004ee6:	f000 f963 	bl	100051b0 <__wrap_remainderf>
10004eea:	bc02      	pop	{r1}
10004eec:	468e      	mov	lr, r1
10004eee:	e7f3      	b.n	10004ed8 <__wrap_sinf+0x8>
10004ef0:	20002414 	.word	0x20002414
10004ef4:	40c90fdb 	.word	0x40c90fdb

10004ef8 <__aeabi_float_init>:
10004ef8:	b570      	push	{r4, r5, r6, lr}
10004efa:	2313      	movs	r3, #19
10004efc:	781d      	ldrb	r5, [r3, #0]
10004efe:	482a      	ldr	r0, [pc, #168]	; (10004fa8 <__aeabi_float_init+0xb0>)
10004f00:	f7fe ff50 	bl	10003da4 <rom_data_lookup>
10004f04:	0004      	movs	r4, r0
10004f06:	2d01      	cmp	r5, #1
10004f08:	d011      	beq.n	10004f2e <__aeabi_float_init+0x36>
10004f0a:	2d01      	cmp	r5, #1
10004f0c:	dd09      	ble.n	10004f22 <__aeabi_float_init+0x2a>
10004f0e:	1ea3      	subs	r3, r4, #2
10004f10:	781b      	ldrb	r3, [r3, #0]
10004f12:	009b      	lsls	r3, r3, #2
10004f14:	2b7f      	cmp	r3, #127	; 0x7f
10004f16:	dd40      	ble.n	10004f9a <__aeabi_float_init+0xa2>
10004f18:	2280      	movs	r2, #128	; 0x80
10004f1a:	0021      	movs	r1, r4
10004f1c:	4823      	ldr	r0, [pc, #140]	; (10004fac <__aeabi_float_init+0xb4>)
10004f1e:	f000 f9af 	bl	10005280 <__wrap___aeabi_memcpy>
10004f22:	4823      	ldr	r0, [pc, #140]	; (10004fb0 <__aeabi_float_init+0xb8>)
10004f24:	f7fe ff36 	bl	10003d94 <rom_func_lookup>
10004f28:	4b22      	ldr	r3, [pc, #136]	; (10004fb4 <__aeabi_float_init+0xbc>)
10004f2a:	6018      	str	r0, [r3, #0]
10004f2c:	bd70      	pop	{r4, r5, r6, pc}
10004f2e:	2254      	movs	r2, #84	; 0x54
10004f30:	0001      	movs	r1, r0
10004f32:	481e      	ldr	r0, [pc, #120]	; (10004fac <__aeabi_float_init+0xb4>)
10004f34:	f000 f9a4 	bl	10005280 <__wrap___aeabi_memcpy>
10004f38:	4b1f      	ldr	r3, [pc, #124]	; (10004fb8 <__aeabi_float_init+0xc0>)
10004f3a:	881a      	ldrh	r2, [r3, #0]
10004f3c:	4b1f      	ldr	r3, [pc, #124]	; (10004fbc <__aeabi_float_init+0xc4>)
10004f3e:	429a      	cmp	r2, r3
10004f40:	d11c      	bne.n	10004f7c <__aeabi_float_init+0x84>
10004f42:	23a7      	movs	r3, #167	; 0xa7
10004f44:	019b      	lsls	r3, r3, #6
10004f46:	881a      	ldrh	r2, [r3, #0]
10004f48:	4b1d      	ldr	r3, [pc, #116]	; (10004fc0 <__aeabi_float_init+0xc8>)
10004f4a:	429a      	cmp	r2, r3
10004f4c:	d116      	bne.n	10004f7c <__aeabi_float_init+0x84>
10004f4e:	4b1d      	ldr	r3, [pc, #116]	; (10004fc4 <__aeabi_float_init+0xcc>)
10004f50:	881a      	ldrh	r2, [r3, #0]
10004f52:	4b1d      	ldr	r3, [pc, #116]	; (10004fc8 <__aeabi_float_init+0xd0>)
10004f54:	429a      	cmp	r2, r3
10004f56:	d111      	bne.n	10004f7c <__aeabi_float_init+0x84>
10004f58:	4b1c      	ldr	r3, [pc, #112]	; (10004fcc <__aeabi_float_init+0xd4>)
10004f5a:	881a      	ldrh	r2, [r3, #0]
10004f5c:	2394      	movs	r3, #148	; 0x94
10004f5e:	019b      	lsls	r3, r3, #6
10004f60:	429a      	cmp	r2, r3
10004f62:	d10b      	bne.n	10004f7c <__aeabi_float_init+0x84>
10004f64:	4b1a      	ldr	r3, [pc, #104]	; (10004fd0 <__aeabi_float_init+0xd8>)
10004f66:	881a      	ldrh	r2, [r3, #0]
10004f68:	4b1a      	ldr	r3, [pc, #104]	; (10004fd4 <__aeabi_float_init+0xdc>)
10004f6a:	429a      	cmp	r2, r3
10004f6c:	d106      	bne.n	10004f7c <__aeabi_float_init+0x84>
10004f6e:	4b1a      	ldr	r3, [pc, #104]	; (10004fd8 <__aeabi_float_init+0xe0>)
10004f70:	681a      	ldr	r2, [r3, #0]
10004f72:	4b1a      	ldr	r3, [pc, #104]	; (10004fdc <__aeabi_float_init+0xe4>)
10004f74:	429a      	cmp	r2, r3
10004f76:	d101      	bne.n	10004f7c <__aeabi_float_init+0x84>
10004f78:	2315      	movs	r3, #21
10004f7a:	e007      	b.n	10004f8c <__aeabi_float_init+0x94>
10004f7c:	4818      	ldr	r0, [pc, #96]	; (10004fe0 <__aeabi_float_init+0xe8>)
10004f7e:	f7fd fe49 	bl	10002c14 <panic>
10004f82:	0099      	lsls	r1, r3, #2
10004f84:	4817      	ldr	r0, [pc, #92]	; (10004fe4 <__aeabi_float_init+0xec>)
10004f86:	4a09      	ldr	r2, [pc, #36]	; (10004fac <__aeabi_float_init+0xb4>)
10004f88:	5088      	str	r0, [r1, r2]
10004f8a:	3301      	adds	r3, #1
10004f8c:	2b1f      	cmp	r3, #31
10004f8e:	d9f8      	bls.n	10004f82 <__aeabi_float_init+0x8a>
10004f90:	4a14      	ldr	r2, [pc, #80]	; (10004fe4 <__aeabi_float_init+0xec>)
10004f92:	4b06      	ldr	r3, [pc, #24]	; (10004fac <__aeabi_float_init+0xb4>)
10004f94:	621a      	str	r2, [r3, #32]
10004f96:	61da      	str	r2, [r3, #28]
10004f98:	e7b7      	b.n	10004f0a <__aeabi_float_init+0x12>
10004f9a:	4b13      	ldr	r3, [pc, #76]	; (10004fe8 <__aeabi_float_init+0xf0>)
10004f9c:	4a13      	ldr	r2, [pc, #76]	; (10004fec <__aeabi_float_init+0xf4>)
10004f9e:	2142      	movs	r1, #66	; 0x42
10004fa0:	4813      	ldr	r0, [pc, #76]	; (10004ff0 <__aeabi_float_init+0xf8>)
10004fa2:	f7fd fd9d 	bl	10002ae0 <__assert_func>
10004fa6:	46c0      	nop			; (mov r8, r8)
10004fa8:	00004653 	.word	0x00004653
10004fac:	20002414 	.word	0x20002414
10004fb0:	0000334c 	.word	0x0000334c
10004fb4:	20002410 	.word	0x20002410
10004fb8:	000029ee 	.word	0x000029ee
10004fbc:	00000fc4 	.word	0x00000fc4
10004fc0:	00000dc2 	.word	0x00000dc2
10004fc4:	00002b96 	.word	0x00002b96
10004fc8:	0000b5c0 	.word	0x0000b5c0
10004fcc:	00002b18 	.word	0x00002b18
10004fd0:	00002acc 	.word	0x00002acc
10004fd4:	0000b510 	.word	0x0000b510
10004fd8:	00002cfc 	.word	0x00002cfc
10004fdc:	6487ed51 	.word	0x6487ed51
10004fe0:	1000aadc 	.word	0x1000aadc
10004fe4:	100051bd 	.word	0x100051bd
10004fe8:	1000bad4 	.word	0x1000bad4
10004fec:	1000bb6c 	.word	0x1000bb6c
10004ff0:	1000bb08 	.word	0x1000bb08

10004ff4 <frem_0>:
10004ff4:	b5f0      	push	{r4, r5, r6, r7, lr}
10004ff6:	46c6      	mov	lr, r8
10004ff8:	b500      	push	{lr}
10004ffa:	0005      	movs	r5, r0
10004ffc:	000f      	movs	r7, r1
10004ffe:	1e16      	subs	r6, r2, #0
10005000:	4698      	mov	r8, r3
10005002:	dd1b      	ble.n	1000503c <frem_0+0x48>
10005004:	11c9      	asrs	r1, r1, #7
10005006:	2001      	movs	r0, #1
10005008:	4240      	negs	r0, r0
1000500a:	f7fe ff17 	bl	10003e3c <__wrap___aeabi_uidiv>
1000500e:	2200      	movs	r2, #0
10005010:	e00e      	b.n	10005030 <frem_0+0x3c>
10005012:	230c      	movs	r3, #12
10005014:	126c      	asrs	r4, r5, #9
10005016:	4344      	muls	r4, r0
10005018:	211d      	movs	r1, #29
1000501a:	1ac9      	subs	r1, r1, r3
1000501c:	410c      	asrs	r4, r1
1000501e:	3401      	adds	r4, #1
10005020:	1064      	asrs	r4, r4, #1
10005022:	409d      	lsls	r5, r3
10005024:	0021      	movs	r1, r4
10005026:	4379      	muls	r1, r7
10005028:	1a6d      	subs	r5, r5, r1
1000502a:	409a      	lsls	r2, r3
1000502c:	1912      	adds	r2, r2, r4
1000502e:	1af6      	subs	r6, r6, r3
10005030:	2e00      	cmp	r6, #0
10005032:	dd05      	ble.n	10005040 <frem_0+0x4c>
10005034:	2e0c      	cmp	r6, #12
10005036:	dcec      	bgt.n	10005012 <frem_0+0x1e>
10005038:	0033      	movs	r3, r6
1000503a:	e7eb      	b.n	10005014 <frem_0+0x20>
1000503c:	2000      	movs	r0, #0
1000503e:	e7e6      	b.n	1000500e <frem_0+0x1a>
10005040:	42bd      	cmp	r5, r7
10005042:	db01      	blt.n	10005048 <frem_0+0x54>
10005044:	1bed      	subs	r5, r5, r7
10005046:	3201      	adds	r2, #1
10005048:	42bd      	cmp	r5, r7
1000504a:	db01      	blt.n	10005050 <frem_0+0x5c>
1000504c:	1bed      	subs	r5, r5, r7
1000504e:	3201      	adds	r2, #1
10005050:	2d00      	cmp	r5, #0
10005052:	db09      	blt.n	10005068 <frem_0+0x74>
10005054:	2d00      	cmp	r5, #0
10005056:	db0a      	blt.n	1000506e <frem_0+0x7a>
10005058:	4643      	mov	r3, r8
1000505a:	2b00      	cmp	r3, #0
1000505c:	d000      	beq.n	10005060 <frem_0+0x6c>
1000505e:	601a      	str	r2, [r3, #0]
10005060:	0028      	movs	r0, r5
10005062:	bc80      	pop	{r7}
10005064:	46b8      	mov	r8, r7
10005066:	bdf0      	pop	{r4, r5, r6, r7, pc}
10005068:	19ed      	adds	r5, r5, r7
1000506a:	3a01      	subs	r2, #1
1000506c:	e7f2      	b.n	10005054 <frem_0+0x60>
1000506e:	19ed      	adds	r5, r5, r7
10005070:	3a01      	subs	r2, #1
10005072:	e7f1      	b.n	10005058 <frem_0+0x64>

10005074 <__wrap_fmodf>:
10005074:	b5f8      	push	{r3, r4, r5, r6, r7, lr}
10005076:	0fc5      	lsrs	r5, r0, #31
10005078:	0dc2      	lsrs	r2, r0, #23
1000507a:	24ff      	movs	r4, #255	; 0xff
1000507c:	4022      	ands	r2, r4
1000507e:	0246      	lsls	r6, r0, #9
10005080:	0a76      	lsrs	r6, r6, #9
10005082:	2380      	movs	r3, #128	; 0x80
10005084:	041b      	lsls	r3, r3, #16
10005086:	431e      	orrs	r6, r3
10005088:	0dcf      	lsrs	r7, r1, #23
1000508a:	403c      	ands	r4, r7
1000508c:	0249      	lsls	r1, r1, #9
1000508e:	0a49      	lsrs	r1, r1, #9
10005090:	4319      	orrs	r1, r3
10005092:	2aff      	cmp	r2, #255	; 0xff
10005094:	d016      	beq.n	100050c4 <__wrap_fmodf+0x50>
10005096:	2c00      	cmp	r4, #0
10005098:	d017      	beq.n	100050ca <__wrap_fmodf+0x56>
1000509a:	2a00      	cmp	r2, #0
1000509c:	d103      	bne.n	100050a6 <__wrap_fmodf+0x32>
1000509e:	2d00      	cmp	r5, #0
100050a0:	d116      	bne.n	100050d0 <__wrap_fmodf+0x5c>
100050a2:	2000      	movs	r0, #0
100050a4:	e013      	b.n	100050ce <__wrap_fmodf+0x5a>
100050a6:	42a2      	cmp	r2, r4
100050a8:	db11      	blt.n	100050ce <__wrap_fmodf+0x5a>
100050aa:	1b12      	subs	r2, r2, r4
100050ac:	2300      	movs	r3, #0
100050ae:	0030      	movs	r0, r6
100050b0:	f7ff ffa0 	bl	10004ff4 <frem_0>
100050b4:	2d00      	cmp	r5, #0
100050b6:	d000      	beq.n	100050ba <__wrap_fmodf+0x46>
100050b8:	4240      	negs	r0, r0
100050ba:	2196      	movs	r1, #150	; 0x96
100050bc:	1b09      	subs	r1, r1, r4
100050be:	f7ff fee5 	bl	10004e8c <fix2float>
100050c2:	e004      	b.n	100050ce <__wrap_fmodf+0x5a>
100050c4:	20ff      	movs	r0, #255	; 0xff
100050c6:	05c0      	lsls	r0, r0, #23
100050c8:	e001      	b.n	100050ce <__wrap_fmodf+0x5a>
100050ca:	20ff      	movs	r0, #255	; 0xff
100050cc:	05c0      	lsls	r0, r0, #23
100050ce:	bdf8      	pop	{r3, r4, r5, r6, r7, pc}
100050d0:	2080      	movs	r0, #128	; 0x80
100050d2:	0600      	lsls	r0, r0, #24
100050d4:	e7fb      	b.n	100050ce <__wrap_fmodf+0x5a>

100050d6 <__wrap_remquof>:
100050d6:	b5f0      	push	{r4, r5, r6, r7, lr}
100050d8:	46ce      	mov	lr, r9
100050da:	4647      	mov	r7, r8
100050dc:	b580      	push	{r7, lr}
100050de:	b083      	sub	sp, #12
100050e0:	0016      	movs	r6, r2
100050e2:	0fc3      	lsrs	r3, r0, #31
100050e4:	4699      	mov	r9, r3
100050e6:	0dc3      	lsrs	r3, r0, #23
100050e8:	24ff      	movs	r4, #255	; 0xff
100050ea:	4023      	ands	r3, r4
100050ec:	0245      	lsls	r5, r0, #9
100050ee:	0a6d      	lsrs	r5, r5, #9
100050f0:	2280      	movs	r2, #128	; 0x80
100050f2:	0412      	lsls	r2, r2, #16
100050f4:	4690      	mov	r8, r2
100050f6:	4315      	orrs	r5, r2
100050f8:	0fcf      	lsrs	r7, r1, #31
100050fa:	0dca      	lsrs	r2, r1, #23
100050fc:	4014      	ands	r4, r2
100050fe:	0249      	lsls	r1, r1, #9
10005100:	0a49      	lsrs	r1, r1, #9
10005102:	4642      	mov	r2, r8
10005104:	430a      	orrs	r2, r1
10005106:	4690      	mov	r8, r2
10005108:	2e00      	cmp	r6, #0
1000510a:	d001      	beq.n	10005110 <__wrap_remquof+0x3a>
1000510c:	2100      	movs	r1, #0
1000510e:	6031      	str	r1, [r6, #0]
10005110:	2bff      	cmp	r3, #255	; 0xff
10005112:	d041      	beq.n	10005198 <__wrap_remquof+0xc2>
10005114:	2c00      	cmp	r4, #0
10005116:	d042      	beq.n	1000519e <__wrap_remquof+0xc8>
10005118:	2b00      	cmp	r3, #0
1000511a:	d047      	beq.n	100051ac <__wrap_remquof+0xd6>
1000511c:	2cff      	cmp	r4, #255	; 0xff
1000511e:	d040      	beq.n	100051a2 <__wrap_remquof+0xcc>
10005120:	1e61      	subs	r1, r4, #1
10005122:	4299      	cmp	r1, r3
10005124:	dc3d      	bgt.n	100051a2 <__wrap_remquof+0xcc>
10005126:	d023      	beq.n	10005170 <__wrap_remquof+0x9a>
10005128:	464a      	mov	r2, r9
1000512a:	2a00      	cmp	r2, #0
1000512c:	d000      	beq.n	10005130 <__wrap_remquof+0x5a>
1000512e:	426d      	negs	r5, r5
10005130:	1b1a      	subs	r2, r3, r4
10005132:	ab01      	add	r3, sp, #4
10005134:	4641      	mov	r1, r8
10005136:	0028      	movs	r0, r5
10005138:	f7ff ff5c 	bl	10004ff4 <frem_0>
1000513c:	0043      	lsls	r3, r0, #1
1000513e:	4543      	cmp	r3, r8
10005140:	dc03      	bgt.n	1000514a <__wrap_remquof+0x74>
10005142:	d107      	bne.n	10005154 <__wrap_remquof+0x7e>
10005144:	9b01      	ldr	r3, [sp, #4]
10005146:	07db      	lsls	r3, r3, #31
10005148:	d504      	bpl.n	10005154 <__wrap_remquof+0x7e>
1000514a:	4643      	mov	r3, r8
1000514c:	1ac0      	subs	r0, r0, r3
1000514e:	9b01      	ldr	r3, [sp, #4]
10005150:	3301      	adds	r3, #1
10005152:	9301      	str	r3, [sp, #4]
10005154:	2f00      	cmp	r7, #0
10005156:	d002      	beq.n	1000515e <__wrap_remquof+0x88>
10005158:	9b01      	ldr	r3, [sp, #4]
1000515a:	425b      	negs	r3, r3
1000515c:	9301      	str	r3, [sp, #4]
1000515e:	2e00      	cmp	r6, #0
10005160:	d001      	beq.n	10005166 <__wrap_remquof+0x90>
10005162:	9b01      	ldr	r3, [sp, #4]
10005164:	6033      	str	r3, [r6, #0]
10005166:	2196      	movs	r1, #150	; 0x96
10005168:	1b09      	subs	r1, r1, r4
1000516a:	f7ff fe8f 	bl	10004e8c <fix2float>
1000516e:	e018      	b.n	100051a2 <__wrap_remquof+0xcc>
10005170:	4545      	cmp	r5, r8
10005172:	dd16      	ble.n	100051a2 <__wrap_remquof+0xcc>
10005174:	464b      	mov	r3, r9
10005176:	2b00      	cmp	r3, #0
10005178:	d106      	bne.n	10005188 <__wrap_remquof+0xb2>
1000517a:	4643      	mov	r3, r8
1000517c:	0058      	lsls	r0, r3, #1
1000517e:	1a28      	subs	r0, r5, r0
10005180:	2301      	movs	r3, #1
10005182:	9301      	str	r3, [sp, #4]
10005184:	000c      	movs	r4, r1
10005186:	e7e5      	b.n	10005154 <__wrap_remquof+0x7e>
10005188:	4643      	mov	r3, r8
1000518a:	0058      	lsls	r0, r3, #1
1000518c:	1b40      	subs	r0, r0, r5
1000518e:	2301      	movs	r3, #1
10005190:	425b      	negs	r3, r3
10005192:	9301      	str	r3, [sp, #4]
10005194:	000c      	movs	r4, r1
10005196:	e7dd      	b.n	10005154 <__wrap_remquof+0x7e>
10005198:	20ff      	movs	r0, #255	; 0xff
1000519a:	05c0      	lsls	r0, r0, #23
1000519c:	e001      	b.n	100051a2 <__wrap_remquof+0xcc>
1000519e:	20ff      	movs	r0, #255	; 0xff
100051a0:	05c0      	lsls	r0, r0, #23
100051a2:	b003      	add	sp, #12
100051a4:	bcc0      	pop	{r6, r7}
100051a6:	46b9      	mov	r9, r7
100051a8:	46b0      	mov	r8, r6
100051aa:	bdf0      	pop	{r4, r5, r6, r7, pc}
100051ac:	2000      	movs	r0, #0
100051ae:	e7f8      	b.n	100051a2 <__wrap_remquof+0xcc>

100051b0 <__wrap_remainderf>:
100051b0:	b510      	push	{r4, lr}
100051b2:	2200      	movs	r2, #0
100051b4:	f7ff ff8f 	bl	100050d6 <__wrap_remquof>
100051b8:	bd10      	pop	{r4, pc}
	...

100051bc <float_table_shim_on_use_helper>:
100051bc:	b507      	push	{r0, r1, r2, lr}
100051be:	4660      	mov	r0, ip
100051c0:	2800      	cmp	r0, #0
100051c2:	d100      	bne.n	100051c6 <float_table_shim_on_use_helper+0xa>
100051c4:	be00      	bkpt	0x0000
100051c6:	8801      	ldrh	r1, [r0, #0]
100051c8:	0a0a      	lsrs	r2, r1, #8
100051ca:	3002      	adds	r0, #2
100051cc:	2adf      	cmp	r2, #223	; 0xdf
100051ce:	d1fa      	bne.n	100051c6 <float_table_shim_on_use_helper+0xa>
100051d0:	b2c9      	uxtb	r1, r1
100051d2:	0882      	lsrs	r2, r0, #2
100051d4:	d304      	bcc.n	100051e0 <float_table_shim_on_use_helper+0x24>
100051d6:	8802      	ldrh	r2, [r0, #0]
100051d8:	8840      	ldrh	r0, [r0, #2]
100051da:	0400      	lsls	r0, r0, #16
100051dc:	4310      	orrs	r0, r2
100051de:	e000      	b.n	100051e2 <float_table_shim_on_use_helper+0x26>
100051e0:	6800      	ldr	r0, [r0, #0]
100051e2:	4a02      	ldr	r2, [pc, #8]	; (100051ec <float_table_shim_on_use_helper+0x30>)
100051e4:	5050      	str	r0, [r2, r1]
100051e6:	9003      	str	r0, [sp, #12]
100051e8:	bd07      	pop	{r0, r1, r2, pc}
100051ea:	0000      	.short	0x0000
100051ec:	20002414 	.word	0x20002414

100051f0 <uint642float_shim>:
100051f0:	2200      	movs	r2, #0

100051f2 <ufix642float_shim>:
100051f2:	b530      	push	{r4, r5, lr}
100051f4:	2900      	cmp	r1, #0
100051f6:	d506      	bpl.n	10005206 <fix642float_shim+0x2>
100051f8:	07cd      	lsls	r5, r1, #31
100051fa:	4305      	orrs	r5, r0
100051fc:	0848      	lsrs	r0, r1, #1
100051fe:	3a01      	subs	r2, #1
10005200:	e010      	b.n	10005224 <fix642float_shim+0x20>

10005202 <int642float_shim>:
10005202:	2200      	movs	r2, #0

10005204 <fix642float_shim>:
10005204:	b530      	push	{r4, r5, lr}
10005206:	0005      	movs	r5, r0
10005208:	430d      	orrs	r5, r1
1000520a:	d00f      	beq.n	1000522c <ret_pop45>
1000520c:	17cd      	asrs	r5, r1, #31
1000520e:	160c      	asrs	r4, r1, #24
10005210:	42ac      	cmp	r4, r5
10005212:	d105      	bne.n	10005220 <fix642float_shim+0x1c>
10005214:	01c9      	lsls	r1, r1, #7
10005216:	0e44      	lsrs	r4, r0, #25
10005218:	4321      	orrs	r1, r4
1000521a:	01c0      	lsls	r0, r0, #7
1000521c:	3207      	adds	r2, #7
1000521e:	e7f6      	b.n	1000520e <fix642float_shim+0xa>
10005220:	0005      	movs	r5, r0
10005222:	0008      	movs	r0, r1
10005224:	4252      	negs	r2, r2
10005226:	323d      	adds	r2, #61	; 0x3d
10005228:	4901      	ldr	r1, [pc, #4]	; (10005230 <ret_pop45+0x4>)
1000522a:	4788      	blx	r1

1000522c <ret_pop45>:
1000522c:	bd30      	pop	{r4, r5, pc}
1000522e:	0000      	.short	0x0000
10005230:	000029ef 	.word	0x000029ef

10005234 <float2double_shim>:
10005234:	0fc3      	lsrs	r3, r0, #31
10005236:	07db      	lsls	r3, r3, #31
10005238:	0041      	lsls	r1, r0, #1
1000523a:	0e0a      	lsrs	r2, r1, #24
1000523c:	d007      	beq.n	1000524e <float2double_shim+0x1a>
1000523e:	2aff      	cmp	r2, #255	; 0xff
10005240:	d008      	beq.n	10005254 <float2double_shim+0x20>
10005242:	0909      	lsrs	r1, r1, #4
10005244:	4a05      	ldr	r2, [pc, #20]	; (1000525c <float2double_shim+0x28>)
10005246:	1889      	adds	r1, r1, r2
10005248:	4319      	orrs	r1, r3
1000524a:	0740      	lsls	r0, r0, #29
1000524c:	4770      	bx	lr
1000524e:	0019      	movs	r1, r3
10005250:	2000      	movs	r0, #0
10005252:	4770      	bx	lr
10005254:	4902      	ldr	r1, [pc, #8]	; (10005260 <float2double_shim+0x2c>)
10005256:	18c9      	adds	r1, r1, r3
10005258:	e7fa      	b.n	10005250 <float2double_shim+0x1c>
1000525a:	0000      	.short	0x0000
1000525c:	38000000 	.word	0x38000000
10005260:	7ff00000 	.word	0x7ff00000

10005264 <__aeabi_mem_init>:
10005264:	4801      	ldr	r0, [pc, #4]	; (1000526c <__aeabi_mem_init+0x8>)
10005266:	2104      	movs	r1, #4
10005268:	4b01      	ldr	r3, [pc, #4]	; (10005270 <__aeabi_mem_init+0xc>)
1000526a:	4718      	bx	r3
1000526c:	20000d50 	.word	0x20000d50
10005270:	10003db5 	.word	0x10003db5

10005274 <__wrap_memset>:
10005274:	4b01      	ldr	r3, [pc, #4]	; (1000527c <__wrap_memset+0x8>)
10005276:	681b      	ldr	r3, [r3, #0]
10005278:	4718      	bx	r3
1000527a:	0000      	.short	0x0000
1000527c:	20000d50 	.word	0x20000d50

10005280 <__wrap___aeabi_memcpy>:
10005280:	4b01      	ldr	r3, [pc, #4]	; (10005288 <__wrap___aeabi_memcpy+0x8>)
10005282:	685b      	ldr	r3, [r3, #4]
10005284:	4718      	bx	r3
10005286:	0000      	.short	0x0000
10005288:	20000d50 	.word	0x20000d50

1000528c <stdio_out_chars_no_crlf>:
1000528c:	b510      	push	{r4, lr}
1000528e:	0003      	movs	r3, r0
10005290:	0008      	movs	r0, r1
10005292:	0011      	movs	r1, r2
10005294:	681b      	ldr	r3, [r3, #0]
10005296:	4798      	blx	r3
10005298:	bd10      	pop	{r4, pc}
	...

1000529c <stdio_out_chars_crlf>:
1000529c:	b5f8      	push	{r3, r4, r5, r6, r7, lr}
1000529e:	0007      	movs	r7, r0
100052a0:	000d      	movs	r5, r1
100052a2:	0016      	movs	r6, r2
100052a4:	7d43      	ldrb	r3, [r0, #21]
100052a6:	2b00      	cmp	r3, #0
100052a8:	d002      	beq.n	100052b0 <stdio_out_chars_crlf+0x14>
100052aa:	2400      	movs	r4, #0
100052ac:	2000      	movs	r0, #0
100052ae:	e00c      	b.n	100052ca <stdio_out_chars_crlf+0x2e>
100052b0:	6803      	ldr	r3, [r0, #0]
100052b2:	0011      	movs	r1, r2
100052b4:	0028      	movs	r0, r5
100052b6:	4798      	blx	r3
100052b8:	e02d      	b.n	10005316 <stdio_out_chars_crlf+0x7a>
100052ba:	7d3b      	ldrb	r3, [r7, #20]
100052bc:	e010      	b.n	100052e0 <stdio_out_chars_crlf+0x44>
100052be:	2102      	movs	r1, #2
100052c0:	4815      	ldr	r0, [pc, #84]	; (10005318 <stdio_out_chars_crlf+0x7c>)
100052c2:	683b      	ldr	r3, [r7, #0]
100052c4:	4798      	blx	r3
100052c6:	1c60      	adds	r0, r4, #1
100052c8:	3401      	adds	r4, #1
100052ca:	42b4      	cmp	r4, r6
100052cc:	da14      	bge.n	100052f8 <stdio_out_chars_crlf+0x5c>
100052ce:	2c00      	cmp	r4, #0
100052d0:	ddf3      	ble.n	100052ba <stdio_out_chars_crlf+0x1e>
100052d2:	192b      	adds	r3, r5, r4
100052d4:	3b01      	subs	r3, #1
100052d6:	781b      	ldrb	r3, [r3, #0]
100052d8:	3b0d      	subs	r3, #13
100052da:	425a      	negs	r2, r3
100052dc:	4153      	adcs	r3, r2
100052de:	b2db      	uxtb	r3, r3
100052e0:	5d2a      	ldrb	r2, [r5, r4]
100052e2:	2a0a      	cmp	r2, #10
100052e4:	d1f0      	bne.n	100052c8 <stdio_out_chars_crlf+0x2c>
100052e6:	2b00      	cmp	r3, #0
100052e8:	d1ee      	bne.n	100052c8 <stdio_out_chars_crlf+0x2c>
100052ea:	42a0      	cmp	r0, r4
100052ec:	dae7      	bge.n	100052be <stdio_out_chars_crlf+0x22>
100052ee:	1a21      	subs	r1, r4, r0
100052f0:	1828      	adds	r0, r5, r0
100052f2:	683b      	ldr	r3, [r7, #0]
100052f4:	4798      	blx	r3
100052f6:	e7e2      	b.n	100052be <stdio_out_chars_crlf+0x22>
100052f8:	42b0      	cmp	r0, r6
100052fa:	da03      	bge.n	10005304 <stdio_out_chars_crlf+0x68>
100052fc:	1a31      	subs	r1, r6, r0
100052fe:	1828      	adds	r0, r5, r0
10005300:	683b      	ldr	r3, [r7, #0]
10005302:	4798      	blx	r3
10005304:	2e00      	cmp	r6, #0
10005306:	dd06      	ble.n	10005316 <stdio_out_chars_crlf+0x7a>
10005308:	19ad      	adds	r5, r5, r6
1000530a:	3d01      	subs	r5, #1
1000530c:	782b      	ldrb	r3, [r5, #0]
1000530e:	3b0d      	subs	r3, #13
10005310:	425a      	negs	r2, r3
10005312:	4153      	adcs	r3, r2
10005314:	753b      	strb	r3, [r7, #20]
10005316:	bdf8      	pop	{r3, r4, r5, r6, r7, pc}
10005318:	1000bbf8 	.word	0x1000bbf8

1000531c <stdio_stack_buffer_flush>:
1000531c:	b570      	push	{r4, r5, r6, lr}
1000531e:	0005      	movs	r5, r0
10005320:	6803      	ldr	r3, [r0, #0]
10005322:	2b00      	cmp	r3, #0
10005324:	d016      	beq.n	10005354 <stdio_stack_buffer_flush+0x38>
10005326:	4b0c      	ldr	r3, [pc, #48]	; (10005358 <stdio_stack_buffer_flush+0x3c>)
10005328:	681c      	ldr	r4, [r3, #0]
1000532a:	e005      	b.n	10005338 <stdio_stack_buffer_flush+0x1c>
1000532c:	0029      	movs	r1, r5
1000532e:	c904      	ldmia	r1!, {r2}
10005330:	0020      	movs	r0, r4
10005332:	f7ff ffb3 	bl	1000529c <stdio_out_chars_crlf>
10005336:	6924      	ldr	r4, [r4, #16]
10005338:	2c00      	cmp	r4, #0
1000533a:	d009      	beq.n	10005350 <stdio_stack_buffer_flush+0x34>
1000533c:	6823      	ldr	r3, [r4, #0]
1000533e:	2b00      	cmp	r3, #0
10005340:	d0f9      	beq.n	10005336 <stdio_stack_buffer_flush+0x1a>
10005342:	4b06      	ldr	r3, [pc, #24]	; (1000535c <stdio_stack_buffer_flush+0x40>)
10005344:	681b      	ldr	r3, [r3, #0]
10005346:	2b00      	cmp	r3, #0
10005348:	d0f0      	beq.n	1000532c <stdio_stack_buffer_flush+0x10>
1000534a:	42a3      	cmp	r3, r4
1000534c:	d1f3      	bne.n	10005336 <stdio_stack_buffer_flush+0x1a>
1000534e:	e7ed      	b.n	1000532c <stdio_stack_buffer_flush+0x10>
10005350:	2300      	movs	r3, #0
10005352:	602b      	str	r3, [r5, #0]
10005354:	bd70      	pop	{r4, r5, r6, pc}
10005356:	46c0      	nop			; (mov r8, r8)
10005358:	20001ecc 	.word	0x20001ecc
1000535c:	20001ed8 	.word	0x20001ed8

10005360 <stdio_buffered_printer>:
10005360:	b570      	push	{r4, r5, r6, lr}
10005362:	0005      	movs	r5, r0
10005364:	000c      	movs	r4, r1
10005366:	680b      	ldr	r3, [r1, #0]
10005368:	2b80      	cmp	r3, #128	; 0x80
1000536a:	d005      	beq.n	10005378 <stdio_buffered_printer+0x18>
1000536c:	6821      	ldr	r1, [r4, #0]
1000536e:	1c4b      	adds	r3, r1, #1
10005370:	6023      	str	r3, [r4, #0]
10005372:	1864      	adds	r4, r4, r1
10005374:	7125      	strb	r5, [r4, #4]
10005376:	bd70      	pop	{r4, r5, r6, pc}
10005378:	0008      	movs	r0, r1
1000537a:	f7ff ffcf 	bl	1000531c <stdio_stack_buffer_flush>
1000537e:	e7f5      	b.n	1000536c <stdio_buffered_printer+0xc>

10005380 <stdout_serialize_begin>:
10005380:	b510      	push	{r4, lr}
10005382:	f7fc fe55 	bl	10002030 <time_us_64>
10005386:	0002      	movs	r2, r0
10005388:	1e0b      	subs	r3, r1, #0
1000538a:	db0b      	blt.n	100053a4 <stdout_serialize_begin+0x24>
1000538c:	480d      	ldr	r0, [pc, #52]	; (100053c4 <stdout_serialize_begin+0x44>)
1000538e:	2100      	movs	r1, #0
10005390:	1812      	adds	r2, r2, r0
10005392:	414b      	adcs	r3, r1
10005394:	2b00      	cmp	r3, #0
10005396:	db0b      	blt.n	100053b0 <stdout_serialize_begin+0x30>
10005398:	2b00      	cmp	r3, #0
1000539a:	db0d      	blt.n	100053b8 <stdout_serialize_begin+0x38>
1000539c:	480a      	ldr	r0, [pc, #40]	; (100053c8 <stdout_serialize_begin+0x48>)
1000539e:	f005 faef 	bl	1000a980 <__mutex_try_enter_block_until_veneer>
100053a2:	bd10      	pop	{r4, pc}
100053a4:	4b09      	ldr	r3, [pc, #36]	; (100053cc <stdout_serialize_begin+0x4c>)
100053a6:	4a0a      	ldr	r2, [pc, #40]	; (100053d0 <stdout_serialize_begin+0x50>)
100053a8:	213f      	movs	r1, #63	; 0x3f
100053aa:	480a      	ldr	r0, [pc, #40]	; (100053d4 <stdout_serialize_begin+0x54>)
100053ac:	f7fd fb98 	bl	10002ae0 <__assert_func>
100053b0:	2201      	movs	r2, #1
100053b2:	4252      	negs	r2, r2
100053b4:	4b08      	ldr	r3, [pc, #32]	; (100053d8 <stdout_serialize_begin+0x58>)
100053b6:	e7ef      	b.n	10005398 <stdout_serialize_begin+0x18>
100053b8:	4b04      	ldr	r3, [pc, #16]	; (100053cc <stdout_serialize_begin+0x4c>)
100053ba:	4a05      	ldr	r2, [pc, #20]	; (100053d0 <stdout_serialize_begin+0x50>)
100053bc:	213f      	movs	r1, #63	; 0x3f
100053be:	4805      	ldr	r0, [pc, #20]	; (100053d4 <stdout_serialize_begin+0x54>)
100053c0:	f7fd fb8e 	bl	10002ae0 <__assert_func>
100053c4:	000f4240 	.word	0x000f4240
100053c8:	20001750 	.word	0x20001750
100053cc:	1000aecc 	.word	0x1000aecc
100053d0:	1000bbe0 	.word	0x1000bbe0
100053d4:	1000aee8 	.word	0x1000aee8
100053d8:	7fffffff 	.word	0x7fffffff

100053dc <stdout_serialize_end>:
100053dc:	b510      	push	{r4, lr}
100053de:	4802      	ldr	r0, [pc, #8]	; (100053e8 <stdout_serialize_end+0xc>)
100053e0:	f005 fa7e 	bl	1000a8e0 <__mutex_exit_veneer>
100053e4:	bd10      	pop	{r4, pc}
100053e6:	46c0      	nop			; (mov r8, r8)
100053e8:	20001750 	.word	0x20001750

100053ec <stdio_put_string>:
100053ec:	b5f0      	push	{r4, r5, r6, r7, lr}
100053ee:	46ce      	mov	lr, r9
100053f0:	4647      	mov	r7, r8
100053f2:	b580      	push	{r7, lr}
100053f4:	b083      	sub	sp, #12
100053f6:	0006      	movs	r6, r0
100053f8:	000d      	movs	r5, r1
100053fa:	4690      	mov	r8, r2
100053fc:	001c      	movs	r4, r3
100053fe:	f7ff ffbf 	bl	10005380 <stdout_serialize_begin>
10005402:	4681      	mov	r9, r0
10005404:	1c6b      	adds	r3, r5, #1
10005406:	d005      	beq.n	10005414 <stdio_put_string+0x28>
10005408:	2c00      	cmp	r4, #0
1000540a:	d008      	beq.n	1000541e <stdio_put_string+0x32>
1000540c:	4f19      	ldr	r7, [pc, #100]	; (10005474 <stdio_put_string+0x88>)
1000540e:	4b1a      	ldr	r3, [pc, #104]	; (10005478 <stdio_put_string+0x8c>)
10005410:	681c      	ldr	r4, [r3, #0]
10005412:	e007      	b.n	10005424 <stdio_put_string+0x38>
10005414:	0030      	movs	r0, r6
10005416:	f002 fedf 	bl	100081d8 <strlen>
1000541a:	0005      	movs	r5, r0
1000541c:	e7f4      	b.n	10005408 <stdio_put_string+0x1c>
1000541e:	4f17      	ldr	r7, [pc, #92]	; (1000547c <stdio_put_string+0x90>)
10005420:	e7f5      	b.n	1000540e <stdio_put_string+0x22>
10005422:	6924      	ldr	r4, [r4, #16]
10005424:	2c00      	cmp	r4, #0
10005426:	d017      	beq.n	10005458 <stdio_put_string+0x6c>
10005428:	6823      	ldr	r3, [r4, #0]
1000542a:	2b00      	cmp	r3, #0
1000542c:	d0f9      	beq.n	10005422 <stdio_put_string+0x36>
1000542e:	4b14      	ldr	r3, [pc, #80]	; (10005480 <stdio_put_string+0x94>)
10005430:	681b      	ldr	r3, [r3, #0]
10005432:	2b00      	cmp	r3, #0
10005434:	d001      	beq.n	1000543a <stdio_put_string+0x4e>
10005436:	42a3      	cmp	r3, r4
10005438:	d1f3      	bne.n	10005422 <stdio_put_string+0x36>
1000543a:	002a      	movs	r2, r5
1000543c:	0031      	movs	r1, r6
1000543e:	0020      	movs	r0, r4
10005440:	47b8      	blx	r7
10005442:	4643      	mov	r3, r8
10005444:	2b00      	cmp	r3, #0
10005446:	d0ec      	beq.n	10005422 <stdio_put_string+0x36>
10005448:	466b      	mov	r3, sp
1000544a:	1dd9      	adds	r1, r3, #7
1000544c:	230a      	movs	r3, #10
1000544e:	700b      	strb	r3, [r1, #0]
10005450:	2201      	movs	r2, #1
10005452:	0020      	movs	r0, r4
10005454:	47b8      	blx	r7
10005456:	e7e4      	b.n	10005422 <stdio_put_string+0x36>
10005458:	464b      	mov	r3, r9
1000545a:	2b00      	cmp	r3, #0
1000545c:	d107      	bne.n	1000546e <stdio_put_string+0x82>
1000545e:	1e6b      	subs	r3, r5, #1
10005460:	419d      	sbcs	r5, r3
10005462:	b2e8      	uxtb	r0, r5
10005464:	b003      	add	sp, #12
10005466:	bcc0      	pop	{r6, r7}
10005468:	46b9      	mov	r9, r7
1000546a:	46b0      	mov	r8, r6
1000546c:	bdf0      	pop	{r4, r5, r6, r7, pc}
1000546e:	f7ff ffb5 	bl	100053dc <stdout_serialize_end>
10005472:	e7f4      	b.n	1000545e <stdio_put_string+0x72>
10005474:	1000528d 	.word	0x1000528d
10005478:	20001ecc 	.word	0x20001ecc
1000547c:	1000529d 	.word	0x1000529d
10005480:	20001ed8 	.word	0x20001ed8

10005484 <__wrap_putchar>:
10005484:	b510      	push	{r4, lr}
10005486:	b082      	sub	sp, #8
10005488:	0004      	movs	r4, r0
1000548a:	466b      	mov	r3, sp
1000548c:	1dd8      	adds	r0, r3, #7
1000548e:	7004      	strb	r4, [r0, #0]
10005490:	2300      	movs	r3, #0
10005492:	2200      	movs	r2, #0
10005494:	2101      	movs	r1, #1
10005496:	f7ff ffa9 	bl	100053ec <stdio_put_string>
1000549a:	0020      	movs	r0, r4
1000549c:	b002      	add	sp, #8
1000549e:	bd10      	pop	{r4, pc}

100054a0 <stdio_set_driver_enabled>:
100054a0:	4a09      	ldr	r2, [pc, #36]	; (100054c8 <stdio_set_driver_enabled+0x28>)
100054a2:	e001      	b.n	100054a8 <stdio_set_driver_enabled+0x8>
100054a4:	3310      	adds	r3, #16
100054a6:	001a      	movs	r2, r3
100054a8:	6813      	ldr	r3, [r2, #0]
100054aa:	2b00      	cmp	r3, #0
100054ac:	d008      	beq.n	100054c0 <stdio_set_driver_enabled+0x20>
100054ae:	4283      	cmp	r3, r0
100054b0:	d1f8      	bne.n	100054a4 <stdio_set_driver_enabled+0x4>
100054b2:	2900      	cmp	r1, #0
100054b4:	d107      	bne.n	100054c6 <stdio_set_driver_enabled+0x26>
100054b6:	6903      	ldr	r3, [r0, #16]
100054b8:	6013      	str	r3, [r2, #0]
100054ba:	2300      	movs	r3, #0
100054bc:	6103      	str	r3, [r0, #16]
100054be:	e002      	b.n	100054c6 <stdio_set_driver_enabled+0x26>
100054c0:	2900      	cmp	r1, #0
100054c2:	d000      	beq.n	100054c6 <stdio_set_driver_enabled+0x26>
100054c4:	6010      	str	r0, [r2, #0]
100054c6:	4770      	bx	lr
100054c8:	20001ecc 	.word	0x20001ecc

100054cc <stdio_flush>:
100054cc:	b510      	push	{r4, lr}
100054ce:	4b06      	ldr	r3, [pc, #24]	; (100054e8 <stdio_flush+0x1c>)
100054d0:	681c      	ldr	r4, [r3, #0]
100054d2:	e001      	b.n	100054d8 <stdio_flush+0xc>
100054d4:	4798      	blx	r3
100054d6:	6924      	ldr	r4, [r4, #16]
100054d8:	2c00      	cmp	r4, #0
100054da:	d003      	beq.n	100054e4 <stdio_flush+0x18>
100054dc:	6863      	ldr	r3, [r4, #4]
100054de:	2b00      	cmp	r3, #0
100054e0:	d1f8      	bne.n	100054d4 <stdio_flush+0x8>
100054e2:	e7f8      	b.n	100054d6 <stdio_flush+0xa>
100054e4:	bd10      	pop	{r4, pc}
100054e6:	46c0      	nop			; (mov r8, r8)
100054e8:	20001ecc 	.word	0x20001ecc

100054ec <__wrap_puts>:
100054ec:	b570      	push	{r4, r5, r6, lr}
100054ee:	0005      	movs	r5, r0
100054f0:	f002 fe72 	bl	100081d8 <strlen>
100054f4:	0004      	movs	r4, r0
100054f6:	2300      	movs	r3, #0
100054f8:	2201      	movs	r2, #1
100054fa:	0001      	movs	r1, r0
100054fc:	0028      	movs	r0, r5
100054fe:	f7ff ff75 	bl	100053ec <stdio_put_string>
10005502:	f7ff ffe3 	bl	100054cc <stdio_flush>
10005506:	0020      	movs	r0, r4
10005508:	bd70      	pop	{r4, r5, r6, pc}
	...

1000550c <__wrap_vprintf>:
1000550c:	b570      	push	{r4, r5, r6, lr}
1000550e:	b0a2      	sub	sp, #136	; 0x88
10005510:	0004      	movs	r4, r0
10005512:	000e      	movs	r6, r1
10005514:	f7ff ff34 	bl	10005380 <stdout_serialize_begin>
10005518:	0005      	movs	r5, r0
1000551a:	2300      	movs	r3, #0
1000551c:	9301      	str	r3, [sp, #4]
1000551e:	0033      	movs	r3, r6
10005520:	0022      	movs	r2, r4
10005522:	a901      	add	r1, sp, #4
10005524:	4808      	ldr	r0, [pc, #32]	; (10005548 <__wrap_vprintf+0x3c>)
10005526:	f7fe fc1d 	bl	10003d64 <vfctprintf>
1000552a:	0004      	movs	r4, r0
1000552c:	a801      	add	r0, sp, #4
1000552e:	f7ff fef5 	bl	1000531c <stdio_stack_buffer_flush>
10005532:	f7ff ffcb 	bl	100054cc <stdio_flush>
10005536:	2d00      	cmp	r5, #0
10005538:	d102      	bne.n	10005540 <__wrap_vprintf+0x34>
1000553a:	0020      	movs	r0, r4
1000553c:	b022      	add	sp, #136	; 0x88
1000553e:	bd70      	pop	{r4, r5, r6, pc}
10005540:	f7ff ff4c 	bl	100053dc <stdout_serialize_end>
10005544:	e7f9      	b.n	1000553a <__wrap_vprintf+0x2e>
10005546:	46c0      	nop			; (mov r8, r8)
10005548:	10005361 	.word	0x10005361

1000554c <__wrap_printf>:
1000554c:	b40f      	push	{r0, r1, r2, r3}
1000554e:	b500      	push	{lr}
10005550:	b083      	sub	sp, #12
10005552:	a904      	add	r1, sp, #16
10005554:	c901      	ldmia	r1!, {r0}
10005556:	9101      	str	r1, [sp, #4]
10005558:	f7ff ffd8 	bl	1000550c <__wrap_vprintf>
1000555c:	b003      	add	sp, #12
1000555e:	bc08      	pop	{r3}
10005560:	b004      	add	sp, #16
10005562:	4718      	bx	r3

10005564 <stdio_init_all>:
10005564:	b510      	push	{r4, lr}
10005566:	f000 f937 	bl	100057d8 <stdio_usb_init>
1000556a:	bd10      	pop	{r4, pc}

1000556c <resetd_init>:
1000556c:	4770      	bx	lr
	...

10005570 <resetd_reset>:
10005570:	4b01      	ldr	r3, [pc, #4]	; (10005578 <resetd_reset+0x8>)
10005572:	2200      	movs	r2, #0
10005574:	701a      	strb	r2, [r3, #0]
10005576:	4770      	bx	lr
10005578:	20002547 	.word	0x20002547

1000557c <resetd_open>:
1000557c:	794b      	ldrb	r3, [r1, #5]
1000557e:	2bff      	cmp	r3, #255	; 0xff
10005580:	d10c      	bne.n	1000559c <resetd_open+0x20>
10005582:	798b      	ldrb	r3, [r1, #6]
10005584:	2b00      	cmp	r3, #0
10005586:	d10b      	bne.n	100055a0 <resetd_open+0x24>
10005588:	79cb      	ldrb	r3, [r1, #7]
1000558a:	2b01      	cmp	r3, #1
1000558c:	d10a      	bne.n	100055a4 <resetd_open+0x28>
1000558e:	2a08      	cmp	r2, #8
10005590:	d90a      	bls.n	100055a8 <resetd_open+0x2c>
10005592:	788a      	ldrb	r2, [r1, #2]
10005594:	4b05      	ldr	r3, [pc, #20]	; (100055ac <resetd_open+0x30>)
10005596:	701a      	strb	r2, [r3, #0]
10005598:	2009      	movs	r0, #9
1000559a:	e000      	b.n	1000559e <resetd_open+0x22>
1000559c:	2000      	movs	r0, #0
1000559e:	4770      	bx	lr
100055a0:	2000      	movs	r0, #0
100055a2:	e7fc      	b.n	1000559e <resetd_open+0x22>
100055a4:	2000      	movs	r0, #0
100055a6:	e7fa      	b.n	1000559e <resetd_open+0x22>
100055a8:	2000      	movs	r0, #0
100055aa:	e7f8      	b.n	1000559e <resetd_open+0x22>
100055ac:	20002547 	.word	0x20002547

100055b0 <resetd_xfer_cb>:
100055b0:	2001      	movs	r0, #1
100055b2:	4770      	bx	lr

100055b4 <reset_usb_boot>:
100055b4:	b570      	push	{r4, r5, r6, lr}
100055b6:	0004      	movs	r4, r0
100055b8:	000d      	movs	r5, r1
100055ba:	4803      	ldr	r0, [pc, #12]	; (100055c8 <reset_usb_boot+0x14>)
100055bc:	f7fe fbea 	bl	10003d94 <rom_func_lookup>
100055c0:	0003      	movs	r3, r0
100055c2:	0029      	movs	r1, r5
100055c4:	0020      	movs	r0, r4
100055c6:	4798      	blx	r3
100055c8:	00004255 	.word	0x00004255

100055cc <resetd_control_xfer_cb>:
100055cc:	b510      	push	{r4, lr}
100055ce:	2901      	cmp	r1, #1
100055d0:	d126      	bne.n	10005620 <resetd_control_xfer_cb+0x54>
100055d2:	7911      	ldrb	r1, [r2, #4]
100055d4:	7953      	ldrb	r3, [r2, #5]
100055d6:	021b      	lsls	r3, r3, #8
100055d8:	430b      	orrs	r3, r1
100055da:	4912      	ldr	r1, [pc, #72]	; (10005624 <resetd_control_xfer_cb+0x58>)
100055dc:	7809      	ldrb	r1, [r1, #0]
100055de:	428b      	cmp	r3, r1
100055e0:	d001      	beq.n	100055e6 <resetd_control_xfer_cb+0x1a>
100055e2:	2000      	movs	r0, #0
100055e4:	e01d      	b.n	10005622 <resetd_control_xfer_cb+0x56>
100055e6:	7853      	ldrb	r3, [r2, #1]
100055e8:	2b01      	cmp	r3, #1
100055ea:	d003      	beq.n	100055f4 <resetd_control_xfer_cb+0x28>
100055ec:	2b02      	cmp	r3, #2
100055ee:	d010      	beq.n	10005612 <resetd_control_xfer_cb+0x46>
100055f0:	2000      	movs	r0, #0
100055f2:	e016      	b.n	10005622 <resetd_control_xfer_cb+0x56>
100055f4:	7891      	ldrb	r1, [r2, #2]
100055f6:	78d3      	ldrb	r3, [r2, #3]
100055f8:	021b      	lsls	r3, r3, #8
100055fa:	4319      	orrs	r1, r3
100055fc:	05db      	lsls	r3, r3, #23
100055fe:	d506      	bpl.n	1000560e <resetd_control_xfer_cb+0x42>
10005600:	0a4b      	lsrs	r3, r1, #9
10005602:	2001      	movs	r0, #1
10005604:	4098      	lsls	r0, r3
10005606:	237f      	movs	r3, #127	; 0x7f
10005608:	4019      	ands	r1, r3
1000560a:	f7ff ffd3 	bl	100055b4 <reset_usb_boot>
1000560e:	2000      	movs	r0, #0
10005610:	e7f9      	b.n	10005606 <resetd_control_xfer_cb+0x3a>
10005612:	2264      	movs	r2, #100	; 0x64
10005614:	2100      	movs	r1, #0
10005616:	2000      	movs	r0, #0
10005618:	f7fd fa08 	bl	10002a2c <watchdog_reboot>
1000561c:	2001      	movs	r0, #1
1000561e:	e000      	b.n	10005622 <resetd_control_xfer_cb+0x56>
10005620:	2001      	movs	r0, #1
10005622:	bd10      	pop	{r4, pc}
10005624:	20002547 	.word	0x20002547

10005628 <usbd_app_driver_get_cb>:
10005628:	2301      	movs	r3, #1
1000562a:	7003      	strb	r3, [r0, #0]
1000562c:	4800      	ldr	r0, [pc, #0]	; (10005630 <usbd_app_driver_get_cb+0x8>)
1000562e:	4770      	bx	lr
10005630:	1000bbfc 	.word	0x1000bbfc

10005634 <tud_cdc_line_coding_cb>:
10005634:	b510      	push	{r4, lr}
10005636:	780b      	ldrb	r3, [r1, #0]
10005638:	7848      	ldrb	r0, [r1, #1]
1000563a:	0200      	lsls	r0, r0, #8
1000563c:	4318      	orrs	r0, r3
1000563e:	788a      	ldrb	r2, [r1, #2]
10005640:	0412      	lsls	r2, r2, #16
10005642:	4310      	orrs	r0, r2
10005644:	78cb      	ldrb	r3, [r1, #3]
10005646:	061b      	lsls	r3, r3, #24
10005648:	4303      	orrs	r3, r0
1000564a:	2296      	movs	r2, #150	; 0x96
1000564c:	00d2      	lsls	r2, r2, #3
1000564e:	4293      	cmp	r3, r2
10005650:	d000      	beq.n	10005654 <tud_cdc_line_coding_cb+0x20>
10005652:	bd10      	pop	{r4, pc}
10005654:	2100      	movs	r1, #0
10005656:	0008      	movs	r0, r1
10005658:	f7ff ffac 	bl	100055b4 <reset_usb_boot>

1000565c <stdio_usb_set_chars_available_callback>:
1000565c:	4b02      	ldr	r3, [pc, #8]	; (10005668 <stdio_usb_set_chars_available_callback+0xc>)
1000565e:	6018      	str	r0, [r3, #0]
10005660:	4b02      	ldr	r3, [pc, #8]	; (1000566c <stdio_usb_set_chars_available_callback+0x10>)
10005662:	6019      	str	r1, [r3, #0]
10005664:	4770      	bx	lr
10005666:	46c0      	nop			; (mov r8, r8)
10005668:	20001e30 	.word	0x20001e30
1000566c:	20001e34 	.word	0x20001e34

10005670 <usb_irq>:
10005670:	b510      	push	{r4, lr}
10005672:	4b02      	ldr	r3, [pc, #8]	; (1000567c <usb_irq+0xc>)
10005674:	7818      	ldrb	r0, [r3, #0]
10005676:	f7fb fbc7 	bl	10000e08 <irq_set_pending>
1000567a:	bd10      	pop	{r4, pc}
1000567c:	20002548 	.word	0x20002548

10005680 <timer_task>:
10005680:	b570      	push	{r4, r5, r6, lr}
10005682:	4b13      	ldr	r3, [pc, #76]	; (100056d0 <timer_task+0x50>)
10005684:	681b      	ldr	r3, [r3, #0]
10005686:	2b00      	cmp	r3, #0
10005688:	d01d      	beq.n	100056c6 <timer_task+0x46>
1000568a:	4b11      	ldr	r3, [pc, #68]	; (100056d0 <timer_task+0x50>)
1000568c:	6819      	ldr	r1, [r3, #0]
1000568e:	f3ef 8310 	mrs	r3, PRIMASK
10005692:	b672      	cpsid	i
10005694:	680a      	ldr	r2, [r1, #0]
10005696:	2a00      	cmp	r2, #0
10005698:	d0fc      	beq.n	10005694 <timer_task+0x14>
1000569a:	f3bf 8f5f 	dmb	sy
1000569e:	490c      	ldr	r1, [pc, #48]	; (100056d0 <timer_task+0x50>)
100056a0:	604b      	str	r3, [r1, #4]
100056a2:	2200      	movs	r2, #0
100056a4:	480b      	ldr	r0, [pc, #44]	; (100056d4 <timer_task+0x54>)
100056a6:	7002      	strb	r2, [r0, #0]
100056a8:	6809      	ldr	r1, [r1, #0]
100056aa:	f3bf 8f5f 	dmb	sy
100056ae:	600a      	str	r2, [r1, #0]
100056b0:	f383 8810 	msr	PRIMASK, r3
100056b4:	2400      	movs	r4, #0
100056b6:	2500      	movs	r5, #0
100056b8:	4b07      	ldr	r3, [pc, #28]	; (100056d8 <timer_task+0x58>)
100056ba:	7818      	ldrb	r0, [r3, #0]
100056bc:	f7fb fba4 	bl	10000e08 <irq_set_pending>
100056c0:	0020      	movs	r0, r4
100056c2:	0029      	movs	r1, r5
100056c4:	bd70      	pop	{r4, r5, r6, pc}
100056c6:	24fa      	movs	r4, #250	; 0xfa
100056c8:	00a4      	lsls	r4, r4, #2
100056ca:	2500      	movs	r5, #0
100056cc:	e7f4      	b.n	100056b8 <timer_task+0x38>
100056ce:	46c0      	nop			; (mov r8, r8)
100056d0:	200022e8 	.word	0x200022e8
100056d4:	20002549 	.word	0x20002549
100056d8:	20002548 	.word	0x20002548

100056dc <low_priority_worker_irq>:
100056dc:	b510      	push	{r4, lr}
100056de:	b084      	sub	sp, #16
100056e0:	2100      	movs	r1, #0
100056e2:	482d      	ldr	r0, [pc, #180]	; (10005798 <low_priority_worker_irq+0xbc>)
100056e4:	f005 f924 	bl	1000a930 <__mutex_try_enter_veneer>
100056e8:	2800      	cmp	r0, #0
100056ea:	d13a      	bne.n	10005762 <low_priority_worker_irq+0x86>
100056ec:	4b2b      	ldr	r3, [pc, #172]	; (1000579c <low_priority_worker_irq+0xc0>)
100056ee:	681b      	ldr	r3, [r3, #0]
100056f0:	2b00      	cmp	r3, #0
100056f2:	d03e      	beq.n	10005772 <low_priority_worker_irq+0x96>
100056f4:	4b29      	ldr	r3, [pc, #164]	; (1000579c <low_priority_worker_irq+0xc0>)
100056f6:	6819      	ldr	r1, [r3, #0]
100056f8:	f3ef 8210 	mrs	r2, PRIMASK
100056fc:	b672      	cpsid	i
100056fe:	680b      	ldr	r3, [r1, #0]
10005700:	2b00      	cmp	r3, #0
10005702:	d0fc      	beq.n	100056fe <low_priority_worker_irq+0x22>
10005704:	f3bf 8f5f 	dmb	sy
10005708:	4924      	ldr	r1, [pc, #144]	; (1000579c <low_priority_worker_irq+0xc0>)
1000570a:	604a      	str	r2, [r1, #4]
1000570c:	4824      	ldr	r0, [pc, #144]	; (100057a0 <low_priority_worker_irq+0xc4>)
1000570e:	7803      	ldrb	r3, [r0, #0]
10005710:	2401      	movs	r4, #1
10005712:	4063      	eors	r3, r4
10005714:	b2db      	uxtb	r3, r3
10005716:	2401      	movs	r4, #1
10005718:	7004      	strb	r4, [r0, #0]
1000571a:	6809      	ldr	r1, [r1, #0]
1000571c:	f3bf 8f5f 	dmb	sy
10005720:	2000      	movs	r0, #0
10005722:	6008      	str	r0, [r1, #0]
10005724:	f382 8810 	msr	PRIMASK, r2
10005728:	2b00      	cmp	r3, #0
1000572a:	d022      	beq.n	10005772 <low_priority_worker_irq+0x96>
1000572c:	f7fc f9da 	bl	10001ae4 <alarm_pool_get_default>
10005730:	0004      	movs	r4, r0
10005732:	f7fc fc7d 	bl	10002030 <time_us_64>
10005736:	0002      	movs	r2, r0
10005738:	1e0b      	subs	r3, r1, #0
1000573a:	db1c      	blt.n	10005776 <low_priority_worker_irq+0x9a>
1000573c:	20fa      	movs	r0, #250	; 0xfa
1000573e:	0080      	lsls	r0, r0, #2
10005740:	2100      	movs	r1, #0
10005742:	1812      	adds	r2, r2, r0
10005744:	414b      	adcs	r3, r1
10005746:	2b00      	cmp	r3, #0
10005748:	db1b      	blt.n	10005782 <low_priority_worker_irq+0xa6>
1000574a:	2b00      	cmp	r3, #0
1000574c:	db1d      	blt.n	1000578a <low_priority_worker_irq+0xae>
1000574e:	2101      	movs	r1, #1
10005750:	9102      	str	r1, [sp, #8]
10005752:	2100      	movs	r1, #0
10005754:	9101      	str	r1, [sp, #4]
10005756:	4913      	ldr	r1, [pc, #76]	; (100057a4 <low_priority_worker_irq+0xc8>)
10005758:	9100      	str	r1, [sp, #0]
1000575a:	0020      	movs	r0, r4
1000575c:	f7fc f9d8 	bl	10001b10 <alarm_pool_add_alarm_at>
10005760:	e007      	b.n	10005772 <low_priority_worker_irq+0x96>
10005762:	2001      	movs	r0, #1
10005764:	2100      	movs	r1, #0
10005766:	4240      	negs	r0, r0
10005768:	f001 f8f0 	bl	1000694c <tud_task_ext>
1000576c:	480a      	ldr	r0, [pc, #40]	; (10005798 <low_priority_worker_irq+0xbc>)
1000576e:	f005 f8b7 	bl	1000a8e0 <__mutex_exit_veneer>
10005772:	b004      	add	sp, #16
10005774:	bd10      	pop	{r4, pc}
10005776:	4b0c      	ldr	r3, [pc, #48]	; (100057a8 <low_priority_worker_irq+0xcc>)
10005778:	4a0c      	ldr	r2, [pc, #48]	; (100057ac <low_priority_worker_irq+0xd0>)
1000577a:	213f      	movs	r1, #63	; 0x3f
1000577c:	480c      	ldr	r0, [pc, #48]	; (100057b0 <low_priority_worker_irq+0xd4>)
1000577e:	f7fd f9af 	bl	10002ae0 <__assert_func>
10005782:	2201      	movs	r2, #1
10005784:	4252      	negs	r2, r2
10005786:	4b0b      	ldr	r3, [pc, #44]	; (100057b4 <low_priority_worker_irq+0xd8>)
10005788:	e7df      	b.n	1000574a <low_priority_worker_irq+0x6e>
1000578a:	4b07      	ldr	r3, [pc, #28]	; (100057a8 <low_priority_worker_irq+0xcc>)
1000578c:	4a07      	ldr	r2, [pc, #28]	; (100057ac <low_priority_worker_irq+0xd0>)
1000578e:	213f      	movs	r1, #63	; 0x3f
10005790:	4807      	ldr	r0, [pc, #28]	; (100057b0 <low_priority_worker_irq+0xd4>)
10005792:	f7fd f9a5 	bl	10002ae0 <__assert_func>
10005796:	46c0      	nop			; (mov r8, r8)
10005798:	20002518 	.word	0x20002518
1000579c:	200022e8 	.word	0x200022e8
100057a0:	20002549 	.word	0x20002549
100057a4:	10005681 	.word	0x10005681
100057a8:	1000aecc 	.word	0x1000aecc
100057ac:	1000bca8 	.word	0x1000bca8
100057b0:	1000aee8 	.word	0x1000aee8
100057b4:	7fffffff 	.word	0x7fffffff

100057b8 <tud_cdc_rx_cb>:
100057b8:	b510      	push	{r4, lr}
100057ba:	4b05      	ldr	r3, [pc, #20]	; (100057d0 <tud_cdc_rx_cb+0x18>)
100057bc:	6818      	ldr	r0, [r3, #0]
100057be:	2800      	cmp	r0, #0
100057c0:	d004      	beq.n	100057cc <tud_cdc_rx_cb+0x14>
100057c2:	4b04      	ldr	r3, [pc, #16]	; (100057d4 <tud_cdc_rx_cb+0x1c>)
100057c4:	6819      	ldr	r1, [r3, #0]
100057c6:	2200      	movs	r2, #0
100057c8:	f000 fde6 	bl	10006398 <usbd_defer_func>
100057cc:	bd10      	pop	{r4, pc}
100057ce:	46c0      	nop			; (mov r8, r8)
100057d0:	20001e30 	.word	0x20001e30
100057d4:	20001e34 	.word	0x20001e34

100057d8 <stdio_usb_init>:
100057d8:	b510      	push	{r4, lr}
100057da:	b084      	sub	sp, #16
100057dc:	23d0      	movs	r3, #208	; 0xd0
100057de:	061b      	lsls	r3, r3, #24
100057e0:	681c      	ldr	r4, [r3, #0]
100057e2:	f7fc f97f 	bl	10001ae4 <alarm_pool_get_default>
100057e6:	f7fc fac3 	bl	10001d70 <alarm_pool_core_num>
100057ea:	42a0      	cmp	r0, r4
100057ec:	d12a      	bne.n	10005844 <stdio_usb_init+0x6c>
100057ee:	4b32      	ldr	r3, [pc, #200]	; (100058b8 <stdio_usb_init+0xe0>)
100057f0:	781b      	ldrb	r3, [r3, #0]
100057f2:	f001 fd93 	bl	1000731c <tusb_init>
100057f6:	4831      	ldr	r0, [pc, #196]	; (100058bc <stdio_usb_init+0xe4>)
100057f8:	f7fb fde4 	bl	100013c4 <mutex_init>
100057fc:	2001      	movs	r0, #1
100057fe:	f7fb fdc5 	bl	1000138c <user_irq_claim_unused>
10005802:	b2c0      	uxtb	r0, r0
10005804:	4c2e      	ldr	r4, [pc, #184]	; (100058c0 <stdio_usb_init+0xe8>)
10005806:	7020      	strb	r0, [r4, #0]
10005808:	492e      	ldr	r1, [pc, #184]	; (100058c4 <stdio_usb_init+0xec>)
1000580a:	f7fb fb1f 	bl	10000e4c <irq_set_exclusive_handler>
1000580e:	7820      	ldrb	r0, [r4, #0]
10005810:	2101      	movs	r1, #1
10005812:	f7fb faf1 	bl	10000df8 <irq_set_enabled>
10005816:	2005      	movs	r0, #5
10005818:	f7fb fb06 	bl	10000e28 <irq_has_shared_handler>
1000581c:	1e04      	subs	r4, r0, #0
1000581e:	d017      	beq.n	10005850 <stdio_usb_init+0x78>
10005820:	2200      	movs	r2, #0
10005822:	4929      	ldr	r1, [pc, #164]	; (100058c8 <stdio_usb_init+0xf0>)
10005824:	2005      	movs	r0, #5
10005826:	f7fb fb3b 	bl	10000ea0 <irq_add_shared_handler>
1000582a:	f7fb fa53 	bl	10000cd4 <next_striped_spin_lock_num>
1000582e:	0001      	movs	r1, r0
10005830:	4826      	ldr	r0, [pc, #152]	; (100058cc <stdio_usb_init+0xf4>)
10005832:	f7fb fde3 	bl	100013fc <critical_section_init_with_lock_num>
10005836:	2101      	movs	r1, #1
10005838:	4825      	ldr	r0, [pc, #148]	; (100058d0 <stdio_usb_init+0xf8>)
1000583a:	f7ff fe31 	bl	100054a0 <stdio_set_driver_enabled>
1000583e:	0020      	movs	r0, r4
10005840:	b004      	add	sp, #16
10005842:	bd10      	pop	{r4, pc}
10005844:	4b23      	ldr	r3, [pc, #140]	; (100058d4 <stdio_usb_init+0xfc>)
10005846:	4a24      	ldr	r2, [pc, #144]	; (100058d8 <stdio_usb_init+0x100>)
10005848:	21b2      	movs	r1, #178	; 0xb2
1000584a:	4824      	ldr	r0, [pc, #144]	; (100058dc <stdio_usb_init+0x104>)
1000584c:	f7fd f948 	bl	10002ae0 <__assert_func>
10005850:	f7fc f948 	bl	10001ae4 <alarm_pool_get_default>
10005854:	0004      	movs	r4, r0
10005856:	f7fc fbeb 	bl	10002030 <time_us_64>
1000585a:	0002      	movs	r2, r0
1000585c:	1e0b      	subs	r3, r1, #0
1000585e:	db1b      	blt.n	10005898 <stdio_usb_init+0xc0>
10005860:	20fa      	movs	r0, #250	; 0xfa
10005862:	0080      	lsls	r0, r0, #2
10005864:	2100      	movs	r1, #0
10005866:	1812      	adds	r2, r2, r0
10005868:	414b      	adcs	r3, r1
1000586a:	2b00      	cmp	r3, #0
1000586c:	db1a      	blt.n	100058a4 <stdio_usb_init+0xcc>
1000586e:	2b00      	cmp	r3, #0
10005870:	db1c      	blt.n	100058ac <stdio_usb_init+0xd4>
10005872:	2101      	movs	r1, #1
10005874:	9102      	str	r1, [sp, #8]
10005876:	2100      	movs	r1, #0
10005878:	9101      	str	r1, [sp, #4]
1000587a:	4919      	ldr	r1, [pc, #100]	; (100058e0 <stdio_usb_init+0x108>)
1000587c:	9100      	str	r1, [sp, #0]
1000587e:	0020      	movs	r0, r4
10005880:	f7fc f946 	bl	10001b10 <alarm_pool_add_alarm_at>
10005884:	43c4      	mvns	r4, r0
10005886:	0fe4      	lsrs	r4, r4, #31
10005888:	2208      	movs	r2, #8
1000588a:	2100      	movs	r1, #0
1000588c:	480f      	ldr	r0, [pc, #60]	; (100058cc <stdio_usb_init+0xf4>)
1000588e:	f7ff fcf1 	bl	10005274 <__wrap_memset>
10005892:	2c00      	cmp	r4, #0
10005894:	d0d3      	beq.n	1000583e <stdio_usb_init+0x66>
10005896:	e7ce      	b.n	10005836 <stdio_usb_init+0x5e>
10005898:	4b12      	ldr	r3, [pc, #72]	; (100058e4 <stdio_usb_init+0x10c>)
1000589a:	4a13      	ldr	r2, [pc, #76]	; (100058e8 <stdio_usb_init+0x110>)
1000589c:	213f      	movs	r1, #63	; 0x3f
1000589e:	4813      	ldr	r0, [pc, #76]	; (100058ec <stdio_usb_init+0x114>)
100058a0:	f7fd f91e 	bl	10002ae0 <__assert_func>
100058a4:	2201      	movs	r2, #1
100058a6:	4252      	negs	r2, r2
100058a8:	4b11      	ldr	r3, [pc, #68]	; (100058f0 <stdio_usb_init+0x118>)
100058aa:	e7e0      	b.n	1000586e <stdio_usb_init+0x96>
100058ac:	4b0d      	ldr	r3, [pc, #52]	; (100058e4 <stdio_usb_init+0x10c>)
100058ae:	4a0e      	ldr	r2, [pc, #56]	; (100058e8 <stdio_usb_init+0x110>)
100058b0:	213f      	movs	r1, #63	; 0x3f
100058b2:	480e      	ldr	r0, [pc, #56]	; (100058ec <stdio_usb_init+0x114>)
100058b4:	f7fd f914 	bl	10002ae0 <__assert_func>
100058b8:	1000c814 	.word	0x1000c814
100058bc:	20002518 	.word	0x20002518
100058c0:	20002548 	.word	0x20002548
100058c4:	100056dd 	.word	0x100056dd
100058c8:	10005671 	.word	0x10005671
100058cc:	200022e8 	.word	0x200022e8
100058d0:	20000d60 	.word	0x20000d60
100058d4:	1000ad64 	.word	0x1000ad64
100058d8:	1000bc98 	.word	0x1000bc98
100058dc:	1000bc14 	.word	0x1000bc14
100058e0:	10005681 	.word	0x10005681
100058e4:	1000aecc 	.word	0x1000aecc
100058e8:	1000bca8 	.word	0x1000bca8
100058ec:	1000aee8 	.word	0x1000aee8
100058f0:	7fffffff 	.word	0x7fffffff

100058f4 <stdio_usb_connected>:
100058f4:	b510      	push	{r4, lr}
100058f6:	2000      	movs	r0, #0
100058f8:	f001 fa30 	bl	10006d5c <tud_cdc_n_connected>
100058fc:	bd10      	pop	{r4, pc}
	...

10005900 <stdio_usb_in_chars>:
10005900:	b570      	push	{r4, r5, r6, lr}
10005902:	0005      	movs	r5, r0
10005904:	000c      	movs	r4, r1
10005906:	f7ff fff5 	bl	100058f4 <stdio_usb_connected>
1000590a:	2800      	cmp	r0, #0
1000590c:	d045      	beq.n	1000599a <stdio_usb_in_chars+0x9a>
1000590e:	2000      	movs	r0, #0
10005910:	f001 fa46 	bl	10006da0 <tud_cdc_n_available>
10005914:	2800      	cmp	r0, #0
10005916:	d043      	beq.n	100059a0 <stdio_usb_in_chars+0xa0>
10005918:	f7fc fb8a 	bl	10002030 <time_us_64>
1000591c:	0002      	movs	r2, r0
1000591e:	1e0b      	subs	r3, r1, #0
10005920:	db21      	blt.n	10005966 <stdio_usb_in_chars+0x66>
10005922:	4822      	ldr	r0, [pc, #136]	; (100059ac <stdio_usb_in_chars+0xac>)
10005924:	2100      	movs	r1, #0
10005926:	1812      	adds	r2, r2, r0
10005928:	414b      	adcs	r3, r1
1000592a:	2b00      	cmp	r3, #0
1000592c:	db21      	blt.n	10005972 <stdio_usb_in_chars+0x72>
1000592e:	2b00      	cmp	r3, #0
10005930:	db23      	blt.n	1000597a <stdio_usb_in_chars+0x7a>
10005932:	481f      	ldr	r0, [pc, #124]	; (100059b0 <stdio_usb_in_chars+0xb0>)
10005934:	f005 f824 	bl	1000a980 <__mutex_try_enter_block_until_veneer>
10005938:	2800      	cmp	r0, #0
1000593a:	d034      	beq.n	100059a6 <stdio_usb_in_chars+0xa6>
1000593c:	f7ff ffda 	bl	100058f4 <stdio_usb_connected>
10005940:	2800      	cmp	r0, #0
10005942:	d004      	beq.n	1000594e <stdio_usb_in_chars+0x4e>
10005944:	2000      	movs	r0, #0
10005946:	f001 fa2b 	bl	10006da0 <tud_cdc_n_available>
1000594a:	2800      	cmp	r0, #0
1000594c:	d11b      	bne.n	10005986 <stdio_usb_in_chars+0x86>
1000594e:	2001      	movs	r0, #1
10005950:	2100      	movs	r1, #0
10005952:	4240      	negs	r0, r0
10005954:	f000 fffa 	bl	1000694c <tud_task_ext>
10005958:	2403      	movs	r4, #3
1000595a:	4264      	negs	r4, r4
1000595c:	4814      	ldr	r0, [pc, #80]	; (100059b0 <stdio_usb_in_chars+0xb0>)
1000595e:	f004 ffbf 	bl	1000a8e0 <__mutex_exit_veneer>
10005962:	0020      	movs	r0, r4
10005964:	bd70      	pop	{r4, r5, r6, pc}
10005966:	4b13      	ldr	r3, [pc, #76]	; (100059b4 <stdio_usb_in_chars+0xb4>)
10005968:	4a13      	ldr	r2, [pc, #76]	; (100059b8 <stdio_usb_in_chars+0xb8>)
1000596a:	213f      	movs	r1, #63	; 0x3f
1000596c:	4813      	ldr	r0, [pc, #76]	; (100059bc <stdio_usb_in_chars+0xbc>)
1000596e:	f7fd f8b7 	bl	10002ae0 <__assert_func>
10005972:	2201      	movs	r2, #1
10005974:	4252      	negs	r2, r2
10005976:	4b12      	ldr	r3, [pc, #72]	; (100059c0 <stdio_usb_in_chars+0xc0>)
10005978:	e7d9      	b.n	1000592e <stdio_usb_in_chars+0x2e>
1000597a:	4b0e      	ldr	r3, [pc, #56]	; (100059b4 <stdio_usb_in_chars+0xb4>)
1000597c:	4a0e      	ldr	r2, [pc, #56]	; (100059b8 <stdio_usb_in_chars+0xb8>)
1000597e:	213f      	movs	r1, #63	; 0x3f
10005980:	480e      	ldr	r0, [pc, #56]	; (100059bc <stdio_usb_in_chars+0xbc>)
10005982:	f7fd f8ad 	bl	10002ae0 <__assert_func>
10005986:	0022      	movs	r2, r4
10005988:	0029      	movs	r1, r5
1000598a:	2000      	movs	r0, #0
1000598c:	f001 fa14 	bl	10006db8 <tud_cdc_n_read>
10005990:	1e04      	subs	r4, r0, #0
10005992:	d1e3      	bne.n	1000595c <stdio_usb_in_chars+0x5c>
10005994:	2403      	movs	r4, #3
10005996:	4264      	negs	r4, r4
10005998:	e7e0      	b.n	1000595c <stdio_usb_in_chars+0x5c>
1000599a:	2403      	movs	r4, #3
1000599c:	4264      	negs	r4, r4
1000599e:	e7e0      	b.n	10005962 <stdio_usb_in_chars+0x62>
100059a0:	2403      	movs	r4, #3
100059a2:	4264      	negs	r4, r4
100059a4:	e7dd      	b.n	10005962 <stdio_usb_in_chars+0x62>
100059a6:	2403      	movs	r4, #3
100059a8:	4264      	negs	r4, r4
100059aa:	e7da      	b.n	10005962 <stdio_usb_in_chars+0x62>
100059ac:	000f4240 	.word	0x000f4240
100059b0:	20002518 	.word	0x20002518
100059b4:	1000aecc 	.word	0x1000aecc
100059b8:	1000bca8 	.word	0x1000bca8
100059bc:	1000aee8 	.word	0x1000aee8
100059c0:	7fffffff 	.word	0x7fffffff

100059c4 <stdio_usb_out_chars>:
100059c4:	b5f0      	push	{r4, r5, r6, r7, lr}
100059c6:	46c6      	mov	lr, r8
100059c8:	b500      	push	{lr}
100059ca:	4680      	mov	r8, r0
100059cc:	000c      	movs	r4, r1
100059ce:	f7fc fb2f 	bl	10002030 <time_us_64>
100059d2:	0002      	movs	r2, r0
100059d4:	1e0b      	subs	r3, r1, #0
100059d6:	db0f      	blt.n	100059f8 <stdio_usb_out_chars+0x34>
100059d8:	4837      	ldr	r0, [pc, #220]	; (10005ab8 <stdio_usb_out_chars+0xf4>)
100059da:	2100      	movs	r1, #0
100059dc:	1812      	adds	r2, r2, r0
100059de:	414b      	adcs	r3, r1
100059e0:	2b00      	cmp	r3, #0
100059e2:	db0f      	blt.n	10005a04 <stdio_usb_out_chars+0x40>
100059e4:	2b00      	cmp	r3, #0
100059e6:	db11      	blt.n	10005a0c <stdio_usb_out_chars+0x48>
100059e8:	4834      	ldr	r0, [pc, #208]	; (10005abc <stdio_usb_out_chars+0xf8>)
100059ea:	f004 ffc9 	bl	1000a980 <__mutex_try_enter_block_until_veneer>
100059ee:	2800      	cmp	r0, #0
100059f0:	d112      	bne.n	10005a18 <stdio_usb_out_chars+0x54>
100059f2:	bc80      	pop	{r7}
100059f4:	46b8      	mov	r8, r7
100059f6:	bdf0      	pop	{r4, r5, r6, r7, pc}
100059f8:	4b31      	ldr	r3, [pc, #196]	; (10005ac0 <stdio_usb_out_chars+0xfc>)
100059fa:	4a32      	ldr	r2, [pc, #200]	; (10005ac4 <stdio_usb_out_chars+0x100>)
100059fc:	213f      	movs	r1, #63	; 0x3f
100059fe:	4832      	ldr	r0, [pc, #200]	; (10005ac8 <stdio_usb_out_chars+0x104>)
10005a00:	f7fd f86e 	bl	10002ae0 <__assert_func>
10005a04:	2201      	movs	r2, #1
10005a06:	4252      	negs	r2, r2
10005a08:	4b30      	ldr	r3, [pc, #192]	; (10005acc <stdio_usb_out_chars+0x108>)
10005a0a:	e7eb      	b.n	100059e4 <stdio_usb_out_chars+0x20>
10005a0c:	4b2c      	ldr	r3, [pc, #176]	; (10005ac0 <stdio_usb_out_chars+0xfc>)
10005a0e:	4a2d      	ldr	r2, [pc, #180]	; (10005ac4 <stdio_usb_out_chars+0x100>)
10005a10:	213f      	movs	r1, #63	; 0x3f
10005a12:	482d      	ldr	r0, [pc, #180]	; (10005ac8 <stdio_usb_out_chars+0x104>)
10005a14:	f7fd f864 	bl	10002ae0 <__assert_func>
10005a18:	f7ff ff6c 	bl	100058f4 <stdio_usb_connected>
10005a1c:	2800      	cmp	r0, #0
10005a1e:	d149      	bne.n	10005ab4 <stdio_usb_out_chars+0xf0>
10005a20:	4b2b      	ldr	r3, [pc, #172]	; (10005ad0 <stdio_usb_out_chars+0x10c>)
10005a22:	2000      	movs	r0, #0
10005a24:	2100      	movs	r1, #0
10005a26:	6018      	str	r0, [r3, #0]
10005a28:	6059      	str	r1, [r3, #4]
10005a2a:	4824      	ldr	r0, [pc, #144]	; (10005abc <stdio_usb_out_chars+0xf8>)
10005a2c:	f004 ff58 	bl	1000a8e0 <__mutex_exit_veneer>
10005a30:	e7df      	b.n	100059f2 <stdio_usb_out_chars+0x2e>
10005a32:	2001      	movs	r0, #1
10005a34:	2100      	movs	r1, #0
10005a36:	4240      	negs	r0, r0
10005a38:	f000 ff88 	bl	1000694c <tud_task_ext>
10005a3c:	2000      	movs	r0, #0
10005a3e:	f001 f9cf 	bl	10006de0 <tud_cdc_n_write_flush>
10005a42:	f7ff ff57 	bl	100058f4 <stdio_usb_connected>
10005a46:	2800      	cmp	r0, #0
10005a48:	d0ef      	beq.n	10005a2a <stdio_usb_out_chars+0x66>
10005a4a:	2000      	movs	r0, #0
10005a4c:	f001 fa40 	bl	10006ed0 <tud_cdc_n_write_available>
10005a50:	2800      	cmp	r0, #0
10005a52:	d020      	beq.n	10005a96 <stdio_usb_out_chars+0xd2>
10005a54:	42a5      	cmp	r5, r4
10005a56:	dae8      	bge.n	10005a2a <stdio_usb_out_chars+0x66>
10005a58:	1b66      	subs	r6, r4, r5
10005a5a:	2000      	movs	r0, #0
10005a5c:	f001 fa38 	bl	10006ed0 <tud_cdc_n_write_available>
10005a60:	0002      	movs	r2, r0
10005a62:	4286      	cmp	r6, r0
10005a64:	dc00      	bgt.n	10005a68 <stdio_usb_out_chars+0xa4>
10005a66:	0032      	movs	r2, r6
10005a68:	2a00      	cmp	r2, #0
10005a6a:	d0e2      	beq.n	10005a32 <stdio_usb_out_chars+0x6e>
10005a6c:	4643      	mov	r3, r8
10005a6e:	1959      	adds	r1, r3, r5
10005a70:	2000      	movs	r0, #0
10005a72:	f001 fa11 	bl	10006e98 <tud_cdc_n_write>
10005a76:	0006      	movs	r6, r0
10005a78:	2001      	movs	r0, #1
10005a7a:	2100      	movs	r1, #0
10005a7c:	4240      	negs	r0, r0
10005a7e:	f000 ff65 	bl	1000694c <tud_task_ext>
10005a82:	2000      	movs	r0, #0
10005a84:	f001 f9ac 	bl	10006de0 <tud_cdc_n_write_flush>
10005a88:	19ad      	adds	r5, r5, r6
10005a8a:	f7fc fad1 	bl	10002030 <time_us_64>
10005a8e:	4b10      	ldr	r3, [pc, #64]	; (10005ad0 <stdio_usb_out_chars+0x10c>)
10005a90:	6018      	str	r0, [r3, #0]
10005a92:	6059      	str	r1, [r3, #4]
10005a94:	e7de      	b.n	10005a54 <stdio_usb_out_chars+0x90>
10005a96:	f7fc facb 	bl	10002030 <time_us_64>
10005a9a:	4b0d      	ldr	r3, [pc, #52]	; (10005ad0 <stdio_usb_out_chars+0x10c>)
10005a9c:	681e      	ldr	r6, [r3, #0]
10005a9e:	685f      	ldr	r7, [r3, #4]
10005aa0:	4a0c      	ldr	r2, [pc, #48]	; (10005ad4 <stdio_usb_out_chars+0x110>)
10005aa2:	2300      	movs	r3, #0
10005aa4:	1992      	adds	r2, r2, r6
10005aa6:	417b      	adcs	r3, r7
10005aa8:	4299      	cmp	r1, r3
10005aaa:	d8be      	bhi.n	10005a2a <stdio_usb_out_chars+0x66>
10005aac:	d1d2      	bne.n	10005a54 <stdio_usb_out_chars+0x90>
10005aae:	4290      	cmp	r0, r2
10005ab0:	d9d0      	bls.n	10005a54 <stdio_usb_out_chars+0x90>
10005ab2:	e7ba      	b.n	10005a2a <stdio_usb_out_chars+0x66>
10005ab4:	2500      	movs	r5, #0
10005ab6:	e7cd      	b.n	10005a54 <stdio_usb_out_chars+0x90>
10005ab8:	000f4240 	.word	0x000f4240
10005abc:	20002518 	.word	0x20002518
10005ac0:	1000aecc 	.word	0x1000aecc
10005ac4:	1000bca8 	.word	0x1000bca8
10005ac8:	1000aee8 	.word	0x1000aee8
10005acc:	7fffffff 	.word	0x7fffffff
10005ad0:	20001878 	.word	0x20001878
10005ad4:	0007a120 	.word	0x0007a120

10005ad8 <tud_descriptor_device_cb>:
10005ad8:	4800      	ldr	r0, [pc, #0]	; (10005adc <tud_descriptor_device_cb+0x4>)
10005ada:	4770      	bx	lr
10005adc:	1000bd40 	.word	0x1000bd40

10005ae0 <tud_descriptor_configuration_cb>:
10005ae0:	4800      	ldr	r0, [pc, #0]	; (10005ae4 <tud_descriptor_configuration_cb+0x4>)
10005ae2:	4770      	bx	lr
10005ae4:	1000bcec 	.word	0x1000bcec

10005ae8 <tud_descriptor_string_cb>:
10005ae8:	b510      	push	{r4, lr}
10005aea:	0004      	movs	r4, r0
10005aec:	4b15      	ldr	r3, [pc, #84]	; (10005b44 <tud_descriptor_string_cb+0x5c>)
10005aee:	781b      	ldrb	r3, [r3, #0]
10005af0:	2b00      	cmp	r3, #0
10005af2:	d00e      	beq.n	10005b12 <tud_descriptor_string_cb+0x2a>
10005af4:	2c00      	cmp	r4, #0
10005af6:	d111      	bne.n	10005b1c <tud_descriptor_string_cb+0x34>
10005af8:	4b13      	ldr	r3, [pc, #76]	; (10005b48 <tud_descriptor_string_cb+0x60>)
10005afa:	4a14      	ldr	r2, [pc, #80]	; (10005b4c <tud_descriptor_string_cb+0x64>)
10005afc:	805a      	strh	r2, [r3, #2]
10005afe:	2301      	movs	r3, #1
10005b00:	3301      	adds	r3, #1
10005b02:	005b      	lsls	r3, r3, #1
10005b04:	b21b      	sxth	r3, r3
10005b06:	22c0      	movs	r2, #192	; 0xc0
10005b08:	0092      	lsls	r2, r2, #2
10005b0a:	4313      	orrs	r3, r2
10005b0c:	480e      	ldr	r0, [pc, #56]	; (10005b48 <tud_descriptor_string_cb+0x60>)
10005b0e:	8003      	strh	r3, [r0, #0]
10005b10:	bd10      	pop	{r4, pc}
10005b12:	2111      	movs	r1, #17
10005b14:	480b      	ldr	r0, [pc, #44]	; (10005b44 <tud_descriptor_string_cb+0x5c>)
10005b16:	f000 f825 	bl	10005b64 <pico_get_unique_board_id_string>
10005b1a:	e7eb      	b.n	10005af4 <tud_descriptor_string_cb+0xc>
10005b1c:	2c05      	cmp	r4, #5
10005b1e:	d80e      	bhi.n	10005b3e <tud_descriptor_string_cb+0x56>
10005b20:	00a4      	lsls	r4, r4, #2
10005b22:	4b0b      	ldr	r3, [pc, #44]	; (10005b50 <tud_descriptor_string_cb+0x68>)
10005b24:	58e4      	ldr	r4, [r4, r3]
10005b26:	2300      	movs	r3, #0
10005b28:	2b12      	cmp	r3, #18
10005b2a:	d8e9      	bhi.n	10005b00 <tud_descriptor_string_cb+0x18>
10005b2c:	5ce2      	ldrb	r2, [r4, r3]
10005b2e:	2a00      	cmp	r2, #0
10005b30:	d0e6      	beq.n	10005b00 <tud_descriptor_string_cb+0x18>
10005b32:	3301      	adds	r3, #1
10005b34:	0059      	lsls	r1, r3, #1
10005b36:	4804      	ldr	r0, [pc, #16]	; (10005b48 <tud_descriptor_string_cb+0x60>)
10005b38:	5242      	strh	r2, [r0, r1]
10005b3a:	b2db      	uxtb	r3, r3
10005b3c:	e7f4      	b.n	10005b28 <tud_descriptor_string_cb+0x40>
10005b3e:	2000      	movs	r0, #0
10005b40:	e7e6      	b.n	10005b10 <tud_descriptor_string_cb+0x28>
10005b42:	46c0      	nop			; (mov r8, r8)
10005b44:	20002530 	.word	0x20002530
10005b48:	20001ea4 	.word	0x20001ea4
10005b4c:	00000409 	.word	0x00000409
10005b50:	1000bd54 	.word	0x1000bd54

10005b54 <_retrieve_unique_id_on_boot>:
10005b54:	b510      	push	{r4, lr}
10005b56:	4802      	ldr	r0, [pc, #8]	; (10005b60 <_retrieve_unique_id_on_boot+0xc>)
10005b58:	f000 f834 	bl	10005bc4 <flash_get_unique_id>
10005b5c:	bd10      	pop	{r4, pc}
10005b5e:	46c0      	nop			; (mov r8, r8)
10005b60:	20002308 	.word	0x20002308

10005b64 <pico_get_unique_board_id_string>:
10005b64:	b510      	push	{r4, lr}
10005b66:	2900      	cmp	r1, #0
10005b68:	d001      	beq.n	10005b6e <pico_get_unique_board_id_string+0xa>
10005b6a:	2300      	movs	r3, #0
10005b6c:	e00a      	b.n	10005b84 <pico_get_unique_board_id_string+0x20>
10005b6e:	4b11      	ldr	r3, [pc, #68]	; (10005bb4 <pico_get_unique_board_id_string+0x50>)
10005b70:	4a11      	ldr	r2, [pc, #68]	; (10005bb8 <pico_get_unique_board_id_string+0x54>)
10005b72:	311f      	adds	r1, #31
10005b74:	4811      	ldr	r0, [pc, #68]	; (10005bbc <pico_get_unique_board_id_string+0x58>)
10005b76:	f7fc ffb3 	bl	10002ae0 <__assert_func>
10005b7a:	2400      	movs	r4, #0
10005b7c:	e00d      	b.n	10005b9a <pico_get_unique_board_id_string+0x36>
10005b7e:	3237      	adds	r2, #55	; 0x37
10005b80:	54c2      	strb	r2, [r0, r3]
10005b82:	3301      	adds	r3, #1
10005b84:	1e4a      	subs	r2, r1, #1
10005b86:	429a      	cmp	r2, r3
10005b88:	d90f      	bls.n	10005baa <pico_get_unique_board_id_string+0x46>
10005b8a:	2b0f      	cmp	r3, #15
10005b8c:	d80d      	bhi.n	10005baa <pico_get_unique_board_id_string+0x46>
10005b8e:	085a      	lsrs	r2, r3, #1
10005b90:	4c0b      	ldr	r4, [pc, #44]	; (10005bc0 <pico_get_unique_board_id_string+0x5c>)
10005b92:	5ca2      	ldrb	r2, [r4, r2]
10005b94:	07dc      	lsls	r4, r3, #31
10005b96:	d4f0      	bmi.n	10005b7a <pico_get_unique_board_id_string+0x16>
10005b98:	2404      	movs	r4, #4
10005b9a:	4122      	asrs	r2, r4
10005b9c:	0014      	movs	r4, r2
10005b9e:	220f      	movs	r2, #15
10005ba0:	4022      	ands	r2, r4
10005ba2:	2a09      	cmp	r2, #9
10005ba4:	dceb      	bgt.n	10005b7e <pico_get_unique_board_id_string+0x1a>
10005ba6:	3230      	adds	r2, #48	; 0x30
10005ba8:	e7ea      	b.n	10005b80 <pico_get_unique_board_id_string+0x1c>
10005baa:	18c0      	adds	r0, r0, r3
10005bac:	2300      	movs	r3, #0
10005bae:	7003      	strb	r3, [r0, #0]
10005bb0:	bd10      	pop	{r4, pc}
10005bb2:	46c0      	nop			; (mov r8, r8)
10005bb4:	1000bd6c 	.word	0x1000bd6c
10005bb8:	1000bdd8 	.word	0x1000bdd8
10005bbc:	1000bd74 	.word	0x1000bd74
10005bc0:	20002308 	.word	0x20002308

10005bc4 <flash_get_unique_id>:
10005bc4:	b570      	push	{r4, r5, r6, lr}
10005bc6:	b088      	sub	sp, #32
10005bc8:	0004      	movs	r4, r0
10005bca:	ad04      	add	r5, sp, #16
10005bcc:	2600      	movs	r6, #0
10005bce:	9604      	str	r6, [sp, #16]
10005bd0:	2209      	movs	r2, #9
10005bd2:	2100      	movs	r1, #0
10005bd4:	a805      	add	r0, sp, #20
10005bd6:	f7ff fb4d 	bl	10005274 <__wrap_memset>
10005bda:	9600      	str	r6, [sp, #0]
10005bdc:	2209      	movs	r2, #9
10005bde:	2100      	movs	r1, #0
10005be0:	a801      	add	r0, sp, #4
10005be2:	f7ff fb47 	bl	10005274 <__wrap_memset>
10005be6:	234b      	movs	r3, #75	; 0x4b
10005be8:	702b      	strb	r3, [r5, #0]
10005bea:	220d      	movs	r2, #13
10005bec:	4669      	mov	r1, sp
10005bee:	0028      	movs	r0, r5
10005bf0:	f004 fe6e 	bl	1000a8d0 <__flash_do_cmd_veneer>
10005bf4:	2300      	movs	r3, #0
10005bf6:	e004      	b.n	10005c02 <flash_get_unique_id+0x3e>
10005bf8:	1d5a      	adds	r2, r3, #5
10005bfa:	4669      	mov	r1, sp
10005bfc:	5c8a      	ldrb	r2, [r1, r2]
10005bfe:	54e2      	strb	r2, [r4, r3]
10005c00:	3301      	adds	r3, #1
10005c02:	2b07      	cmp	r3, #7
10005c04:	ddf8      	ble.n	10005bf8 <flash_get_unique_id+0x34>
10005c06:	b008      	add	sp, #32
10005c08:	bd70      	pop	{r4, r5, r6, pc}
	...

10005c0c <hw_endpoint_get_by_addr>:
10005c0c:	0002      	movs	r2, r0
10005c0e:	207f      	movs	r0, #127	; 0x7f
10005c10:	4010      	ands	r0, r2
10005c12:	09d2      	lsrs	r2, r2, #7
10005c14:	0040      	lsls	r0, r0, #1
10005c16:	1880      	adds	r0, r0, r2
10005c18:	0140      	lsls	r0, r0, #5
10005c1a:	4b01      	ldr	r3, [pc, #4]	; (10005c20 <hw_endpoint_get_by_addr+0x14>)
10005c1c:	18c0      	adds	r0, r0, r3
10005c1e:	4770      	bx	lr
10005c20:	20001ee0 	.word	0x20001ee0

10005c24 <_hw_endpoint_alloc>:
10005c24:	b510      	push	{r4, lr}
10005c26:	8b03      	ldrh	r3, [r0, #24]
10005c28:	333f      	adds	r3, #63	; 0x3f
10005c2a:	223f      	movs	r2, #63	; 0x3f
10005c2c:	4393      	bics	r3, r2
10005c2e:	2902      	cmp	r1, #2
10005c30:	d015      	beq.n	10005c5e <_hw_endpoint_alloc+0x3a>
10005c32:	4c12      	ldr	r4, [pc, #72]	; (10005c7c <_hw_endpoint_alloc+0x58>)
10005c34:	6822      	ldr	r2, [r4, #0]
10005c36:	60c2      	str	r2, [r0, #12]
10005c38:	18d3      	adds	r3, r2, r3
10005c3a:	6023      	str	r3, [r4, #0]
10005c3c:	069c      	lsls	r4, r3, #26
10005c3e:	d110      	bne.n	10005c62 <_hw_endpoint_alloc+0x3e>
10005c40:	4c0f      	ldr	r4, [pc, #60]	; (10005c80 <_hw_endpoint_alloc+0x5c>)
10005c42:	4062      	eors	r2, r4
10005c44:	4063      	eors	r3, r4
10005c46:	2480      	movs	r4, #128	; 0x80
10005c48:	0164      	lsls	r4, r4, #5
10005c4a:	42a3      	cmp	r3, r4
10005c4c:	d80f      	bhi.n	10005c6e <_hw_endpoint_alloc+0x4a>
10005c4e:	0689      	lsls	r1, r1, #26
10005c50:	4311      	orrs	r1, r2
10005c52:	2380      	movs	r3, #128	; 0x80
10005c54:	061b      	lsls	r3, r3, #24
10005c56:	4319      	orrs	r1, r3
10005c58:	6843      	ldr	r3, [r0, #4]
10005c5a:	6019      	str	r1, [r3, #0]
10005c5c:	bd10      	pop	{r4, pc}
10005c5e:	005b      	lsls	r3, r3, #1
10005c60:	e7e7      	b.n	10005c32 <_hw_endpoint_alloc+0xe>
10005c62:	4b08      	ldr	r3, [pc, #32]	; (10005c84 <_hw_endpoint_alloc+0x60>)
10005c64:	4a08      	ldr	r2, [pc, #32]	; (10005c88 <_hw_endpoint_alloc+0x64>)
10005c66:	2154      	movs	r1, #84	; 0x54
10005c68:	4808      	ldr	r0, [pc, #32]	; (10005c8c <_hw_endpoint_alloc+0x68>)
10005c6a:	f7fc ff39 	bl	10002ae0 <__assert_func>
10005c6e:	4b08      	ldr	r3, [pc, #32]	; (10005c90 <_hw_endpoint_alloc+0x6c>)
10005c70:	4a05      	ldr	r2, [pc, #20]	; (10005c88 <_hw_endpoint_alloc+0x64>)
10005c72:	2156      	movs	r1, #86	; 0x56
10005c74:	4805      	ldr	r0, [pc, #20]	; (10005c8c <_hw_endpoint_alloc+0x68>)
10005c76:	f7fc ff33 	bl	10002ae0 <__assert_func>
10005c7a:	46c0      	nop			; (mov r8, r8)
10005c7c:	200022e4 	.word	0x200022e4
10005c80:	50100000 	.word	0x50100000
10005c84:	1000bf80 	.word	0x1000bf80
10005c88:	1000c0b4 	.word	0x1000c0b4
10005c8c:	1000bfb0 	.word	0x1000bfb0
10005c90:	1000c020 	.word	0x1000c020

10005c94 <hw_endpoint_init>:
10005c94:	b5f8      	push	{r3, r4, r5, r6, r7, lr}
10005c96:	0005      	movs	r5, r0
10005c98:	000e      	movs	r6, r1
10005c9a:	0014      	movs	r4, r2
10005c9c:	f7ff ffb6 	bl	10005c0c <hw_endpoint_get_by_addr>
10005ca0:	237f      	movs	r3, #127	; 0x7f
10005ca2:	402b      	ands	r3, r5
10005ca4:	09ef      	lsrs	r7, r5, #7
10005ca6:	7085      	strb	r5, [r0, #2]
10005ca8:	427a      	negs	r2, r7
10005caa:	417a      	adcs	r2, r7
10005cac:	7042      	strb	r2, [r0, #1]
10005cae:	2200      	movs	r2, #0
10005cb0:	70c2      	strb	r2, [r0, #3]
10005cb2:	8306      	strh	r6, [r0, #24]
10005cb4:	76c4      	strb	r4, [r0, #27]
10005cb6:	2f01      	cmp	r7, #1
10005cb8:	d00d      	beq.n	10005cd6 <hw_endpoint_init+0x42>
10005cba:	00da      	lsls	r2, r3, #3
10005cbc:	4912      	ldr	r1, [pc, #72]	; (10005d08 <hw_endpoint_init+0x74>)
10005cbe:	468c      	mov	ip, r1
10005cc0:	4462      	add	r2, ip
10005cc2:	6082      	str	r2, [r0, #8]
10005cc4:	6882      	ldr	r2, [r0, #8]
10005cc6:	2100      	movs	r1, #0
10005cc8:	6011      	str	r1, [r2, #0]
10005cca:	2b00      	cmp	r3, #0
10005ccc:	d109      	bne.n	10005ce2 <hw_endpoint_init+0x4e>
10005cce:	6043      	str	r3, [r0, #4]
10005cd0:	4b0e      	ldr	r3, [pc, #56]	; (10005d0c <hw_endpoint_init+0x78>)
10005cd2:	60c3      	str	r3, [r0, #12]
10005cd4:	bdf8      	pop	{r3, r4, r5, r6, r7, pc}
10005cd6:	00da      	lsls	r2, r3, #3
10005cd8:	490d      	ldr	r1, [pc, #52]	; (10005d10 <hw_endpoint_init+0x7c>)
10005cda:	468c      	mov	ip, r1
10005cdc:	4462      	add	r2, ip
10005cde:	6082      	str	r2, [r0, #8]
10005ce0:	e7f0      	b.n	10005cc4 <hw_endpoint_init+0x30>
10005ce2:	2f01      	cmp	r7, #1
10005ce4:	d009      	beq.n	10005cfa <hw_endpoint_init+0x66>
10005ce6:	3b01      	subs	r3, #1
10005ce8:	00db      	lsls	r3, r3, #3
10005cea:	4a0a      	ldr	r2, [pc, #40]	; (10005d14 <hw_endpoint_init+0x80>)
10005cec:	4694      	mov	ip, r2
10005cee:	4463      	add	r3, ip
10005cf0:	6043      	str	r3, [r0, #4]
10005cf2:	0021      	movs	r1, r4
10005cf4:	f7ff ff96 	bl	10005c24 <_hw_endpoint_alloc>
10005cf8:	e7ec      	b.n	10005cd4 <hw_endpoint_init+0x40>
10005cfa:	3b01      	subs	r3, #1
10005cfc:	00db      	lsls	r3, r3, #3
10005cfe:	4a06      	ldr	r2, [pc, #24]	; (10005d18 <hw_endpoint_init+0x84>)
10005d00:	4694      	mov	ip, r2
10005d02:	4463      	add	r3, ip
10005d04:	6043      	str	r3, [r0, #4]
10005d06:	e7f4      	b.n	10005cf2 <hw_endpoint_init+0x5e>
10005d08:	50100084 	.word	0x50100084
10005d0c:	50100100 	.word	0x50100100
10005d10:	50100080 	.word	0x50100080
10005d14:	5010000c 	.word	0x5010000c
10005d18:	50100008 	.word	0x50100008

10005d1c <hw_endpoint_xfer>:
10005d1c:	b570      	push	{r4, r5, r6, lr}
10005d1e:	000c      	movs	r4, r1
10005d20:	0015      	movs	r5, r2
10005d22:	f7ff ff73 	bl	10005c0c <hw_endpoint_get_by_addr>
10005d26:	002a      	movs	r2, r5
10005d28:	0021      	movs	r1, r4
10005d2a:	f000 f90d 	bl	10005f48 <hw_endpoint_xfer_start>
10005d2e:	bd70      	pop	{r4, r5, r6, pc}

10005d30 <dcd_int_enable>:
10005d30:	b510      	push	{r4, lr}
10005d32:	2800      	cmp	r0, #0
10005d34:	d104      	bne.n	10005d40 <dcd_int_enable+0x10>
10005d36:	2101      	movs	r1, #1
10005d38:	2005      	movs	r0, #5
10005d3a:	f7fb f85d 	bl	10000df8 <irq_set_enabled>
10005d3e:	bd10      	pop	{r4, pc}
10005d40:	21d5      	movs	r1, #213	; 0xd5
10005d42:	4b03      	ldr	r3, [pc, #12]	; (10005d50 <dcd_int_enable+0x20>)
10005d44:	4a03      	ldr	r2, [pc, #12]	; (10005d54 <dcd_int_enable+0x24>)
10005d46:	0049      	lsls	r1, r1, #1
10005d48:	4803      	ldr	r0, [pc, #12]	; (10005d58 <dcd_int_enable+0x28>)
10005d4a:	f7fc fec9 	bl	10002ae0 <__assert_func>
10005d4e:	46c0      	nop			; (mov r8, r8)
10005d50:	1000c068 	.word	0x1000c068
10005d54:	1000c0a4 	.word	0x1000c0a4
10005d58:	1000bfb0 	.word	0x1000bfb0

10005d5c <dcd_set_address>:
10005d5c:	b510      	push	{r4, lr}
10005d5e:	2800      	cmp	r0, #0
10005d60:	d105      	bne.n	10005d6e <dcd_set_address+0x12>
10005d62:	2200      	movs	r2, #0
10005d64:	2100      	movs	r1, #0
10005d66:	2080      	movs	r0, #128	; 0x80
10005d68:	f7ff ffd8 	bl	10005d1c <hw_endpoint_xfer>
10005d6c:	bd10      	pop	{r4, pc}
10005d6e:	21db      	movs	r1, #219	; 0xdb
10005d70:	4b02      	ldr	r3, [pc, #8]	; (10005d7c <dcd_set_address+0x20>)
10005d72:	4a03      	ldr	r2, [pc, #12]	; (10005d80 <dcd_set_address+0x24>)
10005d74:	0049      	lsls	r1, r1, #1
10005d76:	4803      	ldr	r0, [pc, #12]	; (10005d84 <dcd_set_address+0x28>)
10005d78:	f7fc feb2 	bl	10002ae0 <__assert_func>
10005d7c:	1000c068 	.word	0x1000c068
10005d80:	1000c094 	.word	0x1000c094
10005d84:	1000bfb0 	.word	0x1000bfb0

10005d88 <dcd_connect>:
10005d88:	4b02      	ldr	r3, [pc, #8]	; (10005d94 <dcd_connect+0xc>)
10005d8a:	2280      	movs	r2, #128	; 0x80
10005d8c:	0252      	lsls	r2, r2, #9
10005d8e:	64da      	str	r2, [r3, #76]	; 0x4c
10005d90:	4770      	bx	lr
10005d92:	46c0      	nop			; (mov r8, r8)
10005d94:	50112000 	.word	0x50112000

10005d98 <dcd_init>:
10005d98:	b570      	push	{r4, r5, r6, lr}
10005d9a:	1e04      	subs	r4, r0, #0
10005d9c:	d126      	bne.n	10005dec <dcd_init+0x54>
10005d9e:	f000 f8ad 	bl	10005efc <rp2040_usb_init>
10005da2:	4d16      	ldr	r5, [pc, #88]	; (10005dfc <dcd_init+0x64>)
10005da4:	230c      	movs	r3, #12
10005da6:	67ab      	str	r3, [r5, #120]	; 0x78
10005da8:	22ff      	movs	r2, #255	; 0xff
10005daa:	4915      	ldr	r1, [pc, #84]	; (10005e00 <dcd_init+0x68>)
10005dac:	2005      	movs	r0, #5
10005dae:	f7fb f877 	bl	10000ea0 <irq_add_shared_handler>
10005db2:	2240      	movs	r2, #64	; 0x40
10005db4:	2100      	movs	r1, #0
10005db6:	4813      	ldr	r0, [pc, #76]	; (10005e04 <dcd_init+0x6c>)
10005db8:	f7ff fa5c 	bl	10005274 <__wrap_memset>
10005dbc:	2200      	movs	r2, #0
10005dbe:	2140      	movs	r1, #64	; 0x40
10005dc0:	2000      	movs	r0, #0
10005dc2:	f7ff ff67 	bl	10005c94 <hw_endpoint_init>
10005dc6:	2200      	movs	r2, #0
10005dc8:	2140      	movs	r1, #64	; 0x40
10005dca:	2080      	movs	r0, #128	; 0x80
10005dcc:	f7ff ff62 	bl	10005c94 <hw_endpoint_init>
10005dd0:	f004 fd96 	bl	1000a900 <__reset_non_control_endpoints_veneer>
10005dd4:	2301      	movs	r3, #1
10005dd6:	642b      	str	r3, [r5, #64]	; 0x40
10005dd8:	2380      	movs	r3, #128	; 0x80
10005dda:	059b      	lsls	r3, r3, #22
10005ddc:	64eb      	str	r3, [r5, #76]	; 0x4c
10005dde:	2390      	movs	r3, #144	; 0x90
10005de0:	4a09      	ldr	r2, [pc, #36]	; (10005e08 <dcd_init+0x70>)
10005de2:	50ea      	str	r2, [r5, r3]
10005de4:	0020      	movs	r0, r4
10005de6:	f7ff ffcf 	bl	10005d88 <dcd_connect>
10005dea:	bd70      	pop	{r4, r5, r6, pc}
10005dec:	2186      	movs	r1, #134	; 0x86
10005dee:	4b07      	ldr	r3, [pc, #28]	; (10005e0c <dcd_init+0x74>)
10005df0:	4a07      	ldr	r2, [pc, #28]	; (10005e10 <dcd_init+0x78>)
10005df2:	31ff      	adds	r1, #255	; 0xff
10005df4:	4807      	ldr	r0, [pc, #28]	; (10005e14 <dcd_init+0x7c>)
10005df6:	f7fc fe73 	bl	10002ae0 <__assert_func>
10005dfa:	46c0      	nop			; (mov r8, r8)
10005dfc:	50110000 	.word	0x50110000
10005e00:	200004a1 	.word	0x200004a1
10005e04:	20001ee0 	.word	0x20001ee0
10005e08:	0001d010 	.word	0x0001d010
10005e0c:	1000c068 	.word	0x1000c068
10005e10:	1000c0c8 	.word	0x1000c0c8
10005e14:	1000bfb0 	.word	0x1000bfb0

10005e18 <dcd_edpt0_status_complete>:
10005e18:	780b      	ldrb	r3, [r1, #0]
10005e1a:	065b      	lsls	r3, r3, #25
10005e1c:	d102      	bne.n	10005e24 <dcd_edpt0_status_complete+0xc>
10005e1e:	784b      	ldrb	r3, [r1, #1]
10005e20:	2b05      	cmp	r3, #5
10005e22:	d000      	beq.n	10005e26 <dcd_edpt0_status_complete+0xe>
10005e24:	4770      	bx	lr
10005e26:	788a      	ldrb	r2, [r1, #2]
10005e28:	4b01      	ldr	r3, [pc, #4]	; (10005e30 <dcd_edpt0_status_complete+0x18>)
10005e2a:	601a      	str	r2, [r3, #0]
10005e2c:	e7fa      	b.n	10005e24 <dcd_edpt0_status_complete+0xc>
10005e2e:	46c0      	nop			; (mov r8, r8)
10005e30:	50110000 	.word	0x50110000

10005e34 <dcd_edpt_open>:
10005e34:	b510      	push	{r4, lr}
10005e36:	000c      	movs	r4, r1
10005e38:	2800      	cmp	r0, #0
10005e3a:	d10d      	bne.n	10005e58 <dcd_edpt_open+0x24>
10005e3c:	7909      	ldrb	r1, [r1, #4]
10005e3e:	7963      	ldrb	r3, [r4, #5]
10005e40:	021b      	lsls	r3, r3, #8
10005e42:	430b      	orrs	r3, r1
10005e44:	055b      	lsls	r3, r3, #21
10005e46:	0d59      	lsrs	r1, r3, #21
10005e48:	78e2      	ldrb	r2, [r4, #3]
10005e4a:	0792      	lsls	r2, r2, #30
10005e4c:	0f92      	lsrs	r2, r2, #30
10005e4e:	78a0      	ldrb	r0, [r4, #2]
10005e50:	f7ff ff20 	bl	10005c94 <hw_endpoint_init>
10005e54:	2001      	movs	r0, #1
10005e56:	bd10      	pop	{r4, pc}
10005e58:	21fc      	movs	r1, #252	; 0xfc
10005e5a:	4b03      	ldr	r3, [pc, #12]	; (10005e68 <dcd_edpt_open+0x34>)
10005e5c:	4a03      	ldr	r2, [pc, #12]	; (10005e6c <dcd_edpt_open+0x38>)
10005e5e:	31ff      	adds	r1, #255	; 0xff
10005e60:	4803      	ldr	r0, [pc, #12]	; (10005e70 <dcd_edpt_open+0x3c>)
10005e62:	f7fc fe3d 	bl	10002ae0 <__assert_func>
10005e66:	46c0      	nop			; (mov r8, r8)
10005e68:	1000c068 	.word	0x1000c068
10005e6c:	1000c084 	.word	0x1000c084
10005e70:	1000bfb0 	.word	0x1000bfb0

10005e74 <dcd_edpt_close_all>:
10005e74:	b510      	push	{r4, lr}
10005e76:	f004 fd43 	bl	1000a900 <__reset_non_control_endpoints_veneer>
10005e7a:	bd10      	pop	{r4, pc}

10005e7c <dcd_edpt_xfer>:
10005e7c:	b510      	push	{r4, lr}
10005e7e:	0004      	movs	r4, r0
10005e80:	0008      	movs	r0, r1
10005e82:	0011      	movs	r1, r2
10005e84:	001a      	movs	r2, r3
10005e86:	2c00      	cmp	r4, #0
10005e88:	d103      	bne.n	10005e92 <dcd_edpt_xfer+0x16>
10005e8a:	f7ff ff47 	bl	10005d1c <hw_endpoint_xfer>
10005e8e:	2001      	movs	r0, #1
10005e90:	bd10      	pop	{r4, pc}
10005e92:	4b03      	ldr	r3, [pc, #12]	; (10005ea0 <dcd_edpt_xfer+0x24>)
10005e94:	4a03      	ldr	r2, [pc, #12]	; (10005ea4 <dcd_edpt_xfer+0x28>)
10005e96:	4904      	ldr	r1, [pc, #16]	; (10005ea8 <dcd_edpt_xfer+0x2c>)
10005e98:	4804      	ldr	r0, [pc, #16]	; (10005eac <dcd_edpt_xfer+0x30>)
10005e9a:	f7fc fe21 	bl	10002ae0 <__assert_func>
10005e9e:	46c0      	nop			; (mov r8, r8)
10005ea0:	1000c068 	.word	0x1000c068
10005ea4:	1000c074 	.word	0x1000c074
10005ea8:	0000020a 	.word	0x0000020a
10005eac:	1000bfb0 	.word	0x1000bfb0

10005eb0 <dcd_edpt_stall>:
10005eb0:	b510      	push	{r4, lr}
10005eb2:	0008      	movs	r0, r1
10005eb4:	064b      	lsls	r3, r1, #25
10005eb6:	d105      	bne.n	10005ec4 <dcd_edpt_stall+0x14>
10005eb8:	09cb      	lsrs	r3, r1, #7
10005eba:	2b01      	cmp	r3, #1
10005ebc:	d00a      	beq.n	10005ed4 <dcd_edpt_stall+0x24>
10005ebe:	2202      	movs	r2, #2
10005ec0:	4b05      	ldr	r3, [pc, #20]	; (10005ed8 <dcd_edpt_stall+0x28>)
10005ec2:	669a      	str	r2, [r3, #104]	; 0x68
10005ec4:	f7ff fea2 	bl	10005c0c <hw_endpoint_get_by_addr>
10005ec8:	2280      	movs	r2, #128	; 0x80
10005eca:	0112      	lsls	r2, r2, #4
10005ecc:	2100      	movs	r1, #0
10005ece:	f004 fd6f 	bl	1000a9b0 <___hw_endpoint_buffer_control_update32_veneer>
10005ed2:	bd10      	pop	{r4, pc}
10005ed4:	2201      	movs	r2, #1
10005ed6:	e7f3      	b.n	10005ec0 <dcd_edpt_stall+0x10>
10005ed8:	50112000 	.word	0x50112000

10005edc <dcd_edpt_clear_stall>:
10005edc:	b510      	push	{r4, lr}
10005ede:	0008      	movs	r0, r1
10005ee0:	064b      	lsls	r3, r1, #25
10005ee2:	d100      	bne.n	10005ee6 <dcd_edpt_clear_stall+0xa>
10005ee4:	bd10      	pop	{r4, pc}
10005ee6:	f7ff fe91 	bl	10005c0c <hw_endpoint_get_by_addr>
10005eea:	2300      	movs	r3, #0
10005eec:	70c3      	strb	r3, [r0, #3]
10005eee:	2200      	movs	r2, #0
10005ef0:	4901      	ldr	r1, [pc, #4]	; (10005ef8 <dcd_edpt_clear_stall+0x1c>)
10005ef2:	f004 fd5d 	bl	1000a9b0 <___hw_endpoint_buffer_control_update32_veneer>
10005ef6:	e7f5      	b.n	10005ee4 <dcd_edpt_clear_stall+0x8>
10005ef8:	fffff7ff 	.word	0xfffff7ff

10005efc <rp2040_usb_init>:
10005efc:	b510      	push	{r4, lr}
10005efe:	2380      	movs	r3, #128	; 0x80
10005f00:	045b      	lsls	r3, r3, #17
10005f02:	4a0c      	ldr	r2, [pc, #48]	; (10005f34 <rp2040_usb_init+0x38>)
10005f04:	6013      	str	r3, [r2, #0]
10005f06:	4a0c      	ldr	r2, [pc, #48]	; (10005f38 <rp2040_usb_init+0x3c>)
10005f08:	6013      	str	r3, [r2, #0]
10005f0a:	4b0c      	ldr	r3, [pc, #48]	; (10005f3c <rp2040_usb_init+0x40>)
10005f0c:	689a      	ldr	r2, [r3, #8]
10005f0e:	2380      	movs	r3, #128	; 0x80
10005f10:	045b      	lsls	r3, r3, #17
10005f12:	4393      	bics	r3, r2
10005f14:	d1f9      	bne.n	10005f0a <rp2040_usb_init+0xe>
10005f16:	4c0a      	ldr	r4, [pc, #40]	; (10005f40 <rp2040_usb_init+0x44>)
10005f18:	229c      	movs	r2, #156	; 0x9c
10005f1a:	2100      	movs	r1, #0
10005f1c:	0020      	movs	r0, r4
10005f1e:	f7ff f9a9 	bl	10005274 <__wrap_memset>
10005f22:	2280      	movs	r2, #128	; 0x80
10005f24:	0152      	lsls	r2, r2, #5
10005f26:	2100      	movs	r1, #0
10005f28:	4806      	ldr	r0, [pc, #24]	; (10005f44 <rp2040_usb_init+0x48>)
10005f2a:	f7ff f9a3 	bl	10005274 <__wrap_memset>
10005f2e:	2309      	movs	r3, #9
10005f30:	6763      	str	r3, [r4, #116]	; 0x74
10005f32:	bd10      	pop	{r4, pc}
10005f34:	4000e000 	.word	0x4000e000
10005f38:	4000f000 	.word	0x4000f000
10005f3c:	4000c000 	.word	0x4000c000
10005f40:	50110000 	.word	0x50110000
10005f44:	50100000 	.word	0x50100000

10005f48 <hw_endpoint_xfer_start>:
10005f48:	b570      	push	{r4, r5, r6, lr}
10005f4a:	0004      	movs	r4, r0
10005f4c:	000d      	movs	r5, r1
10005f4e:	0016      	movs	r6, r2
10005f50:	7e83      	ldrb	r3, [r0, #26]
10005f52:	2b00      	cmp	r3, #0
10005f54:	d117      	bne.n	10005f86 <hw_endpoint_xfer_start+0x3e>
10005f56:	82a6      	strh	r6, [r4, #20]
10005f58:	2300      	movs	r3, #0
10005f5a:	82e3      	strh	r3, [r4, #22]
10005f5c:	3301      	adds	r3, #1
10005f5e:	76a3      	strb	r3, [r4, #26]
10005f60:	6125      	str	r5, [r4, #16]
10005f62:	0020      	movs	r0, r4
10005f64:	f004 fcfc 	bl	1000a960 <__e15_is_bulkin_ep_veneer>
10005f68:	2800      	cmp	r0, #0
10005f6a:	d004      	beq.n	10005f76 <hw_endpoint_xfer_start+0x2e>
10005f6c:	4a09      	ldr	r2, [pc, #36]	; (10005f94 <hw_endpoint_xfer_start+0x4c>)
10005f6e:	2390      	movs	r3, #144	; 0x90
10005f70:	2180      	movs	r1, #128	; 0x80
10005f72:	0289      	lsls	r1, r1, #10
10005f74:	50d1      	str	r1, [r2, r3]
10005f76:	0020      	movs	r0, r4
10005f78:	f004 fcca 	bl	1000a910 <__e15_is_critical_frame_period_veneer>
10005f7c:	2800      	cmp	r0, #0
10005f7e:	d005      	beq.n	10005f8c <hw_endpoint_xfer_start+0x44>
10005f80:	2301      	movs	r3, #1
10005f82:	7723      	strb	r3, [r4, #28]
10005f84:	bd70      	pop	{r4, r5, r6, pc}
10005f86:	f004 fd0b 	bl	1000a9a0 <__hw_endpoint_reset_transfer_veneer>
10005f8a:	e7e4      	b.n	10005f56 <hw_endpoint_xfer_start+0xe>
10005f8c:	0020      	movs	r0, r4
10005f8e:	f004 fcff 	bl	1000a990 <__hw_endpoint_start_next_buffer_veneer>
10005f92:	e7f7      	b.n	10005f84 <hw_endpoint_xfer_start+0x3c>
10005f94:	50112000 	.word	0x50112000

10005f98 <configuration_reset>:
10005f98:	b570      	push	{r4, r5, r6, lr}
10005f9a:	0005      	movs	r5, r0
10005f9c:	2400      	movs	r4, #0
10005f9e:	e00c      	b.n	10005fba <configuration_reset+0x22>
10005fa0:	0063      	lsls	r3, r4, #1
10005fa2:	191b      	adds	r3, r3, r4
10005fa4:	00da      	lsls	r2, r3, #3
10005fa6:	4b18      	ldr	r3, [pc, #96]	; (10006008 <configuration_reset+0x70>)
10005fa8:	681b      	ldr	r3, [r3, #0]
10005faa:	189b      	adds	r3, r3, r2
10005fac:	2b00      	cmp	r3, #0
10005fae:	d02a      	beq.n	10006006 <configuration_reset+0x6e>
10005fb0:	685b      	ldr	r3, [r3, #4]
10005fb2:	0028      	movs	r0, r5
10005fb4:	4798      	blx	r3
10005fb6:	3401      	adds	r4, #1
10005fb8:	b2e4      	uxtb	r4, r4
10005fba:	4b14      	ldr	r3, [pc, #80]	; (1000600c <configuration_reset+0x74>)
10005fbc:	781b      	ldrb	r3, [r3, #0]
10005fbe:	42a3      	cmp	r3, r4
10005fc0:	d310      	bcc.n	10005fe4 <configuration_reset+0x4c>
10005fc2:	4a13      	ldr	r2, [pc, #76]	; (10006010 <configuration_reset+0x78>)
10005fc4:	2a00      	cmp	r2, #0
10005fc6:	d00b      	beq.n	10005fe0 <configuration_reset+0x48>
10005fc8:	42a3      	cmp	r3, r4
10005fca:	d8e9      	bhi.n	10005fa0 <configuration_reset+0x8>
10005fcc:	1ae3      	subs	r3, r4, r3
10005fce:	b2db      	uxtb	r3, r3
10005fd0:	2b00      	cmp	r3, #0
10005fd2:	d118      	bne.n	10006006 <configuration_reset+0x6e>
10005fd4:	005a      	lsls	r2, r3, #1
10005fd6:	18d2      	adds	r2, r2, r3
10005fd8:	00d2      	lsls	r2, r2, #3
10005fda:	4b0e      	ldr	r3, [pc, #56]	; (10006014 <configuration_reset+0x7c>)
10005fdc:	189b      	adds	r3, r3, r2
10005fde:	e7e5      	b.n	10005fac <configuration_reset+0x14>
10005fe0:	0023      	movs	r3, r4
10005fe2:	e7f5      	b.n	10005fd0 <configuration_reset+0x38>
10005fe4:	4c0c      	ldr	r4, [pc, #48]	; (10006018 <configuration_reset+0x80>)
10005fe6:	2253      	movs	r2, #83	; 0x53
10005fe8:	2100      	movs	r1, #0
10005fea:	0020      	movs	r0, r4
10005fec:	f7ff f942 	bl	10005274 <__wrap_memset>
10005ff0:	1ce0      	adds	r0, r4, #3
10005ff2:	2210      	movs	r2, #16
10005ff4:	21ff      	movs	r1, #255	; 0xff
10005ff6:	f7ff f93d 	bl	10005274 <__wrap_memset>
10005ffa:	0020      	movs	r0, r4
10005ffc:	3013      	adds	r0, #19
10005ffe:	2220      	movs	r2, #32
10006000:	21ff      	movs	r1, #255	; 0xff
10006002:	f7ff f937 	bl	10005274 <__wrap_memset>
10006006:	bd70      	pop	{r4, r5, r6, pc}
10006008:	200018d4 	.word	0x200018d4
1000600c:	20002541 	.word	0x20002541
10006010:	10005629 	.word	0x10005629
10006014:	1000c274 	.word	0x1000c274
10006018:	20001bfc 	.word	0x20001bfc

1000601c <usbd_reset>:
1000601c:	b510      	push	{r4, lr}
1000601e:	f7ff ffbb 	bl	10005f98 <configuration_reset>
10006022:	f000 fdf1 	bl	10006c08 <usbd_control_reset>
10006026:	bd10      	pop	{r4, pc}

10006028 <invoke_class_control>:
10006028:	b570      	push	{r4, r5, r6, lr}
1000602a:	0005      	movs	r5, r0
1000602c:	000c      	movs	r4, r1
1000602e:	0016      	movs	r6, r2
10006030:	68c8      	ldr	r0, [r1, #12]
10006032:	f000 fdf3 	bl	10006c1c <usbd_control_set_complete_callback>
10006036:	68e3      	ldr	r3, [r4, #12]
10006038:	0032      	movs	r2, r6
1000603a:	2101      	movs	r1, #1
1000603c:	0028      	movs	r0, r5
1000603e:	4798      	blx	r3
10006040:	bd70      	pop	{r4, r5, r6, pc}
	...

10006044 <process_set_config>:
10006044:	b5f0      	push	{r4, r5, r6, r7, lr}
10006046:	46de      	mov	lr, fp
10006048:	4657      	mov	r7, sl
1000604a:	464e      	mov	r6, r9
1000604c:	b5c0      	push	{r6, r7, lr}
1000604e:	b082      	sub	sp, #8
10006050:	9000      	str	r0, [sp, #0]
10006052:	3901      	subs	r1, #1
10006054:	b2c8      	uxtb	r0, r1
10006056:	f7ff fd43 	bl	10005ae0 <tud_descriptor_configuration_cb>
1000605a:	2800      	cmp	r0, #0
1000605c:	d100      	bne.n	10006060 <process_set_config+0x1c>
1000605e:	e08c      	b.n	1000617a <process_set_config+0x136>
10006060:	7843      	ldrb	r3, [r0, #1]
10006062:	469a      	mov	sl, r3
10006064:	2b02      	cmp	r3, #2
10006066:	d000      	beq.n	1000606a <process_set_config+0x26>
10006068:	e089      	b.n	1000617e <process_set_config+0x13a>
1000606a:	79c5      	ldrb	r5, [r0, #7]
1000606c:	116a      	asrs	r2, r5, #5
1000606e:	3b01      	subs	r3, #1
10006070:	494b      	ldr	r1, [pc, #300]	; (100061a0 <process_set_config+0x15c>)
10006072:	401a      	ands	r2, r3
10006074:	0114      	lsls	r4, r2, #4
10006076:	780a      	ldrb	r2, [r1, #0]
10006078:	2710      	movs	r7, #16
1000607a:	43ba      	bics	r2, r7
1000607c:	4322      	orrs	r2, r4
1000607e:	700a      	strb	r2, [r1, #0]
10006080:	11ad      	asrs	r5, r5, #6
10006082:	402b      	ands	r3, r5
10006084:	015b      	lsls	r3, r3, #5
10006086:	b2d2      	uxtb	r2, r2
10006088:	2420      	movs	r4, #32
1000608a:	43a2      	bics	r2, r4
1000608c:	4313      	orrs	r3, r2
1000608e:	700b      	strb	r3, [r1, #0]
10006090:	0006      	movs	r6, r0
10006092:	3609      	adds	r6, #9
10006094:	7882      	ldrb	r2, [r0, #2]
10006096:	78c4      	ldrb	r4, [r0, #3]
10006098:	0224      	lsls	r4, r4, #8
1000609a:	4314      	orrs	r4, r2
1000609c:	1904      	adds	r4, r0, r4
1000609e:	42a6      	cmp	r6, r4
100060a0:	d264      	bcs.n	1000616c <process_set_config+0x128>
100060a2:	7873      	ldrb	r3, [r6, #1]
100060a4:	2b0b      	cmp	r3, #11
100060a6:	d009      	beq.n	100060bc <process_set_config+0x78>
100060a8:	2301      	movs	r3, #1
100060aa:	469b      	mov	fp, r3
100060ac:	7873      	ldrb	r3, [r6, #1]
100060ae:	2b04      	cmp	r3, #4
100060b0:	d16c      	bne.n	1000618c <process_set_config+0x148>
100060b2:	1ba3      	subs	r3, r4, r6
100060b4:	b29b      	uxth	r3, r3
100060b6:	4699      	mov	r9, r3
100060b8:	2500      	movs	r5, #0
100060ba:	e025      	b.n	10006108 <process_set_config+0xc4>
100060bc:	78f3      	ldrb	r3, [r6, #3]
100060be:	469b      	mov	fp, r3
100060c0:	7833      	ldrb	r3, [r6, #0]
100060c2:	18f6      	adds	r6, r6, r3
100060c4:	e7f2      	b.n	100060ac <process_set_config+0x68>
100060c6:	006f      	lsls	r7, r5, #1
100060c8:	197f      	adds	r7, r7, r5
100060ca:	00fb      	lsls	r3, r7, #3
100060cc:	4a35      	ldr	r2, [pc, #212]	; (100061a4 <process_set_config+0x160>)
100060ce:	6817      	ldr	r7, [r2, #0]
100060d0:	18ff      	adds	r7, r7, r3
100060d2:	e02b      	b.n	1000612c <process_set_config+0xe8>
100060d4:	002b      	movs	r3, r5
100060d6:	e022      	b.n	1000611e <process_set_config+0xda>
100060d8:	68ba      	ldr	r2, [r7, #8]
100060da:	4b33      	ldr	r3, [pc, #204]	; (100061a8 <process_set_config+0x164>)
100060dc:	429a      	cmp	r2, r3
100060de:	d134      	bne.n	1000614a <process_set_config+0x106>
100060e0:	46d3      	mov	fp, sl
100060e2:	e032      	b.n	1000614a <process_set_config+0x106>
100060e4:	482e      	ldr	r0, [pc, #184]	; (100061a0 <process_set_config+0x15c>)
100060e6:	002b      	movs	r3, r5
100060e8:	9f01      	ldr	r7, [sp, #4]
100060ea:	003a      	movs	r2, r7
100060ec:	0031      	movs	r1, r6
100060ee:	3013      	adds	r0, #19
100060f0:	f001 f9a2 	bl	10007438 <tu_edpt_bind_driver>
100060f4:	46bc      	mov	ip, r7
100060f6:	4466      	add	r6, ip
100060f8:	4b2c      	ldr	r3, [pc, #176]	; (100061ac <process_set_config+0x168>)
100060fa:	781b      	ldrb	r3, [r3, #0]
100060fc:	42ab      	cmp	r3, r5
100060fe:	d2ce      	bcs.n	1000609e <process_set_config+0x5a>
10006100:	2000      	movs	r0, #0
10006102:	e03d      	b.n	10006180 <process_set_config+0x13c>
10006104:	3501      	adds	r5, #1
10006106:	b2ed      	uxtb	r5, r5
10006108:	4b28      	ldr	r3, [pc, #160]	; (100061ac <process_set_config+0x168>)
1000610a:	781b      	ldrb	r3, [r3, #0]
1000610c:	42ab      	cmp	r3, r5
1000610e:	d3f3      	bcc.n	100060f8 <process_set_config+0xb4>
10006110:	4a27      	ldr	r2, [pc, #156]	; (100061b0 <process_set_config+0x16c>)
10006112:	2a00      	cmp	r2, #0
10006114:	d0de      	beq.n	100060d4 <process_set_config+0x90>
10006116:	42ab      	cmp	r3, r5
10006118:	d8d5      	bhi.n	100060c6 <process_set_config+0x82>
1000611a:	1aeb      	subs	r3, r5, r3
1000611c:	b2db      	uxtb	r3, r3
1000611e:	2b00      	cmp	r3, #0
10006120:	d136      	bne.n	10006190 <process_set_config+0x14c>
10006122:	005f      	lsls	r7, r3, #1
10006124:	18fb      	adds	r3, r7, r3
10006126:	00db      	lsls	r3, r3, #3
10006128:	4f22      	ldr	r7, [pc, #136]	; (100061b4 <process_set_config+0x170>)
1000612a:	18ff      	adds	r7, r7, r3
1000612c:	2f00      	cmp	r7, #0
1000612e:	d031      	beq.n	10006194 <process_set_config+0x150>
10006130:	464a      	mov	r2, r9
10006132:	0031      	movs	r1, r6
10006134:	9800      	ldr	r0, [sp, #0]
10006136:	68bb      	ldr	r3, [r7, #8]
10006138:	4798      	blx	r3
1000613a:	9001      	str	r0, [sp, #4]
1000613c:	2808      	cmp	r0, #8
1000613e:	d9e1      	bls.n	10006104 <process_set_config+0xc0>
10006140:	4581      	cmp	r9, r0
10006142:	d3df      	bcc.n	10006104 <process_set_config+0xc0>
10006144:	465b      	mov	r3, fp
10006146:	2b01      	cmp	r3, #1
10006148:	d0c6      	beq.n	100060d8 <process_set_config+0x94>
1000614a:	2200      	movs	r2, #0
1000614c:	4593      	cmp	fp, r2
1000614e:	d9c9      	bls.n	100060e4 <process_set_config+0xa0>
10006150:	78b3      	ldrb	r3, [r6, #2]
10006152:	189b      	adds	r3, r3, r2
10006154:	b2db      	uxtb	r3, r3
10006156:	4912      	ldr	r1, [pc, #72]	; (100061a0 <process_set_config+0x15c>)
10006158:	18c9      	adds	r1, r1, r3
1000615a:	78c9      	ldrb	r1, [r1, #3]
1000615c:	29ff      	cmp	r1, #255	; 0xff
1000615e:	d11b      	bne.n	10006198 <process_set_config+0x154>
10006160:	490f      	ldr	r1, [pc, #60]	; (100061a0 <process_set_config+0x15c>)
10006162:	18cb      	adds	r3, r1, r3
10006164:	70dd      	strb	r5, [r3, #3]
10006166:	3201      	adds	r2, #1
10006168:	b2d2      	uxtb	r2, r2
1000616a:	e7ef      	b.n	1000614c <process_set_config+0x108>
1000616c:	4b12      	ldr	r3, [pc, #72]	; (100061b8 <process_set_config+0x174>)
1000616e:	2b00      	cmp	r3, #0
10006170:	d014      	beq.n	1000619c <process_set_config+0x158>
10006172:	e000      	b.n	10006176 <process_set_config+0x132>
10006174:	bf00      	nop
10006176:	2001      	movs	r0, #1
10006178:	e002      	b.n	10006180 <process_set_config+0x13c>
1000617a:	2000      	movs	r0, #0
1000617c:	e000      	b.n	10006180 <process_set_config+0x13c>
1000617e:	2000      	movs	r0, #0
10006180:	b002      	add	sp, #8
10006182:	bce0      	pop	{r5, r6, r7}
10006184:	46bb      	mov	fp, r7
10006186:	46b2      	mov	sl, r6
10006188:	46a9      	mov	r9, r5
1000618a:	bdf0      	pop	{r4, r5, r6, r7, pc}
1000618c:	2000      	movs	r0, #0
1000618e:	e7f7      	b.n	10006180 <process_set_config+0x13c>
10006190:	2000      	movs	r0, #0
10006192:	e7f5      	b.n	10006180 <process_set_config+0x13c>
10006194:	2000      	movs	r0, #0
10006196:	e7f3      	b.n	10006180 <process_set_config+0x13c>
10006198:	2000      	movs	r0, #0
1000619a:	e7f1      	b.n	10006180 <process_set_config+0x13c>
1000619c:	2001      	movs	r0, #1
1000619e:	e7ef      	b.n	10006180 <process_set_config+0x13c>
100061a0:	20001bfc 	.word	0x20001bfc
100061a4:	200018d4 	.word	0x200018d4
100061a8:	10006fed 	.word	0x10006fed
100061ac:	20002541 	.word	0x20002541
100061b0:	10005629 	.word	0x10005629
100061b4:	1000c274 	.word	0x1000c274
100061b8:	00000000 	.word	0x00000000

100061bc <process_get_descriptor>:
100061bc:	b570      	push	{r4, r5, r6, lr}
100061be:	0005      	movs	r5, r0
100061c0:	000c      	movs	r4, r1
100061c2:	78cb      	ldrb	r3, [r1, #3]
100061c4:	7888      	ldrb	r0, [r1, #2]
100061c6:	2b0f      	cmp	r3, #15
100061c8:	d850      	bhi.n	1000626c <process_get_descriptor+0xb0>
100061ca:	009a      	lsls	r2, r3, #2
100061cc:	492e      	ldr	r1, [pc, #184]	; (10006288 <process_get_descriptor+0xcc>)
100061ce:	588a      	ldr	r2, [r1, r2]
100061d0:	4697      	mov	pc, r2
100061d2:	f7ff fc81 	bl	10005ad8 <tud_descriptor_device_cb>
100061d6:	0002      	movs	r2, r0
100061d8:	2312      	movs	r3, #18
100061da:	0021      	movs	r1, r4
100061dc:	0028      	movs	r0, r5
100061de:	f000 fcd9 	bl	10006b94 <tud_control_xfer>
100061e2:	e044      	b.n	1000626e <process_get_descriptor+0xb2>
100061e4:	4b29      	ldr	r3, [pc, #164]	; (1000628c <process_get_descriptor+0xd0>)
100061e6:	2b00      	cmp	r3, #0
100061e8:	d042      	beq.n	10006270 <process_get_descriptor+0xb4>
100061ea:	e000      	b.n	100061ee <process_get_descriptor+0x32>
100061ec:	bf00      	nop
100061ee:	1e02      	subs	r2, r0, #0
100061f0:	d040      	beq.n	10006274 <process_get_descriptor+0xb8>
100061f2:	7881      	ldrb	r1, [r0, #2]
100061f4:	78c3      	ldrb	r3, [r0, #3]
100061f6:	021b      	lsls	r3, r3, #8
100061f8:	430b      	orrs	r3, r1
100061fa:	0021      	movs	r1, r4
100061fc:	0028      	movs	r0, r5
100061fe:	f000 fcc9 	bl	10006b94 <tud_control_xfer>
10006202:	e034      	b.n	1000626e <process_get_descriptor+0xb2>
10006204:	2b02      	cmp	r3, #2
10006206:	d009      	beq.n	1000621c <process_get_descriptor+0x60>
10006208:	4b21      	ldr	r3, [pc, #132]	; (10006290 <process_get_descriptor+0xd4>)
1000620a:	2b00      	cmp	r3, #0
1000620c:	d034      	beq.n	10006278 <process_get_descriptor+0xbc>
1000620e:	e000      	b.n	10006212 <process_get_descriptor+0x56>
10006210:	bf00      	nop
10006212:	0002      	movs	r2, r0
10006214:	2a00      	cmp	r2, #0
10006216:	d105      	bne.n	10006224 <process_get_descriptor+0x68>
10006218:	2000      	movs	r0, #0
1000621a:	e028      	b.n	1000626e <process_get_descriptor+0xb2>
1000621c:	f7ff fc60 	bl	10005ae0 <tud_descriptor_configuration_cb>
10006220:	0002      	movs	r2, r0
10006222:	e7f7      	b.n	10006214 <process_get_descriptor+0x58>
10006224:	7891      	ldrb	r1, [r2, #2]
10006226:	78d3      	ldrb	r3, [r2, #3]
10006228:	021b      	lsls	r3, r3, #8
1000622a:	430b      	orrs	r3, r1
1000622c:	0021      	movs	r1, r4
1000622e:	0028      	movs	r0, r5
10006230:	f000 fcb0 	bl	10006b94 <tud_control_xfer>
10006234:	e01b      	b.n	1000626e <process_get_descriptor+0xb2>
10006236:	7923      	ldrb	r3, [r4, #4]
10006238:	7961      	ldrb	r1, [r4, #5]
1000623a:	0209      	lsls	r1, r1, #8
1000623c:	4319      	orrs	r1, r3
1000623e:	f7ff fc53 	bl	10005ae8 <tud_descriptor_string_cb>
10006242:	1e02      	subs	r2, r0, #0
10006244:	d01a      	beq.n	1000627c <process_get_descriptor+0xc0>
10006246:	7803      	ldrb	r3, [r0, #0]
10006248:	0021      	movs	r1, r4
1000624a:	0028      	movs	r0, r5
1000624c:	f000 fca2 	bl	10006b94 <tud_control_xfer>
10006250:	e00d      	b.n	1000626e <process_get_descriptor+0xb2>
10006252:	4b10      	ldr	r3, [pc, #64]	; (10006294 <process_get_descriptor+0xd8>)
10006254:	2b00      	cmp	r3, #0
10006256:	d013      	beq.n	10006280 <process_get_descriptor+0xc4>
10006258:	e000      	b.n	1000625c <process_get_descriptor+0xa0>
1000625a:	bf00      	nop
1000625c:	1e02      	subs	r2, r0, #0
1000625e:	d011      	beq.n	10006284 <process_get_descriptor+0xc8>
10006260:	7803      	ldrb	r3, [r0, #0]
10006262:	0021      	movs	r1, r4
10006264:	0028      	movs	r0, r5
10006266:	f000 fc95 	bl	10006b94 <tud_control_xfer>
1000626a:	e000      	b.n	1000626e <process_get_descriptor+0xb2>
1000626c:	2000      	movs	r0, #0
1000626e:	bd70      	pop	{r4, r5, r6, pc}
10006270:	2000      	movs	r0, #0
10006272:	e7fc      	b.n	1000626e <process_get_descriptor+0xb2>
10006274:	2000      	movs	r0, #0
10006276:	e7fa      	b.n	1000626e <process_get_descriptor+0xb2>
10006278:	2000      	movs	r0, #0
1000627a:	e7f8      	b.n	1000626e <process_get_descriptor+0xb2>
1000627c:	2000      	movs	r0, #0
1000627e:	e7f6      	b.n	1000626e <process_get_descriptor+0xb2>
10006280:	2000      	movs	r0, #0
10006282:	e7f4      	b.n	1000626e <process_get_descriptor+0xb2>
10006284:	2000      	movs	r0, #0
10006286:	e7f2      	b.n	1000626e <process_get_descriptor+0xb2>
10006288:	1000c1e8 	.word	0x1000c1e8
	...

10006298 <tud_mounted>:
10006298:	4b02      	ldr	r3, [pc, #8]	; (100062a4 <tud_mounted+0xc>)
1000629a:	7858      	ldrb	r0, [r3, #1]
1000629c:	1e43      	subs	r3, r0, #1
1000629e:	4198      	sbcs	r0, r3
100062a0:	b2c0      	uxtb	r0, r0
100062a2:	4770      	bx	lr
100062a4:	20001bfc 	.word	0x20001bfc

100062a8 <tud_suspended>:
100062a8:	4b02      	ldr	r3, [pc, #8]	; (100062b4 <tud_suspended+0xc>)
100062aa:	7818      	ldrb	r0, [r3, #0]
100062ac:	0740      	lsls	r0, r0, #29
100062ae:	0fc0      	lsrs	r0, r0, #31
100062b0:	4770      	bx	lr
100062b2:	46c0      	nop			; (mov r8, r8)
100062b4:	20001bfc 	.word	0x20001bfc

100062b8 <tud_inited>:
100062b8:	4b03      	ldr	r3, [pc, #12]	; (100062c8 <tud_inited+0x10>)
100062ba:	7818      	ldrb	r0, [r3, #0]
100062bc:	38ff      	subs	r0, #255	; 0xff
100062be:	1e43      	subs	r3, r0, #1
100062c0:	4198      	sbcs	r0, r3
100062c2:	b2c0      	uxtb	r0, r0
100062c4:	4770      	bx	lr
100062c6:	46c0      	nop			; (mov r8, r8)
100062c8:	20000d9c 	.word	0x20000d9c

100062cc <tud_init>:
100062cc:	b570      	push	{r4, r5, r6, lr}
100062ce:	0004      	movs	r4, r0
100062d0:	f7ff fff2 	bl	100062b8 <tud_inited>
100062d4:	1e06      	subs	r6, r0, #0
100062d6:	d001      	beq.n	100062dc <tud_init+0x10>
100062d8:	0030      	movs	r0, r6
100062da:	bd70      	pop	{r4, r5, r6, pc}
100062dc:	2253      	movs	r2, #83	; 0x53
100062de:	2100      	movs	r1, #0
100062e0:	4823      	ldr	r0, [pc, #140]	; (10006370 <tud_init+0xa4>)
100062e2:	f7fe ffc7 	bl	10005274 <__wrap_memset>
100062e6:	4d23      	ldr	r5, [pc, #140]	; (10006374 <tud_init+0xa8>)
100062e8:	0028      	movs	r0, r5
100062ea:	f7fb f86b 	bl	100013c4 <mutex_init>
100062ee:	4b22      	ldr	r3, [pc, #136]	; (10006378 <tud_init+0xac>)
100062f0:	601d      	str	r5, [r3, #0]
100062f2:	4d22      	ldr	r5, [pc, #136]	; (1000637c <tud_init+0xb0>)
100062f4:	0028      	movs	r0, r5
100062f6:	3014      	adds	r0, #20
100062f8:	f7fb f88a 	bl	10001410 <critical_section_init>
100062fc:	0028      	movs	r0, r5
100062fe:	f001 fbf0 	bl	10007ae2 <tu_fifo_clear>
10006302:	4b1f      	ldr	r3, [pc, #124]	; (10006380 <tud_init+0xb4>)
10006304:	601d      	str	r5, [r3, #0]
10006306:	4b1f      	ldr	r3, [pc, #124]	; (10006384 <tud_init+0xb8>)
10006308:	2b00      	cmp	r3, #0
1000630a:	d004      	beq.n	10006316 <tud_init+0x4a>
1000630c:	481e      	ldr	r0, [pc, #120]	; (10006388 <tud_init+0xbc>)
1000630e:	f7ff f98b 	bl	10005628 <usbd_app_driver_get_cb>
10006312:	4b1e      	ldr	r3, [pc, #120]	; (1000638c <tud_init+0xc0>)
10006314:	6018      	str	r0, [r3, #0]
10006316:	2500      	movs	r5, #0
10006318:	e00b      	b.n	10006332 <tud_init+0x66>
1000631a:	006b      	lsls	r3, r5, #1
1000631c:	195b      	adds	r3, r3, r5
1000631e:	00da      	lsls	r2, r3, #3
10006320:	4b1a      	ldr	r3, [pc, #104]	; (1000638c <tud_init+0xc0>)
10006322:	681b      	ldr	r3, [r3, #0]
10006324:	189b      	adds	r3, r3, r2
10006326:	2b00      	cmp	r3, #0
10006328:	d0d6      	beq.n	100062d8 <tud_init+0xc>
1000632a:	681b      	ldr	r3, [r3, #0]
1000632c:	4798      	blx	r3
1000632e:	3501      	adds	r5, #1
10006330:	b2ed      	uxtb	r5, r5
10006332:	4b15      	ldr	r3, [pc, #84]	; (10006388 <tud_init+0xbc>)
10006334:	781b      	ldrb	r3, [r3, #0]
10006336:	42ab      	cmp	r3, r5
10006338:	d310      	bcc.n	1000635c <tud_init+0x90>
1000633a:	4a12      	ldr	r2, [pc, #72]	; (10006384 <tud_init+0xb8>)
1000633c:	2a00      	cmp	r2, #0
1000633e:	d00b      	beq.n	10006358 <tud_init+0x8c>
10006340:	42ab      	cmp	r3, r5
10006342:	d8ea      	bhi.n	1000631a <tud_init+0x4e>
10006344:	1aeb      	subs	r3, r5, r3
10006346:	b2db      	uxtb	r3, r3
10006348:	2b00      	cmp	r3, #0
1000634a:	d1c5      	bne.n	100062d8 <tud_init+0xc>
1000634c:	005a      	lsls	r2, r3, #1
1000634e:	18d2      	adds	r2, r2, r3
10006350:	00d2      	lsls	r2, r2, #3
10006352:	4b0f      	ldr	r3, [pc, #60]	; (10006390 <tud_init+0xc4>)
10006354:	189b      	adds	r3, r3, r2
10006356:	e7e6      	b.n	10006326 <tud_init+0x5a>
10006358:	002b      	movs	r3, r5
1000635a:	e7f5      	b.n	10006348 <tud_init+0x7c>
1000635c:	4b0d      	ldr	r3, [pc, #52]	; (10006394 <tud_init+0xc8>)
1000635e:	701c      	strb	r4, [r3, #0]
10006360:	0020      	movs	r0, r4
10006362:	f7ff fd19 	bl	10005d98 <dcd_init>
10006366:	0020      	movs	r0, r4
10006368:	f7ff fce2 	bl	10005d30 <dcd_int_enable>
1000636c:	2601      	movs	r6, #1
1000636e:	e7b3      	b.n	100062d8 <tud_init+0xc>
10006370:	20001bfc 	.word	0x20001bfc
10006374:	20001bb4 	.word	0x20001bb4
10006378:	20001c50 	.word	0x20001c50
1000637c:	20000d80 	.word	0x20000d80
10006380:	20001c54 	.word	0x20001c54
10006384:	10005629 	.word	0x10005629
10006388:	20002541 	.word	0x20002541
1000638c:	200018d4 	.word	0x200018d4
10006390:	1000c274 	.word	0x1000c274
10006394:	20000d9c 	.word	0x20000d9c

10006398 <usbd_defer_func>:
10006398:	b5f0      	push	{r4, r5, r6, r7, lr}
1000639a:	b085      	sub	sp, #20
1000639c:	0007      	movs	r7, r0
1000639e:	000e      	movs	r6, r1
100063a0:	0015      	movs	r5, r2
100063a2:	ac01      	add	r4, sp, #4
100063a4:	220c      	movs	r2, #12
100063a6:	2100      	movs	r1, #0
100063a8:	0020      	movs	r0, r4
100063aa:	f7fe ff63 	bl	10005274 <__wrap_memset>
100063ae:	2308      	movs	r3, #8
100063b0:	7063      	strb	r3, [r4, #1]
100063b2:	9702      	str	r7, [sp, #8]
100063b4:	9603      	str	r6, [sp, #12]
100063b6:	0029      	movs	r1, r5
100063b8:	0020      	movs	r0, r4
100063ba:	f004 fac9 	bl	1000a950 <__dcd_event_handler_veneer>
100063be:	b005      	add	sp, #20
100063c0:	bdf0      	pop	{r4, r5, r6, r7, pc}
	...

100063c4 <usbd_edpt_open>:
100063c4:	b570      	push	{r4, r5, r6, lr}
100063c6:	000c      	movs	r4, r1
100063c8:	4b09      	ldr	r3, [pc, #36]	; (100063f0 <usbd_edpt_open+0x2c>)
100063ca:	781d      	ldrb	r5, [r3, #0]
100063cc:	788b      	ldrb	r3, [r1, #2]
100063ce:	2270      	movs	r2, #112	; 0x70
100063d0:	421a      	tst	r2, r3
100063d2:	d001      	beq.n	100063d8 <usbd_edpt_open+0x14>
100063d4:	2000      	movs	r0, #0
100063d6:	bd70      	pop	{r4, r5, r6, pc}
100063d8:	4b06      	ldr	r3, [pc, #24]	; (100063f4 <usbd_edpt_open+0x30>)
100063da:	7899      	ldrb	r1, [r3, #2]
100063dc:	0020      	movs	r0, r4
100063de:	f000 ffef 	bl	100073c0 <tu_edpt_validate>
100063e2:	2800      	cmp	r0, #0
100063e4:	d0f7      	beq.n	100063d6 <usbd_edpt_open+0x12>
100063e6:	0021      	movs	r1, r4
100063e8:	0028      	movs	r0, r5
100063ea:	f7ff fd23 	bl	10005e34 <dcd_edpt_open>
100063ee:	e7f2      	b.n	100063d6 <usbd_edpt_open+0x12>
100063f0:	20000d9c 	.word	0x20000d9c
100063f4:	20001bfc 	.word	0x20001bfc

100063f8 <usbd_open_edpt_pair>:
100063f8:	b5f8      	push	{r3, r4, r5, r6, r7, lr}
100063fa:	46ce      	mov	lr, r9
100063fc:	4647      	mov	r7, r8
100063fe:	b580      	push	{r7, lr}
10006400:	4681      	mov	r9, r0
10006402:	000c      	movs	r4, r1
10006404:	0017      	movs	r7, r2
10006406:	001e      	movs	r6, r3
10006408:	9b08      	ldr	r3, [sp, #32]
1000640a:	4698      	mov	r8, r3
1000640c:	2500      	movs	r5, #0
1000640e:	e004      	b.n	1000641a <usbd_open_edpt_pair+0x22>
10006410:	9a09      	ldr	r2, [sp, #36]	; 0x24
10006412:	7013      	strb	r3, [r2, #0]
10006414:	7823      	ldrb	r3, [r4, #0]
10006416:	18e4      	adds	r4, r4, r3
10006418:	3501      	adds	r5, #1
1000641a:	42af      	cmp	r7, r5
1000641c:	dd14      	ble.n	10006448 <usbd_open_edpt_pair+0x50>
1000641e:	7863      	ldrb	r3, [r4, #1]
10006420:	2b05      	cmp	r3, #5
10006422:	d116      	bne.n	10006452 <usbd_open_edpt_pair+0x5a>
10006424:	78e1      	ldrb	r1, [r4, #3]
10006426:	0789      	lsls	r1, r1, #30
10006428:	0f89      	lsrs	r1, r1, #30
1000642a:	42b1      	cmp	r1, r6
1000642c:	d113      	bne.n	10006456 <usbd_open_edpt_pair+0x5e>
1000642e:	0021      	movs	r1, r4
10006430:	4648      	mov	r0, r9
10006432:	f7ff ffc7 	bl	100063c4 <usbd_edpt_open>
10006436:	2800      	cmp	r0, #0
10006438:	d007      	beq.n	1000644a <usbd_open_edpt_pair+0x52>
1000643a:	78a3      	ldrb	r3, [r4, #2]
1000643c:	09da      	lsrs	r2, r3, #7
1000643e:	2a01      	cmp	r2, #1
10006440:	d0e6      	beq.n	10006410 <usbd_open_edpt_pair+0x18>
10006442:	4642      	mov	r2, r8
10006444:	7013      	strb	r3, [r2, #0]
10006446:	e7e5      	b.n	10006414 <usbd_open_edpt_pair+0x1c>
10006448:	2001      	movs	r0, #1
1000644a:	bcc0      	pop	{r6, r7}
1000644c:	46b9      	mov	r9, r7
1000644e:	46b0      	mov	r8, r6
10006450:	bdf8      	pop	{r3, r4, r5, r6, r7, pc}
10006452:	2000      	movs	r0, #0
10006454:	e7f9      	b.n	1000644a <usbd_open_edpt_pair+0x52>
10006456:	2000      	movs	r0, #0
10006458:	e7f7      	b.n	1000644a <usbd_open_edpt_pair+0x52>
	...

1000645c <usbd_edpt_claim>:
1000645c:	b510      	push	{r4, lr}
1000645e:	207f      	movs	r0, #127	; 0x7f
10006460:	4008      	ands	r0, r1
10006462:	09c9      	lsrs	r1, r1, #7
10006464:	0040      	lsls	r0, r0, #1
10006466:	1840      	adds	r0, r0, r1
10006468:	3030      	adds	r0, #48	; 0x30
1000646a:	4904      	ldr	r1, [pc, #16]	; (1000647c <usbd_edpt_claim+0x20>)
1000646c:	1808      	adds	r0, r1, r0
1000646e:	3003      	adds	r0, #3
10006470:	4b03      	ldr	r3, [pc, #12]	; (10006480 <usbd_edpt_claim+0x24>)
10006472:	6819      	ldr	r1, [r3, #0]
10006474:	f000 ff5e 	bl	10007334 <tu_edpt_claim>
10006478:	bd10      	pop	{r4, pc}
1000647a:	46c0      	nop			; (mov r8, r8)
1000647c:	20001bfc 	.word	0x20001bfc
10006480:	20001c50 	.word	0x20001c50

10006484 <usbd_edpt_release>:
10006484:	b510      	push	{r4, lr}
10006486:	207f      	movs	r0, #127	; 0x7f
10006488:	4008      	ands	r0, r1
1000648a:	09c9      	lsrs	r1, r1, #7
1000648c:	0040      	lsls	r0, r0, #1
1000648e:	1840      	adds	r0, r0, r1
10006490:	3030      	adds	r0, #48	; 0x30
10006492:	4904      	ldr	r1, [pc, #16]	; (100064a4 <usbd_edpt_release+0x20>)
10006494:	1808      	adds	r0, r1, r0
10006496:	3003      	adds	r0, #3
10006498:	4b03      	ldr	r3, [pc, #12]	; (100064a8 <usbd_edpt_release+0x24>)
1000649a:	6819      	ldr	r1, [r3, #0]
1000649c:	f000 ff72 	bl	10007384 <tu_edpt_release>
100064a0:	bd10      	pop	{r4, pc}
100064a2:	46c0      	nop			; (mov r8, r8)
100064a4:	20001bfc 	.word	0x20001bfc
100064a8:	20001c50 	.word	0x20001c50

100064ac <usbd_edpt_xfer>:
100064ac:	b5f8      	push	{r3, r4, r5, r6, r7, lr}
100064ae:	46ce      	mov	lr, r9
100064b0:	4647      	mov	r7, r8
100064b2:	b580      	push	{r7, lr}
100064b4:	4819      	ldr	r0, [pc, #100]	; (1000651c <usbd_edpt_xfer+0x70>)
100064b6:	7800      	ldrb	r0, [r0, #0]
100064b8:	257f      	movs	r5, #127	; 0x7f
100064ba:	400d      	ands	r5, r1
100064bc:	09ce      	lsrs	r6, r1, #7
100064be:	006f      	lsls	r7, r5, #1
100064c0:	4c17      	ldr	r4, [pc, #92]	; (10006520 <usbd_edpt_xfer+0x74>)
100064c2:	19e4      	adds	r4, r4, r7
100064c4:	19a4      	adds	r4, r4, r6
100064c6:	3430      	adds	r4, #48	; 0x30
100064c8:	78e4      	ldrb	r4, [r4, #3]
100064ca:	07e4      	lsls	r4, r4, #31
100064cc:	d504      	bpl.n	100064d8 <usbd_edpt_xfer+0x2c>
100064ce:	2000      	movs	r0, #0
100064d0:	bcc0      	pop	{r6, r7}
100064d2:	46b9      	mov	r9, r7
100064d4:	46b0      	mov	r8, r6
100064d6:	bdf8      	pop	{r3, r4, r5, r6, r7, pc}
100064d8:	4c11      	ldr	r4, [pc, #68]	; (10006520 <usbd_edpt_xfer+0x74>)
100064da:	19e4      	adds	r4, r4, r7
100064dc:	19a4      	adds	r4, r4, r6
100064de:	2730      	movs	r7, #48	; 0x30
100064e0:	46b9      	mov	r9, r7
100064e2:	44a1      	add	r9, r4
100064e4:	464c      	mov	r4, r9
100064e6:	78e4      	ldrb	r4, [r4, #3]
100064e8:	2701      	movs	r7, #1
100064ea:	46bc      	mov	ip, r7
100064ec:	4667      	mov	r7, ip
100064ee:	433c      	orrs	r4, r7
100064f0:	0027      	movs	r7, r4
100064f2:	464c      	mov	r4, r9
100064f4:	70e7      	strb	r7, [r4, #3]
100064f6:	f7ff fcc1 	bl	10005e7c <dcd_edpt_xfer>
100064fa:	2800      	cmp	r0, #0
100064fc:	d1e8      	bne.n	100064d0 <usbd_edpt_xfer+0x24>
100064fe:	006d      	lsls	r5, r5, #1
10006500:	4b07      	ldr	r3, [pc, #28]	; (10006520 <usbd_edpt_xfer+0x74>)
10006502:	195d      	adds	r5, r3, r5
10006504:	19ae      	adds	r6, r5, r6
10006506:	3630      	adds	r6, #48	; 0x30
10006508:	78f3      	ldrb	r3, [r6, #3]
1000650a:	2201      	movs	r2, #1
1000650c:	4393      	bics	r3, r2
1000650e:	70f3      	strb	r3, [r6, #3]
10006510:	78f3      	ldrb	r3, [r6, #3]
10006512:	3203      	adds	r2, #3
10006514:	4393      	bics	r3, r2
10006516:	70f3      	strb	r3, [r6, #3]
10006518:	e7da      	b.n	100064d0 <usbd_edpt_xfer+0x24>
1000651a:	46c0      	nop			; (mov r8, r8)
1000651c:	20000d9c 	.word	0x20000d9c
10006520:	20001bfc 	.word	0x20001bfc

10006524 <usbd_edpt_stall>:
10006524:	b570      	push	{r4, r5, r6, lr}
10006526:	4b0f      	ldr	r3, [pc, #60]	; (10006564 <usbd_edpt_stall+0x40>)
10006528:	7818      	ldrb	r0, [r3, #0]
1000652a:	247f      	movs	r4, #127	; 0x7f
1000652c:	400c      	ands	r4, r1
1000652e:	09cd      	lsrs	r5, r1, #7
10006530:	0062      	lsls	r2, r4, #1
10006532:	4b0d      	ldr	r3, [pc, #52]	; (10006568 <usbd_edpt_stall+0x44>)
10006534:	189b      	adds	r3, r3, r2
10006536:	195b      	adds	r3, r3, r5
10006538:	3330      	adds	r3, #48	; 0x30
1000653a:	78db      	ldrb	r3, [r3, #3]
1000653c:	079b      	lsls	r3, r3, #30
1000653e:	d500      	bpl.n	10006542 <usbd_edpt_stall+0x1e>
10006540:	bd70      	pop	{r4, r5, r6, pc}
10006542:	f7ff fcb5 	bl	10005eb0 <dcd_edpt_stall>
10006546:	0063      	lsls	r3, r4, #1
10006548:	4c07      	ldr	r4, [pc, #28]	; (10006568 <usbd_edpt_stall+0x44>)
1000654a:	18e4      	adds	r4, r4, r3
1000654c:	1964      	adds	r4, r4, r5
1000654e:	3430      	adds	r4, #48	; 0x30
10006550:	78e3      	ldrb	r3, [r4, #3]
10006552:	2202      	movs	r2, #2
10006554:	4313      	orrs	r3, r2
10006556:	70e3      	strb	r3, [r4, #3]
10006558:	78e3      	ldrb	r3, [r4, #3]
1000655a:	2201      	movs	r2, #1
1000655c:	4313      	orrs	r3, r2
1000655e:	70e3      	strb	r3, [r4, #3]
10006560:	e7ee      	b.n	10006540 <usbd_edpt_stall+0x1c>
10006562:	46c0      	nop			; (mov r8, r8)
10006564:	20000d9c 	.word	0x20000d9c
10006568:	20001bfc 	.word	0x20001bfc

1000656c <usbd_edpt_clear_stall>:
1000656c:	b570      	push	{r4, r5, r6, lr}
1000656e:	4b0f      	ldr	r3, [pc, #60]	; (100065ac <usbd_edpt_clear_stall+0x40>)
10006570:	7818      	ldrb	r0, [r3, #0]
10006572:	247f      	movs	r4, #127	; 0x7f
10006574:	400c      	ands	r4, r1
10006576:	09cd      	lsrs	r5, r1, #7
10006578:	0062      	lsls	r2, r4, #1
1000657a:	4b0d      	ldr	r3, [pc, #52]	; (100065b0 <usbd_edpt_clear_stall+0x44>)
1000657c:	189b      	adds	r3, r3, r2
1000657e:	195b      	adds	r3, r3, r5
10006580:	3330      	adds	r3, #48	; 0x30
10006582:	78db      	ldrb	r3, [r3, #3]
10006584:	079b      	lsls	r3, r3, #30
10006586:	d400      	bmi.n	1000658a <usbd_edpt_clear_stall+0x1e>
10006588:	bd70      	pop	{r4, r5, r6, pc}
1000658a:	f7ff fca7 	bl	10005edc <dcd_edpt_clear_stall>
1000658e:	0063      	lsls	r3, r4, #1
10006590:	4c07      	ldr	r4, [pc, #28]	; (100065b0 <usbd_edpt_clear_stall+0x44>)
10006592:	18e4      	adds	r4, r4, r3
10006594:	1964      	adds	r4, r4, r5
10006596:	3430      	adds	r4, #48	; 0x30
10006598:	78e3      	ldrb	r3, [r4, #3]
1000659a:	2202      	movs	r2, #2
1000659c:	4393      	bics	r3, r2
1000659e:	70e3      	strb	r3, [r4, #3]
100065a0:	78e3      	ldrb	r3, [r4, #3]
100065a2:	3a01      	subs	r2, #1
100065a4:	4393      	bics	r3, r2
100065a6:	70e3      	strb	r3, [r4, #3]
100065a8:	e7ee      	b.n	10006588 <usbd_edpt_clear_stall+0x1c>
100065aa:	46c0      	nop			; (mov r8, r8)
100065ac:	20000d9c 	.word	0x20000d9c
100065b0:	20001bfc 	.word	0x20001bfc

100065b4 <usbd_edpt_stalled>:
100065b4:	227f      	movs	r2, #127	; 0x7f
100065b6:	400a      	ands	r2, r1
100065b8:	09cb      	lsrs	r3, r1, #7
100065ba:	0052      	lsls	r2, r2, #1
100065bc:	4903      	ldr	r1, [pc, #12]	; (100065cc <usbd_edpt_stalled+0x18>)
100065be:	1889      	adds	r1, r1, r2
100065c0:	18c9      	adds	r1, r1, r3
100065c2:	3130      	adds	r1, #48	; 0x30
100065c4:	78c8      	ldrb	r0, [r1, #3]
100065c6:	0780      	lsls	r0, r0, #30
100065c8:	0fc0      	lsrs	r0, r0, #31
100065ca:	4770      	bx	lr
100065cc:	20001bfc 	.word	0x20001bfc

100065d0 <process_control_request>:
100065d0:	b5f0      	push	{r4, r5, r6, r7, lr}
100065d2:	46c6      	mov	lr, r8
100065d4:	b500      	push	{lr}
100065d6:	b082      	sub	sp, #8
100065d8:	0005      	movs	r5, r0
100065da:	000c      	movs	r4, r1
100065dc:	2000      	movs	r0, #0
100065de:	f000 fb1d 	bl	10006c1c <usbd_control_set_complete_callback>
100065e2:	7823      	ldrb	r3, [r4, #0]
100065e4:	2260      	movs	r2, #96	; 0x60
100065e6:	4013      	ands	r3, r2
100065e8:	2b60      	cmp	r3, #96	; 0x60
100065ea:	d100      	bne.n	100065ee <process_control_request+0x1e>
100065ec:	e185      	b.n	100068fa <process_control_request+0x32a>
100065ee:	2b40      	cmp	r3, #64	; 0x40
100065f0:	d00f      	beq.n	10006612 <process_control_request+0x42>
100065f2:	7822      	ldrb	r2, [r4, #0]
100065f4:	06d2      	lsls	r2, r2, #27
100065f6:	0ed2      	lsrs	r2, r2, #27
100065f8:	2a01      	cmp	r2, #1
100065fa:	d100      	bne.n	100065fe <process_control_request+0x2e>
100065fc:	e0c9      	b.n	10006792 <process_control_request+0x1c2>
100065fe:	2a02      	cmp	r2, #2
10006600:	d100      	bne.n	10006604 <process_control_request+0x34>
10006602:	e10f      	b.n	10006824 <process_control_request+0x254>
10006604:	2a00      	cmp	r2, #0
10006606:	d011      	beq.n	1000662c <process_control_request+0x5c>
10006608:	2000      	movs	r0, #0
1000660a:	b002      	add	sp, #8
1000660c:	bc80      	pop	{r7}
1000660e:	46b8      	mov	r8, r7
10006610:	bdf0      	pop	{r4, r5, r6, r7, pc}
10006612:	4bc7      	ldr	r3, [pc, #796]	; (10006930 <process_control_request+0x360>)
10006614:	2b00      	cmp	r3, #0
10006616:	d100      	bne.n	1000661a <process_control_request+0x4a>
10006618:	e171      	b.n	100068fe <process_control_request+0x32e>
1000661a:	0018      	movs	r0, r3
1000661c:	f000 fafe 	bl	10006c1c <usbd_control_set_complete_callback>
10006620:	0022      	movs	r2, r4
10006622:	2101      	movs	r1, #1
10006624:	0028      	movs	r0, r5
10006626:	e000      	b.n	1000662a <process_control_request+0x5a>
10006628:	bf00      	nop
1000662a:	e7ee      	b.n	1000660a <process_control_request+0x3a>
1000662c:	2b20      	cmp	r3, #32
1000662e:	d00a      	beq.n	10006646 <process_control_request+0x76>
10006630:	2b00      	cmp	r3, #0
10006632:	d000      	beq.n	10006636 <process_control_request+0x66>
10006634:	e16b      	b.n	1000690e <process_control_request+0x33e>
10006636:	7863      	ldrb	r3, [r4, #1]
10006638:	2b09      	cmp	r3, #9
1000663a:	d900      	bls.n	1000663e <process_control_request+0x6e>
1000663c:	e169      	b.n	10006912 <process_control_request+0x342>
1000663e:	009b      	lsls	r3, r3, #2
10006640:	4abc      	ldr	r2, [pc, #752]	; (10006934 <process_control_request+0x364>)
10006642:	58d3      	ldr	r3, [r2, r3]
10006644:	469f      	mov	pc, r3
10006646:	7923      	ldrb	r3, [r4, #4]
10006648:	2b0f      	cmp	r3, #15
1000664a:	d900      	bls.n	1000664e <process_control_request+0x7e>
1000664c:	e159      	b.n	10006902 <process_control_request+0x332>
1000664e:	4aba      	ldr	r2, [pc, #744]	; (10006938 <process_control_request+0x368>)
10006650:	18d3      	adds	r3, r2, r3
10006652:	78db      	ldrb	r3, [r3, #3]
10006654:	4ab9      	ldr	r2, [pc, #740]	; (1000693c <process_control_request+0x36c>)
10006656:	2a00      	cmp	r2, #0
10006658:	d005      	beq.n	10006666 <process_control_request+0x96>
1000665a:	4ab9      	ldr	r2, [pc, #740]	; (10006940 <process_control_request+0x370>)
1000665c:	7812      	ldrb	r2, [r2, #0]
1000665e:	4293      	cmp	r3, r2
10006660:	d311      	bcc.n	10006686 <process_control_request+0xb6>
10006662:	1a9b      	subs	r3, r3, r2
10006664:	b2db      	uxtb	r3, r3
10006666:	2b00      	cmp	r3, #0
10006668:	d000      	beq.n	1000666c <process_control_request+0x9c>
1000666a:	e14c      	b.n	10006906 <process_control_request+0x336>
1000666c:	0059      	lsls	r1, r3, #1
1000666e:	18cb      	adds	r3, r1, r3
10006670:	00db      	lsls	r3, r3, #3
10006672:	49b4      	ldr	r1, [pc, #720]	; (10006944 <process_control_request+0x374>)
10006674:	18c9      	adds	r1, r1, r3
10006676:	2900      	cmp	r1, #0
10006678:	d100      	bne.n	1000667c <process_control_request+0xac>
1000667a:	e146      	b.n	1000690a <process_control_request+0x33a>
1000667c:	0022      	movs	r2, r4
1000667e:	0028      	movs	r0, r5
10006680:	f7ff fcd2 	bl	10006028 <invoke_class_control>
10006684:	e7c1      	b.n	1000660a <process_control_request+0x3a>
10006686:	0059      	lsls	r1, r3, #1
10006688:	18cb      	adds	r3, r1, r3
1000668a:	00db      	lsls	r3, r3, #3
1000668c:	4aae      	ldr	r2, [pc, #696]	; (10006948 <process_control_request+0x378>)
1000668e:	6811      	ldr	r1, [r2, #0]
10006690:	18c9      	adds	r1, r1, r3
10006692:	e7f0      	b.n	10006676 <process_control_request+0xa6>
10006694:	0020      	movs	r0, r4
10006696:	f000 fac7 	bl	10006c28 <usbd_control_set_request>
1000669a:	78a1      	ldrb	r1, [r4, #2]
1000669c:	0028      	movs	r0, r5
1000669e:	f7ff fb5d 	bl	10005d5c <dcd_set_address>
100066a2:	4aa5      	ldr	r2, [pc, #660]	; (10006938 <process_control_request+0x368>)
100066a4:	7813      	ldrb	r3, [r2, #0]
100066a6:	2102      	movs	r1, #2
100066a8:	430b      	orrs	r3, r1
100066aa:	7013      	strb	r3, [r2, #0]
100066ac:	2001      	movs	r0, #1
100066ae:	e7ac      	b.n	1000660a <process_control_request+0x3a>
100066b0:	4ba1      	ldr	r3, [pc, #644]	; (10006938 <process_control_request+0x368>)
100066b2:	785b      	ldrb	r3, [r3, #1]
100066b4:	466a      	mov	r2, sp
100066b6:	3206      	adds	r2, #6
100066b8:	7013      	strb	r3, [r2, #0]
100066ba:	2301      	movs	r3, #1
100066bc:	0021      	movs	r1, r4
100066be:	0028      	movs	r0, r5
100066c0:	f000 fa68 	bl	10006b94 <tud_control_xfer>
100066c4:	2001      	movs	r0, #1
100066c6:	e7a0      	b.n	1000660a <process_control_request+0x3a>
100066c8:	78a6      	ldrb	r6, [r4, #2]
100066ca:	4b9b      	ldr	r3, [pc, #620]	; (10006938 <process_control_request+0x368>)
100066cc:	785b      	ldrb	r3, [r3, #1]
100066ce:	b2db      	uxtb	r3, r3
100066d0:	42b3      	cmp	r3, r6
100066d2:	d005      	beq.n	100066e0 <process_control_request+0x110>
100066d4:	4b98      	ldr	r3, [pc, #608]	; (10006938 <process_control_request+0x368>)
100066d6:	785b      	ldrb	r3, [r3, #1]
100066d8:	2b00      	cmp	r3, #0
100066da:	d109      	bne.n	100066f0 <process_control_request+0x120>
100066dc:	2e00      	cmp	r6, #0
100066de:	d113      	bne.n	10006708 <process_control_request+0x138>
100066e0:	4b95      	ldr	r3, [pc, #596]	; (10006938 <process_control_request+0x368>)
100066e2:	705e      	strb	r6, [r3, #1]
100066e4:	0021      	movs	r1, r4
100066e6:	0028      	movs	r0, r5
100066e8:	f000 fa38 	bl	10006b5c <tud_control_status>
100066ec:	2001      	movs	r0, #1
100066ee:	e78c      	b.n	1000660a <process_control_request+0x3a>
100066f0:	0028      	movs	r0, r5
100066f2:	f7ff fbbf 	bl	10005e74 <dcd_edpt_close_all>
100066f6:	4f90      	ldr	r7, [pc, #576]	; (10006938 <process_control_request+0x368>)
100066f8:	78bb      	ldrb	r3, [r7, #2]
100066fa:	4698      	mov	r8, r3
100066fc:	0028      	movs	r0, r5
100066fe:	f7ff fc4b 	bl	10005f98 <configuration_reset>
10006702:	4643      	mov	r3, r8
10006704:	70bb      	strb	r3, [r7, #2]
10006706:	e7e9      	b.n	100066dc <process_control_request+0x10c>
10006708:	0031      	movs	r1, r6
1000670a:	0028      	movs	r0, r5
1000670c:	f7ff fc9a 	bl	10006044 <process_set_config>
10006710:	2800      	cmp	r0, #0
10006712:	d1e5      	bne.n	100066e0 <process_control_request+0x110>
10006714:	e779      	b.n	1000660a <process_control_request+0x3a>
10006716:	0021      	movs	r1, r4
10006718:	0028      	movs	r0, r5
1000671a:	f7ff fd4f 	bl	100061bc <process_get_descriptor>
1000671e:	e774      	b.n	1000660a <process_control_request+0x3a>
10006720:	78a2      	ldrb	r2, [r4, #2]
10006722:	78e3      	ldrb	r3, [r4, #3]
10006724:	021b      	lsls	r3, r3, #8
10006726:	4313      	orrs	r3, r2
10006728:	2b01      	cmp	r3, #1
1000672a:	d001      	beq.n	10006730 <process_control_request+0x160>
1000672c:	2000      	movs	r0, #0
1000672e:	e76c      	b.n	1000660a <process_control_request+0x3a>
10006730:	4a81      	ldr	r2, [pc, #516]	; (10006938 <process_control_request+0x368>)
10006732:	7813      	ldrb	r3, [r2, #0]
10006734:	2108      	movs	r1, #8
10006736:	430b      	orrs	r3, r1
10006738:	7013      	strb	r3, [r2, #0]
1000673a:	0021      	movs	r1, r4
1000673c:	0028      	movs	r0, r5
1000673e:	f000 fa0d 	bl	10006b5c <tud_control_status>
10006742:	2001      	movs	r0, #1
10006744:	e761      	b.n	1000660a <process_control_request+0x3a>
10006746:	78a2      	ldrb	r2, [r4, #2]
10006748:	78e3      	ldrb	r3, [r4, #3]
1000674a:	021b      	lsls	r3, r3, #8
1000674c:	4313      	orrs	r3, r2
1000674e:	2b01      	cmp	r3, #1
10006750:	d001      	beq.n	10006756 <process_control_request+0x186>
10006752:	2000      	movs	r0, #0
10006754:	e759      	b.n	1000660a <process_control_request+0x3a>
10006756:	4a78      	ldr	r2, [pc, #480]	; (10006938 <process_control_request+0x368>)
10006758:	7813      	ldrb	r3, [r2, #0]
1000675a:	2108      	movs	r1, #8
1000675c:	438b      	bics	r3, r1
1000675e:	7013      	strb	r3, [r2, #0]
10006760:	0021      	movs	r1, r4
10006762:	0028      	movs	r0, r5
10006764:	f000 f9fa 	bl	10006b5c <tud_control_status>
10006768:	2001      	movs	r0, #1
1000676a:	e74e      	b.n	1000660a <process_control_request+0x3a>
1000676c:	4b72      	ldr	r3, [pc, #456]	; (10006938 <process_control_request+0x368>)
1000676e:	781a      	ldrb	r2, [r3, #0]
10006770:	0951      	lsrs	r1, r2, #5
10006772:	0892      	lsrs	r2, r2, #2
10006774:	2301      	movs	r3, #1
10006776:	400b      	ands	r3, r1
10006778:	2102      	movs	r1, #2
1000677a:	400a      	ands	r2, r1
1000677c:	4313      	orrs	r3, r2
1000677e:	466a      	mov	r2, sp
10006780:	3206      	adds	r2, #6
10006782:	8013      	strh	r3, [r2, #0]
10006784:	2302      	movs	r3, #2
10006786:	0021      	movs	r1, r4
10006788:	0028      	movs	r0, r5
1000678a:	f000 fa03 	bl	10006b94 <tud_control_xfer>
1000678e:	2001      	movs	r0, #1
10006790:	e73b      	b.n	1000660a <process_control_request+0x3a>
10006792:	7923      	ldrb	r3, [r4, #4]
10006794:	2b0f      	cmp	r3, #15
10006796:	d900      	bls.n	1000679a <process_control_request+0x1ca>
10006798:	e0bd      	b.n	10006916 <process_control_request+0x346>
1000679a:	4a67      	ldr	r2, [pc, #412]	; (10006938 <process_control_request+0x368>)
1000679c:	18d3      	adds	r3, r2, r3
1000679e:	78d9      	ldrb	r1, [r3, #3]
100067a0:	4b66      	ldr	r3, [pc, #408]	; (1000693c <process_control_request+0x36c>)
100067a2:	2b00      	cmp	r3, #0
100067a4:	d005      	beq.n	100067b2 <process_control_request+0x1e2>
100067a6:	4b66      	ldr	r3, [pc, #408]	; (10006940 <process_control_request+0x370>)
100067a8:	781b      	ldrb	r3, [r3, #0]
100067aa:	4299      	cmp	r1, r3
100067ac:	d328      	bcc.n	10006800 <process_control_request+0x230>
100067ae:	1ac9      	subs	r1, r1, r3
100067b0:	b2c9      	uxtb	r1, r1
100067b2:	2900      	cmp	r1, #0
100067b4:	d000      	beq.n	100067b8 <process_control_request+0x1e8>
100067b6:	e0b0      	b.n	1000691a <process_control_request+0x34a>
100067b8:	004b      	lsls	r3, r1, #1
100067ba:	185b      	adds	r3, r3, r1
100067bc:	00db      	lsls	r3, r3, #3
100067be:	4961      	ldr	r1, [pc, #388]	; (10006944 <process_control_request+0x374>)
100067c0:	18c9      	adds	r1, r1, r3
100067c2:	2900      	cmp	r1, #0
100067c4:	d100      	bne.n	100067c8 <process_control_request+0x1f8>
100067c6:	e0aa      	b.n	1000691e <process_control_request+0x34e>
100067c8:	0022      	movs	r2, r4
100067ca:	0028      	movs	r0, r5
100067cc:	f7ff fc2c 	bl	10006028 <invoke_class_control>
100067d0:	2800      	cmp	r0, #0
100067d2:	d000      	beq.n	100067d6 <process_control_request+0x206>
100067d4:	e719      	b.n	1000660a <process_control_request+0x3a>
100067d6:	7823      	ldrb	r3, [r4, #0]
100067d8:	2260      	movs	r2, #96	; 0x60
100067da:	421a      	tst	r2, r3
100067dc:	d000      	beq.n	100067e0 <process_control_request+0x210>
100067de:	e714      	b.n	1000660a <process_control_request+0x3a>
100067e0:	7863      	ldrb	r3, [r4, #1]
100067e2:	3b0a      	subs	r3, #10
100067e4:	2b01      	cmp	r3, #1
100067e6:	d900      	bls.n	100067ea <process_control_request+0x21a>
100067e8:	e70f      	b.n	1000660a <process_control_request+0x3a>
100067ea:	f000 fa17 	bl	10006c1c <usbd_control_set_complete_callback>
100067ee:	7863      	ldrb	r3, [r4, #1]
100067f0:	2b0a      	cmp	r3, #10
100067f2:	d00c      	beq.n	1000680e <process_control_request+0x23e>
100067f4:	0021      	movs	r1, r4
100067f6:	0028      	movs	r0, r5
100067f8:	f000 f9b0 	bl	10006b5c <tud_control_status>
100067fc:	2001      	movs	r0, #1
100067fe:	e704      	b.n	1000660a <process_control_request+0x3a>
10006800:	004b      	lsls	r3, r1, #1
10006802:	185b      	adds	r3, r3, r1
10006804:	00db      	lsls	r3, r3, #3
10006806:	4a50      	ldr	r2, [pc, #320]	; (10006948 <process_control_request+0x378>)
10006808:	6811      	ldr	r1, [r2, #0]
1000680a:	18c9      	adds	r1, r1, r3
1000680c:	e7d9      	b.n	100067c2 <process_control_request+0x1f2>
1000680e:	466b      	mov	r3, sp
10006810:	1d9a      	adds	r2, r3, #6
10006812:	2300      	movs	r3, #0
10006814:	7013      	strb	r3, [r2, #0]
10006816:	3301      	adds	r3, #1
10006818:	0021      	movs	r1, r4
1000681a:	0028      	movs	r0, r5
1000681c:	f000 f9ba 	bl	10006b94 <tud_control_xfer>
10006820:	2001      	movs	r0, #1
10006822:	e6f2      	b.n	1000660a <process_control_request+0x3a>
10006824:	7921      	ldrb	r1, [r4, #4]
10006826:	227f      	movs	r2, #127	; 0x7f
10006828:	400a      	ands	r2, r1
1000682a:	09ce      	lsrs	r6, r1, #7
1000682c:	2070      	movs	r0, #112	; 0x70
1000682e:	4208      	tst	r0, r1
10006830:	d177      	bne.n	10006922 <process_control_request+0x352>
10006832:	0052      	lsls	r2, r2, #1
10006834:	4840      	ldr	r0, [pc, #256]	; (10006938 <process_control_request+0x368>)
10006836:	1882      	adds	r2, r0, r2
10006838:	1992      	adds	r2, r2, r6
1000683a:	7cd2      	ldrb	r2, [r2, #19]
1000683c:	483f      	ldr	r0, [pc, #252]	; (1000693c <process_control_request+0x36c>)
1000683e:	2800      	cmp	r0, #0
10006840:	d005      	beq.n	1000684e <process_control_request+0x27e>
10006842:	483f      	ldr	r0, [pc, #252]	; (10006940 <process_control_request+0x370>)
10006844:	7800      	ldrb	r0, [r0, #0]
10006846:	4282      	cmp	r2, r0
10006848:	d312      	bcc.n	10006870 <process_control_request+0x2a0>
1000684a:	1a12      	subs	r2, r2, r0
1000684c:	b2d2      	uxtb	r2, r2
1000684e:	2a00      	cmp	r2, #0
10006850:	d115      	bne.n	1000687e <process_control_request+0x2ae>
10006852:	0056      	lsls	r6, r2, #1
10006854:	18b2      	adds	r2, r6, r2
10006856:	00d2      	lsls	r2, r2, #3
10006858:	4e3a      	ldr	r6, [pc, #232]	; (10006944 <process_control_request+0x374>)
1000685a:	18b6      	adds	r6, r6, r2
1000685c:	2b00      	cmp	r3, #0
1000685e:	d010      	beq.n	10006882 <process_control_request+0x2b2>
10006860:	2e00      	cmp	r6, #0
10006862:	d060      	beq.n	10006926 <process_control_request+0x356>
10006864:	0022      	movs	r2, r4
10006866:	0031      	movs	r1, r6
10006868:	0028      	movs	r0, r5
1000686a:	f7ff fbdd 	bl	10006028 <invoke_class_control>
1000686e:	e6cc      	b.n	1000660a <process_control_request+0x3a>
10006870:	0056      	lsls	r6, r2, #1
10006872:	18b2      	adds	r2, r6, r2
10006874:	00d2      	lsls	r2, r2, #3
10006876:	4834      	ldr	r0, [pc, #208]	; (10006948 <process_control_request+0x378>)
10006878:	6806      	ldr	r6, [r0, #0]
1000687a:	18b6      	adds	r6, r6, r2
1000687c:	e7ee      	b.n	1000685c <process_control_request+0x28c>
1000687e:	2600      	movs	r6, #0
10006880:	e7ec      	b.n	1000685c <process_control_request+0x28c>
10006882:	7863      	ldrb	r3, [r4, #1]
10006884:	2b01      	cmp	r3, #1
10006886:	d012      	beq.n	100068ae <process_control_request+0x2de>
10006888:	2b03      	cmp	r3, #3
1000688a:	d010      	beq.n	100068ae <process_control_request+0x2de>
1000688c:	2b00      	cmp	r3, #0
1000688e:	d001      	beq.n	10006894 <process_control_request+0x2c4>
10006890:	2000      	movs	r0, #0
10006892:	e6ba      	b.n	1000660a <process_control_request+0x3a>
10006894:	0028      	movs	r0, r5
10006896:	f7ff fe8d 	bl	100065b4 <usbd_edpt_stalled>
1000689a:	466b      	mov	r3, sp
1000689c:	1d9a      	adds	r2, r3, #6
1000689e:	8010      	strh	r0, [r2, #0]
100068a0:	2302      	movs	r3, #2
100068a2:	0021      	movs	r1, r4
100068a4:	0028      	movs	r0, r5
100068a6:	f000 f975 	bl	10006b94 <tud_control_xfer>
100068aa:	2001      	movs	r0, #1
100068ac:	e6ad      	b.n	1000660a <process_control_request+0x3a>
100068ae:	78a7      	ldrb	r7, [r4, #2]
100068b0:	78e2      	ldrb	r2, [r4, #3]
100068b2:	0212      	lsls	r2, r2, #8
100068b4:	433a      	orrs	r2, r7
100068b6:	d104      	bne.n	100068c2 <process_control_request+0x2f2>
100068b8:	2b01      	cmp	r3, #1
100068ba:	d01a      	beq.n	100068f2 <process_control_request+0x322>
100068bc:	0028      	movs	r0, r5
100068be:	f7ff fe31 	bl	10006524 <usbd_edpt_stall>
100068c2:	2e00      	cmp	r6, #0
100068c4:	d031      	beq.n	1000692a <process_control_request+0x35a>
100068c6:	0022      	movs	r2, r4
100068c8:	0031      	movs	r1, r6
100068ca:	0028      	movs	r0, r5
100068cc:	f7ff fbac 	bl	10006028 <invoke_class_control>
100068d0:	2000      	movs	r0, #0
100068d2:	f000 f9a3 	bl	10006c1c <usbd_control_set_complete_callback>
100068d6:	4a18      	ldr	r2, [pc, #96]	; (10006938 <process_control_request+0x368>)
100068d8:	2334      	movs	r3, #52	; 0x34
100068da:	5cd3      	ldrb	r3, [r2, r3]
100068dc:	07db      	lsls	r3, r3, #31
100068de:	0fd8      	lsrs	r0, r3, #31
100068e0:	2b00      	cmp	r3, #0
100068e2:	d000      	beq.n	100068e6 <process_control_request+0x316>
100068e4:	e691      	b.n	1000660a <process_control_request+0x3a>
100068e6:	0021      	movs	r1, r4
100068e8:	0028      	movs	r0, r5
100068ea:	f000 f937 	bl	10006b5c <tud_control_status>
100068ee:	2001      	movs	r0, #1
100068f0:	e68b      	b.n	1000660a <process_control_request+0x3a>
100068f2:	0028      	movs	r0, r5
100068f4:	f7ff fe3a 	bl	1000656c <usbd_edpt_clear_stall>
100068f8:	e7e3      	b.n	100068c2 <process_control_request+0x2f2>
100068fa:	2000      	movs	r0, #0
100068fc:	e685      	b.n	1000660a <process_control_request+0x3a>
100068fe:	2000      	movs	r0, #0
10006900:	e683      	b.n	1000660a <process_control_request+0x3a>
10006902:	2000      	movs	r0, #0
10006904:	e681      	b.n	1000660a <process_control_request+0x3a>
10006906:	2000      	movs	r0, #0
10006908:	e67f      	b.n	1000660a <process_control_request+0x3a>
1000690a:	2000      	movs	r0, #0
1000690c:	e67d      	b.n	1000660a <process_control_request+0x3a>
1000690e:	2000      	movs	r0, #0
10006910:	e67b      	b.n	1000660a <process_control_request+0x3a>
10006912:	2000      	movs	r0, #0
10006914:	e679      	b.n	1000660a <process_control_request+0x3a>
10006916:	2000      	movs	r0, #0
10006918:	e677      	b.n	1000660a <process_control_request+0x3a>
1000691a:	2000      	movs	r0, #0
1000691c:	e675      	b.n	1000660a <process_control_request+0x3a>
1000691e:	2000      	movs	r0, #0
10006920:	e673      	b.n	1000660a <process_control_request+0x3a>
10006922:	2000      	movs	r0, #0
10006924:	e671      	b.n	1000660a <process_control_request+0x3a>
10006926:	2000      	movs	r0, #0
10006928:	e66f      	b.n	1000660a <process_control_request+0x3a>
1000692a:	2001      	movs	r0, #1
1000692c:	e66d      	b.n	1000660a <process_control_request+0x3a>
1000692e:	46c0      	nop			; (mov r8, r8)
10006930:	00000000 	.word	0x00000000
10006934:	1000c228 	.word	0x1000c228
10006938:	20001bfc 	.word	0x20001bfc
1000693c:	10005629 	.word	0x10005629
10006940:	20002541 	.word	0x20002541
10006944:	1000c274 	.word	0x1000c274
10006948:	200018d4 	.word	0x200018d4

1000694c <tud_task_ext>:
1000694c:	b530      	push	{r4, r5, lr}
1000694e:	b085      	sub	sp, #20
10006950:	f000 fce9 	bl	10007326 <tusb_inited>
10006954:	2800      	cmp	r0, #0
10006956:	d108      	bne.n	1000696a <tud_task_ext+0x1e>
10006958:	b005      	add	sp, #20
1000695a:	bd30      	pop	{r4, r5, pc}
1000695c:	ac01      	add	r4, sp, #4
1000695e:	7820      	ldrb	r0, [r4, #0]
10006960:	f7ff fb5c 	bl	1000601c <usbd_reset>
10006964:	7922      	ldrb	r2, [r4, #4]
10006966:	4b5d      	ldr	r3, [pc, #372]	; (10006adc <tud_task_ext+0x190>)
10006968:	709a      	strb	r2, [r3, #2]
1000696a:	4b5d      	ldr	r3, [pc, #372]	; (10006ae0 <tud_task_ext+0x194>)
1000696c:	681c      	ldr	r4, [r3, #0]
1000696e:	0021      	movs	r1, r4
10006970:	3114      	adds	r1, #20
10006972:	6962      	ldr	r2, [r4, #20]
10006974:	f3ef 8010 	mrs	r0, PRIMASK
10006978:	b672      	cpsid	i
1000697a:	6813      	ldr	r3, [r2, #0]
1000697c:	2b00      	cmp	r3, #0
1000697e:	d0fc      	beq.n	1000697a <tud_task_ext+0x2e>
10006980:	f3bf 8f5f 	dmb	sy
10006984:	6048      	str	r0, [r1, #4]
10006986:	a901      	add	r1, sp, #4
10006988:	0020      	movs	r0, r4
1000698a:	f001 f84d 	bl	10007a28 <tu_fifo_read>
1000698e:	6962      	ldr	r2, [r4, #20]
10006990:	69a3      	ldr	r3, [r4, #24]
10006992:	f3bf 8f5f 	dmb	sy
10006996:	2100      	movs	r1, #0
10006998:	6011      	str	r1, [r2, #0]
1000699a:	f383 8810 	msr	PRIMASK, r3
1000699e:	2800      	cmp	r0, #0
100069a0:	d0da      	beq.n	10006958 <tud_task_ext+0xc>
100069a2:	ab01      	add	r3, sp, #4
100069a4:	785b      	ldrb	r3, [r3, #1]
100069a6:	2b08      	cmp	r3, #8
100069a8:	d8df      	bhi.n	1000696a <tud_task_ext+0x1e>
100069aa:	009b      	lsls	r3, r3, #2
100069ac:	4a4d      	ldr	r2, [pc, #308]	; (10006ae4 <tud_task_ext+0x198>)
100069ae:	58d3      	ldr	r3, [r2, r3]
100069b0:	469f      	mov	pc, r3
100069b2:	ab01      	add	r3, sp, #4
100069b4:	7818      	ldrb	r0, [r3, #0]
100069b6:	f7ff fb31 	bl	1000601c <usbd_reset>
100069ba:	4b4b      	ldr	r3, [pc, #300]	; (10006ae8 <tud_task_ext+0x19c>)
100069bc:	2b00      	cmp	r3, #0
100069be:	d0d4      	beq.n	1000696a <tud_task_ext+0x1e>
100069c0:	e000      	b.n	100069c4 <tud_task_ext+0x78>
100069c2:	bf00      	nop
100069c4:	e7d1      	b.n	1000696a <tud_task_ext+0x1e>
100069c6:	4b45      	ldr	r3, [pc, #276]	; (10006adc <tud_task_ext+0x190>)
100069c8:	781a      	ldrb	r2, [r3, #0]
100069ca:	2401      	movs	r4, #1
100069cc:	2101      	movs	r1, #1
100069ce:	430a      	orrs	r2, r1
100069d0:	701a      	strb	r2, [r3, #0]
100069d2:	2233      	movs	r2, #51	; 0x33
100069d4:	5c99      	ldrb	r1, [r3, r2]
100069d6:	43a1      	bics	r1, r4
100069d8:	5499      	strb	r1, [r3, r2]
100069da:	5c99      	ldrb	r1, [r3, r2]
100069dc:	2004      	movs	r0, #4
100069de:	4381      	bics	r1, r0
100069e0:	5499      	strb	r1, [r3, r2]
100069e2:	3201      	adds	r2, #1
100069e4:	5c99      	ldrb	r1, [r3, r2]
100069e6:	43a1      	bics	r1, r4
100069e8:	5499      	strb	r1, [r3, r2]
100069ea:	5c99      	ldrb	r1, [r3, r2]
100069ec:	4381      	bics	r1, r0
100069ee:	5499      	strb	r1, [r3, r2]
100069f0:	ab01      	add	r3, sp, #4
100069f2:	7818      	ldrb	r0, [r3, #0]
100069f4:	a902      	add	r1, sp, #8
100069f6:	f7ff fdeb 	bl	100065d0 <process_control_request>
100069fa:	2800      	cmp	r0, #0
100069fc:	d1b5      	bne.n	1000696a <tud_task_ext+0x1e>
100069fe:	ac01      	add	r4, sp, #4
10006a00:	7820      	ldrb	r0, [r4, #0]
10006a02:	2100      	movs	r1, #0
10006a04:	f7ff fa54 	bl	10005eb0 <dcd_edpt_stall>
10006a08:	7820      	ldrb	r0, [r4, #0]
10006a0a:	2180      	movs	r1, #128	; 0x80
10006a0c:	f7ff fa50 	bl	10005eb0 <dcd_edpt_stall>
10006a10:	e7ab      	b.n	1000696a <tud_task_ext+0x1e>
10006a12:	ab01      	add	r3, sp, #4
10006a14:	7919      	ldrb	r1, [r3, #4]
10006a16:	227f      	movs	r2, #127	; 0x7f
10006a18:	400a      	ands	r2, r1
10006a1a:	09cc      	lsrs	r4, r1, #7
10006a1c:	0050      	lsls	r0, r2, #1
10006a1e:	4b2f      	ldr	r3, [pc, #188]	; (10006adc <tud_task_ext+0x190>)
10006a20:	181b      	adds	r3, r3, r0
10006a22:	191b      	adds	r3, r3, r4
10006a24:	3330      	adds	r3, #48	; 0x30
10006a26:	78d8      	ldrb	r0, [r3, #3]
10006a28:	2501      	movs	r5, #1
10006a2a:	43a8      	bics	r0, r5
10006a2c:	70d8      	strb	r0, [r3, #3]
10006a2e:	78d8      	ldrb	r0, [r3, #3]
10006a30:	3503      	adds	r5, #3
10006a32:	43a8      	bics	r0, r5
10006a34:	70d8      	strb	r0, [r3, #3]
10006a36:	2a00      	cmp	r2, #0
10006a38:	d01f      	beq.n	10006a7a <tud_task_ext+0x12e>
10006a3a:	0052      	lsls	r2, r2, #1
10006a3c:	4b27      	ldr	r3, [pc, #156]	; (10006adc <tud_task_ext+0x190>)
10006a3e:	189a      	adds	r2, r3, r2
10006a40:	1912      	adds	r2, r2, r4
10006a42:	7cd3      	ldrb	r3, [r2, #19]
10006a44:	4a29      	ldr	r2, [pc, #164]	; (10006aec <tud_task_ext+0x1a0>)
10006a46:	2a00      	cmp	r2, #0
10006a48:	d005      	beq.n	10006a56 <tud_task_ext+0x10a>
10006a4a:	4a29      	ldr	r2, [pc, #164]	; (10006af0 <tud_task_ext+0x1a4>)
10006a4c:	7812      	ldrb	r2, [r2, #0]
10006a4e:	4293      	cmp	r3, r2
10006a50:	d31a      	bcc.n	10006a88 <tud_task_ext+0x13c>
10006a52:	1a9b      	subs	r3, r3, r2
10006a54:	b2db      	uxtb	r3, r3
10006a56:	2b00      	cmp	r3, #0
10006a58:	d000      	beq.n	10006a5c <tud_task_ext+0x110>
10006a5a:	e77d      	b.n	10006958 <tud_task_ext+0xc>
10006a5c:	005a      	lsls	r2, r3, #1
10006a5e:	18d2      	adds	r2, r2, r3
10006a60:	00d2      	lsls	r2, r2, #3
10006a62:	4b24      	ldr	r3, [pc, #144]	; (10006af4 <tud_task_ext+0x1a8>)
10006a64:	189b      	adds	r3, r3, r2
10006a66:	2b00      	cmp	r3, #0
10006a68:	d100      	bne.n	10006a6c <tud_task_ext+0x120>
10006a6a:	e775      	b.n	10006958 <tud_task_ext+0xc>
10006a6c:	691c      	ldr	r4, [r3, #16]
10006a6e:	a801      	add	r0, sp, #4
10006a70:	7942      	ldrb	r2, [r0, #5]
10006a72:	9b03      	ldr	r3, [sp, #12]
10006a74:	7800      	ldrb	r0, [r0, #0]
10006a76:	47a0      	blx	r4
10006a78:	e777      	b.n	1000696a <tud_task_ext+0x1e>
10006a7a:	a801      	add	r0, sp, #4
10006a7c:	7942      	ldrb	r2, [r0, #5]
10006a7e:	9b03      	ldr	r3, [sp, #12]
10006a80:	7800      	ldrb	r0, [r0, #0]
10006a82:	f000 f8df 	bl	10006c44 <usbd_control_xfer_cb>
10006a86:	e770      	b.n	1000696a <tud_task_ext+0x1e>
10006a88:	005a      	lsls	r2, r3, #1
10006a8a:	18d2      	adds	r2, r2, r3
10006a8c:	00d2      	lsls	r2, r2, #3
10006a8e:	4b1a      	ldr	r3, [pc, #104]	; (10006af8 <tud_task_ext+0x1ac>)
10006a90:	681b      	ldr	r3, [r3, #0]
10006a92:	189b      	adds	r3, r3, r2
10006a94:	e7e7      	b.n	10006a66 <tud_task_ext+0x11a>
10006a96:	4b11      	ldr	r3, [pc, #68]	; (10006adc <tud_task_ext+0x190>)
10006a98:	781b      	ldrb	r3, [r3, #0]
10006a9a:	07db      	lsls	r3, r3, #31
10006a9c:	d400      	bmi.n	10006aa0 <tud_task_ext+0x154>
10006a9e:	e764      	b.n	1000696a <tud_task_ext+0x1e>
10006aa0:	4b16      	ldr	r3, [pc, #88]	; (10006afc <tud_task_ext+0x1b0>)
10006aa2:	2b00      	cmp	r3, #0
10006aa4:	d100      	bne.n	10006aa8 <tud_task_ext+0x15c>
10006aa6:	e760      	b.n	1000696a <tud_task_ext+0x1e>
10006aa8:	4b0c      	ldr	r3, [pc, #48]	; (10006adc <tud_task_ext+0x190>)
10006aaa:	7818      	ldrb	r0, [r3, #0]
10006aac:	0700      	lsls	r0, r0, #28
10006aae:	0fc0      	lsrs	r0, r0, #31
10006ab0:	e000      	b.n	10006ab4 <tud_task_ext+0x168>
10006ab2:	bf00      	nop
10006ab4:	e759      	b.n	1000696a <tud_task_ext+0x1e>
10006ab6:	4b09      	ldr	r3, [pc, #36]	; (10006adc <tud_task_ext+0x190>)
10006ab8:	781b      	ldrb	r3, [r3, #0]
10006aba:	07db      	lsls	r3, r3, #31
10006abc:	d400      	bmi.n	10006ac0 <tud_task_ext+0x174>
10006abe:	e754      	b.n	1000696a <tud_task_ext+0x1e>
10006ac0:	4b0f      	ldr	r3, [pc, #60]	; (10006b00 <tud_task_ext+0x1b4>)
10006ac2:	2b00      	cmp	r3, #0
10006ac4:	d100      	bne.n	10006ac8 <tud_task_ext+0x17c>
10006ac6:	e750      	b.n	1000696a <tud_task_ext+0x1e>
10006ac8:	e000      	b.n	10006acc <tud_task_ext+0x180>
10006aca:	bf00      	nop
10006acc:	e74d      	b.n	1000696a <tud_task_ext+0x1e>
10006ace:	9b02      	ldr	r3, [sp, #8]
10006ad0:	2b00      	cmp	r3, #0
10006ad2:	d100      	bne.n	10006ad6 <tud_task_ext+0x18a>
10006ad4:	e749      	b.n	1000696a <tud_task_ext+0x1e>
10006ad6:	9803      	ldr	r0, [sp, #12]
10006ad8:	4798      	blx	r3
10006ada:	e746      	b.n	1000696a <tud_task_ext+0x1e>
10006adc:	20001bfc 	.word	0x20001bfc
10006ae0:	20001c54 	.word	0x20001c54
10006ae4:	1000c250 	.word	0x1000c250
10006ae8:	00000000 	.word	0x00000000
10006aec:	10005629 	.word	0x10005629
10006af0:	20002541 	.word	0x20002541
10006af4:	1000c274 	.word	0x1000c274
10006af8:	200018d4 	.word	0x200018d4
	...

10006b04 <_data_stage_xact>:
10006b04:	b5f8      	push	{r3, r4, r5, r6, r7, lr}
10006b06:	0005      	movs	r5, r0
10006b08:	4b12      	ldr	r3, [pc, #72]	; (10006b54 <_data_stage_xact+0x50>)
10006b0a:	899f      	ldrh	r7, [r3, #12]
10006b0c:	89de      	ldrh	r6, [r3, #14]
10006b0e:	1bb9      	subs	r1, r7, r6
10006b10:	b289      	uxth	r1, r1
10006b12:	1c0b      	adds	r3, r1, #0
10006b14:	2940      	cmp	r1, #64	; 0x40
10006b16:	d900      	bls.n	10006b1a <_data_stage_xact+0x16>
10006b18:	2340      	movs	r3, #64	; 0x40
10006b1a:	b29c      	uxth	r4, r3
10006b1c:	4b0d      	ldr	r3, [pc, #52]	; (10006b54 <_data_stage_xact+0x50>)
10006b1e:	781b      	ldrb	r3, [r3, #0]
10006b20:	b25b      	sxtb	r3, r3
10006b22:	2b00      	cmp	r3, #0
10006b24:	db08      	blt.n	10006b38 <_data_stage_xact+0x34>
10006b26:	2100      	movs	r1, #0
10006b28:	42b7      	cmp	r7, r6
10006b2a:	d011      	beq.n	10006b50 <_data_stage_xact+0x4c>
10006b2c:	4a0a      	ldr	r2, [pc, #40]	; (10006b58 <_data_stage_xact+0x54>)
10006b2e:	0023      	movs	r3, r4
10006b30:	0028      	movs	r0, r5
10006b32:	f7ff fcbb 	bl	100064ac <usbd_edpt_xfer>
10006b36:	bdf8      	pop	{r3, r4, r5, r6, r7, pc}
10006b38:	42b7      	cmp	r7, r6
10006b3a:	d101      	bne.n	10006b40 <_data_stage_xact+0x3c>
10006b3c:	2180      	movs	r1, #128	; 0x80
10006b3e:	e7f3      	b.n	10006b28 <_data_stage_xact+0x24>
10006b40:	4b04      	ldr	r3, [pc, #16]	; (10006b54 <_data_stage_xact+0x50>)
10006b42:	6899      	ldr	r1, [r3, #8]
10006b44:	0022      	movs	r2, r4
10006b46:	4804      	ldr	r0, [pc, #16]	; (10006b58 <_data_stage_xact+0x54>)
10006b48:	f7fe fb9a 	bl	10005280 <__wrap___aeabi_memcpy>
10006b4c:	2180      	movs	r1, #128	; 0x80
10006b4e:	e7eb      	b.n	10006b28 <_data_stage_xact+0x24>
10006b50:	2200      	movs	r2, #0
10006b52:	e7ec      	b.n	10006b2e <_data_stage_xact+0x2a>
10006b54:	20001ba0 	.word	0x20001ba0
10006b58:	20001bbc 	.word	0x20001bbc

10006b5c <tud_control_status>:
10006b5c:	b570      	push	{r4, r5, r6, lr}
10006b5e:	0006      	movs	r6, r0
10006b60:	000c      	movs	r4, r1
10006b62:	4d0b      	ldr	r5, [pc, #44]	; (10006b90 <tud_control_status+0x34>)
10006b64:	2208      	movs	r2, #8
10006b66:	0028      	movs	r0, r5
10006b68:	f7fe fb8a 	bl	10005280 <__wrap___aeabi_memcpy>
10006b6c:	2300      	movs	r3, #0
10006b6e:	60ab      	str	r3, [r5, #8]
10006b70:	81eb      	strh	r3, [r5, #14]
10006b72:	81ab      	strh	r3, [r5, #12]
10006b74:	2300      	movs	r3, #0
10006b76:	56e3      	ldrsb	r3, [r4, r3]
10006b78:	2b00      	cmp	r3, #0
10006b7a:	db06      	blt.n	10006b8a <tud_control_status+0x2e>
10006b7c:	2180      	movs	r1, #128	; 0x80
10006b7e:	2300      	movs	r3, #0
10006b80:	2200      	movs	r2, #0
10006b82:	0030      	movs	r0, r6
10006b84:	f7ff fc92 	bl	100064ac <usbd_edpt_xfer>
10006b88:	bd70      	pop	{r4, r5, r6, pc}
10006b8a:	2100      	movs	r1, #0
10006b8c:	e7f7      	b.n	10006b7e <tud_control_status+0x22>
10006b8e:	46c0      	nop			; (mov r8, r8)
10006b90:	20001ba0 	.word	0x20001ba0

10006b94 <tud_control_xfer>:
10006b94:	b5f0      	push	{r4, r5, r6, r7, lr}
10006b96:	46c6      	mov	lr, r8
10006b98:	b500      	push	{lr}
10006b9a:	4680      	mov	r8, r0
10006b9c:	000c      	movs	r4, r1
10006b9e:	0016      	movs	r6, r2
10006ba0:	001d      	movs	r5, r3
10006ba2:	4f18      	ldr	r7, [pc, #96]	; (10006c04 <tud_control_xfer+0x70>)
10006ba4:	2208      	movs	r2, #8
10006ba6:	0038      	movs	r0, r7
10006ba8:	f7fe fb6a 	bl	10005280 <__wrap___aeabi_memcpy>
10006bac:	60be      	str	r6, [r7, #8]
10006bae:	2300      	movs	r3, #0
10006bb0:	81fb      	strh	r3, [r7, #14]
10006bb2:	79a3      	ldrb	r3, [r4, #6]
10006bb4:	79e1      	ldrb	r1, [r4, #7]
10006bb6:	0209      	lsls	r1, r1, #8
10006bb8:	4319      	orrs	r1, r3
10006bba:	1c0b      	adds	r3, r1, #0
10006bbc:	42a9      	cmp	r1, r5
10006bbe:	d900      	bls.n	10006bc2 <tud_control_xfer+0x2e>
10006bc0:	1c2b      	adds	r3, r5, #0
10006bc2:	b299      	uxth	r1, r3
10006bc4:	4a0f      	ldr	r2, [pc, #60]	; (10006c04 <tud_control_xfer+0x70>)
10006bc6:	8193      	strh	r3, [r2, #12]
10006bc8:	79a2      	ldrb	r2, [r4, #6]
10006bca:	79e3      	ldrb	r3, [r4, #7]
10006bcc:	021b      	lsls	r3, r3, #8
10006bce:	4313      	orrs	r3, r2
10006bd0:	d009      	beq.n	10006be6 <tud_control_xfer+0x52>
10006bd2:	2900      	cmp	r1, #0
10006bd4:	d001      	beq.n	10006bda <tud_control_xfer+0x46>
10006bd6:	2e00      	cmp	r6, #0
10006bd8:	d012      	beq.n	10006c00 <tud_control_xfer+0x6c>
10006bda:	4640      	mov	r0, r8
10006bdc:	f7ff ff92 	bl	10006b04 <_data_stage_xact>
10006be0:	bc80      	pop	{r7}
10006be2:	46b8      	mov	r8, r7
10006be4:	bdf0      	pop	{r4, r5, r6, r7, pc}
10006be6:	2300      	movs	r3, #0
10006be8:	56e3      	ldrsb	r3, [r4, r3]
10006bea:	2b00      	cmp	r3, #0
10006bec:	db06      	blt.n	10006bfc <tud_control_xfer+0x68>
10006bee:	2180      	movs	r1, #128	; 0x80
10006bf0:	2300      	movs	r3, #0
10006bf2:	2200      	movs	r2, #0
10006bf4:	4640      	mov	r0, r8
10006bf6:	f7ff fc59 	bl	100064ac <usbd_edpt_xfer>
10006bfa:	e7f1      	b.n	10006be0 <tud_control_xfer+0x4c>
10006bfc:	2100      	movs	r1, #0
10006bfe:	e7f7      	b.n	10006bf0 <tud_control_xfer+0x5c>
10006c00:	2000      	movs	r0, #0
10006c02:	e7ed      	b.n	10006be0 <tud_control_xfer+0x4c>
10006c04:	20001ba0 	.word	0x20001ba0

10006c08 <usbd_control_reset>:
10006c08:	b510      	push	{r4, lr}
10006c0a:	2214      	movs	r2, #20
10006c0c:	2100      	movs	r1, #0
10006c0e:	4802      	ldr	r0, [pc, #8]	; (10006c18 <usbd_control_reset+0x10>)
10006c10:	f7fe fb30 	bl	10005274 <__wrap_memset>
10006c14:	bd10      	pop	{r4, pc}
10006c16:	46c0      	nop			; (mov r8, r8)
10006c18:	20001ba0 	.word	0x20001ba0

10006c1c <usbd_control_set_complete_callback>:
10006c1c:	4b01      	ldr	r3, [pc, #4]	; (10006c24 <usbd_control_set_complete_callback+0x8>)
10006c1e:	6118      	str	r0, [r3, #16]
10006c20:	4770      	bx	lr
10006c22:	46c0      	nop			; (mov r8, r8)
10006c24:	20001ba0 	.word	0x20001ba0

10006c28 <usbd_control_set_request>:
10006c28:	b510      	push	{r4, lr}
10006c2a:	0001      	movs	r1, r0
10006c2c:	4c04      	ldr	r4, [pc, #16]	; (10006c40 <usbd_control_set_request+0x18>)
10006c2e:	2208      	movs	r2, #8
10006c30:	0020      	movs	r0, r4
10006c32:	f7fe fb25 	bl	10005280 <__wrap___aeabi_memcpy>
10006c36:	2300      	movs	r3, #0
10006c38:	60a3      	str	r3, [r4, #8]
10006c3a:	81e3      	strh	r3, [r4, #14]
10006c3c:	81a3      	strh	r3, [r4, #12]
10006c3e:	bd10      	pop	{r4, pc}
10006c40:	20001ba0 	.word	0x20001ba0

10006c44 <usbd_control_xfer_cb>:
10006c44:	b570      	push	{r4, r5, r6, lr}
10006c46:	0005      	movs	r5, r0
10006c48:	001c      	movs	r4, r3
10006c4a:	09c9      	lsrs	r1, r1, #7
10006c4c:	4b2d      	ldr	r3, [pc, #180]	; (10006d04 <usbd_control_xfer_cb+0xc0>)
10006c4e:	781b      	ldrb	r3, [r3, #0]
10006c50:	09db      	lsrs	r3, r3, #7
10006c52:	428b      	cmp	r3, r1
10006c54:	d011      	beq.n	10006c7a <usbd_control_xfer_cb+0x36>
10006c56:	2c00      	cmp	r4, #0
10006c58:	d150      	bne.n	10006cfc <usbd_control_xfer_cb+0xb8>
10006c5a:	4b2b      	ldr	r3, [pc, #172]	; (10006d08 <usbd_control_xfer_cb+0xc4>)
10006c5c:	2b00      	cmp	r3, #0
10006c5e:	d002      	beq.n	10006c66 <usbd_control_xfer_cb+0x22>
10006c60:	4928      	ldr	r1, [pc, #160]	; (10006d04 <usbd_control_xfer_cb+0xc0>)
10006c62:	f7ff f8d9 	bl	10005e18 <dcd_edpt0_status_complete>
10006c66:	4b27      	ldr	r3, [pc, #156]	; (10006d04 <usbd_control_xfer_cb+0xc0>)
10006c68:	691b      	ldr	r3, [r3, #16]
10006c6a:	2b00      	cmp	r3, #0
10006c6c:	d003      	beq.n	10006c76 <usbd_control_xfer_cb+0x32>
10006c6e:	4a25      	ldr	r2, [pc, #148]	; (10006d04 <usbd_control_xfer_cb+0xc0>)
10006c70:	2103      	movs	r1, #3
10006c72:	0028      	movs	r0, r5
10006c74:	4798      	blx	r3
10006c76:	2001      	movs	r0, #1
10006c78:	bd70      	pop	{r4, r5, r6, pc}
10006c7a:	4b22      	ldr	r3, [pc, #136]	; (10006d04 <usbd_control_xfer_cb+0xc0>)
10006c7c:	781b      	ldrb	r3, [r3, #0]
10006c7e:	b25b      	sxtb	r3, r3
10006c80:	2b00      	cmp	r3, #0
10006c82:	db07      	blt.n	10006c94 <usbd_control_xfer_cb+0x50>
10006c84:	4b1f      	ldr	r3, [pc, #124]	; (10006d04 <usbd_control_xfer_cb+0xc0>)
10006c86:	6898      	ldr	r0, [r3, #8]
10006c88:	2800      	cmp	r0, #0
10006c8a:	d039      	beq.n	10006d00 <usbd_control_xfer_cb+0xbc>
10006c8c:	0022      	movs	r2, r4
10006c8e:	491f      	ldr	r1, [pc, #124]	; (10006d0c <usbd_control_xfer_cb+0xc8>)
10006c90:	f7fe faf6 	bl	10005280 <__wrap___aeabi_memcpy>
10006c94:	b2a2      	uxth	r2, r4
10006c96:	491b      	ldr	r1, [pc, #108]	; (10006d04 <usbd_control_xfer_cb+0xc0>)
10006c98:	89cb      	ldrh	r3, [r1, #14]
10006c9a:	18d3      	adds	r3, r2, r3
10006c9c:	b29b      	uxth	r3, r3
10006c9e:	81cb      	strh	r3, [r1, #14]
10006ca0:	688a      	ldr	r2, [r1, #8]
10006ca2:	1912      	adds	r2, r2, r4
10006ca4:	608a      	str	r2, [r1, #8]
10006ca6:	88ca      	ldrh	r2, [r1, #6]
10006ca8:	4293      	cmp	r3, r2
10006caa:	d001      	beq.n	10006cb0 <usbd_control_xfer_cb+0x6c>
10006cac:	2c3f      	cmp	r4, #63	; 0x3f
10006cae:	d821      	bhi.n	10006cf4 <usbd_control_xfer_cb+0xb0>
10006cb0:	4b14      	ldr	r3, [pc, #80]	; (10006d04 <usbd_control_xfer_cb+0xc0>)
10006cb2:	691b      	ldr	r3, [r3, #16]
10006cb4:	2b00      	cmp	r3, #0
10006cb6:	d005      	beq.n	10006cc4 <usbd_control_xfer_cb+0x80>
10006cb8:	4a12      	ldr	r2, [pc, #72]	; (10006d04 <usbd_control_xfer_cb+0xc0>)
10006cba:	2102      	movs	r1, #2
10006cbc:	0028      	movs	r0, r5
10006cbe:	4798      	blx	r3
10006cc0:	2800      	cmp	r0, #0
10006cc2:	d00d      	beq.n	10006ce0 <usbd_control_xfer_cb+0x9c>
10006cc4:	4b0f      	ldr	r3, [pc, #60]	; (10006d04 <usbd_control_xfer_cb+0xc0>)
10006cc6:	781b      	ldrb	r3, [r3, #0]
10006cc8:	b25b      	sxtb	r3, r3
10006cca:	2b00      	cmp	r3, #0
10006ccc:	db06      	blt.n	10006cdc <usbd_control_xfer_cb+0x98>
10006cce:	2180      	movs	r1, #128	; 0x80
10006cd0:	2300      	movs	r3, #0
10006cd2:	2200      	movs	r2, #0
10006cd4:	0028      	movs	r0, r5
10006cd6:	f7ff fbe9 	bl	100064ac <usbd_edpt_xfer>
10006cda:	e7cd      	b.n	10006c78 <usbd_control_xfer_cb+0x34>
10006cdc:	2100      	movs	r1, #0
10006cde:	e7f7      	b.n	10006cd0 <usbd_control_xfer_cb+0x8c>
10006ce0:	2100      	movs	r1, #0
10006ce2:	0028      	movs	r0, r5
10006ce4:	f7ff f8e4 	bl	10005eb0 <dcd_edpt_stall>
10006ce8:	2180      	movs	r1, #128	; 0x80
10006cea:	0028      	movs	r0, r5
10006cec:	f7ff f8e0 	bl	10005eb0 <dcd_edpt_stall>
10006cf0:	2001      	movs	r0, #1
10006cf2:	e7c1      	b.n	10006c78 <usbd_control_xfer_cb+0x34>
10006cf4:	0028      	movs	r0, r5
10006cf6:	f7ff ff05 	bl	10006b04 <_data_stage_xact>
10006cfa:	e7bd      	b.n	10006c78 <usbd_control_xfer_cb+0x34>
10006cfc:	2000      	movs	r0, #0
10006cfe:	e7bb      	b.n	10006c78 <usbd_control_xfer_cb+0x34>
10006d00:	2000      	movs	r0, #0
10006d02:	e7b9      	b.n	10006c78 <usbd_control_xfer_cb+0x34>
10006d04:	20001ba0 	.word	0x20001ba0
10006d08:	10005e19 	.word	0x10005e19
10006d0c:	20001bbc 	.word	0x20001bbc

10006d10 <_prep_out_transaction>:
10006d10:	b570      	push	{r4, r5, r6, lr}
10006d12:	0004      	movs	r4, r0
10006d14:	0005      	movs	r5, r0
10006d16:	3510      	adds	r5, #16
10006d18:	0028      	movs	r0, r5
10006d1a:	f000 fe6f 	bl	100079fc <tu_fifo_remaining>
10006d1e:	283f      	cmp	r0, #63	; 0x3f
10006d20:	d801      	bhi.n	10006d26 <_prep_out_transaction+0x16>
10006d22:	2000      	movs	r0, #0
10006d24:	bd70      	pop	{r4, r5, r6, pc}
10006d26:	78e1      	ldrb	r1, [r4, #3]
10006d28:	2000      	movs	r0, #0
10006d2a:	f7ff fb97 	bl	1000645c <usbd_edpt_claim>
10006d2e:	2800      	cmp	r0, #0
10006d30:	d0f8      	beq.n	10006d24 <_prep_out_transaction+0x14>
10006d32:	0028      	movs	r0, r5
10006d34:	f000 fe62 	bl	100079fc <tu_fifo_remaining>
10006d38:	283f      	cmp	r0, #63	; 0x3f
10006d3a:	d908      	bls.n	10006d4e <_prep_out_transaction+0x3e>
10006d3c:	2392      	movs	r3, #146	; 0x92
10006d3e:	009b      	lsls	r3, r3, #2
10006d40:	18e2      	adds	r2, r4, r3
10006d42:	78e1      	ldrb	r1, [r4, #3]
10006d44:	2340      	movs	r3, #64	; 0x40
10006d46:	2000      	movs	r0, #0
10006d48:	f7ff fbb0 	bl	100064ac <usbd_edpt_xfer>
10006d4c:	e7ea      	b.n	10006d24 <_prep_out_transaction+0x14>
10006d4e:	78e1      	ldrb	r1, [r4, #3]
10006d50:	2000      	movs	r0, #0
10006d52:	f7ff fb97 	bl	10006484 <usbd_edpt_release>
10006d56:	2000      	movs	r0, #0
10006d58:	e7e4      	b.n	10006d24 <_prep_out_transaction+0x14>
	...

10006d5c <tud_cdc_n_connected>:
10006d5c:	b510      	push	{r4, lr}
10006d5e:	0004      	movs	r4, r0
10006d60:	f7ff fa9a 	bl	10006298 <tud_mounted>
10006d64:	2800      	cmp	r0, #0
10006d66:	d10c      	bne.n	10006d82 <tud_cdc_n_connected+0x26>
10006d68:	2200      	movs	r2, #0
10006d6a:	2a00      	cmp	r2, #0
10006d6c:	d011      	beq.n	10006d92 <tud_cdc_n_connected+0x36>
10006d6e:	23b2      	movs	r3, #178	; 0xb2
10006d70:	009b      	lsls	r3, r3, #2
10006d72:	4363      	muls	r3, r4
10006d74:	4809      	ldr	r0, [pc, #36]	; (10006d9c <tud_cdc_n_connected+0x40>)
10006d76:	18c0      	adds	r0, r0, r3
10006d78:	7903      	ldrb	r3, [r0, #4]
10006d7a:	07db      	lsls	r3, r3, #31
10006d7c:	d50b      	bpl.n	10006d96 <tud_cdc_n_connected+0x3a>
10006d7e:	2001      	movs	r0, #1
10006d80:	e008      	b.n	10006d94 <tud_cdc_n_connected+0x38>
10006d82:	f7ff fa91 	bl	100062a8 <tud_suspended>
10006d86:	2800      	cmp	r0, #0
10006d88:	d101      	bne.n	10006d8e <tud_cdc_n_connected+0x32>
10006d8a:	2201      	movs	r2, #1
10006d8c:	e7ed      	b.n	10006d6a <tud_cdc_n_connected+0xe>
10006d8e:	2200      	movs	r2, #0
10006d90:	e7eb      	b.n	10006d6a <tud_cdc_n_connected+0xe>
10006d92:	2000      	movs	r0, #0
10006d94:	bd10      	pop	{r4, pc}
10006d96:	2000      	movs	r0, #0
10006d98:	e7fc      	b.n	10006d94 <tud_cdc_n_connected+0x38>
10006d9a:	46c0      	nop			; (mov r8, r8)
10006d9c:	200018d8 	.word	0x200018d8

10006da0 <tud_cdc_n_available>:
10006da0:	b510      	push	{r4, lr}
10006da2:	23b2      	movs	r3, #178	; 0xb2
10006da4:	009b      	lsls	r3, r3, #2
10006da6:	4358      	muls	r0, r3
10006da8:	3010      	adds	r0, #16
10006daa:	4b02      	ldr	r3, [pc, #8]	; (10006db4 <tud_cdc_n_available+0x14>)
10006dac:	18c0      	adds	r0, r0, r3
10006dae:	f000 fdf4 	bl	1000799a <tu_fifo_count>
10006db2:	bd10      	pop	{r4, pc}
10006db4:	200018d8 	.word	0x200018d8

10006db8 <tud_cdc_n_read>:
10006db8:	b570      	push	{r4, r5, r6, lr}
10006dba:	23b2      	movs	r3, #178	; 0xb2
10006dbc:	009b      	lsls	r3, r3, #2
10006dbe:	4358      	muls	r0, r3
10006dc0:	4b06      	ldr	r3, [pc, #24]	; (10006ddc <tud_cdc_n_read+0x24>)
10006dc2:	18c5      	adds	r5, r0, r3
10006dc4:	b292      	uxth	r2, r2
10006dc6:	3010      	adds	r0, #16
10006dc8:	18c0      	adds	r0, r0, r3
10006dca:	f000 fe4e 	bl	10007a6a <tu_fifo_read_n>
10006dce:	0004      	movs	r4, r0
10006dd0:	0028      	movs	r0, r5
10006dd2:	f7ff ff9d 	bl	10006d10 <_prep_out_transaction>
10006dd6:	0020      	movs	r0, r4
10006dd8:	bd70      	pop	{r4, r5, r6, pc}
10006dda:	46c0      	nop			; (mov r8, r8)
10006ddc:	200018d8 	.word	0x200018d8

10006de0 <tud_cdc_n_write_flush>:
10006de0:	b570      	push	{r4, r5, r6, lr}
10006de2:	0005      	movs	r5, r0
10006de4:	f7ff fa58 	bl	10006298 <tud_mounted>
10006de8:	2800      	cmp	r0, #0
10006dea:	d104      	bne.n	10006df6 <tud_cdc_n_write_flush+0x16>
10006dec:	2300      	movs	r3, #0
10006dee:	2b00      	cmp	r3, #0
10006df0:	d109      	bne.n	10006e06 <tud_cdc_n_write_flush+0x26>
10006df2:	2000      	movs	r0, #0
10006df4:	bd70      	pop	{r4, r5, r6, pc}
10006df6:	f7ff fa57 	bl	100062a8 <tud_suspended>
10006dfa:	2800      	cmp	r0, #0
10006dfc:	d101      	bne.n	10006e02 <tud_cdc_n_write_flush+0x22>
10006dfe:	2301      	movs	r3, #1
10006e00:	e7f5      	b.n	10006dee <tud_cdc_n_write_flush+0xe>
10006e02:	2300      	movs	r3, #0
10006e04:	e7f3      	b.n	10006dee <tud_cdc_n_write_flush+0xe>
10006e06:	24b2      	movs	r4, #178	; 0xb2
10006e08:	00a4      	lsls	r4, r4, #2
10006e0a:	436c      	muls	r4, r5
10006e0c:	3420      	adds	r4, #32
10006e0e:	4b21      	ldr	r3, [pc, #132]	; (10006e94 <tud_cdc_n_write_flush+0xb4>)
10006e10:	18e4      	adds	r4, r4, r3
10006e12:	3404      	adds	r4, #4
10006e14:	0020      	movs	r0, r4
10006e16:	f000 fdc0 	bl	1000799a <tu_fifo_count>
10006e1a:	2800      	cmp	r0, #0
10006e1c:	d101      	bne.n	10006e22 <tud_cdc_n_write_flush+0x42>
10006e1e:	2000      	movs	r0, #0
10006e20:	e7e8      	b.n	10006df4 <tud_cdc_n_write_flush+0x14>
10006e22:	22b2      	movs	r2, #178	; 0xb2
10006e24:	0092      	lsls	r2, r2, #2
10006e26:	436a      	muls	r2, r5
10006e28:	4b1a      	ldr	r3, [pc, #104]	; (10006e94 <tud_cdc_n_write_flush+0xb4>)
10006e2a:	189b      	adds	r3, r3, r2
10006e2c:	7899      	ldrb	r1, [r3, #2]
10006e2e:	2000      	movs	r0, #0
10006e30:	f7ff fb14 	bl	1000645c <usbd_edpt_claim>
10006e34:	2800      	cmp	r0, #0
10006e36:	d101      	bne.n	10006e3c <tud_cdc_n_write_flush+0x5c>
10006e38:	2000      	movs	r0, #0
10006e3a:	e7db      	b.n	10006df4 <tud_cdc_n_write_flush+0x14>
10006e3c:	26b2      	movs	r6, #178	; 0xb2
10006e3e:	00b6      	lsls	r6, r6, #2
10006e40:	436e      	muls	r6, r5
10006e42:	23a2      	movs	r3, #162	; 0xa2
10006e44:	009b      	lsls	r3, r3, #2
10006e46:	469c      	mov	ip, r3
10006e48:	4466      	add	r6, ip
10006e4a:	4b12      	ldr	r3, [pc, #72]	; (10006e94 <tud_cdc_n_write_flush+0xb4>)
10006e4c:	18f6      	adds	r6, r6, r3
10006e4e:	2240      	movs	r2, #64	; 0x40
10006e50:	0031      	movs	r1, r6
10006e52:	0020      	movs	r0, r4
10006e54:	f000 fe09 	bl	10007a6a <tu_fifo_read_n>
10006e58:	1e04      	subs	r4, r0, #0
10006e5a:	d00e      	beq.n	10006e7a <tud_cdc_n_write_flush+0x9a>
10006e5c:	20b2      	movs	r0, #178	; 0xb2
10006e5e:	0080      	lsls	r0, r0, #2
10006e60:	4368      	muls	r0, r5
10006e62:	4d0c      	ldr	r5, [pc, #48]	; (10006e94 <tud_cdc_n_write_flush+0xb4>)
10006e64:	182d      	adds	r5, r5, r0
10006e66:	78a9      	ldrb	r1, [r5, #2]
10006e68:	0023      	movs	r3, r4
10006e6a:	0032      	movs	r2, r6
10006e6c:	2000      	movs	r0, #0
10006e6e:	f7ff fb1d 	bl	100064ac <usbd_edpt_xfer>
10006e72:	2800      	cmp	r0, #0
10006e74:	d00c      	beq.n	10006e90 <tud_cdc_n_write_flush+0xb0>
10006e76:	0020      	movs	r0, r4
10006e78:	e7bc      	b.n	10006df4 <tud_cdc_n_write_flush+0x14>
10006e7a:	20b2      	movs	r0, #178	; 0xb2
10006e7c:	0080      	lsls	r0, r0, #2
10006e7e:	4368      	muls	r0, r5
10006e80:	4d04      	ldr	r5, [pc, #16]	; (10006e94 <tud_cdc_n_write_flush+0xb4>)
10006e82:	182d      	adds	r5, r5, r0
10006e84:	78a9      	ldrb	r1, [r5, #2]
10006e86:	2000      	movs	r0, #0
10006e88:	f7ff fafc 	bl	10006484 <usbd_edpt_release>
10006e8c:	2000      	movs	r0, #0
10006e8e:	e7b1      	b.n	10006df4 <tud_cdc_n_write_flush+0x14>
10006e90:	2000      	movs	r0, #0
10006e92:	e7af      	b.n	10006df4 <tud_cdc_n_write_flush+0x14>
10006e94:	200018d8 	.word	0x200018d8

10006e98 <tud_cdc_n_write>:
10006e98:	b570      	push	{r4, r5, r6, lr}
10006e9a:	0005      	movs	r5, r0
10006e9c:	24b2      	movs	r4, #178	; 0xb2
10006e9e:	00a4      	lsls	r4, r4, #2
10006ea0:	4344      	muls	r4, r0
10006ea2:	3420      	adds	r4, #32
10006ea4:	4b09      	ldr	r3, [pc, #36]	; (10006ecc <tud_cdc_n_write+0x34>)
10006ea6:	18e4      	adds	r4, r4, r3
10006ea8:	3404      	adds	r4, #4
10006eaa:	b292      	uxth	r2, r2
10006eac:	0020      	movs	r0, r4
10006eae:	f000 fe13 	bl	10007ad8 <tu_fifo_write_n>
10006eb2:	0006      	movs	r6, r0
10006eb4:	0020      	movs	r0, r4
10006eb6:	f000 fd70 	bl	1000799a <tu_fifo_count>
10006eba:	283f      	cmp	r0, #63	; 0x3f
10006ebc:	d801      	bhi.n	10006ec2 <tud_cdc_n_write+0x2a>
10006ebe:	0030      	movs	r0, r6
10006ec0:	bd70      	pop	{r4, r5, r6, pc}
10006ec2:	0028      	movs	r0, r5
10006ec4:	f7ff ff8c 	bl	10006de0 <tud_cdc_n_write_flush>
10006ec8:	e7f9      	b.n	10006ebe <tud_cdc_n_write+0x26>
10006eca:	46c0      	nop			; (mov r8, r8)
10006ecc:	200018d8 	.word	0x200018d8

10006ed0 <tud_cdc_n_write_available>:
10006ed0:	b510      	push	{r4, lr}
10006ed2:	23b2      	movs	r3, #178	; 0xb2
10006ed4:	009b      	lsls	r3, r3, #2
10006ed6:	4358      	muls	r0, r3
10006ed8:	3020      	adds	r0, #32
10006eda:	4b03      	ldr	r3, [pc, #12]	; (10006ee8 <tud_cdc_n_write_available+0x18>)
10006edc:	18c0      	adds	r0, r0, r3
10006ede:	3004      	adds	r0, #4
10006ee0:	f000 fd8c 	bl	100079fc <tu_fifo_remaining>
10006ee4:	bd10      	pop	{r4, pc}
10006ee6:	46c0      	nop			; (mov r8, r8)
10006ee8:	200018d8 	.word	0x200018d8

10006eec <cdcd_init>:
10006eec:	b5f0      	push	{r4, r5, r6, r7, lr}
10006eee:	46ce      	mov	lr, r9
10006ef0:	4647      	mov	r7, r8
10006ef2:	b580      	push	{r7, lr}
10006ef4:	b083      	sub	sp, #12
10006ef6:	22b2      	movs	r2, #178	; 0xb2
10006ef8:	0092      	lsls	r2, r2, #2
10006efa:	2100      	movs	r1, #0
10006efc:	4828      	ldr	r0, [pc, #160]	; (10006fa0 <cdcd_init+0xb4>)
10006efe:	f7fe f9b9 	bl	10005274 <__wrap_memset>
10006f02:	2600      	movs	r6, #0
10006f04:	2e00      	cmp	r6, #0
10006f06:	d004      	beq.n	10006f12 <cdcd_init+0x26>
10006f08:	b003      	add	sp, #12
10006f0a:	bcc0      	pop	{r6, r7}
10006f0c:	46b9      	mov	r9, r7
10006f0e:	46b0      	mov	r8, r6
10006f10:	bdf0      	pop	{r4, r5, r6, r7, pc}
10006f12:	4f23      	ldr	r7, [pc, #140]	; (10006fa0 <cdcd_init+0xb4>)
10006f14:	24b2      	movs	r4, #178	; 0xb2
10006f16:	00a4      	lsls	r4, r4, #2
10006f18:	4374      	muls	r4, r6
10006f1a:	193d      	adds	r5, r7, r4
10006f1c:	23ff      	movs	r3, #255	; 0xff
10006f1e:	716b      	strb	r3, [r5, #5]
10006f20:	2300      	movs	r3, #0
10006f22:	4698      	mov	r8, r3
10006f24:	4a1f      	ldr	r2, [pc, #124]	; (10006fa4 <cdcd_init+0xb8>)
10006f26:	80ea      	strh	r2, [r5, #6]
10006f28:	2201      	movs	r2, #1
10006f2a:	812a      	strh	r2, [r5, #8]
10006f2c:	72ab      	strb	r3, [r5, #10]
10006f2e:	72eb      	strb	r3, [r5, #11]
10006f30:	2308      	movs	r3, #8
10006f32:	732b      	strb	r3, [r5, #12]
10006f34:	0021      	movs	r1, r4
10006f36:	3138      	adds	r1, #56	; 0x38
10006f38:	19c9      	adds	r1, r1, r7
10006f3a:	33f8      	adds	r3, #248	; 0xf8
10006f3c:	4699      	mov	r9, r3
10006f3e:	0020      	movs	r0, r4
10006f40:	3010      	adds	r0, #16
10006f42:	19c0      	adds	r0, r0, r7
10006f44:	4643      	mov	r3, r8
10006f46:	9300      	str	r3, [sp, #0]
10006f48:	3301      	adds	r3, #1
10006f4a:	464a      	mov	r2, r9
10006f4c:	f000 fce7 	bl	1000791e <tu_fifo_config>
10006f50:	0021      	movs	r1, r4
10006f52:	3139      	adds	r1, #57	; 0x39
10006f54:	31ff      	adds	r1, #255	; 0xff
10006f56:	19c9      	adds	r1, r1, r7
10006f58:	0020      	movs	r0, r4
10006f5a:	3020      	adds	r0, #32
10006f5c:	19c0      	adds	r0, r0, r7
10006f5e:	3004      	adds	r0, #4
10006f60:	2301      	movs	r3, #1
10006f62:	9300      	str	r3, [sp, #0]
10006f64:	464a      	mov	r2, r9
10006f66:	f000 fcda 	bl	1000791e <tu_fifo_config>
10006f6a:	238e      	movs	r3, #142	; 0x8e
10006f6c:	009b      	lsls	r3, r3, #2
10006f6e:	18e3      	adds	r3, r4, r3
10006f70:	4699      	mov	r9, r3
10006f72:	44b9      	add	r9, r7
10006f74:	4648      	mov	r0, r9
10006f76:	f7fa fa25 	bl	100013c4 <mutex_init>
10006f7a:	4643      	mov	r3, r8
10006f7c:	61eb      	str	r3, [r5, #28]
10006f7e:	464b      	mov	r3, r9
10006f80:	622b      	str	r3, [r5, #32]
10006f82:	2390      	movs	r3, #144	; 0x90
10006f84:	009b      	lsls	r3, r3, #2
10006f86:	469c      	mov	ip, r3
10006f88:	4464      	add	r4, ip
10006f8a:	19e4      	adds	r4, r4, r7
10006f8c:	0020      	movs	r0, r4
10006f8e:	f7fa fa19 	bl	100013c4 <mutex_init>
10006f92:	632c      	str	r4, [r5, #48]	; 0x30
10006f94:	4643      	mov	r3, r8
10006f96:	636b      	str	r3, [r5, #52]	; 0x34
10006f98:	3601      	adds	r6, #1
10006f9a:	b2f6      	uxtb	r6, r6
10006f9c:	e7b2      	b.n	10006f04 <cdcd_init+0x18>
10006f9e:	46c0      	nop			; (mov r8, r8)
10006fa0:	200018d8 	.word	0x200018d8
10006fa4:	ffffc200 	.word	0xffffc200

10006fa8 <cdcd_reset>:
10006fa8:	b570      	push	{r4, r5, r6, lr}
10006faa:	2500      	movs	r5, #0
10006fac:	2d00      	cmp	r5, #0
10006fae:	d000      	beq.n	10006fb2 <cdcd_reset+0xa>
10006fb0:	bd70      	pop	{r4, r5, r6, pc}
10006fb2:	24b2      	movs	r4, #178	; 0xb2
10006fb4:	00a4      	lsls	r4, r4, #2
10006fb6:	436c      	muls	r4, r5
10006fb8:	4e0b      	ldr	r6, [pc, #44]	; (10006fe8 <cdcd_reset+0x40>)
10006fba:	19a0      	adds	r0, r4, r6
10006fbc:	2205      	movs	r2, #5
10006fbe:	2100      	movs	r1, #0
10006fc0:	f7fe f958 	bl	10005274 <__wrap_memset>
10006fc4:	0020      	movs	r0, r4
10006fc6:	3010      	adds	r0, #16
10006fc8:	1980      	adds	r0, r0, r6
10006fca:	f000 fd8a 	bl	10007ae2 <tu_fifo_clear>
10006fce:	3420      	adds	r4, #32
10006fd0:	19a4      	adds	r4, r4, r6
10006fd2:	3404      	adds	r4, #4
10006fd4:	0020      	movs	r0, r4
10006fd6:	f000 fd84 	bl	10007ae2 <tu_fifo_clear>
10006fda:	2101      	movs	r1, #1
10006fdc:	0020      	movs	r0, r4
10006fde:	f000 fd9f 	bl	10007b20 <tu_fifo_set_overwritable>
10006fe2:	3501      	adds	r5, #1
10006fe4:	b2ed      	uxtb	r5, r5
10006fe6:	e7e1      	b.n	10006fac <cdcd_reset+0x4>
10006fe8:	200018d8 	.word	0x200018d8

10006fec <cdcd_open>:
10006fec:	b5f0      	push	{r4, r5, r6, r7, lr}
10006fee:	b083      	sub	sp, #12
10006ff0:	0006      	movs	r6, r0
10006ff2:	794b      	ldrb	r3, [r1, #5]
10006ff4:	2b02      	cmp	r3, #2
10006ff6:	d150      	bne.n	1000709a <cdcd_open+0xae>
10006ff8:	798b      	ldrb	r3, [r1, #6]
10006ffa:	2b02      	cmp	r3, #2
10006ffc:	d151      	bne.n	100070a2 <cdcd_open+0xb6>
10006ffe:	2300      	movs	r3, #0
10007000:	2b00      	cmp	r3, #0
10007002:	d008      	beq.n	10007016 <cdcd_open+0x2a>
10007004:	2700      	movs	r7, #0
10007006:	2f00      	cmp	r7, #0
10007008:	d04d      	beq.n	100070a6 <cdcd_open+0xba>
1000700a:	788b      	ldrb	r3, [r1, #2]
1000700c:	703b      	strb	r3, [r7, #0]
1000700e:	780c      	ldrb	r4, [r1, #0]
10007010:	190c      	adds	r4, r1, r4
10007012:	2509      	movs	r5, #9
10007014:	e011      	b.n	1000703a <cdcd_open+0x4e>
10007016:	24b2      	movs	r4, #178	; 0xb2
10007018:	00a4      	lsls	r4, r4, #2
1000701a:	435c      	muls	r4, r3
1000701c:	4825      	ldr	r0, [pc, #148]	; (100070b4 <cdcd_open+0xc8>)
1000701e:	1900      	adds	r0, r0, r4
10007020:	7880      	ldrb	r0, [r0, #2]
10007022:	2800      	cmp	r0, #0
10007024:	d002      	beq.n	1000702c <cdcd_open+0x40>
10007026:	3301      	adds	r3, #1
10007028:	b2db      	uxtb	r3, r3
1000702a:	e7e9      	b.n	10007000 <cdcd_open+0x14>
1000702c:	4f21      	ldr	r7, [pc, #132]	; (100070b4 <cdcd_open+0xc8>)
1000702e:	19e7      	adds	r7, r4, r7
10007030:	e7e9      	b.n	10007006 <cdcd_open+0x1a>
10007032:	7821      	ldrb	r1, [r4, #0]
10007034:	194d      	adds	r5, r1, r5
10007036:	b2ad      	uxth	r5, r5
10007038:	1864      	adds	r4, r4, r1
1000703a:	7863      	ldrb	r3, [r4, #1]
1000703c:	2b24      	cmp	r3, #36	; 0x24
1000703e:	d101      	bne.n	10007044 <cdcd_open+0x58>
10007040:	4295      	cmp	r5, r2
10007042:	d9f6      	bls.n	10007032 <cdcd_open+0x46>
10007044:	2b05      	cmp	r3, #5
10007046:	d009      	beq.n	1000705c <cdcd_open+0x70>
10007048:	7863      	ldrb	r3, [r4, #1]
1000704a:	2b04      	cmp	r3, #4
1000704c:	d102      	bne.n	10007054 <cdcd_open+0x68>
1000704e:	7963      	ldrb	r3, [r4, #5]
10007050:	2b0a      	cmp	r3, #10
10007052:	d010      	beq.n	10007076 <cdcd_open+0x8a>
10007054:	0038      	movs	r0, r7
10007056:	f7ff fe5b 	bl	10006d10 <_prep_out_transaction>
1000705a:	e01f      	b.n	1000709c <cdcd_open+0xb0>
1000705c:	0021      	movs	r1, r4
1000705e:	0030      	movs	r0, r6
10007060:	f7ff f9b0 	bl	100063c4 <usbd_edpt_open>
10007064:	2800      	cmp	r0, #0
10007066:	d020      	beq.n	100070aa <cdcd_open+0xbe>
10007068:	78a3      	ldrb	r3, [r4, #2]
1000706a:	707b      	strb	r3, [r7, #1]
1000706c:	7822      	ldrb	r2, [r4, #0]
1000706e:	1955      	adds	r5, r2, r5
10007070:	b2ad      	uxth	r5, r5
10007072:	18a4      	adds	r4, r4, r2
10007074:	e7e8      	b.n	10007048 <cdcd_open+0x5c>
10007076:	7821      	ldrb	r1, [r4, #0]
10007078:	194d      	adds	r5, r1, r5
1000707a:	b2ad      	uxth	r5, r5
1000707c:	1861      	adds	r1, r4, r1
1000707e:	1cbb      	adds	r3, r7, #2
10007080:	9301      	str	r3, [sp, #4]
10007082:	1cfb      	adds	r3, r7, #3
10007084:	9300      	str	r3, [sp, #0]
10007086:	2302      	movs	r3, #2
10007088:	2202      	movs	r2, #2
1000708a:	0030      	movs	r0, r6
1000708c:	f7ff f9b4 	bl	100063f8 <usbd_open_edpt_pair>
10007090:	2800      	cmp	r0, #0
10007092:	d00c      	beq.n	100070ae <cdcd_open+0xc2>
10007094:	350e      	adds	r5, #14
10007096:	b2ad      	uxth	r5, r5
10007098:	e7dc      	b.n	10007054 <cdcd_open+0x68>
1000709a:	2500      	movs	r5, #0
1000709c:	0028      	movs	r0, r5
1000709e:	b003      	add	sp, #12
100070a0:	bdf0      	pop	{r4, r5, r6, r7, pc}
100070a2:	2500      	movs	r5, #0
100070a4:	e7fa      	b.n	1000709c <cdcd_open+0xb0>
100070a6:	2500      	movs	r5, #0
100070a8:	e7f8      	b.n	1000709c <cdcd_open+0xb0>
100070aa:	2500      	movs	r5, #0
100070ac:	e7f6      	b.n	1000709c <cdcd_open+0xb0>
100070ae:	2500      	movs	r5, #0
100070b0:	e7f4      	b.n	1000709c <cdcd_open+0xb0>
100070b2:	46c0      	nop			; (mov r8, r8)
100070b4:	200018d8 	.word	0x200018d8

100070b8 <cdcd_control_xfer_cb>:
100070b8:	b5f8      	push	{r3, r4, r5, r6, r7, lr}
100070ba:	0014      	movs	r4, r2
100070bc:	7812      	ldrb	r2, [r2, #0]
100070be:	2360      	movs	r3, #96	; 0x60
100070c0:	4013      	ands	r3, r2
100070c2:	2b20      	cmp	r3, #32
100070c4:	d000      	beq.n	100070c8 <cdcd_control_xfer_cb+0x10>
100070c6:	e07f      	b.n	100071c8 <cdcd_control_xfer_cb+0x110>
100070c8:	4a44      	ldr	r2, [pc, #272]	; (100071dc <cdcd_control_xfer_cb+0x124>)
100070ca:	2500      	movs	r5, #0
100070cc:	2d00      	cmp	r5, #0
100070ce:	d000      	beq.n	100070d2 <cdcd_control_xfer_cb+0x1a>
100070d0:	e07c      	b.n	100071cc <cdcd_control_xfer_cb+0x114>
100070d2:	7816      	ldrb	r6, [r2, #0]
100070d4:	7927      	ldrb	r7, [r4, #4]
100070d6:	7963      	ldrb	r3, [r4, #5]
100070d8:	021b      	lsls	r3, r3, #8
100070da:	433b      	orrs	r3, r7
100070dc:	429e      	cmp	r6, r3
100070de:	d006      	beq.n	100070ee <cdcd_control_xfer_cb+0x36>
100070e0:	3501      	adds	r5, #1
100070e2:	b2ed      	uxtb	r5, r5
100070e4:	23b2      	movs	r3, #178	; 0xb2
100070e6:	009b      	lsls	r3, r3, #2
100070e8:	469c      	mov	ip, r3
100070ea:	4462      	add	r2, ip
100070ec:	e7ee      	b.n	100070cc <cdcd_control_xfer_cb+0x14>
100070ee:	7863      	ldrb	r3, [r4, #1]
100070f0:	2b22      	cmp	r3, #34	; 0x22
100070f2:	d031      	beq.n	10007158 <cdcd_control_xfer_cb+0xa0>
100070f4:	d809      	bhi.n	1000710a <cdcd_control_xfer_cb+0x52>
100070f6:	2b20      	cmp	r3, #32
100070f8:	d011      	beq.n	1000711e <cdcd_control_xfer_cb+0x66>
100070fa:	2b21      	cmp	r3, #33	; 0x21
100070fc:	d103      	bne.n	10007106 <cdcd_control_xfer_cb+0x4e>
100070fe:	2901      	cmp	r1, #1
10007100:	d023      	beq.n	1000714a <cdcd_control_xfer_cb+0x92>
10007102:	2001      	movs	r0, #1
10007104:	e061      	b.n	100071ca <cdcd_control_xfer_cb+0x112>
10007106:	2000      	movs	r0, #0
10007108:	e05f      	b.n	100071ca <cdcd_control_xfer_cb+0x112>
1000710a:	2b23      	cmp	r3, #35	; 0x23
1000710c:	d105      	bne.n	1000711a <cdcd_control_xfer_cb+0x62>
1000710e:	2901      	cmp	r1, #1
10007110:	d049      	beq.n	100071a6 <cdcd_control_xfer_cb+0xee>
10007112:	2903      	cmp	r1, #3
10007114:	d04c      	beq.n	100071b0 <cdcd_control_xfer_cb+0xf8>
10007116:	2001      	movs	r0, #1
10007118:	e057      	b.n	100071ca <cdcd_control_xfer_cb+0x112>
1000711a:	2000      	movs	r0, #0
1000711c:	e055      	b.n	100071ca <cdcd_control_xfer_cb+0x112>
1000711e:	2901      	cmp	r1, #1
10007120:	d003      	beq.n	1000712a <cdcd_control_xfer_cb+0x72>
10007122:	2903      	cmp	r1, #3
10007124:	d008      	beq.n	10007138 <cdcd_control_xfer_cb+0x80>
10007126:	2001      	movs	r0, #1
10007128:	e04f      	b.n	100071ca <cdcd_control_xfer_cb+0x112>
1000712a:	3206      	adds	r2, #6
1000712c:	2307      	movs	r3, #7
1000712e:	0021      	movs	r1, r4
10007130:	f7ff fd30 	bl	10006b94 <tud_control_xfer>
10007134:	2001      	movs	r0, #1
10007136:	e048      	b.n	100071ca <cdcd_control_xfer_cb+0x112>
10007138:	4b29      	ldr	r3, [pc, #164]	; (100071e0 <cdcd_control_xfer_cb+0x128>)
1000713a:	2b00      	cmp	r3, #0
1000713c:	d048      	beq.n	100071d0 <cdcd_control_xfer_cb+0x118>
1000713e:	1d91      	adds	r1, r2, #6
10007140:	0028      	movs	r0, r5
10007142:	f7fe fa77 	bl	10005634 <tud_cdc_line_coding_cb>
10007146:	2001      	movs	r0, #1
10007148:	e03f      	b.n	100071ca <cdcd_control_xfer_cb+0x112>
1000714a:	3206      	adds	r2, #6
1000714c:	2307      	movs	r3, #7
1000714e:	0021      	movs	r1, r4
10007150:	f7ff fd20 	bl	10006b94 <tud_control_xfer>
10007154:	2001      	movs	r0, #1
10007156:	e038      	b.n	100071ca <cdcd_control_xfer_cb+0x112>
10007158:	2901      	cmp	r1, #1
1000715a:	d003      	beq.n	10007164 <cdcd_control_xfer_cb+0xac>
1000715c:	2903      	cmp	r1, #3
1000715e:	d006      	beq.n	1000716e <cdcd_control_xfer_cb+0xb6>
10007160:	2001      	movs	r0, #1
10007162:	e032      	b.n	100071ca <cdcd_control_xfer_cb+0x112>
10007164:	0021      	movs	r1, r4
10007166:	f7ff fcf9 	bl	10006b5c <tud_control_status>
1000716a:	2001      	movs	r0, #1
1000716c:	e02d      	b.n	100071ca <cdcd_control_xfer_cb+0x112>
1000716e:	78a1      	ldrb	r1, [r4, #2]
10007170:	78e3      	ldrb	r3, [r4, #3]
10007172:	021b      	lsls	r3, r3, #8
10007174:	430b      	orrs	r3, r1
10007176:	2001      	movs	r0, #1
10007178:	0019      	movs	r1, r3
1000717a:	4001      	ands	r1, r0
1000717c:	000e      	movs	r6, r1
1000717e:	085c      	lsrs	r4, r3, #1
10007180:	4004      	ands	r4, r0
10007182:	7113      	strb	r3, [r2, #4]
10007184:	424b      	negs	r3, r1
10007186:	4159      	adcs	r1, r3
10007188:	b2c9      	uxtb	r1, r1
1000718a:	3224      	adds	r2, #36	; 0x24
1000718c:	0010      	movs	r0, r2
1000718e:	f000 fcc7 	bl	10007b20 <tu_fifo_set_overwritable>
10007192:	4b14      	ldr	r3, [pc, #80]	; (100071e4 <cdcd_control_xfer_cb+0x12c>)
10007194:	2b00      	cmp	r3, #0
10007196:	d01d      	beq.n	100071d4 <cdcd_control_xfer_cb+0x11c>
10007198:	0022      	movs	r2, r4
1000719a:	0031      	movs	r1, r6
1000719c:	0028      	movs	r0, r5
1000719e:	e000      	b.n	100071a2 <cdcd_control_xfer_cb+0xea>
100071a0:	bf00      	nop
100071a2:	2001      	movs	r0, #1
100071a4:	e011      	b.n	100071ca <cdcd_control_xfer_cb+0x112>
100071a6:	0021      	movs	r1, r4
100071a8:	f7ff fcd8 	bl	10006b5c <tud_control_status>
100071ac:	2001      	movs	r0, #1
100071ae:	e00c      	b.n	100071ca <cdcd_control_xfer_cb+0x112>
100071b0:	4b0d      	ldr	r3, [pc, #52]	; (100071e8 <cdcd_control_xfer_cb+0x130>)
100071b2:	2b00      	cmp	r3, #0
100071b4:	d010      	beq.n	100071d8 <cdcd_control_xfer_cb+0x120>
100071b6:	78a3      	ldrb	r3, [r4, #2]
100071b8:	78e1      	ldrb	r1, [r4, #3]
100071ba:	0209      	lsls	r1, r1, #8
100071bc:	4319      	orrs	r1, r3
100071be:	0028      	movs	r0, r5
100071c0:	e000      	b.n	100071c4 <cdcd_control_xfer_cb+0x10c>
100071c2:	bf00      	nop
100071c4:	2001      	movs	r0, #1
100071c6:	e000      	b.n	100071ca <cdcd_control_xfer_cb+0x112>
100071c8:	2000      	movs	r0, #0
100071ca:	bdf8      	pop	{r3, r4, r5, r6, r7, pc}
100071cc:	2000      	movs	r0, #0
100071ce:	e7fc      	b.n	100071ca <cdcd_control_xfer_cb+0x112>
100071d0:	2001      	movs	r0, #1
100071d2:	e7fa      	b.n	100071ca <cdcd_control_xfer_cb+0x112>
100071d4:	2001      	movs	r0, #1
100071d6:	e7f8      	b.n	100071ca <cdcd_control_xfer_cb+0x112>
100071d8:	2001      	movs	r0, #1
100071da:	e7f6      	b.n	100071ca <cdcd_control_xfer_cb+0x112>
100071dc:	200018d8 	.word	0x200018d8
100071e0:	10005635 	.word	0x10005635
	...

100071ec <cdcd_xfer_cb>:
100071ec:	b5f0      	push	{r4, r5, r6, r7, lr}
100071ee:	46d6      	mov	lr, sl
100071f0:	b500      	push	{lr}
100071f2:	b082      	sub	sp, #8
100071f4:	9001      	str	r0, [sp, #4]
100071f6:	000f      	movs	r7, r1
100071f8:	9300      	str	r3, [sp, #0]
100071fa:	2400      	movs	r4, #0
100071fc:	2c00      	cmp	r4, #0
100071fe:	d00e      	beq.n	1000721e <cdcd_xfer_cb+0x32>
10007200:	2c00      	cmp	r4, #0
10007202:	d000      	beq.n	10007206 <cdcd_xfer_cb+0x1a>
10007204:	e07c      	b.n	10007300 <cdcd_xfer_cb+0x114>
10007206:	78eb      	ldrb	r3, [r5, #3]
10007208:	42bb      	cmp	r3, r7
1000720a:	d016      	beq.n	1000723a <cdcd_xfer_cb+0x4e>
1000720c:	78ab      	ldrb	r3, [r5, #2]
1000720e:	42bb      	cmp	r3, r7
10007210:	d04d      	beq.n	100072ae <cdcd_xfer_cb+0xc2>
10007212:	2401      	movs	r4, #1
10007214:	0020      	movs	r0, r4
10007216:	b002      	add	sp, #8
10007218:	bc80      	pop	{r7}
1000721a:	46ba      	mov	sl, r7
1000721c:	bdf0      	pop	{r4, r5, r6, r7, pc}
1000721e:	25b2      	movs	r5, #178	; 0xb2
10007220:	00ad      	lsls	r5, r5, #2
10007222:	4365      	muls	r5, r4
10007224:	4b39      	ldr	r3, [pc, #228]	; (1000730c <cdcd_xfer_cb+0x120>)
10007226:	18ed      	adds	r5, r5, r3
10007228:	78eb      	ldrb	r3, [r5, #3]
1000722a:	42bb      	cmp	r3, r7
1000722c:	d0e8      	beq.n	10007200 <cdcd_xfer_cb+0x14>
1000722e:	78ab      	ldrb	r3, [r5, #2]
10007230:	42bb      	cmp	r3, r7
10007232:	d0e5      	beq.n	10007200 <cdcd_xfer_cb+0x14>
10007234:	3401      	adds	r4, #1
10007236:	b2e4      	uxtb	r4, r4
10007238:	e7e0      	b.n	100071fc <cdcd_xfer_cb+0x10>
1000723a:	2310      	movs	r3, #16
1000723c:	469a      	mov	sl, r3
1000723e:	44aa      	add	sl, r5
10007240:	2392      	movs	r3, #146	; 0x92
10007242:	009b      	lsls	r3, r3, #2
10007244:	18e9      	adds	r1, r5, r3
10007246:	466b      	mov	r3, sp
10007248:	881a      	ldrh	r2, [r3, #0]
1000724a:	4650      	mov	r0, sl
1000724c:	f000 fc44 	bl	10007ad8 <tu_fifo_write_n>
10007250:	4b2f      	ldr	r3, [pc, #188]	; (10007310 <cdcd_xfer_cb+0x124>)
10007252:	2b00      	cmp	r3, #0
10007254:	d01b      	beq.n	1000728e <cdcd_xfer_cb+0xa2>
10007256:	796b      	ldrb	r3, [r5, #5]
10007258:	2bff      	cmp	r3, #255	; 0xff
1000725a:	d018      	beq.n	1000728e <cdcd_xfer_cb+0xa2>
1000725c:	2600      	movs	r6, #0
1000725e:	e000      	b.n	10007262 <cdcd_xfer_cb+0x76>
10007260:	3601      	adds	r6, #1
10007262:	9b00      	ldr	r3, [sp, #0]
10007264:	429e      	cmp	r6, r3
10007266:	d212      	bcs.n	1000728e <cdcd_xfer_cb+0xa2>
10007268:	796a      	ldrb	r2, [r5, #5]
1000726a:	19ab      	adds	r3, r5, r6
1000726c:	2192      	movs	r1, #146	; 0x92
1000726e:	0089      	lsls	r1, r1, #2
10007270:	468c      	mov	ip, r1
10007272:	4463      	add	r3, ip
10007274:	781b      	ldrb	r3, [r3, #0]
10007276:	429a      	cmp	r2, r3
10007278:	d1f2      	bne.n	10007260 <cdcd_xfer_cb+0x74>
1000727a:	4650      	mov	r0, sl
1000727c:	f000 fba2 	bl	100079c4 <tu_fifo_empty>
10007280:	2800      	cmp	r0, #0
10007282:	d1ed      	bne.n	10007260 <cdcd_xfer_cb+0x74>
10007284:	7969      	ldrb	r1, [r5, #5]
10007286:	0020      	movs	r0, r4
10007288:	e000      	b.n	1000728c <cdcd_xfer_cb+0xa0>
1000728a:	bf00      	nop
1000728c:	e7e8      	b.n	10007260 <cdcd_xfer_cb+0x74>
1000728e:	4b21      	ldr	r3, [pc, #132]	; (10007314 <cdcd_xfer_cb+0x128>)
10007290:	2b00      	cmp	r3, #0
10007292:	d004      	beq.n	1000729e <cdcd_xfer_cb+0xb2>
10007294:	4650      	mov	r0, sl
10007296:	f000 fb95 	bl	100079c4 <tu_fifo_empty>
1000729a:	2800      	cmp	r0, #0
1000729c:	d003      	beq.n	100072a6 <cdcd_xfer_cb+0xba>
1000729e:	0028      	movs	r0, r5
100072a0:	f7ff fd36 	bl	10006d10 <_prep_out_transaction>
100072a4:	e7b2      	b.n	1000720c <cdcd_xfer_cb+0x20>
100072a6:	0020      	movs	r0, r4
100072a8:	f7fe fa86 	bl	100057b8 <tud_cdc_rx_cb>
100072ac:	e7f7      	b.n	1000729e <cdcd_xfer_cb+0xb2>
100072ae:	4b1a      	ldr	r3, [pc, #104]	; (10007318 <cdcd_xfer_cb+0x12c>)
100072b0:	2b00      	cmp	r3, #0
100072b2:	d002      	beq.n	100072ba <cdcd_xfer_cb+0xce>
100072b4:	0020      	movs	r0, r4
100072b6:	e000      	b.n	100072ba <cdcd_xfer_cb+0xce>
100072b8:	bf00      	nop
100072ba:	0020      	movs	r0, r4
100072bc:	f7ff fd90 	bl	10006de0 <tud_cdc_n_write_flush>
100072c0:	2800      	cmp	r0, #0
100072c2:	d001      	beq.n	100072c8 <cdcd_xfer_cb+0xdc>
100072c4:	2401      	movs	r4, #1
100072c6:	e7a5      	b.n	10007214 <cdcd_xfer_cb+0x28>
100072c8:	0028      	movs	r0, r5
100072ca:	3024      	adds	r0, #36	; 0x24
100072cc:	f000 fb65 	bl	1000799a <tu_fifo_count>
100072d0:	2800      	cmp	r0, #0
100072d2:	d117      	bne.n	10007304 <cdcd_xfer_cb+0x118>
100072d4:	9b00      	ldr	r3, [sp, #0]
100072d6:	2b00      	cmp	r3, #0
100072d8:	d016      	beq.n	10007308 <cdcd_xfer_cb+0x11c>
100072da:	069b      	lsls	r3, r3, #26
100072dc:	d001      	beq.n	100072e2 <cdcd_xfer_cb+0xf6>
100072de:	2401      	movs	r4, #1
100072e0:	e798      	b.n	10007214 <cdcd_xfer_cb+0x28>
100072e2:	78a9      	ldrb	r1, [r5, #2]
100072e4:	9801      	ldr	r0, [sp, #4]
100072e6:	f7ff f8b9 	bl	1000645c <usbd_edpt_claim>
100072ea:	1e04      	subs	r4, r0, #0
100072ec:	d101      	bne.n	100072f2 <cdcd_xfer_cb+0x106>
100072ee:	2401      	movs	r4, #1
100072f0:	e790      	b.n	10007214 <cdcd_xfer_cb+0x28>
100072f2:	78a9      	ldrb	r1, [r5, #2]
100072f4:	2300      	movs	r3, #0
100072f6:	2200      	movs	r2, #0
100072f8:	9801      	ldr	r0, [sp, #4]
100072fa:	f7ff f8d7 	bl	100064ac <usbd_edpt_xfer>
100072fe:	e789      	b.n	10007214 <cdcd_xfer_cb+0x28>
10007300:	2400      	movs	r4, #0
10007302:	e787      	b.n	10007214 <cdcd_xfer_cb+0x28>
10007304:	2401      	movs	r4, #1
10007306:	e785      	b.n	10007214 <cdcd_xfer_cb+0x28>
10007308:	2401      	movs	r4, #1
1000730a:	e783      	b.n	10007214 <cdcd_xfer_cb+0x28>
1000730c:	200018d8 	.word	0x200018d8
10007310:	00000000 	.word	0x00000000
10007314:	100057b9 	.word	0x100057b9
10007318:	00000000 	.word	0x00000000

1000731c <tusb_init>:
1000731c:	b510      	push	{r4, lr}
1000731e:	2000      	movs	r0, #0
10007320:	f7fe ffd4 	bl	100062cc <tud_init>
10007324:	bd10      	pop	{r4, pc}

10007326 <tusb_inited>:
10007326:	b510      	push	{r4, lr}
10007328:	f7fe ffc6 	bl	100062b8 <tud_inited>
1000732c:	2800      	cmp	r0, #0
1000732e:	d000      	beq.n	10007332 <tusb_inited+0xc>
10007330:	2001      	movs	r0, #1
10007332:	bd10      	pop	{r4, pc}

10007334 <tu_edpt_claim>:
10007334:	b570      	push	{r4, r5, r6, lr}
10007336:	0004      	movs	r4, r0
10007338:	000d      	movs	r5, r1
1000733a:	7803      	ldrb	r3, [r0, #0]
1000733c:	07db      	lsls	r3, r3, #31
1000733e:	0fde      	lsrs	r6, r3, #31
10007340:	2b00      	cmp	r3, #0
10007342:	d11c      	bne.n	1000737e <tu_edpt_claim+0x4a>
10007344:	7803      	ldrb	r3, [r0, #0]
10007346:	075b      	lsls	r3, r3, #29
10007348:	d41a      	bmi.n	10007380 <tu_edpt_claim+0x4c>
1000734a:	2101      	movs	r1, #1
1000734c:	4249      	negs	r1, r1
1000734e:	0028      	movs	r0, r5
10007350:	f003 faf6 	bl	1000a940 <__mutex_enter_timeout_ms_veneer>
10007354:	7823      	ldrb	r3, [r4, #0]
10007356:	07db      	lsls	r3, r3, #31
10007358:	d404      	bmi.n	10007364 <tu_edpt_claim+0x30>
1000735a:	7823      	ldrb	r3, [r4, #0]
1000735c:	075b      	lsls	r3, r3, #29
1000735e:	d50c      	bpl.n	1000737a <tu_edpt_claim+0x46>
10007360:	2600      	movs	r6, #0
10007362:	e000      	b.n	10007366 <tu_edpt_claim+0x32>
10007364:	2600      	movs	r6, #0
10007366:	2e00      	cmp	r6, #0
10007368:	d003      	beq.n	10007372 <tu_edpt_claim+0x3e>
1000736a:	7823      	ldrb	r3, [r4, #0]
1000736c:	2204      	movs	r2, #4
1000736e:	4313      	orrs	r3, r2
10007370:	7023      	strb	r3, [r4, #0]
10007372:	0028      	movs	r0, r5
10007374:	f003 fab4 	bl	1000a8e0 <__mutex_exit_veneer>
10007378:	e002      	b.n	10007380 <tu_edpt_claim+0x4c>
1000737a:	2601      	movs	r6, #1
1000737c:	e7f3      	b.n	10007366 <tu_edpt_claim+0x32>
1000737e:	2600      	movs	r6, #0
10007380:	0030      	movs	r0, r6
10007382:	bd70      	pop	{r4, r5, r6, pc}

10007384 <tu_edpt_release>:
10007384:	b570      	push	{r4, r5, r6, lr}
10007386:	0004      	movs	r4, r0
10007388:	000e      	movs	r6, r1
1000738a:	2101      	movs	r1, #1
1000738c:	4249      	negs	r1, r1
1000738e:	0030      	movs	r0, r6
10007390:	f003 fad6 	bl	1000a940 <__mutex_enter_timeout_ms_veneer>
10007394:	7823      	ldrb	r3, [r4, #0]
10007396:	075b      	lsls	r3, r3, #29
10007398:	d40b      	bmi.n	100073b2 <tu_edpt_release+0x2e>
1000739a:	2500      	movs	r5, #0
1000739c:	2d00      	cmp	r5, #0
1000739e:	d003      	beq.n	100073a8 <tu_edpt_release+0x24>
100073a0:	7823      	ldrb	r3, [r4, #0]
100073a2:	2204      	movs	r2, #4
100073a4:	4393      	bics	r3, r2
100073a6:	7023      	strb	r3, [r4, #0]
100073a8:	0030      	movs	r0, r6
100073aa:	f003 fa99 	bl	1000a8e0 <__mutex_exit_veneer>
100073ae:	0028      	movs	r0, r5
100073b0:	bd70      	pop	{r4, r5, r6, pc}
100073b2:	7823      	ldrb	r3, [r4, #0]
100073b4:	07db      	lsls	r3, r3, #31
100073b6:	d501      	bpl.n	100073bc <tu_edpt_release+0x38>
100073b8:	2500      	movs	r5, #0
100073ba:	e7ef      	b.n	1000739c <tu_edpt_release+0x18>
100073bc:	2501      	movs	r5, #1
100073be:	e7ed      	b.n	1000739c <tu_edpt_release+0x18>

100073c0 <tu_edpt_validate>:
100073c0:	b510      	push	{r4, lr}
100073c2:	7904      	ldrb	r4, [r0, #4]
100073c4:	7943      	ldrb	r3, [r0, #5]
100073c6:	021b      	lsls	r3, r3, #8
100073c8:	4323      	orrs	r3, r4
100073ca:	055b      	lsls	r3, r3, #21
100073cc:	0d5b      	lsrs	r3, r3, #21
100073ce:	78c2      	ldrb	r2, [r0, #3]
100073d0:	0792      	lsls	r2, r2, #30
100073d2:	0f92      	lsrs	r2, r2, #30
100073d4:	2a02      	cmp	r2, #2
100073d6:	d00f      	beq.n	100073f8 <tu_edpt_validate+0x38>
100073d8:	2a03      	cmp	r2, #3
100073da:	d019      	beq.n	10007410 <tu_edpt_validate+0x50>
100073dc:	2a01      	cmp	r2, #1
100073de:	d001      	beq.n	100073e4 <tu_edpt_validate+0x24>
100073e0:	2000      	movs	r0, #0
100073e2:	bd10      	pop	{r4, pc}
100073e4:	2902      	cmp	r1, #2
100073e6:	d004      	beq.n	100073f2 <tu_edpt_validate+0x32>
100073e8:	4a12      	ldr	r2, [pc, #72]	; (10007434 <tu_edpt_validate+0x74>)
100073ea:	429a      	cmp	r2, r3
100073ec:	d31a      	bcc.n	10007424 <tu_edpt_validate+0x64>
100073ee:	2001      	movs	r0, #1
100073f0:	e7f7      	b.n	100073e2 <tu_edpt_validate+0x22>
100073f2:	2280      	movs	r2, #128	; 0x80
100073f4:	00d2      	lsls	r2, r2, #3
100073f6:	e7f8      	b.n	100073ea <tu_edpt_validate+0x2a>
100073f8:	2902      	cmp	r1, #2
100073fa:	d003      	beq.n	10007404 <tu_edpt_validate+0x44>
100073fc:	2b40      	cmp	r3, #64	; 0x40
100073fe:	d815      	bhi.n	1000742c <tu_edpt_validate+0x6c>
10007400:	2001      	movs	r0, #1
10007402:	e7ee      	b.n	100073e2 <tu_edpt_validate+0x22>
10007404:	2280      	movs	r2, #128	; 0x80
10007406:	0092      	lsls	r2, r2, #2
10007408:	4293      	cmp	r3, r2
1000740a:	d10d      	bne.n	10007428 <tu_edpt_validate+0x68>
1000740c:	2001      	movs	r0, #1
1000740e:	e7e8      	b.n	100073e2 <tu_edpt_validate+0x22>
10007410:	2902      	cmp	r1, #2
10007412:	d004      	beq.n	1000741e <tu_edpt_validate+0x5e>
10007414:	2240      	movs	r2, #64	; 0x40
10007416:	429a      	cmp	r2, r3
10007418:	d30a      	bcc.n	10007430 <tu_edpt_validate+0x70>
1000741a:	2001      	movs	r0, #1
1000741c:	e7e1      	b.n	100073e2 <tu_edpt_validate+0x22>
1000741e:	2280      	movs	r2, #128	; 0x80
10007420:	00d2      	lsls	r2, r2, #3
10007422:	e7f8      	b.n	10007416 <tu_edpt_validate+0x56>
10007424:	2000      	movs	r0, #0
10007426:	e7dc      	b.n	100073e2 <tu_edpt_validate+0x22>
10007428:	2000      	movs	r0, #0
1000742a:	e7da      	b.n	100073e2 <tu_edpt_validate+0x22>
1000742c:	2000      	movs	r0, #0
1000742e:	e7d8      	b.n	100073e2 <tu_edpt_validate+0x22>
10007430:	2000      	movs	r0, #0
10007432:	e7d6      	b.n	100073e2 <tu_edpt_validate+0x22>
10007434:	000003ff 	.word	0x000003ff

10007438 <tu_edpt_bind_driver>:
10007438:	b530      	push	{r4, r5, lr}
1000743a:	188a      	adds	r2, r1, r2
1000743c:	e001      	b.n	10007442 <tu_edpt_bind_driver+0xa>
1000743e:	780c      	ldrb	r4, [r1, #0]
10007440:	1909      	adds	r1, r1, r4
10007442:	4291      	cmp	r1, r2
10007444:	d20a      	bcs.n	1000745c <tu_edpt_bind_driver+0x24>
10007446:	784c      	ldrb	r4, [r1, #1]
10007448:	2c05      	cmp	r4, #5
1000744a:	d1f8      	bne.n	1000743e <tu_edpt_bind_driver+0x6>
1000744c:	788d      	ldrb	r5, [r1, #2]
1000744e:	347a      	adds	r4, #122	; 0x7a
10007450:	402c      	ands	r4, r5
10007452:	0064      	lsls	r4, r4, #1
10007454:	1904      	adds	r4, r0, r4
10007456:	09ed      	lsrs	r5, r5, #7
10007458:	5563      	strb	r3, [r4, r5]
1000745a:	e7f0      	b.n	1000743e <tu_edpt_bind_driver+0x6>
1000745c:	bd30      	pop	{r4, r5, pc}

1000745e <advance_index>:
1000745e:	0003      	movs	r3, r0
10007460:	188a      	adds	r2, r1, r2
10007462:	b290      	uxth	r0, r2
10007464:	4281      	cmp	r1, r0
10007466:	d802      	bhi.n	1000746e <advance_index+0x10>
10007468:	005a      	lsls	r2, r3, #1
1000746a:	4290      	cmp	r0, r2
1000746c:	db03      	blt.n	10007476 <advance_index+0x18>
1000746e:	005b      	lsls	r3, r3, #1
10007470:	b29b      	uxth	r3, r3
10007472:	1ac0      	subs	r0, r0, r3
10007474:	b280      	uxth	r0, r0
10007476:	4770      	bx	lr

10007478 <_tu_fifo_peek>:
10007478:	b570      	push	{r4, r5, r6, lr}
1000747a:	0005      	movs	r5, r0
1000747c:	0008      	movs	r0, r1
1000747e:	88ac      	ldrh	r4, [r5, #4]
10007480:	429a      	cmp	r2, r3
10007482:	d30b      	bcc.n	1000749c <_tu_fifo_peek+0x24>
10007484:	1ad1      	subs	r1, r2, r3
10007486:	b289      	uxth	r1, r1
10007488:	2900      	cmp	r1, #0
1000748a:	d01e      	beq.n	100074ca <_tu_fifo_peek+0x52>
1000748c:	428c      	cmp	r4, r1
1000748e:	d210      	bcs.n	100074b2 <_tu_fifo_peek+0x3a>
10007490:	4294      	cmp	r4, r2
10007492:	d809      	bhi.n	100074a8 <_tu_fifo_peek+0x30>
10007494:	1b13      	subs	r3, r2, r4
10007496:	b29b      	uxth	r3, r3
10007498:	816b      	strh	r3, [r5, #10]
1000749a:	e00a      	b.n	100074b2 <_tu_fifo_peek+0x3a>
1000749c:	1ad1      	subs	r1, r2, r3
1000749e:	b289      	uxth	r1, r1
100074a0:	0066      	lsls	r6, r4, #1
100074a2:	1989      	adds	r1, r1, r6
100074a4:	b289      	uxth	r1, r1
100074a6:	e7ef      	b.n	10007488 <_tu_fifo_peek+0x10>
100074a8:	18a2      	adds	r2, r4, r2
100074aa:	b293      	uxth	r3, r2
100074ac:	e7f4      	b.n	10007498 <_tu_fifo_peek+0x20>
100074ae:	1b1b      	subs	r3, r3, r4
100074b0:	b29b      	uxth	r3, r3
100074b2:	429c      	cmp	r4, r3
100074b4:	d9fb      	bls.n	100074ae <_tu_fifo_peek+0x36>
100074b6:	6829      	ldr	r1, [r5, #0]
100074b8:	88ea      	ldrh	r2, [r5, #6]
100074ba:	0452      	lsls	r2, r2, #17
100074bc:	0c52      	lsrs	r2, r2, #17
100074be:	4353      	muls	r3, r2
100074c0:	18c9      	adds	r1, r1, r3
100074c2:	f7fd fedd 	bl	10005280 <__wrap___aeabi_memcpy>
100074c6:	2001      	movs	r0, #1
100074c8:	bd70      	pop	{r4, r5, r6, pc}
100074ca:	2000      	movs	r0, #0
100074cc:	e7fc      	b.n	100074c8 <_tu_fifo_peek+0x50>

100074ce <_ff_pull_const_addr>:
100074ce:	b5f0      	push	{r4, r5, r6, r7, lr}
100074d0:	b083      	sub	sp, #12
100074d2:	0006      	movs	r6, r0
100074d4:	0893      	lsrs	r3, r2, #2
100074d6:	e00c      	b.n	100074f2 <_ff_pull_const_addr+0x24>
100074d8:	780b      	ldrb	r3, [r1, #0]
100074da:	784d      	ldrb	r5, [r1, #1]
100074dc:	022d      	lsls	r5, r5, #8
100074de:	431d      	orrs	r5, r3
100074e0:	788c      	ldrb	r4, [r1, #2]
100074e2:	0424      	lsls	r4, r4, #16
100074e4:	4325      	orrs	r5, r4
100074e6:	78cb      	ldrb	r3, [r1, #3]
100074e8:	061b      	lsls	r3, r3, #24
100074ea:	432b      	orrs	r3, r5
100074ec:	6033      	str	r3, [r6, #0]
100074ee:	3104      	adds	r1, #4
100074f0:	003b      	movs	r3, r7
100074f2:	1e5f      	subs	r7, r3, #1
100074f4:	b2bf      	uxth	r7, r7
100074f6:	2b00      	cmp	r3, #0
100074f8:	d1ee      	bne.n	100074d8 <_ff_pull_const_addr+0xa>
100074fa:	3303      	adds	r3, #3
100074fc:	0010      	movs	r0, r2
100074fe:	4018      	ands	r0, r3
10007500:	421a      	tst	r2, r3
10007502:	d101      	bne.n	10007508 <_ff_pull_const_addr+0x3a>
10007504:	b003      	add	sp, #12
10007506:	bdf0      	pop	{r4, r5, r6, r7, pc}
10007508:	2300      	movs	r3, #0
1000750a:	9301      	str	r3, [sp, #4]
1000750c:	0002      	movs	r2, r0
1000750e:	a801      	add	r0, sp, #4
10007510:	f7fd feb6 	bl	10005280 <__wrap___aeabi_memcpy>
10007514:	9b01      	ldr	r3, [sp, #4]
10007516:	6033      	str	r3, [r6, #0]
10007518:	e7f4      	b.n	10007504 <_ff_pull_const_addr+0x36>

1000751a <_ff_pull_n>:
1000751a:	b5f0      	push	{r4, r5, r6, r7, lr}
1000751c:	46de      	mov	lr, fp
1000751e:	4657      	mov	r7, sl
10007520:	464e      	mov	r6, r9
10007522:	4645      	mov	r5, r8
10007524:	b5e0      	push	{r5, r6, r7, lr}
10007526:	b083      	sub	sp, #12
10007528:	0005      	movs	r5, r0
1000752a:	468a      	mov	sl, r1
1000752c:	a90c      	add	r1, sp, #48	; 0x30
1000752e:	7809      	ldrb	r1, [r1, #0]
10007530:	8884      	ldrh	r4, [r0, #4]
10007532:	1ae0      	subs	r0, r4, r3
10007534:	b280      	uxth	r0, r0
10007536:	1b1c      	subs	r4, r3, r4
10007538:	1914      	adds	r4, r2, r4
1000753a:	b2a4      	uxth	r4, r4
1000753c:	88ef      	ldrh	r7, [r5, #6]
1000753e:	047f      	lsls	r7, r7, #17
10007540:	0c7e      	lsrs	r6, r7, #17
10007542:	0007      	movs	r7, r0
10007544:	4377      	muls	r7, r6
10007546:	b2bf      	uxth	r7, r7
10007548:	4374      	muls	r4, r6
1000754a:	b2a4      	uxth	r4, r4
1000754c:	46a3      	mov	fp, r4
1000754e:	4373      	muls	r3, r6
10007550:	682c      	ldr	r4, [r5, #0]
10007552:	46a0      	mov	r8, r4
10007554:	4498      	add	r8, r3
10007556:	2900      	cmp	r1, #0
10007558:	d008      	beq.n	1000756c <_ff_pull_n+0x52>
1000755a:	2901      	cmp	r1, #1
1000755c:	d01a      	beq.n	10007594 <_ff_pull_n+0x7a>
1000755e:	b003      	add	sp, #12
10007560:	bcf0      	pop	{r4, r5, r6, r7}
10007562:	46bb      	mov	fp, r7
10007564:	46b2      	mov	sl, r6
10007566:	46a9      	mov	r9, r5
10007568:	46a0      	mov	r8, r4
1000756a:	bdf0      	pop	{r4, r5, r6, r7, pc}
1000756c:	4290      	cmp	r0, r2
1000756e:	d305      	bcc.n	1000757c <_ff_pull_n+0x62>
10007570:	4372      	muls	r2, r6
10007572:	4641      	mov	r1, r8
10007574:	4650      	mov	r0, sl
10007576:	f7fd fe83 	bl	10005280 <__wrap___aeabi_memcpy>
1000757a:	e7f0      	b.n	1000755e <_ff_pull_n+0x44>
1000757c:	003a      	movs	r2, r7
1000757e:	4641      	mov	r1, r8
10007580:	4650      	mov	r0, sl
10007582:	f7fd fe7d 	bl	10005280 <__wrap___aeabi_memcpy>
10007586:	6829      	ldr	r1, [r5, #0]
10007588:	0038      	movs	r0, r7
1000758a:	4450      	add	r0, sl
1000758c:	465a      	mov	r2, fp
1000758e:	f7fd fe77 	bl	10005280 <__wrap___aeabi_memcpy>
10007592:	e7e4      	b.n	1000755e <_ff_pull_n+0x44>
10007594:	4290      	cmp	r0, r2
10007596:	d306      	bcc.n	100075a6 <_ff_pull_n+0x8c>
10007598:	4372      	muls	r2, r6
1000759a:	b292      	uxth	r2, r2
1000759c:	4641      	mov	r1, r8
1000759e:	4650      	mov	r0, sl
100075a0:	f7ff ff95 	bl	100074ce <_ff_pull_const_addr>
100075a4:	e7db      	b.n	1000755e <_ff_pull_n+0x44>
100075a6:	2303      	movs	r3, #3
100075a8:	003a      	movs	r2, r7
100075aa:	439a      	bics	r2, r3
100075ac:	4691      	mov	r9, r2
100075ae:	4641      	mov	r1, r8
100075b0:	4650      	mov	r0, sl
100075b2:	f7ff ff8c 	bl	100074ce <_ff_pull_const_addr>
100075b6:	4643      	mov	r3, r8
100075b8:	444b      	add	r3, r9
100075ba:	2103      	movs	r1, #3
100075bc:	003a      	movs	r2, r7
100075be:	400a      	ands	r2, r1
100075c0:	420f      	tst	r7, r1
100075c2:	d030      	beq.n	10007626 <_ff_pull_n+0x10c>
100075c4:	2104      	movs	r1, #4
100075c6:	1a89      	subs	r1, r1, r2
100075c8:	b289      	uxth	r1, r1
100075ca:	1c08      	adds	r0, r1, #0
100075cc:	4559      	cmp	r1, fp
100075ce:	d900      	bls.n	100075d2 <_ff_pull_n+0xb8>
100075d0:	4658      	mov	r0, fp
100075d2:	b2c7      	uxtb	r7, r0
100075d4:	21ff      	movs	r1, #255	; 0xff
100075d6:	4001      	ands	r1, r0
100075d8:	4658      	mov	r0, fp
100075da:	1a44      	subs	r4, r0, r1
100075dc:	b2a1      	uxth	r1, r4
100075de:	468b      	mov	fp, r1
100075e0:	2100      	movs	r1, #0
100075e2:	9101      	str	r1, [sp, #4]
100075e4:	a801      	add	r0, sp, #4
100075e6:	e004      	b.n	100075f2 <_ff_pull_n+0xd8>
100075e8:	781a      	ldrb	r2, [r3, #0]
100075ea:	7002      	strb	r2, [r0, #0]
100075ec:	3001      	adds	r0, #1
100075ee:	000a      	movs	r2, r1
100075f0:	3301      	adds	r3, #1
100075f2:	1e51      	subs	r1, r2, #1
100075f4:	b2c9      	uxtb	r1, r1
100075f6:	2a00      	cmp	r2, #0
100075f8:	d1f6      	bne.n	100075e8 <_ff_pull_n+0xce>
100075fa:	6829      	ldr	r1, [r5, #0]
100075fc:	e004      	b.n	10007608 <_ff_pull_n+0xee>
100075fe:	780a      	ldrb	r2, [r1, #0]
10007600:	7002      	strb	r2, [r0, #0]
10007602:	3001      	adds	r0, #1
10007604:	001f      	movs	r7, r3
10007606:	3101      	adds	r1, #1
10007608:	1e7b      	subs	r3, r7, #1
1000760a:	b2db      	uxtb	r3, r3
1000760c:	2f00      	cmp	r7, #0
1000760e:	d1f6      	bne.n	100075fe <_ff_pull_n+0xe4>
10007610:	4653      	mov	r3, sl
10007612:	9a01      	ldr	r2, [sp, #4]
10007614:	601a      	str	r2, [r3, #0]
10007616:	465b      	mov	r3, fp
10007618:	2b00      	cmp	r3, #0
1000761a:	d0a0      	beq.n	1000755e <_ff_pull_n+0x44>
1000761c:	465a      	mov	r2, fp
1000761e:	4650      	mov	r0, sl
10007620:	f7ff ff55 	bl	100074ce <_ff_pull_const_addr>
10007624:	e79b      	b.n	1000755e <_ff_pull_n+0x44>
10007626:	6829      	ldr	r1, [r5, #0]
10007628:	e7f5      	b.n	10007616 <_ff_pull_n+0xfc>

1000762a <_tu_fifo_peek_n>:
1000762a:	b5f0      	push	{r4, r5, r6, r7, lr}
1000762c:	46c6      	mov	lr, r8
1000762e:	b500      	push	{lr}
10007630:	b082      	sub	sp, #8
10007632:	001e      	movs	r6, r3
10007634:	ab08      	add	r3, sp, #32
10007636:	881b      	ldrh	r3, [r3, #0]
10007638:	ac09      	add	r4, sp, #36	; 0x24
1000763a:	7827      	ldrb	r7, [r4, #0]
1000763c:	8884      	ldrh	r4, [r0, #4]
1000763e:	429e      	cmp	r6, r3
10007640:	d30f      	bcc.n	10007662 <_tu_fifo_peek_n+0x38>
10007642:	1af5      	subs	r5, r6, r3
10007644:	b2ad      	uxth	r5, r5
10007646:	2d00      	cmp	r5, #0
10007648:	d01f      	beq.n	1000768a <_tu_fifo_peek_n+0x60>
1000764a:	42ac      	cmp	r4, r5
1000764c:	d205      	bcs.n	1000765a <_tu_fifo_peek_n+0x30>
1000764e:	42b4      	cmp	r4, r6
10007650:	d810      	bhi.n	10007674 <_tu_fifo_peek_n+0x4a>
10007652:	1b33      	subs	r3, r6, r4
10007654:	b29b      	uxth	r3, r3
10007656:	8143      	strh	r3, [r0, #10]
10007658:	0025      	movs	r5, r4
1000765a:	4295      	cmp	r5, r2
1000765c:	d30f      	bcc.n	1000767e <_tu_fifo_peek_n+0x54>
1000765e:	0015      	movs	r5, r2
10007660:	e00d      	b.n	1000767e <_tu_fifo_peek_n+0x54>
10007662:	1af5      	subs	r5, r6, r3
10007664:	b2ad      	uxth	r5, r5
10007666:	46a8      	mov	r8, r5
10007668:	0065      	lsls	r5, r4, #1
1000766a:	46ac      	mov	ip, r5
1000766c:	4645      	mov	r5, r8
1000766e:	4465      	add	r5, ip
10007670:	b2ad      	uxth	r5, r5
10007672:	e7e8      	b.n	10007646 <_tu_fifo_peek_n+0x1c>
10007674:	19a6      	adds	r6, r4, r6
10007676:	b2b3      	uxth	r3, r6
10007678:	e7ed      	b.n	10007656 <_tu_fifo_peek_n+0x2c>
1000767a:	1b1b      	subs	r3, r3, r4
1000767c:	b29b      	uxth	r3, r3
1000767e:	429c      	cmp	r4, r3
10007680:	d9fb      	bls.n	1000767a <_tu_fifo_peek_n+0x50>
10007682:	9700      	str	r7, [sp, #0]
10007684:	002a      	movs	r2, r5
10007686:	f7ff ff48 	bl	1000751a <_ff_pull_n>
1000768a:	0028      	movs	r0, r5
1000768c:	b002      	add	sp, #8
1000768e:	bc80      	pop	{r7}
10007690:	46b8      	mov	r8, r7
10007692:	bdf0      	pop	{r4, r5, r6, r7, pc}

10007694 <_tu_fifo_read_n>:
10007694:	b5f0      	push	{r4, r5, r6, r7, lr}
10007696:	b083      	sub	sp, #12
10007698:	0004      	movs	r4, r0
1000769a:	000d      	movs	r5, r1
1000769c:	0016      	movs	r6, r2
1000769e:	001f      	movs	r7, r3
100076a0:	6900      	ldr	r0, [r0, #16]
100076a2:	2800      	cmp	r0, #0
100076a4:	d003      	beq.n	100076ae <_tu_fifo_read_n+0x1a>
100076a6:	2101      	movs	r1, #1
100076a8:	4249      	negs	r1, r1
100076aa:	f003 f949 	bl	1000a940 <__mutex_enter_timeout_ms_veneer>
100076ae:	8923      	ldrh	r3, [r4, #8]
100076b0:	b29b      	uxth	r3, r3
100076b2:	8962      	ldrh	r2, [r4, #10]
100076b4:	9701      	str	r7, [sp, #4]
100076b6:	9200      	str	r2, [sp, #0]
100076b8:	0032      	movs	r2, r6
100076ba:	0029      	movs	r1, r5
100076bc:	0020      	movs	r0, r4
100076be:	f7ff ffb4 	bl	1000762a <_tu_fifo_peek_n>
100076c2:	0005      	movs	r5, r0
100076c4:	8961      	ldrh	r1, [r4, #10]
100076c6:	b289      	uxth	r1, r1
100076c8:	88a0      	ldrh	r0, [r4, #4]
100076ca:	002a      	movs	r2, r5
100076cc:	f7ff fec7 	bl	1000745e <advance_index>
100076d0:	8160      	strh	r0, [r4, #10]
100076d2:	6920      	ldr	r0, [r4, #16]
100076d4:	2800      	cmp	r0, #0
100076d6:	d001      	beq.n	100076dc <_tu_fifo_read_n+0x48>
100076d8:	f003 f902 	bl	1000a8e0 <__mutex_exit_veneer>
100076dc:	0028      	movs	r0, r5
100076de:	b003      	add	sp, #12
100076e0:	bdf0      	pop	{r4, r5, r6, r7, pc}

100076e2 <_ff_push_const_addr>:
100076e2:	b570      	push	{r4, r5, r6, lr}
100076e4:	b082      	sub	sp, #8
100076e6:	0016      	movs	r6, r2
100076e8:	0895      	lsrs	r5, r2, #2
100076ea:	e009      	b.n	10007700 <_ff_push_const_addr+0x1e>
100076ec:	680b      	ldr	r3, [r1, #0]
100076ee:	7003      	strb	r3, [r0, #0]
100076f0:	0a1d      	lsrs	r5, r3, #8
100076f2:	7045      	strb	r5, [r0, #1]
100076f4:	0c1d      	lsrs	r5, r3, #16
100076f6:	7085      	strb	r5, [r0, #2]
100076f8:	0e1b      	lsrs	r3, r3, #24
100076fa:	70c3      	strb	r3, [r0, #3]
100076fc:	3004      	adds	r0, #4
100076fe:	0025      	movs	r5, r4
10007700:	1e6c      	subs	r4, r5, #1
10007702:	b2a4      	uxth	r4, r4
10007704:	2d00      	cmp	r5, #0
10007706:	d1f1      	bne.n	100076ec <_ff_push_const_addr+0xa>
10007708:	2303      	movs	r3, #3
1000770a:	0032      	movs	r2, r6
1000770c:	401a      	ands	r2, r3
1000770e:	421e      	tst	r6, r3
10007710:	d101      	bne.n	10007716 <_ff_push_const_addr+0x34>
10007712:	b002      	add	sp, #8
10007714:	bd70      	pop	{r4, r5, r6, pc}
10007716:	680b      	ldr	r3, [r1, #0]
10007718:	9301      	str	r3, [sp, #4]
1000771a:	a901      	add	r1, sp, #4
1000771c:	f7fd fdb0 	bl	10005280 <__wrap___aeabi_memcpy>
10007720:	e7f7      	b.n	10007712 <_ff_push_const_addr+0x30>

10007722 <_ff_push_n>:
10007722:	b5f0      	push	{r4, r5, r6, r7, lr}
10007724:	46de      	mov	lr, fp
10007726:	4657      	mov	r7, sl
10007728:	464e      	mov	r6, r9
1000772a:	4645      	mov	r5, r8
1000772c:	b5e0      	push	{r5, r6, r7, lr}
1000772e:	b083      	sub	sp, #12
10007730:	0005      	movs	r5, r0
10007732:	468a      	mov	sl, r1
10007734:	a90c      	add	r1, sp, #48	; 0x30
10007736:	7808      	ldrb	r0, [r1, #0]
10007738:	88ac      	ldrh	r4, [r5, #4]
1000773a:	1ae1      	subs	r1, r4, r3
1000773c:	b289      	uxth	r1, r1
1000773e:	1b1c      	subs	r4, r3, r4
10007740:	1914      	adds	r4, r2, r4
10007742:	b2a4      	uxth	r4, r4
10007744:	88ef      	ldrh	r7, [r5, #6]
10007746:	047f      	lsls	r7, r7, #17
10007748:	0c7e      	lsrs	r6, r7, #17
1000774a:	000f      	movs	r7, r1
1000774c:	4377      	muls	r7, r6
1000774e:	b2bf      	uxth	r7, r7
10007750:	4374      	muls	r4, r6
10007752:	b2a4      	uxth	r4, r4
10007754:	46a3      	mov	fp, r4
10007756:	4373      	muls	r3, r6
10007758:	682c      	ldr	r4, [r5, #0]
1000775a:	46a0      	mov	r8, r4
1000775c:	4498      	add	r8, r3
1000775e:	2800      	cmp	r0, #0
10007760:	d008      	beq.n	10007774 <_ff_push_n+0x52>
10007762:	2801      	cmp	r0, #1
10007764:	d01a      	beq.n	1000779c <_ff_push_n+0x7a>
10007766:	b003      	add	sp, #12
10007768:	bcf0      	pop	{r4, r5, r6, r7}
1000776a:	46bb      	mov	fp, r7
1000776c:	46b2      	mov	sl, r6
1000776e:	46a9      	mov	r9, r5
10007770:	46a0      	mov	r8, r4
10007772:	bdf0      	pop	{r4, r5, r6, r7, pc}
10007774:	4291      	cmp	r1, r2
10007776:	d305      	bcc.n	10007784 <_ff_push_n+0x62>
10007778:	4372      	muls	r2, r6
1000777a:	4651      	mov	r1, sl
1000777c:	4640      	mov	r0, r8
1000777e:	f7fd fd7f 	bl	10005280 <__wrap___aeabi_memcpy>
10007782:	e7f0      	b.n	10007766 <_ff_push_n+0x44>
10007784:	003a      	movs	r2, r7
10007786:	4651      	mov	r1, sl
10007788:	4640      	mov	r0, r8
1000778a:	f7fd fd79 	bl	10005280 <__wrap___aeabi_memcpy>
1000778e:	6828      	ldr	r0, [r5, #0]
10007790:	0039      	movs	r1, r7
10007792:	4451      	add	r1, sl
10007794:	465a      	mov	r2, fp
10007796:	f7fd fd73 	bl	10005280 <__wrap___aeabi_memcpy>
1000779a:	e7e4      	b.n	10007766 <_ff_push_n+0x44>
1000779c:	4291      	cmp	r1, r2
1000779e:	d306      	bcc.n	100077ae <_ff_push_n+0x8c>
100077a0:	4372      	muls	r2, r6
100077a2:	b292      	uxth	r2, r2
100077a4:	4651      	mov	r1, sl
100077a6:	4640      	mov	r0, r8
100077a8:	f7ff ff9b 	bl	100076e2 <_ff_push_const_addr>
100077ac:	e7db      	b.n	10007766 <_ff_push_n+0x44>
100077ae:	2303      	movs	r3, #3
100077b0:	003a      	movs	r2, r7
100077b2:	439a      	bics	r2, r3
100077b4:	4691      	mov	r9, r2
100077b6:	4651      	mov	r1, sl
100077b8:	4640      	mov	r0, r8
100077ba:	f7ff ff92 	bl	100076e2 <_ff_push_const_addr>
100077be:	4643      	mov	r3, r8
100077c0:	444b      	add	r3, r9
100077c2:	2103      	movs	r1, #3
100077c4:	003a      	movs	r2, r7
100077c6:	400a      	ands	r2, r1
100077c8:	420f      	tst	r7, r1
100077ca:	d02e      	beq.n	1000782a <_ff_push_n+0x108>
100077cc:	2104      	movs	r1, #4
100077ce:	1a89      	subs	r1, r1, r2
100077d0:	b289      	uxth	r1, r1
100077d2:	1c08      	adds	r0, r1, #0
100077d4:	4559      	cmp	r1, fp
100077d6:	d900      	bls.n	100077da <_ff_push_n+0xb8>
100077d8:	4658      	mov	r0, fp
100077da:	b2c7      	uxtb	r7, r0
100077dc:	21ff      	movs	r1, #255	; 0xff
100077de:	4001      	ands	r1, r0
100077e0:	4658      	mov	r0, fp
100077e2:	1a44      	subs	r4, r0, r1
100077e4:	b2a1      	uxth	r1, r4
100077e6:	468b      	mov	fp, r1
100077e8:	4651      	mov	r1, sl
100077ea:	6809      	ldr	r1, [r1, #0]
100077ec:	9101      	str	r1, [sp, #4]
100077ee:	a901      	add	r1, sp, #4
100077f0:	e004      	b.n	100077fc <_ff_push_n+0xda>
100077f2:	780a      	ldrb	r2, [r1, #0]
100077f4:	701a      	strb	r2, [r3, #0]
100077f6:	3101      	adds	r1, #1
100077f8:	0002      	movs	r2, r0
100077fa:	3301      	adds	r3, #1
100077fc:	1e50      	subs	r0, r2, #1
100077fe:	b2c0      	uxtb	r0, r0
10007800:	2a00      	cmp	r2, #0
10007802:	d1f6      	bne.n	100077f2 <_ff_push_n+0xd0>
10007804:	6828      	ldr	r0, [r5, #0]
10007806:	e004      	b.n	10007812 <_ff_push_n+0xf0>
10007808:	780a      	ldrb	r2, [r1, #0]
1000780a:	7002      	strb	r2, [r0, #0]
1000780c:	3101      	adds	r1, #1
1000780e:	001f      	movs	r7, r3
10007810:	3001      	adds	r0, #1
10007812:	1e7b      	subs	r3, r7, #1
10007814:	b2db      	uxtb	r3, r3
10007816:	2f00      	cmp	r7, #0
10007818:	d1f6      	bne.n	10007808 <_ff_push_n+0xe6>
1000781a:	465b      	mov	r3, fp
1000781c:	2b00      	cmp	r3, #0
1000781e:	d0a2      	beq.n	10007766 <_ff_push_n+0x44>
10007820:	465a      	mov	r2, fp
10007822:	4651      	mov	r1, sl
10007824:	f7ff ff5d 	bl	100076e2 <_ff_push_const_addr>
10007828:	e79d      	b.n	10007766 <_ff_push_n+0x44>
1000782a:	6828      	ldr	r0, [r5, #0]
1000782c:	e7f5      	b.n	1000781a <_ff_push_n+0xf8>

1000782e <_tu_fifo_write_n>:
1000782e:	b5f0      	push	{r4, r5, r6, r7, lr}
10007830:	b085      	sub	sp, #20
10007832:	0006      	movs	r6, r0
10007834:	9103      	str	r1, [sp, #12]
10007836:	1e15      	subs	r5, r2, #0
10007838:	9302      	str	r3, [sp, #8]
1000783a:	d100      	bne.n	1000783e <_tu_fifo_write_n+0x10>
1000783c:	e06d      	b.n	1000791a <_tu_fifo_write_n+0xec>
1000783e:	68c0      	ldr	r0, [r0, #12]
10007840:	2800      	cmp	r0, #0
10007842:	d003      	beq.n	1000784c <_tu_fifo_write_n+0x1e>
10007844:	2101      	movs	r1, #1
10007846:	4249      	negs	r1, r1
10007848:	f003 f87a 	bl	1000a940 <__mutex_enter_timeout_ms_veneer>
1000784c:	8934      	ldrh	r4, [r6, #8]
1000784e:	b2a4      	uxth	r4, r4
10007850:	8971      	ldrh	r1, [r6, #10]
10007852:	b289      	uxth	r1, r1
10007854:	79f3      	ldrb	r3, [r6, #7]
10007856:	09db      	lsrs	r3, r3, #7
10007858:	d11a      	bne.n	10007890 <_tu_fifo_write_n+0x62>
1000785a:	88b3      	ldrh	r3, [r6, #4]
1000785c:	428c      	cmp	r4, r1
1000785e:	d30f      	bcc.n	10007880 <_tu_fifo_write_n+0x52>
10007860:	1a61      	subs	r1, r4, r1
10007862:	b289      	uxth	r1, r1
10007864:	428b      	cmp	r3, r1
10007866:	d911      	bls.n	1000788c <_tu_fifo_write_n+0x5e>
10007868:	1a5b      	subs	r3, r3, r1
1000786a:	b29b      	uxth	r3, r3
1000786c:	1c2f      	adds	r7, r5, #0
1000786e:	429d      	cmp	r5, r3
10007870:	d900      	bls.n	10007874 <_tu_fifo_write_n+0x46>
10007872:	1c1f      	adds	r7, r3, #0
10007874:	b2bf      	uxth	r7, r7
10007876:	2f00      	cmp	r7, #0
10007878:	d047      	beq.n	1000790a <_tu_fifo_write_n+0xdc>
1000787a:	88b2      	ldrh	r2, [r6, #4]
1000787c:	0023      	movs	r3, r4
1000787e:	e035      	b.n	100078ec <_tu_fifo_write_n+0xbe>
10007880:	1a61      	subs	r1, r4, r1
10007882:	b289      	uxth	r1, r1
10007884:	005a      	lsls	r2, r3, #1
10007886:	1889      	adds	r1, r1, r2
10007888:	b289      	uxth	r1, r1
1000788a:	e7eb      	b.n	10007864 <_tu_fifo_write_n+0x36>
1000788c:	2300      	movs	r3, #0
1000788e:	e7ed      	b.n	1000786c <_tu_fifo_write_n+0x3e>
10007890:	88b7      	ldrh	r7, [r6, #4]
10007892:	42af      	cmp	r7, r5
10007894:	d80e      	bhi.n	100078b4 <_tu_fifo_write_n+0x86>
10007896:	9b02      	ldr	r3, [sp, #8]
10007898:	2b00      	cmp	r3, #0
1000789a:	d121      	bne.n	100078e0 <_tu_fifo_write_n+0xb2>
1000789c:	1bed      	subs	r5, r5, r7
1000789e:	88f3      	ldrh	r3, [r6, #6]
100078a0:	045b      	lsls	r3, r3, #17
100078a2:	0c5a      	lsrs	r2, r3, #17
100078a4:	436a      	muls	r2, r5
100078a6:	9b03      	ldr	r3, [sp, #12]
100078a8:	469c      	mov	ip, r3
100078aa:	4494      	add	ip, r2
100078ac:	4663      	mov	r3, ip
100078ae:	9303      	str	r3, [sp, #12]
100078b0:	000c      	movs	r4, r1
100078b2:	e7e0      	b.n	10007876 <_tu_fifo_write_n+0x48>
100078b4:	428c      	cmp	r4, r1
100078b6:	d30d      	bcc.n	100078d4 <_tu_fifo_write_n+0xa6>
100078b8:	1a63      	subs	r3, r4, r1
100078ba:	b29b      	uxth	r3, r3
100078bc:	195b      	adds	r3, r3, r5
100078be:	007a      	lsls	r2, r7, #1
100078c0:	4293      	cmp	r3, r2
100078c2:	db0f      	blt.n	100078e4 <_tu_fifo_write_n+0xb6>
100078c4:	1b7a      	subs	r2, r7, r5
100078c6:	b292      	uxth	r2, r2
100078c8:	0038      	movs	r0, r7
100078ca:	f7ff fdc8 	bl	1000745e <advance_index>
100078ce:	0004      	movs	r4, r0
100078d0:	002f      	movs	r7, r5
100078d2:	e7d0      	b.n	10007876 <_tu_fifo_write_n+0x48>
100078d4:	1a63      	subs	r3, r4, r1
100078d6:	b29b      	uxth	r3, r3
100078d8:	007a      	lsls	r2, r7, #1
100078da:	189b      	adds	r3, r3, r2
100078dc:	b29b      	uxth	r3, r3
100078de:	e7ed      	b.n	100078bc <_tu_fifo_write_n+0x8e>
100078e0:	000c      	movs	r4, r1
100078e2:	e7c8      	b.n	10007876 <_tu_fifo_write_n+0x48>
100078e4:	002f      	movs	r7, r5
100078e6:	e7c6      	b.n	10007876 <_tu_fifo_write_n+0x48>
100078e8:	1a9b      	subs	r3, r3, r2
100078ea:	b29b      	uxth	r3, r3
100078ec:	429a      	cmp	r2, r3
100078ee:	d9fb      	bls.n	100078e8 <_tu_fifo_write_n+0xba>
100078f0:	9a02      	ldr	r2, [sp, #8]
100078f2:	9200      	str	r2, [sp, #0]
100078f4:	003a      	movs	r2, r7
100078f6:	9903      	ldr	r1, [sp, #12]
100078f8:	0030      	movs	r0, r6
100078fa:	f7ff ff12 	bl	10007722 <_ff_push_n>
100078fe:	88b0      	ldrh	r0, [r6, #4]
10007900:	003a      	movs	r2, r7
10007902:	0021      	movs	r1, r4
10007904:	f7ff fdab 	bl	1000745e <advance_index>
10007908:	8130      	strh	r0, [r6, #8]
1000790a:	68f0      	ldr	r0, [r6, #12]
1000790c:	2800      	cmp	r0, #0
1000790e:	d001      	beq.n	10007914 <_tu_fifo_write_n+0xe6>
10007910:	f002 ffe6 	bl	1000a8e0 <__mutex_exit_veneer>
10007914:	0038      	movs	r0, r7
10007916:	b005      	add	sp, #20
10007918:	bdf0      	pop	{r4, r5, r6, r7, pc}
1000791a:	0017      	movs	r7, r2
1000791c:	e7fa      	b.n	10007914 <_tu_fifo_write_n+0xe6>

1000791e <tu_fifo_config>:
1000791e:	b5f0      	push	{r4, r5, r6, r7, lr}
10007920:	b083      	sub	sp, #12
10007922:	0004      	movs	r4, r0
10007924:	9101      	str	r1, [sp, #4]
10007926:	0016      	movs	r6, r2
10007928:	001d      	movs	r5, r3
1000792a:	ab08      	add	r3, sp, #32
1000792c:	781f      	ldrb	r7, [r3, #0]
1000792e:	2380      	movs	r3, #128	; 0x80
10007930:	021b      	lsls	r3, r3, #8
10007932:	429a      	cmp	r2, r3
10007934:	d82d      	bhi.n	10007992 <tu_fifo_config+0x74>
10007936:	68c0      	ldr	r0, [r0, #12]
10007938:	2800      	cmp	r0, #0
1000793a:	d003      	beq.n	10007944 <tu_fifo_config+0x26>
1000793c:	2101      	movs	r1, #1
1000793e:	4249      	negs	r1, r1
10007940:	f002 fffe 	bl	1000a940 <__mutex_enter_timeout_ms_veneer>
10007944:	6920      	ldr	r0, [r4, #16]
10007946:	2800      	cmp	r0, #0
10007948:	d003      	beq.n	10007952 <tu_fifo_config+0x34>
1000794a:	2101      	movs	r1, #1
1000794c:	4249      	negs	r1, r1
1000794e:	f002 fff7 	bl	1000a940 <__mutex_enter_timeout_ms_veneer>
10007952:	9b01      	ldr	r3, [sp, #4]
10007954:	6023      	str	r3, [r4, #0]
10007956:	80a6      	strh	r6, [r4, #4]
10007958:	046d      	lsls	r5, r5, #17
1000795a:	0c6b      	lsrs	r3, r5, #17
1000795c:	88e2      	ldrh	r2, [r4, #6]
1000795e:	0bd2      	lsrs	r2, r2, #15
10007960:	03d5      	lsls	r5, r2, #15
10007962:	431d      	orrs	r5, r3
10007964:	80e5      	strh	r5, [r4, #6]
10007966:	01fb      	lsls	r3, r7, #7
10007968:	79e2      	ldrb	r2, [r4, #7]
1000796a:	277f      	movs	r7, #127	; 0x7f
1000796c:	4017      	ands	r7, r2
1000796e:	431f      	orrs	r7, r3
10007970:	71e7      	strb	r7, [r4, #7]
10007972:	2300      	movs	r3, #0
10007974:	8163      	strh	r3, [r4, #10]
10007976:	8123      	strh	r3, [r4, #8]
10007978:	68e0      	ldr	r0, [r4, #12]
1000797a:	2800      	cmp	r0, #0
1000797c:	d001      	beq.n	10007982 <tu_fifo_config+0x64>
1000797e:	f002 ffaf 	bl	1000a8e0 <__mutex_exit_veneer>
10007982:	6920      	ldr	r0, [r4, #16]
10007984:	2800      	cmp	r0, #0
10007986:	d006      	beq.n	10007996 <tu_fifo_config+0x78>
10007988:	f002 ffaa 	bl	1000a8e0 <__mutex_exit_veneer>
1000798c:	2001      	movs	r0, #1
1000798e:	b003      	add	sp, #12
10007990:	bdf0      	pop	{r4, r5, r6, r7, pc}
10007992:	2000      	movs	r0, #0
10007994:	e7fb      	b.n	1000798e <tu_fifo_config+0x70>
10007996:	2001      	movs	r0, #1
10007998:	e7f9      	b.n	1000798e <tu_fifo_config+0x70>

1000799a <tu_fifo_count>:
1000799a:	8881      	ldrh	r1, [r0, #4]
1000799c:	8903      	ldrh	r3, [r0, #8]
1000799e:	b29b      	uxth	r3, r3
100079a0:	8942      	ldrh	r2, [r0, #10]
100079a2:	b292      	uxth	r2, r2
100079a4:	4293      	cmp	r3, r2
100079a6:	d307      	bcc.n	100079b8 <tu_fifo_count+0x1e>
100079a8:	1a9b      	subs	r3, r3, r2
100079aa:	b29b      	uxth	r3, r3
100079ac:	1c08      	adds	r0, r1, #0
100079ae:	4299      	cmp	r1, r3
100079b0:	d900      	bls.n	100079b4 <tu_fifo_count+0x1a>
100079b2:	1c18      	adds	r0, r3, #0
100079b4:	b280      	uxth	r0, r0
100079b6:	4770      	bx	lr
100079b8:	1a9b      	subs	r3, r3, r2
100079ba:	b29b      	uxth	r3, r3
100079bc:	004a      	lsls	r2, r1, #1
100079be:	189b      	adds	r3, r3, r2
100079c0:	b29b      	uxth	r3, r3
100079c2:	e7f3      	b.n	100079ac <tu_fifo_count+0x12>

100079c4 <tu_fifo_empty>:
100079c4:	0003      	movs	r3, r0
100079c6:	8900      	ldrh	r0, [r0, #8]
100079c8:	895b      	ldrh	r3, [r3, #10]
100079ca:	1ac0      	subs	r0, r0, r3
100079cc:	4243      	negs	r3, r0
100079ce:	4158      	adcs	r0, r3
100079d0:	b2c0      	uxtb	r0, r0
100079d2:	4770      	bx	lr

100079d4 <tu_fifo_full>:
100079d4:	8881      	ldrh	r1, [r0, #4]
100079d6:	8903      	ldrh	r3, [r0, #8]
100079d8:	b29b      	uxth	r3, r3
100079da:	8942      	ldrh	r2, [r0, #10]
100079dc:	b292      	uxth	r2, r2
100079de:	4293      	cmp	r3, r2
100079e0:	d306      	bcc.n	100079f0 <tu_fifo_full+0x1c>
100079e2:	1a9b      	subs	r3, r3, r2
100079e4:	b29b      	uxth	r3, r3
100079e6:	2000      	movs	r0, #0
100079e8:	428b      	cmp	r3, r1
100079ea:	4140      	adcs	r0, r0
100079ec:	b2c0      	uxtb	r0, r0
100079ee:	4770      	bx	lr
100079f0:	1a9b      	subs	r3, r3, r2
100079f2:	b29b      	uxth	r3, r3
100079f4:	004a      	lsls	r2, r1, #1
100079f6:	189b      	adds	r3, r3, r2
100079f8:	b29b      	uxth	r3, r3
100079fa:	e7f4      	b.n	100079e6 <tu_fifo_full+0x12>

100079fc <tu_fifo_remaining>:
100079fc:	8882      	ldrh	r2, [r0, #4]
100079fe:	8903      	ldrh	r3, [r0, #8]
10007a00:	b29b      	uxth	r3, r3
10007a02:	8940      	ldrh	r0, [r0, #10]
10007a04:	b280      	uxth	r0, r0
10007a06:	4283      	cmp	r3, r0
10007a08:	d306      	bcc.n	10007a18 <tu_fifo_remaining+0x1c>
10007a0a:	1a1b      	subs	r3, r3, r0
10007a0c:	b29b      	uxth	r3, r3
10007a0e:	429a      	cmp	r2, r3
10007a10:	d908      	bls.n	10007a24 <tu_fifo_remaining+0x28>
10007a12:	1ad3      	subs	r3, r2, r3
10007a14:	b298      	uxth	r0, r3
10007a16:	4770      	bx	lr
10007a18:	1a1b      	subs	r3, r3, r0
10007a1a:	b29b      	uxth	r3, r3
10007a1c:	0050      	lsls	r0, r2, #1
10007a1e:	181b      	adds	r3, r3, r0
10007a20:	b29b      	uxth	r3, r3
10007a22:	e7f4      	b.n	10007a0e <tu_fifo_remaining+0x12>
10007a24:	2000      	movs	r0, #0
10007a26:	e7f6      	b.n	10007a16 <tu_fifo_remaining+0x1a>

10007a28 <tu_fifo_read>:
10007a28:	b570      	push	{r4, r5, r6, lr}
10007a2a:	0004      	movs	r4, r0
10007a2c:	000d      	movs	r5, r1
10007a2e:	6900      	ldr	r0, [r0, #16]
10007a30:	2800      	cmp	r0, #0
10007a32:	d003      	beq.n	10007a3c <tu_fifo_read+0x14>
10007a34:	2101      	movs	r1, #1
10007a36:	4249      	negs	r1, r1
10007a38:	f002 ff82 	bl	1000a940 <__mutex_enter_timeout_ms_veneer>
10007a3c:	8922      	ldrh	r2, [r4, #8]
10007a3e:	b292      	uxth	r2, r2
10007a40:	8963      	ldrh	r3, [r4, #10]
10007a42:	b29b      	uxth	r3, r3
10007a44:	0029      	movs	r1, r5
10007a46:	0020      	movs	r0, r4
10007a48:	f7ff fd16 	bl	10007478 <_tu_fifo_peek>
10007a4c:	0005      	movs	r5, r0
10007a4e:	8961      	ldrh	r1, [r4, #10]
10007a50:	b289      	uxth	r1, r1
10007a52:	b282      	uxth	r2, r0
10007a54:	88a0      	ldrh	r0, [r4, #4]
10007a56:	f7ff fd02 	bl	1000745e <advance_index>
10007a5a:	8160      	strh	r0, [r4, #10]
10007a5c:	6920      	ldr	r0, [r4, #16]
10007a5e:	2800      	cmp	r0, #0
10007a60:	d001      	beq.n	10007a66 <tu_fifo_read+0x3e>
10007a62:	f002 ff3d 	bl	1000a8e0 <__mutex_exit_veneer>
10007a66:	0028      	movs	r0, r5
10007a68:	bd70      	pop	{r4, r5, r6, pc}

10007a6a <tu_fifo_read_n>:
10007a6a:	b510      	push	{r4, lr}
10007a6c:	2300      	movs	r3, #0
10007a6e:	f7ff fe11 	bl	10007694 <_tu_fifo_read_n>
10007a72:	bd10      	pop	{r4, pc}

10007a74 <tu_fifo_write>:
10007a74:	b5f8      	push	{r3, r4, r5, r6, r7, lr}
10007a76:	0004      	movs	r4, r0
10007a78:	000e      	movs	r6, r1
10007a7a:	68c0      	ldr	r0, [r0, #12]
10007a7c:	2800      	cmp	r0, #0
10007a7e:	d003      	beq.n	10007a88 <tu_fifo_write+0x14>
10007a80:	2101      	movs	r1, #1
10007a82:	4249      	negs	r1, r1
10007a84:	f002 ff5c 	bl	1000a940 <__mutex_enter_timeout_ms_veneer>
10007a88:	8925      	ldrh	r5, [r4, #8]
10007a8a:	b2ad      	uxth	r5, r5
10007a8c:	0020      	movs	r0, r4
10007a8e:	f7ff ffa1 	bl	100079d4 <tu_fifo_full>
10007a92:	2800      	cmp	r0, #0
10007a94:	d002      	beq.n	10007a9c <tu_fifo_write+0x28>
10007a96:	79e7      	ldrb	r7, [r4, #7]
10007a98:	09ff      	lsrs	r7, r7, #7
10007a9a:	d016      	beq.n	10007aca <tu_fifo_write+0x56>
10007a9c:	88a2      	ldrh	r2, [r4, #4]
10007a9e:	002b      	movs	r3, r5
10007aa0:	e001      	b.n	10007aa6 <tu_fifo_write+0x32>
10007aa2:	1a9b      	subs	r3, r3, r2
10007aa4:	b29b      	uxth	r3, r3
10007aa6:	429a      	cmp	r2, r3
10007aa8:	d9fb      	bls.n	10007aa2 <tu_fifo_write+0x2e>
10007aaa:	88e2      	ldrh	r2, [r4, #6]
10007aac:	0452      	lsls	r2, r2, #17
10007aae:	0c52      	lsrs	r2, r2, #17
10007ab0:	4353      	muls	r3, r2
10007ab2:	6821      	ldr	r1, [r4, #0]
10007ab4:	18c8      	adds	r0, r1, r3
10007ab6:	0031      	movs	r1, r6
10007ab8:	f7fd fbe2 	bl	10005280 <__wrap___aeabi_memcpy>
10007abc:	88a0      	ldrh	r0, [r4, #4]
10007abe:	2201      	movs	r2, #1
10007ac0:	0029      	movs	r1, r5
10007ac2:	f7ff fccc 	bl	1000745e <advance_index>
10007ac6:	8120      	strh	r0, [r4, #8]
10007ac8:	2701      	movs	r7, #1
10007aca:	68e0      	ldr	r0, [r4, #12]
10007acc:	2800      	cmp	r0, #0
10007ace:	d001      	beq.n	10007ad4 <tu_fifo_write+0x60>
10007ad0:	f002 ff06 	bl	1000a8e0 <__mutex_exit_veneer>
10007ad4:	0038      	movs	r0, r7
10007ad6:	bdf8      	pop	{r3, r4, r5, r6, r7, pc}

10007ad8 <tu_fifo_write_n>:
10007ad8:	b510      	push	{r4, lr}
10007ada:	2300      	movs	r3, #0
10007adc:	f7ff fea7 	bl	1000782e <_tu_fifo_write_n>
10007ae0:	bd10      	pop	{r4, pc}

10007ae2 <tu_fifo_clear>:
10007ae2:	b510      	push	{r4, lr}
10007ae4:	0004      	movs	r4, r0
10007ae6:	68c0      	ldr	r0, [r0, #12]
10007ae8:	2800      	cmp	r0, #0
10007aea:	d003      	beq.n	10007af4 <tu_fifo_clear+0x12>
10007aec:	2101      	movs	r1, #1
10007aee:	4249      	negs	r1, r1
10007af0:	f002 ff26 	bl	1000a940 <__mutex_enter_timeout_ms_veneer>
10007af4:	6920      	ldr	r0, [r4, #16]
10007af6:	2800      	cmp	r0, #0
10007af8:	d003      	beq.n	10007b02 <tu_fifo_clear+0x20>
10007afa:	2101      	movs	r1, #1
10007afc:	4249      	negs	r1, r1
10007afe:	f002 ff1f 	bl	1000a940 <__mutex_enter_timeout_ms_veneer>
10007b02:	2300      	movs	r3, #0
10007b04:	8163      	strh	r3, [r4, #10]
10007b06:	8123      	strh	r3, [r4, #8]
10007b08:	68e0      	ldr	r0, [r4, #12]
10007b0a:	2800      	cmp	r0, #0
10007b0c:	d001      	beq.n	10007b12 <tu_fifo_clear+0x30>
10007b0e:	f002 fee7 	bl	1000a8e0 <__mutex_exit_veneer>
10007b12:	6920      	ldr	r0, [r4, #16]
10007b14:	2800      	cmp	r0, #0
10007b16:	d001      	beq.n	10007b1c <tu_fifo_clear+0x3a>
10007b18:	f002 fee2 	bl	1000a8e0 <__mutex_exit_veneer>
10007b1c:	2001      	movs	r0, #1
10007b1e:	bd10      	pop	{r4, pc}

10007b20 <tu_fifo_set_overwritable>:
10007b20:	b570      	push	{r4, r5, r6, lr}
10007b22:	0004      	movs	r4, r0
10007b24:	000d      	movs	r5, r1
10007b26:	68c0      	ldr	r0, [r0, #12]
10007b28:	2800      	cmp	r0, #0
10007b2a:	d003      	beq.n	10007b34 <tu_fifo_set_overwritable+0x14>
10007b2c:	2101      	movs	r1, #1
10007b2e:	4249      	negs	r1, r1
10007b30:	f002 ff06 	bl	1000a940 <__mutex_enter_timeout_ms_veneer>
10007b34:	6920      	ldr	r0, [r4, #16]
10007b36:	2800      	cmp	r0, #0
10007b38:	d003      	beq.n	10007b42 <tu_fifo_set_overwritable+0x22>
10007b3a:	2101      	movs	r1, #1
10007b3c:	4249      	negs	r1, r1
10007b3e:	f002 feff 	bl	1000a940 <__mutex_enter_timeout_ms_veneer>
10007b42:	01ed      	lsls	r5, r5, #7
10007b44:	79e3      	ldrb	r3, [r4, #7]
10007b46:	217f      	movs	r1, #127	; 0x7f
10007b48:	4019      	ands	r1, r3
10007b4a:	4329      	orrs	r1, r5
10007b4c:	71e1      	strb	r1, [r4, #7]
10007b4e:	68e0      	ldr	r0, [r4, #12]
10007b50:	2800      	cmp	r0, #0
10007b52:	d001      	beq.n	10007b58 <tu_fifo_set_overwritable+0x38>
10007b54:	f002 fec4 	bl	1000a8e0 <__mutex_exit_veneer>
10007b58:	6920      	ldr	r0, [r4, #16]
10007b5a:	2800      	cmp	r0, #0
10007b5c:	d001      	beq.n	10007b62 <tu_fifo_set_overwritable+0x42>
10007b5e:	f002 febf 	bl	1000a8e0 <__mutex_exit_veneer>
10007b62:	2001      	movs	r0, #1
10007b64:	bd70      	pop	{r4, r5, r6, pc}
	...

10007b68 <_calloc_r>:
10007b68:	b570      	push	{r4, r5, r6, lr}
10007b6a:	0c0b      	lsrs	r3, r1, #16
10007b6c:	2400      	movs	r4, #0
10007b6e:	0c15      	lsrs	r5, r2, #16
10007b70:	2b00      	cmp	r3, #0
10007b72:	d128      	bne.n	10007bc6 <_calloc_r+0x5e>
10007b74:	2d00      	cmp	r5, #0
10007b76:	d137      	bne.n	10007be8 <_calloc_r+0x80>
10007b78:	b28b      	uxth	r3, r1
10007b7a:	b291      	uxth	r1, r2
10007b7c:	4359      	muls	r1, r3
10007b7e:	f000 f847 	bl	10007c10 <_malloc_r>
10007b82:	1e05      	subs	r5, r0, #0
10007b84:	d019      	beq.n	10007bba <_calloc_r+0x52>
10007b86:	0003      	movs	r3, r0
10007b88:	3b08      	subs	r3, #8
10007b8a:	685a      	ldr	r2, [r3, #4]
10007b8c:	2303      	movs	r3, #3
10007b8e:	439a      	bics	r2, r3
10007b90:	3a04      	subs	r2, #4
10007b92:	2a24      	cmp	r2, #36	; 0x24
10007b94:	d813      	bhi.n	10007bbe <_calloc_r+0x56>
10007b96:	0003      	movs	r3, r0
10007b98:	2a13      	cmp	r2, #19
10007b9a:	d90a      	bls.n	10007bb2 <_calloc_r+0x4a>
10007b9c:	6004      	str	r4, [r0, #0]
10007b9e:	6044      	str	r4, [r0, #4]
10007ba0:	3308      	adds	r3, #8
10007ba2:	2a1b      	cmp	r2, #27
10007ba4:	d905      	bls.n	10007bb2 <_calloc_r+0x4a>
10007ba6:	6084      	str	r4, [r0, #8]
10007ba8:	60c4      	str	r4, [r0, #12]
10007baa:	2a24      	cmp	r2, #36	; 0x24
10007bac:	d025      	beq.n	10007bfa <_calloc_r+0x92>
10007bae:	0003      	movs	r3, r0
10007bb0:	3310      	adds	r3, #16
10007bb2:	2200      	movs	r2, #0
10007bb4:	601a      	str	r2, [r3, #0]
10007bb6:	605a      	str	r2, [r3, #4]
10007bb8:	609a      	str	r2, [r3, #8]
10007bba:	0028      	movs	r0, r5
10007bbc:	bd70      	pop	{r4, r5, r6, pc}
10007bbe:	2100      	movs	r1, #0
10007bc0:	f7fd fb58 	bl	10005274 <__wrap_memset>
10007bc4:	e7f9      	b.n	10007bba <_calloc_r+0x52>
10007bc6:	2d00      	cmp	r5, #0
10007bc8:	d111      	bne.n	10007bee <_calloc_r+0x86>
10007bca:	1c15      	adds	r5, r2, #0
10007bcc:	b289      	uxth	r1, r1
10007bce:	b292      	uxth	r2, r2
10007bd0:	434a      	muls	r2, r1
10007bd2:	b2ad      	uxth	r5, r5
10007bd4:	b29b      	uxth	r3, r3
10007bd6:	436b      	muls	r3, r5
10007bd8:	0c11      	lsrs	r1, r2, #16
10007bda:	185b      	adds	r3, r3, r1
10007bdc:	0c19      	lsrs	r1, r3, #16
10007bde:	d106      	bne.n	10007bee <_calloc_r+0x86>
10007be0:	0419      	lsls	r1, r3, #16
10007be2:	b292      	uxth	r2, r2
10007be4:	4311      	orrs	r1, r2
10007be6:	e7ca      	b.n	10007b7e <_calloc_r+0x16>
10007be8:	1c2b      	adds	r3, r5, #0
10007bea:	1c0d      	adds	r5, r1, #0
10007bec:	e7ee      	b.n	10007bcc <_calloc_r+0x64>
10007bee:	f000 f809 	bl	10007c04 <__errno>
10007bf2:	230c      	movs	r3, #12
10007bf4:	2500      	movs	r5, #0
10007bf6:	6003      	str	r3, [r0, #0]
10007bf8:	e7df      	b.n	10007bba <_calloc_r+0x52>
10007bfa:	0003      	movs	r3, r0
10007bfc:	6104      	str	r4, [r0, #16]
10007bfe:	3318      	adds	r3, #24
10007c00:	6144      	str	r4, [r0, #20]
10007c02:	e7d6      	b.n	10007bb2 <_calloc_r+0x4a>

10007c04 <__errno>:
10007c04:	4b01      	ldr	r3, [pc, #4]	; (10007c0c <__errno+0x8>)
10007c06:	6818      	ldr	r0, [r3, #0]
10007c08:	4770      	bx	lr
10007c0a:	46c0      	nop			; (mov r8, r8)
10007c0c:	20000da0 	.word	0x20000da0

10007c10 <_malloc_r>:
10007c10:	b5f0      	push	{r4, r5, r6, r7, lr}
10007c12:	464e      	mov	r6, r9
10007c14:	4645      	mov	r5, r8
10007c16:	46de      	mov	lr, fp
10007c18:	4657      	mov	r7, sl
10007c1a:	b5e0      	push	{r5, r6, r7, lr}
10007c1c:	000d      	movs	r5, r1
10007c1e:	350b      	adds	r5, #11
10007c20:	0006      	movs	r6, r0
10007c22:	b083      	sub	sp, #12
10007c24:	2d16      	cmp	r5, #22
10007c26:	d822      	bhi.n	10007c6e <_malloc_r+0x5e>
10007c28:	2910      	cmp	r1, #16
10007c2a:	d900      	bls.n	10007c2e <_malloc_r+0x1e>
10007c2c:	e0b2      	b.n	10007d94 <_malloc_r+0x184>
10007c2e:	f000 fab1 	bl	10008194 <__malloc_lock>
10007c32:	2510      	movs	r5, #16
10007c34:	2318      	movs	r3, #24
10007c36:	2002      	movs	r0, #2
10007c38:	4fcc      	ldr	r7, [pc, #816]	; (10007f6c <_malloc_r+0x35c>)
10007c3a:	18fb      	adds	r3, r7, r3
10007c3c:	001a      	movs	r2, r3
10007c3e:	685c      	ldr	r4, [r3, #4]
10007c40:	3a08      	subs	r2, #8
10007c42:	4294      	cmp	r4, r2
10007c44:	d100      	bne.n	10007c48 <_malloc_r+0x38>
10007c46:	e0b5      	b.n	10007db4 <_malloc_r+0x1a4>
10007c48:	2303      	movs	r3, #3
10007c4a:	6862      	ldr	r2, [r4, #4]
10007c4c:	439a      	bics	r2, r3
10007c4e:	0013      	movs	r3, r2
10007c50:	68e2      	ldr	r2, [r4, #12]
10007c52:	68a1      	ldr	r1, [r4, #8]
10007c54:	60ca      	str	r2, [r1, #12]
10007c56:	6091      	str	r1, [r2, #8]
10007c58:	2201      	movs	r2, #1
10007c5a:	18e3      	adds	r3, r4, r3
10007c5c:	6859      	ldr	r1, [r3, #4]
10007c5e:	0030      	movs	r0, r6
10007c60:	430a      	orrs	r2, r1
10007c62:	605a      	str	r2, [r3, #4]
10007c64:	f000 fa9e 	bl	100081a4 <__malloc_unlock>
10007c68:	0020      	movs	r0, r4
10007c6a:	3008      	adds	r0, #8
10007c6c:	e095      	b.n	10007d9a <_malloc_r+0x18a>
10007c6e:	2307      	movs	r3, #7
10007c70:	439d      	bics	r5, r3
10007c72:	d500      	bpl.n	10007c76 <_malloc_r+0x66>
10007c74:	e08e      	b.n	10007d94 <_malloc_r+0x184>
10007c76:	42a9      	cmp	r1, r5
10007c78:	d900      	bls.n	10007c7c <_malloc_r+0x6c>
10007c7a:	e08b      	b.n	10007d94 <_malloc_r+0x184>
10007c7c:	f000 fa8a 	bl	10008194 <__malloc_lock>
10007c80:	23fc      	movs	r3, #252	; 0xfc
10007c82:	005b      	lsls	r3, r3, #1
10007c84:	429d      	cmp	r5, r3
10007c86:	d200      	bcs.n	10007c8a <_malloc_r+0x7a>
10007c88:	e1a7      	b.n	10007fda <_malloc_r+0x3ca>
10007c8a:	0a68      	lsrs	r0, r5, #9
10007c8c:	d100      	bne.n	10007c90 <_malloc_r+0x80>
10007c8e:	e08b      	b.n	10007da8 <_malloc_r+0x198>
10007c90:	2804      	cmp	r0, #4
10007c92:	d900      	bls.n	10007c96 <_malloc_r+0x86>
10007c94:	e17a      	b.n	10007f8c <_malloc_r+0x37c>
10007c96:	2338      	movs	r3, #56	; 0x38
10007c98:	4698      	mov	r8, r3
10007c9a:	09a8      	lsrs	r0, r5, #6
10007c9c:	4480      	add	r8, r0
10007c9e:	3039      	adds	r0, #57	; 0x39
10007ca0:	00c1      	lsls	r1, r0, #3
10007ca2:	4fb2      	ldr	r7, [pc, #712]	; (10007f6c <_malloc_r+0x35c>)
10007ca4:	1879      	adds	r1, r7, r1
10007ca6:	684c      	ldr	r4, [r1, #4]
10007ca8:	3908      	subs	r1, #8
10007caa:	42a1      	cmp	r1, r4
10007cac:	d00e      	beq.n	10007ccc <_malloc_r+0xbc>
10007cae:	2303      	movs	r3, #3
10007cb0:	469c      	mov	ip, r3
10007cb2:	e004      	b.n	10007cbe <_malloc_r+0xae>
10007cb4:	2a00      	cmp	r2, #0
10007cb6:	dacb      	bge.n	10007c50 <_malloc_r+0x40>
10007cb8:	68e4      	ldr	r4, [r4, #12]
10007cba:	42a1      	cmp	r1, r4
10007cbc:	d006      	beq.n	10007ccc <_malloc_r+0xbc>
10007cbe:	4662      	mov	r2, ip
10007cc0:	6863      	ldr	r3, [r4, #4]
10007cc2:	4393      	bics	r3, r2
10007cc4:	1b5a      	subs	r2, r3, r5
10007cc6:	2a0f      	cmp	r2, #15
10007cc8:	ddf4      	ble.n	10007cb4 <_malloc_r+0xa4>
10007cca:	4640      	mov	r0, r8
10007ccc:	003a      	movs	r2, r7
10007cce:	693c      	ldr	r4, [r7, #16]
10007cd0:	3208      	adds	r2, #8
10007cd2:	4294      	cmp	r4, r2
10007cd4:	d100      	bne.n	10007cd8 <_malloc_r+0xc8>
10007cd6:	e078      	b.n	10007dca <_malloc_r+0x1ba>
10007cd8:	2303      	movs	r3, #3
10007cda:	6861      	ldr	r1, [r4, #4]
10007cdc:	4399      	bics	r1, r3
10007cde:	4689      	mov	r9, r1
10007ce0:	000b      	movs	r3, r1
10007ce2:	1b49      	subs	r1, r1, r5
10007ce4:	290f      	cmp	r1, #15
10007ce6:	dd00      	ble.n	10007cea <_malloc_r+0xda>
10007ce8:	e17b      	b.n	10007fe2 <_malloc_r+0x3d2>
10007cea:	617a      	str	r2, [r7, #20]
10007cec:	613a      	str	r2, [r7, #16]
10007cee:	2900      	cmp	r1, #0
10007cf0:	dab2      	bge.n	10007c58 <_malloc_r+0x48>
10007cf2:	2280      	movs	r2, #128	; 0x80
10007cf4:	0092      	lsls	r2, r2, #2
10007cf6:	4591      	cmp	r9, r2
10007cf8:	d300      	bcc.n	10007cfc <_malloc_r+0xec>
10007cfa:	e10f      	b.n	10007f1c <_malloc_r+0x30c>
10007cfc:	0959      	lsrs	r1, r3, #5
10007cfe:	08da      	lsrs	r2, r3, #3
10007d00:	2301      	movs	r3, #1
10007d02:	408b      	lsls	r3, r1
10007d04:	00d2      	lsls	r2, r2, #3
10007d06:	6879      	ldr	r1, [r7, #4]
10007d08:	19d2      	adds	r2, r2, r7
10007d0a:	430b      	orrs	r3, r1
10007d0c:	6891      	ldr	r1, [r2, #8]
10007d0e:	607b      	str	r3, [r7, #4]
10007d10:	60e2      	str	r2, [r4, #12]
10007d12:	60a1      	str	r1, [r4, #8]
10007d14:	6094      	str	r4, [r2, #8]
10007d16:	60cc      	str	r4, [r1, #12]
10007d18:	2101      	movs	r1, #1
10007d1a:	1082      	asrs	r2, r0, #2
10007d1c:	4091      	lsls	r1, r2
10007d1e:	4299      	cmp	r1, r3
10007d20:	d859      	bhi.n	10007dd6 <_malloc_r+0x1c6>
10007d22:	420b      	tst	r3, r1
10007d24:	d105      	bne.n	10007d32 <_malloc_r+0x122>
10007d26:	2203      	movs	r2, #3
10007d28:	4390      	bics	r0, r2
10007d2a:	0049      	lsls	r1, r1, #1
10007d2c:	3004      	adds	r0, #4
10007d2e:	420b      	tst	r3, r1
10007d30:	d0fb      	beq.n	10007d2a <_malloc_r+0x11a>
10007d32:	2303      	movs	r3, #3
10007d34:	4698      	mov	r8, r3
10007d36:	00c3      	lsls	r3, r0, #3
10007d38:	4699      	mov	r9, r3
10007d3a:	44b9      	add	r9, r7
10007d3c:	46cc      	mov	ip, r9
10007d3e:	4682      	mov	sl, r0
10007d40:	4663      	mov	r3, ip
10007d42:	68dc      	ldr	r4, [r3, #12]
10007d44:	45a4      	cmp	ip, r4
10007d46:	d107      	bne.n	10007d58 <_malloc_r+0x148>
10007d48:	e12c      	b.n	10007fa4 <_malloc_r+0x394>
10007d4a:	2a00      	cmp	r2, #0
10007d4c:	db00      	blt.n	10007d50 <_malloc_r+0x140>
10007d4e:	e135      	b.n	10007fbc <_malloc_r+0x3ac>
10007d50:	68e4      	ldr	r4, [r4, #12]
10007d52:	45a4      	cmp	ip, r4
10007d54:	d100      	bne.n	10007d58 <_malloc_r+0x148>
10007d56:	e125      	b.n	10007fa4 <_malloc_r+0x394>
10007d58:	4642      	mov	r2, r8
10007d5a:	6863      	ldr	r3, [r4, #4]
10007d5c:	4393      	bics	r3, r2
10007d5e:	1b5a      	subs	r2, r3, r5
10007d60:	2a0f      	cmp	r2, #15
10007d62:	ddf2      	ble.n	10007d4a <_malloc_r+0x13a>
10007d64:	2001      	movs	r0, #1
10007d66:	4680      	mov	r8, r0
10007d68:	1961      	adds	r1, r4, r5
10007d6a:	4305      	orrs	r5, r0
10007d6c:	6065      	str	r5, [r4, #4]
10007d6e:	68a0      	ldr	r0, [r4, #8]
10007d70:	68e5      	ldr	r5, [r4, #12]
10007d72:	3708      	adds	r7, #8
10007d74:	60c5      	str	r5, [r0, #12]
10007d76:	60a8      	str	r0, [r5, #8]
10007d78:	4640      	mov	r0, r8
10007d7a:	4310      	orrs	r0, r2
10007d7c:	60f9      	str	r1, [r7, #12]
10007d7e:	60b9      	str	r1, [r7, #8]
10007d80:	6048      	str	r0, [r1, #4]
10007d82:	60cf      	str	r7, [r1, #12]
10007d84:	0030      	movs	r0, r6
10007d86:	608f      	str	r7, [r1, #8]
10007d88:	50e2      	str	r2, [r4, r3]
10007d8a:	f000 fa0b 	bl	100081a4 <__malloc_unlock>
10007d8e:	0020      	movs	r0, r4
10007d90:	3008      	adds	r0, #8
10007d92:	e002      	b.n	10007d9a <_malloc_r+0x18a>
10007d94:	230c      	movs	r3, #12
10007d96:	2000      	movs	r0, #0
10007d98:	6033      	str	r3, [r6, #0]
10007d9a:	b003      	add	sp, #12
10007d9c:	bcf0      	pop	{r4, r5, r6, r7}
10007d9e:	46bb      	mov	fp, r7
10007da0:	46b2      	mov	sl, r6
10007da2:	46a9      	mov	r9, r5
10007da4:	46a0      	mov	r8, r4
10007da6:	bdf0      	pop	{r4, r5, r6, r7, pc}
10007da8:	2180      	movs	r1, #128	; 0x80
10007daa:	233f      	movs	r3, #63	; 0x3f
10007dac:	2040      	movs	r0, #64	; 0x40
10007dae:	4698      	mov	r8, r3
10007db0:	0089      	lsls	r1, r1, #2
10007db2:	e776      	b.n	10007ca2 <_malloc_r+0x92>
10007db4:	68dc      	ldr	r4, [r3, #12]
10007db6:	3002      	adds	r0, #2
10007db8:	42a3      	cmp	r3, r4
10007dba:	d000      	beq.n	10007dbe <_malloc_r+0x1ae>
10007dbc:	e744      	b.n	10007c48 <_malloc_r+0x38>
10007dbe:	003a      	movs	r2, r7
10007dc0:	693c      	ldr	r4, [r7, #16]
10007dc2:	3208      	adds	r2, #8
10007dc4:	4294      	cmp	r4, r2
10007dc6:	d000      	beq.n	10007dca <_malloc_r+0x1ba>
10007dc8:	e786      	b.n	10007cd8 <_malloc_r+0xc8>
10007dca:	2101      	movs	r1, #1
10007dcc:	687b      	ldr	r3, [r7, #4]
10007dce:	1082      	asrs	r2, r0, #2
10007dd0:	4091      	lsls	r1, r2
10007dd2:	4299      	cmp	r1, r3
10007dd4:	d9a5      	bls.n	10007d22 <_malloc_r+0x112>
10007dd6:	2303      	movs	r3, #3
10007dd8:	68bc      	ldr	r4, [r7, #8]
10007dda:	6862      	ldr	r2, [r4, #4]
10007ddc:	439a      	bics	r2, r3
10007dde:	4691      	mov	r9, r2
10007de0:	4295      	cmp	r5, r2
10007de2:	d803      	bhi.n	10007dec <_malloc_r+0x1dc>
10007de4:	1b53      	subs	r3, r2, r5
10007de6:	2b0f      	cmp	r3, #15
10007de8:	dd00      	ble.n	10007dec <_malloc_r+0x1dc>
10007dea:	e089      	b.n	10007f00 <_malloc_r+0x2f0>
10007dec:	0023      	movs	r3, r4
10007dee:	444b      	add	r3, r9
10007df0:	4a5f      	ldr	r2, [pc, #380]	; (10007f70 <_malloc_r+0x360>)
10007df2:	9301      	str	r3, [sp, #4]
10007df4:	4b5f      	ldr	r3, [pc, #380]	; (10007f74 <_malloc_r+0x364>)
10007df6:	4693      	mov	fp, r2
10007df8:	681b      	ldr	r3, [r3, #0]
10007dfa:	6812      	ldr	r2, [r2, #0]
10007dfc:	18eb      	adds	r3, r5, r3
10007dfe:	3201      	adds	r2, #1
10007e00:	d100      	bne.n	10007e04 <_malloc_r+0x1f4>
10007e02:	e13d      	b.n	10008080 <_malloc_r+0x470>
10007e04:	4a5c      	ldr	r2, [pc, #368]	; (10007f78 <_malloc_r+0x368>)
10007e06:	4694      	mov	ip, r2
10007e08:	4463      	add	r3, ip
10007e0a:	0b1b      	lsrs	r3, r3, #12
10007e0c:	031b      	lsls	r3, r3, #12
10007e0e:	9300      	str	r3, [sp, #0]
10007e10:	0030      	movs	r0, r6
10007e12:	9900      	ldr	r1, [sp, #0]
10007e14:	f000 f9ce 	bl	100081b4 <_sbrk_r>
10007e18:	0003      	movs	r3, r0
10007e1a:	4680      	mov	r8, r0
10007e1c:	3301      	adds	r3, #1
10007e1e:	d100      	bne.n	10007e22 <_malloc_r+0x212>
10007e20:	e0fa      	b.n	10008018 <_malloc_r+0x408>
10007e22:	9b01      	ldr	r3, [sp, #4]
10007e24:	4283      	cmp	r3, r0
10007e26:	d900      	bls.n	10007e2a <_malloc_r+0x21a>
10007e28:	e0f4      	b.n	10008014 <_malloc_r+0x404>
10007e2a:	4b54      	ldr	r3, [pc, #336]	; (10007f7c <_malloc_r+0x36c>)
10007e2c:	9800      	ldr	r0, [sp, #0]
10007e2e:	001a      	movs	r2, r3
10007e30:	469a      	mov	sl, r3
10007e32:	6812      	ldr	r2, [r2, #0]
10007e34:	0003      	movs	r3, r0
10007e36:	4694      	mov	ip, r2
10007e38:	4651      	mov	r1, sl
10007e3a:	4463      	add	r3, ip
10007e3c:	600b      	str	r3, [r1, #0]
10007e3e:	9901      	ldr	r1, [sp, #4]
10007e40:	001a      	movs	r2, r3
10007e42:	4541      	cmp	r1, r8
10007e44:	d100      	bne.n	10007e48 <_malloc_r+0x238>
10007e46:	e151      	b.n	100080ec <_malloc_r+0x4dc>
10007e48:	465b      	mov	r3, fp
10007e4a:	681b      	ldr	r3, [r3, #0]
10007e4c:	3301      	adds	r3, #1
10007e4e:	d100      	bne.n	10007e52 <_malloc_r+0x242>
10007e50:	e156      	b.n	10008100 <_malloc_r+0x4f0>
10007e52:	4643      	mov	r3, r8
10007e54:	9901      	ldr	r1, [sp, #4]
10007e56:	1a5b      	subs	r3, r3, r1
10007e58:	189a      	adds	r2, r3, r2
10007e5a:	4653      	mov	r3, sl
10007e5c:	601a      	str	r2, [r3, #0]
10007e5e:	2307      	movs	r3, #7
10007e60:	4642      	mov	r2, r8
10007e62:	4641      	mov	r1, r8
10007e64:	401a      	ands	r2, r3
10007e66:	9201      	str	r2, [sp, #4]
10007e68:	4219      	tst	r1, r3
10007e6a:	d100      	bne.n	10007e6e <_malloc_r+0x25e>
10007e6c:	e112      	b.n	10008094 <_malloc_r+0x484>
10007e6e:	2308      	movs	r3, #8
10007e70:	4698      	mov	r8, r3
10007e72:	1a88      	subs	r0, r1, r2
10007e74:	4b42      	ldr	r3, [pc, #264]	; (10007f80 <_malloc_r+0x370>)
10007e76:	9900      	ldr	r1, [sp, #0]
10007e78:	4480      	add	r8, r0
10007e7a:	4441      	add	r1, r8
10007e7c:	1a9b      	subs	r3, r3, r2
10007e7e:	1a5b      	subs	r3, r3, r1
10007e80:	051b      	lsls	r3, r3, #20
10007e82:	0d1b      	lsrs	r3, r3, #20
10007e84:	9100      	str	r1, [sp, #0]
10007e86:	0030      	movs	r0, r6
10007e88:	0019      	movs	r1, r3
10007e8a:	469b      	mov	fp, r3
10007e8c:	f000 f992 	bl	100081b4 <_sbrk_r>
10007e90:	1c43      	adds	r3, r0, #1
10007e92:	d100      	bne.n	10007e96 <_malloc_r+0x286>
10007e94:	e150      	b.n	10008138 <_malloc_r+0x528>
10007e96:	4643      	mov	r3, r8
10007e98:	1ac0      	subs	r0, r0, r3
10007e9a:	0003      	movs	r3, r0
10007e9c:	445b      	add	r3, fp
10007e9e:	9300      	str	r3, [sp, #0]
10007ea0:	4653      	mov	r3, sl
10007ea2:	4652      	mov	r2, sl
10007ea4:	681b      	ldr	r3, [r3, #0]
10007ea6:	2101      	movs	r1, #1
10007ea8:	445b      	add	r3, fp
10007eaa:	6013      	str	r3, [r2, #0]
10007eac:	4642      	mov	r2, r8
10007eae:	4640      	mov	r0, r8
10007eb0:	60ba      	str	r2, [r7, #8]
10007eb2:	9a00      	ldr	r2, [sp, #0]
10007eb4:	430a      	orrs	r2, r1
10007eb6:	6042      	str	r2, [r0, #4]
10007eb8:	42bc      	cmp	r4, r7
10007eba:	d100      	bne.n	10007ebe <_malloc_r+0x2ae>
10007ebc:	e124      	b.n	10008108 <_malloc_r+0x4f8>
10007ebe:	464a      	mov	r2, r9
10007ec0:	2a0f      	cmp	r2, #15
10007ec2:	d800      	bhi.n	10007ec6 <_malloc_r+0x2b6>
10007ec4:	e122      	b.n	1000810c <_malloc_r+0x4fc>
10007ec6:	2007      	movs	r0, #7
10007ec8:	3a0c      	subs	r2, #12
10007eca:	4382      	bics	r2, r0
10007ecc:	6860      	ldr	r0, [r4, #4]
10007ece:	4001      	ands	r1, r0
10007ed0:	2005      	movs	r0, #5
10007ed2:	4311      	orrs	r1, r2
10007ed4:	6061      	str	r1, [r4, #4]
10007ed6:	18a1      	adds	r1, r4, r2
10007ed8:	6048      	str	r0, [r1, #4]
10007eda:	6088      	str	r0, [r1, #8]
10007edc:	2a0f      	cmp	r2, #15
10007ede:	d900      	bls.n	10007ee2 <_malloc_r+0x2d2>
10007ee0:	e135      	b.n	1000814e <_malloc_r+0x53e>
10007ee2:	4642      	mov	r2, r8
10007ee4:	4644      	mov	r4, r8
10007ee6:	6852      	ldr	r2, [r2, #4]
10007ee8:	4926      	ldr	r1, [pc, #152]	; (10007f84 <_malloc_r+0x374>)
10007eea:	6808      	ldr	r0, [r1, #0]
10007eec:	4298      	cmp	r0, r3
10007eee:	d200      	bcs.n	10007ef2 <_malloc_r+0x2e2>
10007ef0:	600b      	str	r3, [r1, #0]
10007ef2:	4925      	ldr	r1, [pc, #148]	; (10007f88 <_malloc_r+0x378>)
10007ef4:	6808      	ldr	r0, [r1, #0]
10007ef6:	4298      	cmp	r0, r3
10007ef8:	d300      	bcc.n	10007efc <_malloc_r+0x2ec>
10007efa:	e08f      	b.n	1000801c <_malloc_r+0x40c>
10007efc:	600b      	str	r3, [r1, #0]
10007efe:	e08d      	b.n	1000801c <_malloc_r+0x40c>
10007f00:	2201      	movs	r2, #1
10007f02:	0029      	movs	r1, r5
10007f04:	4313      	orrs	r3, r2
10007f06:	4311      	orrs	r1, r2
10007f08:	1965      	adds	r5, r4, r5
10007f0a:	6061      	str	r1, [r4, #4]
10007f0c:	0030      	movs	r0, r6
10007f0e:	60bd      	str	r5, [r7, #8]
10007f10:	606b      	str	r3, [r5, #4]
10007f12:	f000 f947 	bl	100081a4 <__malloc_unlock>
10007f16:	0020      	movs	r0, r4
10007f18:	3008      	adds	r0, #8
10007f1a:	e73e      	b.n	10007d9a <_malloc_r+0x18a>
10007f1c:	0a5a      	lsrs	r2, r3, #9
10007f1e:	2a04      	cmp	r2, #4
10007f20:	d972      	bls.n	10008008 <_malloc_r+0x3f8>
10007f22:	2a14      	cmp	r2, #20
10007f24:	d900      	bls.n	10007f28 <_malloc_r+0x318>
10007f26:	e0c5      	b.n	100080b4 <_malloc_r+0x4a4>
10007f28:	0011      	movs	r1, r2
10007f2a:	325c      	adds	r2, #92	; 0x5c
10007f2c:	315b      	adds	r1, #91	; 0x5b
10007f2e:	00d2      	lsls	r2, r2, #3
10007f30:	2308      	movs	r3, #8
10007f32:	425b      	negs	r3, r3
10007f34:	469c      	mov	ip, r3
10007f36:	18ba      	adds	r2, r7, r2
10007f38:	4494      	add	ip, r2
10007f3a:	4663      	mov	r3, ip
10007f3c:	689a      	ldr	r2, [r3, #8]
10007f3e:	2303      	movs	r3, #3
10007f40:	4698      	mov	r8, r3
10007f42:	4594      	cmp	ip, r2
10007f44:	d100      	bne.n	10007f48 <_malloc_r+0x338>
10007f46:	e09e      	b.n	10008086 <_malloc_r+0x476>
10007f48:	4643      	mov	r3, r8
10007f4a:	6851      	ldr	r1, [r2, #4]
10007f4c:	4399      	bics	r1, r3
10007f4e:	4549      	cmp	r1, r9
10007f50:	d902      	bls.n	10007f58 <_malloc_r+0x348>
10007f52:	6892      	ldr	r2, [r2, #8]
10007f54:	4594      	cmp	ip, r2
10007f56:	d1f7      	bne.n	10007f48 <_malloc_r+0x338>
10007f58:	68d3      	ldr	r3, [r2, #12]
10007f5a:	469c      	mov	ip, r3
10007f5c:	687b      	ldr	r3, [r7, #4]
10007f5e:	4661      	mov	r1, ip
10007f60:	60a2      	str	r2, [r4, #8]
10007f62:	60e1      	str	r1, [r4, #12]
10007f64:	608c      	str	r4, [r1, #8]
10007f66:	60d4      	str	r4, [r2, #12]
10007f68:	e6d6      	b.n	10007d18 <_malloc_r+0x108>
10007f6a:	46c0      	nop			; (mov r8, r8)
10007f6c:	200011d0 	.word	0x200011d0
10007f70:	200015d8 	.word	0x200015d8
10007f74:	200018d0 	.word	0x200018d0
10007f78:	0000100f 	.word	0x0000100f
10007f7c:	200018a0 	.word	0x200018a0
10007f80:	00001008 	.word	0x00001008
10007f84:	200018c8 	.word	0x200018c8
10007f88:	200018cc 	.word	0x200018cc
10007f8c:	2814      	cmp	r0, #20
10007f8e:	d952      	bls.n	10008036 <_malloc_r+0x426>
10007f90:	2854      	cmp	r0, #84	; 0x54
10007f92:	d900      	bls.n	10007f96 <_malloc_r+0x386>
10007f94:	e096      	b.n	100080c4 <_malloc_r+0x4b4>
10007f96:	236e      	movs	r3, #110	; 0x6e
10007f98:	4698      	mov	r8, r3
10007f9a:	0b28      	lsrs	r0, r5, #12
10007f9c:	4480      	add	r8, r0
10007f9e:	306f      	adds	r0, #111	; 0x6f
10007fa0:	00c1      	lsls	r1, r0, #3
10007fa2:	e67e      	b.n	10007ca2 <_malloc_r+0x92>
10007fa4:	2308      	movs	r3, #8
10007fa6:	469b      	mov	fp, r3
10007fa8:	3b07      	subs	r3, #7
10007faa:	44dc      	add	ip, fp
10007fac:	469b      	mov	fp, r3
10007fae:	44da      	add	sl, fp
10007fb0:	4643      	mov	r3, r8
10007fb2:	4652      	mov	r2, sl
10007fb4:	4213      	tst	r3, r2
10007fb6:	d000      	beq.n	10007fba <_malloc_r+0x3aa>
10007fb8:	e6c2      	b.n	10007d40 <_malloc_r+0x130>
10007fba:	e04c      	b.n	10008056 <_malloc_r+0x446>
10007fbc:	2201      	movs	r2, #1
10007fbe:	18e3      	adds	r3, r4, r3
10007fc0:	6859      	ldr	r1, [r3, #4]
10007fc2:	0030      	movs	r0, r6
10007fc4:	430a      	orrs	r2, r1
10007fc6:	605a      	str	r2, [r3, #4]
10007fc8:	68e3      	ldr	r3, [r4, #12]
10007fca:	68a2      	ldr	r2, [r4, #8]
10007fcc:	60d3      	str	r3, [r2, #12]
10007fce:	609a      	str	r2, [r3, #8]
10007fd0:	f000 f8e8 	bl	100081a4 <__malloc_unlock>
10007fd4:	0020      	movs	r0, r4
10007fd6:	3008      	adds	r0, #8
10007fd8:	e6df      	b.n	10007d9a <_malloc_r+0x18a>
10007fda:	002b      	movs	r3, r5
10007fdc:	08e8      	lsrs	r0, r5, #3
10007fde:	3308      	adds	r3, #8
10007fe0:	e62a      	b.n	10007c38 <_malloc_r+0x28>
10007fe2:	2301      	movs	r3, #1
10007fe4:	1960      	adds	r0, r4, r5
10007fe6:	431d      	orrs	r5, r3
10007fe8:	6065      	str	r5, [r4, #4]
10007fea:	6178      	str	r0, [r7, #20]
10007fec:	6138      	str	r0, [r7, #16]
10007fee:	60c2      	str	r2, [r0, #12]
10007ff0:	6082      	str	r2, [r0, #8]
10007ff2:	001a      	movs	r2, r3
10007ff4:	464b      	mov	r3, r9
10007ff6:	430a      	orrs	r2, r1
10007ff8:	6042      	str	r2, [r0, #4]
10007ffa:	0030      	movs	r0, r6
10007ffc:	50e1      	str	r1, [r4, r3]
10007ffe:	f000 f8d1 	bl	100081a4 <__malloc_unlock>
10008002:	0020      	movs	r0, r4
10008004:	3008      	adds	r0, #8
10008006:	e6c8      	b.n	10007d9a <_malloc_r+0x18a>
10008008:	099a      	lsrs	r2, r3, #6
1000800a:	0011      	movs	r1, r2
1000800c:	3239      	adds	r2, #57	; 0x39
1000800e:	3138      	adds	r1, #56	; 0x38
10008010:	00d2      	lsls	r2, r2, #3
10008012:	e78d      	b.n	10007f30 <_malloc_r+0x320>
10008014:	42bc      	cmp	r4, r7
10008016:	d060      	beq.n	100080da <_malloc_r+0x4ca>
10008018:	68bc      	ldr	r4, [r7, #8]
1000801a:	6862      	ldr	r2, [r4, #4]
1000801c:	2303      	movs	r3, #3
1000801e:	439a      	bics	r2, r3
10008020:	1b53      	subs	r3, r2, r5
10008022:	4295      	cmp	r5, r2
10008024:	d802      	bhi.n	1000802c <_malloc_r+0x41c>
10008026:	2b0f      	cmp	r3, #15
10008028:	dd00      	ble.n	1000802c <_malloc_r+0x41c>
1000802a:	e769      	b.n	10007f00 <_malloc_r+0x2f0>
1000802c:	0030      	movs	r0, r6
1000802e:	f000 f8b9 	bl	100081a4 <__malloc_unlock>
10008032:	2000      	movs	r0, #0
10008034:	e6b1      	b.n	10007d9a <_malloc_r+0x18a>
10008036:	235b      	movs	r3, #91	; 0x5b
10008038:	4698      	mov	r8, r3
1000803a:	4480      	add	r8, r0
1000803c:	305c      	adds	r0, #92	; 0x5c
1000803e:	00c1      	lsls	r1, r0, #3
10008040:	e62f      	b.n	10007ca2 <_malloc_r+0x92>
10008042:	2308      	movs	r3, #8
10008044:	425b      	negs	r3, r3
10008046:	469c      	mov	ip, r3
10008048:	44e1      	add	r9, ip
1000804a:	464b      	mov	r3, r9
1000804c:	689b      	ldr	r3, [r3, #8]
1000804e:	3801      	subs	r0, #1
10008050:	454b      	cmp	r3, r9
10008052:	d000      	beq.n	10008056 <_malloc_r+0x446>
10008054:	e098      	b.n	10008188 <_malloc_r+0x578>
10008056:	4643      	mov	r3, r8
10008058:	4203      	tst	r3, r0
1000805a:	d1f2      	bne.n	10008042 <_malloc_r+0x432>
1000805c:	687b      	ldr	r3, [r7, #4]
1000805e:	438b      	bics	r3, r1
10008060:	607b      	str	r3, [r7, #4]
10008062:	0049      	lsls	r1, r1, #1
10008064:	4299      	cmp	r1, r3
10008066:	d900      	bls.n	1000806a <_malloc_r+0x45a>
10008068:	e6b5      	b.n	10007dd6 <_malloc_r+0x1c6>
1000806a:	2900      	cmp	r1, #0
1000806c:	d104      	bne.n	10008078 <_malloc_r+0x468>
1000806e:	e6b2      	b.n	10007dd6 <_malloc_r+0x1c6>
10008070:	2204      	movs	r2, #4
10008072:	4694      	mov	ip, r2
10008074:	0049      	lsls	r1, r1, #1
10008076:	44e2      	add	sl, ip
10008078:	420b      	tst	r3, r1
1000807a:	d0f9      	beq.n	10008070 <_malloc_r+0x460>
1000807c:	4650      	mov	r0, sl
1000807e:	e65a      	b.n	10007d36 <_malloc_r+0x126>
10008080:	3310      	adds	r3, #16
10008082:	9300      	str	r3, [sp, #0]
10008084:	e6c4      	b.n	10007e10 <_malloc_r+0x200>
10008086:	1089      	asrs	r1, r1, #2
10008088:	3b02      	subs	r3, #2
1000808a:	408b      	lsls	r3, r1
1000808c:	6879      	ldr	r1, [r7, #4]
1000808e:	430b      	orrs	r3, r1
10008090:	607b      	str	r3, [r7, #4]
10008092:	e764      	b.n	10007f5e <_malloc_r+0x34e>
10008094:	9b00      	ldr	r3, [sp, #0]
10008096:	0030      	movs	r0, r6
10008098:	4443      	add	r3, r8
1000809a:	425b      	negs	r3, r3
1000809c:	051b      	lsls	r3, r3, #20
1000809e:	0d1b      	lsrs	r3, r3, #20
100080a0:	0019      	movs	r1, r3
100080a2:	469b      	mov	fp, r3
100080a4:	f000 f886 	bl	100081b4 <_sbrk_r>
100080a8:	1c43      	adds	r3, r0, #1
100080aa:	d000      	beq.n	100080ae <_malloc_r+0x49e>
100080ac:	e6f3      	b.n	10007e96 <_malloc_r+0x286>
100080ae:	2300      	movs	r3, #0
100080b0:	469b      	mov	fp, r3
100080b2:	e6f5      	b.n	10007ea0 <_malloc_r+0x290>
100080b4:	2a54      	cmp	r2, #84	; 0x54
100080b6:	d82b      	bhi.n	10008110 <_malloc_r+0x500>
100080b8:	0b1a      	lsrs	r2, r3, #12
100080ba:	0011      	movs	r1, r2
100080bc:	326f      	adds	r2, #111	; 0x6f
100080be:	316e      	adds	r1, #110	; 0x6e
100080c0:	00d2      	lsls	r2, r2, #3
100080c2:	e735      	b.n	10007f30 <_malloc_r+0x320>
100080c4:	23aa      	movs	r3, #170	; 0xaa
100080c6:	005b      	lsls	r3, r3, #1
100080c8:	4298      	cmp	r0, r3
100080ca:	d82b      	bhi.n	10008124 <_malloc_r+0x514>
100080cc:	3bdd      	subs	r3, #221	; 0xdd
100080ce:	4698      	mov	r8, r3
100080d0:	0be8      	lsrs	r0, r5, #15
100080d2:	4480      	add	r8, r0
100080d4:	3078      	adds	r0, #120	; 0x78
100080d6:	00c1      	lsls	r1, r0, #3
100080d8:	e5e3      	b.n	10007ca2 <_malloc_r+0x92>
100080da:	4b2c      	ldr	r3, [pc, #176]	; (1000818c <_malloc_r+0x57c>)
100080dc:	9a00      	ldr	r2, [sp, #0]
100080de:	469a      	mov	sl, r3
100080e0:	681b      	ldr	r3, [r3, #0]
100080e2:	469c      	mov	ip, r3
100080e4:	4653      	mov	r3, sl
100080e6:	4462      	add	r2, ip
100080e8:	601a      	str	r2, [r3, #0]
100080ea:	e6ad      	b.n	10007e48 <_malloc_r+0x238>
100080ec:	0509      	lsls	r1, r1, #20
100080ee:	d000      	beq.n	100080f2 <_malloc_r+0x4e2>
100080f0:	e6aa      	b.n	10007e48 <_malloc_r+0x238>
100080f2:	0002      	movs	r2, r0
100080f4:	68bc      	ldr	r4, [r7, #8]
100080f6:	444a      	add	r2, r9
100080f8:	3101      	adds	r1, #1
100080fa:	430a      	orrs	r2, r1
100080fc:	6062      	str	r2, [r4, #4]
100080fe:	e6f3      	b.n	10007ee8 <_malloc_r+0x2d8>
10008100:	465b      	mov	r3, fp
10008102:	4642      	mov	r2, r8
10008104:	601a      	str	r2, [r3, #0]
10008106:	e6aa      	b.n	10007e5e <_malloc_r+0x24e>
10008108:	4644      	mov	r4, r8
1000810a:	e6ed      	b.n	10007ee8 <_malloc_r+0x2d8>
1000810c:	6041      	str	r1, [r0, #4]
1000810e:	e78d      	b.n	1000802c <_malloc_r+0x41c>
10008110:	21aa      	movs	r1, #170	; 0xaa
10008112:	0049      	lsls	r1, r1, #1
10008114:	428a      	cmp	r2, r1
10008116:	d824      	bhi.n	10008162 <_malloc_r+0x552>
10008118:	0bda      	lsrs	r2, r3, #15
1000811a:	0011      	movs	r1, r2
1000811c:	3278      	adds	r2, #120	; 0x78
1000811e:	3177      	adds	r1, #119	; 0x77
10008120:	00d2      	lsls	r2, r2, #3
10008122:	e705      	b.n	10007f30 <_malloc_r+0x320>
10008124:	4b1a      	ldr	r3, [pc, #104]	; (10008190 <_malloc_r+0x580>)
10008126:	4298      	cmp	r0, r3
10008128:	d824      	bhi.n	10008174 <_malloc_r+0x564>
1000812a:	237c      	movs	r3, #124	; 0x7c
1000812c:	4698      	mov	r8, r3
1000812e:	0ca8      	lsrs	r0, r5, #18
10008130:	4480      	add	r8, r0
10008132:	307d      	adds	r0, #125	; 0x7d
10008134:	00c1      	lsls	r1, r0, #3
10008136:	e5b4      	b.n	10007ca2 <_malloc_r+0x92>
10008138:	9a00      	ldr	r2, [sp, #0]
1000813a:	9b01      	ldr	r3, [sp, #4]
1000813c:	4694      	mov	ip, r2
1000813e:	4642      	mov	r2, r8
10008140:	3b08      	subs	r3, #8
10008142:	4463      	add	r3, ip
10008144:	1a9b      	subs	r3, r3, r2
10008146:	9300      	str	r3, [sp, #0]
10008148:	2300      	movs	r3, #0
1000814a:	469b      	mov	fp, r3
1000814c:	e6a8      	b.n	10007ea0 <_malloc_r+0x290>
1000814e:	0021      	movs	r1, r4
10008150:	0030      	movs	r0, r6
10008152:	3108      	adds	r1, #8
10008154:	f001 f8d2 	bl	100092fc <_free_r>
10008158:	4653      	mov	r3, sl
1000815a:	68bc      	ldr	r4, [r7, #8]
1000815c:	681b      	ldr	r3, [r3, #0]
1000815e:	6862      	ldr	r2, [r4, #4]
10008160:	e6c2      	b.n	10007ee8 <_malloc_r+0x2d8>
10008162:	490b      	ldr	r1, [pc, #44]	; (10008190 <_malloc_r+0x580>)
10008164:	428a      	cmp	r2, r1
10008166:	d80b      	bhi.n	10008180 <_malloc_r+0x570>
10008168:	0c9a      	lsrs	r2, r3, #18
1000816a:	0011      	movs	r1, r2
1000816c:	327d      	adds	r2, #125	; 0x7d
1000816e:	317c      	adds	r1, #124	; 0x7c
10008170:	00d2      	lsls	r2, r2, #3
10008172:	e6dd      	b.n	10007f30 <_malloc_r+0x320>
10008174:	21fe      	movs	r1, #254	; 0xfe
10008176:	237e      	movs	r3, #126	; 0x7e
10008178:	207f      	movs	r0, #127	; 0x7f
1000817a:	4698      	mov	r8, r3
1000817c:	0089      	lsls	r1, r1, #2
1000817e:	e590      	b.n	10007ca2 <_malloc_r+0x92>
10008180:	22fe      	movs	r2, #254	; 0xfe
10008182:	217e      	movs	r1, #126	; 0x7e
10008184:	0092      	lsls	r2, r2, #2
10008186:	e6d3      	b.n	10007f30 <_malloc_r+0x320>
10008188:	687b      	ldr	r3, [r7, #4]
1000818a:	e76a      	b.n	10008062 <_malloc_r+0x452>
1000818c:	200018a0 	.word	0x200018a0
10008190:	00000554 	.word	0x00000554

10008194 <__malloc_lock>:
10008194:	b510      	push	{r4, lr}
10008196:	4802      	ldr	r0, [pc, #8]	; (100081a0 <__malloc_lock+0xc>)
10008198:	f001 fdc8 	bl	10009d2c <__retarget_lock_acquire_recursive>
1000819c:	bd10      	pop	{r4, pc}
1000819e:	46c0      	nop			; (mov r8, r8)
100081a0:	2000189c 	.word	0x2000189c

100081a4 <__malloc_unlock>:
100081a4:	b510      	push	{r4, lr}
100081a6:	4802      	ldr	r0, [pc, #8]	; (100081b0 <__malloc_unlock+0xc>)
100081a8:	f001 fdc2 	bl	10009d30 <__retarget_lock_release_recursive>
100081ac:	bd10      	pop	{r4, pc}
100081ae:	46c0      	nop			; (mov r8, r8)
100081b0:	2000189c 	.word	0x2000189c

100081b4 <_sbrk_r>:
100081b4:	2300      	movs	r3, #0
100081b6:	b570      	push	{r4, r5, r6, lr}
100081b8:	4d06      	ldr	r5, [pc, #24]	; (100081d4 <_sbrk_r+0x20>)
100081ba:	0004      	movs	r4, r0
100081bc:	0008      	movs	r0, r1
100081be:	602b      	str	r3, [r5, #0]
100081c0:	f7fa fc6e 	bl	10002aa0 <_sbrk>
100081c4:	1c43      	adds	r3, r0, #1
100081c6:	d000      	beq.n	100081ca <_sbrk_r+0x16>
100081c8:	bd70      	pop	{r4, r5, r6, pc}
100081ca:	682b      	ldr	r3, [r5, #0]
100081cc:	2b00      	cmp	r3, #0
100081ce:	d0fb      	beq.n	100081c8 <_sbrk_r+0x14>
100081d0:	6023      	str	r3, [r4, #0]
100081d2:	e7f9      	b.n	100081c8 <_sbrk_r+0x14>
100081d4:	20001ed4 	.word	0x20001ed4

100081d8 <strlen>:
100081d8:	b510      	push	{r4, lr}
100081da:	0783      	lsls	r3, r0, #30
100081dc:	d00a      	beq.n	100081f4 <strlen+0x1c>
100081de:	0003      	movs	r3, r0
100081e0:	2103      	movs	r1, #3
100081e2:	e002      	b.n	100081ea <strlen+0x12>
100081e4:	3301      	adds	r3, #1
100081e6:	420b      	tst	r3, r1
100081e8:	d005      	beq.n	100081f6 <strlen+0x1e>
100081ea:	781a      	ldrb	r2, [r3, #0]
100081ec:	2a00      	cmp	r2, #0
100081ee:	d1f9      	bne.n	100081e4 <strlen+0xc>
100081f0:	1a18      	subs	r0, r3, r0
100081f2:	bd10      	pop	{r4, pc}
100081f4:	0003      	movs	r3, r0
100081f6:	6819      	ldr	r1, [r3, #0]
100081f8:	4a0c      	ldr	r2, [pc, #48]	; (1000822c <strlen+0x54>)
100081fa:	4c0d      	ldr	r4, [pc, #52]	; (10008230 <strlen+0x58>)
100081fc:	188a      	adds	r2, r1, r2
100081fe:	438a      	bics	r2, r1
10008200:	4222      	tst	r2, r4
10008202:	d10f      	bne.n	10008224 <strlen+0x4c>
10008204:	6859      	ldr	r1, [r3, #4]
10008206:	4a09      	ldr	r2, [pc, #36]	; (1000822c <strlen+0x54>)
10008208:	3304      	adds	r3, #4
1000820a:	188a      	adds	r2, r1, r2
1000820c:	438a      	bics	r2, r1
1000820e:	4222      	tst	r2, r4
10008210:	d108      	bne.n	10008224 <strlen+0x4c>
10008212:	6859      	ldr	r1, [r3, #4]
10008214:	4a05      	ldr	r2, [pc, #20]	; (1000822c <strlen+0x54>)
10008216:	3304      	adds	r3, #4
10008218:	188a      	adds	r2, r1, r2
1000821a:	438a      	bics	r2, r1
1000821c:	4222      	tst	r2, r4
1000821e:	d0f1      	beq.n	10008204 <strlen+0x2c>
10008220:	e000      	b.n	10008224 <strlen+0x4c>
10008222:	3301      	adds	r3, #1
10008224:	781a      	ldrb	r2, [r3, #0]
10008226:	2a00      	cmp	r2, #0
10008228:	d1fb      	bne.n	10008222 <strlen+0x4a>
1000822a:	e7e1      	b.n	100081f0 <strlen+0x18>
1000822c:	fefefeff 	.word	0xfefefeff
10008230:	80808080 	.word	0x80808080

10008234 <_strtod_l>:
10008234:	b5f0      	push	{r4, r5, r6, r7, lr}
10008236:	46de      	mov	lr, fp
10008238:	4657      	mov	r7, sl
1000823a:	4645      	mov	r5, r8
1000823c:	464e      	mov	r6, r9
1000823e:	001c      	movs	r4, r3
10008240:	2300      	movs	r3, #0
10008242:	b5e0      	push	{r5, r6, r7, lr}
10008244:	b0a1      	sub	sp, #132	; 0x84
10008246:	931c      	str	r3, [sp, #112]	; 0x70
10008248:	4bbb      	ldr	r3, [pc, #748]	; (10008538 <_strtod_l+0x304>)
1000824a:	4682      	mov	sl, r0
1000824c:	681b      	ldr	r3, [r3, #0]
1000824e:	000d      	movs	r5, r1
10008250:	0018      	movs	r0, r3
10008252:	9208      	str	r2, [sp, #32]
10008254:	9307      	str	r3, [sp, #28]
10008256:	f7ff ffbf 	bl	100081d8 <strlen>
1000825a:	2200      	movs	r2, #0
1000825c:	2300      	movs	r3, #0
1000825e:	4683      	mov	fp, r0
10008260:	002f      	movs	r7, r5
10008262:	9204      	str	r2, [sp, #16]
10008264:	9305      	str	r3, [sp, #20]
10008266:	4ab5      	ldr	r2, [pc, #724]	; (1000853c <_strtod_l+0x308>)
10008268:	951b      	str	r5, [sp, #108]	; 0x6c
1000826a:	783b      	ldrb	r3, [r7, #0]
1000826c:	2b2d      	cmp	r3, #45	; 0x2d
1000826e:	d802      	bhi.n	10008276 <_strtod_l+0x42>
10008270:	0099      	lsls	r1, r3, #2
10008272:	5851      	ldr	r1, [r2, r1]
10008274:	468f      	mov	pc, r1
10008276:	2200      	movs	r2, #0
10008278:	9209      	str	r2, [sp, #36]	; 0x24
1000827a:	2200      	movs	r2, #0
1000827c:	920a      	str	r2, [sp, #40]	; 0x28
1000827e:	2b30      	cmp	r3, #48	; 0x30
10008280:	d100      	bne.n	10008284 <_strtod_l+0x50>
10008282:	e0e5      	b.n	10008450 <_strtod_l+0x21c>
10008284:	001c      	movs	r4, r3
10008286:	2b2f      	cmp	r3, #47	; 0x2f
10008288:	d801      	bhi.n	1000828e <_strtod_l+0x5a>
1000828a:	f000 fd7a 	bl	10008d82 <_strtod_l+0xb4e>
1000828e:	2200      	movs	r2, #0
10008290:	46ac      	mov	ip, r5
10008292:	0038      	movs	r0, r7
10008294:	2600      	movs	r6, #0
10008296:	0019      	movs	r1, r3
10008298:	0015      	movs	r5, r2
1000829a:	e00b      	b.n	100082b4 <_strtod_l+0x80>
1000829c:	3001      	adds	r0, #1
1000829e:	0093      	lsls	r3, r2, #2
100082a0:	189a      	adds	r2, r3, r2
100082a2:	901b      	str	r0, [sp, #108]	; 0x6c
100082a4:	7804      	ldrb	r4, [r0, #0]
100082a6:	0052      	lsls	r2, r2, #1
100082a8:	1852      	adds	r2, r2, r1
100082aa:	3a30      	subs	r2, #48	; 0x30
100082ac:	0021      	movs	r1, r4
100082ae:	3601      	adds	r6, #1
100082b0:	2c2f      	cmp	r4, #47	; 0x2f
100082b2:	dd10      	ble.n	100082d6 <_strtod_l+0xa2>
100082b4:	2c39      	cmp	r4, #57	; 0x39
100082b6:	dc5b      	bgt.n	10008370 <_strtod_l+0x13c>
100082b8:	2e08      	cmp	r6, #8
100082ba:	ddef      	ble.n	1000829c <_strtod_l+0x68>
100082bc:	00ab      	lsls	r3, r5, #2
100082be:	195b      	adds	r3, r3, r5
100082c0:	3001      	adds	r0, #1
100082c2:	005b      	lsls	r3, r3, #1
100082c4:	901b      	str	r0, [sp, #108]	; 0x6c
100082c6:	185b      	adds	r3, r3, r1
100082c8:	7804      	ldrb	r4, [r0, #0]
100082ca:	3b30      	subs	r3, #48	; 0x30
100082cc:	001d      	movs	r5, r3
100082ce:	0021      	movs	r1, r4
100082d0:	3601      	adds	r6, #1
100082d2:	2c2f      	cmp	r4, #47	; 0x2f
100082d4:	dcee      	bgt.n	100082b4 <_strtod_l+0x80>
100082d6:	4690      	mov	r8, r2
100082d8:	9907      	ldr	r1, [sp, #28]
100082da:	465a      	mov	r2, fp
100082dc:	46a9      	mov	r9, r5
100082de:	4665      	mov	r5, ip
100082e0:	f002 faac 	bl	1000a83c <strncmp>
100082e4:	2800      	cmp	r0, #0
100082e6:	d100      	bne.n	100082ea <_strtod_l+0xb6>
100082e8:	e2ba      	b.n	10008860 <_strtod_l+0x62c>
100082ea:	960d      	str	r6, [sp, #52]	; 0x34
100082ec:	2300      	movs	r3, #0
100082ee:	2000      	movs	r0, #0
100082f0:	469c      	mov	ip, r3
100082f2:	9310      	str	r3, [sp, #64]	; 0x40
100082f4:	930b      	str	r3, [sp, #44]	; 0x2c
100082f6:	2e00      	cmp	r6, #0
100082f8:	d000      	beq.n	100082fc <_strtod_l+0xc8>
100082fa:	e127      	b.n	1000854c <_strtod_l+0x318>
100082fc:	9b0a      	ldr	r3, [sp, #40]	; 0x28
100082fe:	4303      	orrs	r3, r0
10008300:	d000      	beq.n	10008304 <_strtod_l+0xd0>
10008302:	e29c      	b.n	1000883e <_strtod_l+0x60a>
10008304:	4663      	mov	r3, ip
10008306:	2b00      	cmp	r3, #0
10008308:	d11e      	bne.n	10008348 <_strtod_l+0x114>
1000830a:	2c69      	cmp	r4, #105	; 0x69
1000830c:	d101      	bne.n	10008312 <_strtod_l+0xde>
1000830e:	f000 fcb2 	bl	10008c76 <_strtod_l+0xa42>
10008312:	dc17      	bgt.n	10008344 <_strtod_l+0x110>
10008314:	2c49      	cmp	r4, #73	; 0x49
10008316:	d101      	bne.n	1000831c <_strtod_l+0xe8>
10008318:	f000 fcad 	bl	10008c76 <_strtod_l+0xa42>
1000831c:	2c4e      	cmp	r4, #78	; 0x4e
1000831e:	d113      	bne.n	10008348 <_strtod_l+0x114>
10008320:	4987      	ldr	r1, [pc, #540]	; (10008540 <_strtod_l+0x30c>)
10008322:	a81b      	add	r0, sp, #108	; 0x6c
10008324:	f001 fc04 	bl	10009b30 <__match>
10008328:	2800      	cmp	r0, #0
1000832a:	d00d      	beq.n	10008348 <_strtod_l+0x114>
1000832c:	9b1b      	ldr	r3, [sp, #108]	; 0x6c
1000832e:	781b      	ldrb	r3, [r3, #0]
10008330:	2b28      	cmp	r3, #40	; 0x28
10008332:	d101      	bne.n	10008338 <_strtod_l+0x104>
10008334:	f000 fe52 	bl	10008fdc <_strtod_l+0xda8>
10008338:	4882      	ldr	r0, [pc, #520]	; (10008544 <_strtod_l+0x310>)
1000833a:	f002 fa75 	bl	1000a828 <nan>
1000833e:	4683      	mov	fp, r0
10008340:	000f      	movs	r7, r1
10008342:	e27f      	b.n	10008844 <_strtod_l+0x610>
10008344:	2c6e      	cmp	r4, #110	; 0x6e
10008346:	d0eb      	beq.n	10008320 <_strtod_l+0xec>
10008348:	9b08      	ldr	r3, [sp, #32]
1000834a:	2b00      	cmp	r3, #0
1000834c:	d002      	beq.n	10008354 <_strtod_l+0x120>
1000834e:	9b08      	ldr	r3, [sp, #32]
10008350:	601d      	str	r5, [r3, #0]
10008352:	2300      	movs	r3, #0
10008354:	469b      	mov	fp, r3
10008356:	2700      	movs	r7, #0
10008358:	4658      	mov	r0, fp
1000835a:	0039      	movs	r1, r7
1000835c:	b021      	add	sp, #132	; 0x84
1000835e:	bcf0      	pop	{r4, r5, r6, r7}
10008360:	46bb      	mov	fp, r7
10008362:	46b2      	mov	sl, r6
10008364:	46a9      	mov	r9, r5
10008366:	46a0      	mov	r8, r4
10008368:	bdf0      	pop	{r4, r5, r6, r7, pc}
1000836a:	3701      	adds	r7, #1
1000836c:	971b      	str	r7, [sp, #108]	; 0x6c
1000836e:	e77c      	b.n	1000826a <_strtod_l+0x36>
10008370:	4690      	mov	r8, r2
10008372:	9907      	ldr	r1, [sp, #28]
10008374:	465a      	mov	r2, fp
10008376:	46a9      	mov	r9, r5
10008378:	4665      	mov	r5, ip
1000837a:	f002 fa5f 	bl	1000a83c <strncmp>
1000837e:	2800      	cmp	r0, #0
10008380:	d17a      	bne.n	10008478 <_strtod_l+0x244>
10008382:	9b1b      	ldr	r3, [sp, #108]	; 0x6c
10008384:	445b      	add	r3, fp
10008386:	931b      	str	r3, [sp, #108]	; 0x6c
10008388:	781c      	ldrb	r4, [r3, #0]
1000838a:	2e00      	cmp	r6, #0
1000838c:	d001      	beq.n	10008392 <_strtod_l+0x15e>
1000838e:	f000 fd7d 	bl	10008e8c <_strtod_l+0xc58>
10008392:	2c30      	cmp	r4, #48	; 0x30
10008394:	d001      	beq.n	1000839a <_strtod_l+0x166>
10008396:	f000 fd6a 	bl	10008e6e <_strtod_l+0xc3a>
1000839a:	2201      	movs	r2, #1
1000839c:	1ad2      	subs	r2, r2, r3
1000839e:	1898      	adds	r0, r3, r2
100083a0:	3301      	adds	r3, #1
100083a2:	931b      	str	r3, [sp, #108]	; 0x6c
100083a4:	781c      	ldrb	r4, [r3, #0]
100083a6:	2c30      	cmp	r4, #48	; 0x30
100083a8:	d0f9      	beq.n	1000839e <_strtod_l+0x16a>
100083aa:	0023      	movs	r3, r4
100083ac:	3b31      	subs	r3, #49	; 0x31
100083ae:	2b08      	cmp	r3, #8
100083b0:	d900      	bls.n	100083b4 <_strtod_l+0x180>
100083b2:	e3b9      	b.n	10008b28 <_strtod_l+0x8f4>
100083b4:	9b1b      	ldr	r3, [sp, #108]	; 0x6c
100083b6:	2601      	movs	r6, #1
100083b8:	469c      	mov	ip, r3
100083ba:	2330      	movs	r3, #48	; 0x30
100083bc:	425b      	negs	r3, r3
100083be:	469b      	mov	fp, r3
100083c0:	44a3      	add	fp, r4
100083c2:	465b      	mov	r3, fp
100083c4:	9307      	str	r3, [sp, #28]
100083c6:	1c43      	adds	r3, r0, #1
100083c8:	9310      	str	r3, [sp, #64]	; 0x40
100083ca:	2300      	movs	r3, #0
100083cc:	4667      	mov	r7, ip
100083ce:	930d      	str	r3, [sp, #52]	; 0x34
100083d0:	4643      	mov	r3, r8
100083d2:	9a07      	ldr	r2, [sp, #28]
100083d4:	009b      	lsls	r3, r3, #2
100083d6:	4443      	add	r3, r8
100083d8:	4690      	mov	r8, r2
100083da:	005b      	lsls	r3, r3, #1
100083dc:	4443      	add	r3, r8
100083de:	4698      	mov	r8, r3
100083e0:	2000      	movs	r0, #0
100083e2:	4663      	mov	r3, ip
100083e4:	3301      	adds	r3, #1
100083e6:	931b      	str	r3, [sp, #108]	; 0x6c
100083e8:	4663      	mov	r3, ip
100083ea:	785c      	ldrb	r4, [r3, #1]
100083ec:	0021      	movs	r1, r4
100083ee:	3930      	subs	r1, #48	; 0x30
100083f0:	2909      	cmp	r1, #9
100083f2:	d900      	bls.n	100083f6 <_strtod_l+0x1c2>
100083f4:	e337      	b.n	10008a66 <_strtod_l+0x832>
100083f6:	9b1b      	ldr	r3, [sp, #108]	; 0x6c
100083f8:	3001      	adds	r0, #1
100083fa:	469c      	mov	ip, r3
100083fc:	9107      	str	r1, [sp, #28]
100083fe:	2900      	cmp	r1, #0
10008400:	d0ef      	beq.n	100083e2 <_strtod_l+0x1ae>
10008402:	9c10      	ldr	r4, [sp, #64]	; 0x40
10008404:	1c73      	adds	r3, r6, #1
10008406:	46a3      	mov	fp, r4
10008408:	4483      	add	fp, r0
1000840a:	465c      	mov	r4, fp
1000840c:	001a      	movs	r2, r3
1000840e:	9410      	str	r4, [sp, #64]	; 0x40
10008410:	2801      	cmp	r0, #1
10008412:	d101      	bne.n	10008418 <_strtod_l+0x1e4>
10008414:	f000 fcb0 	bl	10008d78 <_strtod_l+0xb44>
10008418:	000a      	movs	r2, r1
1000841a:	002c      	movs	r4, r5
1000841c:	1980      	adds	r0, r0, r6
1000841e:	468b      	mov	fp, r1
10008420:	4645      	mov	r5, r8
10008422:	4649      	mov	r1, r9
10008424:	46a0      	mov	r8, r4
10008426:	4691      	mov	r9, r2
10008428:	3801      	subs	r0, #1
1000842a:	e007      	b.n	1000843c <_strtod_l+0x208>
1000842c:	00ac      	lsls	r4, r5, #2
1000842e:	1965      	adds	r5, r4, r5
10008430:	006d      	lsls	r5, r5, #1
10008432:	4298      	cmp	r0, r3
10008434:	d101      	bne.n	1000843a <_strtod_l+0x206>
10008436:	f000 fc96 	bl	10008d66 <_strtod_l+0xb32>
1000843a:	3301      	adds	r3, #1
1000843c:	0032      	movs	r2, r6
1000843e:	001e      	movs	r6, r3
10008440:	2a08      	cmp	r2, #8
10008442:	d9f3      	bls.n	1000842c <_strtod_l+0x1f8>
10008444:	2b10      	cmp	r3, #16
10008446:	dcf4      	bgt.n	10008432 <_strtod_l+0x1fe>
10008448:	008c      	lsls	r4, r1, #2
1000844a:	1861      	adds	r1, r4, r1
1000844c:	0049      	lsls	r1, r1, #1
1000844e:	e7f0      	b.n	10008432 <_strtod_l+0x1fe>
10008450:	787b      	ldrb	r3, [r7, #1]
10008452:	3220      	adds	r2, #32
10008454:	4393      	bics	r3, r2
10008456:	1c7e      	adds	r6, r7, #1
10008458:	2b58      	cmp	r3, #88	; 0x58
1000845a:	d101      	bne.n	10008460 <_strtod_l+0x22c>
1000845c:	f000 fc5e 	bl	10008d1c <_strtod_l+0xae8>
10008460:	0037      	movs	r7, r6
10008462:	961b      	str	r6, [sp, #108]	; 0x6c
10008464:	783b      	ldrb	r3, [r7, #0]
10008466:	3601      	adds	r6, #1
10008468:	2b30      	cmp	r3, #48	; 0x30
1000846a:	d0f9      	beq.n	10008460 <_strtod_l+0x22c>
1000846c:	2b00      	cmp	r3, #0
1000846e:	d100      	bne.n	10008472 <_strtod_l+0x23e>
10008470:	e1e5      	b.n	1000883e <_strtod_l+0x60a>
10008472:	2201      	movs	r2, #1
10008474:	920a      	str	r2, [sp, #40]	; 0x28
10008476:	e705      	b.n	10008284 <_strtod_l+0x50>
10008478:	2300      	movs	r3, #0
1000847a:	2000      	movs	r0, #0
1000847c:	469c      	mov	ip, r3
1000847e:	960d      	str	r6, [sp, #52]	; 0x34
10008480:	9310      	str	r3, [sp, #64]	; 0x40
10008482:	2320      	movs	r3, #32
10008484:	0022      	movs	r2, r4
10008486:	439a      	bics	r2, r3
10008488:	0013      	movs	r3, r2
1000848a:	2200      	movs	r2, #0
1000848c:	920b      	str	r2, [sp, #44]	; 0x2c
1000848e:	2b45      	cmp	r3, #69	; 0x45
10008490:	d000      	beq.n	10008494 <_strtod_l+0x260>
10008492:	e730      	b.n	100082f6 <_strtod_l+0xc2>
10008494:	0033      	movs	r3, r6
10008496:	9a0a      	ldr	r2, [sp, #40]	; 0x28
10008498:	4303      	orrs	r3, r0
1000849a:	4313      	orrs	r3, r2
1000849c:	d100      	bne.n	100084a0 <_strtod_l+0x26c>
1000849e:	e753      	b.n	10008348 <_strtod_l+0x114>
100084a0:	9d1b      	ldr	r5, [sp, #108]	; 0x6c
100084a2:	1c6b      	adds	r3, r5, #1
100084a4:	931b      	str	r3, [sp, #108]	; 0x6c
100084a6:	786c      	ldrb	r4, [r5, #1]
100084a8:	2c2b      	cmp	r4, #43	; 0x2b
100084aa:	d101      	bne.n	100084b0 <_strtod_l+0x27c>
100084ac:	f000 fc24 	bl	10008cf8 <_strtod_l+0xac4>
100084b0:	2c2d      	cmp	r4, #45	; 0x2d
100084b2:	d100      	bne.n	100084b6 <_strtod_l+0x282>
100084b4:	e306      	b.n	10008ac4 <_strtod_l+0x890>
100084b6:	2300      	movs	r3, #0
100084b8:	469b      	mov	fp, r3
100084ba:	0023      	movs	r3, r4
100084bc:	3b30      	subs	r3, #48	; 0x30
100084be:	2b09      	cmp	r3, #9
100084c0:	d900      	bls.n	100084c4 <_strtod_l+0x290>
100084c2:	e2fa      	b.n	10008aba <_strtod_l+0x886>
100084c4:	2c30      	cmp	r4, #48	; 0x30
100084c6:	d106      	bne.n	100084d6 <_strtod_l+0x2a2>
100084c8:	9b1b      	ldr	r3, [sp, #108]	; 0x6c
100084ca:	3301      	adds	r3, #1
100084cc:	931b      	str	r3, [sp, #108]	; 0x6c
100084ce:	781c      	ldrb	r4, [r3, #0]
100084d0:	3301      	adds	r3, #1
100084d2:	2c30      	cmp	r4, #48	; 0x30
100084d4:	d0fa      	beq.n	100084cc <_strtod_l+0x298>
100084d6:	2300      	movs	r3, #0
100084d8:	930b      	str	r3, [sp, #44]	; 0x2c
100084da:	0023      	movs	r3, r4
100084dc:	3b31      	subs	r3, #49	; 0x31
100084de:	2b08      	cmp	r3, #8
100084e0:	d900      	bls.n	100084e4 <_strtod_l+0x2b0>
100084e2:	e708      	b.n	100082f6 <_strtod_l+0xc2>
100084e4:	9a1b      	ldr	r2, [sp, #108]	; 0x6c
100084e6:	3301      	adds	r3, #1
100084e8:	1c51      	adds	r1, r2, #1
100084ea:	911b      	str	r1, [sp, #108]	; 0x6c
100084ec:	7854      	ldrb	r4, [r2, #1]
100084ee:	9207      	str	r2, [sp, #28]
100084f0:	0022      	movs	r2, r4
100084f2:	2c2f      	cmp	r4, #47	; 0x2f
100084f4:	dc0d      	bgt.n	10008512 <_strtod_l+0x2de>
100084f6:	f000 fc77 	bl	10008de8 <_strtod_l+0xbb4>
100084fa:	009c      	lsls	r4, r3, #2
100084fc:	18e4      	adds	r4, r4, r3
100084fe:	0064      	lsls	r4, r4, #1
10008500:	18a4      	adds	r4, r4, r2
10008502:	000a      	movs	r2, r1
10008504:	0023      	movs	r3, r4
10008506:	3101      	adds	r1, #1
10008508:	911b      	str	r1, [sp, #108]	; 0x6c
1000850a:	7852      	ldrb	r2, [r2, #1]
1000850c:	3b30      	subs	r3, #48	; 0x30
1000850e:	2a2f      	cmp	r2, #47	; 0x2f
10008510:	dd01      	ble.n	10008516 <_strtod_l+0x2e2>
10008512:	2a39      	cmp	r2, #57	; 0x39
10008514:	ddf1      	ble.n	100084fa <_strtod_l+0x2c6>
10008516:	0014      	movs	r4, r2
10008518:	9a07      	ldr	r2, [sp, #28]
1000851a:	1a89      	subs	r1, r1, r2
1000851c:	2908      	cmp	r1, #8
1000851e:	dc01      	bgt.n	10008524 <_strtod_l+0x2f0>
10008520:	f000 fc62 	bl	10008de8 <_strtod_l+0xbb4>
10008524:	4b08      	ldr	r3, [pc, #32]	; (10008548 <_strtod_l+0x314>)
10008526:	930b      	str	r3, [sp, #44]	; 0x2c
10008528:	465b      	mov	r3, fp
1000852a:	2b00      	cmp	r3, #0
1000852c:	d100      	bne.n	10008530 <_strtod_l+0x2fc>
1000852e:	e6e2      	b.n	100082f6 <_strtod_l+0xc2>
10008530:	9b0b      	ldr	r3, [sp, #44]	; 0x2c
10008532:	425b      	negs	r3, r3
10008534:	930b      	str	r3, [sp, #44]	; 0x2c
10008536:	e6de      	b.n	100082f6 <_strtod_l+0xc2>
10008538:	1000c560 	.word	0x1000c560
1000853c:	1000c29c 	.word	0x1000c29c
10008540:	1000c298 	.word	0x1000c298
10008544:	1000aadc 	.word	0x1000aadc
10008548:	00004e1f 	.word	0x00004e1f
1000854c:	9b0b      	ldr	r3, [sp, #44]	; 0x2c
1000854e:	9a10      	ldr	r2, [sp, #64]	; 0x40
10008550:	1a9b      	subs	r3, r3, r2
10008552:	930c      	str	r3, [sp, #48]	; 0x30
10008554:	9b0d      	ldr	r3, [sp, #52]	; 0x34
10008556:	2b00      	cmp	r3, #0
10008558:	d100      	bne.n	1000855c <_strtod_l+0x328>
1000855a:	960d      	str	r6, [sp, #52]	; 0x34
1000855c:	46b3      	mov	fp, r6
1000855e:	2e10      	cmp	r6, #16
10008560:	dd01      	ble.n	10008566 <_strtod_l+0x332>
10008562:	2310      	movs	r3, #16
10008564:	469b      	mov	fp, r3
10008566:	4640      	mov	r0, r8
10008568:	f7fb ff48 	bl	100043fc <__wrap___aeabi_ui2d>
1000856c:	9004      	str	r0, [sp, #16]
1000856e:	9105      	str	r1, [sp, #20]
10008570:	2e09      	cmp	r6, #9
10008572:	dd15      	ble.n	100085a0 <_strtod_l+0x36c>
10008574:	465a      	mov	r2, fp
10008576:	4bbe      	ldr	r3, [pc, #760]	; (10008870 <_strtod_l+0x63c>)
10008578:	3a09      	subs	r2, #9
1000857a:	00d2      	lsls	r2, r2, #3
1000857c:	189b      	adds	r3, r3, r2
1000857e:	681a      	ldr	r2, [r3, #0]
10008580:	685b      	ldr	r3, [r3, #4]
10008582:	f7fb fec6 	bl	10004312 <__wrap___aeabi_dmul>
10008586:	0004      	movs	r4, r0
10008588:	4648      	mov	r0, r9
1000858a:	000d      	movs	r5, r1
1000858c:	f7fb ff36 	bl	100043fc <__wrap___aeabi_ui2d>
10008590:	0002      	movs	r2, r0
10008592:	000b      	movs	r3, r1
10008594:	0020      	movs	r0, r4
10008596:	0029      	movs	r1, r5
10008598:	f7fb fe94 	bl	100042c4 <__wrap___aeabi_dadd>
1000859c:	9004      	str	r0, [sp, #16]
1000859e:	9105      	str	r1, [sp, #20]
100085a0:	2e0f      	cmp	r6, #15
100085a2:	dd00      	ble.n	100085a6 <_strtod_l+0x372>
100085a4:	e172      	b.n	1000888c <_strtod_l+0x658>
100085a6:	9b0c      	ldr	r3, [sp, #48]	; 0x30
100085a8:	2b00      	cmp	r3, #0
100085aa:	d100      	bne.n	100085ae <_strtod_l+0x37a>
100085ac:	e35e      	b.n	10008c6c <_strtod_l+0xa38>
100085ae:	9b0c      	ldr	r3, [sp, #48]	; 0x30
100085b0:	2b00      	cmp	r3, #0
100085b2:	dc01      	bgt.n	100085b8 <_strtod_l+0x384>
100085b4:	f000 fbf3 	bl	10008d9e <_strtod_l+0xb6a>
100085b8:	2b16      	cmp	r3, #22
100085ba:	dc01      	bgt.n	100085c0 <_strtod_l+0x38c>
100085bc:	f000 fc5a 	bl	10008e74 <_strtod_l+0xc40>
100085c0:	2325      	movs	r3, #37	; 0x25
100085c2:	9a0c      	ldr	r2, [sp, #48]	; 0x30
100085c4:	1b9b      	subs	r3, r3, r6
100085c6:	4293      	cmp	r3, r2
100085c8:	db01      	blt.n	100085ce <_strtod_l+0x39a>
100085ca:	f000 fc71 	bl	10008eb0 <_strtod_l+0xc7c>
100085ce:	465b      	mov	r3, fp
100085d0:	1af4      	subs	r4, r6, r3
100085d2:	9b0c      	ldr	r3, [sp, #48]	; 0x30
100085d4:	469c      	mov	ip, r3
100085d6:	4464      	add	r4, ip
100085d8:	230f      	movs	r3, #15
100085da:	001a      	movs	r2, r3
100085dc:	4022      	ands	r2, r4
100085de:	4223      	tst	r3, r4
100085e0:	d00a      	beq.n	100085f8 <_strtod_l+0x3c4>
100085e2:	49a3      	ldr	r1, [pc, #652]	; (10008870 <_strtod_l+0x63c>)
100085e4:	00d2      	lsls	r2, r2, #3
100085e6:	1889      	adds	r1, r1, r2
100085e8:	6808      	ldr	r0, [r1, #0]
100085ea:	6849      	ldr	r1, [r1, #4]
100085ec:	9a04      	ldr	r2, [sp, #16]
100085ee:	9b05      	ldr	r3, [sp, #20]
100085f0:	f7fb fe8f 	bl	10004312 <__wrap___aeabi_dmul>
100085f4:	9004      	str	r0, [sp, #16]
100085f6:	9105      	str	r1, [sp, #20]
100085f8:	230f      	movs	r3, #15
100085fa:	439c      	bics	r4, r3
100085fc:	1e23      	subs	r3, r4, #0
100085fe:	d000      	beq.n	10008602 <_strtod_l+0x3ce>
10008600:	e2aa      	b.n	10008b58 <_strtod_l+0x924>
10008602:	2300      	movs	r3, #0
10008604:	9307      	str	r3, [sp, #28]
10008606:	4643      	mov	r3, r8
10008608:	0039      	movs	r1, r7
1000860a:	9300      	str	r3, [sp, #0]
1000860c:	4650      	mov	r0, sl
1000860e:	0033      	movs	r3, r6
10008610:	9a0d      	ldr	r2, [sp, #52]	; 0x34
10008612:	f001 fc2b 	bl	10009e6c <__s2b>
10008616:	4680      	mov	r8, r0
10008618:	2800      	cmp	r0, #0
1000861a:	d100      	bne.n	1000861e <_strtod_l+0x3ea>
1000861c:	e39d      	b.n	10008d5a <_strtod_l+0xb26>
1000861e:	990c      	ldr	r1, [sp, #48]	; 0x30
10008620:	9b10      	ldr	r3, [sp, #64]	; 0x40
10008622:	980b      	ldr	r0, [sp, #44]	; 0x2c
10008624:	17ca      	asrs	r2, r1, #31
10008626:	1a1b      	subs	r3, r3, r0
10008628:	401a      	ands	r2, r3
1000862a:	43cb      	mvns	r3, r1
1000862c:	17db      	asrs	r3, r3, #31
1000862e:	4019      	ands	r1, r3
10008630:	2600      	movs	r6, #0
10008632:	2300      	movs	r3, #0
10008634:	46c3      	mov	fp, r8
10008636:	4699      	mov	r9, r3
10008638:	46b0      	mov	r8, r6
1000863a:	4657      	mov	r7, sl
1000863c:	920d      	str	r2, [sp, #52]	; 0x34
1000863e:	9113      	str	r1, [sp, #76]	; 0x4c
10008640:	465b      	mov	r3, fp
10008642:	0038      	movs	r0, r7
10008644:	6859      	ldr	r1, [r3, #4]
10008646:	f001 fb8b 	bl	10009d60 <_Balloc>
1000864a:	4682      	mov	sl, r0
1000864c:	2800      	cmp	r0, #0
1000864e:	d100      	bne.n	10008652 <_strtod_l+0x41e>
10008650:	e387      	b.n	10008d62 <_strtod_l+0xb2e>
10008652:	465b      	mov	r3, fp
10008654:	4659      	mov	r1, fp
10008656:	691b      	ldr	r3, [r3, #16]
10008658:	310c      	adds	r1, #12
1000865a:	1c9a      	adds	r2, r3, #2
1000865c:	0092      	lsls	r2, r2, #2
1000865e:	300c      	adds	r0, #12
10008660:	f7fc fe0e 	bl	10005280 <__wrap___aeabi_memcpy>
10008664:	9b04      	ldr	r3, [sp, #16]
10008666:	9c05      	ldr	r4, [sp, #20]
10008668:	0019      	movs	r1, r3
1000866a:	930b      	str	r3, [sp, #44]	; 0x2c
1000866c:	ab1e      	add	r3, sp, #120	; 0x78
1000866e:	9301      	str	r3, [sp, #4]
10008670:	ab1d      	add	r3, sp, #116	; 0x74
10008672:	9300      	str	r3, [sp, #0]
10008674:	000a      	movs	r2, r1
10008676:	0023      	movs	r3, r4
10008678:	0038      	movs	r0, r7
1000867a:	940a      	str	r4, [sp, #40]	; 0x28
1000867c:	f001 ffec 	bl	1000a658 <__d2b>
10008680:	901c      	str	r0, [sp, #112]	; 0x70
10008682:	2800      	cmp	r0, #0
10008684:	d100      	bne.n	10008688 <_strtod_l+0x454>
10008686:	e1a9      	b.n	100089dc <_strtod_l+0x7a8>
10008688:	2101      	movs	r1, #1
1000868a:	0038      	movs	r0, r7
1000868c:	f001 fc90 	bl	10009fb0 <__i2b>
10008690:	4681      	mov	r9, r0
10008692:	2800      	cmp	r0, #0
10008694:	d100      	bne.n	10008698 <_strtod_l+0x464>
10008696:	e364      	b.n	10008d62 <_strtod_l+0xb2e>
10008698:	9b1d      	ldr	r3, [sp, #116]	; 0x74
1000869a:	2b00      	cmp	r3, #0
1000869c:	da00      	bge.n	100086a0 <_strtod_l+0x46c>
1000869e:	e1bd      	b.n	10008a1c <_strtod_l+0x7e8>
100086a0:	9a0d      	ldr	r2, [sp, #52]	; 0x34
100086a2:	9c13      	ldr	r4, [sp, #76]	; 0x4c
100086a4:	189d      	adds	r5, r3, r2
100086a6:	9907      	ldr	r1, [sp, #28]
100086a8:	9a1e      	ldr	r2, [sp, #120]	; 0x78
100086aa:	1a5b      	subs	r3, r3, r1
100086ac:	2136      	movs	r1, #54	; 0x36
100086ae:	189b      	adds	r3, r3, r2
100086b0:	1a8a      	subs	r2, r1, r2
100086b2:	4970      	ldr	r1, [pc, #448]	; (10008874 <_strtod_l+0x640>)
100086b4:	3b01      	subs	r3, #1
100086b6:	428b      	cmp	r3, r1
100086b8:	db00      	blt.n	100086bc <_strtod_l+0x488>
100086ba:	e14e      	b.n	1000895a <_strtod_l+0x726>
100086bc:	1ac9      	subs	r1, r1, r3
100086be:	1a52      	subs	r2, r2, r1
100086c0:	291f      	cmp	r1, #31
100086c2:	dd00      	ble.n	100086c6 <_strtod_l+0x492>
100086c4:	e1c7      	b.n	10008a56 <_strtod_l+0x822>
100086c6:	2301      	movs	r3, #1
100086c8:	408b      	lsls	r3, r1
100086ca:	930e      	str	r3, [sp, #56]	; 0x38
100086cc:	2300      	movs	r3, #0
100086ce:	9311      	str	r3, [sp, #68]	; 0x44
100086d0:	9b07      	ldr	r3, [sp, #28]
100086d2:	18a4      	adds	r4, r4, r2
100086d4:	469c      	mov	ip, r3
100086d6:	18ae      	adds	r6, r5, r2
100086d8:	002b      	movs	r3, r5
100086da:	4464      	add	r4, ip
100086dc:	42b5      	cmp	r5, r6
100086de:	dd00      	ble.n	100086e2 <_strtod_l+0x4ae>
100086e0:	0033      	movs	r3, r6
100086e2:	42a3      	cmp	r3, r4
100086e4:	dd00      	ble.n	100086e8 <_strtod_l+0x4b4>
100086e6:	0023      	movs	r3, r4
100086e8:	2b00      	cmp	r3, #0
100086ea:	dd02      	ble.n	100086f2 <_strtod_l+0x4be>
100086ec:	1af6      	subs	r6, r6, r3
100086ee:	1ae4      	subs	r4, r4, r3
100086f0:	1aed      	subs	r5, r5, r3
100086f2:	9b0d      	ldr	r3, [sp, #52]	; 0x34
100086f4:	2b00      	cmp	r3, #0
100086f6:	dd00      	ble.n	100086fa <_strtod_l+0x4c6>
100086f8:	e14c      	b.n	10008994 <_strtod_l+0x760>
100086fa:	2e00      	cmp	r6, #0
100086fc:	dd00      	ble.n	10008700 <_strtod_l+0x4cc>
100086fe:	e164      	b.n	100089ca <_strtod_l+0x796>
10008700:	9b0c      	ldr	r3, [sp, #48]	; 0x30
10008702:	2b00      	cmp	r3, #0
10008704:	dd00      	ble.n	10008708 <_strtod_l+0x4d4>
10008706:	e18d      	b.n	10008a24 <_strtod_l+0x7f0>
10008708:	2c00      	cmp	r4, #0
1000870a:	dd00      	ble.n	1000870e <_strtod_l+0x4da>
1000870c:	e199      	b.n	10008a42 <_strtod_l+0x80e>
1000870e:	2d00      	cmp	r5, #0
10008710:	dd08      	ble.n	10008724 <_strtod_l+0x4f0>
10008712:	4649      	mov	r1, r9
10008714:	002a      	movs	r2, r5
10008716:	0038      	movs	r0, r7
10008718:	f001 fdb8 	bl	1000a28c <__lshift>
1000871c:	4681      	mov	r9, r0
1000871e:	2800      	cmp	r0, #0
10008720:	d100      	bne.n	10008724 <_strtod_l+0x4f0>
10008722:	e31e      	b.n	10008d62 <_strtod_l+0xb2e>
10008724:	4652      	mov	r2, sl
10008726:	0038      	movs	r0, r7
10008728:	991c      	ldr	r1, [sp, #112]	; 0x70
1000872a:	f001 fe47 	bl	1000a3bc <__mdiff>
1000872e:	4680      	mov	r8, r0
10008730:	2800      	cmp	r0, #0
10008732:	d100      	bne.n	10008736 <_strtod_l+0x502>
10008734:	e315      	b.n	10008d62 <_strtod_l+0xb2e>
10008736:	68c3      	ldr	r3, [r0, #12]
10008738:	4649      	mov	r1, r9
1000873a:	9310      	str	r3, [sp, #64]	; 0x40
1000873c:	2300      	movs	r3, #0
1000873e:	60c3      	str	r3, [r0, #12]
10008740:	f001 fe22 	bl	1000a388 <__mcmp>
10008744:	2800      	cmp	r0, #0
10008746:	da01      	bge.n	1000874c <_strtod_l+0x518>
10008748:	f000 fc5d 	bl	10009006 <_strtod_l+0xdd2>
1000874c:	d100      	bne.n	10008750 <_strtod_l+0x51c>
1000874e:	e3c5      	b.n	10008edc <_strtod_l+0xca8>
10008750:	4649      	mov	r1, r9
10008752:	4640      	mov	r0, r8
10008754:	f001 ffec 	bl	1000a730 <__ratio>
10008758:	2380      	movs	r3, #128	; 0x80
1000875a:	2200      	movs	r2, #0
1000875c:	05db      	lsls	r3, r3, #23
1000875e:	0004      	movs	r4, r0
10008760:	000d      	movs	r5, r1
10008762:	f7fb fe27 	bl	100043b4 <__wrap___aeabi_dcmple>
10008766:	2800      	cmp	r0, #0
10008768:	d100      	bne.n	1000876c <_strtod_l+0x538>
1000876a:	e0fb      	b.n	10008964 <_strtod_l+0x730>
1000876c:	9b10      	ldr	r3, [sp, #64]	; 0x40
1000876e:	2b00      	cmp	r3, #0
10008770:	d100      	bne.n	10008774 <_strtod_l+0x540>
10008772:	e180      	b.n	10008a76 <_strtod_l+0x842>
10008774:	9b05      	ldr	r3, [sp, #20]
10008776:	2400      	movs	r4, #0
10008778:	930e      	str	r3, [sp, #56]	; 0x38
1000877a:	2300      	movs	r3, #0
1000877c:	9311      	str	r3, [sp, #68]	; 0x44
1000877e:	4b3e      	ldr	r3, [pc, #248]	; (10008878 <_strtod_l+0x644>)
10008780:	4d3d      	ldr	r5, [pc, #244]	; (10008878 <_strtod_l+0x644>)
10008782:	9312      	str	r3, [sp, #72]	; 0x48
10008784:	4b3d      	ldr	r3, [pc, #244]	; (1000887c <_strtod_l+0x648>)
10008786:	9e0e      	ldr	r6, [sp, #56]	; 0x38
10008788:	401e      	ands	r6, r3
1000878a:	4b3d      	ldr	r3, [pc, #244]	; (10008880 <_strtod_l+0x64c>)
1000878c:	429e      	cmp	r6, r3
1000878e:	d100      	bne.n	10008792 <_strtod_l+0x55e>
10008790:	e19e      	b.n	10008ad0 <_strtod_l+0x89c>
10008792:	9b07      	ldr	r3, [sp, #28]
10008794:	2b00      	cmp	r3, #0
10008796:	d028      	beq.n	100087ea <_strtod_l+0x5b6>
10008798:	23d4      	movs	r3, #212	; 0xd4
1000879a:	04db      	lsls	r3, r3, #19
1000879c:	429e      	cmp	r6, r3
1000879e:	d824      	bhi.n	100087ea <_strtod_l+0x5b6>
100087a0:	4a38      	ldr	r2, [pc, #224]	; (10008884 <_strtod_l+0x650>)
100087a2:	4b39      	ldr	r3, [pc, #228]	; (10008888 <_strtod_l+0x654>)
100087a4:	9811      	ldr	r0, [sp, #68]	; 0x44
100087a6:	9912      	ldr	r1, [sp, #72]	; 0x48
100087a8:	f7fb fe04 	bl	100043b4 <__wrap___aeabi_dcmple>
100087ac:	2800      	cmp	r0, #0
100087ae:	d018      	beq.n	100087e2 <_strtod_l+0x5ae>
100087b0:	9811      	ldr	r0, [sp, #68]	; 0x44
100087b2:	9912      	ldr	r1, [sp, #72]	; 0x48
100087b4:	f7fb fe62 	bl	1000447c <__wrap___aeabi_d2uiz>
100087b8:	2800      	cmp	r0, #0
100087ba:	d100      	bne.n	100087be <_strtod_l+0x58a>
100087bc:	3001      	adds	r0, #1
100087be:	f7fb fe1d 	bl	100043fc <__wrap___aeabi_ui2d>
100087c2:	000b      	movs	r3, r1
100087c4:	9112      	str	r1, [sp, #72]	; 0x48
100087c6:	9910      	ldr	r1, [sp, #64]	; 0x40
100087c8:	0002      	movs	r2, r0
100087ca:	9011      	str	r0, [sp, #68]	; 0x44
100087cc:	2900      	cmp	r1, #0
100087ce:	d000      	beq.n	100087d2 <_strtod_l+0x59e>
100087d0:	e313      	b.n	10008dfa <_strtod_l+0xbc6>
100087d2:	9216      	str	r2, [sp, #88]	; 0x58
100087d4:	2280      	movs	r2, #128	; 0x80
100087d6:	0612      	lsls	r2, r2, #24
100087d8:	4694      	mov	ip, r2
100087da:	4463      	add	r3, ip
100087dc:	9317      	str	r3, [sp, #92]	; 0x5c
100087de:	9c16      	ldr	r4, [sp, #88]	; 0x58
100087e0:	9d17      	ldr	r5, [sp, #92]	; 0x5c
100087e2:	23d6      	movs	r3, #214	; 0xd6
100087e4:	04db      	lsls	r3, r3, #19
100087e6:	18eb      	adds	r3, r5, r3
100087e8:	1b9d      	subs	r5, r3, r6
100087ea:	980b      	ldr	r0, [sp, #44]	; 0x2c
100087ec:	990a      	ldr	r1, [sp, #40]	; 0x28
100087ee:	f001 feab 	bl	1000a548 <__ulp>
100087f2:	0002      	movs	r2, r0
100087f4:	000b      	movs	r3, r1
100087f6:	0020      	movs	r0, r4
100087f8:	0029      	movs	r1, r5
100087fa:	f7fb fd8a 	bl	10004312 <__wrap___aeabi_dmul>
100087fe:	9a0b      	ldr	r2, [sp, #44]	; 0x2c
10008800:	9b0a      	ldr	r3, [sp, #40]	; 0x28
10008802:	f7fb fd5f 	bl	100042c4 <__wrap___aeabi_dadd>
10008806:	000c      	movs	r4, r1
10008808:	9004      	str	r0, [sp, #16]
1000880a:	9105      	str	r1, [sp, #20]
1000880c:	9b07      	ldr	r3, [sp, #28]
1000880e:	2b00      	cmp	r3, #0
10008810:	d104      	bne.n	1000881c <_strtod_l+0x5e8>
10008812:	4b1a      	ldr	r3, [pc, #104]	; (1000887c <_strtod_l+0x648>)
10008814:	4023      	ands	r3, r4
10008816:	429e      	cmp	r6, r3
10008818:	d100      	bne.n	1000881c <_strtod_l+0x5e8>
1000881a:	e244      	b.n	10008ca6 <_strtod_l+0xa72>
1000881c:	0038      	movs	r0, r7
1000881e:	991c      	ldr	r1, [sp, #112]	; 0x70
10008820:	f001 fac6 	bl	10009db0 <_Bfree>
10008824:	4651      	mov	r1, sl
10008826:	0038      	movs	r0, r7
10008828:	f001 fac2 	bl	10009db0 <_Bfree>
1000882c:	4649      	mov	r1, r9
1000882e:	0038      	movs	r0, r7
10008830:	f001 fabe 	bl	10009db0 <_Bfree>
10008834:	4641      	mov	r1, r8
10008836:	0038      	movs	r0, r7
10008838:	f001 faba 	bl	10009db0 <_Bfree>
1000883c:	e700      	b.n	10008640 <_strtod_l+0x40c>
1000883e:	2300      	movs	r3, #0
10008840:	2700      	movs	r7, #0
10008842:	469b      	mov	fp, r3
10008844:	9b08      	ldr	r3, [sp, #32]
10008846:	2b00      	cmp	r3, #0
10008848:	d001      	beq.n	1000884e <_strtod_l+0x61a>
1000884a:	9a1b      	ldr	r2, [sp, #108]	; 0x6c
1000884c:	601a      	str	r2, [r3, #0]
1000884e:	9b09      	ldr	r3, [sp, #36]	; 0x24
10008850:	2b00      	cmp	r3, #0
10008852:	d100      	bne.n	10008856 <_strtod_l+0x622>
10008854:	e580      	b.n	10008358 <_strtod_l+0x124>
10008856:	2180      	movs	r1, #128	; 0x80
10008858:	0609      	lsls	r1, r1, #24
1000885a:	187b      	adds	r3, r7, r1
1000885c:	001f      	movs	r7, r3
1000885e:	e57b      	b.n	10008358 <_strtod_l+0x124>
10008860:	9b1b      	ldr	r3, [sp, #108]	; 0x6c
10008862:	960d      	str	r6, [sp, #52]	; 0x34
10008864:	445b      	add	r3, fp
10008866:	931b      	str	r3, [sp, #108]	; 0x6c
10008868:	781c      	ldrb	r4, [r3, #0]
1000886a:	2300      	movs	r3, #0
1000886c:	9310      	str	r3, [sp, #64]	; 0x40
1000886e:	e5bd      	b.n	100083ec <_strtod_l+0x1b8>
10008870:	1000c620 	.word	0x1000c620
10008874:	fffffc02 	.word	0xfffffc02
10008878:	3ff00000 	.word	0x3ff00000
1000887c:	7ff00000 	.word	0x7ff00000
10008880:	7fe00000 	.word	0x7fe00000
10008884:	ffc00000 	.word	0xffc00000
10008888:	41dfffff 	.word	0x41dfffff
1000888c:	465b      	mov	r3, fp
1000888e:	1af4      	subs	r4, r6, r3
10008890:	9b0c      	ldr	r3, [sp, #48]	; 0x30
10008892:	469c      	mov	ip, r3
10008894:	4464      	add	r4, ip
10008896:	2c00      	cmp	r4, #0
10008898:	dd00      	ble.n	1000889c <_strtod_l+0x668>
1000889a:	e69d      	b.n	100085d8 <_strtod_l+0x3a4>
1000889c:	d100      	bne.n	100088a0 <_strtod_l+0x66c>
1000889e:	e6b0      	b.n	10008602 <_strtod_l+0x3ce>
100088a0:	230f      	movs	r3, #15
100088a2:	001a      	movs	r2, r3
100088a4:	4264      	negs	r4, r4
100088a6:	4022      	ands	r2, r4
100088a8:	4223      	tst	r3, r4
100088aa:	d00a      	beq.n	100088c2 <_strtod_l+0x68e>
100088ac:	9804      	ldr	r0, [sp, #16]
100088ae:	9905      	ldr	r1, [sp, #20]
100088b0:	4bd0      	ldr	r3, [pc, #832]	; (10008bf4 <_strtod_l+0x9c0>)
100088b2:	00d2      	lsls	r2, r2, #3
100088b4:	189a      	adds	r2, r3, r2
100088b6:	6853      	ldr	r3, [r2, #4]
100088b8:	6812      	ldr	r2, [r2, #0]
100088ba:	f7fb fd0c 	bl	100042d6 <__wrap___aeabi_ddiv>
100088be:	9004      	str	r0, [sp, #16]
100088c0:	9105      	str	r1, [sp, #20]
100088c2:	1124      	asrs	r4, r4, #4
100088c4:	d100      	bne.n	100088c8 <_strtod_l+0x694>
100088c6:	e69c      	b.n	10008602 <_strtod_l+0x3ce>
100088c8:	2c1f      	cmp	r4, #31
100088ca:	dc3f      	bgt.n	1000894c <_strtod_l+0x718>
100088cc:	2310      	movs	r3, #16
100088ce:	001a      	movs	r2, r3
100088d0:	4022      	ands	r2, r4
100088d2:	9207      	str	r2, [sp, #28]
100088d4:	4223      	tst	r3, r4
100088d6:	d001      	beq.n	100088dc <_strtod_l+0x6a8>
100088d8:	335a      	adds	r3, #90	; 0x5a
100088da:	9307      	str	r3, [sp, #28]
100088dc:	2201      	movs	r2, #1
100088de:	9804      	ldr	r0, [sp, #16]
100088e0:	9905      	ldr	r1, [sp, #20]
100088e2:	2300      	movs	r3, #0
100088e4:	4691      	mov	r9, r2
100088e6:	4dc4      	ldr	r5, [pc, #784]	; (10008bf8 <_strtod_l+0x9c4>)
100088e8:	464a      	mov	r2, r9
100088ea:	4222      	tst	r2, r4
100088ec:	d004      	beq.n	100088f8 <_strtod_l+0x6c4>
100088ee:	682a      	ldr	r2, [r5, #0]
100088f0:	686b      	ldr	r3, [r5, #4]
100088f2:	f7fb fd0e 	bl	10004312 <__wrap___aeabi_dmul>
100088f6:	2301      	movs	r3, #1
100088f8:	1064      	asrs	r4, r4, #1
100088fa:	3508      	adds	r5, #8
100088fc:	2c00      	cmp	r4, #0
100088fe:	d1f3      	bne.n	100088e8 <_strtod_l+0x6b4>
10008900:	2b00      	cmp	r3, #0
10008902:	d001      	beq.n	10008908 <_strtod_l+0x6d4>
10008904:	9004      	str	r0, [sp, #16]
10008906:	9105      	str	r1, [sp, #20]
10008908:	9b07      	ldr	r3, [sp, #28]
1000890a:	2b00      	cmp	r3, #0
1000890c:	d015      	beq.n	1000893a <_strtod_l+0x706>
1000890e:	9b04      	ldr	r3, [sp, #16]
10008910:	9c05      	ldr	r4, [sp, #20]
10008912:	236b      	movs	r3, #107	; 0x6b
10008914:	0062      	lsls	r2, r4, #1
10008916:	0d52      	lsrs	r2, r2, #21
10008918:	0021      	movs	r1, r4
1000891a:	1a9b      	subs	r3, r3, r2
1000891c:	2b00      	cmp	r3, #0
1000891e:	dd0c      	ble.n	1000893a <_strtod_l+0x706>
10008920:	2b1f      	cmp	r3, #31
10008922:	dc01      	bgt.n	10008928 <_strtod_l+0x6f4>
10008924:	f000 fbdc 	bl	100090e0 <_strtod_l+0xeac>
10008928:	2000      	movs	r0, #0
1000892a:	9004      	str	r0, [sp, #16]
1000892c:	2b34      	cmp	r3, #52	; 0x34
1000892e:	dc01      	bgt.n	10008934 <_strtod_l+0x700>
10008930:	f000 fc22 	bl	10009178 <_strtod_l+0xf44>
10008934:	23dc      	movs	r3, #220	; 0xdc
10008936:	049b      	lsls	r3, r3, #18
10008938:	9305      	str	r3, [sp, #20]
1000893a:	2200      	movs	r2, #0
1000893c:	9804      	ldr	r0, [sp, #16]
1000893e:	9905      	ldr	r1, [sp, #20]
10008940:	2300      	movs	r3, #0
10008942:	f7fb fd29 	bl	10004398 <__wrap___aeabi_dcmpeq>
10008946:	2800      	cmp	r0, #0
10008948:	d100      	bne.n	1000894c <_strtod_l+0x718>
1000894a:	e65c      	b.n	10008606 <_strtod_l+0x3d2>
1000894c:	2322      	movs	r3, #34	; 0x22
1000894e:	4652      	mov	r2, sl
10008950:	6013      	str	r3, [r2, #0]
10008952:	2300      	movs	r3, #0
10008954:	2700      	movs	r7, #0
10008956:	469b      	mov	fp, r3
10008958:	e774      	b.n	10008844 <_strtod_l+0x610>
1000895a:	2300      	movs	r3, #0
1000895c:	9311      	str	r3, [sp, #68]	; 0x44
1000895e:	3301      	adds	r3, #1
10008960:	930e      	str	r3, [sp, #56]	; 0x38
10008962:	e6b5      	b.n	100086d0 <_strtod_l+0x49c>
10008964:	2200      	movs	r2, #0
10008966:	4ba5      	ldr	r3, [pc, #660]	; (10008bfc <_strtod_l+0x9c8>)
10008968:	0020      	movs	r0, r4
1000896a:	0029      	movs	r1, r5
1000896c:	f7fb fcd1 	bl	10004312 <__wrap___aeabi_dmul>
10008970:	000b      	movs	r3, r1
10008972:	9112      	str	r1, [sp, #72]	; 0x48
10008974:	9910      	ldr	r1, [sp, #64]	; 0x40
10008976:	0002      	movs	r2, r0
10008978:	9011      	str	r0, [sp, #68]	; 0x44
1000897a:	2900      	cmp	r1, #0
1000897c:	d176      	bne.n	10008a6c <_strtod_l+0x838>
1000897e:	9214      	str	r2, [sp, #80]	; 0x50
10008980:	2280      	movs	r2, #128	; 0x80
10008982:	0612      	lsls	r2, r2, #24
10008984:	4694      	mov	ip, r2
10008986:	4463      	add	r3, ip
10008988:	9315      	str	r3, [sp, #84]	; 0x54
1000898a:	9b05      	ldr	r3, [sp, #20]
1000898c:	9c14      	ldr	r4, [sp, #80]	; 0x50
1000898e:	9d15      	ldr	r5, [sp, #84]	; 0x54
10008990:	930e      	str	r3, [sp, #56]	; 0x38
10008992:	e6f7      	b.n	10008784 <_strtod_l+0x550>
10008994:	4649      	mov	r1, r9
10008996:	001a      	movs	r2, r3
10008998:	0038      	movs	r0, r7
1000899a:	f001 fc0b 	bl	1000a1b4 <__pow5mult>
1000899e:	4681      	mov	r9, r0
100089a0:	2800      	cmp	r0, #0
100089a2:	d100      	bne.n	100089a6 <_strtod_l+0x772>
100089a4:	e1dd      	b.n	10008d62 <_strtod_l+0xb2e>
100089a6:	0001      	movs	r1, r0
100089a8:	9a1c      	ldr	r2, [sp, #112]	; 0x70
100089aa:	0038      	movs	r0, r7
100089ac:	f001 fb30 	bl	1000a010 <__multiply>
100089b0:	9010      	str	r0, [sp, #64]	; 0x40
100089b2:	2800      	cmp	r0, #0
100089b4:	d100      	bne.n	100089b8 <_strtod_l+0x784>
100089b6:	e1d4      	b.n	10008d62 <_strtod_l+0xb2e>
100089b8:	0038      	movs	r0, r7
100089ba:	991c      	ldr	r1, [sp, #112]	; 0x70
100089bc:	f001 f9f8 	bl	10009db0 <_Bfree>
100089c0:	9b10      	ldr	r3, [sp, #64]	; 0x40
100089c2:	931c      	str	r3, [sp, #112]	; 0x70
100089c4:	2e00      	cmp	r6, #0
100089c6:	dc00      	bgt.n	100089ca <_strtod_l+0x796>
100089c8:	e69a      	b.n	10008700 <_strtod_l+0x4cc>
100089ca:	0032      	movs	r2, r6
100089cc:	0038      	movs	r0, r7
100089ce:	991c      	ldr	r1, [sp, #112]	; 0x70
100089d0:	f001 fc5c 	bl	1000a28c <__lshift>
100089d4:	901c      	str	r0, [sp, #112]	; 0x70
100089d6:	2800      	cmp	r0, #0
100089d8:	d000      	beq.n	100089dc <_strtod_l+0x7a8>
100089da:	e691      	b.n	10008700 <_strtod_l+0x4cc>
100089dc:	4653      	mov	r3, sl
100089de:	4646      	mov	r6, r8
100089e0:	46ba      	mov	sl, r7
100089e2:	46d8      	mov	r8, fp
100089e4:	930c      	str	r3, [sp, #48]	; 0x30
100089e6:	2322      	movs	r3, #34	; 0x22
100089e8:	4652      	mov	r2, sl
100089ea:	6013      	str	r3, [r2, #0]
100089ec:	2300      	movs	r3, #0
100089ee:	469b      	mov	fp, r3
100089f0:	4f83      	ldr	r7, [pc, #524]	; (10008c00 <_strtod_l+0x9cc>)
100089f2:	0001      	movs	r1, r0
100089f4:	4650      	mov	r0, sl
100089f6:	f001 f9db 	bl	10009db0 <_Bfree>
100089fa:	4650      	mov	r0, sl
100089fc:	990c      	ldr	r1, [sp, #48]	; 0x30
100089fe:	f001 f9d7 	bl	10009db0 <_Bfree>
10008a02:	4649      	mov	r1, r9
10008a04:	4650      	mov	r0, sl
10008a06:	f001 f9d3 	bl	10009db0 <_Bfree>
10008a0a:	4641      	mov	r1, r8
10008a0c:	4650      	mov	r0, sl
10008a0e:	f001 f9cf 	bl	10009db0 <_Bfree>
10008a12:	0031      	movs	r1, r6
10008a14:	4650      	mov	r0, sl
10008a16:	f001 f9cb 	bl	10009db0 <_Bfree>
10008a1a:	e713      	b.n	10008844 <_strtod_l+0x610>
10008a1c:	9a13      	ldr	r2, [sp, #76]	; 0x4c
10008a1e:	9d0d      	ldr	r5, [sp, #52]	; 0x34
10008a20:	1ad4      	subs	r4, r2, r3
10008a22:	e640      	b.n	100086a6 <_strtod_l+0x472>
10008a24:	4651      	mov	r1, sl
10008a26:	0038      	movs	r0, r7
10008a28:	9a13      	ldr	r2, [sp, #76]	; 0x4c
10008a2a:	f001 fbc3 	bl	1000a1b4 <__pow5mult>
10008a2e:	4682      	mov	sl, r0
10008a30:	1e03      	subs	r3, r0, #0
10008a32:	d000      	beq.n	10008a36 <_strtod_l+0x802>
10008a34:	e668      	b.n	10008708 <_strtod_l+0x4d4>
10008a36:	4646      	mov	r6, r8
10008a38:	46ba      	mov	sl, r7
10008a3a:	46d8      	mov	r8, fp
10008a3c:	981c      	ldr	r0, [sp, #112]	; 0x70
10008a3e:	930c      	str	r3, [sp, #48]	; 0x30
10008a40:	e7d1      	b.n	100089e6 <_strtod_l+0x7b2>
10008a42:	4651      	mov	r1, sl
10008a44:	0022      	movs	r2, r4
10008a46:	0038      	movs	r0, r7
10008a48:	f001 fc20 	bl	1000a28c <__lshift>
10008a4c:	4682      	mov	sl, r0
10008a4e:	1e03      	subs	r3, r0, #0
10008a50:	d000      	beq.n	10008a54 <_strtod_l+0x820>
10008a52:	e65c      	b.n	1000870e <_strtod_l+0x4da>
10008a54:	e7ef      	b.n	10008a36 <_strtod_l+0x802>
10008a56:	496b      	ldr	r1, [pc, #428]	; (10008c04 <_strtod_l+0x9d0>)
10008a58:	1acb      	subs	r3, r1, r3
10008a5a:	2101      	movs	r1, #1
10008a5c:	4099      	lsls	r1, r3
10008a5e:	2301      	movs	r3, #1
10008a60:	9111      	str	r1, [sp, #68]	; 0x44
10008a62:	930e      	str	r3, [sp, #56]	; 0x38
10008a64:	e634      	b.n	100086d0 <_strtod_l+0x49c>
10008a66:	2301      	movs	r3, #1
10008a68:	469c      	mov	ip, r3
10008a6a:	e50a      	b.n	10008482 <_strtod_l+0x24e>
10008a6c:	9a11      	ldr	r2, [sp, #68]	; 0x44
10008a6e:	9b12      	ldr	r3, [sp, #72]	; 0x48
10008a70:	9214      	str	r2, [sp, #80]	; 0x50
10008a72:	9315      	str	r3, [sp, #84]	; 0x54
10008a74:	e789      	b.n	1000898a <_strtod_l+0x756>
10008a76:	9904      	ldr	r1, [sp, #16]
10008a78:	9a05      	ldr	r2, [sp, #20]
10008a7a:	2900      	cmp	r1, #0
10008a7c:	d15b      	bne.n	10008b36 <_strtod_l+0x902>
10008a7e:	920e      	str	r2, [sp, #56]	; 0x38
10008a80:	0313      	lsls	r3, r2, #12
10008a82:	d15d      	bne.n	10008b40 <_strtod_l+0x90c>
10008a84:	2200      	movs	r2, #0
10008a86:	0020      	movs	r0, r4
10008a88:	0029      	movs	r1, r5
10008a8a:	4b5f      	ldr	r3, [pc, #380]	; (10008c08 <_strtod_l+0x9d4>)
10008a8c:	f7fb fc8c 	bl	100043a8 <__wrap___aeabi_dcmplt>
10008a90:	2800      	cmp	r0, #0
10008a92:	d000      	beq.n	10008a96 <_strtod_l+0x862>
10008a94:	e1ff      	b.n	10008e96 <_strtod_l+0xc62>
10008a96:	2200      	movs	r2, #0
10008a98:	4b58      	ldr	r3, [pc, #352]	; (10008bfc <_strtod_l+0x9c8>)
10008a9a:	0020      	movs	r0, r4
10008a9c:	0029      	movs	r1, r5
10008a9e:	f7fb fc38 	bl	10004312 <__wrap___aeabi_dmul>
10008aa2:	2280      	movs	r2, #128	; 0x80
10008aa4:	0612      	lsls	r2, r2, #24
10008aa6:	000b      	movs	r3, r1
10008aa8:	4694      	mov	ip, r2
10008aaa:	4463      	add	r3, ip
10008aac:	9011      	str	r0, [sp, #68]	; 0x44
10008aae:	9112      	str	r1, [sp, #72]	; 0x48
10008ab0:	9018      	str	r0, [sp, #96]	; 0x60
10008ab2:	9319      	str	r3, [sp, #100]	; 0x64
10008ab4:	9c18      	ldr	r4, [sp, #96]	; 0x60
10008ab6:	9d19      	ldr	r5, [sp, #100]	; 0x64
10008ab8:	e664      	b.n	10008784 <_strtod_l+0x550>
10008aba:	2300      	movs	r3, #0
10008abc:	951b      	str	r5, [sp, #108]	; 0x6c
10008abe:	930b      	str	r3, [sp, #44]	; 0x2c
10008ac0:	f7ff fc19 	bl	100082f6 <_strtod_l+0xc2>
10008ac4:	2301      	movs	r3, #1
10008ac6:	469b      	mov	fp, r3
10008ac8:	1cab      	adds	r3, r5, #2
10008aca:	931b      	str	r3, [sp, #108]	; 0x6c
10008acc:	78ac      	ldrb	r4, [r5, #2]
10008ace:	e4f4      	b.n	100084ba <_strtod_l+0x286>
10008ad0:	4a4e      	ldr	r2, [pc, #312]	; (10008c0c <_strtod_l+0x9d8>)
10008ad2:	9b0e      	ldr	r3, [sp, #56]	; 0x38
10008ad4:	4694      	mov	ip, r2
10008ad6:	4463      	add	r3, ip
10008ad8:	9305      	str	r3, [sp, #20]
10008ada:	940e      	str	r4, [sp, #56]	; 0x38
10008adc:	950f      	str	r5, [sp, #60]	; 0x3c
10008ade:	9c04      	ldr	r4, [sp, #16]
10008ae0:	9d05      	ldr	r5, [sp, #20]
10008ae2:	0020      	movs	r0, r4
10008ae4:	0029      	movs	r1, r5
10008ae6:	f001 fd2f 	bl	1000a548 <__ulp>
10008aea:	0002      	movs	r2, r0
10008aec:	000b      	movs	r3, r1
10008aee:	980e      	ldr	r0, [sp, #56]	; 0x38
10008af0:	990f      	ldr	r1, [sp, #60]	; 0x3c
10008af2:	f7fb fc0e 	bl	10004312 <__wrap___aeabi_dmul>
10008af6:	0022      	movs	r2, r4
10008af8:	002b      	movs	r3, r5
10008afa:	f7fb fbe3 	bl	100042c4 <__wrap___aeabi_dadd>
10008afe:	4b40      	ldr	r3, [pc, #256]	; (10008c00 <_strtod_l+0x9cc>)
10008b00:	4a43      	ldr	r2, [pc, #268]	; (10008c10 <_strtod_l+0x9dc>)
10008b02:	9004      	str	r0, [sp, #16]
10008b04:	9105      	str	r1, [sp, #20]
10008b06:	400b      	ands	r3, r1
10008b08:	4293      	cmp	r3, r2
10008b0a:	d920      	bls.n	10008b4e <_strtod_l+0x91a>
10008b0c:	9a0a      	ldr	r2, [sp, #40]	; 0x28
10008b0e:	4b41      	ldr	r3, [pc, #260]	; (10008c14 <_strtod_l+0x9e0>)
10008b10:	429a      	cmp	r2, r3
10008b12:	d103      	bne.n	10008b1c <_strtod_l+0x8e8>
10008b14:	9b0b      	ldr	r3, [sp, #44]	; 0x2c
10008b16:	3301      	adds	r3, #1
10008b18:	d100      	bne.n	10008b1c <_strtod_l+0x8e8>
10008b1a:	e122      	b.n	10008d62 <_strtod_l+0xb2e>
10008b1c:	4b3d      	ldr	r3, [pc, #244]	; (10008c14 <_strtod_l+0x9e0>)
10008b1e:	9305      	str	r3, [sp, #20]
10008b20:	2301      	movs	r3, #1
10008b22:	425b      	negs	r3, r3
10008b24:	9304      	str	r3, [sp, #16]
10008b26:	e679      	b.n	1000881c <_strtod_l+0x5e8>
10008b28:	2300      	movs	r3, #0
10008b2a:	930d      	str	r3, [sp, #52]	; 0x34
10008b2c:	9310      	str	r3, [sp, #64]	; 0x40
10008b2e:	3301      	adds	r3, #1
10008b30:	2600      	movs	r6, #0
10008b32:	469c      	mov	ip, r3
10008b34:	e4a5      	b.n	10008482 <_strtod_l+0x24e>
10008b36:	2901      	cmp	r1, #1
10008b38:	d100      	bne.n	10008b3c <_strtod_l+0x908>
10008b3a:	e143      	b.n	10008dc4 <_strtod_l+0xb90>
10008b3c:	9b05      	ldr	r3, [sp, #20]
10008b3e:	930e      	str	r3, [sp, #56]	; 0x38
10008b40:	2300      	movs	r3, #0
10008b42:	9311      	str	r3, [sp, #68]	; 0x44
10008b44:	4b30      	ldr	r3, [pc, #192]	; (10008c08 <_strtod_l+0x9d4>)
10008b46:	2400      	movs	r4, #0
10008b48:	4d33      	ldr	r5, [pc, #204]	; (10008c18 <_strtod_l+0x9e4>)
10008b4a:	9312      	str	r3, [sp, #72]	; 0x48
10008b4c:	e61a      	b.n	10008784 <_strtod_l+0x550>
10008b4e:	23d4      	movs	r3, #212	; 0xd4
10008b50:	049b      	lsls	r3, r3, #18
10008b52:	18cc      	adds	r4, r1, r3
10008b54:	9405      	str	r4, [sp, #20]
10008b56:	e659      	b.n	1000880c <_strtod_l+0x5d8>
10008b58:	229a      	movs	r2, #154	; 0x9a
10008b5a:	0052      	lsls	r2, r2, #1
10008b5c:	4294      	cmp	r4, r2
10008b5e:	dd00      	ble.n	10008b62 <_strtod_l+0x92e>
10008b60:	e0fb      	b.n	10008d5a <_strtod_l+0xb26>
10008b62:	1124      	asrs	r4, r4, #4
10008b64:	2b1f      	cmp	r3, #31
10008b66:	dc00      	bgt.n	10008b6a <_strtod_l+0x936>
10008b68:	e294      	b.n	10009094 <_strtod_l+0xe60>
10008b6a:	9804      	ldr	r0, [sp, #16]
10008b6c:	9905      	ldr	r1, [sp, #20]
10008b6e:	2200      	movs	r2, #0
10008b70:	4691      	mov	r9, r2
10008b72:	3201      	adds	r2, #1
10008b74:	4693      	mov	fp, r2
10008b76:	464a      	mov	r2, r9
10008b78:	4b28      	ldr	r3, [pc, #160]	; (10008c1c <_strtod_l+0x9e8>)
10008b7a:	46b1      	mov	r9, r6
10008b7c:	001d      	movs	r5, r3
10008b7e:	9307      	str	r3, [sp, #28]
10008b80:	0016      	movs	r6, r2
10008b82:	2300      	movs	r3, #0
10008b84:	465a      	mov	r2, fp
10008b86:	4222      	tst	r2, r4
10008b88:	d004      	beq.n	10008b94 <_strtod_l+0x960>
10008b8a:	682a      	ldr	r2, [r5, #0]
10008b8c:	686b      	ldr	r3, [r5, #4]
10008b8e:	f7fb fbc0 	bl	10004312 <__wrap___aeabi_dmul>
10008b92:	2301      	movs	r3, #1
10008b94:	3601      	adds	r6, #1
10008b96:	1064      	asrs	r4, r4, #1
10008b98:	3508      	adds	r5, #8
10008b9a:	2c01      	cmp	r4, #1
10008b9c:	d1f2      	bne.n	10008b84 <_strtod_l+0x950>
10008b9e:	0032      	movs	r2, r6
10008ba0:	464e      	mov	r6, r9
10008ba2:	4691      	mov	r9, r2
10008ba4:	2b00      	cmp	r3, #0
10008ba6:	d001      	beq.n	10008bac <_strtod_l+0x978>
10008ba8:	9004      	str	r0, [sp, #16]
10008baa:	9105      	str	r1, [sp, #20]
10008bac:	4a17      	ldr	r2, [pc, #92]	; (10008c0c <_strtod_l+0x9d8>)
10008bae:	9b05      	ldr	r3, [sp, #20]
10008bb0:	4694      	mov	ip, r2
10008bb2:	4463      	add	r3, ip
10008bb4:	9305      	str	r3, [sp, #20]
10008bb6:	464b      	mov	r3, r9
10008bb8:	00d9      	lsls	r1, r3, #3
10008bba:	9b07      	ldr	r3, [sp, #28]
10008bbc:	469c      	mov	ip, r3
10008bbe:	9a04      	ldr	r2, [sp, #16]
10008bc0:	9b05      	ldr	r3, [sp, #20]
10008bc2:	4461      	add	r1, ip
10008bc4:	6808      	ldr	r0, [r1, #0]
10008bc6:	6849      	ldr	r1, [r1, #4]
10008bc8:	f7fb fba3 	bl	10004312 <__wrap___aeabi_dmul>
10008bcc:	4b0c      	ldr	r3, [pc, #48]	; (10008c00 <_strtod_l+0x9cc>)
10008bce:	4a14      	ldr	r2, [pc, #80]	; (10008c20 <_strtod_l+0x9ec>)
10008bd0:	9004      	str	r0, [sp, #16]
10008bd2:	9105      	str	r1, [sp, #20]
10008bd4:	400b      	ands	r3, r1
10008bd6:	4293      	cmp	r3, r2
10008bd8:	d900      	bls.n	10008bdc <_strtod_l+0x9a8>
10008bda:	e0be      	b.n	10008d5a <_strtod_l+0xb26>
10008bdc:	4a11      	ldr	r2, [pc, #68]	; (10008c24 <_strtod_l+0x9f0>)
10008bde:	4293      	cmp	r3, r2
10008be0:	d800      	bhi.n	10008be4 <_strtod_l+0x9b0>
10008be2:	e1cb      	b.n	10008f7c <_strtod_l+0xd48>
10008be4:	4b0b      	ldr	r3, [pc, #44]	; (10008c14 <_strtod_l+0x9e0>)
10008be6:	9305      	str	r3, [sp, #20]
10008be8:	2301      	movs	r3, #1
10008bea:	425b      	negs	r3, r3
10008bec:	9304      	str	r3, [sp, #16]
10008bee:	2300      	movs	r3, #0
10008bf0:	9307      	str	r3, [sp, #28]
10008bf2:	e508      	b.n	10008606 <_strtod_l+0x3d2>
10008bf4:	1000c620 	.word	0x1000c620
10008bf8:	1000c398 	.word	0x1000c398
10008bfc:	3fe00000 	.word	0x3fe00000
10008c00:	7ff00000 	.word	0x7ff00000
10008c04:	fffffbe2 	.word	0xfffffbe2
10008c08:	3ff00000 	.word	0x3ff00000
10008c0c:	fcb00000 	.word	0xfcb00000
10008c10:	7c9fffff 	.word	0x7c9fffff
10008c14:	7fefffff 	.word	0x7fefffff
10008c18:	bff00000 	.word	0xbff00000
10008c1c:	1000c5f8 	.word	0x1000c5f8
10008c20:	7ca00000 	.word	0x7ca00000
10008c24:	7c900000 	.word	0x7c900000
10008c28:	2301      	movs	r3, #1
10008c2a:	9309      	str	r3, [sp, #36]	; 0x24
10008c2c:	1c7a      	adds	r2, r7, #1
10008c2e:	921b      	str	r2, [sp, #108]	; 0x6c
10008c30:	787b      	ldrb	r3, [r7, #1]
10008c32:	2b00      	cmp	r3, #0
10008c34:	d101      	bne.n	10008c3a <_strtod_l+0xa06>
10008c36:	f7ff fb87 	bl	10008348 <_strtod_l+0x114>
10008c3a:	0017      	movs	r7, r2
10008c3c:	f7ff fb1d 	bl	1000827a <_strtod_l+0x46>
10008c40:	2300      	movs	r3, #0
10008c42:	9309      	str	r3, [sp, #36]	; 0x24
10008c44:	e7f2      	b.n	10008c2c <_strtod_l+0x9f8>
10008c46:	49d2      	ldr	r1, [pc, #840]	; (10008f90 <_strtod_l+0xd5c>)
10008c48:	9b1e      	ldr	r3, [sp, #120]	; 0x78
10008c4a:	468c      	mov	ip, r1
10008c4c:	4ad1      	ldr	r2, [pc, #836]	; (10008f94 <_strtod_l+0xd60>)
10008c4e:	9304      	str	r3, [sp, #16]
10008c50:	9b1f      	ldr	r3, [sp, #124]	; 0x7c
10008c52:	401a      	ands	r2, r3
10008c54:	9b1d      	ldr	r3, [sp, #116]	; 0x74
10008c56:	4463      	add	r3, ip
10008c58:	051b      	lsls	r3, r3, #20
10008c5a:	431a      	orrs	r2, r3
10008c5c:	9205      	str	r2, [sp, #20]
10008c5e:	0723      	lsls	r3, r4, #28
10008c60:	d504      	bpl.n	10008c6c <_strtod_l+0xa38>
10008c62:	2380      	movs	r3, #128	; 0x80
10008c64:	9a05      	ldr	r2, [sp, #20]
10008c66:	061b      	lsls	r3, r3, #24
10008c68:	431a      	orrs	r2, r3
10008c6a:	9205      	str	r2, [sp, #20]
10008c6c:	9b04      	ldr	r3, [sp, #16]
10008c6e:	9c05      	ldr	r4, [sp, #20]
10008c70:	469b      	mov	fp, r3
10008c72:	0027      	movs	r7, r4
10008c74:	e5e6      	b.n	10008844 <_strtod_l+0x610>
10008c76:	49c8      	ldr	r1, [pc, #800]	; (10008f98 <_strtod_l+0xd64>)
10008c78:	a81b      	add	r0, sp, #108	; 0x6c
10008c7a:	f000 ff59 	bl	10009b30 <__match>
10008c7e:	2800      	cmp	r0, #0
10008c80:	d101      	bne.n	10008c86 <_strtod_l+0xa52>
10008c82:	f7ff fb61 	bl	10008348 <_strtod_l+0x114>
10008c86:	9b1b      	ldr	r3, [sp, #108]	; 0x6c
10008c88:	49c4      	ldr	r1, [pc, #784]	; (10008f9c <_strtod_l+0xd68>)
10008c8a:	3b01      	subs	r3, #1
10008c8c:	a81b      	add	r0, sp, #108	; 0x6c
10008c8e:	931b      	str	r3, [sp, #108]	; 0x6c
10008c90:	f000 ff4e 	bl	10009b30 <__match>
10008c94:	2800      	cmp	r0, #0
10008c96:	d102      	bne.n	10008c9e <_strtod_l+0xa6a>
10008c98:	9b1b      	ldr	r3, [sp, #108]	; 0x6c
10008c9a:	3301      	adds	r3, #1
10008c9c:	931b      	str	r3, [sp, #108]	; 0x6c
10008c9e:	2300      	movs	r3, #0
10008ca0:	4fbf      	ldr	r7, [pc, #764]	; (10008fa0 <_strtod_l+0xd6c>)
10008ca2:	469b      	mov	fp, r3
10008ca4:	e5ce      	b.n	10008844 <_strtod_l+0x610>
10008ca6:	9e11      	ldr	r6, [sp, #68]	; 0x44
10008ca8:	9d12      	ldr	r5, [sp, #72]	; 0x48
10008caa:	0030      	movs	r0, r6
10008cac:	0029      	movs	r1, r5
10008cae:	f7fb fc09 	bl	100044c4 <__wrap___aeabi_d2lz>
10008cb2:	f7fb fbef 	bl	10004494 <__wrap___aeabi_l2d>
10008cb6:	0002      	movs	r2, r0
10008cb8:	000b      	movs	r3, r1
10008cba:	0030      	movs	r0, r6
10008cbc:	0029      	movs	r1, r5
10008cbe:	f7fb faf8 	bl	100042b2 <__wrap___aeabi_dsub>
10008cc2:	9a04      	ldr	r2, [sp, #16]
10008cc4:	9b10      	ldr	r3, [sp, #64]	; 0x40
10008cc6:	0324      	lsls	r4, r4, #12
10008cc8:	4313      	orrs	r3, r2
10008cca:	0b24      	lsrs	r4, r4, #12
10008ccc:	0005      	movs	r5, r0
10008cce:	000e      	movs	r6, r1
10008cd0:	4ab4      	ldr	r2, [pc, #720]	; (10008fa4 <_strtod_l+0xd70>)
10008cd2:	431c      	orrs	r4, r3
10008cd4:	d113      	bne.n	10008cfe <_strtod_l+0xaca>
10008cd6:	4bb4      	ldr	r3, [pc, #720]	; (10008fa8 <_strtod_l+0xd74>)
10008cd8:	f7fb fb66 	bl	100043a8 <__wrap___aeabi_dcmplt>
10008cdc:	2800      	cmp	r0, #0
10008cde:	d100      	bne.n	10008ce2 <_strtod_l+0xaae>
10008ce0:	e59c      	b.n	1000881c <_strtod_l+0x5e8>
10008ce2:	4653      	mov	r3, sl
10008ce4:	4646      	mov	r6, r8
10008ce6:	46ba      	mov	sl, r7
10008ce8:	46d8      	mov	r8, fp
10008cea:	930c      	str	r3, [sp, #48]	; 0x30
10008cec:	981c      	ldr	r0, [sp, #112]	; 0x70
10008cee:	9b04      	ldr	r3, [sp, #16]
10008cf0:	9c05      	ldr	r4, [sp, #20]
10008cf2:	469b      	mov	fp, r3
10008cf4:	0027      	movs	r7, r4
10008cf6:	e67c      	b.n	100089f2 <_strtod_l+0x7be>
10008cf8:	2300      	movs	r3, #0
10008cfa:	469b      	mov	fp, r3
10008cfc:	e6e4      	b.n	10008ac8 <_strtod_l+0x894>
10008cfe:	4bab      	ldr	r3, [pc, #684]	; (10008fac <_strtod_l+0xd78>)
10008d00:	f7fb fb52 	bl	100043a8 <__wrap___aeabi_dcmplt>
10008d04:	2800      	cmp	r0, #0
10008d06:	d1ec      	bne.n	10008ce2 <_strtod_l+0xaae>
10008d08:	0028      	movs	r0, r5
10008d0a:	0031      	movs	r1, r6
10008d0c:	4aa8      	ldr	r2, [pc, #672]	; (10008fb0 <_strtod_l+0xd7c>)
10008d0e:	4ba9      	ldr	r3, [pc, #676]	; (10008fb4 <_strtod_l+0xd80>)
10008d10:	f7fb fb60 	bl	100043d4 <__wrap___aeabi_dcmpgt>
10008d14:	2800      	cmp	r0, #0
10008d16:	d100      	bne.n	10008d1a <_strtod_l+0xae6>
10008d18:	e580      	b.n	1000881c <_strtod_l+0x5e8>
10008d1a:	e7e2      	b.n	10008ce2 <_strtod_l+0xaae>
10008d1c:	9b09      	ldr	r3, [sp, #36]	; 0x24
10008d1e:	9402      	str	r4, [sp, #8]
10008d20:	9301      	str	r3, [sp, #4]
10008d22:	ab1c      	add	r3, sp, #112	; 0x70
10008d24:	9300      	str	r3, [sp, #0]
10008d26:	4650      	mov	r0, sl
10008d28:	ab1d      	add	r3, sp, #116	; 0x74
10008d2a:	4aa3      	ldr	r2, [pc, #652]	; (10008fb8 <_strtod_l+0xd84>)
10008d2c:	a91b      	add	r1, sp, #108	; 0x6c
10008d2e:	f000 fc19 	bl	10009564 <__gethex>
10008d32:	2307      	movs	r3, #7
10008d34:	001d      	movs	r5, r3
10008d36:	0004      	movs	r4, r0
10008d38:	4005      	ands	r5, r0
10008d3a:	4203      	tst	r3, r0
10008d3c:	d100      	bne.n	10008d40 <_strtod_l+0xb0c>
10008d3e:	e57e      	b.n	1000883e <_strtod_l+0x60a>
10008d40:	2d06      	cmp	r5, #6
10008d42:	d174      	bne.n	10008e2e <_strtod_l+0xbfa>
10008d44:	9b08      	ldr	r3, [sp, #32]
10008d46:	2b00      	cmp	r3, #0
10008d48:	d101      	bne.n	10008d4e <_strtod_l+0xb1a>
10008d4a:	f7ff fb02 	bl	10008352 <_strtod_l+0x11e>
10008d4e:	601e      	str	r6, [r3, #0]
10008d50:	2300      	movs	r3, #0
10008d52:	2700      	movs	r7, #0
10008d54:	469b      	mov	fp, r3
10008d56:	f7ff faff 	bl	10008358 <_strtod_l+0x124>
10008d5a:	2322      	movs	r3, #34	; 0x22
10008d5c:	4652      	mov	r2, sl
10008d5e:	6013      	str	r3, [r2, #0]
10008d60:	e79d      	b.n	10008c9e <_strtod_l+0xa6a>
10008d62:	4653      	mov	r3, sl
10008d64:	e667      	b.n	10008a36 <_strtod_l+0x802>
10008d66:	465b      	mov	r3, fp
10008d68:	4648      	mov	r0, r9
10008d6a:	9307      	str	r3, [sp, #28]
10008d6c:	4643      	mov	r3, r8
10008d6e:	4689      	mov	r9, r1
10008d70:	46a8      	mov	r8, r5
10008d72:	0001      	movs	r1, r0
10008d74:	001d      	movs	r5, r3
10008d76:	3202      	adds	r2, #2
10008d78:	2e08      	cmp	r6, #8
10008d7a:	dc43      	bgt.n	10008e04 <_strtod_l+0xbd0>
10008d7c:	0016      	movs	r6, r2
10008d7e:	f7ff fb27 	bl	100083d0 <_strtod_l+0x19c>
10008d82:	465a      	mov	r2, fp
10008d84:	0038      	movs	r0, r7
10008d86:	9907      	ldr	r1, [sp, #28]
10008d88:	f001 fd58 	bl	1000a83c <strncmp>
10008d8c:	2800      	cmp	r0, #0
10008d8e:	d045      	beq.n	10008e1c <_strtod_l+0xbe8>
10008d90:	2300      	movs	r3, #0
10008d92:	2600      	movs	r6, #0
10008d94:	4699      	mov	r9, r3
10008d96:	4698      	mov	r8, r3
10008d98:	930d      	str	r3, [sp, #52]	; 0x34
10008d9a:	f7ff faa7 	bl	100082ec <_strtod_l+0xb8>
10008d9e:	9b0c      	ldr	r3, [sp, #48]	; 0x30
10008da0:	3316      	adds	r3, #22
10008da2:	da00      	bge.n	10008da6 <_strtod_l+0xb72>
10008da4:	e572      	b.n	1000888c <_strtod_l+0x658>
10008da6:	9804      	ldr	r0, [sp, #16]
10008da8:	9905      	ldr	r1, [sp, #20]
10008daa:	9b10      	ldr	r3, [sp, #64]	; 0x40
10008dac:	9a0b      	ldr	r2, [sp, #44]	; 0x2c
10008dae:	1a9a      	subs	r2, r3, r2
10008db0:	4b82      	ldr	r3, [pc, #520]	; (10008fbc <_strtod_l+0xd88>)
10008db2:	00d2      	lsls	r2, r2, #3
10008db4:	189b      	adds	r3, r3, r2
10008db6:	681a      	ldr	r2, [r3, #0]
10008db8:	685b      	ldr	r3, [r3, #4]
10008dba:	f7fb fa8c 	bl	100042d6 <__wrap___aeabi_ddiv>
10008dbe:	4683      	mov	fp, r0
10008dc0:	000f      	movs	r7, r1
10008dc2:	e53f      	b.n	10008844 <_strtod_l+0x610>
10008dc4:	9b05      	ldr	r3, [sp, #20]
10008dc6:	930e      	str	r3, [sp, #56]	; 0x38
10008dc8:	2b00      	cmp	r3, #0
10008dca:	d000      	beq.n	10008dce <_strtod_l+0xb9a>
10008dcc:	e6b8      	b.n	10008b40 <_strtod_l+0x90c>
10008dce:	4653      	mov	r3, sl
10008dd0:	4646      	mov	r6, r8
10008dd2:	46ba      	mov	sl, r7
10008dd4:	46d8      	mov	r8, fp
10008dd6:	930c      	str	r3, [sp, #48]	; 0x30
10008dd8:	2322      	movs	r3, #34	; 0x22
10008dda:	4652      	mov	r2, sl
10008ddc:	6013      	str	r3, [r2, #0]
10008dde:	2300      	movs	r3, #0
10008de0:	981c      	ldr	r0, [sp, #112]	; 0x70
10008de2:	469b      	mov	fp, r3
10008de4:	001f      	movs	r7, r3
10008de6:	e604      	b.n	100089f2 <_strtod_l+0x7be>
10008de8:	001a      	movs	r2, r3
10008dea:	930b      	str	r3, [sp, #44]	; 0x2c
10008dec:	4b74      	ldr	r3, [pc, #464]	; (10008fc0 <_strtod_l+0xd8c>)
10008dee:	429a      	cmp	r2, r3
10008df0:	dc01      	bgt.n	10008df6 <_strtod_l+0xbc2>
10008df2:	f7ff fb99 	bl	10008528 <_strtod_l+0x2f4>
10008df6:	f7ff fb96 	bl	10008526 <_strtod_l+0x2f2>
10008dfa:	9a11      	ldr	r2, [sp, #68]	; 0x44
10008dfc:	9b12      	ldr	r3, [sp, #72]	; 0x48
10008dfe:	9216      	str	r2, [sp, #88]	; 0x58
10008e00:	9317      	str	r3, [sp, #92]	; 0x5c
10008e02:	e4ec      	b.n	100087de <_strtod_l+0x5aa>
10008e04:	2a10      	cmp	r2, #16
10008e06:	dc4f      	bgt.n	10008ea8 <_strtod_l+0xc74>
10008e08:	464b      	mov	r3, r9
10008e0a:	009b      	lsls	r3, r3, #2
10008e0c:	444b      	add	r3, r9
10008e0e:	4689      	mov	r9, r1
10008e10:	005b      	lsls	r3, r3, #1
10008e12:	0016      	movs	r6, r2
10008e14:	2000      	movs	r0, #0
10008e16:	4499      	add	r9, r3
10008e18:	f7ff fae3 	bl	100083e2 <_strtod_l+0x1ae>
10008e1c:	2200      	movs	r2, #0
10008e1e:	9b1b      	ldr	r3, [sp, #108]	; 0x6c
10008e20:	4690      	mov	r8, r2
10008e22:	445b      	add	r3, fp
10008e24:	931b      	str	r3, [sp, #108]	; 0x6c
10008e26:	4691      	mov	r9, r2
10008e28:	781c      	ldrb	r4, [r3, #0]
10008e2a:	f7ff fab2 	bl	10008392 <_strtod_l+0x15e>
10008e2e:	9a1c      	ldr	r2, [sp, #112]	; 0x70
10008e30:	2a00      	cmp	r2, #0
10008e32:	d007      	beq.n	10008e44 <_strtod_l+0xc10>
10008e34:	2135      	movs	r1, #53	; 0x35
10008e36:	a81e      	add	r0, sp, #120	; 0x78
10008e38:	f001 fcae 	bl	1000a798 <__copybits>
10008e3c:	4650      	mov	r0, sl
10008e3e:	991c      	ldr	r1, [sp, #112]	; 0x70
10008e40:	f000 ffb6 	bl	10009db0 <_Bfree>
10008e44:	2d05      	cmp	r5, #5
10008e46:	d900      	bls.n	10008e4a <_strtod_l+0xc16>
10008e48:	e709      	b.n	10008c5e <_strtod_l+0xa2a>
10008e4a:	4b5e      	ldr	r3, [pc, #376]	; (10008fc4 <_strtod_l+0xd90>)
10008e4c:	00ad      	lsls	r5, r5, #2
10008e4e:	595b      	ldr	r3, [r3, r5]
10008e50:	469f      	mov	pc, r3
10008e52:	4b5d      	ldr	r3, [pc, #372]	; (10008fc8 <_strtod_l+0xd94>)
10008e54:	9305      	str	r3, [sp, #20]
10008e56:	2301      	movs	r3, #1
10008e58:	425b      	negs	r3, r3
10008e5a:	9304      	str	r3, [sp, #16]
10008e5c:	e6ff      	b.n	10008c5e <_strtod_l+0xa2a>
10008e5e:	4b50      	ldr	r3, [pc, #320]	; (10008fa0 <_strtod_l+0xd6c>)
10008e60:	9305      	str	r3, [sp, #20]
10008e62:	e6fc      	b.n	10008c5e <_strtod_l+0xa2a>
10008e64:	9b1e      	ldr	r3, [sp, #120]	; 0x78
10008e66:	9304      	str	r3, [sp, #16]
10008e68:	9b1f      	ldr	r3, [sp, #124]	; 0x7c
10008e6a:	9305      	str	r3, [sp, #20]
10008e6c:	e6f7      	b.n	10008c5e <_strtod_l+0xa2a>
10008e6e:	2000      	movs	r0, #0
10008e70:	f7ff fa9b 	bl	100083aa <_strtod_l+0x176>
10008e74:	4951      	ldr	r1, [pc, #324]	; (10008fbc <_strtod_l+0xd88>)
10008e76:	00db      	lsls	r3, r3, #3
10008e78:	18c9      	adds	r1, r1, r3
10008e7a:	6808      	ldr	r0, [r1, #0]
10008e7c:	6849      	ldr	r1, [r1, #4]
10008e7e:	9a04      	ldr	r2, [sp, #16]
10008e80:	9b05      	ldr	r3, [sp, #20]
10008e82:	f7fb fa46 	bl	10004312 <__wrap___aeabi_dmul>
10008e86:	4683      	mov	fp, r0
10008e88:	000f      	movs	r7, r1
10008e8a:	e4db      	b.n	10008844 <_strtod_l+0x610>
10008e8c:	2300      	movs	r3, #0
10008e8e:	960d      	str	r6, [sp, #52]	; 0x34
10008e90:	9310      	str	r3, [sp, #64]	; 0x40
10008e92:	f7ff faab 	bl	100083ec <_strtod_l+0x1b8>
10008e96:	2300      	movs	r3, #0
10008e98:	4c4c      	ldr	r4, [pc, #304]	; (10008fcc <_strtod_l+0xd98>)
10008e9a:	9318      	str	r3, [sp, #96]	; 0x60
10008e9c:	9419      	str	r4, [sp, #100]	; 0x64
10008e9e:	2300      	movs	r3, #0
10008ea0:	9311      	str	r3, [sp, #68]	; 0x44
10008ea2:	4b44      	ldr	r3, [pc, #272]	; (10008fb4 <_strtod_l+0xd80>)
10008ea4:	9312      	str	r3, [sp, #72]	; 0x48
10008ea6:	e605      	b.n	10008ab4 <_strtod_l+0x880>
10008ea8:	0016      	movs	r6, r2
10008eaa:	2000      	movs	r0, #0
10008eac:	f7ff fa99 	bl	100083e2 <_strtod_l+0x1ae>
10008eb0:	230f      	movs	r3, #15
10008eb2:	4c42      	ldr	r4, [pc, #264]	; (10008fbc <_strtod_l+0xd88>)
10008eb4:	1b9e      	subs	r6, r3, r6
10008eb6:	00f1      	lsls	r1, r6, #3
10008eb8:	1861      	adds	r1, r4, r1
10008eba:	9a04      	ldr	r2, [sp, #16]
10008ebc:	9b05      	ldr	r3, [sp, #20]
10008ebe:	6808      	ldr	r0, [r1, #0]
10008ec0:	6849      	ldr	r1, [r1, #4]
10008ec2:	f7fb fa26 	bl	10004312 <__wrap___aeabi_dmul>
10008ec6:	9b0c      	ldr	r3, [sp, #48]	; 0x30
10008ec8:	1b9e      	subs	r6, r3, r6
10008eca:	00f6      	lsls	r6, r6, #3
10008ecc:	19a6      	adds	r6, r4, r6
10008ece:	6832      	ldr	r2, [r6, #0]
10008ed0:	6873      	ldr	r3, [r6, #4]
10008ed2:	f7fb fa1e 	bl	10004312 <__wrap___aeabi_dmul>
10008ed6:	4683      	mov	fp, r0
10008ed8:	000f      	movs	r7, r1
10008eda:	e4b3      	b.n	10008844 <_strtod_l+0x610>
10008edc:	4653      	mov	r3, sl
10008ede:	930c      	str	r3, [sp, #48]	; 0x30
10008ee0:	9b0b      	ldr	r3, [sp, #44]	; 0x2c
10008ee2:	4646      	mov	r6, r8
10008ee4:	46d8      	mov	r8, fp
10008ee6:	469b      	mov	fp, r3
10008ee8:	9b10      	ldr	r3, [sp, #64]	; 0x40
10008eea:	46ba      	mov	sl, r7
10008eec:	9f0a      	ldr	r7, [sp, #40]	; 0x28
10008eee:	2b00      	cmp	r3, #0
10008ef0:	d100      	bne.n	10008ef4 <_strtod_l+0xcc0>
10008ef2:	e0bf      	b.n	10009074 <_strtod_l+0xe40>
10008ef4:	9b04      	ldr	r3, [sp, #16]
10008ef6:	9c05      	ldr	r4, [sp, #20]
10008ef8:	4935      	ldr	r1, [pc, #212]	; (10008fd0 <_strtod_l+0xd9c>)
10008efa:	0323      	lsls	r3, r4, #12
10008efc:	0022      	movs	r2, r4
10008efe:	0b1b      	lsrs	r3, r3, #12
10008f00:	428b      	cmp	r3, r1
10008f02:	d100      	bne.n	10008f06 <_strtod_l+0xcd2>
10008f04:	e0f4      	b.n	100090f0 <_strtod_l+0xebc>
10008f06:	9911      	ldr	r1, [sp, #68]	; 0x44
10008f08:	2900      	cmp	r1, #0
10008f0a:	d100      	bne.n	10008f0e <_strtod_l+0xcda>
10008f0c:	e0bb      	b.n	10009086 <_strtod_l+0xe52>
10008f0e:	9a04      	ldr	r2, [sp, #16]
10008f10:	9b05      	ldr	r3, [sp, #20]
10008f12:	001c      	movs	r4, r3
10008f14:	4219      	tst	r1, r3
10008f16:	d01e      	beq.n	10008f56 <_strtod_l+0xd22>
10008f18:	9b10      	ldr	r3, [sp, #64]	; 0x40
10008f1a:	4658      	mov	r0, fp
10008f1c:	0039      	movs	r1, r7
10008f1e:	2b00      	cmp	r3, #0
10008f20:	d100      	bne.n	10008f24 <_strtod_l+0xcf0>
10008f22:	e0bc      	b.n	1000909e <_strtod_l+0xe6a>
10008f24:	f001 fb10 	bl	1000a548 <__ulp>
10008f28:	9b07      	ldr	r3, [sp, #28]
10008f2a:	2b00      	cmp	r3, #0
10008f2c:	d00b      	beq.n	10008f46 <_strtod_l+0xd12>
10008f2e:	236b      	movs	r3, #107	; 0x6b
10008f30:	0064      	lsls	r4, r4, #1
10008f32:	0d64      	lsrs	r4, r4, #21
10008f34:	1b1c      	subs	r4, r3, r4
10008f36:	2c00      	cmp	r4, #0
10008f38:	dd05      	ble.n	10008f46 <_strtod_l+0xd12>
10008f3a:	4d26      	ldr	r5, [pc, #152]	; (10008fd4 <_strtod_l+0xda0>)
10008f3c:	0524      	lsls	r4, r4, #20
10008f3e:	2200      	movs	r2, #0
10008f40:	1963      	adds	r3, r4, r5
10008f42:	f7fb f9e6 	bl	10004312 <__wrap___aeabi_dmul>
10008f46:	0002      	movs	r2, r0
10008f48:	000b      	movs	r3, r1
10008f4a:	4658      	mov	r0, fp
10008f4c:	0039      	movs	r1, r7
10008f4e:	f7fb f9b9 	bl	100042c4 <__wrap___aeabi_dadd>
10008f52:	4683      	mov	fp, r0
10008f54:	000f      	movs	r7, r1
10008f56:	9b07      	ldr	r3, [sp, #28]
10008f58:	2b00      	cmp	r3, #0
10008f5a:	d00d      	beq.n	10008f78 <_strtod_l+0xd44>
10008f5c:	4658      	mov	r0, fp
10008f5e:	0039      	movs	r1, r7
10008f60:	4b1d      	ldr	r3, [pc, #116]	; (10008fd8 <_strtod_l+0xda4>)
10008f62:	2200      	movs	r2, #0
10008f64:	f7fb f9d5 	bl	10004312 <__wrap___aeabi_dmul>
10008f68:	0003      	movs	r3, r0
10008f6a:	4683      	mov	fp, r0
10008f6c:	000f      	movs	r7, r1
10008f6e:	430b      	orrs	r3, r1
10008f70:	d102      	bne.n	10008f78 <_strtod_l+0xd44>
10008f72:	2322      	movs	r3, #34	; 0x22
10008f74:	4652      	mov	r2, sl
10008f76:	6013      	str	r3, [r2, #0]
10008f78:	981c      	ldr	r0, [sp, #112]	; 0x70
10008f7a:	e53a      	b.n	100089f2 <_strtod_l+0x7be>
10008f7c:	22d4      	movs	r2, #212	; 0xd4
10008f7e:	0492      	lsls	r2, r2, #18
10008f80:	000b      	movs	r3, r1
10008f82:	4694      	mov	ip, r2
10008f84:	4463      	add	r3, ip
10008f86:	9305      	str	r3, [sp, #20]
10008f88:	2300      	movs	r3, #0
10008f8a:	9307      	str	r3, [sp, #28]
10008f8c:	f7ff fb3b 	bl	10008606 <_strtod_l+0x3d2>
10008f90:	00000433 	.word	0x00000433
10008f94:	ffefffff 	.word	0xffefffff
10008f98:	1000c28c 	.word	0x1000c28c
10008f9c:	1000c290 	.word	0x1000c290
10008fa0:	7ff00000 	.word	0x7ff00000
10008fa4:	94a03595 	.word	0x94a03595
10008fa8:	3fcfffff 	.word	0x3fcfffff
10008fac:	3fdfffff 	.word	0x3fdfffff
10008fb0:	35afe535 	.word	0x35afe535
10008fb4:	3fe00000 	.word	0x3fe00000
10008fb8:	1000c36c 	.word	0x1000c36c
10008fbc:	1000c620 	.word	0x1000c620
10008fc0:	00004e1f 	.word	0x00004e1f
10008fc4:	1000c354 	.word	0x1000c354
10008fc8:	7fffffff 	.word	0x7fffffff
10008fcc:	bfe00000 	.word	0xbfe00000
10008fd0:	000fffff 	.word	0x000fffff
10008fd4:	3ff00000 	.word	0x3ff00000
10008fd8:	39500000 	.word	0x39500000
10008fdc:	496c      	ldr	r1, [pc, #432]	; (10009190 <_strtod_l+0xf5c>)
10008fde:	aa1e      	add	r2, sp, #120	; 0x78
10008fe0:	a81b      	add	r0, sp, #108	; 0x6c
10008fe2:	f000 fdbb 	bl	10009b5c <__hexnan>
10008fe6:	2805      	cmp	r0, #5
10008fe8:	d001      	beq.n	10008fee <_strtod_l+0xdba>
10008fea:	f7ff f9a5 	bl	10008338 <_strtod_l+0x104>
10008fee:	9b1f      	ldr	r3, [sp, #124]	; 0x7c
10008ff0:	4a68      	ldr	r2, [pc, #416]	; (10009194 <_strtod_l+0xf60>)
10008ff2:	431a      	orrs	r2, r3
10008ff4:	9b1e      	ldr	r3, [sp, #120]	; 0x78
10008ff6:	9205      	str	r2, [sp, #20]
10008ff8:	9304      	str	r3, [sp, #16]
10008ffa:	9b04      	ldr	r3, [sp, #16]
10008ffc:	9c05      	ldr	r4, [sp, #20]
10008ffe:	469b      	mov	fp, r3
10009000:	0027      	movs	r7, r4
10009002:	f7ff fc1f 	bl	10008844 <_strtod_l+0x610>
10009006:	4653      	mov	r3, sl
10009008:	9904      	ldr	r1, [sp, #16]
1000900a:	9a05      	ldr	r2, [sp, #20]
1000900c:	930c      	str	r3, [sp, #48]	; 0x30
1000900e:	9b0b      	ldr	r3, [sp, #44]	; 0x2c
10009010:	4646      	mov	r6, r8
10009012:	46d8      	mov	r8, fp
10009014:	469b      	mov	fp, r3
10009016:	9b10      	ldr	r3, [sp, #64]	; 0x40
10009018:	46ba      	mov	sl, r7
1000901a:	430b      	orrs	r3, r1
1000901c:	9f0a      	ldr	r7, [sp, #40]	; 0x28
1000901e:	d19a      	bne.n	10008f56 <_strtod_l+0xd22>
10009020:	0014      	movs	r4, r2
10009022:	0313      	lsls	r3, r2, #12
10009024:	d197      	bne.n	10008f56 <_strtod_l+0xd22>
10009026:	4b5b      	ldr	r3, [pc, #364]	; (10009194 <_strtod_l+0xf60>)
10009028:	4013      	ands	r3, r2
1000902a:	22d6      	movs	r2, #214	; 0xd6
1000902c:	04d2      	lsls	r2, r2, #19
1000902e:	4293      	cmp	r3, r2
10009030:	d991      	bls.n	10008f56 <_strtod_l+0xd22>
10009032:	6973      	ldr	r3, [r6, #20]
10009034:	2b00      	cmp	r3, #0
10009036:	d102      	bne.n	1000903e <_strtod_l+0xe0a>
10009038:	6933      	ldr	r3, [r6, #16]
1000903a:	2b01      	cmp	r3, #1
1000903c:	dd8b      	ble.n	10008f56 <_strtod_l+0xd22>
1000903e:	0031      	movs	r1, r6
10009040:	2201      	movs	r2, #1
10009042:	4650      	mov	r0, sl
10009044:	f001 f922 	bl	1000a28c <__lshift>
10009048:	4649      	mov	r1, r9
1000904a:	0006      	movs	r6, r0
1000904c:	f001 f99c 	bl	1000a388 <__mcmp>
10009050:	2800      	cmp	r0, #0
10009052:	dc00      	bgt.n	10009056 <_strtod_l+0xe22>
10009054:	e77f      	b.n	10008f56 <_strtod_l+0xd22>
10009056:	9b07      	ldr	r3, [sp, #28]
10009058:	2b00      	cmp	r3, #0
1000905a:	d06e      	beq.n	1000913a <_strtod_l+0xf06>
1000905c:	22d6      	movs	r2, #214	; 0xd6
1000905e:	4b4d      	ldr	r3, [pc, #308]	; (10009194 <_strtod_l+0xf60>)
10009060:	04d2      	lsls	r2, r2, #19
10009062:	4023      	ands	r3, r4
10009064:	4293      	cmp	r3, r2
10009066:	dc68      	bgt.n	1000913a <_strtod_l+0xf06>
10009068:	22dc      	movs	r2, #220	; 0xdc
1000906a:	0492      	lsls	r2, r2, #18
1000906c:	4293      	cmp	r3, r2
1000906e:	dd00      	ble.n	10009072 <_strtod_l+0xe3e>
10009070:	e774      	b.n	10008f5c <_strtod_l+0xd28>
10009072:	e6b1      	b.n	10008dd8 <_strtod_l+0xba4>
10009074:	9904      	ldr	r1, [sp, #16]
10009076:	9a05      	ldr	r2, [sp, #20]
10009078:	0313      	lsls	r3, r2, #12
1000907a:	0b1b      	lsrs	r3, r3, #12
1000907c:	0014      	movs	r4, r2
1000907e:	430b      	orrs	r3, r1
10009080:	d000      	beq.n	10009084 <_strtod_l+0xe50>
10009082:	e740      	b.n	10008f06 <_strtod_l+0xcd2>
10009084:	e7e7      	b.n	10009056 <_strtod_l+0xe22>
10009086:	9a0e      	ldr	r2, [sp, #56]	; 0x38
10009088:	9b04      	ldr	r3, [sp, #16]
1000908a:	9c05      	ldr	r4, [sp, #20]
1000908c:	421a      	tst	r2, r3
1000908e:	d100      	bne.n	10009092 <_strtod_l+0xe5e>
10009090:	e761      	b.n	10008f56 <_strtod_l+0xd22>
10009092:	e741      	b.n	10008f18 <_strtod_l+0xce4>
10009094:	2300      	movs	r3, #0
10009096:	4699      	mov	r9, r3
10009098:	4b3f      	ldr	r3, [pc, #252]	; (10009198 <_strtod_l+0xf64>)
1000909a:	9307      	str	r3, [sp, #28]
1000909c:	e586      	b.n	10008bac <_strtod_l+0x978>
1000909e:	f001 fa53 	bl	1000a548 <__ulp>
100090a2:	9b07      	ldr	r3, [sp, #28]
100090a4:	2b00      	cmp	r3, #0
100090a6:	d056      	beq.n	10009156 <_strtod_l+0xf22>
100090a8:	236b      	movs	r3, #107	; 0x6b
100090aa:	0064      	lsls	r4, r4, #1
100090ac:	0d64      	lsrs	r4, r4, #21
100090ae:	1b1c      	subs	r4, r3, r4
100090b0:	2c00      	cmp	r4, #0
100090b2:	dd05      	ble.n	100090c0 <_strtod_l+0xe8c>
100090b4:	4d39      	ldr	r5, [pc, #228]	; (1000919c <_strtod_l+0xf68>)
100090b6:	0524      	lsls	r4, r4, #20
100090b8:	2200      	movs	r2, #0
100090ba:	1963      	adds	r3, r4, r5
100090bc:	f7fb f929 	bl	10004312 <__wrap___aeabi_dmul>
100090c0:	0002      	movs	r2, r0
100090c2:	000b      	movs	r3, r1
100090c4:	4658      	mov	r0, fp
100090c6:	0039      	movs	r1, r7
100090c8:	f7fb f8f3 	bl	100042b2 <__wrap___aeabi_dsub>
100090cc:	2200      	movs	r2, #0
100090ce:	2300      	movs	r3, #0
100090d0:	4683      	mov	fp, r0
100090d2:	000f      	movs	r7, r1
100090d4:	f7fb f960 	bl	10004398 <__wrap___aeabi_dcmpeq>
100090d8:	2800      	cmp	r0, #0
100090da:	d100      	bne.n	100090de <_strtod_l+0xeaa>
100090dc:	e73e      	b.n	10008f5c <_strtod_l+0xd28>
100090de:	e67b      	b.n	10008dd8 <_strtod_l+0xba4>
100090e0:	2201      	movs	r2, #1
100090e2:	4252      	negs	r2, r2
100090e4:	409a      	lsls	r2, r3
100090e6:	9b04      	ldr	r3, [sp, #16]
100090e8:	4013      	ands	r3, r2
100090ea:	9304      	str	r3, [sp, #16]
100090ec:	f7ff fc25 	bl	1000893a <_strtod_l+0x706>
100090f0:	9b07      	ldr	r3, [sp, #28]
100090f2:	9904      	ldr	r1, [sp, #16]
100090f4:	2b00      	cmp	r3, #0
100090f6:	d02b      	beq.n	10009150 <_strtod_l+0xf1c>
100090f8:	20d4      	movs	r0, #212	; 0xd4
100090fa:	4b26      	ldr	r3, [pc, #152]	; (10009194 <_strtod_l+0xf60>)
100090fc:	04c0      	lsls	r0, r0, #19
100090fe:	4023      	ands	r3, r4
10009100:	4283      	cmp	r3, r0
10009102:	d825      	bhi.n	10009150 <_strtod_l+0xf1c>
10009104:	206b      	movs	r0, #107	; 0x6b
10009106:	0d1b      	lsrs	r3, r3, #20
10009108:	1ac0      	subs	r0, r0, r3
1000910a:	2301      	movs	r3, #1
1000910c:	425b      	negs	r3, r3
1000910e:	4083      	lsls	r3, r0
10009110:	4299      	cmp	r1, r3
10009112:	d000      	beq.n	10009116 <_strtod_l+0xee2>
10009114:	e6f7      	b.n	10008f06 <_strtod_l+0xcd2>
10009116:	4b22      	ldr	r3, [pc, #136]	; (100091a0 <_strtod_l+0xf6c>)
10009118:	429a      	cmp	r2, r3
1000911a:	d035      	beq.n	10009188 <_strtod_l+0xf54>
1000911c:	2180      	movs	r1, #128	; 0x80
1000911e:	4b1d      	ldr	r3, [pc, #116]	; (10009194 <_strtod_l+0xf60>)
10009120:	0349      	lsls	r1, r1, #13
10009122:	401a      	ands	r2, r3
10009124:	0013      	movs	r3, r2
10009126:	468c      	mov	ip, r1
10009128:	4463      	add	r3, ip
1000912a:	9305      	str	r3, [sp, #20]
1000912c:	2300      	movs	r3, #0
1000912e:	9304      	str	r3, [sp, #16]
10009130:	9b04      	ldr	r3, [sp, #16]
10009132:	9c05      	ldr	r4, [sp, #20]
10009134:	469b      	mov	fp, r3
10009136:	0027      	movs	r7, r4
10009138:	e70d      	b.n	10008f56 <_strtod_l+0xd22>
1000913a:	4b16      	ldr	r3, [pc, #88]	; (10009194 <_strtod_l+0xf60>)
1000913c:	401c      	ands	r4, r3
1000913e:	4b19      	ldr	r3, [pc, #100]	; (100091a4 <_strtod_l+0xf70>)
10009140:	469c      	mov	ip, r3
10009142:	4b19      	ldr	r3, [pc, #100]	; (100091a8 <_strtod_l+0xf74>)
10009144:	4464      	add	r4, ip
10009146:	4323      	orrs	r3, r4
10009148:	9305      	str	r3, [sp, #20]
1000914a:	2301      	movs	r3, #1
1000914c:	425b      	negs	r3, r3
1000914e:	e7ee      	b.n	1000912e <_strtod_l+0xefa>
10009150:	2301      	movs	r3, #1
10009152:	425b      	negs	r3, r3
10009154:	e7dc      	b.n	10009110 <_strtod_l+0xedc>
10009156:	0002      	movs	r2, r0
10009158:	000b      	movs	r3, r1
1000915a:	4658      	mov	r0, fp
1000915c:	0039      	movs	r1, r7
1000915e:	f7fb f8a8 	bl	100042b2 <__wrap___aeabi_dsub>
10009162:	2200      	movs	r2, #0
10009164:	2300      	movs	r3, #0
10009166:	4683      	mov	fp, r0
10009168:	000f      	movs	r7, r1
1000916a:	f7fb f915 	bl	10004398 <__wrap___aeabi_dcmpeq>
1000916e:	2800      	cmp	r0, #0
10009170:	d000      	beq.n	10009174 <_strtod_l+0xf40>
10009172:	e631      	b.n	10008dd8 <_strtod_l+0xba4>
10009174:	981c      	ldr	r0, [sp, #112]	; 0x70
10009176:	e43c      	b.n	100089f2 <_strtod_l+0x7be>
10009178:	234b      	movs	r3, #75	; 0x4b
1000917a:	1a9a      	subs	r2, r3, r2
1000917c:	3b4c      	subs	r3, #76	; 0x4c
1000917e:	4093      	lsls	r3, r2
10009180:	4019      	ands	r1, r3
10009182:	9105      	str	r1, [sp, #20]
10009184:	f7ff fbd9 	bl	1000893a <_strtod_l+0x706>
10009188:	1c4b      	adds	r3, r1, #1
1000918a:	d1c7      	bne.n	1000911c <_strtod_l+0xee8>
1000918c:	981c      	ldr	r0, [sp, #112]	; 0x70
1000918e:	e42a      	b.n	100089e6 <_strtod_l+0x7b2>
10009190:	1000c380 	.word	0x1000c380
10009194:	7ff00000 	.word	0x7ff00000
10009198:	1000c5f8 	.word	0x1000c5f8
1000919c:	3ff00000 	.word	0x3ff00000
100091a0:	7fefffff 	.word	0x7fefffff
100091a4:	fff00000 	.word	0xfff00000
100091a8:	000fffff 	.word	0x000fffff

100091ac <strtof>:
100091ac:	4b27      	ldr	r3, [pc, #156]	; (1000924c <strtof+0xa0>)
100091ae:	b5f0      	push	{r4, r5, r6, r7, lr}
100091b0:	46c6      	mov	lr, r8
100091b2:	4698      	mov	r8, r3
100091b4:	000a      	movs	r2, r1
100091b6:	0001      	movs	r1, r0
100091b8:	4640      	mov	r0, r8
100091ba:	b500      	push	{lr}
100091bc:	4b24      	ldr	r3, [pc, #144]	; (10009250 <strtof+0xa4>)
100091be:	6800      	ldr	r0, [r0, #0]
100091c0:	f7ff f838 	bl	10008234 <_strtod_l>
100091c4:	0002      	movs	r2, r0
100091c6:	000b      	movs	r3, r1
100091c8:	0005      	movs	r5, r0
100091ca:	000c      	movs	r4, r1
100091cc:	f7fb f907 	bl	100043de <__wrap___aeabi_dcmpun>
100091d0:	2800      	cmp	r0, #0
100091d2:	d12e      	bne.n	10009232 <strtof+0x86>
100091d4:	0021      	movs	r1, r4
100091d6:	0028      	movs	r0, r5
100091d8:	f7fb f9a0 	bl	1000451c <__wrap___aeabi_d2f>
100091dc:	0047      	lsls	r7, r0, #1
100091de:	087f      	lsrs	r7, r7, #1
100091e0:	1c06      	adds	r6, r0, #0
100091e2:	491c      	ldr	r1, [pc, #112]	; (10009254 <strtof+0xa8>)
100091e4:	1c38      	adds	r0, r7, #0
100091e6:	f7fb fe16 	bl	10004e16 <__wrap___aeabi_fcmpun>
100091ea:	2800      	cmp	r0, #0
100091ec:	d11d      	bne.n	1000922a <strtof+0x7e>
100091ee:	4919      	ldr	r1, [pc, #100]	; (10009254 <strtof+0xa8>)
100091f0:	1c38      	adds	r0, r7, #0
100091f2:	f7fb fdfb 	bl	10004dec <__wrap___aeabi_fcmple>
100091f6:	2800      	cmp	r0, #0
100091f8:	d117      	bne.n	1000922a <strtof+0x7e>
100091fa:	2201      	movs	r2, #1
100091fc:	0064      	lsls	r4, r4, #1
100091fe:	0864      	lsrs	r4, r4, #1
10009200:	0028      	movs	r0, r5
10009202:	0021      	movs	r1, r4
10009204:	4b14      	ldr	r3, [pc, #80]	; (10009258 <strtof+0xac>)
10009206:	4252      	negs	r2, r2
10009208:	f7fb f8e9 	bl	100043de <__wrap___aeabi_dcmpun>
1000920c:	2800      	cmp	r0, #0
1000920e:	d108      	bne.n	10009222 <strtof+0x76>
10009210:	2201      	movs	r2, #1
10009212:	0028      	movs	r0, r5
10009214:	0021      	movs	r1, r4
10009216:	4b10      	ldr	r3, [pc, #64]	; (10009258 <strtof+0xac>)
10009218:	4252      	negs	r2, r2
1000921a:	f7fb f8cb 	bl	100043b4 <__wrap___aeabi_dcmple>
1000921e:	2800      	cmp	r0, #0
10009220:	d003      	beq.n	1000922a <strtof+0x7e>
10009222:	4643      	mov	r3, r8
10009224:	2222      	movs	r2, #34	; 0x22
10009226:	681b      	ldr	r3, [r3, #0]
10009228:	601a      	str	r2, [r3, #0]
1000922a:	1c30      	adds	r0, r6, #0
1000922c:	bc80      	pop	{r7}
1000922e:	46b8      	mov	r8, r7
10009230:	bdf0      	pop	{r4, r5, r6, r7, pc}
10009232:	480a      	ldr	r0, [pc, #40]	; (1000925c <strtof+0xb0>)
10009234:	2c00      	cmp	r4, #0
10009236:	da05      	bge.n	10009244 <strtof+0x98>
10009238:	f001 fafc 	bl	1000a834 <nanf>
1000923c:	2380      	movs	r3, #128	; 0x80
1000923e:	061b      	lsls	r3, r3, #24
10009240:	18c6      	adds	r6, r0, r3
10009242:	e7f2      	b.n	1000922a <strtof+0x7e>
10009244:	f001 faf6 	bl	1000a834 <nanf>
10009248:	1c06      	adds	r6, r0, #0
1000924a:	e7ee      	b.n	1000922a <strtof+0x7e>
1000924c:	20000da0 	.word	0x20000da0
10009250:	200015e4 	.word	0x200015e4
10009254:	7f7fffff 	.word	0x7f7fffff
10009258:	7fefffff 	.word	0x7fefffff
1000925c:	1000aadc 	.word	0x1000aadc

10009260 <_malloc_trim_r>:
10009260:	b5f8      	push	{r3, r4, r5, r6, r7, lr}
10009262:	000c      	movs	r4, r1
10009264:	0005      	movs	r5, r0
10009266:	f7fe ff95 	bl	10008194 <__malloc_lock>
1000926a:	4f20      	ldr	r7, [pc, #128]	; (100092ec <_malloc_trim_r+0x8c>)
1000926c:	68bb      	ldr	r3, [r7, #8]
1000926e:	685e      	ldr	r6, [r3, #4]
10009270:	2303      	movs	r3, #3
10009272:	439e      	bics	r6, r3
10009274:	4b1e      	ldr	r3, [pc, #120]	; (100092f0 <_malloc_trim_r+0x90>)
10009276:	1b34      	subs	r4, r6, r4
10009278:	469c      	mov	ip, r3
1000927a:	4464      	add	r4, ip
1000927c:	0b24      	lsrs	r4, r4, #12
1000927e:	3c01      	subs	r4, #1
10009280:	3311      	adds	r3, #17
10009282:	0324      	lsls	r4, r4, #12
10009284:	429c      	cmp	r4, r3
10009286:	db07      	blt.n	10009298 <_malloc_trim_r+0x38>
10009288:	2100      	movs	r1, #0
1000928a:	0028      	movs	r0, r5
1000928c:	f7fe ff92 	bl	100081b4 <_sbrk_r>
10009290:	68bb      	ldr	r3, [r7, #8]
10009292:	199b      	adds	r3, r3, r6
10009294:	4298      	cmp	r0, r3
10009296:	d004      	beq.n	100092a2 <_malloc_trim_r+0x42>
10009298:	0028      	movs	r0, r5
1000929a:	f7fe ff83 	bl	100081a4 <__malloc_unlock>
1000929e:	2000      	movs	r0, #0
100092a0:	bdf8      	pop	{r3, r4, r5, r6, r7, pc}
100092a2:	0028      	movs	r0, r5
100092a4:	4261      	negs	r1, r4
100092a6:	f7fe ff85 	bl	100081b4 <_sbrk_r>
100092aa:	1c43      	adds	r3, r0, #1
100092ac:	d00d      	beq.n	100092ca <_malloc_trim_r+0x6a>
100092ae:	2201      	movs	r2, #1
100092b0:	68bb      	ldr	r3, [r7, #8]
100092b2:	1b36      	subs	r6, r6, r4
100092b4:	4316      	orrs	r6, r2
100092b6:	605e      	str	r6, [r3, #4]
100092b8:	4b0e      	ldr	r3, [pc, #56]	; (100092f4 <_malloc_trim_r+0x94>)
100092ba:	0028      	movs	r0, r5
100092bc:	681a      	ldr	r2, [r3, #0]
100092be:	1b14      	subs	r4, r2, r4
100092c0:	601c      	str	r4, [r3, #0]
100092c2:	f7fe ff6f 	bl	100081a4 <__malloc_unlock>
100092c6:	2001      	movs	r0, #1
100092c8:	e7ea      	b.n	100092a0 <_malloc_trim_r+0x40>
100092ca:	2100      	movs	r1, #0
100092cc:	0028      	movs	r0, r5
100092ce:	f7fe ff71 	bl	100081b4 <_sbrk_r>
100092d2:	68ba      	ldr	r2, [r7, #8]
100092d4:	1a83      	subs	r3, r0, r2
100092d6:	2b0f      	cmp	r3, #15
100092d8:	ddde      	ble.n	10009298 <_malloc_trim_r+0x38>
100092da:	4907      	ldr	r1, [pc, #28]	; (100092f8 <_malloc_trim_r+0x98>)
100092dc:	6809      	ldr	r1, [r1, #0]
100092de:	1a40      	subs	r0, r0, r1
100092e0:	4904      	ldr	r1, [pc, #16]	; (100092f4 <_malloc_trim_r+0x94>)
100092e2:	6008      	str	r0, [r1, #0]
100092e4:	2101      	movs	r1, #1
100092e6:	430b      	orrs	r3, r1
100092e8:	6053      	str	r3, [r2, #4]
100092ea:	e7d5      	b.n	10009298 <_malloc_trim_r+0x38>
100092ec:	200011d0 	.word	0x200011d0
100092f0:	00000fef 	.word	0x00000fef
100092f4:	200018a0 	.word	0x200018a0
100092f8:	200015d8 	.word	0x200015d8

100092fc <_free_r>:
100092fc:	b5f0      	push	{r4, r5, r6, r7, lr}
100092fe:	46c6      	mov	lr, r8
10009300:	0005      	movs	r5, r0
10009302:	000c      	movs	r4, r1
10009304:	b500      	push	{lr}
10009306:	2900      	cmp	r1, #0
10009308:	d04f      	beq.n	100093aa <_free_r+0xae>
1000930a:	f7fe ff43 	bl	10008194 <__malloc_lock>
1000930e:	0021      	movs	r1, r4
10009310:	3908      	subs	r1, #8
10009312:	684c      	ldr	r4, [r1, #4]
10009314:	2601      	movs	r6, #1
10009316:	0022      	movs	r2, r4
10009318:	2003      	movs	r0, #3
1000931a:	43b2      	bics	r2, r6
1000931c:	188f      	adds	r7, r1, r2
1000931e:	687b      	ldr	r3, [r7, #4]
10009320:	4383      	bics	r3, r0
10009322:	4862      	ldr	r0, [pc, #392]	; (100094ac <_free_r+0x1b0>)
10009324:	4698      	mov	r8, r3
10009326:	6883      	ldr	r3, [r0, #8]
10009328:	42bb      	cmp	r3, r7
1000932a:	d06a      	beq.n	10009402 <_free_r+0x106>
1000932c:	4643      	mov	r3, r8
1000932e:	607b      	str	r3, [r7, #4]
10009330:	4226      	tst	r6, r4
10009332:	d11e      	bne.n	10009372 <_free_r+0x76>
10009334:	2308      	movs	r3, #8
10009336:	469c      	mov	ip, r3
10009338:	680c      	ldr	r4, [r1, #0]
1000933a:	4484      	add	ip, r0
1000933c:	1b09      	subs	r1, r1, r4
1000933e:	1912      	adds	r2, r2, r4
10009340:	688c      	ldr	r4, [r1, #8]
10009342:	4564      	cmp	r4, ip
10009344:	d04f      	beq.n	100093e6 <_free_r+0xea>
10009346:	68cb      	ldr	r3, [r1, #12]
10009348:	60e3      	str	r3, [r4, #12]
1000934a:	609c      	str	r4, [r3, #8]
1000934c:	4643      	mov	r3, r8
1000934e:	18fc      	adds	r4, r7, r3
10009350:	6864      	ldr	r4, [r4, #4]
10009352:	4234      	tst	r4, r6
10009354:	d111      	bne.n	1000937a <_free_r+0x7e>
10009356:	68bb      	ldr	r3, [r7, #8]
10009358:	4c55      	ldr	r4, [pc, #340]	; (100094b0 <_free_r+0x1b4>)
1000935a:	4442      	add	r2, r8
1000935c:	42a3      	cmp	r3, r4
1000935e:	d100      	bne.n	10009362 <_free_r+0x66>
10009360:	e07e      	b.n	10009460 <_free_r+0x164>
10009362:	68fc      	ldr	r4, [r7, #12]
10009364:	60dc      	str	r4, [r3, #12]
10009366:	60a3      	str	r3, [r4, #8]
10009368:	2301      	movs	r3, #1
1000936a:	4313      	orrs	r3, r2
1000936c:	604b      	str	r3, [r1, #4]
1000936e:	508a      	str	r2, [r1, r2]
10009370:	e006      	b.n	10009380 <_free_r+0x84>
10009372:	18fc      	adds	r4, r7, r3
10009374:	6864      	ldr	r4, [r4, #4]
10009376:	4234      	tst	r4, r6
10009378:	d0ed      	beq.n	10009356 <_free_r+0x5a>
1000937a:	4316      	orrs	r6, r2
1000937c:	604e      	str	r6, [r1, #4]
1000937e:	603a      	str	r2, [r7, #0]
10009380:	2380      	movs	r3, #128	; 0x80
10009382:	009b      	lsls	r3, r3, #2
10009384:	429a      	cmp	r2, r3
10009386:	d213      	bcs.n	100093b0 <_free_r+0xb4>
10009388:	0954      	lsrs	r4, r2, #5
1000938a:	08d3      	lsrs	r3, r2, #3
1000938c:	2201      	movs	r2, #1
1000938e:	40a2      	lsls	r2, r4
10009390:	6844      	ldr	r4, [r0, #4]
10009392:	00db      	lsls	r3, r3, #3
10009394:	4322      	orrs	r2, r4
10009396:	6042      	str	r2, [r0, #4]
10009398:	1818      	adds	r0, r3, r0
1000939a:	6883      	ldr	r3, [r0, #8]
1000939c:	60c8      	str	r0, [r1, #12]
1000939e:	608b      	str	r3, [r1, #8]
100093a0:	6081      	str	r1, [r0, #8]
100093a2:	60d9      	str	r1, [r3, #12]
100093a4:	0028      	movs	r0, r5
100093a6:	f7fe fefd 	bl	100081a4 <__malloc_unlock>
100093aa:	bc80      	pop	{r7}
100093ac:	46b8      	mov	r8, r7
100093ae:	bdf0      	pop	{r4, r5, r6, r7, pc}
100093b0:	0a53      	lsrs	r3, r2, #9
100093b2:	2b04      	cmp	r3, #4
100093b4:	d83e      	bhi.n	10009434 <_free_r+0x138>
100093b6:	0994      	lsrs	r4, r2, #6
100093b8:	0026      	movs	r6, r4
100093ba:	3439      	adds	r4, #57	; 0x39
100093bc:	3638      	adds	r6, #56	; 0x38
100093be:	00e4      	lsls	r4, r4, #3
100093c0:	1904      	adds	r4, r0, r4
100093c2:	6823      	ldr	r3, [r4, #0]
100093c4:	3c08      	subs	r4, #8
100093c6:	2703      	movs	r7, #3
100093c8:	429c      	cmp	r4, r3
100093ca:	d042      	beq.n	10009452 <_free_r+0x156>
100093cc:	6858      	ldr	r0, [r3, #4]
100093ce:	43b8      	bics	r0, r7
100093d0:	4290      	cmp	r0, r2
100093d2:	d902      	bls.n	100093da <_free_r+0xde>
100093d4:	689b      	ldr	r3, [r3, #8]
100093d6:	429c      	cmp	r4, r3
100093d8:	d1f8      	bne.n	100093cc <_free_r+0xd0>
100093da:	68dc      	ldr	r4, [r3, #12]
100093dc:	60cc      	str	r4, [r1, #12]
100093de:	608b      	str	r3, [r1, #8]
100093e0:	60a1      	str	r1, [r4, #8]
100093e2:	60d9      	str	r1, [r3, #12]
100093e4:	e7de      	b.n	100093a4 <_free_r+0xa8>
100093e6:	4643      	mov	r3, r8
100093e8:	18f8      	adds	r0, r7, r3
100093ea:	6840      	ldr	r0, [r0, #4]
100093ec:	4230      	tst	r0, r6
100093ee:	d157      	bne.n	100094a0 <_free_r+0x1a4>
100093f0:	68fb      	ldr	r3, [r7, #12]
100093f2:	68b8      	ldr	r0, [r7, #8]
100093f4:	4442      	add	r2, r8
100093f6:	4316      	orrs	r6, r2
100093f8:	60c3      	str	r3, [r0, #12]
100093fa:	6098      	str	r0, [r3, #8]
100093fc:	604e      	str	r6, [r1, #4]
100093fe:	508a      	str	r2, [r1, r2]
10009400:	e7d0      	b.n	100093a4 <_free_r+0xa8>
10009402:	0013      	movs	r3, r2
10009404:	4443      	add	r3, r8
10009406:	4226      	tst	r6, r4
10009408:	d106      	bne.n	10009418 <_free_r+0x11c>
1000940a:	680a      	ldr	r2, [r1, #0]
1000940c:	1a89      	subs	r1, r1, r2
1000940e:	688c      	ldr	r4, [r1, #8]
10009410:	189b      	adds	r3, r3, r2
10009412:	68ca      	ldr	r2, [r1, #12]
10009414:	60e2      	str	r2, [r4, #12]
10009416:	6094      	str	r4, [r2, #8]
10009418:	2201      	movs	r2, #1
1000941a:	431a      	orrs	r2, r3
1000941c:	604a      	str	r2, [r1, #4]
1000941e:	4a25      	ldr	r2, [pc, #148]	; (100094b4 <_free_r+0x1b8>)
10009420:	6081      	str	r1, [r0, #8]
10009422:	6812      	ldr	r2, [r2, #0]
10009424:	429a      	cmp	r2, r3
10009426:	d8bd      	bhi.n	100093a4 <_free_r+0xa8>
10009428:	4b23      	ldr	r3, [pc, #140]	; (100094b8 <_free_r+0x1bc>)
1000942a:	0028      	movs	r0, r5
1000942c:	6819      	ldr	r1, [r3, #0]
1000942e:	f7ff ff17 	bl	10009260 <_malloc_trim_r>
10009432:	e7b7      	b.n	100093a4 <_free_r+0xa8>
10009434:	2b14      	cmp	r3, #20
10009436:	d907      	bls.n	10009448 <_free_r+0x14c>
10009438:	2b54      	cmp	r3, #84	; 0x54
1000943a:	d81a      	bhi.n	10009472 <_free_r+0x176>
1000943c:	0b14      	lsrs	r4, r2, #12
1000943e:	0026      	movs	r6, r4
10009440:	346f      	adds	r4, #111	; 0x6f
10009442:	366e      	adds	r6, #110	; 0x6e
10009444:	00e4      	lsls	r4, r4, #3
10009446:	e7bb      	b.n	100093c0 <_free_r+0xc4>
10009448:	001e      	movs	r6, r3
1000944a:	335c      	adds	r3, #92	; 0x5c
1000944c:	365b      	adds	r6, #91	; 0x5b
1000944e:	00dc      	lsls	r4, r3, #3
10009450:	e7b6      	b.n	100093c0 <_free_r+0xc4>
10009452:	2201      	movs	r2, #1
10009454:	10b6      	asrs	r6, r6, #2
10009456:	40b2      	lsls	r2, r6
10009458:	6846      	ldr	r6, [r0, #4]
1000945a:	4332      	orrs	r2, r6
1000945c:	6042      	str	r2, [r0, #4]
1000945e:	e7bd      	b.n	100093dc <_free_r+0xe0>
10009460:	60d9      	str	r1, [r3, #12]
10009462:	6099      	str	r1, [r3, #8]
10009464:	60cb      	str	r3, [r1, #12]
10009466:	608b      	str	r3, [r1, #8]
10009468:	2301      	movs	r3, #1
1000946a:	4313      	orrs	r3, r2
1000946c:	604b      	str	r3, [r1, #4]
1000946e:	508a      	str	r2, [r1, r2]
10009470:	e798      	b.n	100093a4 <_free_r+0xa8>
10009472:	24aa      	movs	r4, #170	; 0xaa
10009474:	0064      	lsls	r4, r4, #1
10009476:	42a3      	cmp	r3, r4
10009478:	d805      	bhi.n	10009486 <_free_r+0x18a>
1000947a:	0bd4      	lsrs	r4, r2, #15
1000947c:	0026      	movs	r6, r4
1000947e:	3478      	adds	r4, #120	; 0x78
10009480:	3677      	adds	r6, #119	; 0x77
10009482:	00e4      	lsls	r4, r4, #3
10009484:	e79c      	b.n	100093c0 <_free_r+0xc4>
10009486:	4c0d      	ldr	r4, [pc, #52]	; (100094bc <_free_r+0x1c0>)
10009488:	42a3      	cmp	r3, r4
1000948a:	d805      	bhi.n	10009498 <_free_r+0x19c>
1000948c:	0c94      	lsrs	r4, r2, #18
1000948e:	0026      	movs	r6, r4
10009490:	347d      	adds	r4, #125	; 0x7d
10009492:	367c      	adds	r6, #124	; 0x7c
10009494:	00e4      	lsls	r4, r4, #3
10009496:	e793      	b.n	100093c0 <_free_r+0xc4>
10009498:	24fe      	movs	r4, #254	; 0xfe
1000949a:	267e      	movs	r6, #126	; 0x7e
1000949c:	00a4      	lsls	r4, r4, #2
1000949e:	e78f      	b.n	100093c0 <_free_r+0xc4>
100094a0:	0033      	movs	r3, r6
100094a2:	4313      	orrs	r3, r2
100094a4:	604b      	str	r3, [r1, #4]
100094a6:	603a      	str	r2, [r7, #0]
100094a8:	e77c      	b.n	100093a4 <_free_r+0xa8>
100094aa:	46c0      	nop			; (mov r8, r8)
100094ac:	200011d0 	.word	0x200011d0
100094b0:	200011d8 	.word	0x200011d8
100094b4:	200015dc 	.word	0x200015dc
100094b8:	200018d0 	.word	0x200018d0
100094bc:	00000554 	.word	0x00000554

100094c0 <rshift>:
100094c0:	b5f0      	push	{r4, r5, r6, r7, lr}
100094c2:	46d6      	mov	lr, sl
100094c4:	464f      	mov	r7, r9
100094c6:	4646      	mov	r6, r8
100094c8:	6903      	ldr	r3, [r0, #16]
100094ca:	b5c0      	push	{r6, r7, lr}
100094cc:	469a      	mov	sl, r3
100094ce:	114f      	asrs	r7, r1, #5
100094d0:	42bb      	cmp	r3, r7
100094d2:	dd2d      	ble.n	10009530 <rshift+0x70>
100094d4:	221f      	movs	r2, #31
100094d6:	0005      	movs	r5, r0
100094d8:	0014      	movs	r4, r2
100094da:	3514      	adds	r5, #20
100094dc:	009e      	lsls	r6, r3, #2
100094de:	400c      	ands	r4, r1
100094e0:	00bb      	lsls	r3, r7, #2
100094e2:	46a4      	mov	ip, r4
100094e4:	19ae      	adds	r6, r5, r6
100094e6:	18eb      	adds	r3, r5, r3
100094e8:	420a      	tst	r2, r1
100094ea:	d02a      	beq.n	10009542 <rshift+0x82>
100094ec:	2220      	movs	r2, #32
100094ee:	cb02      	ldmia	r3!, {r1}
100094f0:	1b12      	subs	r2, r2, r4
100094f2:	4690      	mov	r8, r2
100094f4:	40e1      	lsrs	r1, r4
100094f6:	429e      	cmp	r6, r3
100094f8:	d916      	bls.n	10009528 <rshift+0x68>
100094fa:	46a9      	mov	r9, r5
100094fc:	4644      	mov	r4, r8
100094fe:	681a      	ldr	r2, [r3, #0]
10009500:	40a2      	lsls	r2, r4
10009502:	430a      	orrs	r2, r1
10009504:	4649      	mov	r1, r9
10009506:	c104      	stmia	r1!, {r2}
10009508:	4662      	mov	r2, ip
1000950a:	4689      	mov	r9, r1
1000950c:	cb02      	ldmia	r3!, {r1}
1000950e:	40d1      	lsrs	r1, r2
10009510:	429e      	cmp	r6, r3
10009512:	d8f3      	bhi.n	100094fc <rshift+0x3c>
10009514:	4653      	mov	r3, sl
10009516:	1bdc      	subs	r4, r3, r7
10009518:	00a4      	lsls	r4, r4, #2
1000951a:	3c04      	subs	r4, #4
1000951c:	192c      	adds	r4, r5, r4
1000951e:	6021      	str	r1, [r4, #0]
10009520:	2900      	cmp	r1, #0
10009522:	d019      	beq.n	10009558 <rshift+0x98>
10009524:	3404      	adds	r4, #4
10009526:	e017      	b.n	10009558 <rshift+0x98>
10009528:	002c      	movs	r4, r5
1000952a:	6141      	str	r1, [r0, #20]
1000952c:	2900      	cmp	r1, #0
1000952e:	d1f9      	bne.n	10009524 <rshift+0x64>
10009530:	2300      	movs	r3, #0
10009532:	6103      	str	r3, [r0, #16]
10009534:	2300      	movs	r3, #0
10009536:	6143      	str	r3, [r0, #20]
10009538:	bce0      	pop	{r5, r6, r7}
1000953a:	46ba      	mov	sl, r7
1000953c:	46b1      	mov	r9, r6
1000953e:	46a8      	mov	r8, r5
10009540:	bdf0      	pop	{r4, r5, r6, r7, pc}
10009542:	002a      	movs	r2, r5
10009544:	429e      	cmp	r6, r3
10009546:	d9f3      	bls.n	10009530 <rshift+0x70>
10009548:	cb02      	ldmia	r3!, {r1}
1000954a:	c202      	stmia	r2!, {r1}
1000954c:	429e      	cmp	r6, r3
1000954e:	d8fb      	bhi.n	10009548 <rshift+0x88>
10009550:	4653      	mov	r3, sl
10009552:	1bdc      	subs	r4, r3, r7
10009554:	00a4      	lsls	r4, r4, #2
10009556:	192c      	adds	r4, r5, r4
10009558:	1b63      	subs	r3, r4, r5
1000955a:	109b      	asrs	r3, r3, #2
1000955c:	6103      	str	r3, [r0, #16]
1000955e:	42ac      	cmp	r4, r5
10009560:	d1ea      	bne.n	10009538 <rshift+0x78>
10009562:	e7e7      	b.n	10009534 <rshift+0x74>

10009564 <__gethex>:
10009564:	b5f0      	push	{r4, r5, r6, r7, lr}
10009566:	46de      	mov	lr, fp
10009568:	464e      	mov	r6, r9
1000956a:	4645      	mov	r5, r8
1000956c:	4657      	mov	r7, sl
1000956e:	b5e0      	push	{r5, r6, r7, lr}
10009570:	b08b      	sub	sp, #44	; 0x2c
10009572:	9309      	str	r3, [sp, #36]	; 0x24
10009574:	4bb9      	ldr	r3, [pc, #740]	; (1000985c <__gethex+0x2f8>)
10009576:	9007      	str	r0, [sp, #28]
10009578:	681b      	ldr	r3, [r3, #0]
1000957a:	4689      	mov	r9, r1
1000957c:	0018      	movs	r0, r3
1000957e:	001c      	movs	r4, r3
10009580:	4693      	mov	fp, r2
10009582:	9305      	str	r3, [sp, #20]
10009584:	f7fe fe28 	bl	100081d8 <strlen>
10009588:	46a4      	mov	ip, r4
1000958a:	0002      	movs	r2, r0
1000958c:	4462      	add	r2, ip
1000958e:	0013      	movs	r3, r2
10009590:	3b01      	subs	r3, #1
10009592:	781b      	ldrb	r3, [r3, #0]
10009594:	9004      	str	r0, [sp, #16]
10009596:	9301      	str	r3, [sp, #4]
10009598:	464b      	mov	r3, r9
1000959a:	681d      	ldr	r5, [r3, #0]
1000959c:	78aa      	ldrb	r2, [r5, #2]
1000959e:	2a30      	cmp	r2, #48	; 0x30
100095a0:	d000      	beq.n	100095a4 <__gethex+0x40>
100095a2:	e216      	b.n	100099d2 <__gethex+0x46e>
100095a4:	2102      	movs	r1, #2
100095a6:	4249      	negs	r1, r1
100095a8:	1ceb      	adds	r3, r5, #3
100095aa:	1b49      	subs	r1, r1, r5
100095ac:	001d      	movs	r5, r3
100095ae:	18cf      	adds	r7, r1, r3
100095b0:	3301      	adds	r3, #1
100095b2:	1e5a      	subs	r2, r3, #1
100095b4:	7812      	ldrb	r2, [r2, #0]
100095b6:	2a30      	cmp	r2, #48	; 0x30
100095b8:	d0f8      	beq.n	100095ac <__gethex+0x48>
100095ba:	4ba9      	ldr	r3, [pc, #676]	; (10009860 <__gethex+0x2fc>)
100095bc:	4698      	mov	r8, r3
100095be:	5c9b      	ldrb	r3, [r3, r2]
100095c0:	2b00      	cmp	r3, #0
100095c2:	d100      	bne.n	100095c6 <__gethex+0x62>
100095c4:	e0f3      	b.n	100097ae <__gethex+0x24a>
100095c6:	4642      	mov	r2, r8
100095c8:	782b      	ldrb	r3, [r5, #0]
100095ca:	2400      	movs	r4, #0
100095cc:	5cd3      	ldrb	r3, [r2, r3]
100095ce:	2200      	movs	r2, #0
100095d0:	4692      	mov	sl, r2
100095d2:	002e      	movs	r6, r5
100095d4:	2b00      	cmp	r3, #0
100095d6:	d005      	beq.n	100095e4 <__gethex+0x80>
100095d8:	4642      	mov	r2, r8
100095da:	7873      	ldrb	r3, [r6, #1]
100095dc:	3601      	adds	r6, #1
100095de:	5cd3      	ldrb	r3, [r2, r3]
100095e0:	2b00      	cmp	r3, #0
100095e2:	d1f9      	bne.n	100095d8 <__gethex+0x74>
100095e4:	0030      	movs	r0, r6
100095e6:	9a04      	ldr	r2, [sp, #16]
100095e8:	9905      	ldr	r1, [sp, #20]
100095ea:	f001 f927 	bl	1000a83c <strncmp>
100095ee:	9003      	str	r0, [sp, #12]
100095f0:	2800      	cmp	r0, #0
100095f2:	d057      	beq.n	100096a4 <__gethex+0x140>
100095f4:	2c00      	cmp	r4, #0
100095f6:	d158      	bne.n	100096aa <__gethex+0x146>
100095f8:	2200      	movs	r2, #0
100095fa:	7833      	ldrb	r3, [r6, #0]
100095fc:	9203      	str	r2, [sp, #12]
100095fe:	2220      	movs	r2, #32
10009600:	0034      	movs	r4, r6
10009602:	4393      	bics	r3, r2
10009604:	2b50      	cmp	r3, #80	; 0x50
10009606:	d059      	beq.n	100096bc <__gethex+0x158>
10009608:	464b      	mov	r3, r9
1000960a:	601e      	str	r6, [r3, #0]
1000960c:	4653      	mov	r3, sl
1000960e:	2b00      	cmp	r3, #0
10009610:	d177      	bne.n	10009702 <__gethex+0x19e>
10009612:	1b63      	subs	r3, r4, r5
10009614:	3b01      	subs	r3, #1
10009616:	2100      	movs	r1, #0
10009618:	2b07      	cmp	r3, #7
1000961a:	dd03      	ble.n	10009624 <__gethex+0xc0>
1000961c:	3101      	adds	r1, #1
1000961e:	105b      	asrs	r3, r3, #1
10009620:	2b07      	cmp	r3, #7
10009622:	dcfb      	bgt.n	1000961c <__gethex+0xb8>
10009624:	9807      	ldr	r0, [sp, #28]
10009626:	f000 fb9b 	bl	10009d60 <_Balloc>
1000962a:	4682      	mov	sl, r0
1000962c:	2800      	cmp	r0, #0
1000962e:	d100      	bne.n	10009632 <__gethex+0xce>
10009630:	e270      	b.n	10009b14 <__gethex+0x5b0>
10009632:	2314      	movs	r3, #20
10009634:	4453      	add	r3, sl
10009636:	9308      	str	r3, [sp, #32]
10009638:	42a5      	cmp	r5, r4
1000963a:	d300      	bcc.n	1000963e <__gethex+0xda>
1000963c:	e1d5      	b.n	100099ea <__gethex+0x486>
1000963e:	9302      	str	r3, [sp, #8]
10009640:	2300      	movs	r3, #0
10009642:	9a04      	ldr	r2, [sp, #16]
10009644:	4699      	mov	r9, r3
10009646:	3301      	adds	r3, #1
10009648:	1a9b      	subs	r3, r3, r2
1000964a:	9306      	str	r3, [sp, #24]
1000964c:	002b      	movs	r3, r5
1000964e:	2700      	movs	r7, #0
10009650:	464d      	mov	r5, r9
10009652:	4699      	mov	r9, r3
10009654:	e00d      	b.n	10009672 <__gethex+0x10e>
10009656:	2f20      	cmp	r7, #32
10009658:	d01d      	beq.n	10009696 <__gethex+0x132>
1000965a:	003a      	movs	r2, r7
1000965c:	3704      	adds	r7, #4
1000965e:	4641      	mov	r1, r8
10009660:	7833      	ldrb	r3, [r6, #0]
10009662:	0034      	movs	r4, r6
10009664:	5ccb      	ldrb	r3, [r1, r3]
10009666:	210f      	movs	r1, #15
10009668:	400b      	ands	r3, r1
1000966a:	4093      	lsls	r3, r2
1000966c:	431d      	orrs	r5, r3
1000966e:	454c      	cmp	r4, r9
10009670:	d955      	bls.n	1000971e <__gethex+0x1ba>
10009672:	1e66      	subs	r6, r4, #1
10009674:	7833      	ldrb	r3, [r6, #0]
10009676:	9a01      	ldr	r2, [sp, #4]
10009678:	4293      	cmp	r3, r2
1000967a:	d1ec      	bne.n	10009656 <__gethex+0xf2>
1000967c:	9b06      	ldr	r3, [sp, #24]
1000967e:	18f4      	adds	r4, r6, r3
10009680:	454c      	cmp	r4, r9
10009682:	d3e8      	bcc.n	10009656 <__gethex+0xf2>
10009684:	0020      	movs	r0, r4
10009686:	9a04      	ldr	r2, [sp, #16]
10009688:	9905      	ldr	r1, [sp, #20]
1000968a:	f001 f8d7 	bl	1000a83c <strncmp>
1000968e:	2800      	cmp	r0, #0
10009690:	d0ed      	beq.n	1000966e <__gethex+0x10a>
10009692:	2f20      	cmp	r7, #32
10009694:	d1e1      	bne.n	1000965a <__gethex+0xf6>
10009696:	9b02      	ldr	r3, [sp, #8]
10009698:	2200      	movs	r2, #0
1000969a:	c320      	stmia	r3!, {r5}
1000969c:	2704      	movs	r7, #4
1000969e:	2500      	movs	r5, #0
100096a0:	9302      	str	r3, [sp, #8]
100096a2:	e7dc      	b.n	1000965e <__gethex+0xfa>
100096a4:	2c00      	cmp	r4, #0
100096a6:	d100      	bne.n	100096aa <__gethex+0x146>
100096a8:	e180      	b.n	100099ac <__gethex+0x448>
100096aa:	2220      	movs	r2, #32
100096ac:	1ba4      	subs	r4, r4, r6
100096ae:	00a3      	lsls	r3, r4, #2
100096b0:	9303      	str	r3, [sp, #12]
100096b2:	7833      	ldrb	r3, [r6, #0]
100096b4:	0034      	movs	r4, r6
100096b6:	4393      	bics	r3, r2
100096b8:	2b50      	cmp	r3, #80	; 0x50
100096ba:	d1a5      	bne.n	10009608 <__gethex+0xa4>
100096bc:	7863      	ldrb	r3, [r4, #1]
100096be:	2b2b      	cmp	r3, #43	; 0x2b
100096c0:	d100      	bne.n	100096c4 <__gethex+0x160>
100096c2:	e163      	b.n	1000998c <__gethex+0x428>
100096c4:	2b2d      	cmp	r3, #45	; 0x2d
100096c6:	d100      	bne.n	100096ca <__gethex+0x166>
100096c8:	e0a3      	b.n	10009812 <__gethex+0x2ae>
100096ca:	2200      	movs	r2, #0
100096cc:	1c61      	adds	r1, r4, #1
100096ce:	4640      	mov	r0, r8
100096d0:	5cc3      	ldrb	r3, [r0, r3]
100096d2:	0026      	movs	r6, r4
100096d4:	1e58      	subs	r0, r3, #1
100096d6:	2818      	cmp	r0, #24
100096d8:	d896      	bhi.n	10009608 <__gethex+0xa4>
100096da:	4640      	mov	r0, r8
100096dc:	1c4e      	adds	r6, r1, #1
100096de:	7849      	ldrb	r1, [r1, #1]
100096e0:	3b10      	subs	r3, #16
100096e2:	5c41      	ldrb	r1, [r0, r1]
100096e4:	1e08      	subs	r0, r1, #0
100096e6:	d15f      	bne.n	100097a8 <__gethex+0x244>
100096e8:	2a00      	cmp	r2, #0
100096ea:	d000      	beq.n	100096ee <__gethex+0x18a>
100096ec:	425b      	negs	r3, r3
100096ee:	9a03      	ldr	r2, [sp, #12]
100096f0:	4694      	mov	ip, r2
100096f2:	449c      	add	ip, r3
100096f4:	4663      	mov	r3, ip
100096f6:	9303      	str	r3, [sp, #12]
100096f8:	464b      	mov	r3, r9
100096fa:	601e      	str	r6, [r3, #0]
100096fc:	4653      	mov	r3, sl
100096fe:	2b00      	cmp	r3, #0
10009700:	d087      	beq.n	10009612 <__gethex+0xae>
10009702:	1e7b      	subs	r3, r7, #1
10009704:	419f      	sbcs	r7, r3
10009706:	2305      	movs	r3, #5
10009708:	427f      	negs	r7, r7
1000970a:	439f      	bics	r7, r3
1000970c:	3706      	adds	r7, #6
1000970e:	0038      	movs	r0, r7
10009710:	b00b      	add	sp, #44	; 0x2c
10009712:	bcf0      	pop	{r4, r5, r6, r7}
10009714:	46bb      	mov	fp, r7
10009716:	46b2      	mov	sl, r6
10009718:	46a9      	mov	r9, r5
1000971a:	46a0      	mov	r8, r4
1000971c:	bdf0      	pop	{r4, r5, r6, r7, pc}
1000971e:	46a9      	mov	r9, r5
10009720:	464a      	mov	r2, r9
10009722:	9b02      	ldr	r3, [sp, #8]
10009724:	4648      	mov	r0, r9
10009726:	c304      	stmia	r3!, {r2}
10009728:	9a08      	ldr	r2, [sp, #32]
1000972a:	1a9b      	subs	r3, r3, r2
1000972c:	4652      	mov	r2, sl
1000972e:	109b      	asrs	r3, r3, #2
10009730:	6113      	str	r3, [r2, #16]
10009732:	015e      	lsls	r6, r3, #5
10009734:	f000 fbf2 	bl	10009f1c <__hi0bits>
10009738:	465b      	mov	r3, fp
1000973a:	681c      	ldr	r4, [r3, #0]
1000973c:	1a36      	subs	r6, r6, r0
1000973e:	42a6      	cmp	r6, r4
10009740:	dc6b      	bgt.n	1000981a <__gethex+0x2b6>
10009742:	2500      	movs	r5, #0
10009744:	42a6      	cmp	r6, r4
10009746:	da00      	bge.n	1000974a <__gethex+0x1e6>
10009748:	e122      	b.n	10009990 <__gethex+0x42c>
1000974a:	465b      	mov	r3, fp
1000974c:	9a03      	ldr	r2, [sp, #12]
1000974e:	689b      	ldr	r3, [r3, #8]
10009750:	4293      	cmp	r3, r2
10009752:	da00      	bge.n	10009756 <__gethex+0x1f2>
10009754:	e140      	b.n	100099d8 <__gethex+0x474>
10009756:	465b      	mov	r3, fp
10009758:	9a03      	ldr	r2, [sp, #12]
1000975a:	685b      	ldr	r3, [r3, #4]
1000975c:	4293      	cmp	r3, r2
1000975e:	dd43      	ble.n	100097e8 <__gethex+0x284>
10009760:	1a9e      	subs	r6, r3, r2
10009762:	42b4      	cmp	r4, r6
10009764:	dd00      	ble.n	10009768 <__gethex+0x204>
10009766:	e07d      	b.n	10009864 <__gethex+0x300>
10009768:	465a      	mov	r2, fp
1000976a:	68d2      	ldr	r2, [r2, #12]
1000976c:	2a02      	cmp	r2, #2
1000976e:	d100      	bne.n	10009772 <__gethex+0x20e>
10009770:	e175      	b.n	10009a5e <__gethex+0x4fa>
10009772:	2a03      	cmp	r2, #3
10009774:	d100      	bne.n	10009778 <__gethex+0x214>
10009776:	e16d      	b.n	10009a54 <__gethex+0x4f0>
10009778:	2a01      	cmp	r2, #1
1000977a:	d100      	bne.n	1000977e <__gethex+0x21a>
1000977c:	e150      	b.n	10009a20 <__gethex+0x4bc>
1000977e:	4651      	mov	r1, sl
10009780:	9807      	ldr	r0, [sp, #28]
10009782:	f000 fb15 	bl	10009db0 <_Bfree>
10009786:	2300      	movs	r3, #0
10009788:	9a14      	ldr	r2, [sp, #80]	; 0x50
1000978a:	2750      	movs	r7, #80	; 0x50
1000978c:	6013      	str	r3, [r2, #0]
1000978e:	e7be      	b.n	1000970e <__gethex+0x1aa>
10009790:	0099      	lsls	r1, r3, #2
10009792:	18c9      	adds	r1, r1, r3
10009794:	0049      	lsls	r1, r1, #1
10009796:	1809      	adds	r1, r1, r0
10009798:	4640      	mov	r0, r8
1000979a:	000b      	movs	r3, r1
1000979c:	7871      	ldrb	r1, [r6, #1]
1000979e:	3601      	adds	r6, #1
100097a0:	5c40      	ldrb	r0, [r0, r1]
100097a2:	3b10      	subs	r3, #16
100097a4:	2800      	cmp	r0, #0
100097a6:	d09f      	beq.n	100096e8 <__gethex+0x184>
100097a8:	2819      	cmp	r0, #25
100097aa:	ddf1      	ble.n	10009790 <__gethex+0x22c>
100097ac:	e79c      	b.n	100096e8 <__gethex+0x184>
100097ae:	9c04      	ldr	r4, [sp, #16]
100097b0:	0028      	movs	r0, r5
100097b2:	0022      	movs	r2, r4
100097b4:	9905      	ldr	r1, [sp, #20]
100097b6:	f001 f841 	bl	1000a83c <strncmp>
100097ba:	2800      	cmp	r0, #0
100097bc:	d16f      	bne.n	1000989e <__gethex+0x33a>
100097be:	0023      	movs	r3, r4
100097c0:	5cea      	ldrb	r2, [r5, r3]
100097c2:	4643      	mov	r3, r8
100097c4:	5c9b      	ldrb	r3, [r3, r2]
100097c6:	192c      	adds	r4, r5, r4
100097c8:	2b00      	cmp	r3, #0
100097ca:	d06a      	beq.n	100098a2 <__gethex+0x33e>
100097cc:	0025      	movs	r5, r4
100097ce:	2a30      	cmp	r2, #48	; 0x30
100097d0:	d105      	bne.n	100097de <__gethex+0x27a>
100097d2:	786b      	ldrb	r3, [r5, #1]
100097d4:	3501      	adds	r5, #1
100097d6:	2b30      	cmp	r3, #48	; 0x30
100097d8:	d0fb      	beq.n	100097d2 <__gethex+0x26e>
100097da:	4642      	mov	r2, r8
100097dc:	5cd3      	ldrb	r3, [r2, r3]
100097de:	4259      	negs	r1, r3
100097e0:	4159      	adcs	r1, r3
100097e2:	2701      	movs	r7, #1
100097e4:	468a      	mov	sl, r1
100097e6:	e6f4      	b.n	100095d2 <__gethex+0x6e>
100097e8:	2701      	movs	r7, #1
100097ea:	2d00      	cmp	r5, #0
100097ec:	d00a      	beq.n	10009804 <__gethex+0x2a0>
100097ee:	465b      	mov	r3, fp
100097f0:	68db      	ldr	r3, [r3, #12]
100097f2:	2b02      	cmp	r3, #2
100097f4:	d05d      	beq.n	100098b2 <__gethex+0x34e>
100097f6:	2b03      	cmp	r3, #3
100097f8:	d05f      	beq.n	100098ba <__gethex+0x356>
100097fa:	2b01      	cmp	r3, #1
100097fc:	d100      	bne.n	10009800 <__gethex+0x29c>
100097fe:	e0bb      	b.n	10009978 <__gethex+0x414>
10009800:	2310      	movs	r3, #16
10009802:	431f      	orrs	r7, r3
10009804:	4652      	mov	r2, sl
10009806:	9b14      	ldr	r3, [sp, #80]	; 0x50
10009808:	601a      	str	r2, [r3, #0]
1000980a:	9b09      	ldr	r3, [sp, #36]	; 0x24
1000980c:	9a03      	ldr	r2, [sp, #12]
1000980e:	601a      	str	r2, [r3, #0]
10009810:	e77d      	b.n	1000970e <__gethex+0x1aa>
10009812:	2201      	movs	r2, #1
10009814:	78a3      	ldrb	r3, [r4, #2]
10009816:	1ca1      	adds	r1, r4, #2
10009818:	e759      	b.n	100096ce <__gethex+0x16a>
1000981a:	1b36      	subs	r6, r6, r4
1000981c:	0031      	movs	r1, r6
1000981e:	4650      	mov	r0, sl
10009820:	f000 ffda 	bl	1000a7d8 <__any_on>
10009824:	1e05      	subs	r5, r0, #0
10009826:	d00f      	beq.n	10009848 <__gethex+0x2e4>
10009828:	211f      	movs	r1, #31
1000982a:	2301      	movs	r3, #1
1000982c:	1e70      	subs	r0, r6, #1
1000982e:	4001      	ands	r1, r0
10009830:	408b      	lsls	r3, r1
10009832:	1142      	asrs	r2, r0, #5
10009834:	9908      	ldr	r1, [sp, #32]
10009836:	0092      	lsls	r2, r2, #2
10009838:	588a      	ldr	r2, [r1, r2]
1000983a:	2501      	movs	r5, #1
1000983c:	421a      	tst	r2, r3
1000983e:	d003      	beq.n	10009848 <__gethex+0x2e4>
10009840:	2801      	cmp	r0, #1
10009842:	dd00      	ble.n	10009846 <__gethex+0x2e2>
10009844:	e0de      	b.n	10009a04 <__gethex+0x4a0>
10009846:	2502      	movs	r5, #2
10009848:	0031      	movs	r1, r6
1000984a:	4650      	mov	r0, sl
1000984c:	f7ff fe38 	bl	100094c0 <rshift>
10009850:	9b03      	ldr	r3, [sp, #12]
10009852:	469c      	mov	ip, r3
10009854:	44b4      	add	ip, r6
10009856:	4663      	mov	r3, ip
10009858:	9303      	str	r3, [sp, #12]
1000985a:	e776      	b.n	1000974a <__gethex+0x1e6>
1000985c:	1000c560 	.word	0x1000c560
10009860:	1000c45c 	.word	0x1000c45c
10009864:	1e77      	subs	r7, r6, #1
10009866:	2d00      	cmp	r5, #0
10009868:	d000      	beq.n	1000986c <__gethex+0x308>
1000986a:	e0c3      	b.n	100099f4 <__gethex+0x490>
1000986c:	2f00      	cmp	r7, #0
1000986e:	d000      	beq.n	10009872 <__gethex+0x30e>
10009870:	e0c2      	b.n	100099f8 <__gethex+0x494>
10009872:	231f      	movs	r3, #31
10009874:	117a      	asrs	r2, r7, #5
10009876:	401f      	ands	r7, r3
10009878:	3b1e      	subs	r3, #30
1000987a:	40bb      	lsls	r3, r7
1000987c:	9908      	ldr	r1, [sp, #32]
1000987e:	0092      	lsls	r2, r2, #2
10009880:	588a      	ldr	r2, [r1, r2]
10009882:	421a      	tst	r2, r3
10009884:	d001      	beq.n	1000988a <__gethex+0x326>
10009886:	2302      	movs	r3, #2
10009888:	431d      	orrs	r5, r3
1000988a:	0031      	movs	r1, r6
1000988c:	4650      	mov	r0, sl
1000988e:	f7ff fe17 	bl	100094c0 <rshift>
10009892:	465b      	mov	r3, fp
10009894:	685b      	ldr	r3, [r3, #4]
10009896:	2702      	movs	r7, #2
10009898:	1ba4      	subs	r4, r4, r6
1000989a:	9303      	str	r3, [sp, #12]
1000989c:	e7a5      	b.n	100097ea <__gethex+0x286>
1000989e:	002c      	movs	r4, r5
100098a0:	782a      	ldrb	r2, [r5, #0]
100098a2:	2320      	movs	r3, #32
100098a4:	439a      	bics	r2, r3
100098a6:	2a50      	cmp	r2, #80	; 0x50
100098a8:	d100      	bne.n	100098ac <__gethex+0x348>
100098aa:	e0b4      	b.n	10009a16 <__gethex+0x4b2>
100098ac:	464b      	mov	r3, r9
100098ae:	601c      	str	r4, [r3, #0]
100098b0:	e727      	b.n	10009702 <__gethex+0x19e>
100098b2:	2301      	movs	r3, #1
100098b4:	9a15      	ldr	r2, [sp, #84]	; 0x54
100098b6:	1a9b      	subs	r3, r3, r2
100098b8:	9315      	str	r3, [sp, #84]	; 0x54
100098ba:	9b15      	ldr	r3, [sp, #84]	; 0x54
100098bc:	2b00      	cmp	r3, #0
100098be:	d09f      	beq.n	10009800 <__gethex+0x29c>
100098c0:	4653      	mov	r3, sl
100098c2:	691e      	ldr	r6, [r3, #16]
100098c4:	9d08      	ldr	r5, [sp, #32]
100098c6:	00b3      	lsls	r3, r6, #2
100098c8:	4699      	mov	r9, r3
100098ca:	18e8      	adds	r0, r5, r3
100098cc:	2100      	movs	r1, #0
100098ce:	002b      	movs	r3, r5
100098d0:	46b4      	mov	ip, r6
100098d2:	e003      	b.n	100098dc <__gethex+0x378>
100098d4:	c302      	stmia	r3!, {r1}
100098d6:	4298      	cmp	r0, r3
100098d8:	d800      	bhi.n	100098dc <__gethex+0x378>
100098da:	e0c5      	b.n	10009a68 <__gethex+0x504>
100098dc:	681a      	ldr	r2, [r3, #0]
100098de:	1c56      	adds	r6, r2, #1
100098e0:	d0f8      	beq.n	100098d4 <__gethex+0x370>
100098e2:	3201      	adds	r2, #1
100098e4:	601a      	str	r2, [r3, #0]
100098e6:	2f02      	cmp	r7, #2
100098e8:	d100      	bne.n	100098ec <__gethex+0x388>
100098ea:	e0d1      	b.n	10009a90 <__gethex+0x52c>
100098ec:	231f      	movs	r3, #31
100098ee:	001e      	movs	r6, r3
100098f0:	2721      	movs	r7, #33	; 0x21
100098f2:	4026      	ands	r6, r4
100098f4:	4223      	tst	r3, r4
100098f6:	d085      	beq.n	10009804 <__gethex+0x2a0>
100098f8:	464b      	mov	r3, r9
100098fa:	18eb      	adds	r3, r5, r3
100098fc:	3b04      	subs	r3, #4
100098fe:	6818      	ldr	r0, [r3, #0]
10009900:	f000 fb0c 	bl	10009f1c <__hi0bits>
10009904:	2320      	movs	r3, #32
10009906:	1b9e      	subs	r6, r3, r6
10009908:	42b0      	cmp	r0, r6
1000990a:	db00      	blt.n	1000990e <__gethex+0x3aa>
1000990c:	e77a      	b.n	10009804 <__gethex+0x2a0>
1000990e:	4653      	mov	r3, sl
10009910:	691a      	ldr	r2, [r3, #16]
10009912:	2a00      	cmp	r2, #0
10009914:	dc00      	bgt.n	10009918 <__gethex+0x3b4>
10009916:	e0ea      	b.n	10009aee <__gethex+0x58a>
10009918:	4653      	mov	r3, sl
1000991a:	4650      	mov	r0, sl
1000991c:	695b      	ldr	r3, [r3, #20]
1000991e:	0092      	lsls	r2, r2, #2
10009920:	18aa      	adds	r2, r5, r2
10009922:	3018      	adds	r0, #24
10009924:	085b      	lsrs	r3, r3, #1
10009926:	4282      	cmp	r2, r0
10009928:	d800      	bhi.n	1000992c <__gethex+0x3c8>
1000992a:	e0e7      	b.n	10009afc <__gethex+0x598>
1000992c:	002c      	movs	r4, r5
1000992e:	0019      	movs	r1, r3
10009930:	6803      	ldr	r3, [r0, #0]
10009932:	07db      	lsls	r3, r3, #31
10009934:	430b      	orrs	r3, r1
10009936:	c408      	stmia	r4!, {r3}
10009938:	c802      	ldmia	r0!, {r1}
1000993a:	0849      	lsrs	r1, r1, #1
1000993c:	4282      	cmp	r2, r0
1000993e:	d8f7      	bhi.n	10009930 <__gethex+0x3cc>
10009940:	000b      	movs	r3, r1
10009942:	4651      	mov	r1, sl
10009944:	1a52      	subs	r2, r2, r1
10009946:	3a19      	subs	r2, #25
10009948:	0892      	lsrs	r2, r2, #2
1000994a:	3201      	adds	r2, #1
1000994c:	0092      	lsls	r2, r2, #2
1000994e:	18aa      	adds	r2, r5, r2
10009950:	6013      	str	r3, [r2, #0]
10009952:	2b00      	cmp	r3, #0
10009954:	d000      	beq.n	10009958 <__gethex+0x3f4>
10009956:	e0d5      	b.n	10009b04 <__gethex+0x5a0>
10009958:	4651      	mov	r1, sl
1000995a:	1b53      	subs	r3, r2, r5
1000995c:	109b      	asrs	r3, r3, #2
1000995e:	610b      	str	r3, [r1, #16]
10009960:	42aa      	cmp	r2, r5
10009962:	d100      	bne.n	10009966 <__gethex+0x402>
10009964:	e0c6      	b.n	10009af4 <__gethex+0x590>
10009966:	465b      	mov	r3, fp
10009968:	9a03      	ldr	r2, [sp, #12]
1000996a:	689b      	ldr	r3, [r3, #8]
1000996c:	3201      	adds	r2, #1
1000996e:	9203      	str	r2, [sp, #12]
10009970:	4293      	cmp	r3, r2
10009972:	db31      	blt.n	100099d8 <__gethex+0x474>
10009974:	2721      	movs	r7, #33	; 0x21
10009976:	e745      	b.n	10009804 <__gethex+0x2a0>
10009978:	07aa      	lsls	r2, r5, #30
1000997a:	d400      	bmi.n	1000997e <__gethex+0x41a>
1000997c:	e740      	b.n	10009800 <__gethex+0x29c>
1000997e:	9a08      	ldr	r2, [sp, #32]
10009980:	6812      	ldr	r2, [r2, #0]
10009982:	4315      	orrs	r5, r2
10009984:	9201      	str	r2, [sp, #4]
10009986:	422b      	tst	r3, r5
10009988:	d19a      	bne.n	100098c0 <__gethex+0x35c>
1000998a:	e739      	b.n	10009800 <__gethex+0x29c>
1000998c:	2200      	movs	r2, #0
1000998e:	e741      	b.n	10009814 <__gethex+0x2b0>
10009990:	1ba6      	subs	r6, r4, r6
10009992:	4651      	mov	r1, sl
10009994:	0032      	movs	r2, r6
10009996:	9807      	ldr	r0, [sp, #28]
10009998:	f000 fc78 	bl	1000a28c <__lshift>
1000999c:	9b03      	ldr	r3, [sp, #12]
1000999e:	4682      	mov	sl, r0
100099a0:	1b9b      	subs	r3, r3, r6
100099a2:	9303      	str	r3, [sp, #12]
100099a4:	2314      	movs	r3, #20
100099a6:	4453      	add	r3, sl
100099a8:	9308      	str	r3, [sp, #32]
100099aa:	e6ce      	b.n	1000974a <__gethex+0x1e6>
100099ac:	4642      	mov	r2, r8
100099ae:	9b04      	ldr	r3, [sp, #16]
100099b0:	18f1      	adds	r1, r6, r3
100099b2:	5cf3      	ldrb	r3, [r6, r3]
100099b4:	000e      	movs	r6, r1
100099b6:	5cd2      	ldrb	r2, [r2, r3]
100099b8:	2a00      	cmp	r2, #0
100099ba:	d100      	bne.n	100099be <__gethex+0x45a>
100099bc:	e61f      	b.n	100095fe <__gethex+0x9a>
100099be:	4642      	mov	r2, r8
100099c0:	7873      	ldrb	r3, [r6, #1]
100099c2:	3601      	adds	r6, #1
100099c4:	5cd2      	ldrb	r2, [r2, r3]
100099c6:	2a00      	cmp	r2, #0
100099c8:	d1f9      	bne.n	100099be <__gethex+0x45a>
100099ca:	1b89      	subs	r1, r1, r6
100099cc:	008a      	lsls	r2, r1, #2
100099ce:	9203      	str	r2, [sp, #12]
100099d0:	e615      	b.n	100095fe <__gethex+0x9a>
100099d2:	2700      	movs	r7, #0
100099d4:	3502      	adds	r5, #2
100099d6:	e5f0      	b.n	100095ba <__gethex+0x56>
100099d8:	4651      	mov	r1, sl
100099da:	9807      	ldr	r0, [sp, #28]
100099dc:	f000 f9e8 	bl	10009db0 <_Bfree>
100099e0:	2300      	movs	r3, #0
100099e2:	9a14      	ldr	r2, [sp, #80]	; 0x50
100099e4:	27a3      	movs	r7, #163	; 0xa3
100099e6:	6013      	str	r3, [r2, #0]
100099e8:	e691      	b.n	1000970e <__gethex+0x1aa>
100099ea:	9b08      	ldr	r3, [sp, #32]
100099ec:	9302      	str	r3, [sp, #8]
100099ee:	2300      	movs	r3, #0
100099f0:	4699      	mov	r9, r3
100099f2:	e695      	b.n	10009720 <__gethex+0x1bc>
100099f4:	2501      	movs	r5, #1
100099f6:	e73c      	b.n	10009872 <__gethex+0x30e>
100099f8:	0039      	movs	r1, r7
100099fa:	4650      	mov	r0, sl
100099fc:	f000 feec 	bl	1000a7d8 <__any_on>
10009a00:	0005      	movs	r5, r0
10009a02:	e736      	b.n	10009872 <__gethex+0x30e>
10009a04:	4650      	mov	r0, sl
10009a06:	1eb1      	subs	r1, r6, #2
10009a08:	f000 fee6 	bl	1000a7d8 <__any_on>
10009a0c:	3502      	adds	r5, #2
10009a0e:	2800      	cmp	r0, #0
10009a10:	d000      	beq.n	10009a14 <__gethex+0x4b0>
10009a12:	e719      	b.n	10009848 <__gethex+0x2e4>
10009a14:	e717      	b.n	10009846 <__gethex+0x2e2>
10009a16:	2300      	movs	r3, #0
10009a18:	9303      	str	r3, [sp, #12]
10009a1a:	3301      	adds	r3, #1
10009a1c:	469a      	mov	sl, r3
10009a1e:	e64d      	b.n	100096bc <__gethex+0x158>
10009a20:	42b4      	cmp	r4, r6
10009a22:	d000      	beq.n	10009a26 <__gethex+0x4c2>
10009a24:	e6ab      	b.n	1000977e <__gethex+0x21a>
10009a26:	2c01      	cmp	r4, #1
10009a28:	d008      	beq.n	10009a3c <__gethex+0x4d8>
10009a2a:	4650      	mov	r0, sl
10009a2c:	1e61      	subs	r1, r4, #1
10009a2e:	f000 fed3 	bl	1000a7d8 <__any_on>
10009a32:	2800      	cmp	r0, #0
10009a34:	d100      	bne.n	10009a38 <__gethex+0x4d4>
10009a36:	e6a2      	b.n	1000977e <__gethex+0x21a>
10009a38:	465b      	mov	r3, fp
10009a3a:	685b      	ldr	r3, [r3, #4]
10009a3c:	9a09      	ldr	r2, [sp, #36]	; 0x24
10009a3e:	2762      	movs	r7, #98	; 0x62
10009a40:	6013      	str	r3, [r2, #0]
10009a42:	2301      	movs	r3, #1
10009a44:	4652      	mov	r2, sl
10009a46:	6113      	str	r3, [r2, #16]
10009a48:	9a08      	ldr	r2, [sp, #32]
10009a4a:	6013      	str	r3, [r2, #0]
10009a4c:	4652      	mov	r2, sl
10009a4e:	9b14      	ldr	r3, [sp, #80]	; 0x50
10009a50:	601a      	str	r2, [r3, #0]
10009a52:	e65c      	b.n	1000970e <__gethex+0x1aa>
10009a54:	9a15      	ldr	r2, [sp, #84]	; 0x54
10009a56:	2a00      	cmp	r2, #0
10009a58:	d100      	bne.n	10009a5c <__gethex+0x4f8>
10009a5a:	e690      	b.n	1000977e <__gethex+0x21a>
10009a5c:	e7ee      	b.n	10009a3c <__gethex+0x4d8>
10009a5e:	9a15      	ldr	r2, [sp, #84]	; 0x54
10009a60:	2a00      	cmp	r2, #0
10009a62:	d000      	beq.n	10009a66 <__gethex+0x502>
10009a64:	e68b      	b.n	1000977e <__gethex+0x21a>
10009a66:	e7e9      	b.n	10009a3c <__gethex+0x4d8>
10009a68:	4652      	mov	r2, sl
10009a6a:	4666      	mov	r6, ip
10009a6c:	6892      	ldr	r2, [r2, #8]
10009a6e:	4663      	mov	r3, ip
10009a70:	4296      	cmp	r6, r2
10009a72:	da20      	bge.n	10009ab6 <__gethex+0x552>
10009a74:	4651      	mov	r1, sl
10009a76:	1c5a      	adds	r2, r3, #1
10009a78:	610a      	str	r2, [r1, #16]
10009a7a:	2101      	movs	r1, #1
10009a7c:	3304      	adds	r3, #4
10009a7e:	009b      	lsls	r3, r3, #2
10009a80:	4453      	add	r3, sl
10009a82:	6059      	str	r1, [r3, #4]
10009a84:	2f02      	cmp	r7, #2
10009a86:	d003      	beq.n	10009a90 <__gethex+0x52c>
10009a88:	4296      	cmp	r6, r2
10009a8a:	da00      	bge.n	10009a8e <__gethex+0x52a>
10009a8c:	e741      	b.n	10009912 <__gethex+0x3ae>
10009a8e:	e72d      	b.n	100098ec <__gethex+0x388>
10009a90:	465b      	mov	r3, fp
10009a92:	681b      	ldr	r3, [r3, #0]
10009a94:	2722      	movs	r7, #34	; 0x22
10009a96:	3b01      	subs	r3, #1
10009a98:	42a3      	cmp	r3, r4
10009a9a:	d000      	beq.n	10009a9e <__gethex+0x53a>
10009a9c:	e6b2      	b.n	10009804 <__gethex+0x2a0>
10009a9e:	231f      	movs	r3, #31
10009aa0:	1162      	asrs	r2, r4, #5
10009aa2:	401c      	ands	r4, r3
10009aa4:	3b1e      	subs	r3, #30
10009aa6:	40a3      	lsls	r3, r4
10009aa8:	0092      	lsls	r2, r2, #2
10009aaa:	5957      	ldr	r7, [r2, r5]
10009aac:	401f      	ands	r7, r3
10009aae:	427b      	negs	r3, r7
10009ab0:	415f      	adcs	r7, r3
10009ab2:	3721      	adds	r7, #33	; 0x21
10009ab4:	e6a6      	b.n	10009804 <__gethex+0x2a0>
10009ab6:	4653      	mov	r3, sl
10009ab8:	685b      	ldr	r3, [r3, #4]
10009aba:	9807      	ldr	r0, [sp, #28]
10009abc:	1c59      	adds	r1, r3, #1
10009abe:	f000 f94f 	bl	10009d60 <_Balloc>
10009ac2:	4680      	mov	r8, r0
10009ac4:	2800      	cmp	r0, #0
10009ac6:	d01f      	beq.n	10009b08 <__gethex+0x5a4>
10009ac8:	4653      	mov	r3, sl
10009aca:	4651      	mov	r1, sl
10009acc:	691b      	ldr	r3, [r3, #16]
10009ace:	310c      	adds	r1, #12
10009ad0:	1c9a      	adds	r2, r3, #2
10009ad2:	0092      	lsls	r2, r2, #2
10009ad4:	300c      	adds	r0, #12
10009ad6:	f7fb fbd3 	bl	10005280 <__wrap___aeabi_memcpy>
10009ada:	4651      	mov	r1, sl
10009adc:	9807      	ldr	r0, [sp, #28]
10009ade:	f000 f967 	bl	10009db0 <_Bfree>
10009ae2:	4645      	mov	r5, r8
10009ae4:	4643      	mov	r3, r8
10009ae6:	46c2      	mov	sl, r8
10009ae8:	691b      	ldr	r3, [r3, #16]
10009aea:	3514      	adds	r5, #20
10009aec:	e7c2      	b.n	10009a74 <__gethex+0x510>
10009aee:	2300      	movs	r3, #0
10009af0:	4652      	mov	r2, sl
10009af2:	6113      	str	r3, [r2, #16]
10009af4:	2300      	movs	r3, #0
10009af6:	4652      	mov	r2, sl
10009af8:	6153      	str	r3, [r2, #20]
10009afa:	e734      	b.n	10009966 <__gethex+0x402>
10009afc:	002a      	movs	r2, r5
10009afe:	602b      	str	r3, [r5, #0]
10009b00:	2b00      	cmp	r3, #0
10009b02:	d00d      	beq.n	10009b20 <__gethex+0x5bc>
10009b04:	3204      	adds	r2, #4
10009b06:	e727      	b.n	10009958 <__gethex+0x3f4>
10009b08:	2200      	movs	r2, #0
10009b0a:	2184      	movs	r1, #132	; 0x84
10009b0c:	4b06      	ldr	r3, [pc, #24]	; (10009b28 <__gethex+0x5c4>)
10009b0e:	4807      	ldr	r0, [pc, #28]	; (10009b2c <__gethex+0x5c8>)
10009b10:	f7f8 ffe6 	bl	10002ae0 <__assert_func>
10009b14:	2200      	movs	r2, #0
10009b16:	21de      	movs	r1, #222	; 0xde
10009b18:	4b03      	ldr	r3, [pc, #12]	; (10009b28 <__gethex+0x5c4>)
10009b1a:	4804      	ldr	r0, [pc, #16]	; (10009b2c <__gethex+0x5c8>)
10009b1c:	f7f8 ffe0 	bl	10002ae0 <__assert_func>
10009b20:	4652      	mov	r2, sl
10009b22:	6113      	str	r3, [r2, #16]
10009b24:	e7e6      	b.n	10009af4 <__gethex+0x590>
10009b26:	46c0      	nop			; (mov r8, r8)
10009b28:	1000c3c0 	.word	0x1000c3c0
10009b2c:	1000c3d4 	.word	0x1000c3d4

10009b30 <__match>:
10009b30:	b530      	push	{r4, r5, lr}
10009b32:	6802      	ldr	r2, [r0, #0]
10009b34:	e008      	b.n	10009b48 <__match+0x18>
10009b36:	7813      	ldrb	r3, [r2, #0]
10009b38:	001d      	movs	r5, r3
10009b3a:	3d41      	subs	r5, #65	; 0x41
10009b3c:	2d19      	cmp	r5, #25
10009b3e:	d800      	bhi.n	10009b42 <__match+0x12>
10009b40:	3320      	adds	r3, #32
10009b42:	3101      	adds	r1, #1
10009b44:	42a3      	cmp	r3, r4
10009b46:	d106      	bne.n	10009b56 <__match+0x26>
10009b48:	780c      	ldrb	r4, [r1, #0]
10009b4a:	3201      	adds	r2, #1
10009b4c:	2c00      	cmp	r4, #0
10009b4e:	d1f2      	bne.n	10009b36 <__match+0x6>
10009b50:	6002      	str	r2, [r0, #0]
10009b52:	2001      	movs	r0, #1
10009b54:	bd30      	pop	{r4, r5, pc}
10009b56:	2000      	movs	r0, #0
10009b58:	e7fc      	b.n	10009b54 <__match+0x24>
10009b5a:	46c0      	nop			; (mov r8, r8)

10009b5c <__hexnan>:
10009b5c:	b5f0      	push	{r4, r5, r6, r7, lr}
10009b5e:	4645      	mov	r5, r8
10009b60:	46de      	mov	lr, fp
10009b62:	4657      	mov	r7, sl
10009b64:	464e      	mov	r6, r9
10009b66:	4690      	mov	r8, r2
10009b68:	680a      	ldr	r2, [r1, #0]
10009b6a:	211f      	movs	r1, #31
10009b6c:	b5e0      	push	{r5, r6, r7, lr}
10009b6e:	b085      	sub	sp, #20
10009b70:	9000      	str	r0, [sp, #0]
10009b72:	0008      	movs	r0, r1
10009b74:	1153      	asrs	r3, r2, #5
10009b76:	009b      	lsls	r3, r3, #2
10009b78:	4010      	ands	r0, r2
10009b7a:	4443      	add	r3, r8
10009b7c:	9001      	str	r0, [sp, #4]
10009b7e:	4211      	tst	r1, r2
10009b80:	d000      	beq.n	10009b84 <__hexnan+0x28>
10009b82:	e092      	b.n	10009caa <__hexnan+0x14e>
10009b84:	001a      	movs	r2, r3
10009b86:	1f1f      	subs	r7, r3, #4
10009b88:	1f13      	subs	r3, r2, #4
10009b8a:	469a      	mov	sl, r3
10009b8c:	2300      	movs	r3, #0
10009b8e:	4652      	mov	r2, sl
10009b90:	6013      	str	r3, [r2, #0]
10009b92:	9b00      	ldr	r3, [sp, #0]
10009b94:	6818      	ldr	r0, [r3, #0]
10009b96:	7841      	ldrb	r1, [r0, #1]
10009b98:	2900      	cmp	r1, #0
10009b9a:	d100      	bne.n	10009b9e <__hexnan+0x42>
10009b9c:	e09a      	b.n	10009cd4 <__hexnan+0x178>
10009b9e:	2300      	movs	r3, #0
10009ba0:	46bc      	mov	ip, r7
10009ba2:	469b      	mov	fp, r3
10009ba4:	4b60      	ldr	r3, [pc, #384]	; (10009d28 <__hexnan+0x1cc>)
10009ba6:	003d      	movs	r5, r7
10009ba8:	2400      	movs	r4, #0
10009baa:	465f      	mov	r7, fp
10009bac:	2200      	movs	r2, #0
10009bae:	4699      	mov	r9, r3
10009bb0:	46e3      	mov	fp, ip
10009bb2:	e016      	b.n	10009be2 <__hexnan+0x86>
10009bb4:	2920      	cmp	r1, #32
10009bb6:	d900      	bls.n	10009bba <__hexnan+0x5e>
10009bb8:	e089      	b.n	10009cce <__hexnan+0x172>
10009bba:	4297      	cmp	r7, r2
10009bbc:	da0d      	bge.n	10009bda <__hexnan+0x7e>
10009bbe:	4565      	cmp	r5, ip
10009bc0:	d201      	bcs.n	10009bc6 <__hexnan+0x6a>
10009bc2:	2c07      	cmp	r4, #7
10009bc4:	dd56      	ble.n	10009c74 <__hexnan+0x118>
10009bc6:	2408      	movs	r4, #8
10009bc8:	45a8      	cmp	r8, r5
10009bca:	d206      	bcs.n	10009bda <__hexnan+0x7e>
10009bcc:	1f2b      	subs	r3, r5, #4
10009bce:	2100      	movs	r1, #0
10009bd0:	469c      	mov	ip, r3
10009bd2:	0017      	movs	r7, r2
10009bd4:	001d      	movs	r5, r3
10009bd6:	2400      	movs	r4, #0
10009bd8:	6019      	str	r1, [r3, #0]
10009bda:	7881      	ldrb	r1, [r0, #2]
10009bdc:	3001      	adds	r0, #1
10009bde:	2900      	cmp	r1, #0
10009be0:	d011      	beq.n	10009c06 <__hexnan+0xaa>
10009be2:	464b      	mov	r3, r9
10009be4:	5c5b      	ldrb	r3, [r3, r1]
10009be6:	2b00      	cmp	r3, #0
10009be8:	d0e4      	beq.n	10009bb4 <__hexnan+0x58>
10009bea:	3401      	adds	r4, #1
10009bec:	3201      	adds	r2, #1
10009bee:	2c08      	cmp	r4, #8
10009bf0:	dc39      	bgt.n	10009c66 <__hexnan+0x10a>
10009bf2:	6829      	ldr	r1, [r5, #0]
10009bf4:	0109      	lsls	r1, r1, #4
10009bf6:	260f      	movs	r6, #15
10009bf8:	4033      	ands	r3, r6
10009bfa:	430b      	orrs	r3, r1
10009bfc:	602b      	str	r3, [r5, #0]
10009bfe:	7881      	ldrb	r1, [r0, #2]
10009c00:	3001      	adds	r0, #1
10009c02:	2900      	cmp	r1, #0
10009c04:	d1ed      	bne.n	10009be2 <__hexnan+0x86>
10009c06:	465f      	mov	r7, fp
10009c08:	2a00      	cmp	r2, #0
10009c0a:	d063      	beq.n	10009cd4 <__hexnan+0x178>
10009c0c:	45ac      	cmp	ip, r5
10009c0e:	d901      	bls.n	10009c14 <__hexnan+0xb8>
10009c10:	2c07      	cmp	r4, #7
10009c12:	dd6e      	ble.n	10009cf2 <__hexnan+0x196>
10009c14:	45a8      	cmp	r8, r5
10009c16:	d24b      	bcs.n	10009cb0 <__hexnan+0x154>
10009c18:	4642      	mov	r2, r8
10009c1a:	002b      	movs	r3, r5
10009c1c:	cb02      	ldmia	r3!, {r1}
10009c1e:	c202      	stmia	r2!, {r1}
10009c20:	429f      	cmp	r7, r3
10009c22:	d2fb      	bcs.n	10009c1c <__hexnan+0xc0>
10009c24:	1c79      	adds	r1, r7, #1
10009c26:	1c6a      	adds	r2, r5, #1
10009c28:	2304      	movs	r3, #4
10009c2a:	4291      	cmp	r1, r2
10009c2c:	d25c      	bcs.n	10009ce8 <__hexnan+0x18c>
10009c2e:	4443      	add	r3, r8
10009c30:	001d      	movs	r5, r3
10009c32:	2300      	movs	r3, #0
10009c34:	c508      	stmia	r5!, {r3}
10009c36:	42af      	cmp	r7, r5
10009c38:	d2fc      	bcs.n	10009c34 <__hexnan+0xd8>
10009c3a:	4653      	mov	r3, sl
10009c3c:	681b      	ldr	r3, [r3, #0]
10009c3e:	2b00      	cmp	r3, #0
10009c40:	d109      	bne.n	10009c56 <__hexnan+0xfa>
10009c42:	4643      	mov	r3, r8
10009c44:	45b8      	cmp	r8, r7
10009c46:	d102      	bne.n	10009c4e <__hexnan+0xf2>
10009c48:	e046      	b.n	10009cd8 <__hexnan+0x17c>
10009c4a:	42bb      	cmp	r3, r7
10009c4c:	d044      	beq.n	10009cd8 <__hexnan+0x17c>
10009c4e:	3f04      	subs	r7, #4
10009c50:	683a      	ldr	r2, [r7, #0]
10009c52:	2a00      	cmp	r2, #0
10009c54:	d0f9      	beq.n	10009c4a <__hexnan+0xee>
10009c56:	2005      	movs	r0, #5
10009c58:	b005      	add	sp, #20
10009c5a:	bcf0      	pop	{r4, r5, r6, r7}
10009c5c:	46bb      	mov	fp, r7
10009c5e:	46b2      	mov	sl, r6
10009c60:	46a9      	mov	r9, r5
10009c62:	46a0      	mov	r8, r4
10009c64:	bdf0      	pop	{r4, r5, r6, r7, pc}
10009c66:	45a8      	cmp	r8, r5
10009c68:	d2b7      	bcs.n	10009bda <__hexnan+0x7e>
10009c6a:	2100      	movs	r1, #0
10009c6c:	3d04      	subs	r5, #4
10009c6e:	2401      	movs	r4, #1
10009c70:	6029      	str	r1, [r5, #0]
10009c72:	e7c0      	b.n	10009bf6 <__hexnan+0x9a>
10009c74:	2308      	movs	r3, #8
10009c76:	1b1c      	subs	r4, r3, r4
10009c78:	00a4      	lsls	r4, r4, #2
10009c7a:	3318      	adds	r3, #24
10009c7c:	1b19      	subs	r1, r3, r4
10009c7e:	9002      	str	r0, [sp, #8]
10009c80:	002e      	movs	r6, r5
10009c82:	0008      	movs	r0, r1
10009c84:	9403      	str	r4, [sp, #12]
10009c86:	682b      	ldr	r3, [r5, #0]
10009c88:	4664      	mov	r4, ip
10009c8a:	4694      	mov	ip, r2
10009c8c:	9a03      	ldr	r2, [sp, #12]
10009c8e:	6871      	ldr	r1, [r6, #4]
10009c90:	4081      	lsls	r1, r0
10009c92:	430b      	orrs	r3, r1
10009c94:	6033      	str	r3, [r6, #0]
10009c96:	6873      	ldr	r3, [r6, #4]
10009c98:	3604      	adds	r6, #4
10009c9a:	40d3      	lsrs	r3, r2
10009c9c:	6033      	str	r3, [r6, #0]
10009c9e:	42a6      	cmp	r6, r4
10009ca0:	d3f5      	bcc.n	10009c8e <__hexnan+0x132>
10009ca2:	4662      	mov	r2, ip
10009ca4:	9802      	ldr	r0, [sp, #8]
10009ca6:	46a4      	mov	ip, r4
10009ca8:	e78d      	b.n	10009bc6 <__hexnan+0x6a>
10009caa:	001f      	movs	r7, r3
10009cac:	1d1a      	adds	r2, r3, #4
10009cae:	e76b      	b.n	10009b88 <__hexnan+0x2c>
10009cb0:	9b01      	ldr	r3, [sp, #4]
10009cb2:	2b00      	cmp	r3, #0
10009cb4:	d0c1      	beq.n	10009c3a <__hexnan+0xde>
10009cb6:	2220      	movs	r2, #32
10009cb8:	9b01      	ldr	r3, [sp, #4]
10009cba:	1ad2      	subs	r2, r2, r3
10009cbc:	2301      	movs	r3, #1
10009cbe:	425b      	negs	r3, r3
10009cc0:	40d3      	lsrs	r3, r2
10009cc2:	4652      	mov	r2, sl
10009cc4:	6812      	ldr	r2, [r2, #0]
10009cc6:	4013      	ands	r3, r2
10009cc8:	4652      	mov	r2, sl
10009cca:	6013      	str	r3, [r2, #0]
10009ccc:	e7b7      	b.n	10009c3e <__hexnan+0xe2>
10009cce:	465f      	mov	r7, fp
10009cd0:	2929      	cmp	r1, #41	; 0x29
10009cd2:	d005      	beq.n	10009ce0 <__hexnan+0x184>
10009cd4:	2004      	movs	r0, #4
10009cd6:	e7bf      	b.n	10009c58 <__hexnan+0xfc>
10009cd8:	2301      	movs	r3, #1
10009cda:	2005      	movs	r0, #5
10009cdc:	603b      	str	r3, [r7, #0]
10009cde:	e7bb      	b.n	10009c58 <__hexnan+0xfc>
10009ce0:	9b00      	ldr	r3, [sp, #0]
10009ce2:	3002      	adds	r0, #2
10009ce4:	6018      	str	r0, [r3, #0]
10009ce6:	e78f      	b.n	10009c08 <__hexnan+0xac>
10009ce8:	1b7d      	subs	r5, r7, r5
10009cea:	08ad      	lsrs	r5, r5, #2
10009cec:	3501      	adds	r5, #1
10009cee:	00ab      	lsls	r3, r5, #2
10009cf0:	e79d      	b.n	10009c2e <__hexnan+0xd2>
10009cf2:	2308      	movs	r3, #8
10009cf4:	2620      	movs	r6, #32
10009cf6:	1b1c      	subs	r4, r3, r4
10009cf8:	00a4      	lsls	r4, r4, #2
10009cfa:	682b      	ldr	r3, [r5, #0]
10009cfc:	1b36      	subs	r6, r6, r4
10009cfe:	001a      	movs	r2, r3
10009d00:	0033      	movs	r3, r6
10009d02:	0028      	movs	r0, r5
10009d04:	0026      	movs	r6, r4
10009d06:	4664      	mov	r4, ip
10009d08:	46ac      	mov	ip, r5
10009d0a:	001d      	movs	r5, r3
10009d0c:	6841      	ldr	r1, [r0, #4]
10009d0e:	000b      	movs	r3, r1
10009d10:	40ab      	lsls	r3, r5
10009d12:	4313      	orrs	r3, r2
10009d14:	000a      	movs	r2, r1
10009d16:	40f2      	lsrs	r2, r6
10009d18:	6003      	str	r3, [r0, #0]
10009d1a:	6042      	str	r2, [r0, #4]
10009d1c:	3004      	adds	r0, #4
10009d1e:	4284      	cmp	r4, r0
10009d20:	d8f4      	bhi.n	10009d0c <__hexnan+0x1b0>
10009d22:	4665      	mov	r5, ip
10009d24:	e776      	b.n	10009c14 <__hexnan+0xb8>
10009d26:	46c0      	nop			; (mov r8, r8)
10009d28:	1000c45c 	.word	0x1000c45c

10009d2c <__retarget_lock_acquire_recursive>:
10009d2c:	4770      	bx	lr
10009d2e:	46c0      	nop			; (mov r8, r8)

10009d30 <__retarget_lock_release_recursive>:
10009d30:	4770      	bx	lr
10009d32:	46c0      	nop			; (mov r8, r8)

10009d34 <__ascii_mbtowc>:
10009d34:	b082      	sub	sp, #8
10009d36:	2900      	cmp	r1, #0
10009d38:	d00a      	beq.n	10009d50 <__ascii_mbtowc+0x1c>
10009d3a:	2a00      	cmp	r2, #0
10009d3c:	d00b      	beq.n	10009d56 <__ascii_mbtowc+0x22>
10009d3e:	2b00      	cmp	r3, #0
10009d40:	d00b      	beq.n	10009d5a <__ascii_mbtowc+0x26>
10009d42:	7813      	ldrb	r3, [r2, #0]
10009d44:	600b      	str	r3, [r1, #0]
10009d46:	7810      	ldrb	r0, [r2, #0]
10009d48:	1e43      	subs	r3, r0, #1
10009d4a:	4198      	sbcs	r0, r3
10009d4c:	b002      	add	sp, #8
10009d4e:	4770      	bx	lr
10009d50:	a901      	add	r1, sp, #4
10009d52:	2a00      	cmp	r2, #0
10009d54:	d1f3      	bne.n	10009d3e <__ascii_mbtowc+0xa>
10009d56:	2000      	movs	r0, #0
10009d58:	e7f8      	b.n	10009d4c <__ascii_mbtowc+0x18>
10009d5a:	2002      	movs	r0, #2
10009d5c:	4240      	negs	r0, r0
10009d5e:	e7f5      	b.n	10009d4c <__ascii_mbtowc+0x18>

10009d60 <_Balloc>:
10009d60:	6cc3      	ldr	r3, [r0, #76]	; 0x4c
10009d62:	b570      	push	{r4, r5, r6, lr}
10009d64:	0004      	movs	r4, r0
10009d66:	000d      	movs	r5, r1
10009d68:	2b00      	cmp	r3, #0
10009d6a:	d00a      	beq.n	10009d82 <_Balloc+0x22>
10009d6c:	00a8      	lsls	r0, r5, #2
10009d6e:	181b      	adds	r3, r3, r0
10009d70:	6818      	ldr	r0, [r3, #0]
10009d72:	2800      	cmp	r0, #0
10009d74:	d00e      	beq.n	10009d94 <_Balloc+0x34>
10009d76:	6802      	ldr	r2, [r0, #0]
10009d78:	601a      	str	r2, [r3, #0]
10009d7a:	2300      	movs	r3, #0
10009d7c:	6103      	str	r3, [r0, #16]
10009d7e:	60c3      	str	r3, [r0, #12]
10009d80:	bd70      	pop	{r4, r5, r6, pc}
10009d82:	2221      	movs	r2, #33	; 0x21
10009d84:	2104      	movs	r1, #4
10009d86:	f7fd feef 	bl	10007b68 <_calloc_r>
10009d8a:	1e03      	subs	r3, r0, #0
10009d8c:	64e0      	str	r0, [r4, #76]	; 0x4c
10009d8e:	d1ed      	bne.n	10009d6c <_Balloc+0xc>
10009d90:	2000      	movs	r0, #0
10009d92:	e7f5      	b.n	10009d80 <_Balloc+0x20>
10009d94:	2601      	movs	r6, #1
10009d96:	40ae      	lsls	r6, r5
10009d98:	1d72      	adds	r2, r6, #5
10009d9a:	2101      	movs	r1, #1
10009d9c:	0020      	movs	r0, r4
10009d9e:	0092      	lsls	r2, r2, #2
10009da0:	f7fd fee2 	bl	10007b68 <_calloc_r>
10009da4:	2800      	cmp	r0, #0
10009da6:	d0f3      	beq.n	10009d90 <_Balloc+0x30>
10009da8:	6045      	str	r5, [r0, #4]
10009daa:	6086      	str	r6, [r0, #8]
10009dac:	e7e5      	b.n	10009d7a <_Balloc+0x1a>
10009dae:	46c0      	nop			; (mov r8, r8)

10009db0 <_Bfree>:
10009db0:	2900      	cmp	r1, #0
10009db2:	d006      	beq.n	10009dc2 <_Bfree+0x12>
10009db4:	684b      	ldr	r3, [r1, #4]
10009db6:	009a      	lsls	r2, r3, #2
10009db8:	6cc3      	ldr	r3, [r0, #76]	; 0x4c
10009dba:	189b      	adds	r3, r3, r2
10009dbc:	681a      	ldr	r2, [r3, #0]
10009dbe:	600a      	str	r2, [r1, #0]
10009dc0:	6019      	str	r1, [r3, #0]
10009dc2:	4770      	bx	lr

10009dc4 <__multadd>:
10009dc4:	b5f0      	push	{r4, r5, r6, r7, lr}
10009dc6:	46c6      	mov	lr, r8
10009dc8:	001f      	movs	r7, r3
10009dca:	4680      	mov	r8, r0
10009dcc:	2300      	movs	r3, #0
10009dce:	b500      	push	{lr}
10009dd0:	000e      	movs	r6, r1
10009dd2:	690d      	ldr	r5, [r1, #16]
10009dd4:	3114      	adds	r1, #20
10009dd6:	680c      	ldr	r4, [r1, #0]
10009dd8:	3301      	adds	r3, #1
10009dda:	0420      	lsls	r0, r4, #16
10009ddc:	0c00      	lsrs	r0, r0, #16
10009dde:	4350      	muls	r0, r2
10009de0:	0c24      	lsrs	r4, r4, #16
10009de2:	4354      	muls	r4, r2
10009de4:	19c0      	adds	r0, r0, r7
10009de6:	0c07      	lsrs	r7, r0, #16
10009de8:	19e4      	adds	r4, r4, r7
10009dea:	0400      	lsls	r0, r0, #16
10009dec:	0c27      	lsrs	r7, r4, #16
10009dee:	0c00      	lsrs	r0, r0, #16
10009df0:	0424      	lsls	r4, r4, #16
10009df2:	1824      	adds	r4, r4, r0
10009df4:	c110      	stmia	r1!, {r4}
10009df6:	429d      	cmp	r5, r3
10009df8:	dced      	bgt.n	10009dd6 <__multadd+0x12>
10009dfa:	2f00      	cmp	r7, #0
10009dfc:	d008      	beq.n	10009e10 <__multadd+0x4c>
10009dfe:	68b3      	ldr	r3, [r6, #8]
10009e00:	42ab      	cmp	r3, r5
10009e02:	dd09      	ble.n	10009e18 <__multadd+0x54>
10009e04:	1d2b      	adds	r3, r5, #4
10009e06:	009b      	lsls	r3, r3, #2
10009e08:	18f3      	adds	r3, r6, r3
10009e0a:	3501      	adds	r5, #1
10009e0c:	605f      	str	r7, [r3, #4]
10009e0e:	6135      	str	r5, [r6, #16]
10009e10:	0030      	movs	r0, r6
10009e12:	bc80      	pop	{r7}
10009e14:	46b8      	mov	r8, r7
10009e16:	bdf0      	pop	{r4, r5, r6, r7, pc}
10009e18:	6873      	ldr	r3, [r6, #4]
10009e1a:	4640      	mov	r0, r8
10009e1c:	1c59      	adds	r1, r3, #1
10009e1e:	f7ff ff9f 	bl	10009d60 <_Balloc>
10009e22:	1e04      	subs	r4, r0, #0
10009e24:	d017      	beq.n	10009e56 <__multadd+0x92>
10009e26:	0031      	movs	r1, r6
10009e28:	6933      	ldr	r3, [r6, #16]
10009e2a:	310c      	adds	r1, #12
10009e2c:	1c9a      	adds	r2, r3, #2
10009e2e:	0092      	lsls	r2, r2, #2
10009e30:	300c      	adds	r0, #12
10009e32:	f7fb fa25 	bl	10005280 <__wrap___aeabi_memcpy>
10009e36:	6873      	ldr	r3, [r6, #4]
10009e38:	009a      	lsls	r2, r3, #2
10009e3a:	4643      	mov	r3, r8
10009e3c:	6cdb      	ldr	r3, [r3, #76]	; 0x4c
10009e3e:	189b      	adds	r3, r3, r2
10009e40:	681a      	ldr	r2, [r3, #0]
10009e42:	6032      	str	r2, [r6, #0]
10009e44:	601e      	str	r6, [r3, #0]
10009e46:	0026      	movs	r6, r4
10009e48:	1d2b      	adds	r3, r5, #4
10009e4a:	009b      	lsls	r3, r3, #2
10009e4c:	18f3      	adds	r3, r6, r3
10009e4e:	3501      	adds	r5, #1
10009e50:	605f      	str	r7, [r3, #4]
10009e52:	6135      	str	r5, [r6, #16]
10009e54:	e7dc      	b.n	10009e10 <__multadd+0x4c>
10009e56:	2200      	movs	r2, #0
10009e58:	21b5      	movs	r1, #181	; 0xb5
10009e5a:	4b02      	ldr	r3, [pc, #8]	; (10009e64 <__multadd+0xa0>)
10009e5c:	4802      	ldr	r0, [pc, #8]	; (10009e68 <__multadd+0xa4>)
10009e5e:	f7f8 fe3f 	bl	10002ae0 <__assert_func>
10009e62:	46c0      	nop			; (mov r8, r8)
10009e64:	1000c3c0 	.word	0x1000c3c0
10009e68:	1000c574 	.word	0x1000c574

10009e6c <__s2b>:
10009e6c:	b5f8      	push	{r3, r4, r5, r6, r7, lr}
10009e6e:	4647      	mov	r7, r8
10009e70:	46ce      	mov	lr, r9
10009e72:	0006      	movs	r6, r0
10009e74:	0018      	movs	r0, r3
10009e76:	b580      	push	{r7, lr}
10009e78:	000c      	movs	r4, r1
10009e7a:	3008      	adds	r0, #8
10009e7c:	2109      	movs	r1, #9
10009e7e:	001f      	movs	r7, r3
10009e80:	4690      	mov	r8, r2
10009e82:	f7f9 ffb3 	bl	10003dec <__wrap___aeabi_idiv>
10009e86:	2f09      	cmp	r7, #9
10009e88:	dd3b      	ble.n	10009f02 <__s2b+0x96>
10009e8a:	2501      	movs	r5, #1
10009e8c:	2100      	movs	r1, #0
10009e8e:	006d      	lsls	r5, r5, #1
10009e90:	3101      	adds	r1, #1
10009e92:	42a8      	cmp	r0, r5
10009e94:	dcfb      	bgt.n	10009e8e <__s2b+0x22>
10009e96:	0030      	movs	r0, r6
10009e98:	f7ff ff62 	bl	10009d60 <_Balloc>
10009e9c:	1e01      	subs	r1, r0, #0
10009e9e:	d032      	beq.n	10009f06 <__s2b+0x9a>
10009ea0:	9b08      	ldr	r3, [sp, #32]
10009ea2:	6143      	str	r3, [r0, #20]
10009ea4:	2301      	movs	r3, #1
10009ea6:	6103      	str	r3, [r0, #16]
10009ea8:	4643      	mov	r3, r8
10009eaa:	2b09      	cmp	r3, #9
10009eac:	dc16      	bgt.n	10009edc <__s2b+0x70>
10009eae:	2309      	movs	r3, #9
10009eb0:	4698      	mov	r8, r3
10009eb2:	340a      	adds	r4, #10
10009eb4:	4547      	cmp	r7, r8
10009eb6:	dd0c      	ble.n	10009ed2 <__s2b+0x66>
10009eb8:	4643      	mov	r3, r8
10009eba:	19e7      	adds	r7, r4, r7
10009ebc:	1aff      	subs	r7, r7, r3
10009ebe:	7823      	ldrb	r3, [r4, #0]
10009ec0:	220a      	movs	r2, #10
10009ec2:	0030      	movs	r0, r6
10009ec4:	3b30      	subs	r3, #48	; 0x30
10009ec6:	f7ff ff7d 	bl	10009dc4 <__multadd>
10009eca:	3401      	adds	r4, #1
10009ecc:	0001      	movs	r1, r0
10009ece:	42bc      	cmp	r4, r7
10009ed0:	d1f5      	bne.n	10009ebe <__s2b+0x52>
10009ed2:	0008      	movs	r0, r1
10009ed4:	bcc0      	pop	{r6, r7}
10009ed6:	46b9      	mov	r9, r7
10009ed8:	46b0      	mov	r8, r6
10009eda:	bdf8      	pop	{r3, r4, r5, r6, r7, pc}
10009edc:	2309      	movs	r3, #9
10009ede:	4699      	mov	r9, r3
10009ee0:	44a1      	add	r9, r4
10009ee2:	464d      	mov	r5, r9
10009ee4:	4444      	add	r4, r8
10009ee6:	782b      	ldrb	r3, [r5, #0]
10009ee8:	220a      	movs	r2, #10
10009eea:	0030      	movs	r0, r6
10009eec:	3b30      	subs	r3, #48	; 0x30
10009eee:	f7ff ff69 	bl	10009dc4 <__multadd>
10009ef2:	3501      	adds	r5, #1
10009ef4:	0001      	movs	r1, r0
10009ef6:	42a5      	cmp	r5, r4
10009ef8:	d1f5      	bne.n	10009ee6 <__s2b+0x7a>
10009efa:	4644      	mov	r4, r8
10009efc:	3c08      	subs	r4, #8
10009efe:	444c      	add	r4, r9
10009f00:	e7d8      	b.n	10009eb4 <__s2b+0x48>
10009f02:	2100      	movs	r1, #0
10009f04:	e7c7      	b.n	10009e96 <__s2b+0x2a>
10009f06:	2200      	movs	r2, #0
10009f08:	4b02      	ldr	r3, [pc, #8]	; (10009f14 <__s2b+0xa8>)
10009f0a:	4803      	ldr	r0, [pc, #12]	; (10009f18 <__s2b+0xac>)
10009f0c:	31ce      	adds	r1, #206	; 0xce
10009f0e:	f7f8 fde7 	bl	10002ae0 <__assert_func>
10009f12:	46c0      	nop			; (mov r8, r8)
10009f14:	1000c3c0 	.word	0x1000c3c0
10009f18:	1000c574 	.word	0x1000c574

10009f1c <__hi0bits>:
10009f1c:	0003      	movs	r3, r0
10009f1e:	0c02      	lsrs	r2, r0, #16
10009f20:	2000      	movs	r0, #0
10009f22:	2a00      	cmp	r2, #0
10009f24:	d101      	bne.n	10009f2a <__hi0bits+0xe>
10009f26:	041b      	lsls	r3, r3, #16
10009f28:	3010      	adds	r0, #16
10009f2a:	0e1a      	lsrs	r2, r3, #24
10009f2c:	d101      	bne.n	10009f32 <__hi0bits+0x16>
10009f2e:	3008      	adds	r0, #8
10009f30:	021b      	lsls	r3, r3, #8
10009f32:	0f1a      	lsrs	r2, r3, #28
10009f34:	d101      	bne.n	10009f3a <__hi0bits+0x1e>
10009f36:	3004      	adds	r0, #4
10009f38:	011b      	lsls	r3, r3, #4
10009f3a:	0f9a      	lsrs	r2, r3, #30
10009f3c:	d101      	bne.n	10009f42 <__hi0bits+0x26>
10009f3e:	3002      	adds	r0, #2
10009f40:	009b      	lsls	r3, r3, #2
10009f42:	2b00      	cmp	r3, #0
10009f44:	db02      	blt.n	10009f4c <__hi0bits+0x30>
10009f46:	3001      	adds	r0, #1
10009f48:	005b      	lsls	r3, r3, #1
10009f4a:	d500      	bpl.n	10009f4e <__hi0bits+0x32>
10009f4c:	4770      	bx	lr
10009f4e:	2020      	movs	r0, #32
10009f50:	e7fc      	b.n	10009f4c <__hi0bits+0x30>
10009f52:	46c0      	nop			; (mov r8, r8)

10009f54 <__lo0bits>:
10009f54:	6803      	ldr	r3, [r0, #0]
10009f56:	0002      	movs	r2, r0
10009f58:	0759      	lsls	r1, r3, #29
10009f5a:	d007      	beq.n	10009f6c <__lo0bits+0x18>
10009f5c:	07d9      	lsls	r1, r3, #31
10009f5e:	d41e      	bmi.n	10009f9e <__lo0bits+0x4a>
10009f60:	0799      	lsls	r1, r3, #30
10009f62:	d520      	bpl.n	10009fa6 <__lo0bits+0x52>
10009f64:	085b      	lsrs	r3, r3, #1
10009f66:	6003      	str	r3, [r0, #0]
10009f68:	2001      	movs	r0, #1
10009f6a:	4770      	bx	lr
10009f6c:	2000      	movs	r0, #0
10009f6e:	0419      	lsls	r1, r3, #16
10009f70:	d101      	bne.n	10009f76 <__lo0bits+0x22>
10009f72:	0c1b      	lsrs	r3, r3, #16
10009f74:	3010      	adds	r0, #16
10009f76:	21ff      	movs	r1, #255	; 0xff
10009f78:	4219      	tst	r1, r3
10009f7a:	d101      	bne.n	10009f80 <__lo0bits+0x2c>
10009f7c:	3008      	adds	r0, #8
10009f7e:	0a1b      	lsrs	r3, r3, #8
10009f80:	0719      	lsls	r1, r3, #28
10009f82:	d101      	bne.n	10009f88 <__lo0bits+0x34>
10009f84:	3004      	adds	r0, #4
10009f86:	091b      	lsrs	r3, r3, #4
10009f88:	0799      	lsls	r1, r3, #30
10009f8a:	d101      	bne.n	10009f90 <__lo0bits+0x3c>
10009f8c:	3002      	adds	r0, #2
10009f8e:	089b      	lsrs	r3, r3, #2
10009f90:	07d9      	lsls	r1, r3, #31
10009f92:	d402      	bmi.n	10009f9a <__lo0bits+0x46>
10009f94:	3001      	adds	r0, #1
10009f96:	085b      	lsrs	r3, r3, #1
10009f98:	d003      	beq.n	10009fa2 <__lo0bits+0x4e>
10009f9a:	6013      	str	r3, [r2, #0]
10009f9c:	e7e5      	b.n	10009f6a <__lo0bits+0x16>
10009f9e:	2000      	movs	r0, #0
10009fa0:	e7e3      	b.n	10009f6a <__lo0bits+0x16>
10009fa2:	2020      	movs	r0, #32
10009fa4:	e7e1      	b.n	10009f6a <__lo0bits+0x16>
10009fa6:	089b      	lsrs	r3, r3, #2
10009fa8:	6003      	str	r3, [r0, #0]
10009faa:	2002      	movs	r0, #2
10009fac:	e7dd      	b.n	10009f6a <__lo0bits+0x16>
10009fae:	46c0      	nop			; (mov r8, r8)

10009fb0 <__i2b>:
10009fb0:	6cc3      	ldr	r3, [r0, #76]	; 0x4c
10009fb2:	b570      	push	{r4, r5, r6, lr}
10009fb4:	0004      	movs	r4, r0
10009fb6:	000d      	movs	r5, r1
10009fb8:	2b00      	cmp	r3, #0
10009fba:	d00a      	beq.n	10009fd2 <__i2b+0x22>
10009fbc:	6858      	ldr	r0, [r3, #4]
10009fbe:	2800      	cmp	r0, #0
10009fc0:	d015      	beq.n	10009fee <__i2b+0x3e>
10009fc2:	6802      	ldr	r2, [r0, #0]
10009fc4:	605a      	str	r2, [r3, #4]
10009fc6:	2300      	movs	r3, #0
10009fc8:	60c3      	str	r3, [r0, #12]
10009fca:	3301      	adds	r3, #1
10009fcc:	6145      	str	r5, [r0, #20]
10009fce:	6103      	str	r3, [r0, #16]
10009fd0:	bd70      	pop	{r4, r5, r6, pc}
10009fd2:	2221      	movs	r2, #33	; 0x21
10009fd4:	2104      	movs	r1, #4
10009fd6:	f7fd fdc7 	bl	10007b68 <_calloc_r>
10009fda:	1e03      	subs	r3, r0, #0
10009fdc:	64e0      	str	r0, [r4, #76]	; 0x4c
10009fde:	d1ed      	bne.n	10009fbc <__i2b+0xc>
10009fe0:	21a0      	movs	r1, #160	; 0xa0
10009fe2:	2200      	movs	r2, #0
10009fe4:	4b08      	ldr	r3, [pc, #32]	; (1000a008 <__i2b+0x58>)
10009fe6:	4809      	ldr	r0, [pc, #36]	; (1000a00c <__i2b+0x5c>)
10009fe8:	0049      	lsls	r1, r1, #1
10009fea:	f7f8 fd79 	bl	10002ae0 <__assert_func>
10009fee:	221c      	movs	r2, #28
10009ff0:	2101      	movs	r1, #1
10009ff2:	0020      	movs	r0, r4
10009ff4:	f7fd fdb8 	bl	10007b68 <_calloc_r>
10009ff8:	2800      	cmp	r0, #0
10009ffa:	d0f1      	beq.n	10009fe0 <__i2b+0x30>
10009ffc:	2301      	movs	r3, #1
10009ffe:	6043      	str	r3, [r0, #4]
1000a000:	3301      	adds	r3, #1
1000a002:	6083      	str	r3, [r0, #8]
1000a004:	e7df      	b.n	10009fc6 <__i2b+0x16>
1000a006:	46c0      	nop			; (mov r8, r8)
1000a008:	1000c3c0 	.word	0x1000c3c0
1000a00c:	1000c574 	.word	0x1000c574

1000a010 <__multiply>:
1000a010:	b5f0      	push	{r4, r5, r6, r7, lr}
1000a012:	464e      	mov	r6, r9
1000a014:	4645      	mov	r5, r8
1000a016:	46de      	mov	lr, fp
1000a018:	4657      	mov	r7, sl
1000a01a:	b5e0      	push	{r5, r6, r7, lr}
1000a01c:	690d      	ldr	r5, [r1, #16]
1000a01e:	6916      	ldr	r6, [r2, #16]
1000a020:	4689      	mov	r9, r1
1000a022:	0014      	movs	r4, r2
1000a024:	b087      	sub	sp, #28
1000a026:	42b5      	cmp	r5, r6
1000a028:	db04      	blt.n	1000a034 <__multiply+0x24>
1000a02a:	0033      	movs	r3, r6
1000a02c:	000c      	movs	r4, r1
1000a02e:	002e      	movs	r6, r5
1000a030:	4691      	mov	r9, r2
1000a032:	001d      	movs	r5, r3
1000a034:	68a3      	ldr	r3, [r4, #8]
1000a036:	1977      	adds	r7, r6, r5
1000a038:	6861      	ldr	r1, [r4, #4]
1000a03a:	42bb      	cmp	r3, r7
1000a03c:	da00      	bge.n	1000a040 <__multiply+0x30>
1000a03e:	3101      	adds	r1, #1
1000a040:	f7ff fe8e 	bl	10009d60 <_Balloc>
1000a044:	9005      	str	r0, [sp, #20]
1000a046:	2800      	cmp	r0, #0
1000a048:	d100      	bne.n	1000a04c <__multiply+0x3c>
1000a04a:	e0a7      	b.n	1000a19c <__multiply+0x18c>
1000a04c:	2214      	movs	r2, #20
1000a04e:	4694      	mov	ip, r2
1000a050:	9b05      	ldr	r3, [sp, #20]
1000a052:	2200      	movs	r2, #0
1000a054:	4463      	add	r3, ip
1000a056:	469b      	mov	fp, r3
1000a058:	00bb      	lsls	r3, r7, #2
1000a05a:	445b      	add	r3, fp
1000a05c:	469a      	mov	sl, r3
1000a05e:	465b      	mov	r3, fp
1000a060:	4651      	mov	r1, sl
1000a062:	45d3      	cmp	fp, sl
1000a064:	d203      	bcs.n	1000a06e <__multiply+0x5e>
1000a066:	c304      	stmia	r3!, {r2}
1000a068:	4299      	cmp	r1, r3
1000a06a:	d8fc      	bhi.n	1000a066 <__multiply+0x56>
1000a06c:	468a      	mov	sl, r1
1000a06e:	2314      	movs	r3, #20
1000a070:	469c      	mov	ip, r3
1000a072:	44a4      	add	ip, r4
1000a074:	4663      	mov	r3, ip
1000a076:	9304      	str	r3, [sp, #16]
1000a078:	2314      	movs	r3, #20
1000a07a:	00b6      	lsls	r6, r6, #2
1000a07c:	4466      	add	r6, ip
1000a07e:	00ad      	lsls	r5, r5, #2
1000a080:	469c      	mov	ip, r3
1000a082:	002b      	movs	r3, r5
1000a084:	44e1      	add	r9, ip
1000a086:	444b      	add	r3, r9
1000a088:	9302      	str	r3, [sp, #8]
1000a08a:	4599      	cmp	r9, r3
1000a08c:	d26e      	bcs.n	1000a16c <__multiply+0x15c>
1000a08e:	2304      	movs	r3, #4
1000a090:	9303      	str	r3, [sp, #12]
1000a092:	0023      	movs	r3, r4
1000a094:	3315      	adds	r3, #21
1000a096:	429e      	cmp	r6, r3
1000a098:	d200      	bcs.n	1000a09c <__multiply+0x8c>
1000a09a:	e07c      	b.n	1000a196 <__multiply+0x186>
1000a09c:	1b33      	subs	r3, r6, r4
1000a09e:	3b15      	subs	r3, #21
1000a0a0:	089b      	lsrs	r3, r3, #2
1000a0a2:	3301      	adds	r3, #1
1000a0a4:	009b      	lsls	r3, r3, #2
1000a0a6:	46b8      	mov	r8, r7
1000a0a8:	9303      	str	r3, [sp, #12]
1000a0aa:	9601      	str	r6, [sp, #4]
1000a0ac:	e008      	b.n	1000a0c0 <__multiply+0xb0>
1000a0ae:	0c00      	lsrs	r0, r0, #16
1000a0b0:	d131      	bne.n	1000a116 <__multiply+0x106>
1000a0b2:	2304      	movs	r3, #4
1000a0b4:	469c      	mov	ip, r3
1000a0b6:	9b02      	ldr	r3, [sp, #8]
1000a0b8:	44e1      	add	r9, ip
1000a0ba:	44e3      	add	fp, ip
1000a0bc:	454b      	cmp	r3, r9
1000a0be:	d954      	bls.n	1000a16a <__multiply+0x15a>
1000a0c0:	464b      	mov	r3, r9
1000a0c2:	6818      	ldr	r0, [r3, #0]
1000a0c4:	0403      	lsls	r3, r0, #16
1000a0c6:	0c1e      	lsrs	r6, r3, #16
1000a0c8:	2b00      	cmp	r3, #0
1000a0ca:	d0f0      	beq.n	1000a0ae <__multiply+0x9e>
1000a0cc:	9b01      	ldr	r3, [sp, #4]
1000a0ce:	465d      	mov	r5, fp
1000a0d0:	2700      	movs	r7, #0
1000a0d2:	469c      	mov	ip, r3
1000a0d4:	9c04      	ldr	r4, [sp, #16]
1000a0d6:	cc04      	ldmia	r4!, {r2}
1000a0d8:	6829      	ldr	r1, [r5, #0]
1000a0da:	0413      	lsls	r3, r2, #16
1000a0dc:	0c1b      	lsrs	r3, r3, #16
1000a0de:	4373      	muls	r3, r6
1000a0e0:	0408      	lsls	r0, r1, #16
1000a0e2:	0c00      	lsrs	r0, r0, #16
1000a0e4:	181b      	adds	r3, r3, r0
1000a0e6:	19d8      	adds	r0, r3, r7
1000a0e8:	0c13      	lsrs	r3, r2, #16
1000a0ea:	4373      	muls	r3, r6
1000a0ec:	0c09      	lsrs	r1, r1, #16
1000a0ee:	0c02      	lsrs	r2, r0, #16
1000a0f0:	185b      	adds	r3, r3, r1
1000a0f2:	189b      	adds	r3, r3, r2
1000a0f4:	0402      	lsls	r2, r0, #16
1000a0f6:	0c1f      	lsrs	r7, r3, #16
1000a0f8:	0c12      	lsrs	r2, r2, #16
1000a0fa:	041b      	lsls	r3, r3, #16
1000a0fc:	4313      	orrs	r3, r2
1000a0fe:	c508      	stmia	r5!, {r3}
1000a100:	45a4      	cmp	ip, r4
1000a102:	d8e8      	bhi.n	1000a0d6 <__multiply+0xc6>
1000a104:	4663      	mov	r3, ip
1000a106:	9301      	str	r3, [sp, #4]
1000a108:	465b      	mov	r3, fp
1000a10a:	9a03      	ldr	r2, [sp, #12]
1000a10c:	509f      	str	r7, [r3, r2]
1000a10e:	464b      	mov	r3, r9
1000a110:	6818      	ldr	r0, [r3, #0]
1000a112:	0c00      	lsrs	r0, r0, #16
1000a114:	d0cd      	beq.n	1000a0b2 <__multiply+0xa2>
1000a116:	465b      	mov	r3, fp
1000a118:	2700      	movs	r7, #0
1000a11a:	681b      	ldr	r3, [r3, #0]
1000a11c:	465c      	mov	r4, fp
1000a11e:	0019      	movs	r1, r3
1000a120:	003e      	movs	r6, r7
1000a122:	9d04      	ldr	r5, [sp, #16]
1000a124:	9a01      	ldr	r2, [sp, #4]
1000a126:	882f      	ldrh	r7, [r5, #0]
1000a128:	0c09      	lsrs	r1, r1, #16
1000a12a:	4347      	muls	r7, r0
1000a12c:	187f      	adds	r7, r7, r1
1000a12e:	19bf      	adds	r7, r7, r6
1000a130:	041b      	lsls	r3, r3, #16
1000a132:	0439      	lsls	r1, r7, #16
1000a134:	0c1b      	lsrs	r3, r3, #16
1000a136:	430b      	orrs	r3, r1
1000a138:	6023      	str	r3, [r4, #0]
1000a13a:	cd08      	ldmia	r5!, {r3}
1000a13c:	6861      	ldr	r1, [r4, #4]
1000a13e:	0c1b      	lsrs	r3, r3, #16
1000a140:	4343      	muls	r3, r0
1000a142:	040e      	lsls	r6, r1, #16
1000a144:	0c36      	lsrs	r6, r6, #16
1000a146:	199b      	adds	r3, r3, r6
1000a148:	0c3f      	lsrs	r7, r7, #16
1000a14a:	19db      	adds	r3, r3, r7
1000a14c:	0c1e      	lsrs	r6, r3, #16
1000a14e:	3404      	adds	r4, #4
1000a150:	42aa      	cmp	r2, r5
1000a152:	d8e8      	bhi.n	1000a126 <__multiply+0x116>
1000a154:	9201      	str	r2, [sp, #4]
1000a156:	465a      	mov	r2, fp
1000a158:	9903      	ldr	r1, [sp, #12]
1000a15a:	5053      	str	r3, [r2, r1]
1000a15c:	2304      	movs	r3, #4
1000a15e:	469c      	mov	ip, r3
1000a160:	9b02      	ldr	r3, [sp, #8]
1000a162:	44e1      	add	r9, ip
1000a164:	44e3      	add	fp, ip
1000a166:	454b      	cmp	r3, r9
1000a168:	d8aa      	bhi.n	1000a0c0 <__multiply+0xb0>
1000a16a:	4647      	mov	r7, r8
1000a16c:	4653      	mov	r3, sl
1000a16e:	2f00      	cmp	r7, #0
1000a170:	dc03      	bgt.n	1000a17a <__multiply+0x16a>
1000a172:	e006      	b.n	1000a182 <__multiply+0x172>
1000a174:	3f01      	subs	r7, #1
1000a176:	2f00      	cmp	r7, #0
1000a178:	d003      	beq.n	1000a182 <__multiply+0x172>
1000a17a:	3b04      	subs	r3, #4
1000a17c:	681a      	ldr	r2, [r3, #0]
1000a17e:	2a00      	cmp	r2, #0
1000a180:	d0f8      	beq.n	1000a174 <__multiply+0x164>
1000a182:	9b05      	ldr	r3, [sp, #20]
1000a184:	0018      	movs	r0, r3
1000a186:	611f      	str	r7, [r3, #16]
1000a188:	b007      	add	sp, #28
1000a18a:	bcf0      	pop	{r4, r5, r6, r7}
1000a18c:	46bb      	mov	fp, r7
1000a18e:	46b2      	mov	sl, r6
1000a190:	46a9      	mov	r9, r5
1000a192:	46a0      	mov	r8, r4
1000a194:	bdf0      	pop	{r4, r5, r6, r7, pc}
1000a196:	46b8      	mov	r8, r7
1000a198:	9601      	str	r6, [sp, #4]
1000a19a:	e791      	b.n	1000a0c0 <__multiply+0xb0>
1000a19c:	215e      	movs	r1, #94	; 0x5e
1000a19e:	2200      	movs	r2, #0
1000a1a0:	4b02      	ldr	r3, [pc, #8]	; (1000a1ac <__multiply+0x19c>)
1000a1a2:	4803      	ldr	r0, [pc, #12]	; (1000a1b0 <__multiply+0x1a0>)
1000a1a4:	31ff      	adds	r1, #255	; 0xff
1000a1a6:	f7f8 fc9b 	bl	10002ae0 <__assert_func>
1000a1aa:	46c0      	nop			; (mov r8, r8)
1000a1ac:	1000c3c0 	.word	0x1000c3c0
1000a1b0:	1000c574 	.word	0x1000c574

1000a1b4 <__pow5mult>:
1000a1b4:	b5f8      	push	{r3, r4, r5, r6, r7, lr}
1000a1b6:	2303      	movs	r3, #3
1000a1b8:	4647      	mov	r7, r8
1000a1ba:	0014      	movs	r4, r2
1000a1bc:	46ce      	mov	lr, r9
1000a1be:	001a      	movs	r2, r3
1000a1c0:	b580      	push	{r7, lr}
1000a1c2:	000e      	movs	r6, r1
1000a1c4:	0007      	movs	r7, r0
1000a1c6:	4022      	ands	r2, r4
1000a1c8:	4223      	tst	r3, r4
1000a1ca:	d138      	bne.n	1000a23e <__pow5mult+0x8a>
1000a1cc:	10a4      	asrs	r4, r4, #2
1000a1ce:	d025      	beq.n	1000a21c <__pow5mult+0x68>
1000a1d0:	6cbd      	ldr	r5, [r7, #72]	; 0x48
1000a1d2:	2d00      	cmp	r5, #0
1000a1d4:	d03c      	beq.n	1000a250 <__pow5mult+0x9c>
1000a1d6:	2301      	movs	r3, #1
1000a1d8:	4698      	mov	r8, r3
1000a1da:	2300      	movs	r3, #0
1000a1dc:	4699      	mov	r9, r3
1000a1de:	4643      	mov	r3, r8
1000a1e0:	4223      	tst	r3, r4
1000a1e2:	d108      	bne.n	1000a1f6 <__pow5mult+0x42>
1000a1e4:	1064      	asrs	r4, r4, #1
1000a1e6:	d019      	beq.n	1000a21c <__pow5mult+0x68>
1000a1e8:	6828      	ldr	r0, [r5, #0]
1000a1ea:	2800      	cmp	r0, #0
1000a1ec:	d01b      	beq.n	1000a226 <__pow5mult+0x72>
1000a1ee:	0005      	movs	r5, r0
1000a1f0:	4643      	mov	r3, r8
1000a1f2:	4223      	tst	r3, r4
1000a1f4:	d0f6      	beq.n	1000a1e4 <__pow5mult+0x30>
1000a1f6:	002a      	movs	r2, r5
1000a1f8:	0031      	movs	r1, r6
1000a1fa:	0038      	movs	r0, r7
1000a1fc:	f7ff ff08 	bl	1000a010 <__multiply>
1000a200:	2e00      	cmp	r6, #0
1000a202:	d01a      	beq.n	1000a23a <__pow5mult+0x86>
1000a204:	6cfa      	ldr	r2, [r7, #76]	; 0x4c
1000a206:	6873      	ldr	r3, [r6, #4]
1000a208:	4694      	mov	ip, r2
1000a20a:	009b      	lsls	r3, r3, #2
1000a20c:	4463      	add	r3, ip
1000a20e:	681a      	ldr	r2, [r3, #0]
1000a210:	1064      	asrs	r4, r4, #1
1000a212:	6032      	str	r2, [r6, #0]
1000a214:	601e      	str	r6, [r3, #0]
1000a216:	0006      	movs	r6, r0
1000a218:	2c00      	cmp	r4, #0
1000a21a:	d1e5      	bne.n	1000a1e8 <__pow5mult+0x34>
1000a21c:	0030      	movs	r0, r6
1000a21e:	bcc0      	pop	{r6, r7}
1000a220:	46b9      	mov	r9, r7
1000a222:	46b0      	mov	r8, r6
1000a224:	bdf8      	pop	{r3, r4, r5, r6, r7, pc}
1000a226:	002a      	movs	r2, r5
1000a228:	0029      	movs	r1, r5
1000a22a:	0038      	movs	r0, r7
1000a22c:	f7ff fef0 	bl	1000a010 <__multiply>
1000a230:	464b      	mov	r3, r9
1000a232:	6028      	str	r0, [r5, #0]
1000a234:	0005      	movs	r5, r0
1000a236:	6003      	str	r3, [r0, #0]
1000a238:	e7da      	b.n	1000a1f0 <__pow5mult+0x3c>
1000a23a:	0006      	movs	r6, r0
1000a23c:	e7d2      	b.n	1000a1e4 <__pow5mult+0x30>
1000a23e:	4b0f      	ldr	r3, [pc, #60]	; (1000a27c <__pow5mult+0xc8>)
1000a240:	3a01      	subs	r2, #1
1000a242:	0092      	lsls	r2, r2, #2
1000a244:	58d2      	ldr	r2, [r2, r3]
1000a246:	2300      	movs	r3, #0
1000a248:	f7ff fdbc 	bl	10009dc4 <__multadd>
1000a24c:	0006      	movs	r6, r0
1000a24e:	e7bd      	b.n	1000a1cc <__pow5mult+0x18>
1000a250:	2101      	movs	r1, #1
1000a252:	0038      	movs	r0, r7
1000a254:	f7ff fd84 	bl	10009d60 <_Balloc>
1000a258:	1e05      	subs	r5, r0, #0
1000a25a:	d007      	beq.n	1000a26c <__pow5mult+0xb8>
1000a25c:	4b08      	ldr	r3, [pc, #32]	; (1000a280 <__pow5mult+0xcc>)
1000a25e:	6143      	str	r3, [r0, #20]
1000a260:	2301      	movs	r3, #1
1000a262:	6103      	str	r3, [r0, #16]
1000a264:	2300      	movs	r3, #0
1000a266:	64b8      	str	r0, [r7, #72]	; 0x48
1000a268:	6003      	str	r3, [r0, #0]
1000a26a:	e7b4      	b.n	1000a1d6 <__pow5mult+0x22>
1000a26c:	21a0      	movs	r1, #160	; 0xa0
1000a26e:	2200      	movs	r2, #0
1000a270:	4b04      	ldr	r3, [pc, #16]	; (1000a284 <__pow5mult+0xd0>)
1000a272:	4805      	ldr	r0, [pc, #20]	; (1000a288 <__pow5mult+0xd4>)
1000a274:	0049      	lsls	r1, r1, #1
1000a276:	f7f8 fc33 	bl	10002ae0 <__assert_func>
1000a27a:	46c0      	nop			; (mov r8, r8)
1000a27c:	1000c6e8 	.word	0x1000c6e8
1000a280:	00000271 	.word	0x00000271
1000a284:	1000c3c0 	.word	0x1000c3c0
1000a288:	1000c574 	.word	0x1000c574

1000a28c <__lshift>:
1000a28c:	b5f0      	push	{r4, r5, r6, r7, lr}
1000a28e:	000c      	movs	r4, r1
1000a290:	6923      	ldr	r3, [r4, #16]
1000a292:	4645      	mov	r5, r8
1000a294:	46de      	mov	lr, fp
1000a296:	4657      	mov	r7, sl
1000a298:	464e      	mov	r6, r9
1000a29a:	4698      	mov	r8, r3
1000a29c:	b5e0      	push	{r5, r6, r7, lr}
1000a29e:	1157      	asrs	r7, r2, #5
1000a2a0:	44b8      	add	r8, r7
1000a2a2:	4643      	mov	r3, r8
1000a2a4:	1c5d      	adds	r5, r3, #1
1000a2a6:	68a3      	ldr	r3, [r4, #8]
1000a2a8:	4683      	mov	fp, r0
1000a2aa:	0016      	movs	r6, r2
1000a2ac:	6849      	ldr	r1, [r1, #4]
1000a2ae:	b083      	sub	sp, #12
1000a2b0:	429d      	cmp	r5, r3
1000a2b2:	dd03      	ble.n	1000a2bc <__lshift+0x30>
1000a2b4:	3101      	adds	r1, #1
1000a2b6:	005b      	lsls	r3, r3, #1
1000a2b8:	429d      	cmp	r5, r3
1000a2ba:	dcfb      	bgt.n	1000a2b4 <__lshift+0x28>
1000a2bc:	4658      	mov	r0, fp
1000a2be:	f7ff fd4f 	bl	10009d60 <_Balloc>
1000a2c2:	4684      	mov	ip, r0
1000a2c4:	2800      	cmp	r0, #0
1000a2c6:	d053      	beq.n	1000a370 <__lshift+0xe4>
1000a2c8:	3014      	adds	r0, #20
1000a2ca:	0003      	movs	r3, r0
1000a2cc:	9001      	str	r0, [sp, #4]
1000a2ce:	2f00      	cmp	r7, #0
1000a2d0:	dd0c      	ble.n	1000a2ec <__lshift+0x60>
1000a2d2:	00bf      	lsls	r7, r7, #2
1000a2d4:	003a      	movs	r2, r7
1000a2d6:	2100      	movs	r1, #0
1000a2d8:	3214      	adds	r2, #20
1000a2da:	4462      	add	r2, ip
1000a2dc:	c302      	stmia	r3!, {r1}
1000a2de:	4293      	cmp	r3, r2
1000a2e0:	d1fc      	bne.n	1000a2dc <__lshift+0x50>
1000a2e2:	9b01      	ldr	r3, [sp, #4]
1000a2e4:	4699      	mov	r9, r3
1000a2e6:	44b9      	add	r9, r7
1000a2e8:	464b      	mov	r3, r9
1000a2ea:	9301      	str	r3, [sp, #4]
1000a2ec:	6922      	ldr	r2, [r4, #16]
1000a2ee:	0023      	movs	r3, r4
1000a2f0:	0091      	lsls	r1, r2, #2
1000a2f2:	221f      	movs	r2, #31
1000a2f4:	0010      	movs	r0, r2
1000a2f6:	3314      	adds	r3, #20
1000a2f8:	4030      	ands	r0, r6
1000a2fa:	4681      	mov	r9, r0
1000a2fc:	1859      	adds	r1, r3, r1
1000a2fe:	4232      	tst	r2, r6
1000a300:	d030      	beq.n	1000a364 <__lshift+0xd8>
1000a302:	3201      	adds	r2, #1
1000a304:	1a12      	subs	r2, r2, r0
1000a306:	4692      	mov	sl, r2
1000a308:	2600      	movs	r6, #0
1000a30a:	9f01      	ldr	r7, [sp, #4]
1000a30c:	4648      	mov	r0, r9
1000a30e:	681a      	ldr	r2, [r3, #0]
1000a310:	4082      	lsls	r2, r0
1000a312:	4332      	orrs	r2, r6
1000a314:	c704      	stmia	r7!, {r2}
1000a316:	4652      	mov	r2, sl
1000a318:	cb40      	ldmia	r3!, {r6}
1000a31a:	40d6      	lsrs	r6, r2
1000a31c:	4299      	cmp	r1, r3
1000a31e:	d8f5      	bhi.n	1000a30c <__lshift+0x80>
1000a320:	0022      	movs	r2, r4
1000a322:	3215      	adds	r2, #21
1000a324:	2304      	movs	r3, #4
1000a326:	4291      	cmp	r1, r2
1000a328:	d304      	bcc.n	1000a334 <__lshift+0xa8>
1000a32a:	1b0b      	subs	r3, r1, r4
1000a32c:	3b15      	subs	r3, #21
1000a32e:	089b      	lsrs	r3, r3, #2
1000a330:	3301      	adds	r3, #1
1000a332:	009b      	lsls	r3, r3, #2
1000a334:	9a01      	ldr	r2, [sp, #4]
1000a336:	50d6      	str	r6, [r2, r3]
1000a338:	2e00      	cmp	r6, #0
1000a33a:	d000      	beq.n	1000a33e <__lshift+0xb2>
1000a33c:	46a8      	mov	r8, r5
1000a33e:	4663      	mov	r3, ip
1000a340:	4642      	mov	r2, r8
1000a342:	611a      	str	r2, [r3, #16]
1000a344:	6863      	ldr	r3, [r4, #4]
1000a346:	4660      	mov	r0, ip
1000a348:	009a      	lsls	r2, r3, #2
1000a34a:	465b      	mov	r3, fp
1000a34c:	6cdb      	ldr	r3, [r3, #76]	; 0x4c
1000a34e:	189b      	adds	r3, r3, r2
1000a350:	681a      	ldr	r2, [r3, #0]
1000a352:	6022      	str	r2, [r4, #0]
1000a354:	601c      	str	r4, [r3, #0]
1000a356:	b003      	add	sp, #12
1000a358:	bcf0      	pop	{r4, r5, r6, r7}
1000a35a:	46bb      	mov	fp, r7
1000a35c:	46b2      	mov	sl, r6
1000a35e:	46a9      	mov	r9, r5
1000a360:	46a0      	mov	r8, r4
1000a362:	bdf0      	pop	{r4, r5, r6, r7, pc}
1000a364:	9801      	ldr	r0, [sp, #4]
1000a366:	cb04      	ldmia	r3!, {r2}
1000a368:	c004      	stmia	r0!, {r2}
1000a36a:	4299      	cmp	r1, r3
1000a36c:	d8fb      	bhi.n	1000a366 <__lshift+0xda>
1000a36e:	e7e6      	b.n	1000a33e <__lshift+0xb2>
1000a370:	21da      	movs	r1, #218	; 0xda
1000a372:	2200      	movs	r2, #0
1000a374:	4b02      	ldr	r3, [pc, #8]	; (1000a380 <__lshift+0xf4>)
1000a376:	4803      	ldr	r0, [pc, #12]	; (1000a384 <__lshift+0xf8>)
1000a378:	31ff      	adds	r1, #255	; 0xff
1000a37a:	f7f8 fbb1 	bl	10002ae0 <__assert_func>
1000a37e:	46c0      	nop			; (mov r8, r8)
1000a380:	1000c3c0 	.word	0x1000c3c0
1000a384:	1000c574 	.word	0x1000c574

1000a388 <__mcmp>:
1000a388:	6903      	ldr	r3, [r0, #16]
1000a38a:	690a      	ldr	r2, [r1, #16]
1000a38c:	b530      	push	{r4, r5, lr}
1000a38e:	0005      	movs	r5, r0
1000a390:	1a98      	subs	r0, r3, r2
1000a392:	4293      	cmp	r3, r2
1000a394:	d111      	bne.n	1000a3ba <__mcmp+0x32>
1000a396:	0092      	lsls	r2, r2, #2
1000a398:	3514      	adds	r5, #20
1000a39a:	3114      	adds	r1, #20
1000a39c:	18ab      	adds	r3, r5, r2
1000a39e:	1889      	adds	r1, r1, r2
1000a3a0:	e001      	b.n	1000a3a6 <__mcmp+0x1e>
1000a3a2:	429d      	cmp	r5, r3
1000a3a4:	d209      	bcs.n	1000a3ba <__mcmp+0x32>
1000a3a6:	3b04      	subs	r3, #4
1000a3a8:	3904      	subs	r1, #4
1000a3aa:	681a      	ldr	r2, [r3, #0]
1000a3ac:	680c      	ldr	r4, [r1, #0]
1000a3ae:	42a2      	cmp	r2, r4
1000a3b0:	d0f7      	beq.n	1000a3a2 <__mcmp+0x1a>
1000a3b2:	42a2      	cmp	r2, r4
1000a3b4:	4192      	sbcs	r2, r2
1000a3b6:	2001      	movs	r0, #1
1000a3b8:	4310      	orrs	r0, r2
1000a3ba:	bd30      	pop	{r4, r5, pc}

1000a3bc <__mdiff>:
1000a3bc:	b5f0      	push	{r4, r5, r6, r7, lr}
1000a3be:	464e      	mov	r6, r9
1000a3c0:	4645      	mov	r5, r8
1000a3c2:	46de      	mov	lr, fp
1000a3c4:	4657      	mov	r7, sl
1000a3c6:	b5e0      	push	{r5, r6, r7, lr}
1000a3c8:	690b      	ldr	r3, [r1, #16]
1000a3ca:	4688      	mov	r8, r1
1000a3cc:	6911      	ldr	r1, [r2, #16]
1000a3ce:	4691      	mov	r9, r2
1000a3d0:	b083      	sub	sp, #12
1000a3d2:	1a5c      	subs	r4, r3, r1
1000a3d4:	428b      	cmp	r3, r1
1000a3d6:	d000      	beq.n	1000a3da <__mdiff+0x1e>
1000a3d8:	e095      	b.n	1000a506 <__mdiff+0x14a>
1000a3da:	4646      	mov	r6, r8
1000a3dc:	0089      	lsls	r1, r1, #2
1000a3de:	3614      	adds	r6, #20
1000a3e0:	3214      	adds	r2, #20
1000a3e2:	1873      	adds	r3, r6, r1
1000a3e4:	1852      	adds	r2, r2, r1
1000a3e6:	e002      	b.n	1000a3ee <__mdiff+0x32>
1000a3e8:	429e      	cmp	r6, r3
1000a3ea:	d300      	bcc.n	1000a3ee <__mdiff+0x32>
1000a3ec:	e08f      	b.n	1000a50e <__mdiff+0x152>
1000a3ee:	3b04      	subs	r3, #4
1000a3f0:	3a04      	subs	r2, #4
1000a3f2:	681d      	ldr	r5, [r3, #0]
1000a3f4:	6811      	ldr	r1, [r2, #0]
1000a3f6:	428d      	cmp	r5, r1
1000a3f8:	d0f6      	beq.n	1000a3e8 <__mdiff+0x2c>
1000a3fa:	d200      	bcs.n	1000a3fe <__mdiff+0x42>
1000a3fc:	e07e      	b.n	1000a4fc <__mdiff+0x140>
1000a3fe:	4643      	mov	r3, r8
1000a400:	6859      	ldr	r1, [r3, #4]
1000a402:	f7ff fcad 	bl	10009d60 <_Balloc>
1000a406:	2800      	cmp	r0, #0
1000a408:	d100      	bne.n	1000a40c <__mdiff+0x50>
1000a40a:	e08a      	b.n	1000a522 <__mdiff+0x166>
1000a40c:	4643      	mov	r3, r8
1000a40e:	691a      	ldr	r2, [r3, #16]
1000a410:	2314      	movs	r3, #20
1000a412:	4443      	add	r3, r8
1000a414:	469c      	mov	ip, r3
1000a416:	60c4      	str	r4, [r0, #12]
1000a418:	001c      	movs	r4, r3
1000a41a:	464b      	mov	r3, r9
1000a41c:	691b      	ldr	r3, [r3, #16]
1000a41e:	0091      	lsls	r1, r2, #2
1000a420:	009b      	lsls	r3, r3, #2
1000a422:	4461      	add	r1, ip
1000a424:	469c      	mov	ip, r3
1000a426:	2314      	movs	r3, #20
1000a428:	464f      	mov	r7, r9
1000a42a:	469a      	mov	sl, r3
1000a42c:	3714      	adds	r7, #20
1000a42e:	4482      	add	sl, r0
1000a430:	4653      	mov	r3, sl
1000a432:	44bc      	add	ip, r7
1000a434:	468b      	mov	fp, r1
1000a436:	46a2      	mov	sl, r4
1000a438:	2614      	movs	r6, #20
1000a43a:	4664      	mov	r4, ip
1000a43c:	2100      	movs	r1, #0
1000a43e:	4694      	mov	ip, r2
1000a440:	4642      	mov	r2, r8
1000a442:	4680      	mov	r8, r0
1000a444:	9301      	str	r3, [sp, #4]
1000a446:	5993      	ldr	r3, [r2, r6]
1000a448:	cf01      	ldmia	r7!, {r0}
1000a44a:	041d      	lsls	r5, r3, #16
1000a44c:	0c2d      	lsrs	r5, r5, #16
1000a44e:	1869      	adds	r1, r5, r1
1000a450:	0405      	lsls	r5, r0, #16
1000a452:	0c2d      	lsrs	r5, r5, #16
1000a454:	1b4d      	subs	r5, r1, r5
1000a456:	0c01      	lsrs	r1, r0, #16
1000a458:	4640      	mov	r0, r8
1000a45a:	0c1b      	lsrs	r3, r3, #16
1000a45c:	1a5b      	subs	r3, r3, r1
1000a45e:	1429      	asrs	r1, r5, #16
1000a460:	185b      	adds	r3, r3, r1
1000a462:	042d      	lsls	r5, r5, #16
1000a464:	1419      	asrs	r1, r3, #16
1000a466:	0c2d      	lsrs	r5, r5, #16
1000a468:	041b      	lsls	r3, r3, #16
1000a46a:	432b      	orrs	r3, r5
1000a46c:	5183      	str	r3, [r0, r6]
1000a46e:	3604      	adds	r6, #4
1000a470:	42bc      	cmp	r4, r7
1000a472:	d8e8      	bhi.n	1000a446 <__mdiff+0x8a>
1000a474:	4662      	mov	r2, ip
1000a476:	46a4      	mov	ip, r4
1000a478:	464d      	mov	r5, r9
1000a47a:	001c      	movs	r4, r3
1000a47c:	4663      	mov	r3, ip
1000a47e:	464e      	mov	r6, r9
1000a480:	1b5d      	subs	r5, r3, r5
1000a482:	3d15      	subs	r5, #21
1000a484:	3615      	adds	r6, #21
1000a486:	2300      	movs	r3, #0
1000a488:	08ad      	lsrs	r5, r5, #2
1000a48a:	45b4      	cmp	ip, r6
1000a48c:	d300      	bcc.n	1000a490 <__mdiff+0xd4>
1000a48e:	00ab      	lsls	r3, r5, #2
1000a490:	9f01      	ldr	r7, [sp, #4]
1000a492:	46b8      	mov	r8, r7
1000a494:	2704      	movs	r7, #4
1000a496:	4443      	add	r3, r8
1000a498:	45b4      	cmp	ip, r6
1000a49a:	d301      	bcc.n	1000a4a0 <__mdiff+0xe4>
1000a49c:	3501      	adds	r5, #1
1000a49e:	00af      	lsls	r7, r5, #2
1000a4a0:	9d01      	ldr	r5, [sp, #4]
1000a4a2:	44ba      	add	sl, r7
1000a4a4:	46ac      	mov	ip, r5
1000a4a6:	44bc      	add	ip, r7
1000a4a8:	45d3      	cmp	fp, sl
1000a4aa:	d918      	bls.n	1000a4de <__mdiff+0x122>
1000a4ac:	4665      	mov	r5, ip
1000a4ae:	4657      	mov	r7, sl
1000a4b0:	465e      	mov	r6, fp
1000a4b2:	cf10      	ldmia	r7!, {r4}
1000a4b4:	0423      	lsls	r3, r4, #16
1000a4b6:	0c1b      	lsrs	r3, r3, #16
1000a4b8:	185b      	adds	r3, r3, r1
1000a4ba:	1419      	asrs	r1, r3, #16
1000a4bc:	0c24      	lsrs	r4, r4, #16
1000a4be:	1864      	adds	r4, r4, r1
1000a4c0:	041b      	lsls	r3, r3, #16
1000a4c2:	1421      	asrs	r1, r4, #16
1000a4c4:	0c1b      	lsrs	r3, r3, #16
1000a4c6:	0424      	lsls	r4, r4, #16
1000a4c8:	431c      	orrs	r4, r3
1000a4ca:	c510      	stmia	r5!, {r4}
1000a4cc:	42be      	cmp	r6, r7
1000a4ce:	d8f0      	bhi.n	1000a4b2 <__mdiff+0xf6>
1000a4d0:	0031      	movs	r1, r6
1000a4d2:	4653      	mov	r3, sl
1000a4d4:	3901      	subs	r1, #1
1000a4d6:	1acb      	subs	r3, r1, r3
1000a4d8:	089b      	lsrs	r3, r3, #2
1000a4da:	009b      	lsls	r3, r3, #2
1000a4dc:	4463      	add	r3, ip
1000a4de:	2c00      	cmp	r4, #0
1000a4e0:	d104      	bne.n	1000a4ec <__mdiff+0x130>
1000a4e2:	3b04      	subs	r3, #4
1000a4e4:	6819      	ldr	r1, [r3, #0]
1000a4e6:	3a01      	subs	r2, #1
1000a4e8:	2900      	cmp	r1, #0
1000a4ea:	d0fa      	beq.n	1000a4e2 <__mdiff+0x126>
1000a4ec:	6102      	str	r2, [r0, #16]
1000a4ee:	b003      	add	sp, #12
1000a4f0:	bcf0      	pop	{r4, r5, r6, r7}
1000a4f2:	46bb      	mov	fp, r7
1000a4f4:	46b2      	mov	sl, r6
1000a4f6:	46a9      	mov	r9, r5
1000a4f8:	46a0      	mov	r8, r4
1000a4fa:	bdf0      	pop	{r4, r5, r6, r7, pc}
1000a4fc:	4643      	mov	r3, r8
1000a4fe:	2401      	movs	r4, #1
1000a500:	46c8      	mov	r8, r9
1000a502:	4699      	mov	r9, r3
1000a504:	e77b      	b.n	1000a3fe <__mdiff+0x42>
1000a506:	2c00      	cmp	r4, #0
1000a508:	dbf8      	blt.n	1000a4fc <__mdiff+0x140>
1000a50a:	2400      	movs	r4, #0
1000a50c:	e777      	b.n	1000a3fe <__mdiff+0x42>
1000a50e:	2100      	movs	r1, #0
1000a510:	f7ff fc26 	bl	10009d60 <_Balloc>
1000a514:	2800      	cmp	r0, #0
1000a516:	d00b      	beq.n	1000a530 <__mdiff+0x174>
1000a518:	2301      	movs	r3, #1
1000a51a:	6103      	str	r3, [r0, #16]
1000a51c:	2300      	movs	r3, #0
1000a51e:	6143      	str	r3, [r0, #20]
1000a520:	e7e5      	b.n	1000a4ee <__mdiff+0x132>
1000a522:	2190      	movs	r1, #144	; 0x90
1000a524:	2200      	movs	r2, #0
1000a526:	4b05      	ldr	r3, [pc, #20]	; (1000a53c <__mdiff+0x180>)
1000a528:	4805      	ldr	r0, [pc, #20]	; (1000a540 <__mdiff+0x184>)
1000a52a:	0089      	lsls	r1, r1, #2
1000a52c:	f7f8 fad8 	bl	10002ae0 <__assert_func>
1000a530:	2200      	movs	r2, #0
1000a532:	4b02      	ldr	r3, [pc, #8]	; (1000a53c <__mdiff+0x180>)
1000a534:	4903      	ldr	r1, [pc, #12]	; (1000a544 <__mdiff+0x188>)
1000a536:	4802      	ldr	r0, [pc, #8]	; (1000a540 <__mdiff+0x184>)
1000a538:	f7f8 fad2 	bl	10002ae0 <__assert_func>
1000a53c:	1000c3c0 	.word	0x1000c3c0
1000a540:	1000c574 	.word	0x1000c574
1000a544:	00000232 	.word	0x00000232

1000a548 <__ulp>:
1000a548:	4b0f      	ldr	r3, [pc, #60]	; (1000a588 <__ulp+0x40>)
1000a54a:	4019      	ands	r1, r3
1000a54c:	4b0f      	ldr	r3, [pc, #60]	; (1000a58c <__ulp+0x44>)
1000a54e:	469c      	mov	ip, r3
1000a550:	4461      	add	r1, ip
1000a552:	2900      	cmp	r1, #0
1000a554:	dd04      	ble.n	1000a560 <__ulp+0x18>
1000a556:	2200      	movs	r2, #0
1000a558:	000b      	movs	r3, r1
1000a55a:	0010      	movs	r0, r2
1000a55c:	0019      	movs	r1, r3
1000a55e:	4770      	bx	lr
1000a560:	4249      	negs	r1, r1
1000a562:	2200      	movs	r2, #0
1000a564:	2300      	movs	r3, #0
1000a566:	1509      	asrs	r1, r1, #20
1000a568:	2913      	cmp	r1, #19
1000a56a:	dc04      	bgt.n	1000a576 <__ulp+0x2e>
1000a56c:	2080      	movs	r0, #128	; 0x80
1000a56e:	0300      	lsls	r0, r0, #12
1000a570:	4108      	asrs	r0, r1
1000a572:	0003      	movs	r3, r0
1000a574:	e7f1      	b.n	1000a55a <__ulp+0x12>
1000a576:	3914      	subs	r1, #20
1000a578:	2001      	movs	r0, #1
1000a57a:	291e      	cmp	r1, #30
1000a57c:	dc02      	bgt.n	1000a584 <__ulp+0x3c>
1000a57e:	2080      	movs	r0, #128	; 0x80
1000a580:	0600      	lsls	r0, r0, #24
1000a582:	40c8      	lsrs	r0, r1
1000a584:	0002      	movs	r2, r0
1000a586:	e7e8      	b.n	1000a55a <__ulp+0x12>
1000a588:	7ff00000 	.word	0x7ff00000
1000a58c:	fcc00000 	.word	0xfcc00000

1000a590 <__b2d>:
1000a590:	b5f8      	push	{r3, r4, r5, r6, r7, lr}
1000a592:	0006      	movs	r6, r0
1000a594:	4647      	mov	r7, r8
1000a596:	46ce      	mov	lr, r9
1000a598:	6904      	ldr	r4, [r0, #16]
1000a59a:	3614      	adds	r6, #20
1000a59c:	00a4      	lsls	r4, r4, #2
1000a59e:	1934      	adds	r4, r6, r4
1000a5a0:	1f23      	subs	r3, r4, #4
1000a5a2:	681d      	ldr	r5, [r3, #0]
1000a5a4:	b580      	push	{r7, lr}
1000a5a6:	0028      	movs	r0, r5
1000a5a8:	000f      	movs	r7, r1
1000a5aa:	4698      	mov	r8, r3
1000a5ac:	f7ff fcb6 	bl	10009f1c <__hi0bits>
1000a5b0:	2120      	movs	r1, #32
1000a5b2:	1a0a      	subs	r2, r1, r0
1000a5b4:	603a      	str	r2, [r7, #0]
1000a5b6:	280a      	cmp	r0, #10
1000a5b8:	dd2e      	ble.n	1000a618 <__b2d+0x88>
1000a5ba:	4546      	cmp	r6, r8
1000a5bc:	d223      	bcs.n	1000a606 <__b2d+0x76>
1000a5be:	2308      	movs	r3, #8
1000a5c0:	425b      	negs	r3, r3
1000a5c2:	4698      	mov	r8, r3
1000a5c4:	44a0      	add	r8, r4
1000a5c6:	4643      	mov	r3, r8
1000a5c8:	681f      	ldr	r7, [r3, #0]
1000a5ca:	230b      	movs	r3, #11
1000a5cc:	425b      	negs	r3, r3
1000a5ce:	469c      	mov	ip, r3
1000a5d0:	4484      	add	ip, r0
1000a5d2:	280b      	cmp	r0, #11
1000a5d4:	d01c      	beq.n	1000a610 <__b2d+0x80>
1000a5d6:	4663      	mov	r3, ip
1000a5d8:	409d      	lsls	r5, r3
1000a5da:	1ac9      	subs	r1, r1, r3
1000a5dc:	003b      	movs	r3, r7
1000a5de:	40cb      	lsrs	r3, r1
1000a5e0:	481c      	ldr	r0, [pc, #112]	; (1000a654 <__b2d+0xc4>)
1000a5e2:	431d      	orrs	r5, r3
1000a5e4:	4328      	orrs	r0, r5
1000a5e6:	0003      	movs	r3, r0
1000a5e8:	4546      	cmp	r6, r8
1000a5ea:	d22f      	bcs.n	1000a64c <__b2d+0xbc>
1000a5ec:	3c0c      	subs	r4, #12
1000a5ee:	6820      	ldr	r0, [r4, #0]
1000a5f0:	40c8      	lsrs	r0, r1
1000a5f2:	4661      	mov	r1, ip
1000a5f4:	408f      	lsls	r7, r1
1000a5f6:	4307      	orrs	r7, r0
1000a5f8:	003a      	movs	r2, r7
1000a5fa:	0010      	movs	r0, r2
1000a5fc:	0019      	movs	r1, r3
1000a5fe:	bcc0      	pop	{r6, r7}
1000a600:	46b9      	mov	r9, r7
1000a602:	46b0      	mov	r8, r6
1000a604:	bdf8      	pop	{r3, r4, r5, r6, r7, pc}
1000a606:	0003      	movs	r3, r0
1000a608:	2700      	movs	r7, #0
1000a60a:	3b0b      	subs	r3, #11
1000a60c:	280b      	cmp	r0, #11
1000a60e:	d117      	bne.n	1000a640 <__b2d+0xb0>
1000a610:	4910      	ldr	r1, [pc, #64]	; (1000a654 <__b2d+0xc4>)
1000a612:	4329      	orrs	r1, r5
1000a614:	000b      	movs	r3, r1
1000a616:	e7ef      	b.n	1000a5f8 <__b2d+0x68>
1000a618:	002f      	movs	r7, r5
1000a61a:	3915      	subs	r1, #21
1000a61c:	1a0b      	subs	r3, r1, r0
1000a61e:	40df      	lsrs	r7, r3
1000a620:	490c      	ldr	r1, [pc, #48]	; (1000a654 <__b2d+0xc4>)
1000a622:	4699      	mov	r9, r3
1000a624:	4339      	orrs	r1, r7
1000a626:	000b      	movs	r3, r1
1000a628:	2700      	movs	r7, #0
1000a62a:	4546      	cmp	r6, r8
1000a62c:	d203      	bcs.n	1000a636 <__b2d+0xa6>
1000a62e:	4649      	mov	r1, r9
1000a630:	3c08      	subs	r4, #8
1000a632:	6827      	ldr	r7, [r4, #0]
1000a634:	40cf      	lsrs	r7, r1
1000a636:	3015      	adds	r0, #21
1000a638:	4085      	lsls	r5, r0
1000a63a:	433d      	orrs	r5, r7
1000a63c:	002a      	movs	r2, r5
1000a63e:	e7dc      	b.n	1000a5fa <__b2d+0x6a>
1000a640:	409d      	lsls	r5, r3
1000a642:	4904      	ldr	r1, [pc, #16]	; (1000a654 <__b2d+0xc4>)
1000a644:	2700      	movs	r7, #0
1000a646:	4329      	orrs	r1, r5
1000a648:	000b      	movs	r3, r1
1000a64a:	e7d5      	b.n	1000a5f8 <__b2d+0x68>
1000a64c:	4661      	mov	r1, ip
1000a64e:	408f      	lsls	r7, r1
1000a650:	e7d2      	b.n	1000a5f8 <__b2d+0x68>
1000a652:	46c0      	nop			; (mov r8, r8)
1000a654:	3ff00000 	.word	0x3ff00000

1000a658 <__d2b>:
1000a658:	b570      	push	{r4, r5, r6, lr}
1000a65a:	2101      	movs	r1, #1
1000a65c:	b082      	sub	sp, #8
1000a65e:	0015      	movs	r5, r2
1000a660:	001c      	movs	r4, r3
1000a662:	f7ff fb7d 	bl	10009d60 <_Balloc>
1000a666:	1e06      	subs	r6, r0, #0
1000a668:	d04f      	beq.n	1000a70a <__d2b+0xb2>
1000a66a:	0323      	lsls	r3, r4, #12
1000a66c:	0064      	lsls	r4, r4, #1
1000a66e:	0b1b      	lsrs	r3, r3, #12
1000a670:	0d64      	lsrs	r4, r4, #21
1000a672:	d002      	beq.n	1000a67a <__d2b+0x22>
1000a674:	2280      	movs	r2, #128	; 0x80
1000a676:	0352      	lsls	r2, r2, #13
1000a678:	4313      	orrs	r3, r2
1000a67a:	9301      	str	r3, [sp, #4]
1000a67c:	2d00      	cmp	r5, #0
1000a67e:	d117      	bne.n	1000a6b0 <__d2b+0x58>
1000a680:	a801      	add	r0, sp, #4
1000a682:	f7ff fc67 	bl	10009f54 <__lo0bits>
1000a686:	9b01      	ldr	r3, [sp, #4]
1000a688:	2501      	movs	r5, #1
1000a68a:	6173      	str	r3, [r6, #20]
1000a68c:	2301      	movs	r3, #1
1000a68e:	3020      	adds	r0, #32
1000a690:	6133      	str	r3, [r6, #16]
1000a692:	2c00      	cmp	r4, #0
1000a694:	d024      	beq.n	1000a6e0 <__d2b+0x88>
1000a696:	4b20      	ldr	r3, [pc, #128]	; (1000a718 <__d2b+0xc0>)
1000a698:	469c      	mov	ip, r3
1000a69a:	9b06      	ldr	r3, [sp, #24]
1000a69c:	4464      	add	r4, ip
1000a69e:	1824      	adds	r4, r4, r0
1000a6a0:	601c      	str	r4, [r3, #0]
1000a6a2:	2335      	movs	r3, #53	; 0x35
1000a6a4:	1a18      	subs	r0, r3, r0
1000a6a6:	9b07      	ldr	r3, [sp, #28]
1000a6a8:	6018      	str	r0, [r3, #0]
1000a6aa:	0030      	movs	r0, r6
1000a6ac:	b002      	add	sp, #8
1000a6ae:	bd70      	pop	{r4, r5, r6, pc}
1000a6b0:	4668      	mov	r0, sp
1000a6b2:	9500      	str	r5, [sp, #0]
1000a6b4:	f7ff fc4e 	bl	10009f54 <__lo0bits>
1000a6b8:	2800      	cmp	r0, #0
1000a6ba:	d022      	beq.n	1000a702 <__d2b+0xaa>
1000a6bc:	9d01      	ldr	r5, [sp, #4]
1000a6be:	2320      	movs	r3, #32
1000a6c0:	002a      	movs	r2, r5
1000a6c2:	1a1b      	subs	r3, r3, r0
1000a6c4:	409a      	lsls	r2, r3
1000a6c6:	0013      	movs	r3, r2
1000a6c8:	40c5      	lsrs	r5, r0
1000a6ca:	9a00      	ldr	r2, [sp, #0]
1000a6cc:	9501      	str	r5, [sp, #4]
1000a6ce:	4313      	orrs	r3, r2
1000a6d0:	6173      	str	r3, [r6, #20]
1000a6d2:	61b5      	str	r5, [r6, #24]
1000a6d4:	1e6b      	subs	r3, r5, #1
1000a6d6:	419d      	sbcs	r5, r3
1000a6d8:	3501      	adds	r5, #1
1000a6da:	6135      	str	r5, [r6, #16]
1000a6dc:	2c00      	cmp	r4, #0
1000a6de:	d1da      	bne.n	1000a696 <__d2b+0x3e>
1000a6e0:	4b0e      	ldr	r3, [pc, #56]	; (1000a71c <__d2b+0xc4>)
1000a6e2:	469c      	mov	ip, r3
1000a6e4:	9b06      	ldr	r3, [sp, #24]
1000a6e6:	4460      	add	r0, ip
1000a6e8:	6018      	str	r0, [r3, #0]
1000a6ea:	4b0d      	ldr	r3, [pc, #52]	; (1000a720 <__d2b+0xc8>)
1000a6ec:	18eb      	adds	r3, r5, r3
1000a6ee:	009b      	lsls	r3, r3, #2
1000a6f0:	18f3      	adds	r3, r6, r3
1000a6f2:	6958      	ldr	r0, [r3, #20]
1000a6f4:	f7ff fc12 	bl	10009f1c <__hi0bits>
1000a6f8:	016d      	lsls	r5, r5, #5
1000a6fa:	9b07      	ldr	r3, [sp, #28]
1000a6fc:	1a2d      	subs	r5, r5, r0
1000a6fe:	601d      	str	r5, [r3, #0]
1000a700:	e7d3      	b.n	1000a6aa <__d2b+0x52>
1000a702:	9b00      	ldr	r3, [sp, #0]
1000a704:	9d01      	ldr	r5, [sp, #4]
1000a706:	6173      	str	r3, [r6, #20]
1000a708:	e7e3      	b.n	1000a6d2 <__d2b+0x7a>
1000a70a:	2200      	movs	r2, #0
1000a70c:	4b05      	ldr	r3, [pc, #20]	; (1000a724 <__d2b+0xcc>)
1000a70e:	4906      	ldr	r1, [pc, #24]	; (1000a728 <__d2b+0xd0>)
1000a710:	4806      	ldr	r0, [pc, #24]	; (1000a72c <__d2b+0xd4>)
1000a712:	f7f8 f9e5 	bl	10002ae0 <__assert_func>
1000a716:	46c0      	nop			; (mov r8, r8)
1000a718:	fffffbcd 	.word	0xfffffbcd
1000a71c:	fffffbce 	.word	0xfffffbce
1000a720:	3fffffff 	.word	0x3fffffff
1000a724:	1000c3c0 	.word	0x1000c3c0
1000a728:	0000030a 	.word	0x0000030a
1000a72c:	1000c574 	.word	0x1000c574

1000a730 <__ratio>:
1000a730:	b5f0      	push	{r4, r5, r6, r7, lr}
1000a732:	46ce      	mov	lr, r9
1000a734:	4647      	mov	r7, r8
1000a736:	b580      	push	{r7, lr}
1000a738:	b085      	sub	sp, #20
1000a73a:	4688      	mov	r8, r1
1000a73c:	a902      	add	r1, sp, #8
1000a73e:	4681      	mov	r9, r0
1000a740:	f7ff ff26 	bl	1000a590 <__b2d>
1000a744:	0004      	movs	r4, r0
1000a746:	000d      	movs	r5, r1
1000a748:	4640      	mov	r0, r8
1000a74a:	a903      	add	r1, sp, #12
1000a74c:	f7ff ff20 	bl	1000a590 <__b2d>
1000a750:	0002      	movs	r2, r0
1000a752:	000b      	movs	r3, r1
1000a754:	4640      	mov	r0, r8
1000a756:	4649      	mov	r1, r9
1000a758:	6900      	ldr	r0, [r0, #16]
1000a75a:	6909      	ldr	r1, [r1, #16]
1000a75c:	9200      	str	r2, [sp, #0]
1000a75e:	9301      	str	r3, [sp, #4]
1000a760:	1a09      	subs	r1, r1, r0
1000a762:	0149      	lsls	r1, r1, #5
1000a764:	468c      	mov	ip, r1
1000a766:	9802      	ldr	r0, [sp, #8]
1000a768:	9903      	ldr	r1, [sp, #12]
1000a76a:	1a40      	subs	r0, r0, r1
1000a76c:	0001      	movs	r1, r0
1000a76e:	4461      	add	r1, ip
1000a770:	2900      	cmp	r1, #0
1000a772:	dd0b      	ble.n	1000a78c <__ratio+0x5c>
1000a774:	0509      	lsls	r1, r1, #20
1000a776:	194f      	adds	r7, r1, r5
1000a778:	003d      	movs	r5, r7
1000a77a:	0020      	movs	r0, r4
1000a77c:	0029      	movs	r1, r5
1000a77e:	f7f9 fdaa 	bl	100042d6 <__wrap___aeabi_ddiv>
1000a782:	b005      	add	sp, #20
1000a784:	bcc0      	pop	{r6, r7}
1000a786:	46b9      	mov	r9, r7
1000a788:	46b0      	mov	r8, r6
1000a78a:	bdf0      	pop	{r4, r5, r6, r7, pc}
1000a78c:	0509      	lsls	r1, r1, #20
1000a78e:	1a5b      	subs	r3, r3, r1
1000a790:	9301      	str	r3, [sp, #4]
1000a792:	9a00      	ldr	r2, [sp, #0]
1000a794:	9b01      	ldr	r3, [sp, #4]
1000a796:	e7f0      	b.n	1000a77a <__ratio+0x4a>

1000a798 <__copybits>:
1000a798:	0013      	movs	r3, r2
1000a79a:	3901      	subs	r1, #1
1000a79c:	b570      	push	{r4, r5, r6, lr}
1000a79e:	114c      	asrs	r4, r1, #5
1000a7a0:	6911      	ldr	r1, [r2, #16]
1000a7a2:	3401      	adds	r4, #1
1000a7a4:	3314      	adds	r3, #20
1000a7a6:	0089      	lsls	r1, r1, #2
1000a7a8:	00a4      	lsls	r4, r4, #2
1000a7aa:	1859      	adds	r1, r3, r1
1000a7ac:	1904      	adds	r4, r0, r4
1000a7ae:	428b      	cmp	r3, r1
1000a7b0:	d20a      	bcs.n	1000a7c8 <__copybits+0x30>
1000a7b2:	0005      	movs	r5, r0
1000a7b4:	cb40      	ldmia	r3!, {r6}
1000a7b6:	c540      	stmia	r5!, {r6}
1000a7b8:	4299      	cmp	r1, r3
1000a7ba:	d8fb      	bhi.n	1000a7b4 <__copybits+0x1c>
1000a7bc:	1a8b      	subs	r3, r1, r2
1000a7be:	3b15      	subs	r3, #21
1000a7c0:	089b      	lsrs	r3, r3, #2
1000a7c2:	3301      	adds	r3, #1
1000a7c4:	009b      	lsls	r3, r3, #2
1000a7c6:	18c0      	adds	r0, r0, r3
1000a7c8:	4284      	cmp	r4, r0
1000a7ca:	d903      	bls.n	1000a7d4 <__copybits+0x3c>
1000a7cc:	2300      	movs	r3, #0
1000a7ce:	c008      	stmia	r0!, {r3}
1000a7d0:	4284      	cmp	r4, r0
1000a7d2:	d8fc      	bhi.n	1000a7ce <__copybits+0x36>
1000a7d4:	bd70      	pop	{r4, r5, r6, pc}
1000a7d6:	46c0      	nop			; (mov r8, r8)

1000a7d8 <__any_on>:
1000a7d8:	0002      	movs	r2, r0
1000a7da:	6903      	ldr	r3, [r0, #16]
1000a7dc:	b510      	push	{r4, lr}
1000a7de:	3214      	adds	r2, #20
1000a7e0:	1148      	asrs	r0, r1, #5
1000a7e2:	4283      	cmp	r3, r0
1000a7e4:	da0a      	bge.n	1000a7fc <__any_on+0x24>
1000a7e6:	009b      	lsls	r3, r3, #2
1000a7e8:	18d3      	adds	r3, r2, r3
1000a7ea:	e003      	b.n	1000a7f4 <__any_on+0x1c>
1000a7ec:	3b04      	subs	r3, #4
1000a7ee:	6819      	ldr	r1, [r3, #0]
1000a7f0:	2900      	cmp	r1, #0
1000a7f2:	d117      	bne.n	1000a824 <__any_on+0x4c>
1000a7f4:	4293      	cmp	r3, r2
1000a7f6:	d8f9      	bhi.n	1000a7ec <__any_on+0x14>
1000a7f8:	2000      	movs	r0, #0
1000a7fa:	bd10      	pop	{r4, pc}
1000a7fc:	4283      	cmp	r3, r0
1000a7fe:	dd0e      	ble.n	1000a81e <__any_on+0x46>
1000a800:	231f      	movs	r3, #31
1000a802:	001c      	movs	r4, r3
1000a804:	400c      	ands	r4, r1
1000a806:	420b      	tst	r3, r1
1000a808:	d009      	beq.n	1000a81e <__any_on+0x46>
1000a80a:	0083      	lsls	r3, r0, #2
1000a80c:	18d3      	adds	r3, r2, r3
1000a80e:	6819      	ldr	r1, [r3, #0]
1000a810:	2001      	movs	r0, #1
1000a812:	40e1      	lsrs	r1, r4
1000a814:	40a1      	lsls	r1, r4
1000a816:	681c      	ldr	r4, [r3, #0]
1000a818:	428c      	cmp	r4, r1
1000a81a:	d1ee      	bne.n	1000a7fa <__any_on+0x22>
1000a81c:	e7ea      	b.n	1000a7f4 <__any_on+0x1c>
1000a81e:	0083      	lsls	r3, r0, #2
1000a820:	18d3      	adds	r3, r2, r3
1000a822:	e7e7      	b.n	1000a7f4 <__any_on+0x1c>
1000a824:	2001      	movs	r0, #1
1000a826:	e7e8      	b.n	1000a7fa <__any_on+0x22>

1000a828 <nan>:
1000a828:	2000      	movs	r0, #0
1000a82a:	4901      	ldr	r1, [pc, #4]	; (1000a830 <nan+0x8>)
1000a82c:	4770      	bx	lr
1000a82e:	46c0      	nop			; (mov r8, r8)
1000a830:	7ff80000 	.word	0x7ff80000

1000a834 <nanf>:
1000a834:	4800      	ldr	r0, [pc, #0]	; (1000a838 <nanf+0x4>)
1000a836:	4770      	bx	lr
1000a838:	7fc00000 	.word	0x7fc00000

1000a83c <strncmp>:
1000a83c:	b530      	push	{r4, r5, lr}
1000a83e:	2a00      	cmp	r2, #0
1000a840:	d026      	beq.n	1000a890 <strncmp+0x54>
1000a842:	0003      	movs	r3, r0
1000a844:	430b      	orrs	r3, r1
1000a846:	079b      	lsls	r3, r3, #30
1000a848:	d124      	bne.n	1000a894 <strncmp+0x58>
1000a84a:	2a03      	cmp	r2, #3
1000a84c:	d922      	bls.n	1000a894 <strncmp+0x58>
1000a84e:	4d16      	ldr	r5, [pc, #88]	; (1000a8a8 <strncmp+0x6c>)
1000a850:	e00b      	b.n	1000a86a <strncmp+0x2e>
1000a852:	3a04      	subs	r2, #4
1000a854:	2a00      	cmp	r2, #0
1000a856:	d01b      	beq.n	1000a890 <strncmp+0x54>
1000a858:	4c14      	ldr	r4, [pc, #80]	; (1000a8ac <strncmp+0x70>)
1000a85a:	191c      	adds	r4, r3, r4
1000a85c:	439c      	bics	r4, r3
1000a85e:	422c      	tst	r4, r5
1000a860:	d116      	bne.n	1000a890 <strncmp+0x54>
1000a862:	3004      	adds	r0, #4
1000a864:	3104      	adds	r1, #4
1000a866:	2a03      	cmp	r2, #3
1000a868:	d914      	bls.n	1000a894 <strncmp+0x58>
1000a86a:	6803      	ldr	r3, [r0, #0]
1000a86c:	680c      	ldr	r4, [r1, #0]
1000a86e:	42a3      	cmp	r3, r4
1000a870:	d0ef      	beq.n	1000a852 <strncmp+0x16>
1000a872:	7804      	ldrb	r4, [r0, #0]
1000a874:	780d      	ldrb	r5, [r1, #0]
1000a876:	42ac      	cmp	r4, r5
1000a878:	d113      	bne.n	1000a8a2 <strncmp+0x66>
1000a87a:	2301      	movs	r3, #1
1000a87c:	e006      	b.n	1000a88c <strncmp+0x50>
1000a87e:	5cc4      	ldrb	r4, [r0, r3]
1000a880:	5ccd      	ldrb	r5, [r1, r3]
1000a882:	42ac      	cmp	r4, r5
1000a884:	d10d      	bne.n	1000a8a2 <strncmp+0x66>
1000a886:	3301      	adds	r3, #1
1000a888:	4293      	cmp	r3, r2
1000a88a:	d001      	beq.n	1000a890 <strncmp+0x54>
1000a88c:	2c00      	cmp	r4, #0
1000a88e:	d1f6      	bne.n	1000a87e <strncmp+0x42>
1000a890:	2000      	movs	r0, #0
1000a892:	bd30      	pop	{r4, r5, pc}
1000a894:	7804      	ldrb	r4, [r0, #0]
1000a896:	780d      	ldrb	r5, [r1, #0]
1000a898:	42a5      	cmp	r5, r4
1000a89a:	d102      	bne.n	1000a8a2 <strncmp+0x66>
1000a89c:	2a01      	cmp	r2, #1
1000a89e:	d1ec      	bne.n	1000a87a <strncmp+0x3e>
1000a8a0:	e7f6      	b.n	1000a890 <strncmp+0x54>
1000a8a2:	1b60      	subs	r0, r4, r5
1000a8a4:	e7f5      	b.n	1000a892 <strncmp+0x56>
1000a8a6:	46c0      	nop			; (mov r8, r8)
1000a8a8:	80808080 	.word	0x80808080
1000a8ac:	fefefeff 	.word	0xfefefeff

1000a8b0 <__ascii_wctomb>:
1000a8b0:	2900      	cmp	r1, #0
1000a8b2:	d009      	beq.n	1000a8c8 <__ascii_wctomb+0x18>
1000a8b4:	2aff      	cmp	r2, #255	; 0xff
1000a8b6:	d802      	bhi.n	1000a8be <__ascii_wctomb+0xe>
1000a8b8:	2001      	movs	r0, #1
1000a8ba:	700a      	strb	r2, [r1, #0]
1000a8bc:	4770      	bx	lr
1000a8be:	238a      	movs	r3, #138	; 0x8a
1000a8c0:	6003      	str	r3, [r0, #0]
1000a8c2:	2001      	movs	r0, #1
1000a8c4:	4240      	negs	r0, r0
1000a8c6:	e7f9      	b.n	1000a8bc <__ascii_wctomb+0xc>
1000a8c8:	2000      	movs	r0, #0
1000a8ca:	e7f7      	b.n	1000a8bc <__ascii_wctomb+0xc>

1000a8cc <_fini>:
1000a8cc:	b5f8      	push	{r3, r4, r5, r6, r7, lr}
1000a8ce:	46c0      	nop			; (mov r8, r8)

1000a8d0 <__flash_do_cmd_veneer>:
1000a8d0:	b401      	push	{r0}
1000a8d2:	4802      	ldr	r0, [pc, #8]	; (1000a8dc <__flash_do_cmd_veneer+0xc>)
1000a8d4:	4684      	mov	ip, r0
1000a8d6:	bc01      	pop	{r0}
1000a8d8:	4760      	bx	ip
1000a8da:	bf00      	nop
1000a8dc:	200002e5 	.word	0x200002e5

1000a8e0 <__mutex_exit_veneer>:
1000a8e0:	b401      	push	{r0}
1000a8e2:	4802      	ldr	r0, [pc, #8]	; (1000a8ec <__mutex_exit_veneer+0xc>)
1000a8e4:	4684      	mov	ip, r0
1000a8e6:	bc01      	pop	{r0}
1000a8e8:	4760      	bx	ip
1000a8ea:	bf00      	nop
1000a8ec:	20000231 	.word	0x20000231

1000a8f0 <____aeabi_ldiv0_veneer>:
1000a8f0:	b401      	push	{r0}
1000a8f2:	4802      	ldr	r0, [pc, #8]	; (1000a8fc <____aeabi_ldiv0_veneer+0xc>)
1000a8f4:	4684      	mov	ip, r0
1000a8f6:	bc01      	pop	{r0}
1000a8f8:	4760      	bx	ip
1000a8fa:	bf00      	nop
1000a8fc:	20000bb5 	.word	0x20000bb5

1000a900 <__reset_non_control_endpoints_veneer>:
1000a900:	b401      	push	{r0}
1000a902:	4802      	ldr	r0, [pc, #8]	; (1000a90c <__reset_non_control_endpoints_veneer+0xc>)
1000a904:	4684      	mov	ip, r0
1000a906:	bc01      	pop	{r0}
1000a908:	4760      	bx	ip
1000a90a:	bf00      	nop
1000a90c:	200003bd 	.word	0x200003bd

1000a910 <__e15_is_critical_frame_period_veneer>:
1000a910:	b401      	push	{r0}
1000a912:	4802      	ldr	r0, [pc, #8]	; (1000a91c <__e15_is_critical_frame_period_veneer+0xc>)
1000a914:	4684      	mov	ip, r0
1000a916:	bc01      	pop	{r0}
1000a918:	4760      	bx	ip
1000a91a:	bf00      	nop
1000a91c:	20000699 	.word	0x20000699

1000a920 <____aeabi_idiv0_veneer>:
1000a920:	b401      	push	{r0}
1000a922:	4802      	ldr	r0, [pc, #8]	; (1000a92c <____aeabi_idiv0_veneer+0xc>)
1000a924:	4684      	mov	ip, r0
1000a926:	bc01      	pop	{r0}
1000a928:	4760      	bx	ip
1000a92a:	bf00      	nop
1000a92c:	20000bb5 	.word	0x20000bb5

1000a930 <__mutex_try_enter_veneer>:
1000a930:	b401      	push	{r0}
1000a932:	4802      	ldr	r0, [pc, #8]	; (1000a93c <__mutex_try_enter_veneer+0xc>)
1000a934:	4684      	mov	ip, r0
1000a936:	bc01      	pop	{r0}
1000a938:	4760      	bx	ip
1000a93a:	bf00      	nop
1000a93c:	200000c1 	.word	0x200000c1

1000a940 <__mutex_enter_timeout_ms_veneer>:
1000a940:	b401      	push	{r0}
1000a942:	4802      	ldr	r0, [pc, #8]	; (1000a94c <__mutex_enter_timeout_ms_veneer+0xc>)
1000a944:	4684      	mov	ip, r0
1000a946:	bc01      	pop	{r0}
1000a948:	4760      	bx	ip
1000a94a:	bf00      	nop
1000a94c:	200001c9 	.word	0x200001c9

1000a950 <__dcd_event_handler_veneer>:
1000a950:	b401      	push	{r0}
1000a952:	4802      	ldr	r0, [pc, #8]	; (1000a95c <__dcd_event_handler_veneer+0xc>)
1000a954:	4684      	mov	ip, r0
1000a956:	bc01      	pop	{r0}
1000a958:	4760      	bx	ip
1000a95a:	bf00      	nop
1000a95c:	2000091d 	.word	0x2000091d

1000a960 <__e15_is_bulkin_ep_veneer>:
1000a960:	b401      	push	{r0}
1000a962:	4802      	ldr	r0, [pc, #8]	; (1000a96c <__e15_is_bulkin_ep_veneer+0xc>)
1000a964:	4684      	mov	ip, r0
1000a966:	bc01      	pop	{r0}
1000a968:	4760      	bx	ip
1000a96a:	bf00      	nop
1000a96c:	2000066d 	.word	0x2000066d

1000a970 <__fmaxf_veneer>:
1000a970:	b401      	push	{r0}
1000a972:	4802      	ldr	r0, [pc, #8]	; (1000a97c <__fmaxf_veneer+0xc>)
1000a974:	4684      	mov	ip, r0
1000a976:	bc01      	pop	{r0}
1000a978:	4760      	bx	ip
1000a97a:	bf00      	nop
1000a97c:	20000b1d 	.word	0x20000b1d

1000a980 <__mutex_try_enter_block_until_veneer>:
1000a980:	b401      	push	{r0}
1000a982:	4802      	ldr	r0, [pc, #8]	; (1000a98c <__mutex_try_enter_block_until_veneer+0xc>)
1000a984:	4684      	mov	ip, r0
1000a986:	bc01      	pop	{r0}
1000a988:	4760      	bx	ip
1000a98a:	bf00      	nop
1000a98c:	20000195 	.word	0x20000195

1000a990 <__hw_endpoint_start_next_buffer_veneer>:
1000a990:	b401      	push	{r0}
1000a992:	4802      	ldr	r0, [pc, #8]	; (1000a99c <__hw_endpoint_start_next_buffer_veneer+0xc>)
1000a994:	4684      	mov	ip, r0
1000a996:	bc01      	pop	{r0}
1000a998:	4760      	bx	ip
1000a99a:	bf00      	nop
1000a99c:	20000845 	.word	0x20000845

1000a9a0 <__hw_endpoint_reset_transfer_veneer>:
1000a9a0:	b401      	push	{r0}
1000a9a2:	4802      	ldr	r0, [pc, #8]	; (1000a9ac <__hw_endpoint_reset_transfer_veneer+0xc>)
1000a9a4:	4684      	mov	ip, r0
1000a9a6:	bc01      	pop	{r0}
1000a9a8:	4760      	bx	ip
1000a9aa:	bf00      	nop
1000a9ac:	200007e1 	.word	0x200007e1

1000a9b0 <___hw_endpoint_buffer_control_update32_veneer>:
1000a9b0:	b401      	push	{r0}
1000a9b2:	4802      	ldr	r0, [pc, #8]	; (1000a9bc <___hw_endpoint_buffer_control_update32_veneer+0xc>)
1000a9b4:	4684      	mov	ip, r0
1000a9b6:	bc01      	pop	{r0}
1000a9b8:	4760      	bx	ip
1000a9ba:	bf00      	nop
1000a9bc:	200007ed 	.word	0x200007ed

1000a9c0 <__fminf_veneer>:
1000a9c0:	b401      	push	{r0}
1000a9c2:	4802      	ldr	r0, [pc, #8]	; (1000a9cc <__fminf_veneer+0xc>)
1000a9c4:	4684      	mov	ip, r0
1000a9c6:	bc01      	pop	{r0}
1000a9c8:	4760      	bx	ip
1000a9ca:	bf00      	nop
1000a9cc:	20000b49 	.word	0x20000b49

Disassembly of section .data:

200000c0 <mutex_try_enter>:
200000c0:	0003      	movs	r3, r0
200000c2:	6800      	ldr	r0, [r0, #0]
200000c4:	f3ef 8c10 	mrs	ip, PRIMASK
200000c8:	b672      	cpsid	i
200000ca:	6802      	ldr	r2, [r0, #0]
200000cc:	2a00      	cmp	r2, #0
200000ce:	d0fc      	beq.n	200000ca <mutex_try_enter+0xa>
200000d0:	f3bf 8f5f 	dmb	sy
200000d4:	2204      	movs	r2, #4
200000d6:	569a      	ldrsb	r2, [r3, r2]
200000d8:	2a00      	cmp	r2, #0
200000da:	db0b      	blt.n	200000f4 <mutex_try_enter+0x34>
200000dc:	2900      	cmp	r1, #0
200000de:	d010      	beq.n	20000102 <mutex_try_enter+0x42>
200000e0:	600a      	str	r2, [r1, #0]
200000e2:	2000      	movs	r0, #0
200000e4:	681b      	ldr	r3, [r3, #0]
200000e6:	f3bf 8f5f 	dmb	sy
200000ea:	2200      	movs	r2, #0
200000ec:	601a      	str	r2, [r3, #0]
200000ee:	f38c 8810 	msr	PRIMASK, ip
200000f2:	4770      	bx	lr
200000f4:	22d0      	movs	r2, #208	; 0xd0
200000f6:	0612      	lsls	r2, r2, #24
200000f8:	7812      	ldrb	r2, [r2, #0]
200000fa:	b252      	sxtb	r2, r2
200000fc:	711a      	strb	r2, [r3, #4]
200000fe:	2001      	movs	r0, #1
20000100:	e7f0      	b.n	200000e4 <mutex_try_enter+0x24>
20000102:	2000      	movs	r0, #0
20000104:	e7ee      	b.n	200000e4 <mutex_try_enter+0x24>
	...

20000108 <mutex_enter_block_until>:
20000108:	b5f8      	push	{r3, r4, r5, r6, r7, lr}
2000010a:	46ce      	mov	lr, r9
2000010c:	4647      	mov	r7, r8
2000010e:	b580      	push	{r7, lr}
20000110:	0004      	movs	r4, r0
20000112:	0017      	movs	r7, r2
20000114:	4698      	mov	r8, r3
20000116:	6803      	ldr	r3, [r0, #0]
20000118:	2b00      	cmp	r3, #0
2000011a:	d020      	beq.n	2000015e <mutex_enter_block_until+0x56>
2000011c:	23d0      	movs	r3, #208	; 0xd0
2000011e:	061b      	lsls	r3, r3, #24
20000120:	781b      	ldrb	r3, [r3, #0]
20000122:	b25b      	sxtb	r3, r3
20000124:	4699      	mov	r9, r3
20000126:	6826      	ldr	r6, [r4, #0]
20000128:	f3ef 8c10 	mrs	ip, PRIMASK
2000012c:	b672      	cpsid	i
2000012e:	6835      	ldr	r5, [r6, #0]
20000130:	2d00      	cmp	r5, #0
20000132:	d0fc      	beq.n	2000012e <mutex_enter_block_until+0x26>
20000134:	f3bf 8f5f 	dmb	sy
20000138:	2504      	movs	r5, #4
2000013a:	5765      	ldrsb	r5, [r4, r5]
2000013c:	2d00      	cmp	r5, #0
2000013e:	db14      	blt.n	2000016a <mutex_enter_block_until+0x62>
20000140:	6823      	ldr	r3, [r4, #0]
20000142:	f3bf 8f5f 	dmb	sy
20000146:	2200      	movs	r2, #0
20000148:	601a      	str	r2, [r3, #0]
2000014a:	f38c 8810 	msr	PRIMASK, ip
2000014e:	0038      	movs	r0, r7
20000150:	4641      	mov	r1, r8
20000152:	f000 fd49 	bl	20000be8 <__best_effort_wfe_or_timeout_veneer>
20000156:	2800      	cmp	r0, #0
20000158:	d0e5      	beq.n	20000126 <mutex_enter_block_until+0x1e>
2000015a:	2000      	movs	r0, #0
2000015c:	e00f      	b.n	2000017e <mutex_enter_block_until+0x76>
2000015e:	4b0a      	ldr	r3, [pc, #40]	; (20000188 <mutex_enter_block_until+0x80>)
20000160:	4a0a      	ldr	r2, [pc, #40]	; (2000018c <mutex_enter_block_until+0x84>)
20000162:	2185      	movs	r1, #133	; 0x85
20000164:	480a      	ldr	r0, [pc, #40]	; (20000190 <mutex_enter_block_until+0x88>)
20000166:	f000 fd6f 	bl	20000c48 <____assert_func_veneer>
2000016a:	464b      	mov	r3, r9
2000016c:	7123      	strb	r3, [r4, #4]
2000016e:	6823      	ldr	r3, [r4, #0]
20000170:	f3bf 8f5f 	dmb	sy
20000174:	2200      	movs	r2, #0
20000176:	601a      	str	r2, [r3, #0]
20000178:	f38c 8810 	msr	PRIMASK, ip
2000017c:	2001      	movs	r0, #1
2000017e:	bcc0      	pop	{r6, r7}
20000180:	46b9      	mov	r9, r7
20000182:	46b0      	mov	r8, r6
20000184:	bdf8      	pop	{r3, r4, r5, r6, r7, pc}
20000186:	46c0      	nop			; (mov r8, r8)
20000188:	1000aeb8 	.word	0x1000aeb8
2000018c:	1000af90 	.word	0x1000af90
20000190:	1000ae64 	.word	0x1000ae64

20000194 <mutex_try_enter_block_until>:
20000194:	b570      	push	{r4, r5, r6, lr}
20000196:	b082      	sub	sp, #8
20000198:	0006      	movs	r6, r0
2000019a:	0015      	movs	r5, r2
2000019c:	001c      	movs	r4, r3
2000019e:	a901      	add	r1, sp, #4
200001a0:	f7ff ff8e 	bl	200000c0 <mutex_try_enter>
200001a4:	2800      	cmp	r0, #0
200001a6:	d107      	bne.n	200001b8 <mutex_try_enter_block_until+0x24>
200001a8:	9b01      	ldr	r3, [sp, #4]
200001aa:	b25b      	sxtb	r3, r3
200001ac:	22d0      	movs	r2, #208	; 0xd0
200001ae:	0612      	lsls	r2, r2, #24
200001b0:	7812      	ldrb	r2, [r2, #0]
200001b2:	b252      	sxtb	r2, r2
200001b4:	4293      	cmp	r3, r2
200001b6:	d101      	bne.n	200001bc <mutex_try_enter_block_until+0x28>
200001b8:	b002      	add	sp, #8
200001ba:	bd70      	pop	{r4, r5, r6, pc}
200001bc:	002a      	movs	r2, r5
200001be:	0023      	movs	r3, r4
200001c0:	0030      	movs	r0, r6
200001c2:	f7ff ffa1 	bl	20000108 <mutex_enter_block_until>
200001c6:	e7f7      	b.n	200001b8 <mutex_try_enter_block_until+0x24>

200001c8 <mutex_enter_timeout_ms>:
200001c8:	b5f8      	push	{r3, r4, r5, r6, r7, lr}
200001ca:	0006      	movs	r6, r0
200001cc:	000f      	movs	r7, r1
200001ce:	f000 fd13 	bl	20000bf8 <__time_us_64_veneer>
200001d2:	0004      	movs	r4, r0
200001d4:	1e0d      	subs	r5, r1, #0
200001d6:	db12      	blt.n	200001fe <mutex_enter_timeout_ms+0x36>
200001d8:	22fa      	movs	r2, #250	; 0xfa
200001da:	0092      	lsls	r2, r2, #2
200001dc:	2300      	movs	r3, #0
200001de:	0038      	movs	r0, r7
200001e0:	2100      	movs	r1, #0
200001e2:	f000 fd21 	bl	20000c28 <____wrap___aeabi_lmul_veneer>
200001e6:	0022      	movs	r2, r4
200001e8:	002b      	movs	r3, r5
200001ea:	1812      	adds	r2, r2, r0
200001ec:	414b      	adcs	r3, r1
200001ee:	2b00      	cmp	r3, #0
200001f0:	db0b      	blt.n	2000020a <mutex_enter_timeout_ms+0x42>
200001f2:	2b00      	cmp	r3, #0
200001f4:	db0d      	blt.n	20000212 <mutex_enter_timeout_ms+0x4a>
200001f6:	0030      	movs	r0, r6
200001f8:	f7ff ff86 	bl	20000108 <mutex_enter_block_until>
200001fc:	bdf8      	pop	{r3, r4, r5, r6, r7, pc}
200001fe:	4b08      	ldr	r3, [pc, #32]	; (20000220 <mutex_enter_timeout_ms+0x58>)
20000200:	4a08      	ldr	r2, [pc, #32]	; (20000224 <mutex_enter_timeout_ms+0x5c>)
20000202:	213f      	movs	r1, #63	; 0x3f
20000204:	4808      	ldr	r0, [pc, #32]	; (20000228 <mutex_enter_timeout_ms+0x60>)
20000206:	f000 fd1f 	bl	20000c48 <____assert_func_veneer>
2000020a:	2201      	movs	r2, #1
2000020c:	4252      	negs	r2, r2
2000020e:	4b07      	ldr	r3, [pc, #28]	; (2000022c <mutex_enter_timeout_ms+0x64>)
20000210:	e7ef      	b.n	200001f2 <mutex_enter_timeout_ms+0x2a>
20000212:	4b03      	ldr	r3, [pc, #12]	; (20000220 <mutex_enter_timeout_ms+0x58>)
20000214:	4a03      	ldr	r2, [pc, #12]	; (20000224 <mutex_enter_timeout_ms+0x5c>)
20000216:	213f      	movs	r1, #63	; 0x3f
20000218:	4803      	ldr	r0, [pc, #12]	; (20000228 <mutex_enter_timeout_ms+0x60>)
2000021a:	f000 fd15 	bl	20000c48 <____assert_func_veneer>
2000021e:	46c0      	nop			; (mov r8, r8)
20000220:	1000aecc 	.word	0x1000aecc
20000224:	1000afa8 	.word	0x1000afa8
20000228:	1000aee8 	.word	0x1000aee8
2000022c:	7fffffff 	.word	0x7fffffff

20000230 <mutex_exit>:
20000230:	b510      	push	{r4, lr}
20000232:	6802      	ldr	r2, [r0, #0]
20000234:	f3ef 8110 	mrs	r1, PRIMASK
20000238:	b672      	cpsid	i
2000023a:	6813      	ldr	r3, [r2, #0]
2000023c:	2b00      	cmp	r3, #0
2000023e:	d0fc      	beq.n	2000023a <mutex_exit+0xa>
20000240:	f3bf 8f5f 	dmb	sy
20000244:	2304      	movs	r3, #4
20000246:	56c3      	ldrsb	r3, [r0, r3]
20000248:	2b00      	cmp	r3, #0
2000024a:	db0a      	blt.n	20000262 <mutex_exit+0x32>
2000024c:	23ff      	movs	r3, #255	; 0xff
2000024e:	7103      	strb	r3, [r0, #4]
20000250:	6803      	ldr	r3, [r0, #0]
20000252:	f3bf 8f5f 	dmb	sy
20000256:	2200      	movs	r2, #0
20000258:	601a      	str	r2, [r3, #0]
2000025a:	f381 8810 	msr	PRIMASK, r1
2000025e:	bf40      	sev
20000260:	bd10      	pop	{r4, pc}
20000262:	4b03      	ldr	r3, [pc, #12]	; (20000270 <mutex_exit+0x40>)
20000264:	4a03      	ldr	r2, [pc, #12]	; (20000274 <mutex_exit+0x44>)
20000266:	21b4      	movs	r1, #180	; 0xb4
20000268:	4803      	ldr	r0, [pc, #12]	; (20000278 <mutex_exit+0x48>)
2000026a:	f000 fced 	bl	20000c48 <____assert_func_veneer>
2000026e:	46c0      	nop			; (mov r8, r8)
20000270:	1000af4c 	.word	0x1000af4c
20000274:	1000af84 	.word	0x1000af84
20000278:	1000ae64 	.word	0x1000ae64

2000027c <flash_init_boot2_copyout>:
2000027c:	4b09      	ldr	r3, [pc, #36]	; (200002a4 <flash_init_boot2_copyout+0x28>)
2000027e:	781b      	ldrb	r3, [r3, #0]
20000280:	2b00      	cmp	r3, #0
20000282:	d008      	beq.n	20000296 <flash_init_boot2_copyout+0x1a>
20000284:	e00c      	b.n	200002a0 <flash_init_boot2_copyout+0x24>
20000286:	009a      	lsls	r2, r3, #2
20000288:	2180      	movs	r1, #128	; 0x80
2000028a:	0549      	lsls	r1, r1, #21
2000028c:	1851      	adds	r1, r2, r1
2000028e:	6808      	ldr	r0, [r1, #0]
20000290:	4905      	ldr	r1, [pc, #20]	; (200002a8 <flash_init_boot2_copyout+0x2c>)
20000292:	5050      	str	r0, [r2, r1]
20000294:	3301      	adds	r3, #1
20000296:	2b3f      	cmp	r3, #63	; 0x3f
20000298:	ddf5      	ble.n	20000286 <flash_init_boot2_copyout+0xa>
2000029a:	4b02      	ldr	r3, [pc, #8]	; (200002a4 <flash_init_boot2_copyout+0x28>)
2000029c:	2201      	movs	r2, #1
2000029e:	701a      	strb	r2, [r3, #0]
200002a0:	4770      	bx	lr
200002a2:	46c0      	nop			; (mov r8, r8)
200002a4:	20002543 	.word	0x20002543
200002a8:	20001d28 	.word	0x20001d28

200002ac <flash_enable_xip_via_boot2>:
200002ac:	b510      	push	{r4, lr}
200002ae:	4b02      	ldr	r3, [pc, #8]	; (200002b8 <flash_enable_xip_via_boot2+0xc>)
200002b0:	3301      	adds	r3, #1
200002b2:	4798      	blx	r3
200002b4:	bd10      	pop	{r4, pc}
200002b6:	46c0      	nop			; (mov r8, r8)
200002b8:	20001d28 	.word	0x20001d28

200002bc <flash_cs_force>:
200002bc:	2800      	cmp	r0, #0
200002be:	d00a      	beq.n	200002d6 <flash_cs_force+0x1a>
200002c0:	2303      	movs	r3, #3
200002c2:	021b      	lsls	r3, r3, #8
200002c4:	4a05      	ldr	r2, [pc, #20]	; (200002dc <flash_cs_force+0x20>)
200002c6:	6812      	ldr	r2, [r2, #0]
200002c8:	4053      	eors	r3, r2
200002ca:	22c0      	movs	r2, #192	; 0xc0
200002cc:	0092      	lsls	r2, r2, #2
200002ce:	4013      	ands	r3, r2
200002d0:	4a03      	ldr	r2, [pc, #12]	; (200002e0 <flash_cs_force+0x24>)
200002d2:	6013      	str	r3, [r2, #0]
200002d4:	4770      	bx	lr
200002d6:	2302      	movs	r3, #2
200002d8:	e7f3      	b.n	200002c2 <flash_cs_force+0x6>
200002da:	46c0      	nop			; (mov r8, r8)
200002dc:	4001800c 	.word	0x4001800c
200002e0:	4001900c 	.word	0x4001900c

200002e4 <flash_do_cmd>:
200002e4:	b5f0      	push	{r4, r5, r6, r7, lr}
200002e6:	46d6      	mov	lr, sl
200002e8:	464f      	mov	r7, r9
200002ea:	4646      	mov	r6, r8
200002ec:	b5c0      	push	{r6, r7, lr}
200002ee:	0007      	movs	r7, r0
200002f0:	000e      	movs	r6, r1
200002f2:	0015      	movs	r5, r2
200002f4:	2318      	movs	r3, #24
200002f6:	469a      	mov	sl, r3
200002f8:	881b      	ldrh	r3, [r3, #0]
200002fa:	2214      	movs	r2, #20
200002fc:	4690      	mov	r8, r2
200002fe:	8810      	ldrh	r0, [r2, #0]
20000300:	4928      	ldr	r1, [pc, #160]	; (200003a4 <flash_do_cmd+0xc0>)
20000302:	4798      	blx	r3
20000304:	4681      	mov	r9, r0
20000306:	4653      	mov	r3, sl
20000308:	881b      	ldrh	r3, [r3, #0]
2000030a:	4642      	mov	r2, r8
2000030c:	8810      	ldrh	r0, [r2, #0]
2000030e:	4926      	ldr	r1, [pc, #152]	; (200003a8 <flash_do_cmd+0xc4>)
20000310:	4798      	blx	r3
20000312:	0004      	movs	r4, r0
20000314:	4653      	mov	r3, sl
20000316:	881b      	ldrh	r3, [r3, #0]
20000318:	4642      	mov	r2, r8
2000031a:	8810      	ldrh	r0, [r2, #0]
2000031c:	4923      	ldr	r1, [pc, #140]	; (200003ac <flash_do_cmd+0xc8>)
2000031e:	4798      	blx	r3
20000320:	4680      	mov	r8, r0
20000322:	464b      	mov	r3, r9
20000324:	2b00      	cmp	r3, #0
20000326:	d00c      	beq.n	20000342 <flash_do_cmd+0x5e>
20000328:	2c00      	cmp	r4, #0
2000032a:	d00a      	beq.n	20000342 <flash_do_cmd+0x5e>
2000032c:	2800      	cmp	r0, #0
2000032e:	d008      	beq.n	20000342 <flash_do_cmd+0x5e>
20000330:	f7ff ffa4 	bl	2000027c <flash_init_boot2_copyout>
20000334:	47c8      	blx	r9
20000336:	47a0      	blx	r4
20000338:	2000      	movs	r0, #0
2000033a:	f7ff ffbf 	bl	200002bc <flash_cs_force>
2000033e:	002a      	movs	r2, r5
20000340:	e00f      	b.n	20000362 <flash_do_cmd+0x7e>
20000342:	4b1b      	ldr	r3, [pc, #108]	; (200003b0 <flash_do_cmd+0xcc>)
20000344:	4a1b      	ldr	r2, [pc, #108]	; (200003b4 <flash_do_cmd+0xd0>)
20000346:	2180      	movs	r1, #128	; 0x80
20000348:	481b      	ldr	r0, [pc, #108]	; (200003b8 <flash_do_cmd+0xd4>)
2000034a:	f000 fc7d 	bl	20000c48 <____assert_func_veneer>
2000034e:	2b00      	cmp	r3, #0
20000350:	d007      	beq.n	20000362 <flash_do_cmd+0x7e>
20000352:	2a00      	cmp	r2, #0
20000354:	d005      	beq.n	20000362 <flash_do_cmd+0x7e>
20000356:	23c0      	movs	r3, #192	; 0xc0
20000358:	055b      	lsls	r3, r3, #21
2000035a:	6e1b      	ldr	r3, [r3, #96]	; 0x60
2000035c:	7033      	strb	r3, [r6, #0]
2000035e:	3a01      	subs	r2, #1
20000360:	3601      	adds	r6, #1
20000362:	002b      	movs	r3, r5
20000364:	4313      	orrs	r3, r2
20000366:	d012      	beq.n	2000038e <flash_do_cmd+0xaa>
20000368:	23c0      	movs	r3, #192	; 0xc0
2000036a:	055b      	lsls	r3, r3, #21
2000036c:	6a9c      	ldr	r4, [r3, #40]	; 0x28
2000036e:	2308      	movs	r3, #8
20000370:	4023      	ands	r3, r4
20000372:	07a1      	lsls	r1, r4, #30
20000374:	d5eb      	bpl.n	2000034e <flash_do_cmd+0x6a>
20000376:	2d00      	cmp	r5, #0
20000378:	d0e9      	beq.n	2000034e <flash_do_cmd+0x6a>
2000037a:	1b51      	subs	r1, r2, r5
2000037c:	290d      	cmp	r1, #13
2000037e:	d8e6      	bhi.n	2000034e <flash_do_cmd+0x6a>
20000380:	7838      	ldrb	r0, [r7, #0]
20000382:	21c0      	movs	r1, #192	; 0xc0
20000384:	0549      	lsls	r1, r1, #21
20000386:	6608      	str	r0, [r1, #96]	; 0x60
20000388:	3d01      	subs	r5, #1
2000038a:	3701      	adds	r7, #1
2000038c:	e7df      	b.n	2000034e <flash_do_cmd+0x6a>
2000038e:	2001      	movs	r0, #1
20000390:	f7ff ff94 	bl	200002bc <flash_cs_force>
20000394:	47c0      	blx	r8
20000396:	f7ff ff89 	bl	200002ac <flash_enable_xip_via_boot2>
2000039a:	bce0      	pop	{r5, r6, r7}
2000039c:	46ba      	mov	sl, r7
2000039e:	46b1      	mov	r9, r6
200003a0:	46a8      	mov	r8, r5
200003a2:	bdf0      	pop	{r4, r5, r6, r7, pc}
200003a4:	00004649 	.word	0x00004649
200003a8:	00005845 	.word	0x00005845
200003ac:	00004346 	.word	0x00004346
200003b0:	1000bf30 	.word	0x1000bf30
200003b4:	1000bf70 	.word	0x1000bf70
200003b8:	1000be24 	.word	0x1000be24

200003bc <reset_non_control_endpoints>:
200003bc:	b510      	push	{r4, lr}
200003be:	2300      	movs	r3, #0
200003c0:	e008      	b.n	200003d4 <reset_non_control_endpoints+0x18>
200003c2:	3301      	adds	r3, #1
200003c4:	00da      	lsls	r2, r3, #3
200003c6:	2100      	movs	r1, #0
200003c8:	4808      	ldr	r0, [pc, #32]	; (200003ec <reset_non_control_endpoints+0x30>)
200003ca:	5011      	str	r1, [r2, r0]
200003cc:	4684      	mov	ip, r0
200003ce:	4462      	add	r2, ip
200003d0:	6051      	str	r1, [r2, #4]
200003d2:	b2db      	uxtb	r3, r3
200003d4:	2b0e      	cmp	r3, #14
200003d6:	d9f4      	bls.n	200003c2 <reset_non_control_endpoints+0x6>
200003d8:	22f0      	movs	r2, #240	; 0xf0
200003da:	0092      	lsls	r2, r2, #2
200003dc:	2100      	movs	r1, #0
200003de:	4804      	ldr	r0, [pc, #16]	; (200003f0 <reset_non_control_endpoints+0x34>)
200003e0:	f000 fbea 	bl	20000bb8 <____wrap_memset_veneer>
200003e4:	4b03      	ldr	r3, [pc, #12]	; (200003f4 <reset_non_control_endpoints+0x38>)
200003e6:	4a04      	ldr	r2, [pc, #16]	; (200003f8 <reset_non_control_endpoints+0x3c>)
200003e8:	601a      	str	r2, [r3, #0]
200003ea:	bd10      	pop	{r4, pc}
200003ec:	50100000 	.word	0x50100000
200003f0:	20001f20 	.word	0x20001f20
200003f4:	200022e4 	.word	0x200022e4
200003f8:	50100180 	.word	0x50100180

200003fc <hw_handle_buff_status>:
200003fc:	b5f0      	push	{r4, r5, r6, r7, lr}
200003fe:	46ce      	mov	lr, r9
20000400:	4647      	mov	r7, r8
20000402:	b580      	push	{r7, lr}
20000404:	b085      	sub	sp, #20
20000406:	4b23      	ldr	r3, [pc, #140]	; (20000494 <hw_handle_buff_status+0x98>)
20000408:	6d9f      	ldr	r7, [r3, #88]	; 0x58
2000040a:	2400      	movs	r4, #0
2000040c:	2601      	movs	r6, #1
2000040e:	e003      	b.n	20000418 <hw_handle_buff_status+0x1c>
20000410:	43b7      	bics	r7, r6
20000412:	0076      	lsls	r6, r6, #1
20000414:	3401      	adds	r4, #1
20000416:	b2e4      	uxtb	r4, r4
20000418:	2f00      	cmp	r7, #0
2000041a:	d036      	beq.n	2000048a <hw_handle_buff_status+0x8e>
2000041c:	2c1f      	cmp	r4, #31
2000041e:	d834      	bhi.n	2000048a <hw_handle_buff_status+0x8e>
20000420:	423e      	tst	r6, r7
20000422:	d0f6      	beq.n	20000412 <hw_handle_buff_status+0x16>
20000424:	4b1c      	ldr	r3, [pc, #112]	; (20000498 <hw_handle_buff_status+0x9c>)
20000426:	659e      	str	r6, [r3, #88]	; 0x58
20000428:	0863      	lsrs	r3, r4, #1
2000042a:	4699      	mov	r9, r3
2000042c:	2301      	movs	r3, #1
2000042e:	4063      	eors	r3, r4
20000430:	2201      	movs	r2, #1
20000432:	401a      	ands	r2, r3
20000434:	4690      	mov	r8, r2
20000436:	464b      	mov	r3, r9
20000438:	005d      	lsls	r5, r3, #1
2000043a:	4445      	add	r5, r8
2000043c:	016d      	lsls	r5, r5, #5
2000043e:	4b17      	ldr	r3, [pc, #92]	; (2000049c <hw_handle_buff_status+0xa0>)
20000440:	18ed      	adds	r5, r5, r3
20000442:	0028      	movs	r0, r5
20000444:	f000 fa42 	bl	200008cc <hw_endpoint_xfer_continue>
20000448:	2800      	cmp	r0, #0
2000044a:	d0e1      	beq.n	20000410 <hw_handle_buff_status+0x14>
2000044c:	464b      	mov	r3, r9
2000044e:	005b      	lsls	r3, r3, #1
20000450:	4443      	add	r3, r8
20000452:	015b      	lsls	r3, r3, #5
20000454:	4a11      	ldr	r2, [pc, #68]	; (2000049c <hw_handle_buff_status+0xa0>)
20000456:	18d3      	adds	r3, r2, r3
20000458:	789a      	ldrb	r2, [r3, #2]
2000045a:	4691      	mov	r9, r2
2000045c:	8adb      	ldrh	r3, [r3, #22]
2000045e:	4698      	mov	r8, r3
20000460:	220c      	movs	r2, #12
20000462:	2100      	movs	r1, #0
20000464:	a801      	add	r0, sp, #4
20000466:	f000 fba7 	bl	20000bb8 <____wrap_memset_veneer>
2000046a:	2307      	movs	r3, #7
2000046c:	466a      	mov	r2, sp
2000046e:	7153      	strb	r3, [r2, #5]
20000470:	466b      	mov	r3, sp
20000472:	464a      	mov	r2, r9
20000474:	721a      	strb	r2, [r3, #8]
20000476:	4643      	mov	r3, r8
20000478:	9303      	str	r3, [sp, #12]
2000047a:	2101      	movs	r1, #1
2000047c:	a801      	add	r0, sp, #4
2000047e:	f000 fa4d 	bl	2000091c <dcd_event_handler>
20000482:	0028      	movs	r0, r5
20000484:	f000 f9ac 	bl	200007e0 <hw_endpoint_reset_transfer>
20000488:	e7c2      	b.n	20000410 <hw_handle_buff_status+0x14>
2000048a:	b005      	add	sp, #20
2000048c:	bcc0      	pop	{r6, r7}
2000048e:	46b9      	mov	r9, r7
20000490:	46b0      	mov	r8, r6
20000492:	bdf0      	pop	{r4, r5, r6, r7, pc}
20000494:	50110000 	.word	0x50110000
20000498:	50113000 	.word	0x50113000
2000049c:	20001ee0 	.word	0x20001ee0

200004a0 <dcd_rp2040_irq>:
200004a0:	b5f0      	push	{r4, r5, r6, r7, lr}
200004a2:	b085      	sub	sp, #20
200004a4:	4a68      	ldr	r2, [pc, #416]	; (20000648 <dcd_rp2040_irq+0x1a8>)
200004a6:	2398      	movs	r3, #152	; 0x98
200004a8:	58d5      	ldr	r5, [r2, r3]
200004aa:	2380      	movs	r3, #128	; 0x80
200004ac:	029b      	lsls	r3, r3, #10
200004ae:	002c      	movs	r4, r5
200004b0:	401c      	ands	r4, r3
200004b2:	421d      	tst	r5, r3
200004b4:	d04a      	beq.n	2000054c <dcd_rp2040_irq+0xac>
200004b6:	4b65      	ldr	r3, [pc, #404]	; (2000064c <dcd_rp2040_irq+0x1ac>)
200004b8:	6a9a      	ldr	r2, [r3, #40]	; 0x28
200004ba:	4b65      	ldr	r3, [pc, #404]	; (20000650 <dcd_rp2040_irq+0x1b0>)
200004bc:	601a      	str	r2, [r3, #0]
200004be:	2400      	movs	r4, #0
200004c0:	2600      	movs	r6, #0
200004c2:	e009      	b.n	200004d8 <dcd_rp2040_irq+0x38>
200004c4:	4b63      	ldr	r3, [pc, #396]	; (20000654 <dcd_rp2040_irq+0x1b4>)
200004c6:	1899      	adds	r1, r3, r2
200004c8:	313c      	adds	r1, #60	; 0x3c
200004ca:	2300      	movs	r3, #0
200004cc:	700b      	strb	r3, [r1, #0]
200004ce:	f000 f9b9 	bl	20000844 <hw_endpoint_start_next_buffer>
200004d2:	003e      	movs	r6, r7
200004d4:	3401      	adds	r4, #1
200004d6:	b2e4      	uxtb	r4, r4
200004d8:	2c0f      	cmp	r4, #15
200004da:	d817      	bhi.n	2000050c <dcd_rp2040_irq+0x6c>
200004dc:	01a2      	lsls	r2, r4, #6
200004de:	0010      	movs	r0, r2
200004e0:	3020      	adds	r0, #32
200004e2:	4b5c      	ldr	r3, [pc, #368]	; (20000654 <dcd_rp2040_irq+0x1b4>)
200004e4:	18c0      	adds	r0, r0, r3
200004e6:	189b      	adds	r3, r3, r2
200004e8:	333b      	adds	r3, #59	; 0x3b
200004ea:	781b      	ldrb	r3, [r3, #0]
200004ec:	2b02      	cmp	r3, #2
200004ee:	d1f1      	bne.n	200004d4 <dcd_rp2040_irq+0x34>
200004f0:	4b58      	ldr	r3, [pc, #352]	; (20000654 <dcd_rp2040_irq+0x1b4>)
200004f2:	189b      	adds	r3, r3, r2
200004f4:	333a      	adds	r3, #58	; 0x3a
200004f6:	781f      	ldrb	r7, [r3, #0]
200004f8:	2f00      	cmp	r7, #0
200004fa:	d0eb      	beq.n	200004d4 <dcd_rp2040_irq+0x34>
200004fc:	4b55      	ldr	r3, [pc, #340]	; (20000654 <dcd_rp2040_irq+0x1b4>)
200004fe:	189b      	adds	r3, r3, r2
20000500:	333c      	adds	r3, #60	; 0x3c
20000502:	781b      	ldrb	r3, [r3, #0]
20000504:	2b00      	cmp	r3, #0
20000506:	d1dd      	bne.n	200004c4 <dcd_rp2040_irq+0x24>
20000508:	003e      	movs	r6, r7
2000050a:	e7e3      	b.n	200004d4 <dcd_rp2040_irq+0x34>
2000050c:	2e00      	cmp	r6, #0
2000050e:	d108      	bne.n	20000522 <dcd_rp2040_irq+0x82>
20000510:	4b51      	ldr	r3, [pc, #324]	; (20000658 <dcd_rp2040_irq+0x1b8>)
20000512:	781b      	ldrb	r3, [r3, #0]
20000514:	2b00      	cmp	r3, #0
20000516:	d104      	bne.n	20000522 <dcd_rp2040_irq+0x82>
20000518:	4a50      	ldr	r2, [pc, #320]	; (2000065c <dcd_rp2040_irq+0x1bc>)
2000051a:	3390      	adds	r3, #144	; 0x90
2000051c:	2180      	movs	r1, #128	; 0x80
2000051e:	0289      	lsls	r1, r1, #10
20000520:	50d1      	str	r1, [r2, r3]
20000522:	4b49      	ldr	r3, [pc, #292]	; (20000648 <dcd_rp2040_irq+0x1a8>)
20000524:	6c9c      	ldr	r4, [r3, #72]	; 0x48
20000526:	0564      	lsls	r4, r4, #21
20000528:	0d64      	lsrs	r4, r4, #21
2000052a:	220c      	movs	r2, #12
2000052c:	2100      	movs	r1, #0
2000052e:	a801      	add	r0, sp, #4
20000530:	f000 fb42 	bl	20000bb8 <____wrap_memset_veneer>
20000534:	2300      	movs	r3, #0
20000536:	466a      	mov	r2, sp
20000538:	7113      	strb	r3, [r2, #4]
2000053a:	3303      	adds	r3, #3
2000053c:	7153      	strb	r3, [r2, #5]
2000053e:	9402      	str	r4, [sp, #8]
20000540:	2101      	movs	r1, #1
20000542:	a801      	add	r0, sp, #4
20000544:	f000 f9ea 	bl	2000091c <dcd_event_handler>
20000548:	2480      	movs	r4, #128	; 0x80
2000054a:	02a4      	lsls	r4, r4, #10
2000054c:	06eb      	lsls	r3, r5, #27
2000054e:	d409      	bmi.n	20000564 <dcd_rp2040_irq+0xc4>
20000550:	03eb      	lsls	r3, r5, #15
20000552:	d529      	bpl.n	200005a8 <dcd_rp2040_irq+0x108>
20000554:	2380      	movs	r3, #128	; 0x80
20000556:	025b      	lsls	r3, r3, #9
20000558:	431c      	orrs	r4, r3
2000055a:	ab01      	add	r3, sp, #4
2000055c:	4a40      	ldr	r2, [pc, #256]	; (20000660 <dcd_rp2040_irq+0x1c0>)
2000055e:	801a      	strh	r2, [r3, #0]
20000560:	2600      	movs	r6, #0
20000562:	e00b      	b.n	2000057c <dcd_rp2040_irq+0xdc>
20000564:	2310      	movs	r3, #16
20000566:	431c      	orrs	r4, r3
20000568:	f7ff ff48 	bl	200003fc <hw_handle_buff_status>
2000056c:	e7f0      	b.n	20000550 <dcd_rp2040_irq+0xb0>
2000056e:	ab01      	add	r3, sp, #4
20000570:	5d98      	ldrb	r0, [r3, r6]
20000572:	f000 fb31 	bl	20000bd8 <__hw_endpoint_get_by_addr_veneer>
20000576:	2301      	movs	r3, #1
20000578:	70c3      	strb	r3, [r0, #3]
2000057a:	3601      	adds	r6, #1
2000057c:	2e01      	cmp	r6, #1
2000057e:	d9f6      	bls.n	2000056e <dcd_rp2040_irq+0xce>
20000580:	ae01      	add	r6, sp, #4
20000582:	220c      	movs	r2, #12
20000584:	2100      	movs	r1, #0
20000586:	0030      	movs	r0, r6
20000588:	f000 fb16 	bl	20000bb8 <____wrap_memset_veneer>
2000058c:	2306      	movs	r3, #6
2000058e:	7073      	strb	r3, [r6, #1]
20000590:	4a34      	ldr	r2, [pc, #208]	; (20000664 <dcd_rp2040_irq+0x1c4>)
20000592:	ab02      	add	r3, sp, #8
20000594:	ca03      	ldmia	r2!, {r0, r1}
20000596:	c303      	stmia	r3!, {r0, r1}
20000598:	2101      	movs	r1, #1
2000059a:	0030      	movs	r0, r6
2000059c:	f000 f9be 	bl	2000091c <dcd_event_handler>
200005a0:	4b2e      	ldr	r3, [pc, #184]	; (2000065c <dcd_rp2040_irq+0x1bc>)
200005a2:	2280      	movs	r2, #128	; 0x80
200005a4:	0292      	lsls	r2, r2, #10
200005a6:	651a      	str	r2, [r3, #80]	; 0x50
200005a8:	04eb      	lsls	r3, r5, #19
200005aa:	d407      	bmi.n	200005bc <dcd_rp2040_irq+0x11c>
200005ac:	046b      	lsls	r3, r5, #17
200005ae:	d41e      	bmi.n	200005ee <dcd_rp2040_irq+0x14e>
200005b0:	042b      	lsls	r3, r5, #16
200005b2:	d42f      	bmi.n	20000614 <dcd_rp2040_irq+0x174>
200005b4:	42ac      	cmp	r4, r5
200005b6:	d141      	bne.n	2000063c <dcd_rp2040_irq+0x19c>
200005b8:	b005      	add	sp, #20
200005ba:	bdf0      	pop	{r4, r5, r6, r7, pc}
200005bc:	2380      	movs	r3, #128	; 0x80
200005be:	015b      	lsls	r3, r3, #5
200005c0:	431c      	orrs	r4, r3
200005c2:	4b21      	ldr	r3, [pc, #132]	; (20000648 <dcd_rp2040_irq+0x1a8>)
200005c4:	2200      	movs	r2, #0
200005c6:	601a      	str	r2, [r3, #0]
200005c8:	f7ff fef8 	bl	200003bc <reset_non_control_endpoints>
200005cc:	ae01      	add	r6, sp, #4
200005ce:	220c      	movs	r2, #12
200005d0:	2100      	movs	r1, #0
200005d2:	0030      	movs	r0, r6
200005d4:	f000 faf0 	bl	20000bb8 <____wrap_memset_veneer>
200005d8:	2301      	movs	r3, #1
200005da:	7073      	strb	r3, [r6, #1]
200005dc:	2101      	movs	r1, #1
200005de:	0030      	movs	r0, r6
200005e0:	f000 f99c 	bl	2000091c <dcd_event_handler>
200005e4:	4b1d      	ldr	r3, [pc, #116]	; (2000065c <dcd_rp2040_irq+0x1bc>)
200005e6:	2280      	movs	r2, #128	; 0x80
200005e8:	0312      	lsls	r2, r2, #12
200005ea:	651a      	str	r2, [r3, #80]	; 0x50
200005ec:	e7de      	b.n	200005ac <dcd_rp2040_irq+0x10c>
200005ee:	2380      	movs	r3, #128	; 0x80
200005f0:	01db      	lsls	r3, r3, #7
200005f2:	431c      	orrs	r4, r3
200005f4:	ae01      	add	r6, sp, #4
200005f6:	220c      	movs	r2, #12
200005f8:	2100      	movs	r1, #0
200005fa:	0030      	movs	r0, r6
200005fc:	f000 fadc 	bl	20000bb8 <____wrap_memset_veneer>
20000600:	2304      	movs	r3, #4
20000602:	7073      	strb	r3, [r6, #1]
20000604:	2101      	movs	r1, #1
20000606:	0030      	movs	r0, r6
20000608:	f000 f988 	bl	2000091c <dcd_event_handler>
2000060c:	4b13      	ldr	r3, [pc, #76]	; (2000065c <dcd_rp2040_irq+0x1bc>)
2000060e:	2210      	movs	r2, #16
20000610:	651a      	str	r2, [r3, #80]	; 0x50
20000612:	e7cd      	b.n	200005b0 <dcd_rp2040_irq+0x110>
20000614:	2380      	movs	r3, #128	; 0x80
20000616:	021b      	lsls	r3, r3, #8
20000618:	431c      	orrs	r4, r3
2000061a:	ae01      	add	r6, sp, #4
2000061c:	220c      	movs	r2, #12
2000061e:	2100      	movs	r1, #0
20000620:	0030      	movs	r0, r6
20000622:	f000 fac9 	bl	20000bb8 <____wrap_memset_veneer>
20000626:	2305      	movs	r3, #5
20000628:	7073      	strb	r3, [r6, #1]
2000062a:	2101      	movs	r1, #1
2000062c:	0030      	movs	r0, r6
2000062e:	f000 f975 	bl	2000091c <dcd_event_handler>
20000632:	4b0a      	ldr	r3, [pc, #40]	; (2000065c <dcd_rp2040_irq+0x1bc>)
20000634:	2280      	movs	r2, #128	; 0x80
20000636:	0112      	lsls	r2, r2, #4
20000638:	651a      	str	r2, [r3, #80]	; 0x50
2000063a:	e7bb      	b.n	200005b4 <dcd_rp2040_irq+0x114>
2000063c:	0021      	movs	r1, r4
2000063e:	4069      	eors	r1, r5
20000640:	4809      	ldr	r0, [pc, #36]	; (20000668 <dcd_rp2040_irq+0x1c8>)
20000642:	f000 fac1 	bl	20000bc8 <__panic_veneer>
20000646:	46c0      	nop			; (mov r8, r8)
20000648:	50110000 	.word	0x50110000
2000064c:	40054000 	.word	0x40054000
20000650:	20001ed0 	.word	0x20001ed0
20000654:	20001ee0 	.word	0x20001ee0
20000658:	20002542 	.word	0x20002542
2000065c:	50113000 	.word	0x50113000
20000660:	ffff8000 	.word	0xffff8000
20000664:	50100000 	.word	0x50100000
20000668:	1000c054 	.word	0x1000c054

2000066c <e15_is_bulkin_ep>:
2000066c:	4b09      	ldr	r3, [pc, #36]	; (20000694 <e15_is_bulkin_ep+0x28>)
2000066e:	6c1b      	ldr	r3, [r3, #64]	; 0x40
20000670:	079b      	lsls	r3, r3, #30
20000672:	d40c      	bmi.n	2000068e <e15_is_bulkin_ep+0x22>
20000674:	7883      	ldrb	r3, [r0, #2]
20000676:	09db      	lsrs	r3, r3, #7
20000678:	2b01      	cmp	r3, #1
2000067a:	d001      	beq.n	20000680 <e15_is_bulkin_ep+0x14>
2000067c:	2000      	movs	r0, #0
2000067e:	e007      	b.n	20000690 <e15_is_bulkin_ep+0x24>
20000680:	7ec3      	ldrb	r3, [r0, #27]
20000682:	2b02      	cmp	r3, #2
20000684:	d001      	beq.n	2000068a <e15_is_bulkin_ep+0x1e>
20000686:	2000      	movs	r0, #0
20000688:	e002      	b.n	20000690 <e15_is_bulkin_ep+0x24>
2000068a:	2001      	movs	r0, #1
2000068c:	e000      	b.n	20000690 <e15_is_bulkin_ep+0x24>
2000068e:	2000      	movs	r0, #0
20000690:	4770      	bx	lr
20000692:	46c0      	nop			; (mov r8, r8)
20000694:	50110000 	.word	0x50110000

20000698 <e15_is_critical_frame_period>:
20000698:	b510      	push	{r4, lr}
2000069a:	f7ff ffe7 	bl	2000066c <e15_is_bulkin_ep>
2000069e:	2800      	cmp	r0, #0
200006a0:	d009      	beq.n	200006b6 <e15_is_critical_frame_period+0x1e>
200006a2:	4b06      	ldr	r3, [pc, #24]	; (200006bc <e15_is_critical_frame_period+0x24>)
200006a4:	6a9b      	ldr	r3, [r3, #40]	; 0x28
200006a6:	4a06      	ldr	r2, [pc, #24]	; (200006c0 <e15_is_critical_frame_period+0x28>)
200006a8:	6812      	ldr	r2, [r2, #0]
200006aa:	1a9b      	subs	r3, r3, r2
200006ac:	4a05      	ldr	r2, [pc, #20]	; (200006c4 <e15_is_critical_frame_period+0x2c>)
200006ae:	4694      	mov	ip, r2
200006b0:	4463      	add	r3, ip
200006b2:	2bc6      	cmp	r3, #198	; 0xc6
200006b4:	d800      	bhi.n	200006b8 <e15_is_critical_frame_period+0x20>
200006b6:	bd10      	pop	{r4, pc}
200006b8:	2000      	movs	r0, #0
200006ba:	e7fc      	b.n	200006b6 <e15_is_critical_frame_period+0x1e>
200006bc:	40054000 	.word	0x40054000
200006c0:	20001ed0 	.word	0x20001ed0
200006c4:	fffffce0 	.word	0xfffffce0

200006c8 <prepare_ep_buffer>:
200006c8:	b5f8      	push	{r3, r4, r5, r6, r7, lr}
200006ca:	0004      	movs	r4, r0
200006cc:	000f      	movs	r7, r1
200006ce:	8a83      	ldrh	r3, [r0, #20]
200006d0:	8b02      	ldrh	r2, [r0, #24]
200006d2:	1c1e      	adds	r6, r3, #0
200006d4:	4293      	cmp	r3, r2
200006d6:	d900      	bls.n	200006da <prepare_ep_buffer+0x12>
200006d8:	1c16      	adds	r6, r2, #0
200006da:	b2b6      	uxth	r6, r6
200006dc:	1b9b      	subs	r3, r3, r6
200006de:	82a3      	strh	r3, [r4, #20]
200006e0:	2580      	movs	r5, #128	; 0x80
200006e2:	00ed      	lsls	r5, r5, #3
200006e4:	4335      	orrs	r5, r6
200006e6:	78e3      	ldrb	r3, [r4, #3]
200006e8:	2b00      	cmp	r3, #0
200006ea:	d013      	beq.n	20000714 <prepare_ep_buffer+0x4c>
200006ec:	2280      	movs	r2, #128	; 0x80
200006ee:	0192      	lsls	r2, r2, #6
200006f0:	4315      	orrs	r5, r2
200006f2:	2201      	movs	r2, #1
200006f4:	4053      	eors	r3, r2
200006f6:	70e3      	strb	r3, [r4, #3]
200006f8:	7863      	ldrb	r3, [r4, #1]
200006fa:	2b00      	cmp	r3, #0
200006fc:	d00c      	beq.n	20000718 <prepare_ep_buffer+0x50>
200006fe:	8aa3      	ldrh	r3, [r4, #20]
20000700:	2b00      	cmp	r3, #0
20000702:	d102      	bne.n	2000070a <prepare_ep_buffer+0x42>
20000704:	2380      	movs	r3, #128	; 0x80
20000706:	01db      	lsls	r3, r3, #7
20000708:	431d      	orrs	r5, r3
2000070a:	2f00      	cmp	r7, #0
2000070c:	d000      	beq.n	20000710 <prepare_ep_buffer+0x48>
2000070e:	042d      	lsls	r5, r5, #16
20000710:	0028      	movs	r0, r5
20000712:	bdf8      	pop	{r3, r4, r5, r6, r7, pc}
20000714:	2200      	movs	r2, #0
20000716:	e7eb      	b.n	200006f0 <prepare_ep_buffer+0x28>
20000718:	01b8      	lsls	r0, r7, #6
2000071a:	68e3      	ldr	r3, [r4, #12]
2000071c:	469c      	mov	ip, r3
2000071e:	4460      	add	r0, ip
20000720:	0032      	movs	r2, r6
20000722:	6921      	ldr	r1, [r4, #16]
20000724:	f000 fa70 	bl	20000c08 <____wrap_memcpy_veneer>
20000728:	6923      	ldr	r3, [r4, #16]
2000072a:	469c      	mov	ip, r3
2000072c:	4466      	add	r6, ip
2000072e:	6126      	str	r6, [r4, #16]
20000730:	2380      	movs	r3, #128	; 0x80
20000732:	021b      	lsls	r3, r3, #8
20000734:	431d      	orrs	r5, r3
20000736:	e7e2      	b.n	200006fe <prepare_ep_buffer+0x36>

20000738 <sync_ep_buffer>:
20000738:	b570      	push	{r4, r5, r6, lr}
2000073a:	0004      	movs	r4, r0
2000073c:	6883      	ldr	r3, [r0, #8]
2000073e:	681b      	ldr	r3, [r3, #0]
20000740:	2900      	cmp	r1, #0
20000742:	d000      	beq.n	20000746 <sync_ep_buffer+0xe>
20000744:	0c1b      	lsrs	r3, r3, #16
20000746:	059d      	lsls	r5, r3, #22
20000748:	0dad      	lsrs	r5, r5, #22
2000074a:	7862      	ldrb	r2, [r4, #1]
2000074c:	2a00      	cmp	r2, #0
2000074e:	d112      	bne.n	20000776 <sync_ep_buffer+0x3e>
20000750:	041b      	lsls	r3, r3, #16
20000752:	d409      	bmi.n	20000768 <sync_ep_buffer+0x30>
20000754:	8ae3      	ldrh	r3, [r4, #22]
20000756:	195b      	adds	r3, r3, r5
20000758:	82e3      	strh	r3, [r4, #22]
2000075a:	8b23      	ldrh	r3, [r4, #24]
2000075c:	42ab      	cmp	r3, r5
2000075e:	d901      	bls.n	20000764 <sync_ep_buffer+0x2c>
20000760:	2300      	movs	r3, #0
20000762:	82a3      	strh	r3, [r4, #20]
20000764:	0028      	movs	r0, r5
20000766:	bd70      	pop	{r4, r5, r6, pc}
20000768:	2181      	movs	r1, #129	; 0x81
2000076a:	4b0f      	ldr	r3, [pc, #60]	; (200007a8 <sync_ep_buffer+0x70>)
2000076c:	4a0f      	ldr	r2, [pc, #60]	; (200007ac <sync_ep_buffer+0x74>)
2000076e:	0049      	lsls	r1, r1, #1
20000770:	480f      	ldr	r0, [pc, #60]	; (200007b0 <sync_ep_buffer+0x78>)
20000772:	f000 fa69 	bl	20000c48 <____assert_func_veneer>
20000776:	041b      	lsls	r3, r3, #16
20000778:	d50e      	bpl.n	20000798 <sync_ep_buffer+0x60>
2000077a:	0189      	lsls	r1, r1, #6
2000077c:	68e3      	ldr	r3, [r4, #12]
2000077e:	469c      	mov	ip, r3
20000780:	4461      	add	r1, ip
20000782:	002a      	movs	r2, r5
20000784:	6920      	ldr	r0, [r4, #16]
20000786:	f000 fa3f 	bl	20000c08 <____wrap_memcpy_veneer>
2000078a:	8ae3      	ldrh	r3, [r4, #22]
2000078c:	195b      	adds	r3, r3, r5
2000078e:	82e3      	strh	r3, [r4, #22]
20000790:	6923      	ldr	r3, [r4, #16]
20000792:	195b      	adds	r3, r3, r5
20000794:	6123      	str	r3, [r4, #16]
20000796:	e7e0      	b.n	2000075a <sync_ep_buffer+0x22>
20000798:	210a      	movs	r1, #10
2000079a:	4b06      	ldr	r3, [pc, #24]	; (200007b4 <sync_ep_buffer+0x7c>)
2000079c:	4a03      	ldr	r2, [pc, #12]	; (200007ac <sync_ep_buffer+0x74>)
2000079e:	31ff      	adds	r1, #255	; 0xff
200007a0:	4803      	ldr	r0, [pc, #12]	; (200007b0 <sync_ep_buffer+0x78>)
200007a2:	f000 fa51 	bl	20000c48 <____assert_func_veneer>
200007a6:	46c0      	nop			; (mov r8, r8)
200007a8:	1000c0d4 	.word	0x1000c0d4
200007ac:	1000c1d8 	.word	0x1000c1d8
200007b0:	1000c0f4 	.word	0x1000c0f4
200007b4:	1000c164 	.word	0x1000c164

200007b8 <_hw_endpoint_xfer_sync>:
200007b8:	b510      	push	{r4, lr}
200007ba:	0004      	movs	r4, r0
200007bc:	6883      	ldr	r3, [r0, #8]
200007be:	681b      	ldr	r3, [r3, #0]
200007c0:	2100      	movs	r1, #0
200007c2:	f7ff ffb9 	bl	20000738 <sync_ep_buffer>
200007c6:	6863      	ldr	r3, [r4, #4]
200007c8:	681b      	ldr	r3, [r3, #0]
200007ca:	005b      	lsls	r3, r3, #1
200007cc:	d502      	bpl.n	200007d4 <_hw_endpoint_xfer_sync+0x1c>
200007ce:	8b23      	ldrh	r3, [r4, #24]
200007d0:	4283      	cmp	r3, r0
200007d2:	d000      	beq.n	200007d6 <_hw_endpoint_xfer_sync+0x1e>
200007d4:	bd10      	pop	{r4, pc}
200007d6:	2101      	movs	r1, #1
200007d8:	0020      	movs	r0, r4
200007da:	f7ff ffad 	bl	20000738 <sync_ep_buffer>
200007de:	e7f9      	b.n	200007d4 <_hw_endpoint_xfer_sync+0x1c>

200007e0 <hw_endpoint_reset_transfer>:
200007e0:	2300      	movs	r3, #0
200007e2:	7683      	strb	r3, [r0, #26]
200007e4:	8283      	strh	r3, [r0, #20]
200007e6:	82c3      	strh	r3, [r0, #22]
200007e8:	6103      	str	r3, [r0, #16]
200007ea:	4770      	bx	lr

200007ec <_hw_endpoint_buffer_control_update32>:
200007ec:	b510      	push	{r4, lr}
200007ee:	2900      	cmp	r1, #0
200007f0:	d002      	beq.n	200007f8 <_hw_endpoint_buffer_control_update32+0xc>
200007f2:	6883      	ldr	r3, [r0, #8]
200007f4:	681b      	ldr	r3, [r3, #0]
200007f6:	4019      	ands	r1, r3
200007f8:	2a00      	cmp	r2, #0
200007fa:	d00f      	beq.n	2000081c <_hw_endpoint_buffer_control_update32+0x30>
200007fc:	4311      	orrs	r1, r2
200007fe:	0553      	lsls	r3, r2, #21
20000800:	d50c      	bpl.n	2000081c <_hw_endpoint_buffer_control_update32+0x30>
20000802:	6882      	ldr	r2, [r0, #8]
20000804:	6813      	ldr	r3, [r2, #0]
20000806:	055b      	lsls	r3, r3, #21
20000808:	d40b      	bmi.n	20000822 <_hw_endpoint_buffer_control_update32+0x36>
2000080a:	4b0b      	ldr	r3, [pc, #44]	; (20000838 <_hw_endpoint_buffer_control_update32+0x4c>)
2000080c:	400b      	ands	r3, r1
2000080e:	6013      	str	r3, [r2, #0]
20000810:	e7ff      	b.n	20000812 <_hw_endpoint_buffer_control_update32+0x26>
20000812:	e7ff      	b.n	20000814 <_hw_endpoint_buffer_control_update32+0x28>
20000814:	e7ff      	b.n	20000816 <_hw_endpoint_buffer_control_update32+0x2a>
20000816:	e7ff      	b.n	20000818 <_hw_endpoint_buffer_control_update32+0x2c>
20000818:	e7ff      	b.n	2000081a <_hw_endpoint_buffer_control_update32+0x2e>
2000081a:	e7ff      	b.n	2000081c <_hw_endpoint_buffer_control_update32+0x30>
2000081c:	6883      	ldr	r3, [r0, #8]
2000081e:	6019      	str	r1, [r3, #0]
20000820:	bd10      	pop	{r4, pc}
20000822:	7883      	ldrb	r3, [r0, #2]
20000824:	217f      	movs	r1, #127	; 0x7f
20000826:	4019      	ands	r1, r3
20000828:	09db      	lsrs	r3, r3, #7
2000082a:	009b      	lsls	r3, r3, #2
2000082c:	4a03      	ldr	r2, [pc, #12]	; (2000083c <_hw_endpoint_buffer_control_update32+0x50>)
2000082e:	589a      	ldr	r2, [r3, r2]
20000830:	4803      	ldr	r0, [pc, #12]	; (20000840 <_hw_endpoint_buffer_control_update32+0x54>)
20000832:	f000 f9c9 	bl	20000bc8 <__panic_veneer>
20000836:	46c0      	nop			; (mov r8, r8)
20000838:	fffffbff 	.word	0xfffffbff
2000083c:	20000d78 	.word	0x20000d78
20000840:	1000c184 	.word	0x1000c184

20000844 <hw_endpoint_start_next_buffer>:
20000844:	b570      	push	{r4, r5, r6, lr}
20000846:	0004      	movs	r4, r0
20000848:	6843      	ldr	r3, [r0, #4]
2000084a:	681e      	ldr	r6, [r3, #0]
2000084c:	2100      	movs	r1, #0
2000084e:	f7ff ff3b 	bl	200006c8 <prepare_ep_buffer>
20000852:	2580      	movs	r5, #128	; 0x80
20000854:	016d      	lsls	r5, r5, #5
20000856:	4305      	orrs	r5, r0
20000858:	4b19      	ldr	r3, [pc, #100]	; (200008c0 <hw_endpoint_start_next_buffer+0x7c>)
2000085a:	6c1b      	ldr	r3, [r3, #64]	; 0x40
2000085c:	2202      	movs	r2, #2
2000085e:	0011      	movs	r1, r2
20000860:	4019      	ands	r1, r3
20000862:	421a      	tst	r2, r3
20000864:	d102      	bne.n	2000086c <hw_endpoint_start_next_buffer+0x28>
20000866:	78a3      	ldrb	r3, [r4, #2]
20000868:	09db      	lsrs	r3, r3, #7
2000086a:	d006      	beq.n	2000087a <hw_endpoint_start_next_buffer+0x36>
2000086c:	2900      	cmp	r1, #0
2000086e:	d006      	beq.n	2000087e <hw_endpoint_start_next_buffer+0x3a>
20000870:	78a3      	ldrb	r3, [r4, #2]
20000872:	065b      	lsls	r3, r3, #25
20000874:	d116      	bne.n	200008a4 <hw_endpoint_start_next_buffer+0x60>
20000876:	2300      	movs	r3, #0
20000878:	e002      	b.n	20000880 <hw_endpoint_start_next_buffer+0x3c>
2000087a:	2301      	movs	r3, #1
2000087c:	e000      	b.n	20000880 <hw_endpoint_start_next_buffer+0x3c>
2000087e:	2300      	movs	r3, #0
20000880:	8aa2      	ldrh	r2, [r4, #20]
20000882:	2a00      	cmp	r2, #0
20000884:	d001      	beq.n	2000088a <hw_endpoint_start_next_buffer+0x46>
20000886:	2b00      	cmp	r3, #0
20000888:	d00e      	beq.n	200008a8 <hw_endpoint_start_next_buffer+0x64>
2000088a:	4b0e      	ldr	r3, [pc, #56]	; (200008c4 <hw_endpoint_start_next_buffer+0x80>)
2000088c:	401e      	ands	r6, r3
2000088e:	2380      	movs	r3, #128	; 0x80
20000890:	059b      	lsls	r3, r3, #22
20000892:	4333      	orrs	r3, r6
20000894:	6862      	ldr	r2, [r4, #4]
20000896:	6013      	str	r3, [r2, #0]
20000898:	002a      	movs	r2, r5
2000089a:	2100      	movs	r1, #0
2000089c:	0020      	movs	r0, r4
2000089e:	f7ff ffa5 	bl	200007ec <_hw_endpoint_buffer_control_update32>
200008a2:	bd70      	pop	{r4, r5, r6, pc}
200008a4:	2301      	movs	r3, #1
200008a6:	e7eb      	b.n	20000880 <hw_endpoint_start_next_buffer+0x3c>
200008a8:	2101      	movs	r1, #1
200008aa:	0020      	movs	r0, r4
200008ac:	f7ff ff0c 	bl	200006c8 <prepare_ep_buffer>
200008b0:	4305      	orrs	r5, r0
200008b2:	4b05      	ldr	r3, [pc, #20]	; (200008c8 <hw_endpoint_start_next_buffer+0x84>)
200008b4:	401e      	ands	r6, r3
200008b6:	23a0      	movs	r3, #160	; 0xa0
200008b8:	05db      	lsls	r3, r3, #23
200008ba:	4333      	orrs	r3, r6
200008bc:	e7ea      	b.n	20000894 <hw_endpoint_start_next_buffer+0x50>
200008be:	46c0      	nop			; (mov r8, r8)
200008c0:	50110000 	.word	0x50110000
200008c4:	afffffff 	.word	0xafffffff
200008c8:	dfffffff 	.word	0xdfffffff

200008cc <hw_endpoint_xfer_continue>:
200008cc:	b570      	push	{r4, r5, r6, lr}
200008ce:	0004      	movs	r4, r0
200008d0:	7e85      	ldrb	r5, [r0, #26]
200008d2:	2d00      	cmp	r5, #0
200008d4:	d006      	beq.n	200008e4 <hw_endpoint_xfer_continue+0x18>
200008d6:	f7ff ff6f 	bl	200007b8 <_hw_endpoint_xfer_sync>
200008da:	8aa3      	ldrh	r3, [r4, #20]
200008dc:	2b00      	cmp	r3, #0
200008de:	d10b      	bne.n	200008f8 <hw_endpoint_xfer_continue+0x2c>
200008e0:	0028      	movs	r0, r5
200008e2:	bd70      	pop	{r4, r5, r6, pc}
200008e4:	7883      	ldrb	r3, [r0, #2]
200008e6:	217f      	movs	r1, #127	; 0x7f
200008e8:	4019      	ands	r1, r3
200008ea:	09db      	lsrs	r3, r3, #7
200008ec:	009b      	lsls	r3, r3, #2
200008ee:	4a09      	ldr	r2, [pc, #36]	; (20000914 <hw_endpoint_xfer_continue+0x48>)
200008f0:	589a      	ldr	r2, [r3, r2]
200008f2:	4809      	ldr	r0, [pc, #36]	; (20000918 <hw_endpoint_xfer_continue+0x4c>)
200008f4:	f000 f968 	bl	20000bc8 <__panic_veneer>
200008f8:	0020      	movs	r0, r4
200008fa:	f7ff fecd 	bl	20000698 <e15_is_critical_frame_period>
200008fe:	1e05      	subs	r5, r0, #0
20000900:	d003      	beq.n	2000090a <hw_endpoint_xfer_continue+0x3e>
20000902:	2301      	movs	r3, #1
20000904:	7723      	strb	r3, [r4, #28]
20000906:	2500      	movs	r5, #0
20000908:	e7ea      	b.n	200008e0 <hw_endpoint_xfer_continue+0x14>
2000090a:	0020      	movs	r0, r4
2000090c:	f7ff ff9a 	bl	20000844 <hw_endpoint_start_next_buffer>
20000910:	e7e6      	b.n	200008e0 <hw_endpoint_xfer_continue+0x14>
20000912:	46c0      	nop			; (mov r8, r8)
20000914:	20000d78 	.word	0x20000d78
20000918:	1000c1a4 	.word	0x1000c1a4

2000091c <dcd_event_handler>:
2000091c:	b530      	push	{r4, r5, lr}
2000091e:	b085      	sub	sp, #20
20000920:	0005      	movs	r5, r0
20000922:	7843      	ldrb	r3, [r0, #1]
20000924:	2b04      	cmp	r3, #4
20000926:	d100      	bne.n	2000092a <dcd_event_handler+0xe>
20000928:	e059      	b.n	200009de <dcd_event_handler+0xc2>
2000092a:	d806      	bhi.n	2000093a <dcd_event_handler+0x1e>
2000092c:	2b02      	cmp	r3, #2
2000092e:	d02b      	beq.n	20000988 <dcd_event_handler+0x6c>
20000930:	2b03      	cmp	r3, #3
20000932:	d000      	beq.n	20000936 <dcd_event_handler+0x1a>
20000934:	e0cb      	b.n	20000ace <dcd_event_handler+0x1b2>
20000936:	2400      	movs	r4, #0
20000938:	e083      	b.n	20000a42 <dcd_event_handler+0x126>
2000093a:	2b05      	cmp	r3, #5
2000093c:	d000      	beq.n	20000940 <dcd_event_handler+0x24>
2000093e:	e0c6      	b.n	20000ace <dcd_event_handler+0x1b2>
20000940:	4b70      	ldr	r3, [pc, #448]	; (20000b04 <dcd_event_handler+0x1e8>)
20000942:	781b      	ldrb	r3, [r3, #0]
20000944:	07db      	lsls	r3, r3, #31
20000946:	d548      	bpl.n	200009da <dcd_event_handler+0xbe>
20000948:	4a6e      	ldr	r2, [pc, #440]	; (20000b04 <dcd_event_handler+0x1e8>)
2000094a:	7813      	ldrb	r3, [r2, #0]
2000094c:	2104      	movs	r1, #4
2000094e:	438b      	bics	r3, r1
20000950:	7013      	strb	r3, [r2, #0]
20000952:	4b6d      	ldr	r3, [pc, #436]	; (20000b08 <dcd_event_handler+0x1ec>)
20000954:	681c      	ldr	r4, [r3, #0]
20000956:	0021      	movs	r1, r4
20000958:	3114      	adds	r1, #20
2000095a:	6962      	ldr	r2, [r4, #20]
2000095c:	f3ef 8010 	mrs	r0, PRIMASK
20000960:	b672      	cpsid	i
20000962:	6813      	ldr	r3, [r2, #0]
20000964:	2b00      	cmp	r3, #0
20000966:	d0fc      	beq.n	20000962 <dcd_event_handler+0x46>
20000968:	f3bf 8f5f 	dmb	sy
2000096c:	6048      	str	r0, [r1, #4]
2000096e:	0029      	movs	r1, r5
20000970:	0020      	movs	r0, r4
20000972:	f000 f951 	bl	20000c18 <__tu_fifo_write_veneer>
20000976:	6962      	ldr	r2, [r4, #20]
20000978:	69a3      	ldr	r3, [r4, #24]
2000097a:	f3bf 8f5f 	dmb	sy
2000097e:	2100      	movs	r1, #0
20000980:	6011      	str	r1, [r2, #0]
20000982:	f383 8810 	msr	PRIMASK, r3
20000986:	e028      	b.n	200009da <dcd_event_handler+0xbe>
20000988:	4b5e      	ldr	r3, [pc, #376]	; (20000b04 <dcd_event_handler+0x1e8>)
2000098a:	781a      	ldrb	r2, [r3, #0]
2000098c:	2101      	movs	r1, #1
2000098e:	438a      	bics	r2, r1
20000990:	701a      	strb	r2, [r3, #0]
20000992:	781a      	ldrb	r2, [r3, #0]
20000994:	3101      	adds	r1, #1
20000996:	438a      	bics	r2, r1
20000998:	701a      	strb	r2, [r3, #0]
2000099a:	2200      	movs	r2, #0
2000099c:	705a      	strb	r2, [r3, #1]
2000099e:	781a      	ldrb	r2, [r3, #0]
200009a0:	3102      	adds	r1, #2
200009a2:	438a      	bics	r2, r1
200009a4:	701a      	strb	r2, [r3, #0]
200009a6:	4b58      	ldr	r3, [pc, #352]	; (20000b08 <dcd_event_handler+0x1ec>)
200009a8:	681c      	ldr	r4, [r3, #0]
200009aa:	0021      	movs	r1, r4
200009ac:	3114      	adds	r1, #20
200009ae:	6962      	ldr	r2, [r4, #20]
200009b0:	f3ef 8010 	mrs	r0, PRIMASK
200009b4:	b672      	cpsid	i
200009b6:	6813      	ldr	r3, [r2, #0]
200009b8:	2b00      	cmp	r3, #0
200009ba:	d0fc      	beq.n	200009b6 <dcd_event_handler+0x9a>
200009bc:	f3bf 8f5f 	dmb	sy
200009c0:	6048      	str	r0, [r1, #4]
200009c2:	0029      	movs	r1, r5
200009c4:	0020      	movs	r0, r4
200009c6:	f000 f927 	bl	20000c18 <__tu_fifo_write_veneer>
200009ca:	6962      	ldr	r2, [r4, #20]
200009cc:	69a3      	ldr	r3, [r4, #24]
200009ce:	f3bf 8f5f 	dmb	sy
200009d2:	2100      	movs	r1, #0
200009d4:	6011      	str	r1, [r2, #0]
200009d6:	f383 8810 	msr	PRIMASK, r3
200009da:	b005      	add	sp, #20
200009dc:	bd30      	pop	{r4, r5, pc}
200009de:	4b49      	ldr	r3, [pc, #292]	; (20000b04 <dcd_event_handler+0x1e8>)
200009e0:	781b      	ldrb	r3, [r3, #0]
200009e2:	07db      	lsls	r3, r3, #31
200009e4:	d5f9      	bpl.n	200009da <dcd_event_handler+0xbe>
200009e6:	4a47      	ldr	r2, [pc, #284]	; (20000b04 <dcd_event_handler+0x1e8>)
200009e8:	7813      	ldrb	r3, [r2, #0]
200009ea:	2104      	movs	r1, #4
200009ec:	430b      	orrs	r3, r1
200009ee:	7013      	strb	r3, [r2, #0]
200009f0:	4b45      	ldr	r3, [pc, #276]	; (20000b08 <dcd_event_handler+0x1ec>)
200009f2:	681c      	ldr	r4, [r3, #0]
200009f4:	0021      	movs	r1, r4
200009f6:	3114      	adds	r1, #20
200009f8:	6962      	ldr	r2, [r4, #20]
200009fa:	f3ef 8010 	mrs	r0, PRIMASK
200009fe:	b672      	cpsid	i
20000a00:	6813      	ldr	r3, [r2, #0]
20000a02:	2b00      	cmp	r3, #0
20000a04:	d0fc      	beq.n	20000a00 <dcd_event_handler+0xe4>
20000a06:	f3bf 8f5f 	dmb	sy
20000a0a:	6048      	str	r0, [r1, #4]
20000a0c:	0029      	movs	r1, r5
20000a0e:	0020      	movs	r0, r4
20000a10:	f000 f902 	bl	20000c18 <__tu_fifo_write_veneer>
20000a14:	6962      	ldr	r2, [r4, #20]
20000a16:	69a3      	ldr	r3, [r4, #24]
20000a18:	f3bf 8f5f 	dmb	sy
20000a1c:	2100      	movs	r1, #0
20000a1e:	6011      	str	r1, [r2, #0]
20000a20:	f383 8810 	msr	PRIMASK, r3
20000a24:	e7d9      	b.n	200009da <dcd_event_handler+0xbe>
20000a26:	0063      	lsls	r3, r4, #1
20000a28:	191b      	adds	r3, r3, r4
20000a2a:	00da      	lsls	r2, r3, #3
20000a2c:	4b37      	ldr	r3, [pc, #220]	; (20000b0c <dcd_event_handler+0x1f0>)
20000a2e:	681b      	ldr	r3, [r3, #0]
20000a30:	189b      	adds	r3, r3, r2
20000a32:	e018      	b.n	20000a66 <dcd_event_handler+0x14a>
20000a34:	0023      	movs	r3, r4
20000a36:	e00f      	b.n	20000a58 <dcd_event_handler+0x13c>
20000a38:	7828      	ldrb	r0, [r5, #0]
20000a3a:	6869      	ldr	r1, [r5, #4]
20000a3c:	4798      	blx	r3
20000a3e:	3401      	adds	r4, #1
20000a40:	b2e4      	uxtb	r4, r4
20000a42:	4b33      	ldr	r3, [pc, #204]	; (20000b10 <dcd_event_handler+0x1f4>)
20000a44:	781b      	ldrb	r3, [r3, #0]
20000a46:	42a3      	cmp	r3, r4
20000a48:	d313      	bcc.n	20000a72 <dcd_event_handler+0x156>
20000a4a:	4a32      	ldr	r2, [pc, #200]	; (20000b14 <dcd_event_handler+0x1f8>)
20000a4c:	2a00      	cmp	r2, #0
20000a4e:	d0f1      	beq.n	20000a34 <dcd_event_handler+0x118>
20000a50:	42a3      	cmp	r3, r4
20000a52:	d8e8      	bhi.n	20000a26 <dcd_event_handler+0x10a>
20000a54:	1ae3      	subs	r3, r4, r3
20000a56:	b2db      	uxtb	r3, r3
20000a58:	2b00      	cmp	r3, #0
20000a5a:	d1f0      	bne.n	20000a3e <dcd_event_handler+0x122>
20000a5c:	005a      	lsls	r2, r3, #1
20000a5e:	18d2      	adds	r2, r2, r3
20000a60:	00d2      	lsls	r2, r2, #3
20000a62:	4b2d      	ldr	r3, [pc, #180]	; (20000b18 <dcd_event_handler+0x1fc>)
20000a64:	189b      	adds	r3, r3, r2
20000a66:	2b00      	cmp	r3, #0
20000a68:	d0e9      	beq.n	20000a3e <dcd_event_handler+0x122>
20000a6a:	695b      	ldr	r3, [r3, #20]
20000a6c:	2b00      	cmp	r3, #0
20000a6e:	d1e3      	bne.n	20000a38 <dcd_event_handler+0x11c>
20000a70:	e7e5      	b.n	20000a3e <dcd_event_handler+0x122>
20000a72:	4b24      	ldr	r3, [pc, #144]	; (20000b04 <dcd_event_handler+0x1e8>)
20000a74:	781b      	ldrb	r3, [r3, #0]
20000a76:	075b      	lsls	r3, r3, #29
20000a78:	d5af      	bpl.n	200009da <dcd_event_handler+0xbe>
20000a7a:	4a22      	ldr	r2, [pc, #136]	; (20000b04 <dcd_event_handler+0x1e8>)
20000a7c:	7813      	ldrb	r3, [r2, #0]
20000a7e:	2104      	movs	r1, #4
20000a80:	438b      	bics	r3, r1
20000a82:	7013      	strb	r3, [r2, #0]
20000a84:	220c      	movs	r2, #12
20000a86:	2100      	movs	r1, #0
20000a88:	a801      	add	r0, sp, #4
20000a8a:	f000 f895 	bl	20000bb8 <____wrap_memset_veneer>
20000a8e:	782b      	ldrb	r3, [r5, #0]
20000a90:	466a      	mov	r2, sp
20000a92:	7113      	strb	r3, [r2, #4]
20000a94:	2305      	movs	r3, #5
20000a96:	7153      	strb	r3, [r2, #5]
20000a98:	4b1b      	ldr	r3, [pc, #108]	; (20000b08 <dcd_event_handler+0x1ec>)
20000a9a:	681c      	ldr	r4, [r3, #0]
20000a9c:	0021      	movs	r1, r4
20000a9e:	3114      	adds	r1, #20
20000aa0:	6962      	ldr	r2, [r4, #20]
20000aa2:	f3ef 8010 	mrs	r0, PRIMASK
20000aa6:	b672      	cpsid	i
20000aa8:	6813      	ldr	r3, [r2, #0]
20000aaa:	2b00      	cmp	r3, #0
20000aac:	d0fc      	beq.n	20000aa8 <dcd_event_handler+0x18c>
20000aae:	f3bf 8f5f 	dmb	sy
20000ab2:	6048      	str	r0, [r1, #4]
20000ab4:	a901      	add	r1, sp, #4
20000ab6:	0020      	movs	r0, r4
20000ab8:	f000 f8ae 	bl	20000c18 <__tu_fifo_write_veneer>
20000abc:	6962      	ldr	r2, [r4, #20]
20000abe:	69a3      	ldr	r3, [r4, #24]
20000ac0:	f3bf 8f5f 	dmb	sy
20000ac4:	2100      	movs	r1, #0
20000ac6:	6011      	str	r1, [r2, #0]
20000ac8:	f383 8810 	msr	PRIMASK, r3
20000acc:	e785      	b.n	200009da <dcd_event_handler+0xbe>
20000ace:	4b0e      	ldr	r3, [pc, #56]	; (20000b08 <dcd_event_handler+0x1ec>)
20000ad0:	681c      	ldr	r4, [r3, #0]
20000ad2:	0021      	movs	r1, r4
20000ad4:	3114      	adds	r1, #20
20000ad6:	6962      	ldr	r2, [r4, #20]
20000ad8:	f3ef 8010 	mrs	r0, PRIMASK
20000adc:	b672      	cpsid	i
20000ade:	6813      	ldr	r3, [r2, #0]
20000ae0:	2b00      	cmp	r3, #0
20000ae2:	d0fc      	beq.n	20000ade <dcd_event_handler+0x1c2>
20000ae4:	f3bf 8f5f 	dmb	sy
20000ae8:	6048      	str	r0, [r1, #4]
20000aea:	0029      	movs	r1, r5
20000aec:	0020      	movs	r0, r4
20000aee:	f000 f893 	bl	20000c18 <__tu_fifo_write_veneer>
20000af2:	6962      	ldr	r2, [r4, #20]
20000af4:	69a3      	ldr	r3, [r4, #24]
20000af6:	f3bf 8f5f 	dmb	sy
20000afa:	2100      	movs	r1, #0
20000afc:	6011      	str	r1, [r2, #0]
20000afe:	f383 8810 	msr	PRIMASK, r3
20000b02:	e76a      	b.n	200009da <dcd_event_handler+0xbe>
20000b04:	20001bfc 	.word	0x20001bfc
20000b08:	20001c54 	.word	0x20001c54
20000b0c:	200018d4 	.word	0x200018d4
20000b10:	20002541 	.word	0x20002541
20000b14:	10005629 	.word	0x10005629
20000b18:	1000c274 	.word	0x1000c274

20000b1c <fmaxf>:
20000b1c:	b570      	push	{r4, r5, r6, lr}
20000b1e:	1c04      	adds	r4, r0, #0
20000b20:	1c0d      	adds	r5, r1, #0
20000b22:	f000 f827 	bl	20000b74 <__fpclassifyf>
20000b26:	2800      	cmp	r0, #0
20000b28:	d102      	bne.n	20000b30 <fmaxf+0x14>
20000b2a:	1c2c      	adds	r4, r5, #0
20000b2c:	1c20      	adds	r0, r4, #0
20000b2e:	bd70      	pop	{r4, r5, r6, pc}
20000b30:	1c28      	adds	r0, r5, #0
20000b32:	f000 f81f 	bl	20000b74 <__fpclassifyf>
20000b36:	2800      	cmp	r0, #0
20000b38:	d0f8      	beq.n	20000b2c <fmaxf+0x10>
20000b3a:	1c29      	adds	r1, r5, #0
20000b3c:	1c20      	adds	r0, r4, #0
20000b3e:	f000 f87b 	bl	20000c38 <____wrap___aeabi_fcmpgt_veneer>
20000b42:	2800      	cmp	r0, #0
20000b44:	d1f2      	bne.n	20000b2c <fmaxf+0x10>
20000b46:	e7f0      	b.n	20000b2a <fmaxf+0xe>

20000b48 <fminf>:
20000b48:	b570      	push	{r4, r5, r6, lr}
20000b4a:	1c04      	adds	r4, r0, #0
20000b4c:	1c0d      	adds	r5, r1, #0
20000b4e:	f000 f811 	bl	20000b74 <__fpclassifyf>
20000b52:	2800      	cmp	r0, #0
20000b54:	d102      	bne.n	20000b5c <fminf+0x14>
20000b56:	1c2c      	adds	r4, r5, #0
20000b58:	1c20      	adds	r0, r4, #0
20000b5a:	bd70      	pop	{r4, r5, r6, pc}
20000b5c:	1c28      	adds	r0, r5, #0
20000b5e:	f000 f809 	bl	20000b74 <__fpclassifyf>
20000b62:	2800      	cmp	r0, #0
20000b64:	d0f8      	beq.n	20000b58 <fminf+0x10>
20000b66:	1c29      	adds	r1, r5, #0
20000b68:	1c20      	adds	r0, r4, #0
20000b6a:	f000 f875 	bl	20000c58 <____wrap___aeabi_fcmplt_veneer>
20000b6e:	2800      	cmp	r0, #0
20000b70:	d1f2      	bne.n	20000b58 <fminf+0x10>
20000b72:	e7f0      	b.n	20000b56 <fminf+0xe>

20000b74 <__fpclassifyf>:
20000b74:	0040      	lsls	r0, r0, #1
20000b76:	0843      	lsrs	r3, r0, #1
20000b78:	2800      	cmp	r0, #0
20000b7a:	d00e      	beq.n	20000b9a <__fpclassifyf+0x26>
20000b7c:	21fe      	movs	r1, #254	; 0xfe
20000b7e:	4a0a      	ldr	r2, [pc, #40]	; (20000ba8 <__fpclassifyf+0x34>)
20000b80:	05c9      	lsls	r1, r1, #23
20000b82:	189a      	adds	r2, r3, r2
20000b84:	428a      	cmp	r2, r1
20000b86:	d30c      	bcc.n	20000ba2 <__fpclassifyf+0x2e>
20000b88:	4908      	ldr	r1, [pc, #32]	; (20000bac <__fpclassifyf+0x38>)
20000b8a:	1e5a      	subs	r2, r3, #1
20000b8c:	428a      	cmp	r2, r1
20000b8e:	d906      	bls.n	20000b9e <__fpclassifyf+0x2a>
20000b90:	4a07      	ldr	r2, [pc, #28]	; (20000bb0 <__fpclassifyf+0x3c>)
20000b92:	1898      	adds	r0, r3, r2
20000b94:	4243      	negs	r3, r0
20000b96:	4158      	adcs	r0, r3
20000b98:	4770      	bx	lr
20000b9a:	2002      	movs	r0, #2
20000b9c:	e7fc      	b.n	20000b98 <__fpclassifyf+0x24>
20000b9e:	2003      	movs	r0, #3
20000ba0:	e7fa      	b.n	20000b98 <__fpclassifyf+0x24>
20000ba2:	2004      	movs	r0, #4
20000ba4:	e7f8      	b.n	20000b98 <__fpclassifyf+0x24>
20000ba6:	46c0      	nop			; (mov r8, r8)
20000ba8:	ff800000 	.word	0xff800000
20000bac:	007ffffe 	.word	0x007ffffe
20000bb0:	80800000 	.word	0x80800000

20000bb4 <__aeabi_idiv0>:
20000bb4:	4770      	bx	lr
20000bb6:	46c0      	nop			; (mov r8, r8)

20000bb8 <____wrap_memset_veneer>:
20000bb8:	b401      	push	{r0}
20000bba:	4802      	ldr	r0, [pc, #8]	; (20000bc4 <____wrap_memset_veneer+0xc>)
20000bbc:	4684      	mov	ip, r0
20000bbe:	bc01      	pop	{r0}
20000bc0:	4760      	bx	ip
20000bc2:	bf00      	nop
20000bc4:	10005275 	.word	0x10005275

20000bc8 <__panic_veneer>:
20000bc8:	b401      	push	{r0}
20000bca:	4802      	ldr	r0, [pc, #8]	; (20000bd4 <__panic_veneer+0xc>)
20000bcc:	4684      	mov	ip, r0
20000bce:	bc01      	pop	{r0}
20000bd0:	4760      	bx	ip
20000bd2:	bf00      	nop
20000bd4:	10002c15 	.word	0x10002c15

20000bd8 <__hw_endpoint_get_by_addr_veneer>:
20000bd8:	b401      	push	{r0}
20000bda:	4802      	ldr	r0, [pc, #8]	; (20000be4 <__hw_endpoint_get_by_addr_veneer+0xc>)
20000bdc:	4684      	mov	ip, r0
20000bde:	bc01      	pop	{r0}
20000be0:	4760      	bx	ip
20000be2:	bf00      	nop
20000be4:	10005c0d 	.word	0x10005c0d

20000be8 <__best_effort_wfe_or_timeout_veneer>:
20000be8:	b401      	push	{r0}
20000bea:	4802      	ldr	r0, [pc, #8]	; (20000bf4 <__best_effort_wfe_or_timeout_veneer+0xc>)
20000bec:	4684      	mov	ip, r0
20000bee:	bc01      	pop	{r0}
20000bf0:	4760      	bx	ip
20000bf2:	bf00      	nop
20000bf4:	10001edd 	.word	0x10001edd

20000bf8 <__time_us_64_veneer>:
20000bf8:	b401      	push	{r0}
20000bfa:	4802      	ldr	r0, [pc, #8]	; (20000c04 <__time_us_64_veneer+0xc>)
20000bfc:	4684      	mov	ip, r0
20000bfe:	bc01      	pop	{r0}
20000c00:	4760      	bx	ip
20000c02:	bf00      	nop
20000c04:	10002031 	.word	0x10002031

20000c08 <____wrap_memcpy_veneer>:
20000c08:	b401      	push	{r0}
20000c0a:	4802      	ldr	r0, [pc, #8]	; (20000c14 <____wrap_memcpy_veneer+0xc>)
20000c0c:	4684      	mov	ip, r0
20000c0e:	bc01      	pop	{r0}
20000c10:	4760      	bx	ip
20000c12:	bf00      	nop
20000c14:	10005281 	.word	0x10005281

20000c18 <__tu_fifo_write_veneer>:
20000c18:	b401      	push	{r0}
20000c1a:	4802      	ldr	r0, [pc, #8]	; (20000c24 <__tu_fifo_write_veneer+0xc>)
20000c1c:	4684      	mov	ip, r0
20000c1e:	bc01      	pop	{r0}
20000c20:	4760      	bx	ip
20000c22:	bf00      	nop
20000c24:	10007a75 	.word	0x10007a75

20000c28 <____wrap___aeabi_lmul_veneer>:
20000c28:	b401      	push	{r0}
20000c2a:	4802      	ldr	r0, [pc, #8]	; (20000c34 <____wrap___aeabi_lmul_veneer+0xc>)
20000c2c:	4684      	mov	ip, r0
20000c2e:	bc01      	pop	{r0}
20000c30:	4760      	bx	ip
20000c32:	bf00      	nop
20000c34:	10004d05 	.word	0x10004d05

20000c38 <____wrap___aeabi_fcmpgt_veneer>:
20000c38:	b401      	push	{r0}
20000c3a:	4802      	ldr	r0, [pc, #8]	; (20000c44 <____wrap___aeabi_fcmpgt_veneer+0xc>)
20000c3c:	4684      	mov	ip, r0
20000c3e:	bc01      	pop	{r0}
20000c40:	4760      	bx	ip
20000c42:	bf00      	nop
20000c44:	10004e0d 	.word	0x10004e0d

20000c48 <____assert_func_veneer>:
20000c48:	b401      	push	{r0}
20000c4a:	4802      	ldr	r0, [pc, #8]	; (20000c54 <____assert_func_veneer+0xc>)
20000c4c:	4684      	mov	ip, r0
20000c4e:	bc01      	pop	{r0}
20000c50:	4760      	bx	ip
20000c52:	bf00      	nop
20000c54:	10002ae1 	.word	0x10002ae1

20000c58 <____wrap___aeabi_fcmplt_veneer>:
20000c58:	b401      	push	{r0}
20000c5a:	4802      	ldr	r0, [pc, #8]	; (20000c64 <____wrap___aeabi_fcmplt_veneer+0xc>)
20000c5c:	4684      	mov	ip, r0
20000c5e:	bc01      	pop	{r0}
20000c60:	4760      	bx	ip
20000c62:	bf00      	nop
20000c64:	10004de1 	.word	0x10004de1

20000c68 <amplitude>:
20000c68:	447a0000                                ..zD

20000c6c <colPins>:
20000c6c:	00000016 0000001a 0000001b 0000001c     ................

20000c7c <dacPins>:
20000c7c:	00000000 00000001 00000002 00000003     ................
20000c8c:	00000004 00000005 00000006 00000007     ................

20000c9c <dcOffset>:
20000c9c:	44a28000                                ...D

20000ca0 <frequency>:
20000ca0:	43c80000                                ...C

20000ca4 <keys>:
20000ca4:	41333231 42363534 43393837 4423302a     123A456B789C*0#D

20000cb4 <rowPins>:
20000cb4:	00000012 00000013 00000014 00000015     ................

20000cc4 <striped_spin_lock_num>:
20000cc4:	00000010                                ....

20000cc8 <irq_handler_chain_slots>:
20000cc8:	00000000 	.word	0x00000000
20000ccc:	00010000 	.word	0x00010000
	...
20000cd8:	00020000 	.word	0x00020000
	...
20000ce4:	00030000 	.word	0x00030000
	...
20000cf0:	00ff0000 	.word	0x00ff0000
20000cf4:	00000000 	.word	0x00000000

20000cf8 <irq_handler_chain_first_slot>:
20000cf8:	b501      	push	{r0, lr}
20000cfa:	6848      	ldr	r0, [r1, #4]
20000cfc:	3101      	adds	r1, #1
20000cfe:	468e      	mov	lr, r1
20000d00:	4700      	bx	r0

20000d02 <irq_handler_chain_remove_tail>:
20000d02:	4670      	mov	r0, lr
20000d04:	3809      	subs	r0, #9
20000d06:	4901      	ldr	r1, [pc, #4]	; (20000d0c <irq_handler_chain_remove_tail+0xa>)
20000d08:	4788      	blx	r1
20000d0a:	bd01      	pop	{r0, pc}
20000d0c:	10001281 	.word	0x10001281

20000d10 <default_alarm_pool>:
20000d10:	20000d28 00000000 20001770 20001e64     (.. ....p.. d.. 
	...

20000d28 <default_alarm_pool_heap>:
20000d28:	20001e74 00000000 00000000 00000010     t.. ............
	...

20000d40 <aeabi_bits_funcs>:
20000d40:	00003350 	.word	0x00003350
20000d44:	0000334c 	.word	0x0000334c
20000d48:	00003354 	.word	0x00003354
20000d4c:	00003352 	.word	0x00003352

20000d50 <aeabi_bits_funcs_end>:
20000d50:	0000534d 	.word	0x0000534d
20000d54:	0000434d 	.word	0x0000434d
20000d58:	00003453 	.word	0x00003453
20000d5c:	00003443 	.word	0x00003443

20000d60 <stdio_usb>:
20000d60:	100059c5 00000000 10005901 1000565d     .Y.......Y..]V..
20000d70:	00000000 00000100                       ........

20000d78 <ep_dir_string>:
20000d78:	1000c1d0 1000c1d4                       ........

20000d80 <_usbd_qdef>:
20000d80:	20001c58 000c0010 00000000 00000000     X.. ............
	...

20000d9c <_usbd_rhport>:
20000d9c:	000000ff                                ....

20000da0 <_impure_ptr>:
20000da0:	20000da8 00000000                       ... ....

20000da8 <impure_data>:
20000da8:	00000000 20001094 200010fc 20001164     ....... ... d.. 
	...
20000e50:	00000001 00000000 abcd330e e66d1234     .........3..4.m.
20000e60:	0005deec 0000000b 00000000 00000000     ................
	...

200011d0 <__malloc_av_>:
	...
200011d8:	200011d0 200011d0 200011d8 200011d8     ... ... ... ... 
200011e8:	200011e0 200011e0 200011e8 200011e8     ... ... ... ... 
200011f8:	200011f0 200011f0 200011f8 200011f8     ... ... ... ... 
20001208:	20001200 20001200 20001208 20001208     ... ... ... ... 
20001218:	20001210 20001210 20001218 20001218     ... ... ... ... 
20001228:	20001220 20001220 20001228 20001228      ..  .. (.. (.. 
20001238:	20001230 20001230 20001238 20001238     0.. 0.. 8.. 8.. 
20001248:	20001240 20001240 20001248 20001248     @.. @.. H.. H.. 
20001258:	20001250 20001250 20001258 20001258     P.. P.. X.. X.. 
20001268:	20001260 20001260 20001268 20001268     `.. `.. h.. h.. 
20001278:	20001270 20001270 20001278 20001278     p.. p.. x.. x.. 
20001288:	20001280 20001280 20001288 20001288     ... ... ... ... 
20001298:	20001290 20001290 20001298 20001298     ... ... ... ... 
200012a8:	200012a0 200012a0 200012a8 200012a8     ... ... ... ... 
200012b8:	200012b0 200012b0 200012b8 200012b8     ... ... ... ... 
200012c8:	200012c0 200012c0 200012c8 200012c8     ... ... ... ... 
200012d8:	200012d0 200012d0 200012d8 200012d8     ... ... ... ... 
200012e8:	200012e0 200012e0 200012e8 200012e8     ... ... ... ... 
200012f8:	200012f0 200012f0 200012f8 200012f8     ... ... ... ... 
20001308:	20001300 20001300 20001308 20001308     ... ... ... ... 
20001318:	20001310 20001310 20001318 20001318     ... ... ... ... 
20001328:	20001320 20001320 20001328 20001328      ..  .. (.. (.. 
20001338:	20001330 20001330 20001338 20001338     0.. 0.. 8.. 8.. 
20001348:	20001340 20001340 20001348 20001348     @.. @.. H.. H.. 
20001358:	20001350 20001350 20001358 20001358     P.. P.. X.. X.. 
20001368:	20001360 20001360 20001368 20001368     `.. `.. h.. h.. 
20001378:	20001370 20001370 20001378 20001378     p.. p.. x.. x.. 
20001388:	20001380 20001380 20001388 20001388     ... ... ... ... 
20001398:	20001390 20001390 20001398 20001398     ... ... ... ... 
200013a8:	200013a0 200013a0 200013a8 200013a8     ... ... ... ... 
200013b8:	200013b0 200013b0 200013b8 200013b8     ... ... ... ... 
200013c8:	200013c0 200013c0 200013c8 200013c8     ... ... ... ... 
200013d8:	200013d0 200013d0 200013d8 200013d8     ... ... ... ... 
200013e8:	200013e0 200013e0 200013e8 200013e8     ... ... ... ... 
200013f8:	200013f0 200013f0 200013f8 200013f8     ... ... ... ... 
20001408:	20001400 20001400 20001408 20001408     ... ... ... ... 
20001418:	20001410 20001410 20001418 20001418     ... ... ... ... 
20001428:	20001420 20001420 20001428 20001428      ..  .. (.. (.. 
20001438:	20001430 20001430 20001438 20001438     0.. 0.. 8.. 8.. 
20001448:	20001440 20001440 20001448 20001448     @.. @.. H.. H.. 
20001458:	20001450 20001450 20001458 20001458     P.. P.. X.. X.. 
20001468:	20001460 20001460 20001468 20001468     `.. `.. h.. h.. 
20001478:	20001470 20001470 20001478 20001478     p.. p.. x.. x.. 
20001488:	20001480 20001480 20001488 20001488     ... ... ... ... 
20001498:	20001490 20001490 20001498 20001498     ... ... ... ... 
200014a8:	200014a0 200014a0 200014a8 200014a8     ... ... ... ... 
200014b8:	200014b0 200014b0 200014b8 200014b8     ... ... ... ... 
200014c8:	200014c0 200014c0 200014c8 200014c8     ... ... ... ... 
200014d8:	200014d0 200014d0 200014d8 200014d8     ... ... ... ... 
200014e8:	200014e0 200014e0 200014e8 200014e8     ... ... ... ... 
200014f8:	200014f0 200014f0 200014f8 200014f8     ... ... ... ... 
20001508:	20001500 20001500 20001508 20001508     ... ... ... ... 
20001518:	20001510 20001510 20001518 20001518     ... ... ... ... 
20001528:	20001520 20001520 20001528 20001528      ..  .. (.. (.. 
20001538:	20001530 20001530 20001538 20001538     0.. 0.. 8.. 8.. 
20001548:	20001540 20001540 20001548 20001548     @.. @.. H.. H.. 
20001558:	20001550 20001550 20001558 20001558     P.. P.. X.. X.. 
20001568:	20001560 20001560 20001568 20001568     `.. `.. h.. h.. 
20001578:	20001570 20001570 20001578 20001578     p.. p.. x.. x.. 
20001588:	20001580 20001580 20001588 20001588     ... ... ... ... 
20001598:	20001590 20001590 20001598 20001598     ... ... ... ... 
200015a8:	200015a0 200015a0 200015a8 200015a8     ... ... ... ... 
200015b8:	200015b0 200015b0 200015b8 200015b8     ... ... ... ... 
200015c8:	200015c0 200015c0 200015c8 200015c8     ... ... ... ... 

200015d8 <__malloc_sbrk_base>:
200015d8:	ffffffff                                ....

200015dc <__malloc_trim_threshold>:
200015dc:	00020000                                ....

200015e0 <numempty>:
200015e0:	000000ff                                ....

200015e4 <__global_locale>:
200015e4:	00000043 00000000 00000000 00000000     C...............
	...
20001604:	00000043 00000000 00000000 00000000     C...............
	...
20001624:	00000043 00000000 00000000 00000000     C...............
	...
20001644:	00000043 00000000 00000000 00000000     C...............
	...
20001664:	00000043 00000000 00000000 00000000     C...............
	...
20001684:	00000043 00000000 00000000 00000000     C...............
	...
200016a4:	00000043 00000000 00000000 00000000     C...............
	...
200016c4:	1000a8b1 10009d35 00000000 1000c6f4     ....5...........
200016d4:	1000c55c 1000aadc 1000aadc 1000aadc     \...............
200016e4:	1000aadc 1000aadc 1000aadc 1000aadc     ................
200016f4:	1000aadc 1000aadc ffffffff ffffffff     ................
20001704:	ffffffff 0000ffff 53410001 00494943     ..........ASCII.
	...
2000172c:	53410000 00494943 00000000 00000000     ..ASCII.........
	...

20001750 <print_mutex>:
	...

20001758 <__mutex_array_end>:
20001758:	10005265 	.word	0x10005265
2000175c:	10003d85 	.word	0x10003d85
20001760:	10004535 	.word	0x10004535
20001764:	10004ef9 	.word	0x10004ef9

20001768 <__frame_dummy_init_array_entry>:
20001768:	100002e5 10005b55                       ....U[..
