:020000041000EA
:1000000000B5324B212058609868022188439860DF
:10001000D860186158612E4B002199600221596106
:100020000121F02299502B49196001219960352056
:1000300000F044F80222904214D00621196600F024
:1000400034F8196E01211966002018661A6600F04E
:100050002CF8196E196E196E052000F02FF8012189
:100060000842F9D1002199601B49196000215960AB
:100070001A491B48016001219960EB211966A021F2
:10008000196600F012F800219960164914480160C1
:100090000121996001BC002800D000471248134993
:1000A000086003C880F30888084703B5996A0420EC
:1000B0000142FBD001200142F8D103BD02B5186610
:1000C0001866FFF7F2FF186E186E02BD00000240BE
:1000D000000000180000070000035F00212200005C
:1000E000F4000018222000A00001001008ED00E03C
:1000F00000000000000000000000000074B24E7A12
:1001000000200420F7010010C3010010C5010010F9
:10011000C1010010C1010010C1010010C101001097
:10012000C1010010C1010010C1010010C701001081
:10013000C1010010C1010010C9010010CB01001065
:10014000CD010010CD010010CD010010CD01001037
:10015000CD010010CD010010CD010010CD01001027
:10016000CD010010CD010010CD010010CD01001017
:10017000CD010010CD010010CD010010CD01001007
:10018000CD010010CD010010CD010010CD010010F7
:10019000CD010010CD010010CD010010CD010010E7
:1001A000CD010010CD010010CD010010CD010010D7
:1001B000CD010010CD010010CD010010CD010010C7
:1001C00000BE00BE00BE00BE00BE00BEEFF3058054
:1001D000103800BEF2EB88718CC30010ACC3001065
:1001E0003402001090A31AE700201F49086006C8D7
:1001F00081F3088810471D48006800282FD10DA4FE
:100200000ECC002902D000F012F8F9E71849194A7B
:10021000002000E001C19142FCD1174988471749ED
:1002200088471749884700BEFDE701C901C29A42C5
:10023000FBD37047ACC30010C00000209016002014
:100240007CD9001000000420000004207CD900109C
:10025000001004200010042000000000704709482E
:1002600003F0C2FB0047000008ED00E0000000D0F2
:100270009016002090240020712700100506001021
:100280002D2700105756000006005250ABB36053A4
:1002900038B7001006005250861C030248B7001001
:1002A000060052505422A29D50B700100500525033
:1002B000DE65F4687CD90010F8B5C04610B5064C70
:1002C0002378002B07D1054B002B02D0044800E017
:1002D00000BF0123237010BDA817002000000000FC
:1002E00098A60010044B10B5002B03D00349044816
:1002F00000E000BF10BDC04600000000AC170020A9
:1003000098A6001070B5002000F058FBD0242406F9
:1003100001236362102000F051FB80235B02A36283
:1003200000220121102000F079FA194B012204214A
:10033000102000F0E7FA00240CE0164DA6007059DA
:1003400000F03CFB725901239340D0221206536205
:1003500053610134032CF0DD002415E00E4DA6009E
:10036000705900F02BFB705901238340D0221206F4
:1003700093620022012100F051FA7059044B0122CE
:10038000042100F0BFFA0134032CE7DD70BDC04644
:10039000F9060010DC0B0020B40B0020F8B501F0CA
:1003A00085FC04000D00884F3A687B68801A9941EB
:1003B00004F028FC854904F094FB061C3C607D6039
:1003C000834B1A78D3B2022A00D1C3E0022B3ED865
:1003D000002B00D185E0012B37D17E4B186804F04B
:1003E0001FFC7D4A7D4B03F0BEFD04000D00301C58
:1003F00004F016FC22002B0003F0B5FD03F0B8FE5C
:1004000004F018FC002104F0BBFB002800D19FE0A1
:10041000FE218905724B186804F079FBFC218905DF
:1004200004F075FB04F0FCFB00226E4B03F074FD3E
:1004300004000D006C4B186804F0F2FB22002B0046
:1004400003F06AFD03F094FE37E0002035E0032B53
:1004500032D1634B1F685F4B1868311C04F057FBA7
:100460008121C90504F053FB04F0DAFB00225F4B45
:1004700003F086FF00228023DB0503F044FD4900E2
:1004800002004B0800205A4903F03DFD04000D0016
:10049000381C04F0C5FB22002B0003F064FD0400AF
:1004A0000D00514B186804F0BBFB22002B0003F039
:1004B00033FD03F05DFE00E0002004F0B1FB4D4A87
:1004C0004D4B03F032FD00224C4B03F04CFD03F08A
:1004D000FFFD002800D172E0D0231B0601225A61E3
:1004E000F8BD3F4B1F683B4B186804F099FB3A4A34
:1004F0003A4B03F038FD04000D00301C04F090FB73
:1005000022002B0003F02FFD03F032FE04F092FBDB
:10051000FC21890504F0FBFA04F082FB0022314B38
:1005200003F0FAFC04000D00381C04F079FB2200F3
:100530002B0003F018FD04000D002B4B186804F08D
:100540006FFB22002B0003F0E7FC03F011FEB4E781
:100550002B495FE7224B1F681E4B1868311C04F0C3
:10056000D6FA0024224D04F05BFB22002B0003F09E
:1005700007FF02000B0003F0CFFC22002B0003F06A
:10058000C2FC04000D00381C04F04AFB22002B00C2
:1005900003F0E9FC0022134B03F0E5FC0022114BB1
:1005A00003F0BAFC04000D000F4B186804F038FB90
:1005B00022002B0003F0B0FC03F0DAFD7DE7D0232E
:1005C0001B0601229A618BE7A017002000247449C2
:1005D00085240020C80B00207A008BFCFA211940EA
:1005E000B00B00200000E03FC40B002000001040D2
:1005F0000000F03F6666666666660A4000E06F408F
:10060000000080BF10B504F01FFEFFF77BFE03481B
:1006100004F0DEFDFFF7C2FEFCE7C04698A600101E
:1006200010B5442807D00300413BDBB2022B40D871
:10063000274B18700FE0264B1B78412B0CD0422B18
:1006400019D0432B26D0234B00221A6014320021EC
:10065000214804F08FFC10BD00211F4808F018FC51
:100660001E4B1860186804F0DBFA02000B001C48EF
:1006700004F0DEFDE7E70021174808F009FC194BFC
:100680001860186804F0CCFA02000B00164804F059
:10069000CFFDD8E70021104808F0FAFB134B186093
:1006A000186804F0BDFA02000B00114804F0C0FD08
:1006B000C9E7104B1B5C5B07CDD5064B1B68122BA3
:1006C000C9D8591C034A1160034AD054C3E7C04635
:1006D0008A2400201C22002008220020B00B0020C9
:1006E000B4A60010C80B0020D0A60010C40B002038
:1006F000ECA600102DBE001070B5040001F0D6FA73
:1007000000291ADB1FD0FA229200002303F0FEF921
:10071000020000232B490868496815001E002D1AA5
:100720008E41002E02D11ED1C82D1CD925490A6048
:100730004B60102C0CD0002537E0234B234A3F217F
:10074000234801F0F7FFFA21890003F0A1F9DFE760
:10075000204B1978013103220A401A701978C9B266
:100760001D4804F065FD70BD0134032C14DCA300AA
:100770001A4A9A58D0231B065B68D340DB07F3D490
:10078000AA00174B9B181E5D3100164804F050FD5F
:100790003000FFF745FFE7E7AA00134BD2580123CB
:1007A0009340D022120653610135032DDBDCAB00F0
:1007B0000D4A9A5801239340D022120693610024D7
:1007C000D3E7C0469817002008A70010B4A7001070
:1007D00024A700108524002088A70010B40B002057
:1007E000CC0B0020A0A70010DC0B002010B583006C
:1007F000084A944663441C6840226240C024144066
:100800008022520113431C60C000034B9C4660448D
:10081000416010BD04C001400040014080000B4B0E
:100820009C46604400290DD00823002A0CD00422E5
:100830001343026853400C2213408022520110439C
:10084000036070470023F0E70022F1E704C0014095
:1008500070B50400D0231B061D68AA000C4BD358AA
:10086000002B0AD0002803D0AD00094BEC5070BD1E
:1008700008490D2000F020FBF6E70028F7D0AD0076
:10088000034BE850002203490D2000F0FBF9EEE78E
:10089000501D002025090010072303409B00C008BD
:1008A00099403C308000014BC150704700400140EE
:1008B000F8B507000C0016001D00FFF7EDFFFB0860
:1008C0009B00ED180720384080008440002E04D0A3
:1008D00080239B011D432C60F8BDC0239B011D4359
:1008E0002C60F9E710B5D0231B061B68002B03D042
:1008F000024BFFF7DDFF10BD014BFAE7304101402D
:100900000041014070B514001D00FFF7EBFF280007
:10091000FFF79EFF002C00D170BD01210D2000F0DB
:100920005DF9F9E7F0B5D6464F464646C0B5D02347
:100930001B061F68BA001D4BD3589846002F03D0E2
:100940001B4B9946002623E01A4B9946FAE72409E7
:100950000135002C1BD033000833AB4217D90F23CD
:100960001A00224092462342F1D0BB00124A9A5804
:100970000123AB401342EAD151462800FFF78CFF18
:100980004346002BE3D051462800C047DFE7083636
:100990001D2E06D8F30808339B004A469C583500A4
:1009A000D7E7E0BCBA46B146A846F0BD501D0020CE
:1009B00030410140004101404022002010B5012398
:1009C0008340D0221206936293610521FFF70EFF48
:1009D00010BD0000034B1B6802201840431E9841C5
:1009E000C0B2704700C00640EFF3108072B6034BF0
:1009F0001B68002BFBD0BFF35F8F70472C0100D02A
:100A0000BFF35F8F024B00221A6080F3108870479B
:100A10002C0100D0F8B506000C001500FFF7E4FF2C
:100A2000E308F718F15C07222240012393400B42B0
:100A300005D1DBB20B433B70FFF7E2FFF8BD2100AD
:100A4000280001F011FFF0B583B0060001911400F9
:100A50001F00FFF7C9FF00E00134BC420CD8E308D7
:100A6000F518F35C0721214001228A401A42F3D194
:100A7000D2B21A432A7001E001246442FFF7C0FF9A
:100A8000002C02DB200003B0F0BD019B002BF9D04D
:100A9000089801F0E9FE0000002307E0054A9A18D3
:100AA0009200BFF35F8F0021116001331F2BF5D936
:100AB0007047C04640000034054A1078431CDBB242
:100AC0001370172B02D9130010221A707047C046FA
:100AD000EC0B002000B583B00100044B00931F23F2
:100AE00018220348FFF7AFFF03B000BDCCA70010EA
:100AF000601D0020074B9B68103080001950BFF329
:100B00005F8FBFF35F8F044B0021196082F3108861
:100B10007047C04600ED00E0240100D010B5091A6E
:100B2000081F0A4B9C466144094A914208D8C307F2
:100B300006D440104005400D064B184380B210BD4E
:100B4000054B064AA321064801F0F4FDFC0700000E
:100B5000FE0F000000E0FFFFE8A7001074AA0010DD
:100B600018A8001010B5091A04394C08090B08D14F
:100B70004905490D064A11430180064B2343438032
:100B800010BD054B054AAB21054801F0D3FDC04619
:100B900000F0FFFF00F8FFFF74A8001048AA001043
:100BA00018A8001001238340034A10681840431E10
:100BB0009841C0B27047C04600E100E0002904D06F
:100BC000034B1860034B18607047034B1860FBE73A
:100BD00080E200E000E100E080E100E010B50123E8
:100BE00083401800FFF7EAFF10BD00000123834097
:100BF000014A13607047C04600E200E0024B9B6868
:100C000010308000C058704700ED00E010B5FFF7CD
:100C1000F5FF002805D0054BC01A2F2803D8012066
:100C200010BD0020FCE70020FAE7C046F00B0020D2
:100C300070B504000D00EFF3108672B60C4B1B6804
:100C4000002BFBD0BFF35F8F2000FFF7D7FF094BCE
:100C5000984201D0A84205D1320029002000FFF7B8
:100C600049FF70BD044B054A8621054801F062FD2D
:100C7000240100D0CD01001084A80010A8AA001003
:100C800018A80010F0B5DE4657464E464546E0B57A
:100C900089B0814601911500EFF3108A72B6744B4A
:100CA0001B68002BFBD0BFF35F8F724B0027DF5711
:100CB000002F40DB7C00E419A4006F4824180622B2
:100CC000A2566C4B1A706D4B9A684B4610339B00C2
:100CD000D35898461E001B1A2F2B38D9684B9845BD
:100CE0002FD105AE674B33807B009B46D81980001F
:100CF000614B9846404402306349FFF70FFF708014
:100D0000624BB380FF23B371F571019B07935F447E
:100D1000BF0047440ECE0EC701231C43A0465246D7
:100D200041464846FFF7E6FE09B0F0BCBB46B24676
:100D3000A946A046F0BD564B564AD721564801F069
:100D4000F9FC564B534ADE21534801F0F3FCC043F3
:100D500040440C2102F09CFE002912D101239E4345
:100D6000B34633000026DA79AA4211D90621595632
:100D700000290CDB4A00521892001E003E4B9B18C3
:100D8000F1E7474B434AEA21434801F0D3FC1E00F8
:100D9000002E3AD005AB434A1A80813A5A80062386
:100DA000F3560293002B17DA3F4805AB9B46988019
:100DB000029A9A71DD71019A0792301D2100FFF7A6
:100DC000ADFEB080B7717B00DB199B002A4FFF1886
:100DD0005B4607CB07C7A2E77800C0198000264B07
:100DE000C0180430321DB388D90A1C2907D15B050D
:100DF0005915023149005118FFF790FED5E72B4BEA
:100E00002B4AB121244801F095FC05AE1D4B3380DF
:100E10007B000293D8198000174A90460200424492
:100E20000392901C1849FFF779FE7080039A101DF9
:100E30005946FFF773FEB0801E4B5A464146521A80
:100E4000524153431B0DB371F571019A0792029BF6
:100E50009C466744BF0047440ECE0EC7114B5A460E
:100E60001380813B538001231C43A04657E7C046B3
:100E7000240100D086240020F00B002000ED00E0CB
:100E8000CD01001000A1FFFF200C002001BDFFFFDD
:100E9000BCA8001090AA001018A80010E4A8001028
:100EA0000CA900100148000001BD000080A900103D
:100EB00080AA0010AAAA0000F0B5CE46474680B529
:100EC00083B006000D00EFF3108872B6564B1B6816
:100ED000002BFBD0BFF35F8F544B9A683400103463
:100EE000A300D758524B9F4207D0AF4200D198E0A1
:100EF0000197504BFB1A2F2B09D94246390030007D
:100F0000FFF7F8FD03B0C0BCB946B046F0BD3000F5
:100F1000FFF748FE814600213000FFF75FFEBFF378
:100F20005F8FEFF30581002901D08C4211D101239D
:100F3000019C9C430022A368AB4212D00622A25619
:100F4000002A0DDB53009B189B002200394CE4184B
:100F5000F1E73621384B394AFF31394801F0EAFBD5
:100F60002200AB4256D106256557002D38DB6B00B9
:100F70005B199A002F4B9B189A68A260DA79E2718C
:100F800006229A56A2719B795BB2002B0FDA2D488C
:100F9000A0806B005B199B00264AD3182A4A11785F
:100FA0009971157049463000FFF718FEA5E7201D1E
:100FB0006B005B199B001F4A9B181A1D9B88D90A5E
:100FC0001C2907D15B055B15023359005118FFF747
:100FD000A5FDDDE71D4B1E4AB121194801F0AAFB12
:100FE000002912D1002A0ED0FF239371194B938050
:100FF000154A1378A371184B0E49641A6441634370
:101000001B0D1370CEE70A4FF2E7201D1349FFF7BF
:10101000A9FDC7E76A21124B084AFF31084801F0D1
:1010200089FB034F69E7C046240100D000ED00E0D2
:10103000CD010010F00B002098A9001060AA00104C
:1010400018A8001001BD00008624002080A900100F
:1010500080AA001001BDFFFFAAAA00002A0C0020F0
:10106000CCA9001070B5012101432E4BCB1A2F2BB8
:1010700028D8EFF30583002B2BD0EFF3108C72B63A
:10108000294A1268002AFBD0BFF35F8F274A040069
:10109000244D641B64416243120D54B2244A926889
:1010A0009B00D2588A421BD00022032A32D8530018
:1010B0009B189B001B49CB189B795BB2A3421FD0A6
:1010C0000132F2E7C7211B4B1B4A49001B4801F0C4
:1010D00031FB92211A4B184AFF31184801F02AFBC4
:1010E000134A92681749D150174B1A7882711C70B5
:1010F000BFF35F8F0C4B00221A608CF3108870BD19
:101100000D005300991889006918FF268E710F4A47
:101110008A80E9E7D1210E4B074A4900074801F0D0
:1011200009FBC046F00B0020240100D0AAAA000051
:1011300000ED00E0D4A900102CAA001018A800109F
:10114000FCA90010CD0100108624002001BDFFFF86
:1011500008AA00100022044B02E0044902C3013235
:10116000072AFAD97047C04600E400E080808080FA
:1011700000B583B00100064B00930523002205480B
:10118000FFF761FC002801DB1F23181A03B000BD24
:1011900010AA00108C240020024B9C466144890058
:1011A000016070474000003410B50400FFF784FC74
:1011B00001002000FFF7F0FFFF232371BFF35F8FD3
:1011C00010BD10B50400FFF777FC01002000FFF709
:1011D000E3FFFF23237100236371BFF35F8F10BD13
:1011E000034B9C46614489000160BFF35F8F7047E9
:1011F0004000003410B504000120FFF76BFC010033
:101200002000FFF7EDFF10BD70B505000C000800D1
:1012100000F014FE0949200000F054FDFFF74CFCDB
:10122000074B9C466044800068602C75D0231B06E9
:101230001B786B75A400034BE55070BD4D15001075
:1012400040000034302200200A4B1A68EFF310816E
:1012500072B61368002BFCD0BFF35F8F054B1B6881
:10126000BFF35F8F00221A6081F3108840BF002017
:10127000002170475424002010B5002922D00368B3
:101280001B7B99421ED8174B9C4661440901836819
:101290009C4661440C684968002A19D003681B7B8E
:1012A0009A4215D883680F488446624412019A18FE
:1012B00010685368020001208B4201D80ED0002034
:1012C000C0B210BD084B094A3C21094801F032FA6E
:1012D000054B064A3C21064801F02CFAA242EFD801
:1012E000EDE7C046FFFFFF0F10AC001040AE00104E
:1012F000BCAB001010B500291ED0037B99421BD84F
:101300004B005B18033B0468A4466344002919D0D2
:10131000002A1DD0914221D0002A25D0047BA24270
:1013200022D804685000801803382018817019787A
:1013300000291FD11A7010BD104B114A68211148A5
:1013400001F0F8F9104B114A6F310E4801F0F2F933
:101350000F4B0E4A70210B4801F0ECF90D4B0B4A74
:101360007121084801F0E6F9044B054A6821054857
:1013700001F0E0F941701A70DDE7C04634AC0010AE
:10138000ACAE001050AC0010B8AC001088AE00102D
:10139000C4AC0010D0AC001070B506000D001400F5
:1013A000002914D0002A14D0806873689847002858
:1013B00006D0220029003000FFF79CFF280007E03C
:1013C0002A0021003000FFF795FF200000E0100008
:1013D00070BD0800FCE70000F0B583B00500009286
:1013E00001930AAB1C780BAB1F78002C26D0036846
:1013F0005A7B944207D10123002B19D1002C3BD1F9
:10140000200003B0F0BD002C0CD01A7B944209D808
:101410001A6863001B19033BD3189B78002BEBD091
:101420000123E9E73E4B3F4A68213F4801F082F93A
:101430003E4B3F4A67213F4801F07CF903689C7BA3
:10144000002CDBD012D01A7B94420FD86200121904
:10145000033A19688C46624451789973002900D187
:10146000D9730023937053701370C7E72C4B2D4A28
:1014700068212D4801F05EF9002C3AD02B681B7BC7
:101480009C4236D82C4BE3181B01AA68944663444F
:10149000009A1A60019A5A60089A9A60099ADA606A
:1014A0002E68002C2BD030D0337B9C422DD863008B
:1014B0001B19033B32689446634400229A705A70A9
:1014C0001A70717B22003000FFF766FF7073844250
:1014D00000D095E7287D009A019B00F03BFC061E9A
:1014E00001D0002F17D00C9B002B00D188E71E7075
:1014F00086E7124B124A3C210E4801F01BF9114BB2
:10150000114AA521084801F015F9054B054A682143
:10151000054801F00FF92868210000F053FEE2E7CA
:1015200034AC0010ACAE001050AC0010E8AC0010B1
:10153000B8AE0010BCAB0010FFFFFF0F10AC0010E6
:1015400040AE0010B8AB00109CAE0010F0B5DE4607
:1015500057464E464546E0B58BB0099000230893A8
:101560008200B54BD658370052E0B44BB44A3F2105
:10157000B44801F0DFF8B44BB44A3C21B44801F060
:10158000D9F8002901D1002869D10021404600F096
:101590000FFEA04219D12A686B6806920793AB68C8
:1015A0009846EB689A464346002B14D0002C18D07E
:1015B0003B681B7B9C4214D8631EFA68D35C08937B
:1015C0001B0218433861002015E0A24BA24A8E216D
:1015D0009F4801F0AFF8A14B9F4A92219C4801F02F
:1015E000A9F8994B9E4A4121994801F0A3F800239C
:1015F0009A46984600207B68BFF35F8F00221A60EE
:1016000086F310884346002B32D1002800D10CE12C
:1016100000F04CFB02000B1EA7DB0020002106900F
:1016200007917868EFF3108672B601680029FCD044
:10163000BFF35F8F396888464C7B002CD7D09AD097
:10164000097B8C4297D8874965182D01B9688C466B
:10165000654428686968801A9941002991DD2A68E3
:101660006B68099800F076FB00239A469846C2E71B
:10167000089B1B022343994651461800C0470500AA
:101680000E007A68EFF3108B72B6136859424B4123
:10169000D9B2002BF9D1BFF35F8F002E1EDB002ED5
:1016A00046DD3B69002B47D04B456DD100F0FEFA7B
:1016B00002000B1E6EDB52197341002B70DB002BF6
:1016C00072DB002104910131039102945146019192
:1016D000414600913800FFF77FFE4CE03B69002B4C
:1016E000DDD04B4514D1069A079B521BB341002B0A
:1016F00014DB002B16DB00210491013103910294CD
:1017000051460191414600913800FFF765FE32E0F5
:10171000554B514AA1214E4801F00CF8012252428A
:10172000524BE6E7454B464A3F21464801F002F856
:10173000002E01D1002DB4D13B68002C50D05A7B33
:10174000944237D1012100294AD1DA7B002A4DD1B8
:101750009A7B002A03D1DA7B002A5AD19C73DC736E
:10176000002C5CD03B681B7B9C4258D8FA68013C3B
:10177000135D0133135500233B617A68BFF35F8F1C
:1017800013608BF3108843E7374B334AA42130486A
:1017900000F0D0FF294B2A4A3F212A4800F0CAFF17
:1017A00001225242314B8AE7244B254A3F212548EA
:1017B00000F0C0FF002C0DD01A7B94420AD86200C2
:1017C0001219033A1868844662449278002ABAD003
:1017D0000121B8E7264B274A6821274800F0AAFFD5
:1017E000264B274AF621244800F0A4FF002A0AD0FD
:1017F000197B8A4207D851008A18033A19688C4627
:1018000062445470A4E71A4B1A4A68211A4800F03F
:1018100091FF1C4B1A4AFB21174800F08BFF0A4B23
:101820000F4A41210A4800F085FF0BB0F0BCBB46CF
:10183000B246A946A046F0BD3022002008A70010FD
:101840000CAE001024A7001010AC001040AE001029
:10185000BCAB001010AD001024AE001028AD00107D
:1018600064AE0010FFFFFF0F34AD0010FFFFFF7FDD
:1018700034AC0010ACAE001050AC001070AD0010D5
:1018800078AE001094AD001010B50C4B5B68002BC7
:1018900004D00A210A48FFF77FFC10BD074C230043
:1018A000084A1021206800F093FB032000F0F2F9B1
:1018B00003212000FFF7A8FCEBE7C046380C00200E
:1018C000542400207912001010B5064B5B68002BE1
:1018D00001D0044810BD044B044A5E21044800F0C6
:1018E00029FFC046380C0020A8AD00104CAE0010F7
:1018F000BCAB0010F0B5DE4657464E464546E0B557
:101900008BB0804616001F00149B9A46159B994683
:1019100016AB1B789B461F2302AA94466344002201
:101920001A702BE0002809D042461268127B9042C0
:1019300004D8421E4146C9688A5C41E0404B414A96
:101940004121414800F0F6FE07984CE0361BAF41BC
:10195000002F07DB002F11DA3C4B3D4A3F213D4869
:1019600000F0E8FE012676423B4FF3E7374B384A5A
:101970003F21384800F0DEFE002F4FDB43465A6817
:10198000EFF3108472B6136859424B41D9B20791F4
:10199000002BF8D1BFF35F8F1F3302AA9446634434
:1019A00004930023039302934B4601935346009301
:1019B00032003B004046FFF70FFD031EB2D102008C
:1019C00041464968BFF35F8F00250D6084F310889E
:1019D000002B29D01F2302A98C4663441B78002BBF
:1019E000B2D112021043002B20D05B46002B1DD039
:1019F0004946D04704000D0003000B431DD00029C9
:101A0000A4DB00F053F906000F1EAFDB36196F415F
:101A1000002FB1DA012676420F4FADE70B4B0C4A8F
:101A20003F210C4800F086FE012040420BB0F0BC84
:101A3000BB46B246A946A046F0BD0798F6E7C046A9
:101A400010AC001064AE0010BCAB001008A7001072
:101A50000CAE001024A70010FFFFFF7FF8B50400B4
:101A6000002900D162E04268EFF3108572B6136876
:101A700058424341D8B2002BF9D1BFF35F8FCBB2AC
:101A80002268567BB3421BD10120002848D0206930
:101A900088422BD0090AC9B2002B2ED02068007BC7
:101AA00083422AD8581EE668305C88422BD000203A
:101AB0006368BFF35F8F00221A6085F31088F8BD5A
:101AC000002B0DD0167BB3420AD85E00F618033EF9
:101AD0001768BC466644B678002ED6D00120D4E7FD
:101AE000134B144A6821144800F024FE2C21134B98
:101AF000134AFF31134800F01DFE134B134A4121D6
:101B0000104800F017FE1900100000F05BFB0028E1
:101B1000CED199210E4B0A4A49000A4800F00AFE2C
:101B200023698B42C4D100232361C1E70020C6E7AB
:101B300034AC0010ACAE001050AC0010CCAD0010B6
:101B4000F4AD0010BCAB001010AC001064AE00107F
:101B5000F0AD0010407D704770B584B005000C00FA
:101B6000EFF30583002B1ED1FFF7AEFE0023029397
:101B70000193224B00932A002300FFF7BBFE061EB1
:101B800023DD20BFFFF7A0FE3100FFF767FF1C4BEE
:101B90005B6A9C422DD81A4A926AAA422CD29C4275
:101BA00025D0012026E0164B5B6A994209D8144AD9
:101BB000926A824207D2994201D001201AE00020A5
:101BC00018E0002016E0012014E00D4B5B6A9C42F7
:101BD00009D80B4A926AAA4207D29C4201D001203E
:101BE00008E0002006E0002004E0012002E00020E0
:101BF00000E0002004B070BD0120FBE74912001096
:101C00000040054070B5EFF305801038EFF3108CFD
:101C100072B61A4B1B68002BFBD0BFF35F8F0122FB
:101C20001300834016494B6316490B601649097827
:101C30000C00C440224214D0114A546A8200134D51
:101C40005259944206D38200114C125999430E4BBB
:101C5000197007E00A4A031D9B0099589950002209
:101C600000E00022BFF35F8F044B002119608CF36A
:101C70001088002A00D0904770BDC046280100D0CF
:101C8000004005403C7005408B240020602400206B
:101C9000401C002010B50100024A0348FEF7BAFEBE
:101CA00010BDC046D0AE001084240020044B5B6AF7
:101CB000034A906A1900536A9942F9D17047C046A5
:101CC0000040054070B504000D00EFF3108672B6B9
:101CD0001B4B1B68002BFBD0BFF35F8F002D1CD06C
:101CE0002000FEF78BFF174B83420BD0190020001A
:101CF000FEF79EFF01212000FEF770FF0123A340A5
:101D0000114A1360A400114BE550BFF35F8F0C4BD9
:101D100000221A6086F3108870BDA2000B4B0021D0
:101D2000D1500122A2400A490B7893430B70054918
:101D30002000FFF7C1F800212000FEF74FFFE4E785
:101D4000280100D0051C001038600540401C002010
:101D50008B240020F0B5DE4600B584B004001500E9
:101D600001921E000293FFF7A1FF03958E4202D855
:101D70004ED185424CD9EFF3108B72B6274B1B68BE
:101D8000002BFBD0BFF35F8F254A17780125A540B4
:101D9000EBB23B431370234B5D63221D920001990C
:101DA000D150A2002049029850501B6A2B4212D1F8
:101DB0001C4B1B6C2B4208D00020BFF35F8F174BCE
:101DC00000221A608BF3108823E0184B184AC521B3
:101DD000184800F0AFFCFFF769FF8E4214D802D11B
:101DE000039B834210D80E4B1B78BB420ED00D4B89
:101DF0001D625D631F2004400123A3400E4A13604F
:101E0000074B1F701E38D8E70020D6E70120D4E723
:101E1000012004B080BCBB46F0BDC046280100D004
:101E20008B2400200040054060240020F4AE001008
:101E300078AF001018AF001080E200E0EFF3108CD4
:101E400072B60B4B1B68002BFBD0BFF35F8F0123D7
:101E50008340084A136208490A789A430A70BFF31C
:101E60005F8F034B00221A608CF310887047C046C6
:101E7000280100D0004005408B24002010B5002927
:101E80001ED0037B99421BD84B005B18033B0468B0
:101E9000A4466344002919D0002A1DD0914221D0C4
:101EA000002A25D0047BA24222D804685000801862
:101EB000033820188170197800291FD11A7010BDBD
:101EC000104B114A6821114800F034FC104B114AA4
:101ED0006F310E4800F02EFC0F4B0E4A70210B485C
:101EE00000F028FC0D4B0B4A7121084800F022FC41
:101EF000044B054A6821054800F01CFC41701A702B
:101F0000DDE7C04634AC00109CB0001050AC0010AF
:101F1000B8AC001088B00010C4AC0010D0AC0010F9
:101F200070B506000D001400002914D0002A14D04A
:101F3000806873689847002806D022002900300086
:101F4000FFF79CFF280007E02A0021003000FFF780
:101F500095FF200000E0100070BD0800FCE70000C5
:101F600010B50023437301338373037BC3730123D1
:101F7000027B9A4214D9002B0CD0027B934209D8E1
:101F80005A00D218033A01688C4662440133DBB22E
:101F90005370EDE70B4B0C4A68210C4800F0CAFB6C
:101FA000002A09D0924207D8016853009A18033AD0
:101FB0008A180023537010BD024B034A682103485E
:101FC00000F0B8FB34AC00109CB0001050AC001016
:101FD00010B5017342608360FFF7C2FF10BD0000BF
:101FE00070B50400081E00D170BD002934D0237BD9
:101FF000994231D84B005B18033B226894466344F6
:102000005A78002AF0D02DD0237B9A422AD8530048
:102010009B18033B21688C4663445D78002159700E
:10202000002825D0237B984222D843001B18033B6D
:1020300021688C4663440021597001002000FFF79D
:102040006FFF060029002000FFF7CAFF02003100E1
:102050002000FFF765FFC7E7084B094A68210948D8
:1020600000F068FB054B064A6821064800F062FB59
:10207000024B034A6821034800F05CFB34AC0010BB
:102080009CB0001050AC001070B505000C0016009C
:1020900000292FD034D0037B994231D84B005B18F4
:1020A000033B0268944663445A78002A2ED19A78FA
:1020B000002A31D11978FFF793FF0300002E0AD0D0
:1020C000EA7B002A2ED1AA7B002A03D1EA7B002AD0
:1020D0003BD1AC73EC73002B3DD1002C4FD02B7B4C
:1020E0009C424CD82B6861000C19033C1C1900233E
:1020F000637070BD254B264A3821264800F01AFB34
:10210000254B264A6821264800F014FB254B204A1F
:102110003A21204800F00EFB234B1D4A3B211D486D
:1021200000F008FB002A0AD0297B8A4207D8510018
:102130008A18033A29688C4662445470C3E7164BE8
:10214000164A6821164800F0F5FA184B104A422149
:10215000104800F0EFFA002B0BD02A7B934208D8EE
:1021600043001B18033B2A689446634400229A707C
:10217000B3E7094B094A6821094800F0DBFA064B2E
:10218000064A6821064800F0D5FAC04694AF001010
:1021900074B000109CAF001034AC00109CB0001064
:1021A00050AC0010F0AF001018B0001094AD00104B
:1021B00070B504000A00457B2900FFF765FF6073D6
:1021C000280070BD70B50400002967D0437B8B42A6
:1021D0000ED0002911D0037B99420ED84B005B181A
:1021E000033B0268D0188378002B0CD1002056E006
:1021F0000121FFF7DDFF012051E0294B294A682129
:10220000294800F097FA002B20D0227B93421DD85A
:102210005A00D318033B2268D2182568EB5C8B4226
:102220001AD0002B1BD0227B934218D85A00D31807
:10223000033B2268D21853788B4216D0002BF0D182
:102240001A4B1B4A6B211B4800F074FA144B154AB9
:102250006821154800F06EFA4378137007E0104BC0
:10226000104A6821104800F065FA43785370002343
:102270008370437001222000FFF706FF0200617B9C
:10228000814205D02000FFF74BFE6073012006E07D
:10229000094B074A7121074800F04CFA002070BD35
:1022A00034AC00109CB0001050AC001008AA001014
:1022B0005CB000109CAF00103CB00010F8B5DE46DA
:1022C00057464E464546E0B505000F0092460A9A2D
:1022D000934250D31A0E91461E020A9A00233000F0
:1022E000494601F013FC80466C006419A400304B91
:1022F0009C4664446368834200D260602B1FDBB25B
:102300009B46012B3DD9C0239B0123438022120110
:102310001A60AB00274A9958002907D0506901F08C
:10232000B7FB431C5800C0180338FDD253465A016E
:1023300023685A40E0231A4080235B0123431A603C
:102340005A46012A28D980239B0123438022120167
:102350001A6043466360424600233000494601F05C
:10236000D5FBAD00134B58510120F0BCBB46B24623
:10237000A946A046F8BD104B104A3321104800F082
:10238000D9F9012FBFD1C0239B01234303221A6037
:10239000A368DB07FCD5C9E72168794003220A401E
:1023A0001A60A2680123BB401342FAD0CBE7C046B3
:1023B00000800040641D0020A8B000101CB1001077
:1023C000BCB0001030B583B00C2000F00BF9FEF764
:1023D00001FB00280DD0002304E099002D4A2E486F
:1023E00088500133092BF8D92A4B2C4A5A6203B082
:1023F00030BD2B4B00229A6700F066F9294B012271
:102400001A60274B5B6C012BFBD1274B03221A6010
:10241000234B9B6B012BFBD1013300930433234AE5
:102420000121234800F04EF805230093214A0121A1
:10243000214800F047F8214B00930022022104209C
:10244000FFF73CFF1E4D00952B00002201210520C7
:10245000FFF734FF104C00942300002200210720D6
:10246000FFF72CFF00942300002200210820FFF733
:1024700025FF0A4B00932300002200210920FFF7CB
:102480001DFF00952B00002200210620FFF716FFFC
:10249000ADE7C046641D0020006CDC021BB70000E5
:1024A000008000403CB0004030B00040002F685930
:1024B00000800240008C864700C00240001BB7002D
:1024C00040597307F0B5C64600B504000E0017006A
:1024D0001D00374801F0DCFA8046364BFA18364BBF
:1024E0009A4239D80100380001F0D2FA0200103ABD
:1024F00098235B009A4235D86B1E062B38D8069B72
:10250000013B062B34D83F09474537D32D04069BA2
:102510001A0315432368002B36DB284B9C4244D01A
:1025200080225201264B1A60264B1A60264B9B686C
:1025300011009943FAD12660A060231DC0229201A8
:102540001A43212313602368002BFCDAE56008237B
:10255000136080BCB846F0BD1C4B1D4A11211D48BC
:1025600000F0E8F81C4B1A4A19211A4800F0E2F86A
:102570001A4B174A1C21174800F0DCF8184B144A74
:102580002321144800F0D6F822683F231340B342B9
:10259000C3D1A3681B051B0D8342BED1E368EE22A5
:1025A000D2021340AB42B8D1D3E780229201B9E7FF
:1025B000001BB70080E84BD380F8A93200C002406E
:1025C00000E0004000F0004000C000402CB10010CE
:1025D0006CB200108CB10010E8B1001004B2001011
:1025E00050B2001080239B000343014AD36270471E
:1025F00000800540024B1A68024B5A607047C04683
:10260000202200200080054010B50200164B8020DB
:10261000C0051860154B1648186000290AD0154BE4
:10262000E021C9041960002A09D1124B8022120648
:102630001A6010BD0C4BE021C9041960F3E7530187
:102640009B1A9800801800010B4B186080235B04D4
:10265000984202D3084B094A1A60FFF7CBFF054B9B
:102660008022D2051A60E4E700B00540082001404E
:10267000FCFF010000A0054020220020FFFFFF001A
:1026800010B5030010000C4A8024E4051460002BF0
:102690000DD001221343094A094CD461094C5C4016
:1026A0001462516293620021FFF7AEFF10BD034B2D
:1026B0000022DA61F7E7C04600B00540008005401F
:1026C000D3C007B02D3FF84F064BAA2212011A6063
:1026D0002F22DA60044B054A1A60024B5B68002B1C
:1026E000FBDA7047004002400060024000B0FA0090
:1026F00000BEFDE703000A4A1268002A08D0084A13
:102700001068C318074A9A4206D3054A13607047F7
:10271000034A05491160F2E701204042F7E7C0464D
:10272000041E0020000004209024002010B5FFF7B4
:10273000DFFF000010B582B00C001900002A0CD099
:10274000084B002A0BD00192009323000200064898
:1027500002F06EFD0120FFF7CBFF044BF1E7034AC7
:10276000F1E7C04678B2001088B20010B0A70010A0
:1027700070B52B4B2B4A1A602B4B2C4A1A602C4BF2
:102780009A682A4B9343FAD12A4C01E008CC984727
:10279000294B9C42FAD3FFF715FE234B274A1A60B8
:1027A000234B9B68DB43DB01FAD1254B40229A6720
:1027B0005A671A67DA66234C09E0234B234A8721BC
:1027C0002348FFF7B7FF2000FEF7EEFC0834214B4B
:1027D0009C4209D22368002BF5D0012BEDD12000BB
:1027E000FEF7EFFC0834F2E71B4CA1681B4DC0223A
:1027F000280002F0C5FBA560EFF30583002B00D095
:1028000000BEFEF749F9FEF7A5FCFFF73DF8144CB2
:1028100001E008CC9847134B9C42FAD370BDC046E8
:1028200000E00040BFCDFBFE00F00040FE7F3C001A
:1028300000C000407816002088160020FFFFFF012E
:1028400000F0014070160020B8B200104CB3001028
:10285000D8B200107816002000ED00E00000002043
:1028600088160020901600200FB400B583B00848E9
:1028700002F0AEFC049B002B07D005A901911800C3
:1028800002F0B6FC034802F0A3FC0120FFF730FF82
:1028900038B3001048B30010704710B5002802D0BC
:1028A0000B684968984710BD0100002007E08300CD
:1028B0001B185B00501C08601078C01830380A687C
:1028C0001378303BDBB2092BF1D97047F0B5DE4607
:1028D00057464E464546E0B583B093461F000C9BD5
:1028E0009A460D9C0E9B99460F9B9B0703D0B846BA
:1028F0000F00060022E00192A34688464E46B946E4
:102900000700B44207D2551C4B4641462020B84729
:1029100001342A00F5E73D004F465C46019B9B468B
:10292000B1464646B84637002E0007E0013C551C2C
:102930005346185D43463900B0472A00002CF5D1B4
:1029400035003E0047460F9B9B0707D4100003B09D
:10295000F0BCBB46B246A946A046F0BDB0464E46C6
:10296000B9462F005D46531BB342EFD2541C4B4671
:1029700041462020B8472200F5E7F0B5CE4647464D
:1029800080B585B0944698460C9D0D9C0EAB1B7887
:102990009946109A119B129EB7071CD4002B0CD09D
:1029A000F7070AD54F46002F02D10C37374204D023
:1029B000013B02E030272F550134944201D21F2CF5
:1029C000F8D9F70707D59C4205D21F2C03D830272A
:1029D0002F550134F5E7F70615D5770505D4002CFA
:1029E00003D0944224D09C4222D00F9A102A2BD09C
:1029F0000F9A102A30D00F9A022A35D01F2C02D8F5
:102A000030222A5501341F2C05D84A46002A31D0DD
:102A10002D222A55013403960293019400954346D2
:102A20006246FFF753FF05B0C0BCB946B046F0BDE3
:102A3000621E012C06D00F9F102F01D01400D4E786
:102A4000023CD2E71400D0E7B206D1D41F2CCFD875
:102A500078222A550134D1E7B206CCD51F2CCAD82A
:102A600058222A550134C9E71F2CC7D860322A558D
:102A70000134C3E7720703D52B222A550134CAE774
:102A80003207C8D520222A550134C4E7F0B5DE4606
:102A900057464E464546E0B593B081468A46089271
:102AA00009931CAB10CB1B789B461E9D219B98461F
:102AB000002C03D1102342469A4390468023DB002A
:102AC00046461E4042461A4212D0002C22D0002612
:102AD0000EE03033D9B2771C0AAB9955290020009B
:102AE00000F0D6FFAC4216D31F2F14D83E000400CE
:102AF0002900200000F0CCFFCBB2092BE9D94246D7
:102B0000920605D54121C918C9B20A39C9B2E2E70E
:102B10006121F8E7270043460693209B05931F9BFE
:102B2000049303955B46029301970AAB0093099BBC
:102B3000089A51464846FFF720FF13B0F0BCBB4649
:102B4000B246A946A046F0BDF0B5DE4657464E4611
:102B50004546E0B595B0089009910A920B931E9EE8
:102B60001F9C20AB1B789B46229B9946239D269B4E
:102B70009A463300234303D1103352469A43924678
:102B80008023DB0057461F4052461A4219D03300BB
:102B900023432DD0002714E03033DAB27B1C984653
:102BA0000CABDA554A462B003000210000F0AEFF96
:102BB000A5421FD819D043461F2B1BD847460600F5
:102BC0000C004A462B003000210000F09FFFD3B2DA
:102BD000092BE1D95246920605D54122D218D2B22C
:102BE0000A3AD2B2DAE76122F8E7B145E3D901E067
:102BF0000023984653460693259B0593249B0493F4
:102C00004B4603935B460293434601930CAB009300
:102C10000B9B0A9A09990898FFF7AFFE15B0F0BC14
:102C2000BB46B246A946A046F0BD0000F0B5DE4660
:102C300057464E464546E0B591B083468A460C92CB
:102C400098461A9C08941B9D099522002B00200091
:102C5000290001F0EEF9002800D0E5E001225242FF
:102C6000D74B2000290001F0DFF9002800D0DBE07D
:102C700001225242D34B2000290001F0BFF9002865
:102C800000D0D1E000220023089E3000099D2900D9
:102C900001F0B4F9002800D0DDE008980999069009
:102CA00007918023DB001E9A1A400D921E9A1A4249
:102CB00001D106231C930698079904000D000A0011
:102CC0000600024300D1D1E0080D4005400DBE4C86
:102CD000A44660440A03120BBC4B13431F0001F0CF
:102CE000BBF9BB4ABB4B01F03EF9BB4ABB4B01F001
:102CF00013F904000D000022B94B3000390001F037
:102D000002F9B84AB84B01F02EF902000B0020007E
:102D1000290001F001F901F0B7F9814601F09CF9B1
:102D200004000D00B14AB24B01F01DF90022B14B75
:102D300001F0F2F801F0A8F90600AF4AAF4B20000D
:102D4000290001F010F904000D00300001F084F9B1
:102D5000AB4AAC4B01F007F902000B002000290040
:102D600001F0D1F804000D0002000B0001F0FBF8A7
:102D70000A900B91A44BF31800261F0522002B008C
:102D80002000290001F0C8F80E900F9122002B00BE
:102D900000208021C90501F0B6F804000D000022D2
:102DA0009A4B0A980B9901F0C0F80022984B01F059
:102DB000B3F802000B000A980B9901F0B6F8002254
:102DC000944B01F0A9F802000B000A980B9901F04E
:102DD000ACF802000B002000290001F09DF8020071
:102DE0000B000E980F9901F0A0F80022774B01F02C
:102DF00093F832003B0001F0B6F806000F00040023
:102E00000D00069A079B01F00FF9002830D001232E
:102E10005B429C46E14400227D4B3000390001F0CA
:102E200084F804000D0023E01E9B04931D9B039374
:102E30001C9B0293089A099B0092019343460C9AAB
:102E40005146584600F0FCF811B0F0BCBB46B24603
:102E5000A946A046F0BD00230024069307940696D9
:102E600080231B069C46654407951AE70023994674
:102E70004B466333C62B1ED804261E9B1B0526D546
:102E80002B0023430FD0644A644B0698079901F046
:102E9000C3F8002879D00022614B0698079901F009
:102EA000ADF8002871D01C9B4B4506DD4A46981AA8
:102EB000431E1C9303E00526DFE700231C938023B9
:102EC000DB001E9A1A431E920026002399461D9B82
:102ED0009E4264D29F1B02231E9A1A400A921E9A97
:102EE000134202D0002E00D000274B46002B07D003
:102EF00022002B000698079901F017F80690079119
:102F0000002200230898099901F078F8002848D198
:102F1000444B1E9A1340049303971C9B0293069BF9
:102F2000079C0093019443460C9A5146584600F082
:102F300087F8002E00D187E71E9B9B063DD54525CF
:102F4000441C4346020051462800D8474B46DA1736
:102F50009B18534005220592013E049600220392DD
:102F60000A3202924A46D00F019000934346220053
:102F700051465846FFF78AFD0A9B002B00D163E7B4
:102F800002005F460C9E1D9D54E01C9B002B9ED0B2
:102F90000D9B002B9BD01C9B013B1C9397E70027AC
:102FA00099E7069C079D22002900802000068446A0
:102FB00061440B0006920793AAE76525C0E7C04667
:102FC000FFFFEF7FFFFFEFFF01FCFFFF0000F03F7F
:102FD000FB799F501344D33FB3C8608B288AC63F08
:102FE0000000F83F61436F63A787D23F71A379095F
:102FF0004F930A400000E03F1655B5BBB16B02404D
:10300000EF39FAFE422EE63FFF03000000002C409D
:1030100000002440000018402D431CEBE2361A3F0C
:1030200080842E41FFF7FFFF541C43465146202069
:10303000B8472200931BAB42F6D3100004E7C0460A
:10304000F0B5DE4657464E464546E0B595B006908B
:10305000079193469946209F1E9A1F9B10001900C6
:1030600000F0E7FF002831D101225242BF4B1E98E9
:103070001F9900F0C3FF002837D101225242BC4BF8
:103080001E981F9900F0D0FF00283DD10022B94BB7
:103090001E981F9900F0C8FF002850D10022B64B9F
:1030A0001E981F9900F0AAFF002848D10022002393
:1030B0001E981F9900F0A2FF002850D100239846C7
:1030C000229B5B0500D4B6E0002458E0229B0393CA
:1030D000219B029303230193A84B00934B465A462E
:1030E00007990698FFF7F2FB0EE1229B0393219BC1
:1030F000029304230193A24B00934B465A4607992F
:103100000698FFF7E3FBFFE00423229A1A40229976
:103110000B4210D09B4B002A0FD00422229903911E
:1031200021990291019200934B465A4607990698BD
:10313000FFF7CCFBE8E0944BEDE70322EEE7229BA0
:103140000493219B039302971E9B1F9C0093019461
:103150004B465A4607990698FFF768FDD4E01E9A39
:103160001F9B0020002100F0CEFE1E901F91012326
:103170009846A5E70CAB30221A55013F01341F2CAD
:1031800001D8092FF6D81E981F9900F07DFF050081
:1031900000F062FF02000B001E981F9900F0B3FEC2
:1031A000FA007A4B9B181A685B680A920B9300F03E
:1031B000DAFE0890099100F08BFF060000F048FF4E
:1031C00002000B000898099900F09DFE08900991F3
:1031D00000226F4B00F028FF00282ED0013630006F
:1031E00000F036FF02000B000A980B9900F00CFF6C
:1031F000002801D001350026002F2CD1280000F036
:103200002BFF02000B001E981F9900F07CFE0600A9
:103210000F0000225E4B00F0F1FE002846D1002294
:103220005B4B3000390000F0FFFE00283ED1EB0779
:103230003CD501353AE0062746E70022544B089872
:10324000099900F0DBFE0028D6D1002E01D0F3074B
:10325000D2D50136D0E7AA461F2C11D8013F0A214A
:10326000300000F015FC651C30310CAB19550A21FB
:10327000300000F00DFC092E0ED906002C00EBE703
:1032800055461F2C0CD87B1E002F09D00CAA3021CC
:1032900011551F000134F4E72B0055461C00F0E7E0
:1032A0001F2C03D80CAB2E221A5501341F2C10D81A
:1032B0000A21280000F0C4FB661C30310CAB195504
:1032C0000A21280000F0BCFB051E01D03400EDE708
:1032D00034000323229A1340012B1CD01F2C06D844
:1032E0004346002B32D00CAB2D221A550134229BC1
:1032F0000393219B029301940CAB00934B465A46D7
:1033000007990698FFF7E2FA15B0F0BCBB46B24643
:10331000A946A046F0BD219B002B13D04346002BAD
:1033200002D10C3313420FD0219B013B2193190092
:1033300003E00CAB30221A5501348C42CED21F2C44
:10334000F7D9CBE72199F8E72199F6E7229B5B07AC
:1033500004D50CAB2B221A550134C8E7229B1B075E
:10336000C5D50CAB20221A550134C0E7FFFFEFFF93
:10337000FFFFEF7F65CDCD4165CDCDC168B30010B6
:103380006CB3001060B300105CB3001058B50010AF
:103390000000E03FF0B5DE4657464E464546E0B5F4
:1033A00093B082468B4690461193002900D1EBE200
:1033B00000275546119B1878002800D1E7E2252800
:1033C00009D07C1C43463A005946A847119B01335B
:1033D00011932700EEE7013311930024119A11781D
:1033E0000B00203BD8B2102803D88300D048C35824
:1033F0009F460B00303BDBB2092B2CD92A292FD05A
:1034000000230A93119B1A782E2A39D000239A465A
:10341000119A1378683BD9B2122976D88B00C54926
:10342000CB589F4601231C4301321192D6E7022359
:103430001C4301321192D1E704231C430132119243
:10344000CCE708231C4301321192C7E710231C4329
:1034500001321192C2E711A8FFF726FA0A90D1E7CC
:103460001C9B1A1D1C921868002804DB0A90119BF3
:1034700001331193C6E702231C4343420A93F6E744
:103480008022D20014435A1C11925A781300303B08
:10349000DBB2092B04D92A2A07D000239A46B7E7C2
:1034A00011A8FFF701FA8246B2E71C9B1A1D1C9275
:1034B0001868002804DB8246119B01331193A7E7AB
:1034C0000020F8E780235B002343511C11915278C0
:1034D0006C2A01D01C0018E0C0239B001C43013162
:1034E000119112E080232343511C11915278682AD4
:1034F00001D01C0009E0C0231C430131119104E0FC
:1035000080235B001C4301321192119B1878030049
:10351000253BDAB2532A00D92CE29300864AD358CD
:103520009F4680239B001C4301321192EDE78023CC
:103530005B001C4301321192E7E7782809D0582834
:1035400038D06F2838D0622838D010239C430A2600
:1035500000E01026582833D0692803D0642801D011
:103560000C229443630501D50122944369282AD093
:10357000642828D0A30500D59FE0E30500D5B8E076
:10358000630600D4CAE01C9A111D1C911168FF2229
:103590000A4005940A9B0493534603930296002322
:1035A0000193009243463A0059462800FFF76EFA0D
:1035B000070027E01026CDE70826CBE70226C9E75B
:1035C00020221443C8E7A30520D4E30550D46306A2
:1035D00066D51C9A111D1C911168FF220A40D31751
:1035E000D118594005940A9B0493534603930296BD
:1035F000D20F0192009143463A0059462800FFF746
:1036000045FA0700119B01331193D3E61C9BDA1D89
:1036100007218A43110008311C91116853689C46A8
:10362000DB170C930D930C9A0D9B100048400E90E5
:10363000624653400F930E980F990C9A0D9B801A77
:1036400099410E900F9108940A9B07935346069355
:103650000496002305936346DA0F029200900191CD
:1036600043463A0059462800FFF76EFA0700C9E7BB
:103670001C9A111D1C911268D317D118594005943A
:103680000A9B0493534603930296D20F0192009132
:1036900043463A0059462800FFF7F8F90700B1E71A
:1036A000230605D51C9A111D1C910023D25E96E7B6
:1036B0001C9A111D1C91126891E71C9BDA1D0721B1
:1036C0008A43110008311C9108940A9B07935346C2
:1036D000069304960023059302931368546800939D
:1036E000019443463A0059462800FFF72DFA070097
:1036F00088E71C9A111D1C9105940A9B049353465C
:1037000003930296002301931368009343463A0003
:1037100059462800FFF7BAF9070073E723060DD5CD
:103720001C9A111D1C9112681204120C31E7C0463C
:1037300074B30010B8B3001004B400101C9A111D2B
:103740001C91126825E746281AD01C9B07330722D4
:1037500093431A0008321C9204940A9A0392524628
:1037600002925C681B680093019443463A005946F4
:103770002800FFF765FC0700119B0133119319E640
:1037800020231C43E1E7672801D0472802D180238A
:103790001B011C43452801D0472801D120231C438D
:1037A0001C9B0733072293431A0008321C9204948F
:1037B0000A9A0392524602925C681B680093019435
:1037C00043463A0059462800FFF730FA0700119B9C
:1037D00001331193EEE502231A0022409246234260
:1037E0001FD001241C9B1A1D1C927A1C914618782C
:1037F00043463A005946A8475346002B16D1119B21
:10380000013311934F46D5E5561C434659462020B7
:10381000B847230032005C1C9D42F5D83D001700DC
:10382000E0E701233A002F000A9DF4E74A46A94643
:103830000A9D06E0571C434659462020C8473400DD
:103840003A00661CA542F5D84D469146D7E71C9B29
:103850001A1D1C921B6899465346002B00D1013B50
:103860004E4601E0013613003278002A02D05A1E7B
:10387000002BF7D14B46F21A10928023DB00260072
:103880001E401C4203D0524501D9534610930223D7
:103890001A0022400B92234205D03A0037004C46D2
:1038A000A946554620E03A00109B5F46B3462E00DD
:1038B00006E0551C434639002020B04723002A006B
:1038C0005C1C0A999942F4D835005E46BB461094B8
:1038D00037004C46A946554606E01D000134561CEB
:1038E00043465946C84732002078002804D0002FAC
:1038F000F4D06B1E002DF0D117004D460B9B002B12
:1039000003D1119B0133119354E50A9F109B06E0EC
:10391000561C434659462020A847230032005C1C11
:103920009F42F5D81700ECE721231C431C9B1A1D6E
:103930001C921B6800930594082304935346039339
:10394000102302930023019343463A00594628006E
:10395000FFF79CF80700119B013311932AE57C1CAB
:1039600043463A0059462520A847119B013311933D
:1039700027001FE57C1C43463A005946A847119B87
:1039800001331193270015E50A4B9A4610E5AA4624
:10399000474502D343465A1E00E03A004346594683
:1039A0000020D047380013B0F0BCBB46B246A94651
:1039B000A046F0BD9928001000B585B00290039193
:1039C0000121009313004A4202A90248FFF7E2FCDA
:1039D00005B000BD9B28001001480421014B184789
:1039E000600C0020093A001010B5010018231B8854
:1039F00014221088984710BD10B5010018231B88A9
:103A000016221088984710BDF0B5C64600B50700CD
:103A10000E0000250123984600E00135B5420AD288
:103A2000AC003C192068FFF7DFFF20600028F4D1CC
:103A300000239846F1E7404680BCB846F0BD000040
:103A4000124A936F9B0815D29066D166002905D063
:103A5000FFE7FFE7FFE7516F106F704704B5802164
:103A60000906C2175140002800D0C84306F0C4FD23
:103A7000002104BDF0B5146E556E576F166FFFF739
:103A8000E3FF1466556657671667F0BD000000D067
:103A9000114A936F9B0813D210665166002905D016
:103AA000FFE7FFE7FFE7516F106F704704B500288D
:103AB00001D00020C04306F09FFD002104BDC04698
:103AC000F0B5146E556E576F166FFFF7E5FF14666D
:103AD000556657671667F0BD000000D094464A4A05
:103AE000926F9208624601D228E0C046F0B5464E79
:103AF000346E756E776F366F00F020F89446424A48
:103B000014665566576716676246F0BD94463E4A8E
:103B1000926F9208624601D254E0C046F0B53A4E28
:103B2000346E756E776F366F00F04CF89446364AF7
:103B300014665566576716676246F0BD002B24DB96
:103B400011D000293EDA00B5C943404200D101310D
:103B500000F038F8C943404200D10131DB43524202
:103B600000D1013300BD002AEBD1002801D100298A
:103B700005D00020C90FC90701D1C043410800B5D5
:103B800006F02AFD0022002300BD00B500290ADB53
:103B9000DB43524200D1013300F014F8C9434042E4
:103BA00000D1013100BDC943404200D10131DB43A6
:103BB000524200D1013300F005F8DB43524200D1FC
:103BC000013300BD002923D1002B18D1002A0CD0CD
:103BD000BC460D4F38667A6600210023FFE7FFE7F9
:103BE000FFE77A6F386F67467047002801D00748B3
:103BF000010000B506F0F0FC0022002300BD020029
:103C00000B00002000217047000000D0FFFFFFFFE5
:103C1000002B00D0BFE0130C28D1002AE7D080B4DD
:103C2000114F39667A66FFE7FFE730B4040C7B6F0B
:103C3000396F1B0423433B667A66FFE7FFE7FFE724
:103C4000C04684B27B6F3D6F1B0423433B667A669C
:103C5000FFE7FFE7C04600232C042D0C7A6F386F76
:103C600000196941B0BC7047000000D0F0B594461F
:103C70000025140E01D112020835140F01D11201D2
:103C80000435940F01D192000235D40F01D15200B6
:103C90000135D40B0134254F7C66254C3C660E0C57
:103CA00093B2FFE7FFE7FFE73C6F6643360C77030D
:103CB000BE467343DF0B5B04C01AB941130C734358
:103CC000DB18C91ACE086643360CB64493B2734368
:103CD0001F0F1B01C01AB941130C73431F0B1B05A7
:103CE000C01AB941860D8F023E436643360C092D3A
:103CF00024DB520A7243801A7703460A6643360C65
:103D000016235B1BDE40DF40BF1964466643821BFF
:103D10007046043506330100D940A840C01900D3CD
:103D20000131A24206D20023F0BD0000000000D005
:103D3000FFFFFFFF121B0130F3D3F1E709277F1BC1
:103D4000FE406446A2B27243801A00D20139220CAE
:103D50007243130C1204821A99410B007046043509
:103D600013370100F940A840801900D30131002B1E
:103D700002D1A2420AD2F0BD013000D30131121BA0
:103D8000FAD2013BF8D1A24200D2F0BD013000D3FB
:103D90000131121BF7E7F0B51C0C00D080E00CB429
:103DA00000251C0A04D11B02160E334312020835EB
:103DB0001C0B04D11B01160F3343120104359C0B5D
:103DC00004D19B00960F334392000235DC0B02D1E5
:103DD00092185B4101351C00971864410134464F2D
:103DE0007C66464C3C660E0CFFE7FFE7FFE7C046EB
:103DF0003C6F6643360C7703BE4697B27743C01BD1
:103E000000D20139C01B00D201399FB27743C91BD0
:103E1000C91B170C77437E04FF0B801BB941CE08EA
:103E20006643360C0C2D33DBB644120B1F053A43A8
:103E30001B0B97B27743C01B00D201399FB2774367
:103E4000C91B170C77433E043F0C801BB941860DFC
:103E50008F023E43664329277F1BFE400C3D774679
:103E6000AF40BF1930BCA2B2ABB272437343801AE9
:103E70009941220C7243130C1204801A99410200DA
:103E80000B000137001BA941F9D2781E0021F0BDBB
:103E90000C277F1BFE4077467F0BAF40FF19E0E702
:103EA00000245D1C07D0144F7D663966FFE7FFE7ED
:103EB000FFE7FFE73C6F95B29EB265436643401B48
:103EC000B141150C1E0C6543664336042F0C3E436E
:103ED0002D04401BB141994204D202000B00200086
:103EE0000021F0BD01D19042F7D3801A99410134ED
:103EF0009942F2D3F6E70000000000D0FFFFFFFF79
:103F000048404140484018B41B4B5B68FC46019355
:103F100008BD04DF6344001018B4174B1B68FC464F
:103F2000019308BD00DF6D4400109446134A926F60
:103F3000920809D2624618B40F4BDB68FC46019325
:103F400008BD0CDF254700100C4AF0B5146E556E05
:103F5000576F166F6246FFF7EEFF084A1466556604
:103F600057671667F0BD18B4034B9B68FC46019376
:103F700008BD08DFC945001050220020000000D015
:103F8000FFB550404240504059404B40594000E03E
:103F9000FFB5154F4C00640D03D0BC4204D10C0397
:103FA00014D80020090D09055C00640D03D0BC4243
:103FB00004D11C030AD800221B0D1B0501264B400F
:103FC00009D44B4003D58B4200D18242FFBD9942B8
:103FD000FCD19042FFBD0B43DB1803431343F5D0E4
:103FE000C9434918FFBD0000FF07000000B5FFF7F7
:103FF000CFFF01D0002000BD012000BD00B5FFF7BC
:10400000C7FF804100BDC04600B5FFF7C1FF01D921
:10401000002000BD012000BD00B5FFF7B1FF01D9B0
:10402000002000BD012000BD00B5FFF7A9FF8041C1
:1040300000BD012040054A00121804D85A00121889
:1040400001D8002070470120704700207047000011
:104050000021002805D17047C1174840401AFAD006
:10406000C90713B5064B1B6898470CBC441CA240FB
:104070001005120B0349091B09051943114310BD13
:10408000502300201F04000010B54C00620D802357
:10409000D218DB00D21A5B057E2A10DD9E3A13DAB5
:1040A000CC170903490819435242D1406400013436
:1040B0001532202A05DAD0400843604310BD0020A5
:1040C00010BD0846604310BDC80FC018013810BDB0
:1040D00018B4044B5B6AFC46019308BD24DFD54845
:1040E000001000005022002018B4044B1B6EFC4648
:1040F000019308BD60DFE34900100000502200205A
:1041000018B4044BDB6DFC46019308BD5CDFE1494C
:104110000010000050220020C94211D300B5490010
:104120004908002200F018F8002904D40022404277
:104130008A41114600BD80210906002000BD000013
:1041400018B4044BDB6EFC46019308BD6CDFE348FA
:10415000001000005022002018B4044B9B6FFC4656
:10416000019308BD78DFFF480010000050220020B6
:1041700018B4044BDB6FFC46019308BD7CDF6D492E
:10418000001000005022002070B513231C78012C71
:1041900014D0012C14DC022C02DC1F4A1F4B9A6441
:1041A0001F48FFF721FC1F4B186070BD99001A488B
:1041B0001A4A885001331F2BF8D9EAE70023FAE79F
:1041C0001948FFF719FC05001848FFF715FC0238DD
:1041D00003789B007F2B19DD802229000F4800F017
:1041E000CFFE022CD7D1124B1A88B5231B029A425C
:1041F00009D1104B1A88104B9A4204D10F4B1A88E0
:104200000F4B9A42C7D00020FEF72EFB0D4B0E4AF3
:1042100032210E48FEF78EFA294400105022002069
:104220004C3300005023002053440000534600004C
:1042300054380000D8380000494600009C3800007F
:1042400059460000A8B5001060B60010FCB500107B
:10425000F0B5DE4657464E464546E0B585B004000B
:104260000D00009201930E9B9A46002B45DD019BA9
:10427000191101204042FFF70BFC039000239B46DD
:1042800029E00C239946AB11039A53431D2249465A
:10429000521A134101335B109846202252428B1868
:1042A00021D422009A40170023004A4693401E0062
:1042B0004346D917009A019B404600F0EBFB3400BF
:1042C0003D00241A8D415B464A46934043449B4639
:1042D00053469B1A9A465346002B11DD53460C2B2E
:1042E000CFDCD146CFE720235B1A2200DA4013004F
:1042F0002A008A4017001F43D6E700230393BDE737
:10430000009A019BAB4209DC01D1A24206D8009A77
:10431000019BA41A9D4101239C46E344009A019B02
:10432000AB4209DC01D1A24206D8009A019BA41A33
:104330009D4101239C46E344002D0FDB002D16DB3D
:104340000F9B002B01D05A461A602000290005B0AF
:10435000F0BCBB46B246A946A046F0BD009A019B00
:10436000A4185D4101235B429C46E344E6E7009AC2
:10437000019BA4185D4101235B429C46E344DFE7B7
:10438000F0B587B004000390080005940492CF0FA5
:104390000C0D6405640D0903090B802252031143BF
:1043A0001E0D7605760D1D032B0B13431B4DAC42E2
:1043B00026D0002E27D0002C03D1002F29D1002396
:1043C00023E0B44202DA039F03001EE000250195BA
:1043D000A41B0094049A0598FFF73AFF04000D000F
:1043E000002F04D002000B00002554429D410C4ACE
:1043F000921B20002900FFF777FE07000B0004E066
:104400000027084B01E00027064B3800190007B0D1
:10441000F0BD002780231B06F7E7C046FF0700001A
:10442000330400000000F07F07B56046002800D18B
:1044300000BE01880A0A0230DF2AFAD1C9B2820816
:1044400004D3028840880004104300E00068024A58
:104450005050039007BD0000502200200FB403BC51
:104460000CBCF0B50124E407634000E0F0B50C0D8E
:10447000CF0F661E3605891B640503D3C94340422E
:1044800000D30131640D03D0661CF60A07D0E41B8B
:1044900000207F00791C89078912803C24031D0DB0
:1044A000DF0F6E1E36059B1B6D0503D3DB435242A7
:1044B00000D301336D0D03D06E1CF60A07D0ED1B3F
:1044C00000227F007B1C9B079B12803D2D032F1B2E
:1044D000661B58D4A446202E46DA20371400BC4070
:1044E0001D00BD40F24033412A4380185941CB0F93
:1044F00005D0C943C0430022644250415141624645
:104500004D0D28D10D0D07D100281FD02419404191
:104510004941013A0D0DF9D0640006D3013000D3B2
:104520000131002C01D140084000013A0BD4941C09
:10453000E40A04D112051144DB071944F0BDD90780
:10454000204B194300E0D9070020F0BD0029DDD140
:10455000002CDBD1F0BD0132C6074008CD0728434F
:104560004908002EE1D0D9E73C2E29DA203E403719
:104570001400BC4000D00124F24014431A00BB4098
:104580001C43D317ACE7AC46202F08DA20360400D2
:10459000B4400D00B540F84039412843A5E73C2F11
:1045A0000CDA203F40360400B44000D00124F8402B
:1045B00004430800B1400C43C117EAE7100019009A
:1045C000002494E70000F07FF0B50C0D661E360560
:1045D000891BE60A6405640D02D0651CED0A04D04F
:1045E000002001210905803C2403A4461C0D671E00
:1045F0003F05DB1BE70A6405640D02D0651CED0A6C
:1046000004D0002201231B05803C2403774064442E
:1046100097B484B296B27443070C7E43150C6F4373
:1046200080B26843361802D3012000043F183004DA
:10463000350C00197D41844688B29AB250430C0C67
:1046400062431F0C7C438EB27E43921902D3012633
:104650003604A4191604170C3618674101BC81B240
:104660009AB25143040C62431B0C5C4380B2584322
:10467000121802D30120000424181004130C40184F
:1046800063412D185E410020474106BC88B293B2B9
:1046900058430C0C6343120C544389B251435B18CA
:1046A00002D301210904641819041A0C0918624183
:1046B0006D1856410020474118BCF902720D114394
:1046C000F0026A0D1043ED020A0D03D16D1940414D
:1046D0004941013B124E9B1B7600B3420ED26D0046
:1046E00007D30130002671416646354301D14008A9
:1046F00040001B05C918E4072144F0BD0BDA013363
:1047000006D1013004D101314F0D01D04908F2E743
:10471000E1070020F0BD013631050020EBE7000085
:10472000FF030000F0B51C0D671E3F05DB1BE70A09
:104730006405640D02D0661CF60A04D00022012331
:104740001B05803C2403D0252D060026F6432E664B
:104750001E096E66CE0FF619B44649004F0D02D001
:104760007E1CF60A03D000200021403F3F033E1B81
:10477000B600B444013F7F05C91B49082E6F0136BE
:1047800076089C02950D25437543ED137543AD13D3
:1047900001356D10F603761B0CB4CC02450D2C438D
:1047A000A2B2B3B25A43270C7B43350C6F43A4B279
:1047B0006C431B1902D3012424043F191C041D0C53
:1047C000A4187D4124196D41009A91B2ACB26143A5
:1047D000170C7C432B0C5F4392B25A43A41802D3AC
:1047E00001221204BF182204230C52187B41019CA1
:1047F0006C431B19520ED9010A434401A01A81B21D
:10480000B2B2514303145A43360C734387B2774311
:10481000D617D21900277E4136049B191704160CAF
:104820007F185E417316ED18F30100268033754141
:10483000A90F06D16400690AE8055B0A184309D28A
:104840002FE00422944480337541A90AA8059B0AED
:10485000184326D3404149412404009A019B0D008E
:104860005543641B4343E41A95B286B27543170C53
:104870007E43030C5F4392B25A43B61802D301221F
:104880001204BF183204330C52197B4152429C412E
:10489000002C02D40022013051414008CA071043C5
:1048A000490802B06246D7079210084BD218084B4D
:1048B0009A4203D212058918C919F0BD0020002AB6
:1048C00001DC3900F0BD01331905F5E7FD030000F7
:1048D000FE070000002200B5203200F010F80800AA
:1048E00000BD002200B500F00CF8CA179A4200D1B2
:1048F00000BDD8430121C907414000BD00220B156E
:104900000AD410B5944600F0A7F81414013400DA64
:104910000021CB17144C204700200021704762442F
:10492000343A0CD40C2A07DA0400914090405242E9
:104930002032D440214310BDD843D94310BD20328A
:1049400007D40C469440524220321141D0402043BB
:1049500010BD0800C917203203D452422032104142
:1049600010BD1800190010BD1F4900104A00520D5B
:10497000144BD21A13DDFF2A1EDAD205CB0FDB0748
:104980001A43C300400F0903490A084310435B0060
:1049900001D301D0013070474308FBD2704702D0E9
:1049A000C80FC00770470A0312130132F8D1420F33
:1049B000072AF5D1012200E0FF22C80F000280186B
:1049C000C00570478003000000210A00002104E0B8
:1049D00000210A00C11704E00022002306E0C046BF
:1049E0000022CB1758405940C01A994130B5184C95
:1049F000A21A002903D1010010D00020203A4C1542
:104A000012D104D2013A001849414C0DFAD3114C8D
:104A1000A24204D212058918DB07C91830BDD2435F
:104A2000520D00200021F5E703D4013A0018494156
:104A3000FBD50B324405C00A4D052843C90A640062
:104A400003D0002460416141E1E7E0D34408F8E786
:104A500032040000FE0700000A0DCC0F531E1B0598
:104A6000C91A520503D3C943404200D30131520D44
:104A700003D0531CDB0A07D0121B00206400611C0A
:104A800089078912803A1203014BD21A704700003D
:104A9000FF03000051434343C9188C46110C83B2F5
:104AA0004B4310B4040C614392B280B25043624352
:104AB0001C041B0C001910BC59411304120CC01823
:104AC0005141614470470000484041404840002344
:104AD0009C46114B5B68184700239C460E4B1B6895
:104AE00018470E4A936F9B0804D200239C460A4B3A
:104AF000DB681847F0B5146E556E576F166FFFF7E9
:104B0000F4FF064A1466556657671667F0BD002322
:104B10009C46014B9B68184754230020000000D09E
:104B200007B548404140484001E0C04607B5420053
:104B3000120E03D0FF2A03D1420218D8C00DC005BF
:104B40004A00120E03D0FF2A03D14A020FD8C90D22
:104B5000C9050122414005D4414001D5814207BD2C
:104B6000884207BD0143491801D0C043001807BD62
:104B700000B5FFF7DBFF01D9002000BD012000BD1B
:104B800000B5FFF7CDFF804100BD01231B064200A9
:104B9000D21804D84A00D21801D80020704701204A
:104BA0007047491A002807D108467047C10FC90746
:104BB00000D54042002817D0F44603B40B4B1B68C5
:104BC000984706BC81409E384042803107D20B0690
:104BD00007D04900490AC005104308436047013027
:104BE000F8E7490A8902F5E77047000050230020E2
:104BF00000239C46014B1B6B1847000054230020E8
:104C0000054A10470029FBD0044B5B6EFC46184751
:104C100064DFF14E00100000A34B0010542300206D
:104C2000034BDB6FFC4618477CDF354F001000005C
:104C3000542300204100090E862904DA00239C46F3
:104C4000044B1B6C1847044900B500F032F902BC54
:104C50008E46F3E754230020DB0FC94070B51323C1
:104C60001D782A48FEF7C8FE0400012D11D0012D41
:104C700009DDA31E1B789B007F2B40DD80222100D5
:104C8000234800F07DF92348FEF7AEFE224B186062
:104C900070BD542201001E4800F072F91F4B1A88A3
:104CA0001F4B9A421CD1A7239B011A881D4B9A4285
:104CB00016D11D4B1A881D4B9A4211D11C4B1A88D4
:104CC00094239B019A420BD11A4B1A881A4B9A4291
:104CD00006D11A4B1A681A4B9A4201D1152307E0E4
:104CE0001848FDF7C1FD99001748094A885001335B
:104CF0001F2BF8D9144A064B1A62DA61B7E7134B37
:104D0000134A42211348FDF715FDC04653460000E3
:104D1000542300204C33000050230020EE290000D3
:104D2000C40F0000C20D0000962B0000C0B50000AB
:104D3000182B0000CC2A000010B50000FC2C00004D
:104D400051ED8764B0A70010BD4E001074B600107E
:104D50000CB70010A8B60010F0B5C64600B50500A7
:104D60000F00161E98461BDDC91101204042FEF7B8
:104D70008FFE00220EE00C236C1244431D21C91A41
:104D80000C41013464109D40210079436D1A9A4012
:104D90001219F61A002E05DD0C2EECDC3300EBE7C1
:104DA0000020E6E7BD4201DBED1B0132BD4201DB25
:104DB000ED1B0132002D09DB002D0ADB4346002BE1
:104DC00000D01A60280080BCB846F0BDED19013A49
:104DD000F2E7ED19013AF1E7F0B5CE46474680B566
:104DE00083B01600C30F9946C30DFF24234045022C
:104DF0006D0A8022120490461543CF0FCA0D14404D
:104E00004902490A42460A439046002E01D0002139
:104E10003160FF2B41D0002C42D0002B47D0FF2C1B
:104E200040D0611E99423DDC23D04A46002A00D082
:104E30006D421A1B01AB41462800FFF78DFF43006E
:104E4000434503DC07D1019BDB0704D54346C01A69
:104E5000019B01330193002F02D0019B5B42019320
:104E6000002E01D0019B33609621091BFFF7C0FE85
:104E700018E0454516DD4B46002B06D14346580049
:104E8000281A012301930C00E5E743465800401B14
:104E900001235B4201930C00DDE7FF20C00501E028
:104EA000FF20C00503B0C0BCB946B046F0BD00202D
:104EB000F8E710B50022FFF78FFF10BD07B5604679
:104EC000002800D100BE01880A0A0230DF2AFAD188
:104ED000C9B2820804D3028840880004104300E06D
:104EE0000068024A5050039007BD00005423002080
:104EF000002230B5002906D5CD0705434808013A00
:104F000010E0002230B505000D430FD0CD170C1670
:104F1000AC4205D1C901440E2143C0010732F6E776
:104F20000500080052423D320149884730BD00006B
:104F3000EF290000C30FDB0741000A0E07D0FF2A4C
:104F400008D00909054A8918194340077047190014
:104F5000002070470249C918FAE700000000003835
:104F60000000F07F01480421014B1847700C00201D
:104F7000093A0010014B1B6818470000700C002014
:104F8000014B5B6818470000700C002010B503004F
:104F9000080011001B68984710BD0000F8B5070015
:104FA0000D001600437D002B02D0002400200CE0F1
:104FB00003681100280098472DE03B7D10E0022196
:104FC00015483B689847601C0134B44214DA002C41
:104FD000F3DD2B19013B1B780D3B5A425341DBB2E9
:104FE0002A5D0A2AF0D1002BEED1A042E7DA211A7D
:104FF00028183B689847E2E7B04203DA311A2818CC
:105000003B689847002E06DDAD19013D2B780D3B1E
:105010005A4253413B75F8BD98B7001070B5050072
:105020000368002B16D00C4B1C6805E0290004C94E
:105030002000FFF7B3FF2469002C09D02368002B60
:10504000F9D0064B1B68002BF0D0A342F3D1EDE75B
:1050500000232B6070BDC046F41D0020001E002000
:1050600070B505000C000B68802B05D021684B1C27
:1050700023606418257170BD0800FFF7CFFFF5E7C6
:1050800010B5FCF713FE02000B1E0BDB0D480021D0
:1050900012184B41002B0BDB002B0DDB0A4805F0EF
:1050A000CBFA10BD094B0A4A3F210A48FDF742FBE3
:1050B00001225242084BEFE7044B054A3F210548C5
:1050C000FDF738FB40420F007016002008A70010C3
:1050D00080B7001024A70010FFFFFF7F10B5024823
:1050E00005F072FA10BDC04670160020F0B5CE462D
:1050F000474680B583B006000D0090461C00FFF7C0
:10510000BFFF81466B1C05D0002C08D0194F1A4BED
:105110001C6807E0300002F0D1FE0500F4E7174FED
:10512000F5E72469002C17D02368002BF9D0144B25
:105130001B68002B01D0A342F3D12A0031002000CC
:10514000B8474346002BECD06B46D91D0A230B70A1
:1051500001222000B847E4E74B46002B07D16B1E25
:105160009D41E8B203B0C0BCB946B046F0BDFFF700
:10517000B5FFF4E78D4F0010F41D00209D4F001087
:10518000001E0020094A01E010331A001368002BAA
:1051900008D08342F8D1002907D1036913600023A6
:1051A000036102E0002900D010607047F41D002068
:1051B00010B5064B1C6801E098472469002C03D009
:1051C0006368002BF8D1F8E710BDC046F41D00203D
:1051D00070B5050002F072FE0400002301220100F8
:1051E0002800FFF783FFFFF7E3FF200070BD0000FA
:1051F00070B5A2B004000E00FFF742FF05000023C7
:1052000001933300220001A90848FEF7D5FB0400F2
:1052100001A8FFF703FFFFF7CBFF002D02D120000D
:1052200022B070BDFFF75AFFF9E7C0466150001089
:105230000FB400B583B004A901C90191FFF7D8FFED
:1052400003B008BC04B0184710B500F037F910BD22
:1052500070470000014B00221A707047872400201D
:105260004B79FF2B0CD18B79002B0BD1CB79012BF8
:105270000AD1082A0AD98A78054B1A70092000E059
:10528000002070470020FCE70020FAE70020F8E744
:10529000872400200120704770B504000D000348EA
:1052A000FEF7A2FB030029002000984755420000AA
:1052B00010B5012926D1117953791B020B431249EC
:1052C00009788B4201D000201DE05378012B03D0D8
:1052D000022B10D0002016E09178D3781B021943DE
:1052E000DB0506D54B0A012098407F231940FFF7C4
:1052F000D3FF0020F9E7642200210020FDF7C0F968
:10530000012000E0012010BD87240020012303704C
:10531000004870479CB7001010B50B784878000221
:1053200018438A7812041043CB781B060343962255
:10533000D200934200D010BD00210800FFF7ACFF5F
:10534000024B1860024B19607047C046581D002080
:105350005C1D002010B5024B1878FBF747FC10BD10
:105360008824002070B5134B1B68002B1DD0114BF7
:105370001968EFF3108372B60A68002AFCD0BFF3F5
:105380005F8F0C494B6000220B4802700968BFF325
:105390005F8F0A6083F3108800240025074B18787C
:1053A000FBF724FC2000290070BDFA24A40000258E
:1053B000F4E7C04628220020892400208824002009
:1053C00010B584B000212D4805F01EF900283AD10F
:1053D0002B4B1B68002B3ED0294B1968EFF3108232
:1053E00072B60B68002BFCD0BFF35F8F24494A6074
:1053F0002448037801246340DBB201240470096867
:10540000BFF35F8F0020086082F31088002B22D04A
:10541000FCF75AFA0400FCF749FC02000B1E1CDBE7
:10542000FA208000002112184B41002B1BDB002BBF
:105430001DDB0121029100210191134900912000FF
:10544000FCF758FA07E001200021404201F0F0F893
:105450000A4805F0B9F804B010BD0C4B0C4A3F21C6
:105460000C48FDF767F9012252420B4BDFE7074B6F
:10547000074A3F210748FDF75DF9C0465824002040
:1054800028220020892400206553001008A700105E
:1054900048B8001024A70010FFFFFF7F10B5054B90
:1054A0001868002804D0044B1968002200F0E6FDBB
:1054B00010BDC046581D00205C1D002010B584B0F2
:1054C000D0231B061C68FCF7FFF9FCF743FBA04246
:1054D0002AD1324B1B7801F093FD3148FBF764FE73
:1054E0000120FBF745FEC0B22E4C20702E49FBF781
:1054F0009FFB20780121FBF771FB0520FBF786FB62
:10550000041E17D0002229490520FBF7BBFBFBF73F
:10551000D3FA01002648FBF763FE01212548FFF777
:1055200031FE200004B010BD234B244AB221244890
:10553000FDF700F9FCF7C8F90400FCF7B7FB02001F
:105540000B1E1BDBFA208000002112184B41002BA0
:105550001ADB002B1CDB012102910021019119496A
:1055600000912000FCF7C6F9C443E40F0822002193
:105570000F48FFF7FFFC002CD3D0CEE7124B134AA5
:105580003F211348FDF7D6F801225242114BE0E7C4
:105590000D4B0E4A3F210E48FDF7CCF8A8C3001072
:1055A0005824002088240020C153001055530010B7
:1055B00028220020800C0020CCA9001038B8001050
:1055C000B4B700106553001008A7001048B80010C9
:1055D00024A70010FFFFFF7F10B5002001F030FA74
:1055E00010BD000070B505000C00FFF7F5FF0028A6
:1055F00045D0002001F046FA002843D0FCF756FBC6
:1056000002000B1E21DB2248002112184B41002B07
:1056100021DB002B23DB1F4805F00EF8002834D0D7
:10562000FFF7DAFF002804D0002001F02BFA002851
:105630001BD101200021404200F0FAFF0324644204
:10564000144804F0C1FF200070BD134B134A3F21E2
:105650001348FDF76FF801225242124BD9E70E4B67
:105660000E4A3F210E48FDF765F822002900002070
:1056700001F014FA041EE3D103246442E0E703249A
:105680006442E0E703246442DDE703246442DAE78E
:1056900040420F005824002008A7001048B800100E
:1056A00024A70010FFFFFF7FF0B5C64600B5804677
:1056B0000C00FCF7FBFA02000B1E0FDB3748002141
:1056C00012184B41002B0FDB002B11DB344804F088
:1056D000B3FF002812D180BCB846F0BD314B324A2E
:1056E0003F213248FDF726F801225242304BEBE7CA
:1056F0002C4B2D4A3F212D48FDF71CF8FFF76CFF7E
:10570000002849D12B4B0020002118605960244803
:1057100004F05AFFDFE701200021404200F088FF3B
:10572000002001F0CFF9FFF757FF0028EFD000204D
:1057300001F040FA002820D0A542E8DA661B0020DC
:1057400001F038FA0200864200DC3200002AE2D082
:1057500043465919002001F011FA060001200021EA
:10576000404200F065FF002001F0ACF9AD19FCF7F4
:105770009DFA104B18605960DEE7FCF797FA0D4B65
:105780001E685F680C4A002392197B419942BED87B
:10579000D2D19042D0D9BAE70025CDE740420F00E0
:1057A0005824002008A7001048B8001024A70010B3
:1057B000FFFFFF7F9017002020A1070000487047DF
:1057C000E0B80010004870478CB8001010B5040015
:1057D000154B1B78002B0ED0002C11D1134B144A03
:1057E0005A80012301335B001BB2C0229200134395
:1057F0000E48038010BD11210B4800F025F8EBE79F
:10580000052C0ED8A4000B4BE4580023122BE9D82A
:10581000E25C002AE6D00133590004484252DBB270
:10582000F4E70020E6E7C04670240020CC1D0020ED
:1058300009040000F4B8001010B5024800F034F874
:1058400010BDC0464822002010B5002901D0002319
:105850000AE0114B114A1F311148FCF76BFF00247D
:105860000DE03732C25401334A1E9A420FD90F2B32
:105870000DD85A080B4CA25CDC07F0D4042422415A
:1058800014000F222240092AEBDC3032EAE7C0186C
:105890000023037010BDC0460CB9001078B9001089
:1058A00014B900104822002070B588B0040004AD7F
:1058B000002604960922002105A8FFF75BFB00964D
:1058C0000922002101A8FFF755FB4B232B700D2265
:1058D0006946280004F070FE002304E05A1D694662
:1058E0008A5CE2540133072BF8DD08B070BD00007C
:1058F00002007F201040D209400080184001014B77
:10590000C0187047081E002010B5038B3F333F229C
:105910009343022915D0124C2268C260D318236029
:105920009C0610D10F4C6240634080246401A34266
:105930000FD88906114380231B0619434368196059
:1059400010BD5B00E7E7084B084A54210848FCF704
:10595000F1FE084B054A56210548FCF7EBFEC04610
:10596000242200200000105020BB001054BC001066
:1059700050BB0010C0BB0010F8B505000E001400AD
:10598000FFF7B6FF7F232B40EF0985707A427A41FB
:1059900042700022C2700683C476012F0DD0DA0057
:1059A00012498C4662448260826800211160002B9B
:1059B00009D143600E4BC360F8BDDA000D498C4637
:1059C00062448260F0E7012F09D0013BDB000A4A04
:1059D0009446634443602100FFF796FFECE7013BE8
:1059E000DB00064A944663444360F4E784001050A9
:1059F00000011050800010500C0010500800105092
:105A000070B50C001500FFF773FF2A00210000F0AD
:105A10000DF970BD10B5002804D101210520FBF758
:105A2000DDF810BDD521034B034A49000348FCF7BC
:105A300081FEC04608BC001044BC001050BB0010E2
:105A400010B5002805D1002200218020FFF7D8FFE3
:105A500010BDDB21024B034A49000348FCF76AFEF4
:105A600008BC001034BC001050BB0010024B802258
:105A70005202DA647047C0460020115070B5041E0F
:105A800026D100F0ADF8164D0C23AB67FF22154967
:105A90000520FBF7F7F8402200211348FFF76AFAC8
:105AA000002240210020FFF767FF002240218020D4
:105AB000FFF762FF04F0D8FD01232B6480239B05D0
:105AC000EB649023094AEA502000FFF7CFFF70BD36
:105AD0008621074B074AFF310748FCF72BFEC046DB
:105AE00000001150A1040020081E002010D0010069
:105AF00008BC001068BC001050BB00100B785B069F
:105B000002D14B78052B00D070478A78014B1A6080
:105B1000FAE7C0460000115010B50C0000280DD166
:105B2000097963791B020B435B05590DE2789207F3
:105B3000920FA078FFF720FF012010BDFC21034B3E
:105B4000034AFF310348FCF7F5FDC04608BC0010CE
:105B500024BC001050BB001010B504F085FD10BD32
:105B600010B50400080011001A00002C03D1FFF743
:105B700047FF012010BD034B034A04490448FCF7CA
:105B8000D9FDC04608BC001014BC00100A02000079
:105B900050BB001010B508004B0605D1CB09012BF6
:105BA0000AD00222054B9A66FFF7A2FE802212015C
:105BB000002104F061FD10BD0122F3E70020115027
:105BC00010B508004B0600D110BDFFF791FE002371
:105BD000C3700022014904F04FFDF5E7FFF7FFFF16
:105BE00010B580235B040C4A13600C4A13600C4B05
:105BF0009A6880235B049343F9D10A4C9C220021CC
:105C00002000FFF7B7F98022520100210648FFF774
:105C1000B1F90923636710BD00E0004000F00040C7
:105C200000C00040000011500000105070B504008A
:105C30000D001600837E002B17D1A6820023E3827D
:105C40000133A3762561200004F0CEFC002804D0A7
:105C5000094A902380218902D150200004F014FDCC
:105C6000002805D00123237770BD04F0F5FCE4E79C
:105C7000200004F0E9FCF7E70020115070B50500A2
:105C800000240CE063001B19DA00184B1B689B18FA
:105C9000002B2AD05B68280098470134E4B2144BEB
:105CA0001B78A34210D3134A002A0BD0A342E9D891
:105CB000E31ADBB2002B18D15A00D218D2000E4BD7
:105CC0009B18E5E72300F5E70C4C53220021200048
:105CD000FFF750F9E01C1022FF21FFF74BF92000DD
:105CE00013302022FF21FFF745F970BDFC1700207B
:105CF000812400200D53001014BE0010241B00202E
:105D000010B5FFF7BBFF00F0F1FD10BD70B5050049
:105D10000C001600C86800F0F3FDE36832000121B2
:105D20002800984770BD0000F0B5DE4657464E4645
:105D3000C0B582B000900139C8B2FFF743FD00281A
:105D400000D18CE043789A46022B00D089E0C579D7
:105D50006A11013B4B491A4014010A781027BA43D3
:105D600022430A70AD112B405B01D2B22024A24322
:105D700013430B70060009368278C478240214435A
:105D80000419A64264D273780B2B09D001239B46D9
:105D90007378042B6CD1A31B9BB29946002525E098
:105DA000F3789B463378F618F2E76F007F19FB0013
:105DB000354A1768FF182BE02B0022E0BA68334BF6
:105DC0009A4234D1D34632E02E482B00019F3A004C
:105DD0003100133001F0A2F9BC4666442C4B1B780D
:105DE000AB42CED200203DE00135EDB2284B1B780E
:105DF000AB42F3D3274A002ADED0AB42D5D8EB1A08
:105E0000DBB2002B36D15F00FB18DB00224FFF18FE
:105E1000002F31D04A4631000098BB689847019066
:105E20000828E1D98145DFD35B46012BC6D000228B
:105E30009345C9D9B3789B18DBB21249C918C97800
:105E4000FF291BD10F49CB18DD700132D2B2EFE729
:105E5000124B002B14D000E000BF012002E0002014
:105E600000E0002002B0E0BCBB46B246A946F0BD4F
:105E70000020F7E70020F5E70020F3E70020F1E736
:105E80000120EFE7241B0020FC170020D16C00103C
:105E9000812400200D53001014BE001000000000EB
:105EA00070B505000C00CB7888780F2B50D89A007D
:105EB0002E498A589746FFF781FC020012232100E1
:105EC000280000F0D9FC44E0294B002B42D000E030
:105ED00000BF021E40D08178C3781B020B43210013
:105EE000280000F0C9FC34E0022B09D0214B002B24
:105EF00034D000E000BF0200002A05D1002028E0D5
:105F0000FFF760FC0200F7E79178D3781B020B43A0
:105F10002100280000F0B0FC1BE023796179090220
:105F20001943FFF753FC021E1AD003782100280002
:105F300000F0A2FC0DE0104B002B13D000E000BFDE
:105F4000021E11D003782100280000F095FC00E02B
:105F5000002070BD0020FCE70020FAE70020F8E7F1
:105F60000020F6E70020F4E70020F2E788BD0010EB
:105F7000000000000000000000000000024B587804
:105F8000431E9841C0B27047241B0020024B187872
:105F90004007C00F7047C046241B0020034B1878F1
:105FA000FF38431E9841C0B27047C046BC0C002069
:105FB00070B50400FFF7F2FF061E01D0300070BD7F
:105FC000532200212348FEF7D5FF234D2800FBF77D
:105FD000EBF8224B1D60224D28001430FBF70AF924
:105FE000280001F0F0FB1F4B1D601F4B002B04D05D
:105FF0001E48FFF78BF91E4B186000250BE06B0065
:106000005B19DA001A4B1B689B18002BD6D01B6853
:1060100098470135EDB2154B1B78AB4210D3124AAD
:10602000002A0BD0AB42EAD8EB1ADBB2002BC5D169
:106030005A00D218D2000F4B9B18E6E72B00F5E769
:106040000D4B1C702000FFF719FD2000FFF7E2FC4C
:106050000126B3E7241B0020DC1A0020781B002057
:10606000A00C00207C1B00200D5300108124002078
:10607000FC17002014BE0010BC0C0020F0B585B049
:1060800007000E00150001AC0C2200212000FEF7D5
:1060900071FF08236370029703962900200004F023
:1060A000C3FA05B0F0BD000070B50C00094B1D78B7
:1060B0008B7870221A4201D0002070BD064B99786F
:1060C000200000F0EFFF0028F7D021002800FFF7A4
:1060D00023FDF2E7BC0C0020241B0020F8B5CE46BF
:1060E000474680B581460C0017001E00089B984665
:1060F000002504E0099A13702378E4180135AF42B3
:1061000014DD6378052B16D1E1788907890FB14238
:1061100013D121004846FFF7C7FF002807D0A37816
:10612000DA09012AE6D042461370E5E70120C0BC37
:10613000B946B046F8BD0020F9E70020F7E70000B7
:1061400010B57F200840C90940004018303004498C
:1061500008180330034B196800F05EFF10BDC046FD
:10616000241B0020781B002010B57F200840C9099F
:10617000400040183030044908180330034B1968B8
:1061800000F072FF10BDC046241B0020781B0020C9
:10619000F8B5CE46474680B5194800787F250D40B2
:1061A000CE096F00174CE419A4193034E478E407E1
:1061B00004D50020C0BCB946B046F8BD114CE41966
:1061C000A4193027B946A1444C46E4780127BC46BF
:1061D00067463C4327004C46E770FFF7C1FC0028A8
:1061E000E8D16D00074B5D19AE193036F378012206
:1061F0009343F370F37803329343F370DAE7C046C6
:10620000BC0C0020241B002070B50F4B18787F2495
:106210000C40CD0962000D4B9B185B193033DB78C5
:106220009B0700D570BDFFF7B5FC6300074CE41871
:1062300064193034E37802221343E370E3780122D7
:106240001343E370EEE7C046BC0C0020241B002083
:1062500070B50F4B18787F240C40CD0962000D4BB0
:106260009B185B193033DB789B0700D470BDFFF7B8
:10627000A7FC6300074CE41864193034E378022269
:106280009343E370E378013A9343E370EEE7C0464B
:10629000BC0C0020241B00207F220A40CB095200A6
:1062A00003498918C9183031C8788007C00F704772
:1062B000241B0020F0B5C64600B582B005000C00D6
:1062C000002000F01DFB237860221340602B00D1DA
:1062D00085E1402B0FD02278D206D20E012A00D1C0
:1062E000C9E0022A00D10FE1002A11D0002002B03B
:1062F00080BCB846F0BDC74B002B00D171E118003F
:1063000000F0FEFA22000121280000E000BFEEE7C5
:10631000202B0AD0002B00D06BE16378092B00D929
:1063200069E19B00BC4AD3589F4623790F2B00D9C3
:1063300059E1BA4AD318DB78B94A002A05D0B94ADC
:106340001278934211D39B1ADBB2002B00D04CE1A0
:106350005900CB18DB00B449C918002900D146E127
:1063600022002800FFF7D2FCC1E75900CB18DB0060
:10637000AE4A1168C918F0E7200000F0C7FAA1780A
:106380002800FFF75DFBA54A137802210B43137029
:106390000120ACE7A14B5B786A46063213700123FB
:1063A0002100280000F068FA0120A0E7A6789B4BA6
:1063B0005B78DBB2B34205D0984B5B78002B09D1F8
:1063C000002E13D1954B5E702100280000F038FAA2
:1063D00001208CE72800FFF7BFFB904FBB78984661
:1063E0002800FFF74BFC4346BB70E9E7310028006B
:1063F000FFF79AFC0028E5D179E721002800FFF794
:106400004FFD74E7A278E3781B021343012B01D000
:1064100000206CE7814A137808210B431370210098
:10642000280000F00DFA012061E7A278E3781B0252
:106430001343012B01D0002059E7784A1378082133
:106440008B4313702100280000F0FAF901204EE779
:10645000724B1A785109920801230B4002210A401D
:1064600013436A460632138002232100280000F0FD
:1064700003FA01203BE723790F2B00D9BDE0674ADF
:10648000D318D978664B002B05D0664B1B78994200
:1064900028D3C91AC9B2002900D0B0E04B005B185C
:1064A000DB006149C918002900D1AAE022002800B8
:1064B000FFF72CFC002800D019E7237860221A424D
:1064C00000D014E763780A3B012B00D90FE700F0F6
:1064D00017FA63780A2B0CD02100280000F0B0F9DD
:1064E000012004E74B005B18DB00504A1168C91813
:1064F000D9E76B469A1D0023137001332100280051
:1065000000F0BAF90120F2E621797F220A40CE0993
:106510007020084277D15200404882189219D27CEC
:106520003F48002805D03F480078824212D3121A13
:10653000D2B2002A15D15600B218D2003A4EB6187F
:10654000002B10D0002E60D0220031002800FFF771
:10655000DDFBCCE65600B218D20034480668B61807
:10656000EEE70026ECE76378012B12D0032B10D066
:10657000002B01D00020BAE62800FFF78DFE6B4605
:106580009A1D108002232100280000F075F90120D7
:10659000ADE6A778E27812023A4304D1012B1AD073
:1065A0002800FFF731FE002E31D0220031002800F4
:1065B000FFF7ACFB002000F0A3F9184A3423D35CAA
:1065C000DB07D80F002B00D091E62100280000F057
:1065D00037F901208BE62800FFF73AFEE3E70020B9
:1065E00085E6002083E6002081E600207FE600208B
:1065F0007DE600207BE6002079E6002077E600209B
:1066000075E6002073E6002071E600206FE60120A9
:106610006DE6C04600000000C8BD0010241B00202D
:106620000D5300108124002014BE0010FC17002020
:1066300030B585B000F0E9FC002808D105B030BDC8
:1066400001AC2078FFF75CFB22795D4B9A705D4BC3
:106650001C68210014316269EFF3108072B6136870
:10666000002BFCD0BFF35F8F486001A9200001F030
:106670004DF86269A369BFF35F8F0021116083F356
:1066800010880028DAD001AB5B78082BDFD89B009C
:106690004D4AD3589F4601AB1878FFF731FB4B4B5F
:1066A000002BD4D000E000BFD1E7454B1A7801247D
:1066B00001210A431A703322995CA1439954995CD1
:1066C0000420814399540132995CA1439954995C07
:1066D0008143995401AB187802A9FFF7EBFD00281C
:1066E000B5D101AC20780021FFF754FA2078802141
:1066F000FFF750FAABE701AB19797F220A40CC09CA
:1067000050002F4B1B181B193033D8780125A84394
:10671000D870D8780335A843D870002A1FD052000B
:10672000274B9A181219D37C294A002A05D0294AE6
:10673000127893421AD39B1ADBB2002B00D07DE76C
:106740005A00D218D200244B9B18002B00D175E7B9
:106750001C6901A84279039B0078A04777E701A84C
:106760004279039B007800F0DFF870E75A00D218F6
:10677000D2001A4B1B689B18E7E7114B1B78DB070D
:1067800000D464E7164B002B00D160E70C4B18785F
:106790000007C00F00E000BF59E7094B1B78DB077B
:1067A00000D454E70F4B002B00D150E700E000BFAE
:1067B0004DE7029B002B00D149E70398984746E735
:1067C000241B00207C1B0020F0BD001000000000F6
:1067D0000D5300108124002014BE0010FC1700206F
:1067E0000000000000000000F8B50500124B9F8972
:1067F000DE89B91B89B20B1C402900D940239CB209
:106800000D4B1B785BB2002B08DB0021B74211D087
:106810000A4A23002800FFF7BBFCF8BDB74201D1AC
:106820008021F3E7044B996822000448FEF7A8FB97
:106830008021EBE70022ECE7C81A0020E41A0020D0
:1068400070B506000C000B4D08222800FEF798FBDF
:106850000023AB60EB81AB810023E356002B06DB0A
:106860008021002300223000FFF792FC70BD002140
:10687000F7E7C046C81A0020F0B5C64600B5804606
:106880000C0016001D00184F08223800FEF778FB98
:10689000BE600023FB81A379E179090219430B1C37
:1068A000A94200D92B1C99B20F4A9381A279E379AE
:1068B0001B02134309D0002901D0002E12D04046FC
:1068C000FFF792FF80BCB846F0BD0023E356002BD3
:1068D00006DB8021002300224046FFF759FCF1E748
:1068E0000021F7E70020EDE7C81A002010B51422B8
:1068F00000210248FEF73EFB10BDC046C81A00202A
:10690000014B18617047C046C81A002010B501003D
:10691000044C08222000FEF733FB0023A360E38130
:10692000A38110BDC81A002070B505001C00C9095C
:106930002D4B1B78DB098B4211D0002C50D12B4BF7
:10694000002B02D02849FFF7D9F8274B1B69002BF1
:1069500003D0254A032128009847012070BD224B0F
:106960001B785BB2002B07DB1F4B9868002839D0DF
:1069700022001F49FEF704FBA2B21B49CB89D318A2
:106980009BB2CB818A6812198A60CA88934201D06F
:106990003F2C21D8144B1B69002B05D0124A022131
:1069A0002800984700280DD00F4B1B785BB2002BB6
:1069B00006DB8021002300222800FFF7E9FBCDE75A
:1069C0000021F7E700212800FFF7E4F880212800E4
:1069D000FFF7E0F80120C1E72800FFF705FFBDE75A
:1069E0000020BBE70020B9E7C81A0020FD5A0010BC
:1069F000E41A002070B5040005001035280000F0EE
:106A00006FFE3F2801D8002070BDE1780020FFF71D
:106A100097FB0028F8D0280000F062FE3F2808D934
:106A200092239B00E218E17840230020FFF7B0FB9F
:106A3000EAE7E1780020FFF797FB0020E4E7000099
:106A400010B50400FFF79AFA00280CD10022002AA2
:106A500011D0B2239B0063430948C0180379DB07B8
:106A60000BD5012008E0FFF791FA002801D101229F
:106A7000EDE70022EBE7002010BD0020FCE7C04658
:106A80000018002010B5B2239B0058431030024B71
:106A9000C01800F0F4FD10BD0018002070B5B2233E
:106AA0009B005843064BC51892B21030C01800F036
:106AB0004EFE04002800FFF79DFF200070BDC04679
:106AC0000018002070B50500FFF758FA002804D11F
:106AD0000023002B09D1002070BDFFF757FA0028D2
:106AE00001D10123F5E70023F3E7B224A4006C43AE
:106AF0002034214BE4180434200000F0C0FD0028AD
:106B000001D10020E8E7B22292006A431A4B9B1899
:106B100099780020FFF714FB002801D10020DBE763
:106B2000B226B6006E43A2239B009C466644124BDD
:106B3000F61840223100200000F009FE041E0ED09D
:106B4000B220800068430C4D2D18A9782300320034
:106B50000020FFF71DFB00280CD02000BCE7B2206E
:106B600080006843044D2D18A9780020FFF7FCFA37
:106B70000020B1E70020AFE70018002070B5050045
:106B8000B224A40044432034094BE418043492B2E4
:106B9000200000F013FE0600200000F070FD3F28EA
:106BA00001D8300070BD2800FFF78CFFF9E7C04620
:106BB0000018002010B5B2239B0058432030034B2F
:106BC000C018043000F08CFD10BDC0460018002035
:106BD000F0B5CE46474680B583B0B2229200002180
:106BE0002848FEF7C7F90026002E04D003B0C0BC29
:106BF000B946B046F0BD234FB224A40074433D19FA
:106C0000FF236B71002398461F4AEA8001222A81E4
:106C1000AB72EB7208232B7321003831C919F8339A
:106C2000994620001030C0194346009301334A466C
:106C300000F0E7FC21003931FF31C9192000203074
:106C4000C0190430012300934A4600F0DAFC8E2379
:106C50009B00E3189946B9444846FAF7A5FA43461B
:106C6000EB614B462B6290239B009C466444E419E5
:106C70002000FAF799FA2C6343466B630136F6B2AB
:106C8000B2E7C0460018002000C2FFFF70B5002523
:106C9000002D00D070BDB224A4006C430B4EA0198F
:106CA00005220021FEF766F920001030801900F05F
:106CB0008AFD2034A4190434200000F084FD012151
:106CC000200000F09FFD0135EDB2E1E70018002043
:106CD000F0B583B006004B79022B50D18B79022B93
:106CE00051D10023002B08D00027002F4DD08B78E6
:106CF0003B700C780C19092511E0B224A4005C4308
:106D0000254800198078002802D00133DBB2E9E77A
:106D1000214FE719E9E721784D19ADB2641863787E
:106D2000242B01D19542F6D9052B09D06378042B89
:106D300002D163790A2B10D03800FFF75BFE1FE009
:106D400021003000FFF7B0F9002820D0A3787B7035
:106D500022785519ADB2A418E8E721784D19ADB2E3
:106D60006118BB1C0193FB1C00930223022230001C
:106D7000FFF7B4F900280CD00E35ADB2DCE70025E2
:106D8000280003B0F0BD0025FAE70025F8E700254C
:106D9000F6E70025F4E7C04600180020F8B5140017
:106DA000127860231340202B00D07FE0444A002556
:106DB000002D00D07CE01678277963791B023B43D5
:106DC0009E4206D00135EDB2B2239B009C46624440
:106DD000EEE76378222B31D009D8202B11D0212B5C
:106DE00003D1012923D0012061E000205FE0232BA3
:106DF00005D1012949D003294CD0012057E00020BA
:106E000055E0012903D0032908D001204FE00632C4
:106E100007232100FFF730FD012048E0294B002B1C
:106E200048D0911D2800FEF777FA01203FE0063296
:106E300007232100FFF720FD012038E0012903D0BE
:106E4000032906D0012032E02100FFF7F9FC0120E0
:106E50002DE0A178E3781B020B43012019000140CB
:106E60000E005C08044013714B425941C9B22432F0
:106E7000100000F0C7FC144B002B1DD02200310085
:106E8000280000E000BF012011E02100FFF7D8FC3E
:106E900001200CE00D4B002B10D0A378E178090203
:106EA0001943280000E000BF012000E00020F8BDE9
:106EB0000020FCE70120FAE70120F8E70120F6E7CF
:106EC000001800201953001000000000000000000E
:106ED000F0B5D64600B582B001900F0000930024B3
:106EE000002C0ED0002C00D07CE0EB78BB4216D0FA
:106EF000AB78BB424DD00124200002B080BCBA4622
:106F0000F0BDB225AD006543394BED18EB78BB42BF
:106F1000E8D0AB78BB42E5D00134E4B2E0E710231F
:106F20009A46AA4492239B00E9186B461A88504659
:106F300000F044FC2F4B002B1BD06B79FF2B18D09B
:106F4000002600E00136009B9E4212D26A79AB19FE
:106F5000922189008C4663441B789A42F2D15046B4
:106F600000F0A2FB0028EDD16979200000E000BF0D
:106F7000E8E7214B002B04D0504600F095FB002899
:106F800003D02800FFF736FDB2E72000FEF786FAAF
:106F9000F7E71A4B002B02D0200000E000BF2000D2
:106FA000FFF790FD002801D00124A5E72800243038
:106FB00000F065FB002817D1009B002B16D09B0624
:106FC00001D0012498E7A9780198FFF7B9F8041EC9
:106FD00001D1012490E7A978002300220198FFF74E
:106FE000D7F889E7002487E7012485E7012483E7B0
:106FF00000180020000000009D5400100000000058
:1070000010B50020FEF7D4FF10BD10B5FEF7C6FF87
:10701000002800D0012010BD70B504000D000378D9
:10702000DB07DE0F002B1CD103785B071AD401218C
:107030004942280003F0F0FA2378DB0704D42378D0
:107040005B070CD5002600E00026002E03D0237835
:10705000042213432370280003F0B6FA02E001264D
:10706000F3E70026300070BD70B504000E0001216A
:107070004942300003F0D0FA23785B070BD4002597
:10708000002D03D02378042293432370300003F0B3
:107090009BFA280070BD2378DB0701D50025EFE7B8
:1070A0000125EDE710B5047943791B0223435B0505
:1070B0005B0DC2789207920F022A0FD0032A19D0D3
:1070C000012A01D0002010BD022904D0124A9A42A0
:1070D0001AD30120F7E78022D200F8E7022903D073
:1070E000402B15D80120EEE78022920093420DD16B
:1070F0000120E8E7022904D040229A420AD3012065
:10710000E1E78022D200F8E70020DCE70020DAE7A0
:107110000020D8E70020D6E7FF03000030B58A182A
:1071200001E00C78091991420AD24C78052CF8D16B
:107130008D787A342C4064000419ED096355F0E72A
:1071400030BD03008A1890B2814202D85A009042A2
:1071500003DB5B009BB2C01A80B2704770B50500BC
:107160000800AC889A420BD3D11A89B200291ED0EC
:107170008C4210D2944209D8131B9BB26B810AE057
:10718000D11A89B26600891989B2EFE7A21893B2C1
:10719000F4E71B1B9BB29C42FBD92968EA88520486
:1071A000520C5343C918FDF7EBFE012070BD0020BF
:1071B000FCE7F0B583B0060093080CE00B784D783F
:1071C0002D021D438C7824042543CB781B062B43CA
:1071D000336004313B005F1EBFB2002BEED103339E
:1071E000100018401A4201D103B0F0BD00230193F2
:1071F000020001A8FDF7C4FE019B3360F4E7F0B57F
:10720000DE4657464E464546E0B583B005008A4601
:107210000CA909788488E01A80B21C1B1419A4B246
:10722000EF887F047E0C07007743BFB27443A4B29B
:10723000A34673432C68A0469844002908D001292E
:107240001AD003B0F0BCBB46B246A946A046F0BD7A
:10725000904205D3724341465046FDF791FEF0E758
:107260003A0041465046FDF78BFE296838005044ED
:107270005A46FDF785FEE4E7904206D3724392B288
:1072800041465046FFF795FFDBE703233A009A4358
:10729000914641465046FFF78CFF43464B4403213D
:1072A0003A000A400F4230D00421891A89B2081CE2
:1072B000594500D95846C7B2FF2101405846441AE3
:1072C000A1B28B460021019101A804E01A78027056
:1072D00001300A000133511EC9B2002AF6D12968D3
:1072E00004E00A78027001301F0001317B1EDBB21E
:1072F000002FF6D15346019A1A605B46002BA0D0AE
:107300005A465046FFF755FF9BE72968F5E7F0B569
:10731000C64600B582B01E0008AB1B8809AC2778B2
:1073200084889E420FD3F51AADB2002D1FD0AC4217
:1073300005D2B44210D8331B9BB24381250095423D
:107340000FD315000DE0F51AADB2A8466500AC46A6
:1073500045466544ADB2E8E7A619B3B2EDE71B1B9D
:107360009BB29C42FBD900972A00FFF748FF2800F8
:1073700002B080BCB846F0BDF0B583B004000D008B
:1073800016001F000069002803D00121494203F0C4
:1073900043F923899BB26289019700923200290048
:1073A0002000FFF7B4FF0500618989B2A0882A0098
:1073B000FFF7C7FE60812069002801D003F004F9BF
:1073C000280003B0F0BD70B582B01600950809E042
:1073D0000B6803701D0A45701D0C85701B0EC37071
:1073E000043025006C1EA4B2002DF1D1032332001D
:1073F0001A401E4201D102B070BD0B68019301A971
:10740000FDF7BEFDF7E7F0B5DE4657464E4645466A
:10741000E0B583B005008A460CA90878AC88E11A6B
:1074200089B21C1B1419A4B2EF887F047E0C0F00D4
:107430007743BFB27443A4B2A34673432C68A046FB
:107440009844002808D001281AD003B0F0BCBB46ED
:10745000B246A946A046F0BD914205D372435146BB
:107460004046FDF78DFDF0E73A0051464046FDF7F6
:1074700087FD2868390051445A46FDF781FDE4E74D
:10748000914206D3724392B251464046FFF79BFFAA
:10749000DBE703233A009A43914651464046FFF703
:1074A00092FF43464B4403213A000A400F422ED03C
:1074B0000421891A89B2081C594500D95846C7B217
:1074C000FF2101405846441AA1B28B465146096833
:1074D000019101A904E00A781A7001310200013318
:1074E000501EC0B2002AF6D1286804E00A78027063
:1074F00001311F0001307B1EDBB2002FF6D15B464D
:10750000002BA2D05A465146FFF75DFF9DE7286841
:10751000F5E7F0B585B006000391151E029300D182
:107520006DE0C068002803D00121494203F074F8DF
:107530003489A4B2718989B2F379DB091AD1B3888D
:107540008C420FD3611A89B28B4211D95B1A9BB25C
:107550002F1C9D4200D91F1CBFB2002F47D0B288FC
:10756000230035E0611A89B25A00891889B2EBE725
:107570000023EDE7B788AF420ED8029B002B21D144
:10758000ED1BF3885B045A0C6A43039B9C469444AE
:10759000634603930C00E0E78C420DD3631A9BB261
:1075A0005B197A0093420FDB7A1B92B23800FFF727
:1075B000C8FD04002F00D0E7631A9BB27A009B1825
:1075C0009BB2EDE70C00C8E72F00C6E79B1A9BB201
:1075D0009A42FBD9029A00923A0003993000FFF7D1
:1075E00012FFB0883A002100FFF7ABFD3081F06850
:1075F000002801D002F0E8FF380005B0F0BD170008
:10760000FAE7F0B583B00400019116001D0008AB45
:107610001F7880231B029A422DD8C068002803D00F
:107620000121494202F0F8FF2069002803D001211E
:10763000494202F0F1FF019B2360A6806D046B0CB0
:10764000E288D20BD5031D43E580FB01E2797F2759
:1076500017401F43E771002363812381E0680028FE
:1076600001D002F0B1FF2069002806D002F0ACFF83
:10767000012003B0F0BD0020FBE70120F9E781887D
:1076800003899BB2428992B2934207D39B1A9BB261
:10769000081C994200D9181C80B270479B1A9BB2F3
:1076A0004A009B189BB2F3E7030000895B89C01A6C
:1076B00043425841C0B27047818803899BB24289D6
:1076C00092B2934206D39B1A9BB200208B42404158
:1076D000C0B270479B1A9BB24A009B189BB2F4E75A
:1076E000828803899BB2408980B2834206D31B1AE9
:1076F0009BB29A4208D9D31A98B270471B1A9BB210
:1077000050001B189BB2F4E70020F6E770B50400A8
:107710000D000069002803D00121494202F07CFFDE
:10772000228992B263899BB229002000FFF716FDDF
:107730000500618989B282B2A088FFF702FD6081ED
:107740002069002801D002F03FFF280070BD10B56D
:107750000023FFF711FE10BDF8B504000E00C0684D
:10776000002803D00121494202F056FF2589ADB21D
:107770002000FFF7A1FF002802D0E779FF0916D00B
:10778000A2882B0001E09B1A9BB29A42FBD9E288A7
:107790005204520C53432168C8183100FDF7F0FB26
:1077A000A08801222900FFF7CCFC20810127E06896
:1077B000002801D002F008FF3800F8BD10B5002302
:1077C000FFF7A7FE10BD10B50400C068002803D065
:1077D0000121494202F020FF2069002803D0012145
:1077E000494202F019FF002363812381E0680028E9
:1077F00001D002F0E9FE2069002801D002F0E4FE89
:10780000012010BD70B504000D00C068002803D031
:107810000121494202F000FF2069002803D0012124
:10782000494202F0F9FEED01E3797F211940294335
:10783000E171E068002801D002F0C6FE206900284E
:1078400001D002F0C1FE012070BD000070B50B0C2C
:107850000024150C002B28D1002D37D18BB291B20A
:10786000594300F047F8051E19D00300083B5A6839
:1078700003239A43043A242A13D80300132A0AD96B
:107880000460446008331B2A05D98460C460242A3C
:1078900025D00300103300221A605A609A60280035
:1078A00070BD0021FDF766FBF9E7002D11D1151C15
:1078B00089B292B24A43ADB29BB26B43110C5B18D2
:1078C000190C06D1190492B21143CAE72B1C0D1CE6
:1078D000EEE700F009F80C2300250360DFE7030062
:1078E000046118334461D6E7014B18687047C046FD
:1078F000C00C0020F0B54E464546DE465746E0B582
:107900000D000B35060083B0162D22D8102900D9A2
:10791000B2E000F0B1FA102518230220CC4FFB187A
:107920001A005C68083A944200D1B5E0032362680B
:107930009A431300E268A168CA6091600122E318CB
:10794000596830000A435A6000F09EFA200008305F
:1079500095E007239D4300D58EE0A94200D98BE036
:1079600000F08AFAFC235B009D4200D2A7E1680A7E
:1079700000D18BE0042800D97AE138239846A80981
:1079800080443930C100B24F79184C680839A1429F
:107990000ED003239C4604E0002ACBDAE468A1421F
:1079A00006D06246636893435A1B0F2AF4DD4046B3
:1079B0003A003C690832944200D178E003236168C0
:1079C000994389460B00491B0F2900DD7BE17A6151
:1079D0003A610029B2DA80229200914500D30FE18A
:1079E0005909DA0801238B40D2007968D2190B4378
:1079F00091687B60E260A1609460CC60012182109C
:107A00009140994259D80B4205D103229043490035
:107A100004300B42FBD003239846C3009946B94477
:107A2000CC4682466346DC68A44507D12CE1002A97
:107A300000DB35E1E468A44500D125E142466368F6
:107A400093435A1B0F2AF2DD01208046611905433A
:107A50006560A068E5680837C560A86040461043C7
:107A6000F960B9604860CF6030008F60E25000F08C
:107A70000BFA2000083002E00C230020336003B032
:107A8000F0BCBB46B246A946A046F0BD80213F23CC
:107A900040209846890076E7DC680230A34200D097
:107AA00044E73A003C690832944200D086E701215D
:107AB0007B68821091409942A5D90323BC68626813
:107AC0009A439146954203D8531B0F2B00DD89E062
:107AD00023004B445F4A01935F4B93461B68126837
:107AE000EB18013200D13DE15C4A944663441B0B24
:107AF0001B0300933000009900F0CEF9030080468C
:107B0000013300D1FAE0019B834200D9F4E0544BE9
:107B100000981A009A46126803009446514663443E
:107B20000B6001991A00414500D151E15B461B6889
:107B3000013300D156E1434601995B1A9A18534626
:107B40001A600723424641461A400192194200D169
:107B500012E108239846881A424B00998044414418
:107B60009B1A5B1A1B051B0D0091300019009B46E8
:107B700000F092F9431C00D150E14346C01A0300C3
:107B80005B440093534652461B6801215B441360DB
:107B900042464046BA60009A0A434260BC4200D165
:107BA00024E14A460F2A00D822E107200C3A8243FA
:107BB00060680140052011436160A1184860886039
:107BC0000F2A00D935E142464446526826490868E2
:107BD000984200D20B6025490868984200D38FE094
:107BE0000B608DE001222900134311436519616088
:107BF0003000BD606B6000F047F9200008303EE7C0
:107C00005A0A042A72D9142A00D9C5E011005C323C
:107C10005B31D20008235B429C46BA189444634609
:107C20009A6803239846944500D19EE043465168E4
:107C30009943494502D992689445F7D1D3689C4647
:107C40007B686146A260E1608C60D460D6E6C04685
:107C5000F0100020F8140020F81700200F1000008A
:107C6000C817002008100000F0170020F4170020AB
:107C7000142852D9542800D996E06E239846280B30
:107C800080446F30C1007EE608239B46073BDC44FE
:107C90009B46DA4443465246134200D0C2E64CE0CB
:107CA0000122E318596830000A435A60E368A26869
:107CB000D3609A6000F0E8F820000830DFE62B007F
:107CC000E80808332AE6012360191D4365607861DE
:107CD0003861C26082601A004B460A43426030003D
:107CE000E15000F0D1F820000830C8E69A091100F0
:107CF00039323831D2008DE7BC4260D0BC6862684E
:107D000003239A43531B954202D80F2B00DD69E7EA
:107D1000300000F0B9F80020B1E65B2398468044BB
:107D20005C30C1002FE608235B429C46E1444B4691
:107D30009B6801384B4500D098E043460342F2D19E
:107D40007B688B437B604900994200D9B5E60029E6
:107D500004D1B2E6042294464900E2440B42F9D031
:107D600050465AE610330093C4E68910023B8B401C
:107D700079680B437B6064E7009B300043445B42BF
:107D80001B051B0D19009B4600F086F8431C00D014
:107D9000F3E600239B46F5E6542A2BD81A0B110074
:107DA0006F326E31D20035E7AA235B0098422BD8A0
:107DB000DD3B9846E80B80447830C100E3E52C4B6E
:107DC000009A9A461B689C46534662441A60ADE688
:107DD000090500D0AAE60200BC684A4401310A4302
:107DE0006260F3E65B4642461A60AAE64446EDE668
:107DF00041608DE7AA2149008A4224D8DA0B11009C
:107E000078327731D20005E71A4B984224D87C2388
:107E10009846A80C80447D30C100B4E5009A019BCF
:107E200094464246083B63449B1A009300239B46BA
:107E3000A8E621003000083101F0D2F85346BC68B2
:107E40001B686268C2E60B498A420BD89A0C110083
:107E50007D327C31D200DDE6FE217E237F209846F4
:107E6000890090E5FE227E219200D3E67B686AE7D6
:107E7000C81700205405000010B5024801F0C8FDE5
:107E800010BDC046C417002010B5024801F0C2FD65
:107E900010BDC046C4170020002370B5064D040075
:107EA00008002B60FAF726FC431C00D070BD2B683D
:107EB000002BFBD02360F9E7FC1D002010B58307E1
:107EC0000AD00300032102E001330B4205D01A78E7
:107ED000002AF9D1181A10BD030019680C4A0D4C7C
:107EE0008A188A4322420FD15968094A04338A18F2
:107EF0008A43224208D15968054A04338A188A43C2
:107F00002242F1D000E001331A78002AFBD1E1E7E8
:107F1000FFFEFEFE80808080F0B5DE465746454677
:107F20004E461C000023E0B5A1B01C93BB4B82461B
:107F30001B680D00180008920793FFF7BFFF00228F
:107F4000002383462F0004920593B54A1B953B7886
:107F50002D2B02D8990051588F46002209920022F9
:107F60000A92302B00D1E5E01C002F2B01D800F045
:107F70007AFD0022AC4638000026190015000BE0FF
:107F8000013093009A181B90047852005218303A2E
:107F9000210001362F2C10DD392C5BDC082EEFDDA3
:107FA000AB005B1901305B001B905B180478303B21
:107FB0001D00210001362F2CEEDC904607995A4611
:107FC000A946654602F0ACFA002800D1BAE20D9647
:107FD000002300209C4610930B93002E00D027E135
:107FE0000A9B034300D09CE26346002B1ED1692C00
:107FF00001D100F0B2FC17DC492C01D100F0ADFC3E
:108000004E2C13D187491BA801F004FC00280DD089
:108010001B9B1B78282B01D100F052FE824802F0F6
:1080200075FA83460F007FE26E2CEBD0089B002B85
:1080300002D0089B1D6000239B460027584639004C
:1080400021B0F0BCBB46B246A946A046F0BD013700
:108050001B977CE7904607995A46A946654602F069
:108060005FFA00287AD11B9B5B441B931C78002E7F
:1080700001D000F07DFD302C01D000F06AFD01221E
:10808000D21A981801331B931C78302CF9D0230096
:10809000313B082B00D9B9E31B9B01269C463023BA
:1080A0005B429B46A3445B460793431C109300230B
:1080B00067460D934346079A9B00434490465B00F6
:1080C000434498460020634601331B9363465C7823
:1080D00021003039092900D937E31B9B01309C4628
:1080E00007910029EFD0109C731CA34683445C4683
:1080F0001A001094012801D100F0B0FC0A002C00F5
:1081000080198B4645464946A0469146013807E00E
:10811000AC0065196D00984201D100F096FC013366
:1081200032001E00082AF3D9102BF4DC8C006118F1
:108130004900F0E77B78203293437E1C582B01D115
:1081400000F05EFC37001B963B780136302BF9D0EF
:10815000002B00D1E5E101220A9205E7002300206F
:108160009C460D961093202322009A431300002270
:108170000B92452B00D030E733000A9A0343134398
:1081800000D153E71B9D6B1C1B936C782B2C01D1EA
:1081900000F024FC2D2C00D106E300239B46230095
:1081A000303B092B00D9FAE2302C06D11B9B01335E
:1081B0001B931C780133302CFAD000230B9323003F
:1081C000313B082B00D908E71B9A0133511C1B9146
:1081D0005478079222002F2C0DDC00F077FC9C00D5
:1081E000E4186400A4180A00230001311B9152789E
:1081F000303B2F2A01DD392AF1DD1400079A891A54
:10820000082901DC00F062FC084B0B935B46002B55
:1082100000D1E2E60B9B5B420B93DEE6FCC1001053
:1082200040BF00103CBF0010B0A700101F4E000060
:108230000B9B109A9B1A0C930D9B002B00D10D9653
:10824000B346102E01DD10239B464046FBF700FF8E
:1082500004900591092E15DD5A46BE4B093AD2000D
:108260009B181A685B68FBF77EFE040048460D0009
:10827000FBF7EEFE02000B0020002900FBF74CFE8E
:10828000049005910F2E00DD72E10C9B002B00D1B4
:108290005EE30C9B002B01DC00F0F3FB162B01DCF2
:1082A00000F05AFC25230C9A9B1B934201DB00F043
:1082B00071FC5B46F41A0C9B9C4664440F231A0025
:1082C000224023420AD0A349D2008918086849688D
:1082D000049A059BFBF747FE049005910F239C43EE
:1082E000231E00D0AAE200230793434639000093DF
:1082F000504633000D9A01F02BFC8046002800D137
:108300009DE30C99109B0B98CA171B1A1A40CB437C
:10831000DB17194000260023C3469946B04657464E
:108320000D9213915B463800596801F08BFB824631
:10833000002800D187E35B4659461B690C319A1C23
:1083400092000C30FCF71CFE049B059C19000B935B
:108350001EAB01931DAB00930A00230038000A9462
:1083600001F0ECFF1C90002800D1A9E101213800A8
:1083700001F090FC8146002800D164E31D9B002B96
:1083800000DABDE10D9A139C9D1807991E9A5B1A9D
:1083900036219B188A1A7049013B8B4200DB4EE163
:1083A000C91A521A1F2900DDC7E101238B400E9321
:1083B00000231193079BA4189C46AE182B0064441D
:1083C000B54200DD3300A34200DD2300002B02DDB7
:1083D000F61AE41AED1A0D9B002B00DD4CE1002E7D
:1083E00000DD64E10C9B002B00DD8DE1002C00DD45
:1083F00099E1002D08DD49462A00380001F0B8FD5A
:108400008146002800D11EE3524638001C9901F035
:1084100047FE8046002800D115E3C3684946109303
:108420000023C36001F022FE002801DA00F05DFCA9
:1084300000D1C5E34946404601F0ECFF802300220D
:10844000DB0504000D00FBF7DFFD002800D1FBE099
:10845000109B002B00D180E1059B00240E9300238C
:1084600011933E4B3D4D12933D4B0E9E1E403D4B96
:108470009E4200D19EE1079B002B28D0D423DB0431
:108480009E4224D8384A394B11981299FBF7BCFD0B
:10849000002818D011981299FBF71AFE002800D175
:1084A0000130FBF7D5FD0B001291109902001190DD
:1084B000002900D013E316928022120694466344EA
:1084C0001793169C179DD623DB04EB189D1B0B9866
:1084D0000A9901F0ABFE02000B0020002900FBF717
:1084E00042FD0B9A0A9BFBF717FD0C0004900591C7
:1084F000079B002B04D11A4B23409E4200D144E23B
:1085000038001C9901F0C6FA5146380001F0C2FA51
:108510004946380001F0BEFA4146380001F0BAFA87
:1085200000E7002300279B46089B002B01D01B9AE5
:108530001A60099B002B00D180E5802109067B1879
:108540001F007BE51B9B0D965B441B931C7800234F
:108550001093BDE5B8C2001002FCFFFF0000F03F21
:108560000000F07F0000E07F0000C0FFFFFFDF4160
:108570005B46F41A0C9B9C466444002C00DD9DE68F
:1085800000D1B0E60F231A006442224023420AD0F1
:1085900004980599D04BD2009A1853681268FBF7DB
:1085A000C4FC04900591241100D19CE61F2C3FDCF3
:1085B00010231A0022400792234201D05A33079316
:1085C00001220498059900239146C44D4A4622424F
:1085D00004D02A686B68FBF7C6FC012364100835D9
:1085E000002CF3D1002B01D004900591079B002BA8
:1085F00015D0049B059C6B236200520D21009B1A31
:10860000002B0CDD1F2B01DC00F0DCFB00200490B4
:10861000342B01DC00F022FCDC239B0405930022B8
:10862000049805990023FBF7E1FC002800D15CE6E3
:10863000222352461360002300279B4674E7002341
:10864000119301330E93B5E60022A54B20002900BB
:10865000FBF789FC0B001291109902001190002980
:1086600076D1149280221206944663441593059B9A
:10867000149C159D0E93F7E649461A00380001F048
:108680000BFC8146002800D1DDE101001C9A380076
:1086900001F030FB1090002800D1D4E138001C9983
:1086A00001F0F8F9109B1C93002E00DC9AE63200D2
:1086B00038001C9901F05CFC1C90002800D091E669
:1086C00053464646BA46D8460C9322235246136078
:1086D00000239B46834F0100504601F0DBF95046D2
:1086E0000C9901F0D7F94946504601F0D3F94146BB
:1086F000504601F0CFF93100504601F0CBF913E7B5
:10870000139A0D9DD41A40E651463800139A01F091
:10871000C3FB8246031E00D068E64646BA46D846EA
:108720001C980C93D1E751462200380001F020FC40
:108730008246031E00D05CE6EFE76B49CB1A0121AD
:108740009940012311910E9334E601239C460AE5DA
:10875000119A129B1492159389E70499059A00299E
:108760005BD10E9213035DD10022200029005F4BE4
:10877000FBF744FC002800D0FFE10022584B20000A
:108780002900FBF7F0FB802212060B00944663449D
:108790001190129118901993189C199D64E600236A
:1087A0001B950B93FFF719FC01239B46AB1C1B93F6
:1087B000AC78F4E44E4A0E9B9446634405930E94C1
:1087C0000F95049C059D2000290001F02FFD02005B
:1087D0000B000E980F99FBF7C6FB22002B00FBF74E
:1087E0009BFB404B434A049005910B40934220D998
:1087F0000A9A414B9A4203D10B9B013300D122E1EB
:108800003D4B059301235B42049379E600230D93CE
:108810001093013300269C46A5E4012900D143E1D1
:10882000059B0E9300231193304B0024334D12937C
:108830001AE6D4239B04CC18059459E69A225200D8
:10884000944200DDFBE024111F2B00DC94E204982D
:10885000059900229146013293464A46284BB1467B
:108860001D000793160000235A46224204D02A68AE
:108870006B68FBF778FB0123013664100835012C87
:10888000F2D132004E469146002B01D00490059162
:10889000174A059B9446634405934B46D900079BB2
:1088A0009C46049A059B614408684968FBF75BFB9A
:1088B0000C4B144A049005910B40934200D9BEE042
:1088C000114A934200D8CBE10B4B059301235B4245
:1088D00004930023079308E5B8C2001038C00010C5
:1088E0000000E03F0000F07FE2FBFFFF0000F03FF0
:1088F0000000B0FCFFFF9F7CFFFFEF7F0000F0BF98
:1089000090C200100000A07C0000907C012309931D
:108910007A1C1B927B78002B01D1FFF787FB170095
:10892000FFF71DFB00230993F2E7D2491E9B8C46FB
:10893000D14A04931F9B1A401D9B63441B051A4395
:108940000592230704D58023059A1B061A43059236
:10895000049B059C9B462700E6E5C8491BA800F040
:1089600059FF002801D1FFF761FB1B9BC449013B64
:108970001BA81B9300F04EFF002802D11B9B013364
:108980001B930023BF4F9B46CEE5119E129D3000E6
:108990002900FBF7C1FBFBF7B3FB02000B00300023
:1089A0002900FBF7B0FA049A109B24031343240B0D
:1089B00005000E00B44A1C4313D1B44BFBF71EFB59
:1089C000002800D19CE553464646BA46D8460C934B
:1089D0001C98049B059C9B4627007CE600239B4635
:1089E000E4E6AB4BFBF70AFB0028ECD12800310092
:1089F000A84AA94BFBF718FB002800D180E5E2E765
:108A0000099B029401931CAB009350461DABA34AF3
:108A10001BA900F019FC07231D00040005400342B8
:108A200000D17EE5062D74D1089B002B01D1FFF704
:108A300002FB1E60002300279B46FFF7FFFA22235C
:108A4000524613609DE7534667E65B4648460793E8
:108A500043468946A84601001D000232082E43DC29
:108A60001600FFF727FB5A463800079901F058FD1A
:108A7000002845D000230026994698460D93FFF71D
:108A8000A7FA0C9B163300DA72E504980599109B3F
:108A90000B9A9A1A824BD2009B181A685B68FBF7F4
:108AA00044FA83460F003FE5059B0E93002B00D050
:108AB000B8E653464646BA46D8460C932223524659
:108AC000136000231C989B461F0004E61A000B93BA
:108AD000744B9A4201DCFFF799FBFFF796FB119A62
:108AE000129B16921793ECE4102A4FDC4B469B0026
:108AF0004B4489465B00160000209944FFF7E3FAD7
:108B000000221B9B90465B441B9391461C78FFF709
:108B1000B2FA1C9A002A07D035211EA801F0AEFC3B
:108B200050461C9900F0B6FF052D00D909E75E4BB1
:108B3000AD005B599F465D4B059301235B42049357
:108B4000FFE6504B0593FCE61E9B04931F9B059389
:108B5000F7E60020FFF79BFA5149DB00C9180868C7
:108B60004968049A059BFBF7FEF983460F00DBE496
:108B700000230D961093FFF7ABFA00234C4C18938B
:108B8000199400231193444B129305E6160000201C
:108B9000FFF799FA0F23424C9E1BF1006118049ACB
:108BA000059B08684968FBF7DEF90C9B9E1BF600E5
:108BB000A61932687368FBF7D6F983460F00B3E451
:108BC00053460C930B9B4646D8469B46109BBA4691
:108BD0000A9F002B00D1BFE0049B059C354923036D
:108BE00022001B0B8B4200D1F4E01199002900D127
:108BF000BBE0049A059B1C0019421ED0109B5846EE
:108C00003900002B00D1BCE001F010FB079B002BCA
:108C10000BD06B236400640D1C1B002C05DD264D5E
:108C2000240500226319FBF79EF902000B00584649
:108C30003900FBF771F983460F00079B002B0DD01D
:108C4000584639001D4B0022FBF78DF9030083467F
:108C50000F000B4302D12223524613601C983AE5C1
:108C6000D42292040B009446634405930023079397
:108C7000FFF73BFB33040000FFFFEFFF30BF0010A6
:108C800034BF00100000F07F9535A094FFFFCF3F68
:108C9000FFFFDF3F35E5AF350000E03F10C00010BB
:108CA000B8C200101F4E0000F8BF0010FFFFFF7F8A
:108CB0000000E0BFFFFF0F000000F03F0000503950
:108CC0006C491EAA1BA800F0BBFD052801D0FFF7C8
:108CD000A5F91F9B684A1A431E9B05920493049BA7
:108CE000059C9B462700FFF71FFC53460499059AF5
:108CF0000C930B9B4646D8469B46109BBA460B43AB
:108D00000A9F9AD11400130397D15B4B1340D622CC
:108D1000D204934291D97369002B02D13369012B9C
:108D20008BDD31000122504601F022F94946060050
:108D300001F09CF9002800DC7FE7079B002B6ED038
:108D4000D6224D4BD2042340934268DCDC229204AD
:108D5000934200DD74E7B1E60499059A13031B0BF7
:108D600014000B4300D040E7E7E70E9A049B059CF4
:108D70001A4200D161E741E7002399463F4B079330
:108D800086E501F053FA079B002B56D06B23640055
:108D9000640D1C1B002C05DD394D240500226319D0
:108DA000FBF7E1F802000B0058463900FBF7ABF87F
:108DB0000022002383460F00FBF718F9002800D19A
:108DC0003EE77BE6012252429A40049B1340049303
:108DD000FFF725FC079B0499002B2BD0D420264BB2
:108DE000C0042340834225D86B201B0DC01A0123E9
:108DF0005B428340994200D0F7E6224B9A4235D03D
:108E000080211D4B49031A4013008C46634405938F
:108E100000230493049B059C9B4627000DE7164BFB
:108E20001C40194B9C46194B644423430593012372
:108E30005B42EEE701235B42DCE702000B00584691
:108E40003900FBF760F80022002383460F00FBF790
:108E5000CDF8002800D031E61C983CE44B239A1A48
:108E60004C3B934019400591FFF7D9FB4B1CC7D1F0
:108E70001C982AE424C000100000F07F90C200106B
:108E80000000F03FFFFFEF7F0000F0FFFFFF0F004B
:108E9000274BF0B5C64698460A000100404600B58B
:108EA000244B0068FFF738F802000B0005000C00A7
:108EB000FBF7BFF800282ED121002800FBF758F956
:108EC00047007F08061C1C49381CFBF75EFE002883
:108ED0001DD11949381CFBF74BFE002817D1012280
:108EE0006400640828002100144B5242FBF7A1F8EB
:108EF000002808D1012228002100104B5242FBF724
:108F000083F8002803D0434622221B681A60301CD5
:108F100080BCB846F0BD0A48002C05DA01F0FCFA26
:108F200080231B06C618F2E701F0F6FA061CEEE7EE
:108F3000C00C002004150020FFFF7F7FFFFFEF7FA4
:108F4000B0A70010F8B50C000500FEF795FF204F04
:108F5000BB685E6803239E431E4B341B9C466444DF
:108F6000240B013C113324039C4207DB0021280021
:108F7000FEF792FFBB689B19984204D02800FEF7C9
:108F800083FF0020F8BD28006142FEF785FF431CE7
:108F90000DD00122BB68361B16435E600E4B2800C5
:108FA0001A68141B1C60FEF76FFF0120EAE700211E
:108FB0002800FEF771FFBA68831A0F2BDEDD074920
:108FC0000968401A0449086001210B435360D5E742
:108FD000F0100020EF0F0000C8170020F814002048
:108FE000F0B5C64605000C0000B500294FD0FEF7CD
:108FF00043FF210008394C68012622000320B243B8
:109000008F187B688343624898468368BB426AD066
:1090100043467B6026421ED108239C460C6884444C
:10902000091B12198C6864454FD0CB68E3609C60C3
:109030004346FC186468344211D1BB68554C424425
:10904000A34200D17EE0FC68DC60A36001231343EF
:109050004B608A5006E0FC1864683442EDD0164339
:109060004E603A6080239B009A4213D25409D30881
:109070000122A2404468DB00224342601818836842
:10908000C8608B608160D9602800FEF7FDFE80BC5F
:10909000B846F0BD530A042B3ED894092600393453
:1090A0003836E40004192368083C03279C4242D068
:1090B0005868B843904202D99B689C42F8D1DC685A
:1090C000CC608B60A160D960DEE74346F818406849
:1090D000304257D1FB68B86842441643C360986079
:1090E0004E608A50D0E713004344264206D10A68F6
:1090F000891A8C689B18CA68E260946001221A433E
:109100004A60254A816012689A42BDD8234B2800E4
:109110001968FFF717FFB7E7142B07D9542B1AD894
:10912000140B26006F346E36E400BBE71E005C3380
:109130005B36DC00B6E70122B610B2404668324327
:109140004260BDE7D9609960CB608B600123134317
:109150004B608A5098E7AA246400A34205D8D40B38
:10916000260078347736E4009CE70D4CA34205D8FE
:10917000940C26007D347C36E40093E7FE247E26A2
:10918000A4008FE7330013434B603A607CE7C0468E
:10919000F0100020F8100020FC140020F817002028
:1091A00054050000F0B5D6464F4646460369C0B5A3
:1091B0009A464F11BB422DDD1F22050014001435C5
:1091C0009E000C40BB00A446AE19EB180A422AD000
:1091D000202202CB121B9046E1409E4216D9A9469E
:1091E00044461A68A2400A43494604C16246894679
:1091F00002CBD1409E42F3D85346DC1BA400043C72
:109200002C192160002919D0043417E02C00416189
:109210000029F9D10023036100234361E0BCBA4671
:10922000B146A846F0BD2A009E42F3D902CB02C245
:109230009E42FBD85346DC1BA4002C19631B9B10D9
:109240000361AC42EAD1E7E7F0B5DE464E4645465B
:109250005746E0B58BB00993B94B07901B68894618
:1092600018001C0093460593FEF728FEA446020052
:1092700062441300013B1B78049001934B461D6828
:10928000AA78302A00D016E202214942EB1C491B81
:109290001D00CF1801335A1E1278302AF8D0A94B7E
:1092A00098469B5C002B00D1F3E042462B780024CB
:1092B000D35C002292462E00002B05D042467378E4
:1092C0000136D35C002BF9D13000049A059901F0E6
:1092D00027F90390002857D0002C58D1002233786A
:1092E0000392202234009343502B59D04B461E60EA
:1092F0005346002B77D1631B013B0021072B03DD75
:1093000001315B10072BFBDC079800F09BFB8246CA
:10931000002800D170E2142353440893A54200D3DF
:10932000D5E102930023049A994601339B1A0693D0
:109330002B0000274D4699460DE0202F1DD03A0006
:109340000437414633783400CB5C0F210B40934007
:109350001D434C4555D9661E3378019A9342ECD192
:10936000069BF4184C45E8D32000049A059901F0B7
:10937000D7F80028EDD0202FE1D1029B002220C396
:10938000042700250293DCE7002C00D180E1202295
:10939000A41BA3000393337834009343502BA5D12F
:1093A00063782B2B00D163E12D2B00D1A3E00022A9
:1093B000611C4046C35C2600581E182896D84046BB
:1093C0004E1C4978103B415C081E5FD1002A00D03A
:1093D0005B42039A94469C44634603934B461E604B
:1093E0005346002B87D07B1E9F4105237F429F431E
:1093F000063738000BB0F0BCBB46B246A946A046C3
:10940000F0BDA9464A46029B484604C3089A9B1AE7
:1094100052469B1013615E0100F0F2FB5B461C6834
:10942000361AA6426BDC0025A64200DA22E15B4632
:10943000039A9B68934200DA40E15B46039A5B68BB
:10944000934243DD9E1AB44200DD7DE05A46D26865
:10945000022A00D175E1032A00D16DE1012A00D171
:1094600050E15146079800F015FB0023149A50274D
:109470001360BEE79900C9184900091840460B005F
:1094800071780136405C103B00289FD01928F1DD2F
:109490009CE7049C28002200059901F041F800286F
:1094A0006FD12300EA5C43469B5C2C19002B6AD0E9
:1094B0002500302A05D16B780135302BFBD0424690
:1094C000D35C5942594101278A46F4E60127002D11
:1094D0000AD05B46DB68022B5DD0032B5FD0012BEB
:1094E00000D1BBE010231F435246149B1A60099B16
:1094F000039A1A607DE70122A378A11C59E7361B65
:109500003100504600F0DAFF051E0FD01F21012365
:10951000701E01408B404211089992008A58012523
:109520001A4203D0012800DDDEE00225310050465A
:10953000FFF738FE039B9C46B4446346039376E7EB
:10954000FCC10010FCC00010771E002D00D0C3E04D
:10955000002F00D0C2E01F237A111F401E3BBB40EA
:10956000089992008A581A4201D002231D43310003
:109570005046FFF717FE5B465B680227A41B039368
:10958000A5E72C002A7820239A43502A00D1B4E082
:109590004B461C6027E70123159A9B1A1593159BD0
:1095A000002B9FD053461E69089DB3009946E818CA
:1095B00000212B00B44603E002C3984200D8C5E066
:1095C0001A68561CF8D001321A60022F00D1D1E07F
:1095D0001F231E0021272640234285D04B46EB182F
:1095E000043B186800F00CFB20239E1BB04200DBFC
:1095F0007AE753461A69002A00DCEAE053465046EF
:109600005B699200AA1818305B08824200D8E7E034
:109610002C0019000368DB070B4308C402C8490883
:109620008242F7D80B005146521A193A9208013279
:109630009200AA181360002B00D0D5E05146531BAE
:109640009B100B61AA4200D1C6E05B46039A9B685F
:1096500001320392934231DB212745E7AA0700D468
:1096600040E7089A1268154301922B429AD139E7D4
:10967000002241E7A61B51463200079800F078FC13
:10968000039B82469B1B0393142353440893CEE60B
:109690004246049BF118F35C0E00D25C002A00D114
:1096A0001FE6424673780136D25C002AF9D1891B45
:1096B0008A00039215E600270235F0E55146079827
:1096C00000F0E8F90023149AA327136091E6089BA1
:1096D00002930023994695E601253CE73900504660
:1096E00000F0ECFE050036E75046B11E00F0E6FE45
:1096F0000235002800D019E717E700230393013350
:109700009A464DE6B44200D0ABE6012C08D0504654
:10971000611E00F0D3FE002800D1A2E65B465B6824
:10972000099A62271360012352461361089A136055
:109730005246149B1A605CE6159A002A00D190E606
:10974000EEE7159A002A00D08BE6E9E75246664616
:1097500092686346964220DA51465A1C0A610121FA
:1097600004339B0053445960022F03D0964200DA21
:1097700041E72DE75B461B682227013BA34200D04F
:10978000B2E61F2362111C401E3BA34092005759B2
:109790001F407B425F412137A6E653465B6807982E
:1097A000591C00F04FF9804600281FD053465146FF
:1097B0001B690C319A1C92000C30FBF7E1FB5146FF
:1097C000079800F067F945464346C2461B691435C1
:1097D000C2E700235246136100235246536134E727
:1097E0002A002B60002B0DD0043227E700228421B1
:1097F000064B0748F8F79EFF0022DE21034B044882
:10980000F8F798FF52461361E6E7C04660C00010C3
:1098100074C0001030B5026808E013781D00413DA7
:10982000192D00D820330131A34206D10C78013222
:10983000002CF2D10260012030BD0020FCE7C046C0
:10984000F0B54546DE4657464E4690460A681F210B
:10985000E0B585B00090080053119B0010404344D0
:109860000190114200D092E01A001F1F131F9A4668
:10987000002352461360009B18684178002900D1EC
:109880009AE00023BC469B46604B3D0000245F46A7
:1098900000229946E34616E0202900D989E0974244
:1098A0000DDA654501D2072C56DD0824A84506D2FD
:1098B0002B1F00219C4617001D0000241960817891
:1098C0000130002911D04B465B5C002BE4D0013401
:1098D0000132082C39DC296809010F2633400B437B
:1098E0002B60817801300029EDD15F46002A63D0DA
:1098F000AC4501D9072C6EDDA8454BD242462B0062
:1099000002CB02C29F42FBD2791C6A1C0423914203
:109910005CD243441D00002308C5AF42FCD253462D
:109920001B68002B09D14346B84502D146E0BB4233
:1099300044D0043F3A68002AF9D0052005B0F0BCB5
:10994000BB46B246A946A046F0BDA845B7D2002105
:10995000043D01242960C0E708231C1BA400183320
:10996000191B02902E00080003942B68644694464D
:10997000039A716881400B43336073680436D340A7
:109980003360A642F5D362460298A4468DE71F00D5
:109990001A1D6BE7019B002BC1D02022019BD21A1C
:1099A00001235B42D3405246126813405246136073
:1099B000B7E75F46292905D00420BFE7012305202A
:1099C0003B60BBE7009B023018608FE77D1BAD0852
:1099D0000135AB009DE7082320261C1BA4002B6843
:1099E000361B1A003300280026006446AC461D00D2
:1099F00041680B00AB4013430A00F2400360426031
:109A000004308442F4D8654676E7C046FCC00010B6
:109A10007047C0467047C04682B000290AD0002A6D
:109A20000BD0002B0BD013780B601078431E98419D
:109A300002B0704701A9002AF3D10020F8E7022004
:109A40004042F5E7C36C70B504000D00002B0AD04E
:109A5000A8001B18186800280ED002681A6000239E
:109A60000361C36070BD21220421FDF7EFFE031ED8
:109A7000E064EDD10020F5E70126AE40721D012122
:109A800020009200FDF7E2FE0028F3D045608660DA
:109A9000E5E7C046002906D04B689A00C36C9B18C6
:109AA0001A680A6019607047F0B5C6461F00804604
:109AB000002300B50E000D6914310C680133200439
:109AC000000C5043240C5443C019070CE419000443
:109AD000270C000C2404241810C19D42EDDC002F3B
:109AE00008D0B368AB4209DD2B1D9B00F31801358C
:109AF0005F603561300080BCB846F0BD7368404699
:109B0000591CFFF79FFF041E17D0310033690C3139
:109B10009A1C92000C30FBF733FA73689A004346A4
:109B2000DB6C9B181A6832601E6026002B1D9B00A0
:109B3000F31801355F603561DCE70022B521024B87
:109B40000248F8F7F7FDC04660C0001010C20010D0
:109B5000F8B54746CE460600180080B50C00083020
:109B600009211F009046F9F76BFF092F3BDD012506
:109B700000216D000131A842FBDC3000FFF762FFDD
:109B8000011E32D0089B4361012303614346092B28
:109B900016DC092398460A3447450CDD4346E7198D
:109BA000FF1A23780A223000303BFFF77DFF013493
:109BB0000100BC42F5D10800C0BCB946B046F8BDB2
:109BC00009239946A1444D4644442B780A2230008B
:109BD000303BFFF769FF01350100A542F5D144464E
:109BE000083C4C44D8E70021C7E70022024B034859
:109BF000CE31F8F79FFDC04660C0001010C20010C3
:109C00000300020C0020002A01D11B0410301A0EA0
:109C100001D108301B021A0F01D104301B019A0F29
:109C200001D102309B00002B02DB01305B0000D52C
:109C300070472020FCE7C04603680200590707D0A0
:109C4000D9071ED4990720D55B080360012070470F
:109C50000020190401D11B0C1030FF21194201D141
:109C600008301B0A190701D104301B09990701D1DB
:109C700002309B08D90702D401305B0803D013607F
:109C8000E5E70020E3E72020E1E79B0803600220EE
:109C9000DDE7C046C36C70B504000D00002B0AD090
:109CA0005868002815D002685A600023C360013349
:109CB0004561036170BD21220421FDF7C7FD031E2C
:109CC000E064EDD1A0210022084B09484900F8F7D3
:109CD00031FD1C2201212000FDF7B8FD0028F1D044
:109CE0000123436001338360DFE7C04660C000109A
:109CF00010C20010F0B54E464546DE465746E0B568
:109D00000D6916698946140087B0B54204DB33003B
:109D10000C002E0091461D00A36877196168BB42B4
:109D200000DA0131FFF78EFE0590002800D1A7E090
:109D300014229446059B002263449B46BB005B446F
:109D40009A465B465146D34503D204C39942FCD898
:109D50008A4614239C46A444634604931423B60005
:109D60006644AD009C462B00E1444B440293994568
:109D70006ED204230393230015339E4200D27CE06D
:109D8000331B153B9B0801339B00B8460393019698
:109D900008E0000C31D104239C46029BE144E344DB
:109DA0004B4554D94B46186803041E0C002BF0D0C9
:109DB000019B5D4600279C46049C04CC2968130443
:109DC0001B0C73430804000C1B18D819130C7343A5
:109DD000090C020C5B189B1802041F0C120C1B04CC
:109DE000134308C5A445E8D8634601935B46039A2C
:109DF0009F504B461868000CCDD05B4600271B686F
:109E00005C4619003E00049D019A2F88090C4743C7
:109E10007F18BF191B0439041B0C0B43236008CDAA
:109E200061681B0C43430E04360C9B193F0CDB1975
:109E30001E0C0434AA42E8D801925A4603995350A2
:109E400004239C46029BE144E3444B45AAD8474681
:109E50005346002F03DC06E0013F002F03D0043BF4
:109E60001A68002AF8D0059B18001F6107B0F0BCE3
:109E7000BB46B246A946A046F0BDB846019691E75A
:109E80005E210022024B0348FF31F8F753FCC04625
:109E900060C0001010C20010F8B50323474614003C
:109EA000CE461A0080B50E0007002240234238D16A
:109EB000A41025D0BD6C002D3CD001239846002372
:109EC00099464346234208D1641019D028680028D7
:109ED0001BD0050043462342F6D02A00310038004B
:109EE000FFF708FF002E1AD0FA6C736894469B00A7
:109EF00063441A68641032601E600600002CE5D1CD
:109F00003000C0BCB946B046F8BD2A002900380070
:109F1000FFF7F0FE4B46286005000360DAE7060015
:109F2000D2E70F4B013A9200D2580023FFF7BCFD55
:109F30000600BDE701213800FFF784FD051E07D0AC
:109F4000084B4361012303610023B8640360B4E755
:109F5000A0210022044B05484900F8F7EBFBC0465E
:109F600080C300107102000060C0001010C2001019
:109F7000F0B50C0023694546DE4657464E469846E6
:109F8000E0B55711B84443465D1CA36883461600EC
:109F9000496883B09D4203DD01315B009D42FBDCDB
:109FA0005846FFF74FFD8446002853D01430030075
:109FB0000190002F0CDDBF003A00002114326244F2
:109FC00002C39342FCD1019B9946B9444B4601938D
:109FD0002269230091001F22100014333040814673
:109FE0005918324230D00132121A92460026019F8F
:109FF00048461A688240324304C7524640CBD64096
:10A000009942F5D8220015320423914204D30B1B48
:10A01000153B9B0801339B00019AD650002E00D0BF
:10A02000A846634642461A61636860469A005B46EA
:10A03000DB6C9B181A6822601C6003B0F0BCBB4646
:10A04000B246A946A046F0BD019804CB04C099428F
:10A05000FBD8E6E7DA210022024B0348FF31F8F78C
:10A0600069FBC04660C0001010C2001003690A6995
:10A0700030B50500981A934211D19200143514316D
:10A08000AB18891801E09D4209D2043B04391A68D3
:10A090000C68A242F7D0A24292410120104330BD89
:10A0A000F0B54E464546DE465746E0B50B69884654
:10A0B0001169914683B05C1A8B4200D095E0464608
:10A0C0008900143614327318521802E09E4200D3ED
:10A0D0008FE0043B043A1D6811688D42F6D000D22F
:10A0E0007EE043465968FFF7ADFC002800D18AE0C6
:10A0F00043461A69142343449C46C4601C004B46E3
:10A100001B6991009B0061449C4614234F469A466C
:10A11000143782445346BC448B46A24614266446F8
:10A1200000219446424680460193935901CF1D0475
:10A130002D0C691805042D0C4D1B010C40461B0C01
:10A140005B1A29145B182D0419142D0C1B042B43C6
:10A1500083510436BC42E8D86246A4464D461C00F2
:10A1600063464E465D1B153D15360023AD08B445CC
:10A1700000D3AB00019FB84604274344B44501D344
:10A180000135AF00019DBA44AC46BC44D34518D953
:10A19000654657465E4610CF23041B0C5B18191406
:10A1A000240C64181B0421141B0C24041C4310C52C
:10A1B000BE42F0D8310053460139CB1A9B089B00B0
:10A1C0006344002C04D1043B1968013A0029FAD0F9
:10A1D000026103B0F0BCBB46B246A946A046F0BD42
:10A1E00043460124C84699467BE7002CF8DB00244F
:10A1F00077E70021FFF726FC00280BD0012303613D
:10A2000000234361E5E790210022054B05488900C2
:10A21000F8F790FA0022024B03490248F8F78AFA4D
:10A2200060C0001010C20010320200000F4B194035
:10A230000F4B9C466144002904DD00220B001000F6
:10A24000190070474942002200230915132904DC34
:10A250008020000308410300F1E7143901201E2982
:10A2600002DC80200006C8400200E8E70000F07F22
:10A270000000C0FCF8B506004746CE460469143617
:10A28000A4003419231F1D6880B528000F009846CC
:10A29000FFF7B6FC20210A1A3A600A282EDD46454F
:10A2A00023D208235B429846A04443461F680B23F1
:10A2B0005B429C4684440B281CD063469D40C91ACF
:10A2C0003B00CB401C481D432843030046452FD28A
:10A2D0000C3C2068C84061468F4007433A0010009C
:10A2E0001900C0BCB946B046F8BD030000270B3BBF
:10A2F0000B2817D1104929430B00EFE72F00153920
:10A300000B1ADF400C49994639430B00002746459C
:10A3100003D24946083C2768CF40153085403D436D
:10A320002A00DCE79D400449002729430B00D5E7BC
:10A3300061468F40D2E7C0460000F03F70B5012172
:10A3400082B015001C00FFF77DFB061E4FD02303D3
:10A3500064001B0B640D02D080225203134301934F
:10A36000002D17D101A8FFF767FC019B0125736140
:10A37000012320303361002C24D0204B9C46069BC7
:10A38000644424181C603523181A079B1860300099
:10A3900002B070BD68460095FFF74EFC002822D041
:10A3A000019D20232A001B1A9A401300C540009AE1
:10A3B000019513437361B5616B1E9D410135356194
:10A3C000002CDAD10E4B9C46069B604418600D4B66
:10A3D000EB189B00F3185869FFF712FC6D01079BFF
:10A3E0002D1A1D60D3E7009B019D7361E3E70022F6
:10A3F000054B06490648F8F79DF9C046CDFBFFFF1F
:10A40000CEFBFFFFFFFFFF3F60C000100A0300000C
:10A4100010C20010F0B5CE46474680B585B08846DC
:10A4200002A98146FFF726FF04000D00404603A95C
:10A43000FFF720FF02000B0040464946006909690A
:10A4400000920193091A49018C4602980399401A17
:10A450000100614400290BDD09054F193D00200072
:10A460002900F9F762FD05B0C0BCB946B046F0BDA1
:10A4700009055B1A0193009A019BF0E7130001396B
:10A4800070B54C111169013414338900A4005918B6
:10A4900004198B420AD2050040CB40C59942FBD833
:10A4A0008B1A153B9B0801339B00C018844203D9CB
:10A4B000002308C08442FCD870BDC0460200036976
:10A4C00010B51432481183420ADA9B00D31803E016
:10A4D000043B1968002917D19342F9D8002010BD18
:10A4E00083420EDD1F231C000C400B4209D0830069
:10A4F000D31819680120E140A1401C688C42EED1BC
:10A50000EAE78300D318E7E70120E8E700200149E4
:10A510007047C0460000F87F004870470000C07FC9
:10A5200030B5002A26D003000B439B0724D1032A11
:10A5300022D9164D0BE0043A002A1BD0144C1C19EA
:10A540009C432C4216D104300431032A14D90368E9
:10A550000C68A342EFD004780D78AC4213D10123EC
:10A5600006E0C45CCD5CAC420DD10133934201D016
:10A57000002CF6D1002030BD04780D78A54202D120
:10A58000012AECD1F6E7601BF5E7C04680808080A9
:10A59000FFFEFEFE002909D0FF2A02D801200A7022
:10A5A00070478A23036001204042F9E70020F7E763
:10A5B000F8B5C0460000000001B40248844601BC62
:10A5C000604700BFE502002001B40248844601BC98
:10A5D000604700BF3102002001B40248844601BC3C
:10A5E000604700BF1D0B002001B40248844601BC37
:10A5F000604700BF6D06002001B40248844601BCDC
:10A60000604700BF1D0B002001B40248844601BC16
:10A61000604700BFC100002001B40248844601BC6D
:10A62000604700BFC901002001B40248844601BC54
:10A63000604700BF1D09002001B40248844601BCE8
:10A64000604700BF9501002001B40248844601BC68
:10A65000604700BF4508002001B40248844601BCA1
:10A66000604700BFE107002001B40248844601BCF6
:10A67000604700BFBD03002001B40248844601BC0E
:10A68000604700BFED07002001B40248844601BCCA
:08A69000604700BF990600209D
:10A698005369676E616C2047656E657261746F728D
:10A6A80020537461727465642E000000416D706CF3
:10A6B80069747564652073657420746F3A20252E5B
:10A6C8003266206D560A00004672657175656E63C4
:10A6D800792073657420746F3A20252E32662048DD
:10A6E8007A0A00004443204F6666736574207365D8
:10A6F8007420746F3A20252E3266206D560A0000A9
:10A7080075735F73696E63655F626F6F74203C3D3C
:10A7180020494E5436345F4D41580000433A2F507B
:10A72800726F6772616D2046696C65732F52617331
:10A738007062657272792050692F5069636F205377
:10A74800444B2076312E352E312F7069636F2D736F
:10A75800646B2F7372632F636F6D6D6F6E2F7069EB
:10A76800636F5F626173652F696E636C7564652FD3
:10A778007069636F2F74797065732E68000000002C
:10A7880057617665666F726D206368616E67656490
:10A7980020746F2025640A004B65792070726573F8
:10A7A8007365643A2025630A0000000075706461CF
:10A7B80074655F75735F73696E63655F626F6F74ED
:10A7C800000000004E6F207370696E6C6F636B73CE
:10A7D8002061726520617661696C61626C65000058
:10A7E80064656C7461203E3D202D3230343820265B
:10A7F800262064656C7461203C3D2032303436205C
:10A80800262620212864656C7461202620312900C1
:10A81800433A2F50726F6772616D2046696C657399
:10A828002F5261737062657272792050692F506976
:10A83800636F2053444B2076312E352E312F7069AB
:10A84800636F2D73646B2F7372632F7270325F6343
:10A858006F6D6D6F6E2F68617264776172655F6985
:10A8680072712F6972712E630000000021286465DF
:10A878006C7461203E3E2031317529006375727217
:10A88800656E74203D3D205F5F756E68616E646C17
:10A8980065645F757365725F697271207C7C206383
:10A8A800757272656E74203D3D2068616E646C65DA
:10A8B800720000006972715F68616E6465725F633F
:10A8C8006861696E5F667265655F736C6F745F68F7
:10A8D800656164203E3D20300000000076746162AE
:10A8E8006C655F68616E646C6572203D3D205F5FDA
:10A8F800756E68616E646C65645F757365725F69B7
:10A9080072710000212828282875696E7470747285
:10A918005F7429767461626C655F68616E646C65EA
:10A928007229202D20282875696E747074725F74DE
:10A93800296972715F68616E646C65725F636861D2
:10A94800696E5F736C6F747329202D20312925730C
:10A95800697A656F66287374727563742069727199
:10A968005F68616E646C65725F636861696E5F736E
:10A978006C6F74292900000030783163203D3D2038
:10A98800282A696E7374293E3E3131750000000033
:10A9980021657863657074696F6E207C7C206578AA
:10A9A80063657074696F6E203D3D206E756D202B58
:10A9B80020565441424C455F46495253545F4952D0
:10A9C8005100000066616C736500000069735F7375
:10A9D80068617265645F6972715F7261775F6861EF
:10A9E8006E646C657228736C6F745F68616E646CFA
:10A9F80065722900657863657074696F6E00000080
:10AA0800666F756E640000004E6F20757365722066
:10AA1800495251732061726520617661696C616287
:10AA28006C6500006972715F6164645F7461696C70
:10AA38005F746F5F667265655F6C697374000000B0
:10AA4800696E736572745F6272616E63685F616E6E
:10AA5800645F6C696E6B00006972715F72656D6F1F
:10AA680076655F68616E646C657200006D616B6528
:10AA78005F6272616E6368007265736F6C76655FA2
:10AA88006272616E636800006972715F6164645F1D
:10AA98007368617265645F68616E646C65720000FA
:10AAA8006972715F7365745F6578636C75736976D5
:10AAB800655F68616E646C6572000000746F746134
:10AAC8006C000000433A2F50726F6772616D204628
:10AAD800696C65732F526173706265727279205068
:10AAE800692F5069636F2053444B2076312E352EE1
:10AAF800312F7069636F2D73646B2F7372632F63CB
:10AB08006F6D6D6F6E2F7069636F5F73796E632FF2
:10AB18006D757465782E63006D74782D3E636F7261
:10AB2800652E7370696E5F6C6F636B006C6F636B1F
:10AB38005F69735F6F776E65725F69645F76616C7A
:10AB48006964286D74782D3E6F776E6572290000F0
:10AB58006D74782D3E656E7465725F636F756E7483
:10AB6800000000006D757465785F65786974000091
:10AB78006D757465785F656E7465725F626C6F631E
:10AB88006B5F756E74696C007570646174655F7570
:10AB9800735F73696E63655F626F6F7400000000B6
:10ABA80072742D3E616C61726D5F6964203D3D2059
:10ABB80069640000433A2F50726F6772616D2046D6
:10ABC800696C65732F526173706265727279205077
:10ABD800692F5069636F2053444B2076312E352EF0
:10ABE800312F7069636F2D73646B2F7372632F63DA
:10ABF8006F6D6D6F6E2F7069636F5F74696D652F10
:10AC080074696D652E6300006964202626206964D6
:10AC1800203C3D20706F6F6C2D3E686561702D3E45
:10AC28006D61785F6E6F646573000000696420264B
:10AC380026206964203C3D20686561702D3E6D6169
:10AC4800785F6E6F64657300433A2F50726F677256
:10AC5800616D2046696C65732F526173706265720D
:10AC680072792050692F5069636F2053444B2076C6
:10AC7800312E352E312F7069636F2D73646B2F73EE
:10AC880072632F636F6D6D6F6E2F7069636F5F7581
:10AC980074696C2F696E636C7564652F7069636F76
:10ACA8002F7574696C2F70686561702E68000000DC
:10ACB800706172656E745F69640000006368696C36
:10ACC800645F696400000000706172656E745F699A
:10ACD8006420213D206368696C645F69640000003A
:10ACE8002170685F636F6E7461696E735F6E6F6405
:10ACF8006528706F6F6C2D3E686561702C207265D9
:10AD08007573655F6964290072656D6F7665645F48
:10AD18006964203D3D206E6578745F6964000000B9
:10AD280063616C6C6261636B00000000706F6F6C34
:10AD38002D3E616C61726D5F696E5F70726F6772D4
:10AD4800657373203D3D206D616B655F7075626C46
:10AD580069635F69642869645F686967682C206E45
:10AD68006578745F6964290069642026262021704B
:10AD7800685F636F6E7461696E735F6E6F64652878
:10AD8800686561702C20696429000000216865618C
:10AD9800702D3E667265655F7461696C5F696400F9
:10ADA80064656661756C745F616C61726D5F706F0C
:10ADB8006F6C5F696E697469616C697A656428296A
:10ADC80000000000616C61726D5F696420213D20A4
:10ADD800706F6F6C2D3E616C61726D5F696E5F7034
:10ADE800726F67726573730072630000616C6172E1
:10ADF8006D5F706F6F6C5F63616E63656C5F616CD4
:10AE080061726D007570646174655F75735F7369F5
:10AE18006E63655F626F6F7400000000616C617241
:10AE28006D5F706F6F6C5F616C61726D5F63616C99
:10AE38006C6261636B0000006765745F656E7472B5
:10AE480079000000616C61726D5F706F6F6C5F6795
:10AE580065745F64656661756C7400006765745F2E
:10AE6800656E7472795F69645F686967680000007D
:10AE780070685F667265655F6E6F646500000000EC
:10AE880070685F6164645F6368696C645F6E6F6457
:10AE98006500000070685F696E736572745F6E6F3D
:10AEA8006465000070685F6765745F6E6F64650055
:10AEB8006164645F616C61726D5F756E6465725F19
:10AEC8006C6F636B000000004861726477617265A3
:10AED80020616C61726D20256420616C726561640B
:10AEE8007920636C61696D656400000074696D6543
:10AEF800725F68772D3E696E747320262031752045
:10AF08003C3C20616C61726D5F6E756D00000000E5
:10AF1800433A2F50726F6772616D2046696C657392
:10AF28002F5261737062657272792050692F50696F
:10AF3800636F2053444B2076312E352E312F7069A4
:10AF4800636F2D73646B2F7372632F7270325F633C
:10AF58006F6D6D6F6E2F68617264776172655F7473
:10AF6800696D65722F74696D65722E63000000004B
:10AF780068617264776172655F616C61726D5F733D
:10AF880065745F746172676574000000726F6F7436
:10AF98005F696400433A2F50726F6772616D204693
:10AFA800696C65732F526173706265727279205093
:10AFB800692F5069636F2053444B2076312E352E0C
:10AFC800312F7069636F2D73646B2F7372632F63F6
:10AFD8006F6D6D6F6E2F7069636F5F7574696C2F1D
:10AFE80070686561702E63002170685F6765745FC3
:10AFF8006E6F646528686561702C20726F6F745F6E
:10B008006964292D3E7369626C696E6700000000EF
:10B018002170685F6765745F6E6F64652868656135
:10B02800702C20726F6F745F6964292D3E70617295
:10B03800656E74006E65775F7375625F74726565BF
:10B0480020213D20686561702D3E726F6F745F69C5
:10B058006400000070685F72656D6F76655F616E91
:10B06800645F667265655F6E6F64650070685F72C5
:10B07800656D6F76655F616E795F68656164000014
:10B0880070685F6164645F6368696C645F6E6F6455
:10B098006500000070685F6765745F6E6F646500C7
:10B0A8007372635F66726571203E3D2066726571DA
:10B0B80000000000433A2F50726F6772616D20469E
:10B0C800696C65732F526173706265727279205072
:10B0D800692F5069636F2053444B2076312E352EEB
:10B0E800312F7069636F2D73646B2F7372632F72C6
:10B0F80070325F636F6D6D6F6E2F68617264776118
:10B1080072655F636C6F636B732F636C6F636B73D4
:10B118002E630000636C6F636B5F636F6E666967B5
:10B128007572650076636F5F66726571203E3D20BB
:10B13800285049434F5F504C4C5F56434F5F4D4931
:10B148004E5F465245515F4B485A202A204B485A79
:10B15800292026262076636F5F66726571203C3D44
:10B1680020285049434F5F504C4C5F56434F5F4D2A
:10B1780041585F465245515F4B485A202A204B4858
:10B188005A290000433A2F50726F6772616D20464A
:10B19800696C65732F5261737062657272792050A1
:10B1A800692F5069636F2053444B2076312E352E1A
:10B1B800312F7069636F2D73646B2F7372632F72F5
:10B1C80070325F636F6D6D6F6E2F68617264776147
:10B1D80072655F706C6C2F706C6C2E6300000000E1
:10B1E8006662646976203E3D203136202626206638
:10B1F80062646976203C3D203332300028706F73DA
:10B20800745F64697631203E3D2031202626207007
:10B218006F73745F64697631203C3D20372920269E
:10B22800262028706F73745F64697632203E3D2053
:10B238003120262620706F73745F64697632203C53
:10B248003D203729000000007265665F66726571EF
:10B25800203C3D202876636F5F66726571202F2041
:10B2680031362900706C6C5F696E697400000000EB
:10B278002C2066756E6374696F6E3A2000000000BA
:10B28800617373657274696F6E202225732220665C
:10B2980061696C65643A2066696C652022257322B1
:10B2A8002C206C696E65202564257325730A0000BF
:10B2B80031203D3D202875696E747074725F742961
:10B2C8006C2D3E7370696E5F6C6F636B00000000DD
:10B2D800433A2F50726F6772616D2046696C6573CF
:10B2E8002F5261737062657272792050692F5069AC
:10B2F800636F2053444B2076312E352E312F7069E1
:10B30800636F2D73646B2F7372632F7270325F6378
:10B318006F6D6D6F6E2F7069636F5F72756E746994
:10B328006D652F72756E74696D652E63000000007F
:10B338000A2A2A2A2050414E4943202A2A2A0A004A
:10B348000A00000072756E74696D655F696E6974D4
:10B3580000000000666E6900666E692B0000000040
:10B368006E616E00666E692D0000000042340010A8
:10B37800F2330010F23300104C340010F233001096
:10B38800F2330010F2330010F2330010F2330010E1
:10B39800F2330010F233001038340010F23300108A
:10B3A8002E340010F2330010F23300102434001051
:10B3B800E43400100A350010223500100A35001058
:10B3C800C43400100A3500100A3500100A35001080
:10B3D8000A3500100A3500100A3500100A35001029
:10B3E800003500100A3500100A3500100A35001023
:10B3F8000A3500100A3500102E3500105E3900108D
:10B408007439001074390010743900107439001040
:10B418007439001074390010743900107439001030
:10B428007439001074390010743900107439001020
:10B438007439001074390010743900107439001010
:10B448007439001074390010743900107439001000
:10B4580074390010743900107439001074390010F0
:10B4680074390010743900107439001074390010E0
:10B4780074390010743900107439001086370010C0
:10B4880046370010863700107439001074390010E0
:10B4980074390010743900107439001074390010B0
:10B4A80074390010743900107439001074390010A0
:10B4B8007439001074390010743900107439001090
:10B4C80074390010743900103A35001074390010BE
:10B4D8007439001074390010743900107439001070
:10B4E8007439001074390010743900107439001060
:10B4F8003A350010D63700103A350010863700105C
:10B508004637001086370010743900103A3500109D
:10B51800743900107439001074390010743900102F
:10B52800743900103A3500102839001074390010A9
:10B53800743900104E380010743900103A35001074
:10B5480074390010743900103A35001000000000FA
:10B55800000000000000F03F000000000000244050
:10B5680000000000000059400000000000408F402B
:10B57800000000000088C34000000000006AF84096
:10B588000000000080842E4100000000D0126341BA
:10B598000000000084D797410000000065CDCD4130
:10B5A8002A282875696E74385F74202A29726F6D8D
:10B5B8005F646174615F6C6F6F6B757028726F6D1B
:10B5C8005F7461626C655F636F6465282753272C1D
:10B5D8002027462729292D3229202A2034203E3D9C
:10B5E8002053465F5441424C455F56325F53495A97
:10B5F80045000000433A2F50726F6772616D204614
:10B60800696C65732F52617370626572727920502C
:10B61800692F5069636F2053444B2076312E352EA5
:10B62800312F7069636F2D73646B2F7372632F7280
:10B6380070325F636F6D6D6F6E2F7069636F5F64DB
:10B648006F75626C652F646F75626C655F696E6992
:10B65800745F726F6D2E63005F5F61656162695F21
:10B66800646F75626C655F696E6974002A28287555
:10B67800696E74385F74202A29726F6D5F74616215
:10B688006C652D3229202A2034203E3D2053465F08
:10B698005441424C455F56325F53495A45000000B9
:10B6A800433A2F50726F6772616D2046696C6573FB
:10B6B8002F5261737062657272792050692F5069D8
:10B6C800636F2053444B2076312E352E312F70690D
:10B6D800636F2D73646B2F7372632F7270325F63A5
:10B6E8006F6D6D6F6E2F7069636F5F666C6F6174DD
:10B6F8002F666C6F61745F696E69745F726F6D2E0F
:10B70800630000005F5F61656162695F666C6F611D
:10B71800745F696E697400004465627567000000B3
:10B72800626F6F74325F77323571303830000000E5
:10B73800312E352E310000007069636F0000000063
:10B748006D61696E0000000041707220323920324C
:10B758003032340006005250BBFF3CB640B70010F0
:10B7680006005250E182887F28B700100600525028
:10B77800D3F0754220B700107570646174655F7509
:10B78800735F73696E63655F626F6F7400000000BA
:10B798000D0A00005152001055520010615200105D
:10B7A800B15200109552001000000000433A2F508B
:10B7B800726F6772616D2046696C65732F52617391
:10B7C8007062657272792050692F5069636F2053D7
:10B7D800444B2076312E352E312F7069636F2D73CF
:10B7E800646B2F7372632F7270325F636F6D6D6F4E
:10B7F8006E2F7069636F5F737464696F5F757362CE
:10B808002F737464696F5F7573622E6300000000A4
:10B8180055534220737464696E202F207374646FCB
:10B82800757400000600525053B4F4A118B8001003
:10B83800737464696F5F7573625F696E6974000021
:10B848007570646174655F75735F73696E63655F56
:10B85800626F6F74000000005261737062657272EB
:10B8680079205069000000005069636F00000000F3
:10B87800426F61726420434443000000526573655F
:10B888007400000009025400030100807D080B00C9
:10B89800020202000009040000010202000405245B
:10B8A80000200105240100010424020205240600E9
:10B8B800010705810308001009040100020A0000BD
:10B8C8000007050202400000070582024000000947
:10B8D80004020000FF00010512010002EF0201400E
:10B8E8008A2E0A0000010102030100000000000086
:10B8F80060B8001070B800107024002078B80010EC
:10B9080084B800106C656E203E203000433A2F50FA
:10B91800726F6772616D2046696C65732F5261732F
:10B928007062657272792050692F5069636F205375
:10B93800444B2076312E352E312F7069636F2D736D
:10B94800646B2F7372632F7270325F636F6D6D6FEC
:10B958006E2F7069636F5F756E697175655F696475
:10B968002F756E697175655F69642E63000000004C
:10B978007069636F5F6765745F756E697175655F20
:10B98800626F6172645F69645F737472696E670085
:10B99800666C6173685F6F666673202B20636F75D2
:10B9A8006E74203C3D205049434F5F464C415348FC
:10B9B8005F53495A455F425954455300433A2F5003
:10B9C800726F6772616D2046696C65732F5261737F
:10B9D8007062657272792050692F5069636F2053C5
:10B9E800444B2076312E352E312F7069636F2D73BD
:10B9F800646B2F7372632F7270325F636F6D6D6F3C
:10BA08006E2F68617264776172655F666C617368D6
:10BA18002F666C6173682E6300000000636F6E6EA2
:10BA28006563745F696E7465726E616C5F666C6184
:10BA3800736820262620666C6173685F6578697470
:10BA48005F78697020262620666C6173685F726172
:10BA58006E67655F657261736520262620666C6176
:10BA680073685F666C7573685F636163686500001F
:10BA7800636F6E6E6563745F696E7465726E616C18
:10BA88005F666C61736820262620666C6173685F48
:10BA9800657869745F78697020262620666C617302
:10BAA800685F72616E67655F70726F6772616D2043
:10BAB800262620666C6173685F666C7573685F63C1
:10BAC8006163686500000000636F6E6E6563745F94
:10BAD800696E7465726E616C5F666C61736820264E
:10BAE8002620666C6173685F657869745F78697031
:10BAF80020262620666C6173685F666C7573685FC4
:10BB08006361636865000000666C6173685F646FF9
:10BB18005F636D6400000000282875696E74707496
:10BB2800725F7420296E6578745F627566666572E7
:10BB38005F707472202620306231313131313175B5
:10BB480029203D3D20300000433A2F50726F677224
:10BB5800616D2046696C65732F52617370626572FE
:10BB680072792050692F5069636F2053444B2076B7
:10BB7800312E352E312F7069636F2D73646B2F6CE6
:10BB880069622F74696E797573622F7372632F708F
:10BB98006F727461626C652F726173706265727224
:10BBA8007970692F7270323034302F6463645F7239
:10BBB80070323034302E630068775F646174615F7F
:10BBC8006F6666736574286E6578745F62756666FD
:10BBD80065725F70747229203C3D205553425F4462
:10BBE8005052414D5F4D415800000000556E68614C
:10BBF8006E646C65642049525120307825780A00BB
:10BC08007268706F7274203D3D2030006463645F19
:10BC1800656470745F786665720000006463645FD1
:10BC2800656470745F6F70656E0000006463645FC4
:10BC38007365745F61646472657373006463645FE1
:10BC4800696E745F656E61626C6500005F68775F3E
:10BC5800656E64706F696E745F616C6C6F63000011
:10BC68006463645F696E697400000000212862756E
:10BC7800665F6374726C2026205553425F425546B6
:10BC88005F4354524C5F46554C4C2900433A2F5061
:10BC9800726F6772616D2046696C65732F526173AC
:10BCA8007062657272792050692F5069636F2053F2
:10BCB800444B2076312E352E312F7069636F2D73EA
:10BCC800646B2F6C69622F74696E797573622F7358
:10BCD80072632F706F727461626C652F726173701A
:10BCE800626572727970692F7270323034302F72D7
:10BCF80070323034305F7573622E63006275665F30
:10BD08006374726C2026205553425F4255465F4348
:10BD180054524C5F46554C4C00000000657020257D
:10BD2800642025732077617320616C726561647982
:10BD380020617661696C61626C65000043616E2701
:10BD48007420636F6E74696E7565207866657220FD
:10BD58006F6E20696E616374697665206570202551
:10BD680064202573000000006F757400696E000080
:10BD780073796E635F65705F6275666665720000F1
:10BD8800505F0010B65E0010E85E00101A5F0010E9
:10BD9800505F0010505F0010365F0010E85E001022
:10BDA800505F0010505F0010505F0010505F00108F
:10BDB800505F0010505F0010505F0010C85E001008
:10BDC800506400102A640010F66500100464001026
:10BDD800F665001078630010FA630010F66500102D
:10BDE80094630010AC6300104E66001040660010AB
:10BDF800966600104E6600107A6700109A67001069
:10BE0800AA660010F6660010B2670010D16B001029
:10BE18008D6C0010D16C00109D6D0010D16E00105B
:10BE2800000000000020202020202020202028289A
:10BE380028282820202020202020202020202020E2
:10BE48002020202020881010101010101010101022
:10BE58001010101010040404040404040404041052
:10BE680010101010101041414141414101010101E0
:10BE780001010101010101010101010101010101AA
:10BE880010101010101042424242424202020202B6
:10BE9800020202020202020202020202020202027A
:10BEA800101010102000000000000000000000002A
:10BEB800000000000000000000000000000000007A
:10BEC800000000000000000000000000000000006A
:10BED800000000000000000000000000000000005A
:10BEE800000000000000000000000000000000004A
:10BEF800000000000000000000000000000000003A
:10BF08000000000000000000000000000000000029
:10BF18000000000000000000000000000000000019
:10BF280000000000000000006E660000696E697481
:10BF380079000000616E00002C8000105A7F00100C
:10BF48005A7F00105A7F00105A7F00105A7F001045
:10BF58005A7F00105A7F00105A7F00104E80001040
:10BF68004E8000104E8000104E8000104E80001051
:10BF78005A7F00105A7F00105A7F00105A7F001015
:10BF88005A7F00105A7F00105A7F00105A7F001005
:10BF98005A7F00105A7F00105A7F00105A7F0010F5
:10BFA8005A7F00105A7F00105A7F00105A7F0010E5
:10BFB8005A7F00105A7F00104E8000105A7F0010E0
:10BFC8005A7F00105A7F00105A7F00105A7F0010C5
:10BFD8005A7F00105A7F00105A7F00105A7F0010B5
:10BFE8005A7F0010248900105A7F00100C89001015
:10BFF800428900102A890010488B0010428B0010DB
:10C00800368B00102A89001035000000CEFBFFFF98
:10C01800CB03000001000000000000003400000015
:10C02800CEFBFFFFCB030000010000000000000072
:10C03800BC89D897B2D29C3C33A7A8D523F64939F6
:10C048003DA7F444FD0FA5329D978CCF08BA5B2518
:10C05800436FAC642806681142616C6C6F6320738F
:10C068007563636565646564000000002F6D6E7418
:10C078002F776F726B73706163652F776F726B7355
:10C08800706163652F4743432D31302D70697065AA
:10C098006C696E652F6A656E6B696E732D474343D5
:10C0A8002D31302D706970656C696E652D333338AC
:10C0B8005F32303231313031385F313633343531F7
:10C0C800363230332F7372632F6E65776C69622F47
:10C0D8006E65776C69622F6C6962632F7374646C28
:10C0E80069622F6764746F612D6765746865782E5F
:10C0F80063000000000000000000000000000000D5
:10C108000000000000000000000000000000000027
:10C118000000000000000000000000000000000017
:10C12800000000001011121314151617181900003A
:10C1380000000000001A1B1C1D1E1F00000000004C
:10C1480000000000000000000000000000000000E7
:10C1580000000000001A1B1C1D1E1F00000000002C
:10C1680000000000000000000000000000000000C7
:10C1780000000000000000000000000000000000B7
:10C1880000000000000000000000000000000000A7
:10C198000000000000000000000000000000000097
:10C1A8000000000000000000000000000000000087
:10C1B8000000000000000000000000000000000077
:10C1C8000000000000000000000000000000000067
:10C1D8000000000000000000000000000000000057
:10C1E8000000000000000000000000000000000047
:10C1F80000000000B0A60010B0A700100015002035
:10C20800504F5349580000002F6D6E742F776F728E
:10C218006B73706163652F776F726B7370616365A1
:10C228002F4743432D31302D706970656C696E65F9
:10C238002F6A656E6B696E732D4743432D31302D20
:10C24800706970656C696E652D3333385F323032D2
:10C2580031313031385F313633343531363230337D
:10C268002F7372632F6E65776C69622F6E65776CBA
:10C2780069622F6C6962632F7374646C69622F6DD5
:10C28800707265632E6300000080E03779C3414314
:10C29800176E05B5B5B89346F5F93FE9034F384D24
:10C2A800321D30F94877825A3CBF737FDD4F1575D0
:10C2B800000000000000F03F0000000000002440E3
:10C2C80000000000000059400000000000408F40BE
:10C2D800000000000088C34000000000006AF84029
:10C2E8000000000080842E4100000000D01263414D
:10C2F8000000000084D797410000000065CDCD41C3
:10C30800000000205FA00242000000E876483742A3
:10C31800000000A2941A6D42000040E59C30A24241
:10C328000000901EC4BCD64200003426F56B0C43B6
:10C338000080E03779C3414300A0D885573476435D
:10C3480000C84E676DC1AB43003D9160E458E143BE
:10C35800408CB5781DAF154450EFE2D6E41A4B4433
:10C3680092D54D06CFF08044F64AE1C7022DB54478
:10C37800B49DD9794378EA4405000000190000000B
:04C388007D00000034
:10C38C00AC020010A0020010940200105CB7001068
:10C39C008802001068B7001074B700102CB8001099
:10C3AC0003000068EFF3108C72B60268002AFCD010
:10C3BC00BFF35F8F04229A56002A0BDB002910D0A2
:10C3CC000A6000201B68BFF35F8F00221A608CF399
:10C3DC0010887047D0221206127852B21A710120BE
:10C3EC00F0E70020EEE70000F8B5CE46474680B5F2
:10C3FC000400170098460368002B20D0D0231B069E
:10C40C001B785BB299462668EFF3108C72B63568D0
:10C41C00002DFCD0BFF35F8F04256557002D14DB76
:10C42C002368BFF35F8F00221A608CF310883800EA
:10C43C00414600F01DFD0028E5D000200FE00A4B1E
:10C44C000A4A85210A4800F003FD4B4623712368F4
:10C45C00BFF35F8F00221A608CF310880120C0BCE0
:10C46C00B946B046F8BDC04620AB001078AB001002
:10C47C00CCAA001070B582B0060015001C0001A9F2
:10C48C00FFF78EFF002807D1019B5BB2D02212066A
:10C49C00127852B2934201D102B070BD2A0023002F
:10C4AC003000FFF7A1FFF7E7F8B506000F0000F02A
:10C4BC00AFFC04000D1E12DBFA22920000233800A0
:10C4CC00002100F0BDFC22002B0012184B41002B68
:10C4DC000BDB002B0DDB3000FFF786FFF8BD084BA4
:10C4EC00084A3F21084800F0B3FC01225242074B96
:10C4FC00EFE7034B034A3F21034800F0A9FCC04679
:10C50C0008A7001090AB001024A70010FFFFFF7FBE
:10C51C0010B50268EFF3108172B61368002BFCD0D3
:10C52C00BFF35F8F0423C356002B0ADBFF23037179
:10C53C000368BFF35F8F00221A6081F3108840BF3D
:10C54C0010BD034B034AB421034800F081FCC046E4
:10C55C0034AB00106CAB0010CCAA0010094B1B784C
:10C56C00002B08D00CE09A0080214905511808686E
:10C57C000549505001333F2BF5DD024B01221A7057
:10C58C007047C04683240020501C002010B5024B7D
:10C59C000133984710BDC046501C002000280AD01B
:10C5AC0003231B02054A12685340C0229200134019
:10C5BC00034A136070470223F3E7C0460C80014026
:10C5CC000C900140F0B5D6464F464646C0B5070024
:10C5DC000E00150018239A461B88142290461088CA
:10C5EC0028499847814653461B884246108826495D
:10C5FC009847040053461B884246108823499847A5
:10C60C0080464B46002B0CD0002C0AD0002808D0BA
:10C61C00FFF7A4FFC847A0470020FFF7BFFF2A0081
:10C62C000FE01B4B1B4A80211B4800F011FC002B18
:10C63C0007D0002A05D0C0235B051B6E3370013A6E
:10C64C0001362B00134312D0C0235B059C6A0823D0
:10C65C002340A107EBD5002DE9D0511B0D29E6D8BD
:10C66C003878C02149050866013D0137DFE7012014
:10C67C00FFF794FFC047FFF789FFE0BCBA46B1460D
:10C68C00A846F0BD4946000045580000464300004E
:10C69C00D0BA001010BB0010C4B9001010B50023A4
:10C6AC0008E00133DA000021084811508446624446
:10C6BC005160DBB20E2BF4D9F02292000021044819
:10C6CC0000F0AEFB034B044A1A6010BD0000105082
:10C6DC00481E00202422002080011050F0B5CE46C8
:10C6EC00474680B585B0234B9F6D0024012603E09F
:10C6FC00B74376000134E4B2002F36D01F2C34D867
:10C70C003E42F6D01C4B9E6563089946012363405C
:10C71C0001221A4090464B465D0045446D01174B73
:10C72C00ED18280000F042FA0028E1D04B465B00DF
:10C73C0043445B01114AD3189A789146DB8A984698
:10C74C000C22002101A800F06BFB07236A465371F1
:10C75C006B464A461A7243460393012101A800F026
:10C76C004DFA280000F0ACF9C2E705B0C0BCB946E0
:10C77C00B046F0BD0000115000301150081E0020D2
:10C78C00F0B585B0684A9823D55880239B022C00BD
:10C79C001C401D424AD0654B9A6A654B1A600024B6
:10C7AC00002609E0634B99183C3100230B7000F014
:10C7BC00B9F93E000134E4B20F2C17D8A2011000D5
:10C7CC0020305C4BC0189B183B331B78022BF1D1EB
:10C7DC00584B9B183A331F78002FEBD0554B9B18B6
:10C7EC003C331B78002BDDD13E00E3E7002E08D153
:10C7FC00514B1B78002B04D1504A90338021890275
:10C80C00D150494B9C6C6405640D0C22002101A88D
:10C81C0000F006FB00236A46137103335371029434
:10C82C00012101A800F0EAF98024A402EB0609D446
:10C83C00EB0329D580235B021C4301AB404A1A80D1
:10C84C0000260BE010231C43FFF748FFF0E701AB79
:10C85C00985D00F0D5FA0123C3700136012EF6D98C
:10C86C0001AE0C220021300000F0DAFA06237370BE
:10C87C00344A02AB03CA03C30121300000F0BEF9F5
:10C88C002E4B802292021A65EB0407D46B041ED443
:10C89C002B042FD4AC4241D105B0F0BD80235B01F9
:10C8AC001C43214B00221A60FFF7F8FE01AE0C224C
:10C8BC000021300000F0B4FA012373700121300024
:10C8CC0000F09CF91D4B802212031A65DEE78023D1
:10C8DC00DB011C4301AE0C220021300000F0A0FA59
:10C8EC00042373700121300000F088F9134B1022DF
:10C8FC001A65CDE780231B021C4301AE0C220021DC
:10C90C00300000F08DFA052373700121300000F027
:10C91C0075F90A4B802212011A65BBE721006940A8
:10C92C00094800F0ADFAC046000011500040054027
:10C93C00F81D0020081E0020822400200030115019
:10C94C000080FFFF00001050F4BB0010094B1B6C63
:10C95C009B070CD48378DB09012B01D0002007E066
:10C96C00C37E022B01D0002002E0012000E0002059
:10C97C007047C0460000115010B5FFF7E7FF0028C4
:10C98C0009D0064B9B6A064A12689B1A054A9446C4
:10C99C006344C62B00D810BD0020FCE700400540C6
:10C9AC00F81D0020E0FCFFFFF8B504000F00838A9F
:10C9BC00028B1E1C934200D9161CB6B29B1BA38281
:10C9CC008025ED003543E378002B13D080229201B3
:10C9DC00154301225340E3706378002B0CD0A38ADB
:10C9EC00002B02D18023DB011D43002F00D02D042E
:10C9FC002800F8BD0022EBE7B801E3689C466044D0
:10CA0C003200216900F02CFA23699C4666442661A9
:10CA1C0080231B021D43E2E770B5040083681B688A
:10CA2C00002900D01B0C9D05AD0D6278002A12D197
:10CA3C001B0409D4E38A5B19E382238BAB4201D933
:10CA4C000023A382280070BD81210F4B0F4A49009F
:10CA5C000F4800F0FDF91B040ED58901E3689C46D4
:10CA6C0061442A00206900F0FBF9E38A5B19E38238
:10CA7C0023695B192361E0E70A21064B034AFF3166
:10CA8C00034800F0E5F9C04674BC001078BD0010F6
:10CA9C0094BC001004BD001010B5040083681B6822
:10CAAC000021FFF7B9FF63681B685B0002D5238B7D
:10CABC00834200D010BD01212000FFF7ADFFF9E744
:10CACC00002383768382C3820361704710B50029EB
:10CADC0002D083681B681940002A0FD011435305FC
:10CAEC000CD5826813685B050BD40B4B0B401360A1
:10CAFC00FFE7FFE7FFE7FFE7FFE7FFE78368196062
:10CB0C0010BD83787F211940DB099B00034A9A589A
:10CB1C00034800F0B5F9C046FFFBFFFF980C00205E
:10CB2C0024BD001070B5040043681E680021FFF797
:10CB3C003BFF80256D010543194B1B6C0222110034
:10CB4C0019401A4202D1A378DB0906D0002906D07D
:10CB5C00A3785B0616D1002302E0012300E000233A
:10CB6C00A28A002A01D0002B0ED00E4B1E4080232F
:10CB7C009B053343626813602A0000212000FFF7F5
:10CB8C00A5FF70BD0123EBE701212000FFF70CFF8F
:10CB9C000543054B1E40A023DB053343EAE7C046A3
:10CBAC0000001150FFFFFFAFFFFFFFDF70B5040067
:10CBBC00857E002D06D0FFF76FFFA38A002B0BD1CB
:10CBCC00280070BD83787F211940DB099B00094A3E
:10CBDC009A58094800F054F92000FFF7CDFE051EC5
:10CBEC0003D0012323770025EAE72000FFF79AFF03
:10CBFC00E6E7C046980C002044BD001030B585B067
:10CC0C0005004378042B00D159E006D8022B2BD019
:10CC1C00032B00D0CBE0002483E0052B00D0C6E032
:10CC2C00704B1B78DB0748D56E4A137804218B4375
:10CC3C0013706D4B1C68210014316269EFF3108086
:10CC4C0072B61368002BFCD0BFF35F8F48602900CD
:10CC5C00200000F0EDF86269A369BFF35F8F00213B
:10CC6C00116083F3108828E05E4B1A7801218A4307
:10CC7C001A701A7801318A431A7000225A701A7885
:10CC8C0002318A431A70584B1C68210014316269B6
:10CC9C00EFF3108072B61368002BFCD0BFF35F8FDC
:10CCAC0048602900200000F0C3F86269A369BFF353
:10CCBC005F8F0021116083F3108805B030BD494BA4
:10CCCC001B78DB07F9D5474A137804210B43137003
:10CCDC00454B1C68210014316269EFF3108072B669
:10CCEC001368002BFCD0BFF35F8F48602900200035
:10CCFC0000F09EF86269A369BFF35F8F0021116099
:10CD0C0083F31088D9E763001B19DA00374B1B68D3
:10CD1C009B1818E023000FE02878696898470134C5
:10CD2C00E4B2334B1B78A34213D3324A002AF1D01E
:10CD3C00A342E8D8E31ADBB2002BF0D15A00D21888
:10CD4C00D2002D4B9B18002BE9D05B69002BE3D153
:10CD5C00E5E7244B1B785B07AFD5224A13780421F7
:10CD6C008B4313700C22002101A800F059F82B788A
:10CD7C006A461371052353711B4B1C682100143137
:10CD8C006269EFF3108072B61368002BFCD0BFF30E
:10CD9C005F8F486001A9200000F04AF86269A3691E
:10CDAC00BFF35F8F0021116083F3108885E70E4B72
:10CDBC001C68210014316269EFF3108072B613689D
:10CDCC00002BFCD0BFF35F8F48602900200000F0DF
:10CDDC002FF86269A369BFF35F8F0021116083F3A1
:10CDEC0010886AE7241B00207C1B0020FC17002005
:10CDFC00812400200D53001014BE00107047C04653
:10CE0C0001B40248844601BC604700BFF1580010D1
:10CE1C0001B40248844601BC604700BFAD1C001041
:10CE2C0001B40248844601BC604700BF754F001036
:10CE3C0001B40248844601BC604700BF597700101A
:10CE4C0001B40248844601BC604700BF954A0010FB
:10CE5C0001B40248844601BC604700BF352700106E
:10CE6C0001B40248844601BC604700BF814F0010EA
:10CE7C0001B40248844601BC604700BF591B001036
:10CE8C0001B40248844601BC604700BF6928001009
:10CE9C0000007A44160000001A0000001B0000007D
:10CEAC001C0000000000FA430000204131323341E5
:10CEBC0034353642373839432A30234412000000C7
:10CECC00130000001400000015000000100000000A
:10CEDC000000000000000100000000000000000045
:10CEEC000000020000000000000000000000030031
:10CEFC0000000000000000000000FF000000000027
:10CF0C0001B5486801318E46004770460938014921
:10CF1C00884701BD65100010500C00200000000077
:10CF2C00901600208C1D0020000000000000000066
:10CF3C009C1D0020000000000000000010000000FC
:10CF4C00503300004C3300005433000052330000C7
:10CF5C004D5300004D430000533400004334000097
:10CF6C00A956001000000000E555001041530010B8
:10CF7C00000000000001000070BD001074BD001026
:10CF8C00801B002010000C000000000000000000BE
:10CF9C00000000000000000000000000FF00000086
:10CFAC00C80C00200000000000000000B40F00209E
:10CFBC001C10002084100020000000000000000065
:10CFCC000000000000000000000000000000000055
:10CFDC000000000000000000000000000000000045
:10CFEC000000000000000000000000000000000035
:10CFFC000000000000000000000000000000000025
:10D00C000000000000000000000000000000000014
:10D01C000000000000000000000000000000000004
:10D02C0000000000000000000000000000000000F4
:10D03C0000000000000000000000000000000000E4
:10D04C0000000000000000000000000000000000D4
:10D05C0001000000000000000E33CDAB34126DE671
:10D06C00ECDE05000B0000000000000000000000DA
:10D07C0000000000000000000000000000000000A4
:10D08C000000000000000000000000000000000094
:10D09C000000000000000000000000000000000084
:10D0AC000000000000000000000000000000000074
:10D0BC000000000000000000000000000000000064
:10D0CC000000000000000000000000000000000054
:10D0DC000000000000000000000000000000000044
:10D0EC000000000000000000000000000000000034
:10D0FC000000000000000000000000000000000024
:10D10C000000000000000000000000000000000013
:10D11C000000000000000000000000000000000003
:10D12C0000000000000000000000000000000000F3
:10D13C0000000000000000000000000000000000E3
:10D14C0000000000000000000000000000000000D3
:10D15C0000000000000000000000000000000000C3
:10D16C0000000000000000000000000000000000B3
:10D17C0000000000000000000000000000000000A3
:10D18C000000000000000000000000000000000093
:10D19C000000000000000000000000000000000083
:10D1AC000000000000000000000000000000000073
:10D1BC000000000000000000000000000000000063
:10D1CC000000000000000000000000000000000053
:10D1DC000000000000000000000000000000000043
:10D1EC000000000000000000000000000000000033
:10D1FC000000000000000000000000000000000023
:10D20C000000000000000000000000000000000012
:10D21C000000000000000000000000000000000002
:10D22C0000000000000000000000000000000000F2
:10D23C0000000000000000000000000000000000E2
:10D24C0000000000000000000000000000000000D2
:10D25C0000000000000000000000000000000000C2
:10D26C0000000000000000000000000000000000B2
:10D27C0000000000000000000000000000000000A2
:10D28C000000000000000000000000000000000092
:10D29C000000000000000000000000000000000082
:10D2AC000000000000000000000000000000000072
:10D2BC000000000000000000000000000000000062
:10D2CC000000000000000000000000000000000052
:10D2DC000000000000000000000000000000000042
:10D2EC000000000000000000000000000000000032
:10D2FC000000000000000000000000000000000022
:10D30C000000000000000000000000000000000011
:10D31C000000000000000000000000000000000001
:10D32C0000000000000000000000000000000000F1
:10D33C0000000000000000000000000000000000E1
:10D34C0000000000000000000000000000000000D1
:10D35C0000000000000000000000000000000000C1
:10D36C0000000000000000000000000000000000B1
:10D37C0000000000000000000000000000000000A1
:10D38C000000000000000000000000000000000091
:10D39C000000000000000000000000000000000081
:10D3AC000000000000000000000000000000000071
:10D3BC000000000000000000000000000000000061
:10D3CC000000000000000000000000000000000051
:10D3DC000000000000000000F0100020F010002001
:10D3EC00F8100020F810002000110020001100207F
:10D3FC00081100200811002010110020101100202D
:10D40C0018110020181100202011002020110020DC
:10D41C00281100202811002030110020301100208C
:10D42C00381100203811002040110020401100203C
:10D43C0048110020481100205011002050110020EC
:10D44C00581100205811002060110020601100209C
:10D45C00681100206811002070110020701100204C
:10D46C0078110020781100208011002080110020FC
:10D47C0088110020881100209011002090110020AC
:10D48C009811002098110020A0110020A01100205C
:10D49C00A8110020A8110020B0110020B01100200C
:10D4AC00B8110020B8110020C0110020C0110020BC
:10D4BC00C8110020C8110020D0110020D01100206C
:10D4CC00D8110020D8110020E0110020E01100201C
:10D4DC00E8110020E8110020F0110020F0110020CC
:10D4EC00F8110020F811002000120020001200207A
:10D4FC000812002008120020101200201012002028
:10D50C0018120020181200202012002020120020D7
:10D51C002812002028120020301200203012002087
:10D52C003812002038120020401200204012002037
:10D53C0048120020481200205012002050120020E7
:10D54C005812002058120020601200206012002097
:10D55C006812002068120020701200207012002047
:10D56C0078120020781200208012002080120020F7
:10D57C0088120020881200209012002090120020A7
:10D58C009812002098120020A0120020A012002057
:10D59C00A8120020A8120020B0120020B012002007
:10D5AC00B8120020B8120020C0120020C0120020B7
:10D5BC00C8120020C8120020D0120020D012002067
:10D5CC00D8120020D8120020E0120020E012002017
:10D5DC00E8120020E8120020F0120020F0120020C7
:10D5EC00F8120020F8120020001300200013002075
:10D5FC000813002008130020101300201013002023
:10D60C0018130020181300202013002020130020D2
:10D61C002813002028130020301300203013002082
:10D62C003813002038130020401300204013002032
:10D63C0048130020481300205013002050130020E2
:10D64C005813002058130020601300206013002092
:10D65C006813002068130020701300207013002042
:10D66C0078130020781300208013002080130020F2
:10D67C0088130020881300209013002090130020A2
:10D68C009813002098130020A0130020A013002052
:10D69C00A8130020A8130020B0130020B013002002
:10D6AC00B8130020B8130020C0130020C0130020B2
:10D6BC00C8130020C8130020D0130020D013002062
:10D6CC00D8130020D8130020E0130020E013002012
:10D6DC00E8130020E8130020F0130020F0130020C2
:10D6EC00F8130020F8130020001400200014002070
:10D6FC00081400200814002010140020101400201E
:10D70C0018140020181400202014002020140020CD
:10D71C00281400202814002030140020301400207D
:10D72C00381400203814002040140020401400202D
:10D73C0048140020481400205014002050140020DD
:10D74C00581400205814002060140020601400208D
:10D75C00681400206814002070140020701400203D
:10D76C0078140020781400208014002080140020ED
:10D77C00881400208814002090140020901400209D
:10D78C009814002098140020A0140020A01400204D
:10D79C00A8140020A8140020B0140020B0140020FD
:10D7AC00B8140020B8140020C0140020C0140020AD
:10D7BC00C8140020C8140020D0140020D01400205D
:10D7CC00D8140020D8140020E0140020E01400200D
:10D7DC00E8140020E8140020FFFFFFFF0000020007
:10D7EC00FF000000430000000000000000000000EB
:10D7FC00000000000000000000000000000000001D
:10D80C0000000000430000000000000000000000C9
:10D81C0000000000000000000000000000000000FC
:10D82C0000000000430000000000000000000000A9
:10D83C0000000000000000000000000000000000DC
:10D84C000000000043000000000000000000000089
:10D85C0000000000000000000000000000000000BC
:10D86C000000000043000000000000000000000069
:10D87C00000000000000000000000000000000009C
:10D88C000000000043000000000000000000000049
:10D89C00000000000000000000000000000000007C
:10D8AC000000000043000000000000000000000029
:10D8BC00000000000000000000000000000000005C
:10D8CC000000000095A50010199A0010000000003F
:10D8DC002CBE0010B0A60010B0A70010B0A700100E
:10D8EC00B0A70010B0A70010B0A70010B0A7001090
:10D8FC00B0A70010B0A70010B0A70010FFFFFFFFEB
:10D90C00FFFFFFFFFFFFFFFFFFFF00000100415380
:10D91C004349490000000000000000000000000026
:10D92C000000000000000000000000000000415357
:10D93C004349490000000000000000000000000006
:10D94C0000000000000000000000000000000000CB
:10D95C000000000000000000654F0010D9390010D5
:10D96C00894100105D4C0010E50200103958001080
:04000005100001E9FD
:00000001FF
