
C:/Users/pc/Desktop/signal_gen/build/main.elf:     file format elf32-littlearm

Sections:
Idx Name          Size      VMA       LMA       File off  Algn
  0 .boot2        00000100  10000000  10000000  00001000  2**0
                  CONTENTS, ALLOC, LOAD, READONLY, CODE
  1 .text         0000a598  10000100  10000100  00001100  2**3
                  CONTENTS, ALLOC, LOAD, READONLY, CODE
  2 .rodata       00001cf4  1000a698  1000a698  0000b698  2**3
                  CONTENTS, ALLOC, LOAD, READONLY, DATA
  3 .binary_info  00000020  1000c38c  1000c38c  0000d38c  2**2
                  CONTENTS, ALLOC, LOAD, READONLY, DATA
  4 .ram_vector_table 000000c0  20000000  20000000  00010000  2**2
                  ALLOC
  5 .data         000015d0  200000c0  1000c3ac  0000e0c0  2**4
                  CONTENTS, ALLOC, LOAD, READONLY, CODE
  6 .uninitialized_data 00000000  20001690  20001690  0000f690  2**0
                  CONTENTS
  7 .scratch_x    00000000  20040000  20040000  0000f690  2**0
                  CONTENTS
  8 .scratch_y    00000000  20041000  20041000  0000f690  2**0
                  CONTENTS
  9 .bss          00000e00  20001690  20001690  00010000  2**3
                  ALLOC
 10 .heap         00000800  20002490  20002490  0000f690  2**2
                  CONTENTS, READONLY
 11 .stack_dummy  00000800  20041000  20041000  0000fea0  2**5
                  CONTENTS, READONLY
 12 .ARM.attributes 00000028  00000000  00000000  000106a0  2**0
                  CONTENTS, READONLY
 13 .comment      00000049  00000000  00000000  000106c8  2**0
                  CONTENTS, READONLY
 14 .debug_info   0002f921  00000000  00000000  00010711  2**0
                  CONTENTS, READONLY, DEBUGGING, OCTETS
 15 .debug_abbrev 00006f99  00000000  00000000  00040032  2**0
                  CONTENTS, READONLY, DEBUGGING, OCTETS
 16 .debug_loc    000269f4  00000000  00000000  00046fcb  2**0
                  CONTENTS, READONLY, DEBUGGING, OCTETS
 17 .debug_aranges 000016c8  00000000  00000000  0006d9c0  2**3
                  CONTENTS, READONLY, DEBUGGING, OCTETS
 18 .debug_ranges 00005570  00000000  00000000  0006f088  2**3
                  CONTENTS, READONLY, DEBUGGING, OCTETS
 19 .debug_line   0001d229  00000000  00000000  000745f8  2**0
                  CONTENTS, READONLY, DEBUGGING, OCTETS
 20 .debug_str    000079d3  00000000  00000000  00091821  2**0
                  CONTENTS, READONLY, DEBUGGING, OCTETS
 21 .debug_frame  0000390c  00000000  00000000  000991f4  2**2
                  CONTENTS, READONLY, DEBUGGING, OCTETS

C:/Users/pc/Desktop/signal_gen/build/main.elf:     file format elf32-littlearm


Disassembly of section .boot2:

10000000 <__boot2_start__>:
10000000:	4b32b500 	.word	0x4b32b500
10000004:	60582021 	.word	0x60582021
10000008:	21026898 	.word	0x21026898
1000000c:	60984388 	.word	0x60984388
10000010:	611860d8 	.word	0x611860d8
10000014:	4b2e6158 	.word	0x4b2e6158
10000018:	60992100 	.word	0x60992100
1000001c:	61592102 	.word	0x61592102
10000020:	22f02101 	.word	0x22f02101
10000024:	492b5099 	.word	0x492b5099
10000028:	21016019 	.word	0x21016019
1000002c:	20356099 	.word	0x20356099
10000030:	f844f000 	.word	0xf844f000
10000034:	42902202 	.word	0x42902202
10000038:	2106d014 	.word	0x2106d014
1000003c:	f0006619 	.word	0xf0006619
10000040:	6e19f834 	.word	0x6e19f834
10000044:	66192101 	.word	0x66192101
10000048:	66182000 	.word	0x66182000
1000004c:	f000661a 	.word	0xf000661a
10000050:	6e19f82c 	.word	0x6e19f82c
10000054:	6e196e19 	.word	0x6e196e19
10000058:	f0002005 	.word	0xf0002005
1000005c:	2101f82f 	.word	0x2101f82f
10000060:	d1f94208 	.word	0xd1f94208
10000064:	60992100 	.word	0x60992100
10000068:	6019491b 	.word	0x6019491b
1000006c:	60592100 	.word	0x60592100
10000070:	481b491a 	.word	0x481b491a
10000074:	21016001 	.word	0x21016001
10000078:	21eb6099 	.word	0x21eb6099
1000007c:	21a06619 	.word	0x21a06619
10000080:	f0006619 	.word	0xf0006619
10000084:	2100f812 	.word	0x2100f812
10000088:	49166099 	.word	0x49166099
1000008c:	60014814 	.word	0x60014814
10000090:	60992101 	.word	0x60992101
10000094:	2800bc01 	.word	0x2800bc01
10000098:	4700d000 	.word	0x4700d000
1000009c:	49134812 	.word	0x49134812
100000a0:	c8036008 	.word	0xc8036008
100000a4:	8808f380 	.word	0x8808f380
100000a8:	b5034708 	.word	0xb5034708
100000ac:	20046a99 	.word	0x20046a99
100000b0:	d0fb4201 	.word	0xd0fb4201
100000b4:	42012001 	.word	0x42012001
100000b8:	bd03d1f8 	.word	0xbd03d1f8
100000bc:	6618b502 	.word	0x6618b502
100000c0:	f7ff6618 	.word	0xf7ff6618
100000c4:	6e18fff2 	.word	0x6e18fff2
100000c8:	bd026e18 	.word	0xbd026e18
100000cc:	40020000 	.word	0x40020000
100000d0:	18000000 	.word	0x18000000
100000d4:	00070000 	.word	0x00070000
100000d8:	005f0300 	.word	0x005f0300
100000dc:	00002221 	.word	0x00002221
100000e0:	180000f4 	.word	0x180000f4
100000e4:	a0002022 	.word	0xa0002022
100000e8:	10000100 	.word	0x10000100
100000ec:	e000ed08 	.word	0xe000ed08
	...
100000fc:	7a4eb274 	.word	0x7a4eb274

Disassembly of section .text:

10000100 <__VECTOR_TABLE>:
10000100:	20042000 	.word	0x20042000
10000104:	100001f7 	.word	0x100001f7
10000108:	100001c3 	.word	0x100001c3
1000010c:	100001c5 	.word	0x100001c5
10000110:	100001c1 	.word	0x100001c1
10000114:	100001c1 	.word	0x100001c1
10000118:	100001c1 	.word	0x100001c1
1000011c:	100001c1 	.word	0x100001c1
10000120:	100001c1 	.word	0x100001c1
10000124:	100001c1 	.word	0x100001c1
10000128:	100001c1 	.word	0x100001c1
1000012c:	100001c7 	.word	0x100001c7
10000130:	100001c1 	.word	0x100001c1
10000134:	100001c1 	.word	0x100001c1
10000138:	100001c9 	.word	0x100001c9
1000013c:	100001cb 	.word	0x100001cb
10000140:	100001cd 	.word	0x100001cd
10000144:	100001cd 	.word	0x100001cd
10000148:	100001cd 	.word	0x100001cd
1000014c:	100001cd 	.word	0x100001cd
10000150:	100001cd 	.word	0x100001cd
10000154:	100001cd 	.word	0x100001cd
10000158:	100001cd 	.word	0x100001cd
1000015c:	100001cd 	.word	0x100001cd
10000160:	100001cd 	.word	0x100001cd
10000164:	100001cd 	.word	0x100001cd
10000168:	100001cd 	.word	0x100001cd
1000016c:	100001cd 	.word	0x100001cd
10000170:	100001cd 	.word	0x100001cd
10000174:	100001cd 	.word	0x100001cd
10000178:	100001cd 	.word	0x100001cd
1000017c:	100001cd 	.word	0x100001cd
10000180:	100001cd 	.word	0x100001cd
10000184:	100001cd 	.word	0x100001cd
10000188:	100001cd 	.word	0x100001cd
1000018c:	100001cd 	.word	0x100001cd
10000190:	100001cd 	.word	0x100001cd
10000194:	100001cd 	.word	0x100001cd
10000198:	100001cd 	.word	0x100001cd
1000019c:	100001cd 	.word	0x100001cd
100001a0:	100001cd 	.word	0x100001cd
100001a4:	100001cd 	.word	0x100001cd
100001a8:	100001cd 	.word	0x100001cd
100001ac:	100001cd 	.word	0x100001cd
100001b0:	100001cd 	.word	0x100001cd
100001b4:	100001cd 	.word	0x100001cd
100001b8:	100001cd 	.word	0x100001cd
100001bc:	100001cd 	.word	0x100001cd

100001c0 <isr_invalid>:
100001c0:	be00      	bkpt	0x0000

100001c2 <isr_nmi>:
100001c2:	be00      	bkpt	0x0000

100001c4 <isr_hardfault>:
100001c4:	be00      	bkpt	0x0000

100001c6 <isr_svcall>:
100001c6:	be00      	bkpt	0x0000

100001c8 <isr_pendsv>:
100001c8:	be00      	bkpt	0x0000

100001ca <isr_systick>:
100001ca:	be00      	bkpt	0x0000

100001cc <__unhandled_user_irq>:
100001cc:	f3ef 8005 	mrs	r0, IPSR
100001d0:	3810      	subs	r0, #16

100001d2 <unhandled_user_irq_num_in_r0>:
100001d2:	be00      	bkpt	0x0000

100001d4 <binary_info_header>:
100001d4:	7188ebf2 	.word	0x7188ebf2
100001d8:	1000c38c 	.word	0x1000c38c
100001dc:	1000c3ac 	.word	0x1000c3ac
100001e0:	10000234 	.word	0x10000234
100001e4:	e71aa390 	.word	0xe71aa390

100001e8 <_entry_point>:
100001e8:	2000      	movs	r0, #0
100001ea:	491f      	ldr	r1, [pc, #124]	; (10000268 <hold_non_core0_in_bootrom+0xa>)
100001ec:	6008      	str	r0, [r1, #0]
100001ee:	c806      	ldmia	r0!, {r1, r2}
100001f0:	f381 8808 	msr	MSP, r1
100001f4:	4710      	bx	r2

100001f6 <_reset_handler>:
100001f6:	481d      	ldr	r0, [pc, #116]	; (1000026c <hold_non_core0_in_bootrom+0xe>)
100001f8:	6800      	ldr	r0, [r0, #0]
100001fa:	2800      	cmp	r0, #0
100001fc:	d12f      	bne.n	1000025e <hold_non_core0_in_bootrom>
100001fe:	a40d      	add	r4, pc, #52	; (adr r4, 10000234 <data_cpy_table>)
10000200:	cc0e      	ldmia	r4!, {r1, r2, r3}
10000202:	2900      	cmp	r1, #0
10000204:	d002      	beq.n	1000020c <_reset_handler+0x16>
10000206:	f000 f812 	bl	1000022e <data_cpy>
1000020a:	e7f9      	b.n	10000200 <_reset_handler+0xa>
1000020c:	4918      	ldr	r1, [pc, #96]	; (10000270 <hold_non_core0_in_bootrom+0x12>)
1000020e:	4a19      	ldr	r2, [pc, #100]	; (10000274 <hold_non_core0_in_bootrom+0x16>)
10000210:	2000      	movs	r0, #0
10000212:	e000      	b.n	10000216 <bss_fill_test>

10000214 <bss_fill_loop>:
10000214:	c101      	stmia	r1!, {r0}

10000216 <bss_fill_test>:
10000216:	4291      	cmp	r1, r2
10000218:	d1fc      	bne.n	10000214 <bss_fill_loop>

1000021a <platform_entry>:
1000021a:	4917      	ldr	r1, [pc, #92]	; (10000278 <hold_non_core0_in_bootrom+0x1a>)
1000021c:	4788      	blx	r1
1000021e:	4917      	ldr	r1, [pc, #92]	; (1000027c <hold_non_core0_in_bootrom+0x1e>)
10000220:	4788      	blx	r1
10000222:	4917      	ldr	r1, [pc, #92]	; (10000280 <hold_non_core0_in_bootrom+0x22>)
10000224:	4788      	blx	r1
10000226:	be00      	bkpt	0x0000
10000228:	e7fd      	b.n	10000226 <platform_entry+0xc>

1000022a <data_cpy_loop>:
1000022a:	c901      	ldmia	r1!, {r0}
1000022c:	c201      	stmia	r2!, {r0}

1000022e <data_cpy>:
1000022e:	429a      	cmp	r2, r3
10000230:	d3fb      	bcc.n	1000022a <data_cpy_loop>
10000232:	4770      	bx	lr

10000234 <data_cpy_table>:
10000234:	1000c3ac 	.word	0x1000c3ac
10000238:	200000c0 	.word	0x200000c0
1000023c:	20001690 	.word	0x20001690
10000240:	1000d97c 	.word	0x1000d97c
10000244:	20040000 	.word	0x20040000
10000248:	20040000 	.word	0x20040000
1000024c:	1000d97c 	.word	0x1000d97c
10000250:	20041000 	.word	0x20041000
10000254:	20041000 	.word	0x20041000
10000258:	00000000 	.word	0x00000000
1000025c:	4770      	bx	lr

1000025e <hold_non_core0_in_bootrom>:
1000025e:	4809      	ldr	r0, [pc, #36]	; (10000284 <hold_non_core0_in_bootrom+0x26>)
10000260:	f003 fbc2 	bl	100039e8 <rom_func_lookup>
10000264:	4700      	bx	r0
10000266:	0000      	.short	0x0000
10000268:	e000ed08 	.word	0xe000ed08
1000026c:	d0000000 	.word	0xd0000000
10000270:	20001690 	.word	0x20001690
10000274:	20002490 	.word	0x20002490
10000278:	10002771 	.word	0x10002771
1000027c:	10000605 	.word	0x10000605
10000280:	1000272d 	.word	0x1000272d
10000284:	00005657 	.word	0x00005657

10000288 <__bi_50>:
10000288:	50520006 5360b3ab 1000b738              ..RP..`S8...

10000294 <__bi_38>:
10000294:	50520006 02031c86 1000b748              ..RP....H...

100002a0 <__bi_30>:
100002a0:	50520006 9da22254 1000b750              ..RPT"..P...

100002ac <__bi_22>:
100002ac:	50520005 68f465de 1000d97c              ..RP.e.h|...

100002b8 <_init>:
100002b8:	b5f8      	push	{r3, r4, r5, r6, r7, lr}
100002ba:	46c0      	nop			; (mov r8, r8)

100002bc <__do_global_dtors_aux>:
100002bc:	b510      	push	{r4, lr}
100002be:	4c06      	ldr	r4, [pc, #24]	; (100002d8 <__do_global_dtors_aux+0x1c>)
100002c0:	7823      	ldrb	r3, [r4, #0]
100002c2:	2b00      	cmp	r3, #0
100002c4:	d107      	bne.n	100002d6 <__do_global_dtors_aux+0x1a>
100002c6:	4b05      	ldr	r3, [pc, #20]	; (100002dc <__do_global_dtors_aux+0x20>)
100002c8:	2b00      	cmp	r3, #0
100002ca:	d002      	beq.n	100002d2 <__do_global_dtors_aux+0x16>
100002cc:	4804      	ldr	r0, [pc, #16]	; (100002e0 <__do_global_dtors_aux+0x24>)
100002ce:	e000      	b.n	100002d2 <__do_global_dtors_aux+0x16>
100002d0:	bf00      	nop
100002d2:	2301      	movs	r3, #1
100002d4:	7023      	strb	r3, [r4, #0]
100002d6:	bd10      	pop	{r4, pc}
100002d8:	200017a8 	.word	0x200017a8
100002dc:	00000000 	.word	0x00000000
100002e0:	1000a698 	.word	0x1000a698

100002e4 <frame_dummy>:
100002e4:	4b04      	ldr	r3, [pc, #16]	; (100002f8 <frame_dummy+0x14>)
100002e6:	b510      	push	{r4, lr}
100002e8:	2b00      	cmp	r3, #0
100002ea:	d003      	beq.n	100002f4 <frame_dummy+0x10>
100002ec:	4903      	ldr	r1, [pc, #12]	; (100002fc <frame_dummy+0x18>)
100002ee:	4804      	ldr	r0, [pc, #16]	; (10000300 <frame_dummy+0x1c>)
100002f0:	e000      	b.n	100002f4 <frame_dummy+0x10>
100002f2:	bf00      	nop
100002f4:	bd10      	pop	{r4, pc}
100002f6:	46c0      	nop			; (mov r8, r8)
100002f8:	00000000 	.word	0x00000000
100002fc:	200017ac 	.word	0x200017ac
10000300:	1000a698 	.word	0x1000a698

10000304 <setup_gpio>:
10000304:	b570      	push	{r4, r5, r6, lr}
10000306:	2000      	movs	r0, #0
10000308:	f000 fb58 	bl	100009bc <gpio_init>
1000030c:	24d0      	movs	r4, #208	; 0xd0
1000030e:	0624      	lsls	r4, r4, #24
10000310:	2301      	movs	r3, #1
10000312:	6263      	str	r3, [r4, #36]	; 0x24
10000314:	2010      	movs	r0, #16
10000316:	f000 fb51 	bl	100009bc <gpio_init>
1000031a:	2380      	movs	r3, #128	; 0x80
1000031c:	025b      	lsls	r3, r3, #9
1000031e:	62a3      	str	r3, [r4, #40]	; 0x28
10000320:	2200      	movs	r2, #0
10000322:	2101      	movs	r1, #1
10000324:	2010      	movs	r0, #16
10000326:	f000 fa79 	bl	1000081c <gpio_set_pulls>
1000032a:	4b19      	ldr	r3, [pc, #100]	; (10000390 <setup_gpio+0x8c>)
1000032c:	2201      	movs	r2, #1
1000032e:	2104      	movs	r1, #4
10000330:	2010      	movs	r0, #16
10000332:	f000 fae7 	bl	10000904 <gpio_set_irq_enabled_with_callback>
10000336:	2400      	movs	r4, #0
10000338:	e00c      	b.n	10000354 <setup_gpio+0x50>
1000033a:	4d16      	ldr	r5, [pc, #88]	; (10000394 <setup_gpio+0x90>)
1000033c:	00a6      	lsls	r6, r4, #2
1000033e:	5970      	ldr	r0, [r6, r5]
10000340:	f000 fb3c 	bl	100009bc <gpio_init>
10000344:	5972      	ldr	r2, [r6, r5]
10000346:	2301      	movs	r3, #1
10000348:	4093      	lsls	r3, r2
1000034a:	22d0      	movs	r2, #208	; 0xd0
1000034c:	0612      	lsls	r2, r2, #24
1000034e:	6253      	str	r3, [r2, #36]	; 0x24
10000350:	6153      	str	r3, [r2, #20]
10000352:	3401      	adds	r4, #1
10000354:	2c03      	cmp	r4, #3
10000356:	ddf0      	ble.n	1000033a <setup_gpio+0x36>
10000358:	2400      	movs	r4, #0
1000035a:	e015      	b.n	10000388 <setup_gpio+0x84>
1000035c:	4d0e      	ldr	r5, [pc, #56]	; (10000398 <setup_gpio+0x94>)
1000035e:	00a6      	lsls	r6, r4, #2
10000360:	5970      	ldr	r0, [r6, r5]
10000362:	f000 fb2b 	bl	100009bc <gpio_init>
10000366:	5970      	ldr	r0, [r6, r5]
10000368:	2301      	movs	r3, #1
1000036a:	4083      	lsls	r3, r0
1000036c:	22d0      	movs	r2, #208	; 0xd0
1000036e:	0612      	lsls	r2, r2, #24
10000370:	6293      	str	r3, [r2, #40]	; 0x28
10000372:	2200      	movs	r2, #0
10000374:	2101      	movs	r1, #1
10000376:	f000 fa51 	bl	1000081c <gpio_set_pulls>
1000037a:	5970      	ldr	r0, [r6, r5]
1000037c:	4b04      	ldr	r3, [pc, #16]	; (10000390 <setup_gpio+0x8c>)
1000037e:	2201      	movs	r2, #1
10000380:	2104      	movs	r1, #4
10000382:	f000 fabf 	bl	10000904 <gpio_set_irq_enabled_with_callback>
10000386:	3401      	adds	r4, #1
10000388:	2c03      	cmp	r4, #3
1000038a:	dde7      	ble.n	1000035c <setup_gpio+0x58>
1000038c:	bd70      	pop	{r4, r5, r6, pc}
1000038e:	46c0      	nop			; (mov r8, r8)
10000390:	100006f9 	.word	0x100006f9
10000394:	20000bdc 	.word	0x20000bdc
10000398:	20000bb4 	.word	0x20000bb4

1000039c <generate_waveform>:
1000039c:	b5f8      	push	{r3, r4, r5, r6, r7, lr}
1000039e:	f001 fc85 	bl	10001cac <time_us_64>
100003a2:	0004      	movs	r4, r0
100003a4:	000d      	movs	r5, r1
100003a6:	4f88      	ldr	r7, [pc, #544]	; (100005c8 <generate_waveform+0x22c>)
100003a8:	683a      	ldr	r2, [r7, #0]
100003aa:	687b      	ldr	r3, [r7, #4]
100003ac:	1a80      	subs	r0, r0, r2
100003ae:	4199      	sbcs	r1, r3
100003b0:	f004 fc28 	bl	10004c04 <__wrap___aeabi_ul2f>
100003b4:	4985      	ldr	r1, [pc, #532]	; (100005cc <generate_waveform+0x230>)
100003b6:	f004 fb94 	bl	10004ae2 <__wrap___aeabi_fdiv>
100003ba:	1c06      	adds	r6, r0, #0
100003bc:	603c      	str	r4, [r7, #0]
100003be:	607d      	str	r5, [r7, #4]
100003c0:	4b83      	ldr	r3, [pc, #524]	; (100005d0 <generate_waveform+0x234>)
100003c2:	781a      	ldrb	r2, [r3, #0]
100003c4:	b2d3      	uxtb	r3, r2
100003c6:	2a02      	cmp	r2, #2
100003c8:	d100      	bne.n	100003cc <generate_waveform+0x30>
100003ca:	e0c3      	b.n	10000554 <generate_waveform+0x1b8>
100003cc:	2b02      	cmp	r3, #2
100003ce:	d83e      	bhi.n	1000044e <generate_waveform+0xb2>
100003d0:	2b00      	cmp	r3, #0
100003d2:	d100      	bne.n	100003d6 <generate_waveform+0x3a>
100003d4:	e085      	b.n	100004e2 <generate_waveform+0x146>
100003d6:	2b01      	cmp	r3, #1
100003d8:	d137      	bne.n	1000044a <generate_waveform+0xae>
100003da:	4b7e      	ldr	r3, [pc, #504]	; (100005d4 <generate_waveform+0x238>)
100003dc:	6818      	ldr	r0, [r3, #0]
100003de:	f004 fc1f 	bl	10004c20 <__wrap___aeabi_f2d>
100003e2:	4a7d      	ldr	r2, [pc, #500]	; (100005d8 <generate_waveform+0x23c>)
100003e4:	4b7d      	ldr	r3, [pc, #500]	; (100005dc <generate_waveform+0x240>)
100003e6:	f003 fdbe 	bl	10003f66 <__wrap___aeabi_dmul>
100003ea:	0004      	movs	r4, r0
100003ec:	000d      	movs	r5, r1
100003ee:	1c30      	adds	r0, r6, #0
100003f0:	f004 fc16 	bl	10004c20 <__wrap___aeabi_f2d>
100003f4:	0022      	movs	r2, r4
100003f6:	002b      	movs	r3, r5
100003f8:	f003 fdb5 	bl	10003f66 <__wrap___aeabi_dmul>
100003fc:	f003 feb8 	bl	10004170 <__wrap___aeabi_d2f>
10000400:	f004 fc18 	bl	10004c34 <__wrap_sinf>
10000404:	2100      	movs	r1, #0
10000406:	f004 fbbb 	bl	10004b80 <__wrap___aeabi_fcmpgt>
1000040a:	2800      	cmp	r0, #0
1000040c:	d100      	bne.n	10000410 <generate_waveform+0x74>
1000040e:	e09f      	b.n	10000550 <generate_waveform+0x1b4>
10000410:	21fe      	movs	r1, #254	; 0xfe
10000412:	0589      	lsls	r1, r1, #22
10000414:	4b72      	ldr	r3, [pc, #456]	; (100005e0 <generate_waveform+0x244>)
10000416:	6818      	ldr	r0, [r3, #0]
10000418:	f004 fb79 	bl	10004b0e <__wrap___aeabi_fmul>
1000041c:	21fc      	movs	r1, #252	; 0xfc
1000041e:	0589      	lsls	r1, r1, #22
10000420:	f004 fb75 	bl	10004b0e <__wrap___aeabi_fmul>
10000424:	f004 fbfc 	bl	10004c20 <__wrap___aeabi_f2d>
10000428:	2200      	movs	r2, #0
1000042a:	4b6e      	ldr	r3, [pc, #440]	; (100005e4 <generate_waveform+0x248>)
1000042c:	f003 fd74 	bl	10003f18 <__wrap___aeabi_dadd>
10000430:	0004      	movs	r4, r0
10000432:	000d      	movs	r5, r1
10000434:	4b6c      	ldr	r3, [pc, #432]	; (100005e8 <generate_waveform+0x24c>)
10000436:	6818      	ldr	r0, [r3, #0]
10000438:	f004 fbf2 	bl	10004c20 <__wrap___aeabi_f2d>
1000043c:	0022      	movs	r2, r4
1000043e:	002b      	movs	r3, r5
10000440:	f003 fd6a 	bl	10003f18 <__wrap___aeabi_dadd>
10000444:	f003 fe94 	bl	10004170 <__wrap___aeabi_d2f>
10000448:	e037      	b.n	100004ba <generate_waveform+0x11e>
1000044a:	2000      	movs	r0, #0
1000044c:	e035      	b.n	100004ba <generate_waveform+0x11e>
1000044e:	2b03      	cmp	r3, #3
10000450:	d132      	bne.n	100004b8 <generate_waveform+0x11c>
10000452:	4b63      	ldr	r3, [pc, #396]	; (100005e0 <generate_waveform+0x244>)
10000454:	681f      	ldr	r7, [r3, #0]
10000456:	4b5f      	ldr	r3, [pc, #380]	; (100005d4 <generate_waveform+0x238>)
10000458:	6818      	ldr	r0, [r3, #0]
1000045a:	1c31      	adds	r1, r6, #0
1000045c:	f004 fb57 	bl	10004b0e <__wrap___aeabi_fmul>
10000460:	2181      	movs	r1, #129	; 0x81
10000462:	05c9      	lsls	r1, r1, #23
10000464:	f004 fb53 	bl	10004b0e <__wrap___aeabi_fmul>
10000468:	f004 fbda 	bl	10004c20 <__wrap___aeabi_f2d>
1000046c:	2200      	movs	r2, #0
1000046e:	4b5f      	ldr	r3, [pc, #380]	; (100005ec <generate_waveform+0x250>)
10000470:	f003 ff86 	bl	10004380 <__wrap_fmod>
10000474:	2200      	movs	r2, #0
10000476:	2380      	movs	r3, #128	; 0x80
10000478:	05db      	lsls	r3, r3, #23
1000047a:	f003 fd44 	bl	10003f06 <__wrap___aeabi_dsub>
1000047e:	0049      	lsls	r1, r1, #1
10000480:	0002      	movs	r2, r0
10000482:	084b      	lsrs	r3, r1, #1
10000484:	2000      	movs	r0, #0
10000486:	495a      	ldr	r1, [pc, #360]	; (100005f0 <generate_waveform+0x254>)
10000488:	f003 fd3d 	bl	10003f06 <__wrap___aeabi_dsub>
1000048c:	0004      	movs	r4, r0
1000048e:	000d      	movs	r5, r1
10000490:	1c38      	adds	r0, r7, #0
10000492:	f004 fbc5 	bl	10004c20 <__wrap___aeabi_f2d>
10000496:	0022      	movs	r2, r4
10000498:	002b      	movs	r3, r5
1000049a:	f003 fd64 	bl	10003f66 <__wrap___aeabi_dmul>
1000049e:	0004      	movs	r4, r0
100004a0:	000d      	movs	r5, r1
100004a2:	4b51      	ldr	r3, [pc, #324]	; (100005e8 <generate_waveform+0x24c>)
100004a4:	6818      	ldr	r0, [r3, #0]
100004a6:	f004 fbbb 	bl	10004c20 <__wrap___aeabi_f2d>
100004aa:	0022      	movs	r2, r4
100004ac:	002b      	movs	r3, r5
100004ae:	f003 fd33 	bl	10003f18 <__wrap___aeabi_dadd>
100004b2:	f003 fe5d 	bl	10004170 <__wrap___aeabi_d2f>
100004b6:	e000      	b.n	100004ba <generate_waveform+0x11e>
100004b8:	2000      	movs	r0, #0
100004ba:	f004 fbb1 	bl	10004c20 <__wrap___aeabi_f2d>
100004be:	4a4d      	ldr	r2, [pc, #308]	; (100005f4 <generate_waveform+0x258>)
100004c0:	4b4d      	ldr	r3, [pc, #308]	; (100005f8 <generate_waveform+0x25c>)
100004c2:	f003 fd32 	bl	10003f2a <__wrap___aeabi_ddiv>
100004c6:	2200      	movs	r2, #0
100004c8:	4b4c      	ldr	r3, [pc, #304]	; (100005fc <generate_waveform+0x260>)
100004ca:	f003 fd4c 	bl	10003f66 <__wrap___aeabi_dmul>
100004ce:	f003 fdff 	bl	100040d0 <__wrap___aeabi_d2uiz>
100004d2:	2800      	cmp	r0, #0
100004d4:	d100      	bne.n	100004d8 <generate_waveform+0x13c>
100004d6:	e072      	b.n	100005be <generate_waveform+0x222>
100004d8:	23d0      	movs	r3, #208	; 0xd0
100004da:	061b      	lsls	r3, r3, #24
100004dc:	2201      	movs	r2, #1
100004de:	615a      	str	r2, [r3, #20]
100004e0:	bdf8      	pop	{r3, r4, r5, r6, r7, pc}
100004e2:	4b3f      	ldr	r3, [pc, #252]	; (100005e0 <generate_waveform+0x244>)
100004e4:	681f      	ldr	r7, [r3, #0]
100004e6:	4b3b      	ldr	r3, [pc, #236]	; (100005d4 <generate_waveform+0x238>)
100004e8:	6818      	ldr	r0, [r3, #0]
100004ea:	f004 fb99 	bl	10004c20 <__wrap___aeabi_f2d>
100004ee:	4a3a      	ldr	r2, [pc, #232]	; (100005d8 <generate_waveform+0x23c>)
100004f0:	4b3a      	ldr	r3, [pc, #232]	; (100005dc <generate_waveform+0x240>)
100004f2:	f003 fd38 	bl	10003f66 <__wrap___aeabi_dmul>
100004f6:	0004      	movs	r4, r0
100004f8:	000d      	movs	r5, r1
100004fa:	1c30      	adds	r0, r6, #0
100004fc:	f004 fb90 	bl	10004c20 <__wrap___aeabi_f2d>
10000500:	0022      	movs	r2, r4
10000502:	002b      	movs	r3, r5
10000504:	f003 fd2f 	bl	10003f66 <__wrap___aeabi_dmul>
10000508:	f003 fe32 	bl	10004170 <__wrap___aeabi_d2f>
1000050c:	f004 fb92 	bl	10004c34 <__wrap_sinf>
10000510:	21fc      	movs	r1, #252	; 0xfc
10000512:	0589      	lsls	r1, r1, #22
10000514:	f004 fafb 	bl	10004b0e <__wrap___aeabi_fmul>
10000518:	f004 fb82 	bl	10004c20 <__wrap___aeabi_f2d>
1000051c:	2200      	movs	r2, #0
1000051e:	4b31      	ldr	r3, [pc, #196]	; (100005e4 <generate_waveform+0x248>)
10000520:	f003 fcfa 	bl	10003f18 <__wrap___aeabi_dadd>
10000524:	0004      	movs	r4, r0
10000526:	000d      	movs	r5, r1
10000528:	1c38      	adds	r0, r7, #0
1000052a:	f004 fb79 	bl	10004c20 <__wrap___aeabi_f2d>
1000052e:	0022      	movs	r2, r4
10000530:	002b      	movs	r3, r5
10000532:	f003 fd18 	bl	10003f66 <__wrap___aeabi_dmul>
10000536:	0004      	movs	r4, r0
10000538:	000d      	movs	r5, r1
1000053a:	4b2b      	ldr	r3, [pc, #172]	; (100005e8 <generate_waveform+0x24c>)
1000053c:	6818      	ldr	r0, [r3, #0]
1000053e:	f004 fb6f 	bl	10004c20 <__wrap___aeabi_f2d>
10000542:	0022      	movs	r2, r4
10000544:	002b      	movs	r3, r5
10000546:	f003 fce7 	bl	10003f18 <__wrap___aeabi_dadd>
1000054a:	f003 fe11 	bl	10004170 <__wrap___aeabi_d2f>
1000054e:	e7b4      	b.n	100004ba <generate_waveform+0x11e>
10000550:	492b      	ldr	r1, [pc, #172]	; (10000600 <generate_waveform+0x264>)
10000552:	e75f      	b.n	10000414 <generate_waveform+0x78>
10000554:	4b22      	ldr	r3, [pc, #136]	; (100005e0 <generate_waveform+0x244>)
10000556:	681f      	ldr	r7, [r3, #0]
10000558:	4b1e      	ldr	r3, [pc, #120]	; (100005d4 <generate_waveform+0x238>)
1000055a:	6818      	ldr	r0, [r3, #0]
1000055c:	1c31      	adds	r1, r6, #0
1000055e:	f004 fad6 	bl	10004b0e <__wrap___aeabi_fmul>
10000562:	2400      	movs	r4, #0
10000564:	4d22      	ldr	r5, [pc, #136]	; (100005f0 <generate_waveform+0x254>)
10000566:	f004 fb5b 	bl	10004c20 <__wrap___aeabi_f2d>
1000056a:	0022      	movs	r2, r4
1000056c:	002b      	movs	r3, r5
1000056e:	f003 ff07 	bl	10004380 <__wrap_fmod>
10000572:	0002      	movs	r2, r0
10000574:	000b      	movs	r3, r1
10000576:	f003 fccf 	bl	10003f18 <__wrap___aeabi_dadd>
1000057a:	0022      	movs	r2, r4
1000057c:	002b      	movs	r3, r5
1000057e:	f003 fcc2 	bl	10003f06 <__wrap___aeabi_dsub>
10000582:	0004      	movs	r4, r0
10000584:	000d      	movs	r5, r1
10000586:	1c38      	adds	r0, r7, #0
10000588:	f004 fb4a 	bl	10004c20 <__wrap___aeabi_f2d>
1000058c:	0022      	movs	r2, r4
1000058e:	002b      	movs	r3, r5
10000590:	f003 fce9 	bl	10003f66 <__wrap___aeabi_dmul>
10000594:	2200      	movs	r2, #0
10000596:	4b13      	ldr	r3, [pc, #76]	; (100005e4 <generate_waveform+0x248>)
10000598:	f003 fce5 	bl	10003f66 <__wrap___aeabi_dmul>
1000059c:	2200      	movs	r2, #0
1000059e:	4b11      	ldr	r3, [pc, #68]	; (100005e4 <generate_waveform+0x248>)
100005a0:	f003 fcba 	bl	10003f18 <__wrap___aeabi_dadd>
100005a4:	0004      	movs	r4, r0
100005a6:	000d      	movs	r5, r1
100005a8:	4b0f      	ldr	r3, [pc, #60]	; (100005e8 <generate_waveform+0x24c>)
100005aa:	6818      	ldr	r0, [r3, #0]
100005ac:	f004 fb38 	bl	10004c20 <__wrap___aeabi_f2d>
100005b0:	0022      	movs	r2, r4
100005b2:	002b      	movs	r3, r5
100005b4:	f003 fcb0 	bl	10003f18 <__wrap___aeabi_dadd>
100005b8:	f003 fdda 	bl	10004170 <__wrap___aeabi_d2f>
100005bc:	e77d      	b.n	100004ba <generate_waveform+0x11e>
100005be:	23d0      	movs	r3, #208	; 0xd0
100005c0:	061b      	lsls	r3, r3, #24
100005c2:	2201      	movs	r2, #1
100005c4:	619a      	str	r2, [r3, #24]
100005c6:	e78b      	b.n	100004e0 <generate_waveform+0x144>
100005c8:	200017a0 	.word	0x200017a0
100005cc:	49742400 	.word	0x49742400
100005d0:	20002485 	.word	0x20002485
100005d4:	20000bc8 	.word	0x20000bc8
100005d8:	fc8b007a 	.word	0xfc8b007a
100005dc:	401921fa 	.word	0x401921fa
100005e0:	20000bb0 	.word	0x20000bb0
100005e4:	3fe00000 	.word	0x3fe00000
100005e8:	20000bc4 	.word	0x20000bc4
100005ec:	40100000 	.word	0x40100000
100005f0:	3ff00000 	.word	0x3ff00000
100005f4:	66666666 	.word	0x66666666
100005f8:	400a6666 	.word	0x400a6666
100005fc:	406fe000 	.word	0x406fe000
10000600:	bf800000 	.word	0xbf800000

10000604 <main>:
10000604:	b510      	push	{r4, lr}
10000606:	f004 fe1f 	bl	10005248 <stdio_init_all>
1000060a:	f7ff fe7b 	bl	10000304 <setup_gpio>
1000060e:	4803      	ldr	r0, [pc, #12]	; (1000061c <main+0x18>)
10000610:	f004 fdde 	bl	100051d0 <__wrap_puts>
10000614:	f7ff fec2 	bl	1000039c <generate_waveform>
10000618:	e7fc      	b.n	10000614 <main+0x10>
1000061a:	46c0      	nop			; (mov r8, r8)
1000061c:	1000a698 	.word	0x1000a698

10000620 <handle_input>:
10000620:	b510      	push	{r4, lr}
10000622:	2844      	cmp	r0, #68	; 0x44
10000624:	d007      	beq.n	10000636 <handle_input+0x16>
10000626:	0003      	movs	r3, r0
10000628:	3b41      	subs	r3, #65	; 0x41
1000062a:	b2db      	uxtb	r3, r3
1000062c:	2b02      	cmp	r3, #2
1000062e:	d840      	bhi.n	100006b2 <handle_input+0x92>
10000630:	4b27      	ldr	r3, [pc, #156]	; (100006d0 <handle_input+0xb0>)
10000632:	7018      	strb	r0, [r3, #0]
10000634:	e00f      	b.n	10000656 <handle_input+0x36>
10000636:	4b26      	ldr	r3, [pc, #152]	; (100006d0 <handle_input+0xb0>)
10000638:	781b      	ldrb	r3, [r3, #0]
1000063a:	2b41      	cmp	r3, #65	; 0x41
1000063c:	d00c      	beq.n	10000658 <handle_input+0x38>
1000063e:	2b42      	cmp	r3, #66	; 0x42
10000640:	d019      	beq.n	10000676 <handle_input+0x56>
10000642:	2b43      	cmp	r3, #67	; 0x43
10000644:	d026      	beq.n	10000694 <handle_input+0x74>
10000646:	4b23      	ldr	r3, [pc, #140]	; (100006d4 <handle_input+0xb4>)
10000648:	2200      	movs	r2, #0
1000064a:	601a      	str	r2, [r3, #0]
1000064c:	3214      	adds	r2, #20
1000064e:	2100      	movs	r1, #0
10000650:	4821      	ldr	r0, [pc, #132]	; (100006d8 <handle_input+0xb8>)
10000652:	f004 fc8f 	bl	10004f74 <__wrap_memset>
10000656:	bd10      	pop	{r4, pc}
10000658:	2100      	movs	r1, #0
1000065a:	481f      	ldr	r0, [pc, #124]	; (100006d8 <handle_input+0xb8>)
1000065c:	f008 fc18 	bl	10008e90 <strtof>
10000660:	4b1e      	ldr	r3, [pc, #120]	; (100006dc <handle_input+0xbc>)
10000662:	6018      	str	r0, [r3, #0]
10000664:	6818      	ldr	r0, [r3, #0]
10000666:	f004 fadb 	bl	10004c20 <__wrap___aeabi_f2d>
1000066a:	0002      	movs	r2, r0
1000066c:	000b      	movs	r3, r1
1000066e:	481c      	ldr	r0, [pc, #112]	; (100006e0 <handle_input+0xc0>)
10000670:	f004 fdde 	bl	10005230 <__wrap_printf>
10000674:	e7e7      	b.n	10000646 <handle_input+0x26>
10000676:	2100      	movs	r1, #0
10000678:	4817      	ldr	r0, [pc, #92]	; (100006d8 <handle_input+0xb8>)
1000067a:	f008 fc09 	bl	10008e90 <strtof>
1000067e:	4b19      	ldr	r3, [pc, #100]	; (100006e4 <handle_input+0xc4>)
10000680:	6018      	str	r0, [r3, #0]
10000682:	6818      	ldr	r0, [r3, #0]
10000684:	f004 facc 	bl	10004c20 <__wrap___aeabi_f2d>
10000688:	0002      	movs	r2, r0
1000068a:	000b      	movs	r3, r1
1000068c:	4816      	ldr	r0, [pc, #88]	; (100006e8 <handle_input+0xc8>)
1000068e:	f004 fdcf 	bl	10005230 <__wrap_printf>
10000692:	e7d8      	b.n	10000646 <handle_input+0x26>
10000694:	2100      	movs	r1, #0
10000696:	4810      	ldr	r0, [pc, #64]	; (100006d8 <handle_input+0xb8>)
10000698:	f008 fbfa 	bl	10008e90 <strtof>
1000069c:	4b13      	ldr	r3, [pc, #76]	; (100006ec <handle_input+0xcc>)
1000069e:	6018      	str	r0, [r3, #0]
100006a0:	6818      	ldr	r0, [r3, #0]
100006a2:	f004 fabd 	bl	10004c20 <__wrap___aeabi_f2d>
100006a6:	0002      	movs	r2, r0
100006a8:	000b      	movs	r3, r1
100006aa:	4811      	ldr	r0, [pc, #68]	; (100006f0 <handle_input+0xd0>)
100006ac:	f004 fdc0 	bl	10005230 <__wrap_printf>
100006b0:	e7c9      	b.n	10000646 <handle_input+0x26>
100006b2:	4b10      	ldr	r3, [pc, #64]	; (100006f4 <handle_input+0xd4>)
100006b4:	5c1b      	ldrb	r3, [r3, r0]
100006b6:	075b      	lsls	r3, r3, #29
100006b8:	d5cd      	bpl.n	10000656 <handle_input+0x36>
100006ba:	4b06      	ldr	r3, [pc, #24]	; (100006d4 <handle_input+0xb4>)
100006bc:	681b      	ldr	r3, [r3, #0]
100006be:	2b12      	cmp	r3, #18
100006c0:	d8c9      	bhi.n	10000656 <handle_input+0x36>
100006c2:	1c59      	adds	r1, r3, #1
100006c4:	4a03      	ldr	r2, [pc, #12]	; (100006d4 <handle_input+0xb4>)
100006c6:	6011      	str	r1, [r2, #0]
100006c8:	4a03      	ldr	r2, [pc, #12]	; (100006d8 <handle_input+0xb8>)
100006ca:	54d0      	strb	r0, [r2, r3]
100006cc:	e7c3      	b.n	10000656 <handle_input+0x36>
100006ce:	46c0      	nop			; (mov r8, r8)
100006d0:	2000248a 	.word	0x2000248a
100006d4:	2000221c 	.word	0x2000221c
100006d8:	20002208 	.word	0x20002208
100006dc:	20000bb0 	.word	0x20000bb0
100006e0:	1000a6b4 	.word	0x1000a6b4
100006e4:	20000bc8 	.word	0x20000bc8
100006e8:	1000a6d0 	.word	0x1000a6d0
100006ec:	20000bc4 	.word	0x20000bc4
100006f0:	1000a6ec 	.word	0x1000a6ec
100006f4:	1000be2d 	.word	0x1000be2d

100006f8 <gpio_callback>:
100006f8:	b570      	push	{r4, r5, r6, lr}
100006fa:	0004      	movs	r4, r0
100006fc:	f001 fad6 	bl	10001cac <time_us_64>
10000700:	2900      	cmp	r1, #0
10000702:	db1a      	blt.n	1000073a <gpio_callback+0x42>
10000704:	d01f      	beq.n	10000746 <gpio_callback+0x4e>
10000706:	22fa      	movs	r2, #250	; 0xfa
10000708:	0092      	lsls	r2, r2, #2
1000070a:	2300      	movs	r3, #0
1000070c:	f003 f9fe 	bl	10003b0c <__wrap___aeabi_uldivmod>
10000710:	0002      	movs	r2, r0
10000712:	2300      	movs	r3, #0
10000714:	492b      	ldr	r1, [pc, #172]	; (100007c4 <gpio_callback+0xcc>)
10000716:	6808      	ldr	r0, [r1, #0]
10000718:	6849      	ldr	r1, [r1, #4]
1000071a:	0015      	movs	r5, r2
1000071c:	001e      	movs	r6, r3
1000071e:	1a2d      	subs	r5, r5, r0
10000720:	418e      	sbcs	r6, r1
10000722:	2e00      	cmp	r6, #0
10000724:	d102      	bne.n	1000072c <gpio_callback+0x34>
10000726:	d11e      	bne.n	10000766 <gpio_callback+0x6e>
10000728:	2dc8      	cmp	r5, #200	; 0xc8
1000072a:	d91c      	bls.n	10000766 <gpio_callback+0x6e>
1000072c:	4925      	ldr	r1, [pc, #148]	; (100007c4 <gpio_callback+0xcc>)
1000072e:	600a      	str	r2, [r1, #0]
10000730:	604b      	str	r3, [r1, #4]
10000732:	2c10      	cmp	r4, #16
10000734:	d00c      	beq.n	10000750 <gpio_callback+0x58>
10000736:	2500      	movs	r5, #0
10000738:	e037      	b.n	100007aa <gpio_callback+0xb2>
1000073a:	4b23      	ldr	r3, [pc, #140]	; (100007c8 <gpio_callback+0xd0>)
1000073c:	4a23      	ldr	r2, [pc, #140]	; (100007cc <gpio_callback+0xd4>)
1000073e:	213f      	movs	r1, #63	; 0x3f
10000740:	4823      	ldr	r0, [pc, #140]	; (100007d0 <gpio_callback+0xd8>)
10000742:	f001 fff7 	bl	10002734 <__assert_func>
10000746:	21fa      	movs	r1, #250	; 0xfa
10000748:	0089      	lsls	r1, r1, #2
1000074a:	f003 f9a1 	bl	10003a90 <__wrap___aeabi_uidiv>
1000074e:	e7df      	b.n	10000710 <gpio_callback+0x18>
10000750:	4b20      	ldr	r3, [pc, #128]	; (100007d4 <gpio_callback+0xdc>)
10000752:	7819      	ldrb	r1, [r3, #0]
10000754:	3101      	adds	r1, #1
10000756:	2203      	movs	r2, #3
10000758:	400a      	ands	r2, r1
1000075a:	701a      	strb	r2, [r3, #0]
1000075c:	7819      	ldrb	r1, [r3, #0]
1000075e:	b2c9      	uxtb	r1, r1
10000760:	481d      	ldr	r0, [pc, #116]	; (100007d8 <gpio_callback+0xe0>)
10000762:	f004 fd65 	bl	10005230 <__wrap_printf>
10000766:	bd70      	pop	{r4, r5, r6, pc}
10000768:	3401      	adds	r4, #1
1000076a:	2c03      	cmp	r4, #3
1000076c:	dc14      	bgt.n	10000798 <gpio_callback+0xa0>
1000076e:	00a3      	lsls	r3, r4, #2
10000770:	4a1a      	ldr	r2, [pc, #104]	; (100007dc <gpio_callback+0xe4>)
10000772:	589a      	ldr	r2, [r3, r2]
10000774:	23d0      	movs	r3, #208	; 0xd0
10000776:	061b      	lsls	r3, r3, #24
10000778:	685b      	ldr	r3, [r3, #4]
1000077a:	40d3      	lsrs	r3, r2
1000077c:	07db      	lsls	r3, r3, #31
1000077e:	d4f3      	bmi.n	10000768 <gpio_callback+0x70>
10000780:	00aa      	lsls	r2, r5, #2
10000782:	4b17      	ldr	r3, [pc, #92]	; (100007e0 <gpio_callback+0xe8>)
10000784:	189b      	adds	r3, r3, r2
10000786:	5d1e      	ldrb	r6, [r3, r4]
10000788:	0031      	movs	r1, r6
1000078a:	4816      	ldr	r0, [pc, #88]	; (100007e4 <gpio_callback+0xec>)
1000078c:	f004 fd50 	bl	10005230 <__wrap_printf>
10000790:	0030      	movs	r0, r6
10000792:	f7ff ff45 	bl	10000620 <handle_input>
10000796:	e7e7      	b.n	10000768 <gpio_callback+0x70>
10000798:	00aa      	lsls	r2, r5, #2
1000079a:	4b13      	ldr	r3, [pc, #76]	; (100007e8 <gpio_callback+0xf0>)
1000079c:	58d2      	ldr	r2, [r2, r3]
1000079e:	2301      	movs	r3, #1
100007a0:	4093      	lsls	r3, r2
100007a2:	22d0      	movs	r2, #208	; 0xd0
100007a4:	0612      	lsls	r2, r2, #24
100007a6:	6153      	str	r3, [r2, #20]
100007a8:	3501      	adds	r5, #1
100007aa:	2d03      	cmp	r5, #3
100007ac:	dcdb      	bgt.n	10000766 <gpio_callback+0x6e>
100007ae:	00ab      	lsls	r3, r5, #2
100007b0:	4a0d      	ldr	r2, [pc, #52]	; (100007e8 <gpio_callback+0xf0>)
100007b2:	589a      	ldr	r2, [r3, r2]
100007b4:	2301      	movs	r3, #1
100007b6:	4093      	lsls	r3, r2
100007b8:	22d0      	movs	r2, #208	; 0xd0
100007ba:	0612      	lsls	r2, r2, #24
100007bc:	6193      	str	r3, [r2, #24]
100007be:	2400      	movs	r4, #0
100007c0:	e7d3      	b.n	1000076a <gpio_callback+0x72>
100007c2:	46c0      	nop			; (mov r8, r8)
100007c4:	20001798 	.word	0x20001798
100007c8:	1000a708 	.word	0x1000a708
100007cc:	1000a7b4 	.word	0x1000a7b4
100007d0:	1000a724 	.word	0x1000a724
100007d4:	20002485 	.word	0x20002485
100007d8:	1000a788 	.word	0x1000a788
100007dc:	20000bb4 	.word	0x20000bb4
100007e0:	20000bcc 	.word	0x20000bcc
100007e4:	1000a7a0 	.word	0x1000a7a0
100007e8:	20000bdc 	.word	0x20000bdc

100007ec <gpio_set_function>:
100007ec:	b510      	push	{r4, lr}
100007ee:	0083      	lsls	r3, r0, #2
100007f0:	4a08      	ldr	r2, [pc, #32]	; (10000814 <gpio_set_function+0x28>)
100007f2:	4694      	mov	ip, r2
100007f4:	4463      	add	r3, ip
100007f6:	681c      	ldr	r4, [r3, #0]
100007f8:	2240      	movs	r2, #64	; 0x40
100007fa:	4062      	eors	r2, r4
100007fc:	24c0      	movs	r4, #192	; 0xc0
100007fe:	4014      	ands	r4, r2
10000800:	2280      	movs	r2, #128	; 0x80
10000802:	0152      	lsls	r2, r2, #5
10000804:	4313      	orrs	r3, r2
10000806:	601c      	str	r4, [r3, #0]
10000808:	00c0      	lsls	r0, r0, #3
1000080a:	4b03      	ldr	r3, [pc, #12]	; (10000818 <gpio_set_function+0x2c>)
1000080c:	469c      	mov	ip, r3
1000080e:	4460      	add	r0, ip
10000810:	6041      	str	r1, [r0, #4]
10000812:	bd10      	pop	{r4, pc}
10000814:	4001c004 	.word	0x4001c004
10000818:	40014000 	.word	0x40014000

1000081c <gpio_set_pulls>:
1000081c:	0080      	lsls	r0, r0, #2
1000081e:	4b0b      	ldr	r3, [pc, #44]	; (1000084c <gpio_set_pulls+0x30>)
10000820:	469c      	mov	ip, r3
10000822:	4460      	add	r0, ip
10000824:	2900      	cmp	r1, #0
10000826:	d00d      	beq.n	10000844 <gpio_set_pulls+0x28>
10000828:	2308      	movs	r3, #8
1000082a:	2a00      	cmp	r2, #0
1000082c:	d00c      	beq.n	10000848 <gpio_set_pulls+0x2c>
1000082e:	2204      	movs	r2, #4
10000830:	4313      	orrs	r3, r2
10000832:	6802      	ldr	r2, [r0, #0]
10000834:	4053      	eors	r3, r2
10000836:	220c      	movs	r2, #12
10000838:	4013      	ands	r3, r2
1000083a:	2280      	movs	r2, #128	; 0x80
1000083c:	0152      	lsls	r2, r2, #5
1000083e:	4310      	orrs	r0, r2
10000840:	6003      	str	r3, [r0, #0]
10000842:	4770      	bx	lr
10000844:	2300      	movs	r3, #0
10000846:	e7f0      	b.n	1000082a <gpio_set_pulls+0xe>
10000848:	2200      	movs	r2, #0
1000084a:	e7f1      	b.n	10000830 <gpio_set_pulls+0x14>
1000084c:	4001c004 	.word	0x4001c004

10000850 <gpio_set_irq_callback>:
10000850:	b570      	push	{r4, r5, r6, lr}
10000852:	0004      	movs	r4, r0
10000854:	23d0      	movs	r3, #208	; 0xd0
10000856:	061b      	lsls	r3, r3, #24
10000858:	681d      	ldr	r5, [r3, #0]
1000085a:	00aa      	lsls	r2, r5, #2
1000085c:	4b0c      	ldr	r3, [pc, #48]	; (10000890 <gpio_set_irq_callback+0x40>)
1000085e:	58d3      	ldr	r3, [r2, r3]
10000860:	2b00      	cmp	r3, #0
10000862:	d00a      	beq.n	1000087a <gpio_set_irq_callback+0x2a>
10000864:	2800      	cmp	r0, #0
10000866:	d003      	beq.n	10000870 <gpio_set_irq_callback+0x20>
10000868:	00ad      	lsls	r5, r5, #2
1000086a:	4b09      	ldr	r3, [pc, #36]	; (10000890 <gpio_set_irq_callback+0x40>)
1000086c:	50ec      	str	r4, [r5, r3]
1000086e:	bd70      	pop	{r4, r5, r6, pc}
10000870:	4908      	ldr	r1, [pc, #32]	; (10000894 <gpio_set_irq_callback+0x44>)
10000872:	200d      	movs	r0, #13
10000874:	f000 fb20 	bl	10000eb8 <irq_remove_handler>
10000878:	e7f6      	b.n	10000868 <gpio_set_irq_callback+0x18>
1000087a:	2800      	cmp	r0, #0
1000087c:	d0f7      	beq.n	1000086e <gpio_set_irq_callback+0x1e>
1000087e:	00ad      	lsls	r5, r5, #2
10000880:	4b03      	ldr	r3, [pc, #12]	; (10000890 <gpio_set_irq_callback+0x40>)
10000882:	50e8      	str	r0, [r5, r3]
10000884:	2200      	movs	r2, #0
10000886:	4903      	ldr	r1, [pc, #12]	; (10000894 <gpio_set_irq_callback+0x44>)
10000888:	200d      	movs	r0, #13
1000088a:	f000 f9fb 	bl	10000c84 <irq_add_shared_handler>
1000088e:	e7ee      	b.n	1000086e <gpio_set_irq_callback+0x1e>
10000890:	20001d50 	.word	0x20001d50
10000894:	10000925 	.word	0x10000925

10000898 <gpio_acknowledge_irq>:
10000898:	2307      	movs	r3, #7
1000089a:	4003      	ands	r3, r0
1000089c:	009b      	lsls	r3, r3, #2
1000089e:	08c0      	lsrs	r0, r0, #3
100008a0:	4099      	lsls	r1, r3
100008a2:	303c      	adds	r0, #60	; 0x3c
100008a4:	0080      	lsls	r0, r0, #2
100008a6:	4b01      	ldr	r3, [pc, #4]	; (100008ac <gpio_acknowledge_irq+0x14>)
100008a8:	50c1      	str	r1, [r0, r3]
100008aa:	4770      	bx	lr
100008ac:	40014000 	.word	0x40014000

100008b0 <_gpio_set_irq_enabled>:
100008b0:	b5f8      	push	{r3, r4, r5, r6, r7, lr}
100008b2:	0007      	movs	r7, r0
100008b4:	000c      	movs	r4, r1
100008b6:	0016      	movs	r6, r2
100008b8:	001d      	movs	r5, r3
100008ba:	f7ff ffed 	bl	10000898 <gpio_acknowledge_irq>
100008be:	08fb      	lsrs	r3, r7, #3
100008c0:	009b      	lsls	r3, r3, #2
100008c2:	18ed      	adds	r5, r5, r3
100008c4:	2007      	movs	r0, #7
100008c6:	4038      	ands	r0, r7
100008c8:	0080      	lsls	r0, r0, #2
100008ca:	4084      	lsls	r4, r0
100008cc:	2e00      	cmp	r6, #0
100008ce:	d004      	beq.n	100008da <_gpio_set_irq_enabled+0x2a>
100008d0:	2380      	movs	r3, #128	; 0x80
100008d2:	019b      	lsls	r3, r3, #6
100008d4:	431d      	orrs	r5, r3
100008d6:	602c      	str	r4, [r5, #0]
100008d8:	bdf8      	pop	{r3, r4, r5, r6, r7, pc}
100008da:	23c0      	movs	r3, #192	; 0xc0
100008dc:	019b      	lsls	r3, r3, #6
100008de:	431d      	orrs	r5, r3
100008e0:	602c      	str	r4, [r5, #0]
100008e2:	e7f9      	b.n	100008d8 <_gpio_set_irq_enabled+0x28>

100008e4 <gpio_set_irq_enabled>:
100008e4:	b510      	push	{r4, lr}
100008e6:	23d0      	movs	r3, #208	; 0xd0
100008e8:	061b      	lsls	r3, r3, #24
100008ea:	681b      	ldr	r3, [r3, #0]
100008ec:	2b00      	cmp	r3, #0
100008ee:	d003      	beq.n	100008f8 <gpio_set_irq_enabled+0x14>
100008f0:	4b02      	ldr	r3, [pc, #8]	; (100008fc <gpio_set_irq_enabled+0x18>)
100008f2:	f7ff ffdd 	bl	100008b0 <_gpio_set_irq_enabled>
100008f6:	bd10      	pop	{r4, pc}
100008f8:	4b01      	ldr	r3, [pc, #4]	; (10000900 <gpio_set_irq_enabled+0x1c>)
100008fa:	e7fa      	b.n	100008f2 <gpio_set_irq_enabled+0xe>
100008fc:	40014130 	.word	0x40014130
10000900:	40014100 	.word	0x40014100

10000904 <gpio_set_irq_enabled_with_callback>:
10000904:	b570      	push	{r4, r5, r6, lr}
10000906:	0014      	movs	r4, r2
10000908:	001d      	movs	r5, r3
1000090a:	f7ff ffeb 	bl	100008e4 <gpio_set_irq_enabled>
1000090e:	0028      	movs	r0, r5
10000910:	f7ff ff9e 	bl	10000850 <gpio_set_irq_callback>
10000914:	2c00      	cmp	r4, #0
10000916:	d100      	bne.n	1000091a <gpio_set_irq_enabled_with_callback+0x16>
10000918:	bd70      	pop	{r4, r5, r6, pc}
1000091a:	2101      	movs	r1, #1
1000091c:	200d      	movs	r0, #13
1000091e:	f000 f95d 	bl	10000bdc <irq_set_enabled>
10000922:	e7f9      	b.n	10000918 <gpio_set_irq_enabled_with_callback+0x14>

10000924 <gpio_default_irq_handler>:
10000924:	b5f0      	push	{r4, r5, r6, r7, lr}
10000926:	46d6      	mov	lr, sl
10000928:	464f      	mov	r7, r9
1000092a:	4646      	mov	r6, r8
1000092c:	b5c0      	push	{r6, r7, lr}
1000092e:	23d0      	movs	r3, #208	; 0xd0
10000930:	061b      	lsls	r3, r3, #24
10000932:	681f      	ldr	r7, [r3, #0]
10000934:	00ba      	lsls	r2, r7, #2
10000936:	4b1d      	ldr	r3, [pc, #116]	; (100009ac <gpio_default_irq_handler+0x88>)
10000938:	58d3      	ldr	r3, [r2, r3]
1000093a:	4698      	mov	r8, r3
1000093c:	2f00      	cmp	r7, #0
1000093e:	d003      	beq.n	10000948 <gpio_default_irq_handler+0x24>
10000940:	4b1b      	ldr	r3, [pc, #108]	; (100009b0 <gpio_default_irq_handler+0x8c>)
10000942:	4699      	mov	r9, r3
10000944:	2600      	movs	r6, #0
10000946:	e023      	b.n	10000990 <gpio_default_irq_handler+0x6c>
10000948:	4b1a      	ldr	r3, [pc, #104]	; (100009b4 <gpio_default_irq_handler+0x90>)
1000094a:	4699      	mov	r9, r3
1000094c:	e7fa      	b.n	10000944 <gpio_default_irq_handler+0x20>
1000094e:	0924      	lsrs	r4, r4, #4
10000950:	3501      	adds	r5, #1
10000952:	2c00      	cmp	r4, #0
10000954:	d01b      	beq.n	1000098e <gpio_default_irq_handler+0x6a>
10000956:	0033      	movs	r3, r6
10000958:	3308      	adds	r3, #8
1000095a:	42ab      	cmp	r3, r5
1000095c:	d917      	bls.n	1000098e <gpio_default_irq_handler+0x6a>
1000095e:	230f      	movs	r3, #15
10000960:	001a      	movs	r2, r3
10000962:	4022      	ands	r2, r4
10000964:	4692      	mov	sl, r2
10000966:	4223      	tst	r3, r4
10000968:	d0f1      	beq.n	1000094e <gpio_default_irq_handler+0x2a>
1000096a:	00bb      	lsls	r3, r7, #2
1000096c:	4a12      	ldr	r2, [pc, #72]	; (100009b8 <gpio_default_irq_handler+0x94>)
1000096e:	589a      	ldr	r2, [r3, r2]
10000970:	2301      	movs	r3, #1
10000972:	40ab      	lsls	r3, r5
10000974:	4213      	tst	r3, r2
10000976:	d1ea      	bne.n	1000094e <gpio_default_irq_handler+0x2a>
10000978:	4651      	mov	r1, sl
1000097a:	0028      	movs	r0, r5
1000097c:	f7ff ff8c 	bl	10000898 <gpio_acknowledge_irq>
10000980:	4643      	mov	r3, r8
10000982:	2b00      	cmp	r3, #0
10000984:	d0e3      	beq.n	1000094e <gpio_default_irq_handler+0x2a>
10000986:	4651      	mov	r1, sl
10000988:	0028      	movs	r0, r5
1000098a:	47c0      	blx	r8
1000098c:	e7df      	b.n	1000094e <gpio_default_irq_handler+0x2a>
1000098e:	3608      	adds	r6, #8
10000990:	2e1d      	cmp	r6, #29
10000992:	d806      	bhi.n	100009a2 <gpio_default_irq_handler+0x7e>
10000994:	08f3      	lsrs	r3, r6, #3
10000996:	3308      	adds	r3, #8
10000998:	009b      	lsls	r3, r3, #2
1000099a:	464a      	mov	r2, r9
1000099c:	589c      	ldr	r4, [r3, r2]
1000099e:	0035      	movs	r5, r6
100009a0:	e7d7      	b.n	10000952 <gpio_default_irq_handler+0x2e>
100009a2:	bce0      	pop	{r5, r6, r7}
100009a4:	46ba      	mov	sl, r7
100009a6:	46b1      	mov	r9, r6
100009a8:	46a8      	mov	r8, r5
100009aa:	bdf0      	pop	{r4, r5, r6, r7, pc}
100009ac:	20001d50 	.word	0x20001d50
100009b0:	40014130 	.word	0x40014130
100009b4:	40014100 	.word	0x40014100
100009b8:	20002240 	.word	0x20002240

100009bc <gpio_init>:
100009bc:	b510      	push	{r4, lr}
100009be:	2301      	movs	r3, #1
100009c0:	4083      	lsls	r3, r0
100009c2:	22d0      	movs	r2, #208	; 0xd0
100009c4:	0612      	lsls	r2, r2, #24
100009c6:	6293      	str	r3, [r2, #40]	; 0x28
100009c8:	6193      	str	r3, [r2, #24]
100009ca:	2105      	movs	r1, #5
100009cc:	f7ff ff0e 	bl	100007ec <gpio_set_function>
100009d0:	bd10      	pop	{r4, pc}
	...

100009d4 <running_on_fpga>:
100009d4:	4b03      	ldr	r3, [pc, #12]	; (100009e4 <running_on_fpga+0x10>)
100009d6:	681b      	ldr	r3, [r3, #0]
100009d8:	2002      	movs	r0, #2
100009da:	4018      	ands	r0, r3
100009dc:	1e43      	subs	r3, r0, #1
100009de:	4198      	sbcs	r0, r3
100009e0:	b2c0      	uxtb	r0, r0
100009e2:	4770      	bx	lr
100009e4:	4006c000 	.word	0x4006c000

100009e8 <hw_claim_lock>:
100009e8:	f3ef 8010 	mrs	r0, PRIMASK
100009ec:	b672      	cpsid	i
100009ee:	4b03      	ldr	r3, [pc, #12]	; (100009fc <hw_claim_lock+0x14>)
100009f0:	681b      	ldr	r3, [r3, #0]
100009f2:	2b00      	cmp	r3, #0
100009f4:	d0fb      	beq.n	100009ee <hw_claim_lock+0x6>
100009f6:	f3bf 8f5f 	dmb	sy
100009fa:	4770      	bx	lr
100009fc:	d000012c 	.word	0xd000012c

10000a00 <hw_claim_unlock>:
10000a00:	f3bf 8f5f 	dmb	sy
10000a04:	4b02      	ldr	r3, [pc, #8]	; (10000a10 <hw_claim_unlock+0x10>)
10000a06:	2200      	movs	r2, #0
10000a08:	601a      	str	r2, [r3, #0]
10000a0a:	f380 8810 	msr	PRIMASK, r0
10000a0e:	4770      	bx	lr
10000a10:	d000012c 	.word	0xd000012c

10000a14 <hw_claim_or_assert>:
10000a14:	b5f8      	push	{r3, r4, r5, r6, r7, lr}
10000a16:	0006      	movs	r6, r0
10000a18:	000c      	movs	r4, r1
10000a1a:	0015      	movs	r5, r2
10000a1c:	f7ff ffe4 	bl	100009e8 <hw_claim_lock>
10000a20:	08e3      	lsrs	r3, r4, #3
10000a22:	18f7      	adds	r7, r6, r3
10000a24:	5cf1      	ldrb	r1, [r6, r3]
10000a26:	2207      	movs	r2, #7
10000a28:	4022      	ands	r2, r4
10000a2a:	2301      	movs	r3, #1
10000a2c:	4093      	lsls	r3, r2
10000a2e:	420b      	tst	r3, r1
10000a30:	d105      	bne.n	10000a3e <hw_claim_or_assert+0x2a>
10000a32:	b2db      	uxtb	r3, r3
10000a34:	430b      	orrs	r3, r1
10000a36:	703b      	strb	r3, [r7, #0]
10000a38:	f7ff ffe2 	bl	10000a00 <hw_claim_unlock>
10000a3c:	bdf8      	pop	{r3, r4, r5, r6, r7, pc}
10000a3e:	0021      	movs	r1, r4
10000a40:	0028      	movs	r0, r5
10000a42:	f001 ff11 	bl	10002868 <panic>

10000a46 <hw_claim_unused_from_range>:
10000a46:	b5f0      	push	{r4, r5, r6, r7, lr}
10000a48:	b083      	sub	sp, #12
10000a4a:	0006      	movs	r6, r0
10000a4c:	9101      	str	r1, [sp, #4]
10000a4e:	0014      	movs	r4, r2
10000a50:	001f      	movs	r7, r3
10000a52:	f7ff ffc9 	bl	100009e8 <hw_claim_lock>
10000a56:	e000      	b.n	10000a5a <hw_claim_unused_from_range+0x14>
10000a58:	3401      	adds	r4, #1
10000a5a:	42bc      	cmp	r4, r7
10000a5c:	d80c      	bhi.n	10000a78 <hw_claim_unused_from_range+0x32>
10000a5e:	08e3      	lsrs	r3, r4, #3
10000a60:	18f5      	adds	r5, r6, r3
10000a62:	5cf3      	ldrb	r3, [r6, r3]
10000a64:	2107      	movs	r1, #7
10000a66:	4021      	ands	r1, r4
10000a68:	2201      	movs	r2, #1
10000a6a:	408a      	lsls	r2, r1
10000a6c:	421a      	tst	r2, r3
10000a6e:	d1f3      	bne.n	10000a58 <hw_claim_unused_from_range+0x12>
10000a70:	b2d2      	uxtb	r2, r2
10000a72:	431a      	orrs	r2, r3
10000a74:	702a      	strb	r2, [r5, #0]
10000a76:	e001      	b.n	10000a7c <hw_claim_unused_from_range+0x36>
10000a78:	2401      	movs	r4, #1
10000a7a:	4264      	negs	r4, r4
10000a7c:	f7ff ffc0 	bl	10000a00 <hw_claim_unlock>
10000a80:	2c00      	cmp	r4, #0
10000a82:	db02      	blt.n	10000a8a <hw_claim_unused_from_range+0x44>
10000a84:	0020      	movs	r0, r4
10000a86:	b003      	add	sp, #12
10000a88:	bdf0      	pop	{r4, r5, r6, r7, pc}
10000a8a:	9b01      	ldr	r3, [sp, #4]
10000a8c:	2b00      	cmp	r3, #0
10000a8e:	d0f9      	beq.n	10000a84 <hw_claim_unused_from_range+0x3e>
10000a90:	9808      	ldr	r0, [sp, #32]
10000a92:	f001 fee9 	bl	10002868 <panic>
	...

10000a98 <spin_locks_reset>:
10000a98:	2300      	movs	r3, #0
10000a9a:	e007      	b.n	10000aac <spin_locks_reset+0x14>
10000a9c:	4a05      	ldr	r2, [pc, #20]	; (10000ab4 <spin_locks_reset+0x1c>)
10000a9e:	189a      	adds	r2, r3, r2
10000aa0:	0092      	lsls	r2, r2, #2
10000aa2:	f3bf 8f5f 	dmb	sy
10000aa6:	2100      	movs	r1, #0
10000aa8:	6011      	str	r1, [r2, #0]
10000aaa:	3301      	adds	r3, #1
10000aac:	2b1f      	cmp	r3, #31
10000aae:	d9f5      	bls.n	10000a9c <spin_locks_reset+0x4>
10000ab0:	4770      	bx	lr
10000ab2:	46c0      	nop			; (mov r8, r8)
10000ab4:	34000040 	.word	0x34000040

10000ab8 <next_striped_spin_lock_num>:
10000ab8:	4a05      	ldr	r2, [pc, #20]	; (10000ad0 <next_striped_spin_lock_num+0x18>)
10000aba:	7810      	ldrb	r0, [r2, #0]
10000abc:	1c43      	adds	r3, r0, #1
10000abe:	b2db      	uxtb	r3, r3
10000ac0:	7013      	strb	r3, [r2, #0]
10000ac2:	2b17      	cmp	r3, #23
10000ac4:	d902      	bls.n	10000acc <next_striped_spin_lock_num+0x14>
10000ac6:	0013      	movs	r3, r2
10000ac8:	2210      	movs	r2, #16
10000aca:	701a      	strb	r2, [r3, #0]
10000acc:	4770      	bx	lr
10000ace:	46c0      	nop			; (mov r8, r8)
10000ad0:	20000bec 	.word	0x20000bec

10000ad4 <spin_lock_claim_unused>:
10000ad4:	b500      	push	{lr}
10000ad6:	b083      	sub	sp, #12
10000ad8:	0001      	movs	r1, r0
10000ada:	4b04      	ldr	r3, [pc, #16]	; (10000aec <spin_lock_claim_unused+0x18>)
10000adc:	9300      	str	r3, [sp, #0]
10000ade:	231f      	movs	r3, #31
10000ae0:	2218      	movs	r2, #24
10000ae2:	4803      	ldr	r0, [pc, #12]	; (10000af0 <spin_lock_claim_unused+0x1c>)
10000ae4:	f7ff ffaf 	bl	10000a46 <hw_claim_unused_from_range>
10000ae8:	b003      	add	sp, #12
10000aea:	bd00      	pop	{pc}
10000aec:	1000a7cc 	.word	0x1000a7cc
10000af0:	20001d60 	.word	0x20001d60

10000af4 <set_raw_irq_handler_and_unlock>:
10000af4:	4b07      	ldr	r3, [pc, #28]	; (10000b14 <set_raw_irq_handler_and_unlock+0x20>)
10000af6:	689b      	ldr	r3, [r3, #8]
10000af8:	3010      	adds	r0, #16
10000afa:	0080      	lsls	r0, r0, #2
10000afc:	5019      	str	r1, [r3, r0]
10000afe:	f3bf 8f5f 	dmb	sy
10000b02:	f3bf 8f5f 	dmb	sy
10000b06:	4b04      	ldr	r3, [pc, #16]	; (10000b18 <set_raw_irq_handler_and_unlock+0x24>)
10000b08:	2100      	movs	r1, #0
10000b0a:	6019      	str	r1, [r3, #0]
10000b0c:	f382 8810 	msr	PRIMASK, r2
10000b10:	4770      	bx	lr
10000b12:	46c0      	nop			; (mov r8, r8)
10000b14:	e000ed00 	.word	0xe000ed00
10000b18:	d0000124 	.word	0xd0000124

10000b1c <make_branch>:
10000b1c:	b510      	push	{r4, lr}
10000b1e:	1a09      	subs	r1, r1, r0
10000b20:	1f08      	subs	r0, r1, #4
10000b22:	4b0a      	ldr	r3, [pc, #40]	; (10000b4c <make_branch+0x30>)
10000b24:	469c      	mov	ip, r3
10000b26:	4461      	add	r1, ip
10000b28:	4a09      	ldr	r2, [pc, #36]	; (10000b50 <make_branch+0x34>)
10000b2a:	4291      	cmp	r1, r2
10000b2c:	d808      	bhi.n	10000b40 <make_branch+0x24>
10000b2e:	07c3      	lsls	r3, r0, #31
10000b30:	d406      	bmi.n	10000b40 <make_branch+0x24>
10000b32:	1040      	asrs	r0, r0, #1
10000b34:	0540      	lsls	r0, r0, #21
10000b36:	0d40      	lsrs	r0, r0, #21
10000b38:	4b06      	ldr	r3, [pc, #24]	; (10000b54 <make_branch+0x38>)
10000b3a:	4318      	orrs	r0, r3
10000b3c:	b280      	uxth	r0, r0
10000b3e:	bd10      	pop	{r4, pc}
10000b40:	4b05      	ldr	r3, [pc, #20]	; (10000b58 <make_branch+0x3c>)
10000b42:	4a06      	ldr	r2, [pc, #24]	; (10000b5c <make_branch+0x40>)
10000b44:	21a3      	movs	r1, #163	; 0xa3
10000b46:	4806      	ldr	r0, [pc, #24]	; (10000b60 <make_branch+0x44>)
10000b48:	f001 fdf4 	bl	10002734 <__assert_func>
10000b4c:	000007fc 	.word	0x000007fc
10000b50:	00000ffe 	.word	0x00000ffe
10000b54:	ffffe000 	.word	0xffffe000
10000b58:	1000a7e8 	.word	0x1000a7e8
10000b5c:	1000aa74 	.word	0x1000aa74
10000b60:	1000a818 	.word	0x1000a818

10000b64 <insert_branch_and_link>:
10000b64:	b510      	push	{r4, lr}
10000b66:	1a09      	subs	r1, r1, r0
10000b68:	3904      	subs	r1, #4
10000b6a:	084c      	lsrs	r4, r1, #1
10000b6c:	0b09      	lsrs	r1, r1, #12
10000b6e:	d108      	bne.n	10000b82 <insert_branch_and_link+0x1e>
10000b70:	0549      	lsls	r1, r1, #21
10000b72:	0d49      	lsrs	r1, r1, #21
10000b74:	4a06      	ldr	r2, [pc, #24]	; (10000b90 <insert_branch_and_link+0x2c>)
10000b76:	4311      	orrs	r1, r2
10000b78:	8001      	strh	r1, [r0, #0]
10000b7a:	4b06      	ldr	r3, [pc, #24]	; (10000b94 <insert_branch_and_link+0x30>)
10000b7c:	4323      	orrs	r3, r4
10000b7e:	8043      	strh	r3, [r0, #2]
10000b80:	bd10      	pop	{r4, pc}
10000b82:	4b05      	ldr	r3, [pc, #20]	; (10000b98 <insert_branch_and_link+0x34>)
10000b84:	4a05      	ldr	r2, [pc, #20]	; (10000b9c <insert_branch_and_link+0x38>)
10000b86:	21ab      	movs	r1, #171	; 0xab
10000b88:	4805      	ldr	r0, [pc, #20]	; (10000ba0 <insert_branch_and_link+0x3c>)
10000b8a:	f001 fdd3 	bl	10002734 <__assert_func>
10000b8e:	46c0      	nop			; (mov r8, r8)
10000b90:	fffff000 	.word	0xfffff000
10000b94:	fffff800 	.word	0xfffff800
10000b98:	1000a874 	.word	0x1000a874
10000b9c:	1000aa48 	.word	0x1000aa48
10000ba0:	1000a818 	.word	0x1000a818

10000ba4 <irq_is_enabled>:
10000ba4:	2301      	movs	r3, #1
10000ba6:	4083      	lsls	r3, r0
10000ba8:	4a03      	ldr	r2, [pc, #12]	; (10000bb8 <irq_is_enabled+0x14>)
10000baa:	6810      	ldr	r0, [r2, #0]
10000bac:	4018      	ands	r0, r3
10000bae:	1e43      	subs	r3, r0, #1
10000bb0:	4198      	sbcs	r0, r3
10000bb2:	b2c0      	uxtb	r0, r0
10000bb4:	4770      	bx	lr
10000bb6:	46c0      	nop			; (mov r8, r8)
10000bb8:	e000e100 	.word	0xe000e100

10000bbc <irq_set_mask_enabled>:
10000bbc:	2900      	cmp	r1, #0
10000bbe:	d004      	beq.n	10000bca <irq_set_mask_enabled+0xe>
10000bc0:	4b03      	ldr	r3, [pc, #12]	; (10000bd0 <irq_set_mask_enabled+0x14>)
10000bc2:	6018      	str	r0, [r3, #0]
10000bc4:	4b03      	ldr	r3, [pc, #12]	; (10000bd4 <irq_set_mask_enabled+0x18>)
10000bc6:	6018      	str	r0, [r3, #0]
10000bc8:	4770      	bx	lr
10000bca:	4b03      	ldr	r3, [pc, #12]	; (10000bd8 <irq_set_mask_enabled+0x1c>)
10000bcc:	6018      	str	r0, [r3, #0]
10000bce:	e7fb      	b.n	10000bc8 <irq_set_mask_enabled+0xc>
10000bd0:	e000e280 	.word	0xe000e280
10000bd4:	e000e100 	.word	0xe000e100
10000bd8:	e000e180 	.word	0xe000e180

10000bdc <irq_set_enabled>:
10000bdc:	b510      	push	{r4, lr}
10000bde:	2301      	movs	r3, #1
10000be0:	4083      	lsls	r3, r0
10000be2:	0018      	movs	r0, r3
10000be4:	f7ff ffea 	bl	10000bbc <irq_set_mask_enabled>
10000be8:	bd10      	pop	{r4, pc}
	...

10000bec <irq_set_pending>:
10000bec:	2301      	movs	r3, #1
10000bee:	4083      	lsls	r3, r0
10000bf0:	4a01      	ldr	r2, [pc, #4]	; (10000bf8 <irq_set_pending+0xc>)
10000bf2:	6013      	str	r3, [r2, #0]
10000bf4:	4770      	bx	lr
10000bf6:	46c0      	nop			; (mov r8, r8)
10000bf8:	e000e200 	.word	0xe000e200

10000bfc <irq_get_vtable_handler>:
10000bfc:	4b02      	ldr	r3, [pc, #8]	; (10000c08 <irq_get_vtable_handler+0xc>)
10000bfe:	689b      	ldr	r3, [r3, #8]
10000c00:	3010      	adds	r0, #16
10000c02:	0080      	lsls	r0, r0, #2
10000c04:	58c0      	ldr	r0, [r0, r3]
10000c06:	4770      	bx	lr
10000c08:	e000ed00 	.word	0xe000ed00

10000c0c <irq_has_shared_handler>:
10000c0c:	b510      	push	{r4, lr}
10000c0e:	f7ff fff5 	bl	10000bfc <irq_get_vtable_handler>
10000c12:	2800      	cmp	r0, #0
10000c14:	d005      	beq.n	10000c22 <irq_has_shared_handler+0x16>
10000c16:	4b05      	ldr	r3, [pc, #20]	; (10000c2c <irq_has_shared_handler+0x20>)
10000c18:	1ac0      	subs	r0, r0, r3
10000c1a:	282f      	cmp	r0, #47	; 0x2f
10000c1c:	d803      	bhi.n	10000c26 <irq_has_shared_handler+0x1a>
10000c1e:	2001      	movs	r0, #1
10000c20:	bd10      	pop	{r4, pc}
10000c22:	2000      	movs	r0, #0
10000c24:	e7fc      	b.n	10000c20 <irq_has_shared_handler+0x14>
10000c26:	2000      	movs	r0, #0
10000c28:	e7fa      	b.n	10000c20 <irq_has_shared_handler+0x14>
10000c2a:	46c0      	nop			; (mov r8, r8)
10000c2c:	20000bf0 	.word	0x20000bf0

10000c30 <irq_set_exclusive_handler>:
10000c30:	b570      	push	{r4, r5, r6, lr}
10000c32:	0004      	movs	r4, r0
10000c34:	000d      	movs	r5, r1
10000c36:	f3ef 8610 	mrs	r6, PRIMASK
10000c3a:	b672      	cpsid	i
10000c3c:	4b0c      	ldr	r3, [pc, #48]	; (10000c70 <irq_set_exclusive_handler+0x40>)
10000c3e:	681b      	ldr	r3, [r3, #0]
10000c40:	2b00      	cmp	r3, #0
10000c42:	d0fb      	beq.n	10000c3c <irq_set_exclusive_handler+0xc>
10000c44:	f3bf 8f5f 	dmb	sy
10000c48:	0020      	movs	r0, r4
10000c4a:	f7ff ffd7 	bl	10000bfc <irq_get_vtable_handler>
10000c4e:	4b09      	ldr	r3, [pc, #36]	; (10000c74 <irq_set_exclusive_handler+0x44>)
10000c50:	4298      	cmp	r0, r3
10000c52:	d001      	beq.n	10000c58 <irq_set_exclusive_handler+0x28>
10000c54:	42a8      	cmp	r0, r5
10000c56:	d105      	bne.n	10000c64 <irq_set_exclusive_handler+0x34>
10000c58:	0032      	movs	r2, r6
10000c5a:	0029      	movs	r1, r5
10000c5c:	0020      	movs	r0, r4
10000c5e:	f7ff ff49 	bl	10000af4 <set_raw_irq_handler_and_unlock>
10000c62:	bd70      	pop	{r4, r5, r6, pc}
10000c64:	4b04      	ldr	r3, [pc, #16]	; (10000c78 <irq_set_exclusive_handler+0x48>)
10000c66:	4a05      	ldr	r2, [pc, #20]	; (10000c7c <irq_set_exclusive_handler+0x4c>)
10000c68:	2186      	movs	r1, #134	; 0x86
10000c6a:	4805      	ldr	r0, [pc, #20]	; (10000c80 <irq_set_exclusive_handler+0x50>)
10000c6c:	f001 fd62 	bl	10002734 <__assert_func>
10000c70:	d0000124 	.word	0xd0000124
10000c74:	100001cd 	.word	0x100001cd
10000c78:	1000a884 	.word	0x1000a884
10000c7c:	1000aaa8 	.word	0x1000aaa8
10000c80:	1000a818 	.word	0x1000a818

10000c84 <irq_add_shared_handler>:
10000c84:	b5f0      	push	{r4, r5, r6, r7, lr}
10000c86:	46de      	mov	lr, fp
10000c88:	4657      	mov	r7, sl
10000c8a:	464e      	mov	r6, r9
10000c8c:	4645      	mov	r5, r8
10000c8e:	b5e0      	push	{r5, r6, r7, lr}
10000c90:	b089      	sub	sp, #36	; 0x24
10000c92:	4681      	mov	r9, r0
10000c94:	9101      	str	r1, [sp, #4]
10000c96:	0015      	movs	r5, r2
10000c98:	f3ef 8a10 	mrs	sl, PRIMASK
10000c9c:	b672      	cpsid	i
10000c9e:	4b74      	ldr	r3, [pc, #464]	; (10000e70 <irq_add_shared_handler+0x1ec>)
10000ca0:	681b      	ldr	r3, [r3, #0]
10000ca2:	2b00      	cmp	r3, #0
10000ca4:	d0fb      	beq.n	10000c9e <irq_add_shared_handler+0x1a>
10000ca6:	f3bf 8f5f 	dmb	sy
10000caa:	4b72      	ldr	r3, [pc, #456]	; (10000e74 <irq_add_shared_handler+0x1f0>)
10000cac:	2700      	movs	r7, #0
10000cae:	57df      	ldrsb	r7, [r3, r7]
10000cb0:	2f00      	cmp	r7, #0
10000cb2:	db40      	blt.n	10000d36 <irq_add_shared_handler+0xb2>
10000cb4:	007c      	lsls	r4, r7, #1
10000cb6:	19e4      	adds	r4, r4, r7
10000cb8:	00a4      	lsls	r4, r4, #2
10000cba:	486f      	ldr	r0, [pc, #444]	; (10000e78 <irq_add_shared_handler+0x1f4>)
10000cbc:	1824      	adds	r4, r4, r0
10000cbe:	2206      	movs	r2, #6
10000cc0:	56a2      	ldrsb	r2, [r4, r2]
10000cc2:	4b6c      	ldr	r3, [pc, #432]	; (10000e74 <irq_add_shared_handler+0x1f0>)
10000cc4:	701a      	strb	r2, [r3, #0]
10000cc6:	4b6d      	ldr	r3, [pc, #436]	; (10000e7c <irq_add_shared_handler+0x1f8>)
10000cc8:	689a      	ldr	r2, [r3, #8]
10000cca:	464b      	mov	r3, r9
10000ccc:	3310      	adds	r3, #16
10000cce:	009b      	lsls	r3, r3, #2
10000cd0:	58d3      	ldr	r3, [r2, r3]
10000cd2:	4698      	mov	r8, r3
10000cd4:	001e      	movs	r6, r3
10000cd6:	1a1b      	subs	r3, r3, r0
10000cd8:	2b2f      	cmp	r3, #47	; 0x2f
10000cda:	d938      	bls.n	10000d4e <irq_add_shared_handler+0xca>
10000cdc:	4b68      	ldr	r3, [pc, #416]	; (10000e80 <irq_add_shared_handler+0x1fc>)
10000cde:	4598      	cmp	r8, r3
10000ce0:	d12f      	bne.n	10000d42 <irq_add_shared_handler+0xbe>
10000ce2:	ae05      	add	r6, sp, #20
10000ce4:	4b67      	ldr	r3, [pc, #412]	; (10000e84 <irq_add_shared_handler+0x200>)
10000ce6:	8033      	strh	r3, [r6, #0]
10000ce8:	007b      	lsls	r3, r7, #1
10000cea:	469b      	mov	fp, r3
10000cec:	19d8      	adds	r0, r3, r7
10000cee:	0080      	lsls	r0, r0, #2
10000cf0:	4b61      	ldr	r3, [pc, #388]	; (10000e78 <irq_add_shared_handler+0x1f4>)
10000cf2:	4698      	mov	r8, r3
10000cf4:	4440      	add	r0, r8
10000cf6:	3002      	adds	r0, #2
10000cf8:	4963      	ldr	r1, [pc, #396]	; (10000e88 <irq_add_shared_handler+0x204>)
10000cfa:	f7ff ff0f 	bl	10000b1c <make_branch>
10000cfe:	8070      	strh	r0, [r6, #2]
10000d00:	4b62      	ldr	r3, [pc, #392]	; (10000e8c <irq_add_shared_handler+0x208>)
10000d02:	80b3      	strh	r3, [r6, #4]
10000d04:	23ff      	movs	r3, #255	; 0xff
10000d06:	71b3      	strb	r3, [r6, #6]
10000d08:	71f5      	strb	r5, [r6, #7]
10000d0a:	9b01      	ldr	r3, [sp, #4]
10000d0c:	9307      	str	r3, [sp, #28]
10000d0e:	445f      	add	r7, fp
10000d10:	00bf      	lsls	r7, r7, #2
10000d12:	4447      	add	r7, r8
10000d14:	ce0e      	ldmia	r6!, {r1, r2, r3}
10000d16:	c70e      	stmia	r7!, {r1, r2, r3}
10000d18:	2301      	movs	r3, #1
10000d1a:	431c      	orrs	r4, r3
10000d1c:	46a0      	mov	r8, r4
10000d1e:	4652      	mov	r2, sl
10000d20:	4641      	mov	r1, r8
10000d22:	4648      	mov	r0, r9
10000d24:	f7ff fee6 	bl	10000af4 <set_raw_irq_handler_and_unlock>
10000d28:	b009      	add	sp, #36	; 0x24
10000d2a:	bcf0      	pop	{r4, r5, r6, r7}
10000d2c:	46bb      	mov	fp, r7
10000d2e:	46b2      	mov	sl, r6
10000d30:	46a9      	mov	r9, r5
10000d32:	46a0      	mov	r8, r4
10000d34:	bdf0      	pop	{r4, r5, r6, r7, pc}
10000d36:	4b56      	ldr	r3, [pc, #344]	; (10000e90 <irq_add_shared_handler+0x20c>)
10000d38:	4a56      	ldr	r2, [pc, #344]	; (10000e94 <irq_add_shared_handler+0x210>)
10000d3a:	21d7      	movs	r1, #215	; 0xd7
10000d3c:	4856      	ldr	r0, [pc, #344]	; (10000e98 <irq_add_shared_handler+0x214>)
10000d3e:	f001 fcf9 	bl	10002734 <__assert_func>
10000d42:	4b56      	ldr	r3, [pc, #344]	; (10000e9c <irq_add_shared_handler+0x218>)
10000d44:	4a53      	ldr	r2, [pc, #332]	; (10000e94 <irq_add_shared_handler+0x210>)
10000d46:	21de      	movs	r1, #222	; 0xde
10000d48:	4853      	ldr	r0, [pc, #332]	; (10000e98 <irq_add_shared_handler+0x214>)
10000d4a:	f001 fcf3 	bl	10002734 <__assert_func>
10000d4e:	43c0      	mvns	r0, r0
10000d50:	4440      	add	r0, r8
10000d52:	210c      	movs	r1, #12
10000d54:	f002 fe9c 	bl	10003a90 <__wrap___aeabi_uidiv>
10000d58:	2900      	cmp	r1, #0
10000d5a:	d112      	bne.n	10000d82 <irq_add_shared_handler+0xfe>
10000d5c:	2301      	movs	r3, #1
10000d5e:	439e      	bics	r6, r3
10000d60:	46b3      	mov	fp, r6
10000d62:	0033      	movs	r3, r6
10000d64:	2600      	movs	r6, #0
10000d66:	79da      	ldrb	r2, [r3, #7]
10000d68:	42aa      	cmp	r2, r5
10000d6a:	d911      	bls.n	10000d90 <irq_add_shared_handler+0x10c>
10000d6c:	2106      	movs	r1, #6
10000d6e:	5659      	ldrsb	r1, [r3, r1]
10000d70:	2900      	cmp	r1, #0
10000d72:	db0c      	blt.n	10000d8e <irq_add_shared_handler+0x10a>
10000d74:	004a      	lsls	r2, r1, #1
10000d76:	1852      	adds	r2, r2, r1
10000d78:	0092      	lsls	r2, r2, #2
10000d7a:	001e      	movs	r6, r3
10000d7c:	4b3e      	ldr	r3, [pc, #248]	; (10000e78 <irq_add_shared_handler+0x1f4>)
10000d7e:	189b      	adds	r3, r3, r2
10000d80:	e7f1      	b.n	10000d66 <irq_add_shared_handler+0xe2>
10000d82:	4b47      	ldr	r3, [pc, #284]	; (10000ea0 <irq_add_shared_handler+0x21c>)
10000d84:	4a43      	ldr	r2, [pc, #268]	; (10000e94 <irq_add_shared_handler+0x210>)
10000d86:	21ea      	movs	r1, #234	; 0xea
10000d88:	4843      	ldr	r0, [pc, #268]	; (10000e98 <irq_add_shared_handler+0x214>)
10000d8a:	f001 fcd3 	bl	10002734 <__assert_func>
10000d8e:	001e      	movs	r6, r3
10000d90:	2e00      	cmp	r6, #0
10000d92:	d03a      	beq.n	10000e0a <irq_add_shared_handler+0x186>
10000d94:	ab05      	add	r3, sp, #20
10000d96:	4a43      	ldr	r2, [pc, #268]	; (10000ea4 <irq_add_shared_handler+0x220>)
10000d98:	801a      	strh	r2, [r3, #0]
10000d9a:	3a81      	subs	r2, #129	; 0x81
10000d9c:	805a      	strh	r2, [r3, #2]
10000d9e:	2306      	movs	r3, #6
10000da0:	56f3      	ldrsb	r3, [r6, r3]
10000da2:	9302      	str	r3, [sp, #8]
10000da4:	2b00      	cmp	r3, #0
10000da6:	da17      	bge.n	10000dd8 <irq_add_shared_handler+0x154>
10000da8:	483f      	ldr	r0, [pc, #252]	; (10000ea8 <irq_add_shared_handler+0x224>)
10000daa:	ab05      	add	r3, sp, #20
10000dac:	469b      	mov	fp, r3
10000dae:	8098      	strh	r0, [r3, #4]
10000db0:	9a02      	ldr	r2, [sp, #8]
10000db2:	719a      	strb	r2, [r3, #6]
10000db4:	71dd      	strb	r5, [r3, #7]
10000db6:	9a01      	ldr	r2, [sp, #4]
10000db8:	9207      	str	r2, [sp, #28]
10000dba:	1d30      	adds	r0, r6, #4
10000dbc:	0021      	movs	r1, r4
10000dbe:	f7ff fead 	bl	10000b1c <make_branch>
10000dc2:	80b0      	strh	r0, [r6, #4]
10000dc4:	71b7      	strb	r7, [r6, #6]
10000dc6:	007b      	lsls	r3, r7, #1
10000dc8:	19db      	adds	r3, r3, r7
10000dca:	009b      	lsls	r3, r3, #2
10000dcc:	4f2a      	ldr	r7, [pc, #168]	; (10000e78 <irq_add_shared_handler+0x1f4>)
10000dce:	18ff      	adds	r7, r7, r3
10000dd0:	465b      	mov	r3, fp
10000dd2:	cb07      	ldmia	r3!, {r0, r1, r2}
10000dd4:	c707      	stmia	r7!, {r0, r1, r2}
10000dd6:	e7a2      	b.n	10000d1e <irq_add_shared_handler+0x9a>
10000dd8:	0078      	lsls	r0, r7, #1
10000dda:	19c0      	adds	r0, r0, r7
10000ddc:	0080      	lsls	r0, r0, #2
10000dde:	4b26      	ldr	r3, [pc, #152]	; (10000e78 <irq_add_shared_handler+0x1f4>)
10000de0:	18c0      	adds	r0, r0, r3
10000de2:	3004      	adds	r0, #4
10000de4:	1d32      	adds	r2, r6, #4
10000de6:	88b3      	ldrh	r3, [r6, #4]
10000de8:	0ad9      	lsrs	r1, r3, #11
10000dea:	291c      	cmp	r1, #28
10000dec:	d107      	bne.n	10000dfe <irq_add_shared_handler+0x17a>
10000dee:	055b      	lsls	r3, r3, #21
10000df0:	1559      	asrs	r1, r3, #21
10000df2:	3102      	adds	r1, #2
10000df4:	0049      	lsls	r1, r1, #1
10000df6:	1851      	adds	r1, r2, r1
10000df8:	f7ff fe90 	bl	10000b1c <make_branch>
10000dfc:	e7d5      	b.n	10000daa <irq_add_shared_handler+0x126>
10000dfe:	4b2b      	ldr	r3, [pc, #172]	; (10000eac <irq_add_shared_handler+0x228>)
10000e00:	4a2b      	ldr	r2, [pc, #172]	; (10000eb0 <irq_add_shared_handler+0x22c>)
10000e02:	21b1      	movs	r1, #177	; 0xb1
10000e04:	4824      	ldr	r0, [pc, #144]	; (10000e98 <irq_add_shared_handler+0x214>)
10000e06:	f001 fc95 	bl	10002734 <__assert_func>
10000e0a:	ae05      	add	r6, sp, #20
10000e0c:	4b1d      	ldr	r3, [pc, #116]	; (10000e84 <irq_add_shared_handler+0x200>)
10000e0e:	8033      	strh	r3, [r6, #0]
10000e10:	007b      	lsls	r3, r7, #1
10000e12:	9302      	str	r3, [sp, #8]
10000e14:	19d8      	adds	r0, r3, r7
10000e16:	0080      	lsls	r0, r0, #2
10000e18:	4a17      	ldr	r2, [pc, #92]	; (10000e78 <irq_add_shared_handler+0x1f4>)
10000e1a:	4690      	mov	r8, r2
10000e1c:	0002      	movs	r2, r0
10000e1e:	4442      	add	r2, r8
10000e20:	9203      	str	r2, [sp, #12]
10000e22:	1c90      	adds	r0, r2, #2
10000e24:	4918      	ldr	r1, [pc, #96]	; (10000e88 <irq_add_shared_handler+0x204>)
10000e26:	f7ff fe79 	bl	10000b1c <make_branch>
10000e2a:	8070      	strh	r0, [r6, #2]
10000e2c:	9a03      	ldr	r2, [sp, #12]
10000e2e:	1d10      	adds	r0, r2, #4
10000e30:	4659      	mov	r1, fp
10000e32:	f7ff fe73 	bl	10000b1c <make_branch>
10000e36:	80b0      	strh	r0, [r6, #4]
10000e38:	4b1e      	ldr	r3, [pc, #120]	; (10000eb4 <irq_add_shared_handler+0x230>)
10000e3a:	465a      	mov	r2, fp
10000e3c:	4641      	mov	r1, r8
10000e3e:	1a52      	subs	r2, r2, r1
10000e40:	4152      	adcs	r2, r2
10000e42:	4353      	muls	r3, r2
10000e44:	0d1b      	lsrs	r3, r3, #20
10000e46:	71b3      	strb	r3, [r6, #6]
10000e48:	71f5      	strb	r5, [r6, #7]
10000e4a:	9a01      	ldr	r2, [sp, #4]
10000e4c:	9207      	str	r2, [sp, #28]
10000e4e:	9b02      	ldr	r3, [sp, #8]
10000e50:	469c      	mov	ip, r3
10000e52:	4467      	add	r7, ip
10000e54:	00bf      	lsls	r7, r7, #2
10000e56:	4447      	add	r7, r8
10000e58:	ce0e      	ldmia	r6!, {r1, r2, r3}
10000e5a:	c70e      	stmia	r7!, {r1, r2, r3}
10000e5c:	4b11      	ldr	r3, [pc, #68]	; (10000ea4 <irq_add_shared_handler+0x220>)
10000e5e:	465a      	mov	r2, fp
10000e60:	8013      	strh	r3, [r2, #0]
10000e62:	3b81      	subs	r3, #129	; 0x81
10000e64:	8053      	strh	r3, [r2, #2]
10000e66:	2301      	movs	r3, #1
10000e68:	431c      	orrs	r4, r3
10000e6a:	46a0      	mov	r8, r4
10000e6c:	e757      	b.n	10000d1e <irq_add_shared_handler+0x9a>
10000e6e:	46c0      	nop			; (mov r8, r8)
10000e70:	d0000124 	.word	0xd0000124
10000e74:	20002486 	.word	0x20002486
10000e78:	20000bf0 	.word	0x20000bf0
10000e7c:	e000ed00 	.word	0xe000ed00
10000e80:	100001cd 	.word	0x100001cd
10000e84:	ffffa100 	.word	0xffffa100
10000e88:	20000c20 	.word	0x20000c20
10000e8c:	ffffbd01 	.word	0xffffbd01
10000e90:	1000a8bc 	.word	0x1000a8bc
10000e94:	1000aa90 	.word	0x1000aa90
10000e98:	1000a818 	.word	0x1000a818
10000e9c:	1000a8e4 	.word	0x1000a8e4
10000ea0:	1000a90c 	.word	0x1000a90c
10000ea4:	00004801 	.word	0x00004801
10000ea8:	0000bd01 	.word	0x0000bd01
10000eac:	1000a980 	.word	0x1000a980
10000eb0:	1000aa80 	.word	0x1000aa80
10000eb4:	0000aaaa 	.word	0x0000aaaa

10000eb8 <irq_remove_handler>:
10000eb8:	b5f0      	push	{r4, r5, r6, r7, lr}
10000eba:	46ce      	mov	lr, r9
10000ebc:	4647      	mov	r7, r8
10000ebe:	b580      	push	{r7, lr}
10000ec0:	b083      	sub	sp, #12
10000ec2:	0006      	movs	r6, r0
10000ec4:	000d      	movs	r5, r1
10000ec6:	f3ef 8810 	mrs	r8, PRIMASK
10000eca:	b672      	cpsid	i
10000ecc:	4b56      	ldr	r3, [pc, #344]	; (10001028 <irq_remove_handler+0x170>)
10000ece:	681b      	ldr	r3, [r3, #0]
10000ed0:	2b00      	cmp	r3, #0
10000ed2:	d0fb      	beq.n	10000ecc <irq_remove_handler+0x14>
10000ed4:	f3bf 8f5f 	dmb	sy
10000ed8:	4b54      	ldr	r3, [pc, #336]	; (1000102c <irq_remove_handler+0x174>)
10000eda:	689a      	ldr	r2, [r3, #8]
10000edc:	0034      	movs	r4, r6
10000ede:	3410      	adds	r4, #16
10000ee0:	00a3      	lsls	r3, r4, #2
10000ee2:	58d7      	ldr	r7, [r2, r3]
10000ee4:	4b52      	ldr	r3, [pc, #328]	; (10001030 <irq_remove_handler+0x178>)
10000ee6:	429f      	cmp	r7, r3
10000ee8:	d007      	beq.n	10000efa <irq_remove_handler+0x42>
10000eea:	42af      	cmp	r7, r5
10000eec:	d100      	bne.n	10000ef0 <irq_remove_handler+0x38>
10000eee:	e098      	b.n	10001022 <irq_remove_handler+0x16a>
10000ef0:	9701      	str	r7, [sp, #4]
10000ef2:	4b50      	ldr	r3, [pc, #320]	; (10001034 <irq_remove_handler+0x17c>)
10000ef4:	1afb      	subs	r3, r7, r3
10000ef6:	2b2f      	cmp	r3, #47	; 0x2f
10000ef8:	d909      	bls.n	10000f0e <irq_remove_handler+0x56>
10000efa:	4642      	mov	r2, r8
10000efc:	0039      	movs	r1, r7
10000efe:	0030      	movs	r0, r6
10000f00:	f7ff fdf8 	bl	10000af4 <set_raw_irq_handler_and_unlock>
10000f04:	b003      	add	sp, #12
10000f06:	bcc0      	pop	{r6, r7}
10000f08:	46b9      	mov	r9, r7
10000f0a:	46b0      	mov	r8, r6
10000f0c:	bdf0      	pop	{r4, r5, r6, r7, pc}
10000f0e:	0030      	movs	r0, r6
10000f10:	f7ff fe48 	bl	10000ba4 <irq_is_enabled>
10000f14:	4681      	mov	r9, r0
10000f16:	2100      	movs	r1, #0
10000f18:	0030      	movs	r0, r6
10000f1a:	f7ff fe5f 	bl	10000bdc <irq_set_enabled>
10000f1e:	f3bf 8f5f 	dmb	sy
10000f22:	f3ef 8105 	mrs	r1, IPSR
10000f26:	2900      	cmp	r1, #0
10000f28:	d001      	beq.n	10000f2e <irq_remove_handler+0x76>
10000f2a:	428c      	cmp	r4, r1
10000f2c:	d111      	bne.n	10000f52 <irq_remove_handler+0x9a>
10000f2e:	2301      	movs	r3, #1
10000f30:	9c01      	ldr	r4, [sp, #4]
10000f32:	439c      	bics	r4, r3
10000f34:	2200      	movs	r2, #0
10000f36:	68a3      	ldr	r3, [r4, #8]
10000f38:	42ab      	cmp	r3, r5
10000f3a:	d012      	beq.n	10000f62 <irq_remove_handler+0xaa>
10000f3c:	2206      	movs	r2, #6
10000f3e:	56a2      	ldrsb	r2, [r4, r2]
10000f40:	2a00      	cmp	r2, #0
10000f42:	db0d      	blt.n	10000f60 <irq_remove_handler+0xa8>
10000f44:	0053      	lsls	r3, r2, #1
10000f46:	189b      	adds	r3, r3, r2
10000f48:	009b      	lsls	r3, r3, #2
10000f4a:	0022      	movs	r2, r4
10000f4c:	4c39      	ldr	r4, [pc, #228]	; (10001034 <irq_remove_handler+0x17c>)
10000f4e:	18e4      	adds	r4, r4, r3
10000f50:	e7f1      	b.n	10000f36 <irq_remove_handler+0x7e>
10000f52:	2136      	movs	r1, #54	; 0x36
10000f54:	4b38      	ldr	r3, [pc, #224]	; (10001038 <irq_remove_handler+0x180>)
10000f56:	4a39      	ldr	r2, [pc, #228]	; (1000103c <irq_remove_handler+0x184>)
10000f58:	31ff      	adds	r1, #255	; 0xff
10000f5a:	4839      	ldr	r0, [pc, #228]	; (10001040 <irq_remove_handler+0x188>)
10000f5c:	f001 fbea 	bl	10002734 <__assert_func>
10000f60:	0022      	movs	r2, r4
10000f62:	42ab      	cmp	r3, r5
10000f64:	d156      	bne.n	10001014 <irq_remove_handler+0x15c>
10000f66:	2506      	movs	r5, #6
10000f68:	5765      	ldrsb	r5, [r4, r5]
10000f6a:	2d00      	cmp	r5, #0
10000f6c:	db38      	blt.n	10000fe0 <irq_remove_handler+0x128>
10000f6e:	006b      	lsls	r3, r5, #1
10000f70:	195b      	adds	r3, r3, r5
10000f72:	009a      	lsls	r2, r3, #2
10000f74:	4b2f      	ldr	r3, [pc, #188]	; (10001034 <irq_remove_handler+0x17c>)
10000f76:	189b      	adds	r3, r3, r2
10000f78:	689a      	ldr	r2, [r3, #8]
10000f7a:	60a2      	str	r2, [r4, #8]
10000f7c:	79da      	ldrb	r2, [r3, #7]
10000f7e:	71e2      	strb	r2, [r4, #7]
10000f80:	2206      	movs	r2, #6
10000f82:	569a      	ldrsb	r2, [r3, r2]
10000f84:	71a2      	strb	r2, [r4, #6]
10000f86:	799b      	ldrb	r3, [r3, #6]
10000f88:	b25b      	sxtb	r3, r3
10000f8a:	2b00      	cmp	r3, #0
10000f8c:	da0f      	bge.n	10000fae <irq_remove_handler+0xf6>
10000f8e:	482d      	ldr	r0, [pc, #180]	; (10001044 <irq_remove_handler+0x18c>)
10000f90:	80a0      	strh	r0, [r4, #4]
10000f92:	006b      	lsls	r3, r5, #1
10000f94:	195b      	adds	r3, r3, r5
10000f96:	009b      	lsls	r3, r3, #2
10000f98:	4a26      	ldr	r2, [pc, #152]	; (10001034 <irq_remove_handler+0x17c>)
10000f9a:	18d3      	adds	r3, r2, r3
10000f9c:	4a2a      	ldr	r2, [pc, #168]	; (10001048 <irq_remove_handler+0x190>)
10000f9e:	7811      	ldrb	r1, [r2, #0]
10000fa0:	7199      	strb	r1, [r3, #6]
10000fa2:	7015      	strb	r5, [r2, #0]
10000fa4:	4649      	mov	r1, r9
10000fa6:	0030      	movs	r0, r6
10000fa8:	f7ff fe18 	bl	10000bdc <irq_set_enabled>
10000fac:	e7a5      	b.n	10000efa <irq_remove_handler+0x42>
10000fae:	1d20      	adds	r0, r4, #4
10000fb0:	006b      	lsls	r3, r5, #1
10000fb2:	195b      	adds	r3, r3, r5
10000fb4:	009b      	lsls	r3, r3, #2
10000fb6:	4a1f      	ldr	r2, [pc, #124]	; (10001034 <irq_remove_handler+0x17c>)
10000fb8:	189b      	adds	r3, r3, r2
10000fba:	1d1a      	adds	r2, r3, #4
10000fbc:	889b      	ldrh	r3, [r3, #4]
10000fbe:	0ad9      	lsrs	r1, r3, #11
10000fc0:	291c      	cmp	r1, #28
10000fc2:	d107      	bne.n	10000fd4 <irq_remove_handler+0x11c>
10000fc4:	055b      	lsls	r3, r3, #21
10000fc6:	155b      	asrs	r3, r3, #21
10000fc8:	3302      	adds	r3, #2
10000fca:	0059      	lsls	r1, r3, #1
10000fcc:	1851      	adds	r1, r2, r1
10000fce:	f7ff fda5 	bl	10000b1c <make_branch>
10000fd2:	e7dd      	b.n	10000f90 <irq_remove_handler+0xd8>
10000fd4:	4b1d      	ldr	r3, [pc, #116]	; (1000104c <irq_remove_handler+0x194>)
10000fd6:	4a1e      	ldr	r2, [pc, #120]	; (10001050 <irq_remove_handler+0x198>)
10000fd8:	21b1      	movs	r1, #177	; 0xb1
10000fda:	4819      	ldr	r0, [pc, #100]	; (10001040 <irq_remove_handler+0x188>)
10000fdc:	f001 fbaa 	bl	10002734 <__assert_func>
10000fe0:	2900      	cmp	r1, #0
10000fe2:	d112      	bne.n	1000100a <irq_remove_handler+0x152>
10000fe4:	2a00      	cmp	r2, #0
10000fe6:	d00e      	beq.n	10001006 <irq_remove_handler+0x14e>
10000fe8:	23ff      	movs	r3, #255	; 0xff
10000fea:	7193      	strb	r3, [r2, #6]
10000fec:	4b19      	ldr	r3, [pc, #100]	; (10001054 <irq_remove_handler+0x19c>)
10000fee:	8093      	strh	r3, [r2, #4]
10000ff0:	4a15      	ldr	r2, [pc, #84]	; (10001048 <irq_remove_handler+0x190>)
10000ff2:	7813      	ldrb	r3, [r2, #0]
10000ff4:	71a3      	strb	r3, [r4, #6]
10000ff6:	4b18      	ldr	r3, [pc, #96]	; (10001058 <irq_remove_handler+0x1a0>)
10000ff8:	490e      	ldr	r1, [pc, #56]	; (10001034 <irq_remove_handler+0x17c>)
10000ffa:	1a64      	subs	r4, r4, r1
10000ffc:	4164      	adcs	r4, r4
10000ffe:	4363      	muls	r3, r4
10001000:	0d1b      	lsrs	r3, r3, #20
10001002:	7013      	strb	r3, [r2, #0]
10001004:	e7ce      	b.n	10000fa4 <irq_remove_handler+0xec>
10001006:	4f0a      	ldr	r7, [pc, #40]	; (10001030 <irq_remove_handler+0x178>)
10001008:	e7f2      	b.n	10000ff0 <irq_remove_handler+0x138>
1000100a:	1d20      	adds	r0, r4, #4
1000100c:	4913      	ldr	r1, [pc, #76]	; (1000105c <irq_remove_handler+0x1a4>)
1000100e:	f7ff fda9 	bl	10000b64 <insert_branch_and_link>
10001012:	e7c7      	b.n	10000fa4 <irq_remove_handler+0xec>
10001014:	216a      	movs	r1, #106	; 0x6a
10001016:	4b12      	ldr	r3, [pc, #72]	; (10001060 <irq_remove_handler+0x1a8>)
10001018:	4a08      	ldr	r2, [pc, #32]	; (1000103c <irq_remove_handler+0x184>)
1000101a:	31ff      	adds	r1, #255	; 0xff
1000101c:	4808      	ldr	r0, [pc, #32]	; (10001040 <irq_remove_handler+0x188>)
1000101e:	f001 fb89 	bl	10002734 <__assert_func>
10001022:	4f03      	ldr	r7, [pc, #12]	; (10001030 <irq_remove_handler+0x178>)
10001024:	e769      	b.n	10000efa <irq_remove_handler+0x42>
10001026:	46c0      	nop			; (mov r8, r8)
10001028:	d0000124 	.word	0xd0000124
1000102c:	e000ed00 	.word	0xe000ed00
10001030:	100001cd 	.word	0x100001cd
10001034:	20000bf0 	.word	0x20000bf0
10001038:	1000a998 	.word	0x1000a998
1000103c:	1000aa60 	.word	0x1000aa60
10001040:	1000a818 	.word	0x1000a818
10001044:	0000bd01 	.word	0x0000bd01
10001048:	20002486 	.word	0x20002486
1000104c:	1000a980 	.word	0x1000a980
10001050:	1000aa80 	.word	0x1000aa80
10001054:	ffffbd01 	.word	0xffffbd01
10001058:	0000aaaa 	.word	0x0000aaaa
1000105c:	20000c2a 	.word	0x20000c2a
10001060:	1000a9cc 	.word	0x1000a9cc

10001064 <irq_add_tail_to_free_list>:
10001064:	b570      	push	{r4, r5, r6, lr}
10001066:	2101      	movs	r1, #1
10001068:	4301      	orrs	r1, r0
1000106a:	4b2e      	ldr	r3, [pc, #184]	; (10001124 <irq_add_tail_to_free_list+0xc0>)
1000106c:	1acb      	subs	r3, r1, r3
1000106e:	2b2f      	cmp	r3, #47	; 0x2f
10001070:	d828      	bhi.n	100010c4 <irq_add_tail_to_free_list+0x60>
10001072:	f3ef 8305 	mrs	r3, IPSR
10001076:	2b00      	cmp	r3, #0
10001078:	d02b      	beq.n	100010d2 <irq_add_tail_to_free_list+0x6e>
1000107a:	f3ef 8c10 	mrs	ip, PRIMASK
1000107e:	b672      	cpsid	i
10001080:	4a29      	ldr	r2, [pc, #164]	; (10001128 <irq_add_tail_to_free_list+0xc4>)
10001082:	6812      	ldr	r2, [r2, #0]
10001084:	2a00      	cmp	r2, #0
10001086:	d0fb      	beq.n	10001080 <irq_add_tail_to_free_list+0x1c>
10001088:	f3bf 8f5f 	dmb	sy
1000108c:	4a27      	ldr	r2, [pc, #156]	; (1000112c <irq_add_tail_to_free_list+0xc8>)
1000108e:	0004      	movs	r4, r0
10001090:	4d24      	ldr	r5, [pc, #144]	; (10001124 <irq_add_tail_to_free_list+0xc0>)
10001092:	1b64      	subs	r4, r4, r5
10001094:	4164      	adcs	r4, r4
10001096:	4362      	muls	r2, r4
10001098:	0d12      	lsrs	r2, r2, #20
1000109a:	b254      	sxtb	r4, r2
1000109c:	4a24      	ldr	r2, [pc, #144]	; (10001130 <irq_add_tail_to_free_list+0xcc>)
1000109e:	6892      	ldr	r2, [r2, #8]
100010a0:	009b      	lsls	r3, r3, #2
100010a2:	58d2      	ldr	r2, [r2, r3]
100010a4:	428a      	cmp	r2, r1
100010a6:	d01b      	beq.n	100010e0 <irq_add_tail_to_free_list+0x7c>
100010a8:	2200      	movs	r2, #0
100010aa:	2a03      	cmp	r2, #3
100010ac:	d832      	bhi.n	10001114 <irq_add_tail_to_free_list+0xb0>
100010ae:	0053      	lsls	r3, r2, #1
100010b0:	189b      	adds	r3, r3, r2
100010b2:	009b      	lsls	r3, r3, #2
100010b4:	491b      	ldr	r1, [pc, #108]	; (10001124 <irq_add_tail_to_free_list+0xc0>)
100010b6:	18cb      	adds	r3, r1, r3
100010b8:	799b      	ldrb	r3, [r3, #6]
100010ba:	b25b      	sxtb	r3, r3
100010bc:	42a3      	cmp	r3, r4
100010be:	d01f      	beq.n	10001100 <irq_add_tail_to_free_list+0x9c>
100010c0:	3201      	adds	r2, #1
100010c2:	e7f2      	b.n	100010aa <irq_add_tail_to_free_list+0x46>
100010c4:	21c7      	movs	r1, #199	; 0xc7
100010c6:	4b1b      	ldr	r3, [pc, #108]	; (10001134 <irq_add_tail_to_free_list+0xd0>)
100010c8:	4a1b      	ldr	r2, [pc, #108]	; (10001138 <irq_add_tail_to_free_list+0xd4>)
100010ca:	0049      	lsls	r1, r1, #1
100010cc:	481b      	ldr	r0, [pc, #108]	; (1000113c <irq_add_tail_to_free_list+0xd8>)
100010ce:	f001 fb31 	bl	10002734 <__assert_func>
100010d2:	2192      	movs	r1, #146	; 0x92
100010d4:	4b1a      	ldr	r3, [pc, #104]	; (10001140 <irq_add_tail_to_free_list+0xdc>)
100010d6:	4a18      	ldr	r2, [pc, #96]	; (10001138 <irq_add_tail_to_free_list+0xd4>)
100010d8:	31ff      	adds	r1, #255	; 0xff
100010da:	4818      	ldr	r0, [pc, #96]	; (1000113c <irq_add_tail_to_free_list+0xd8>)
100010dc:	f001 fb2a 	bl	10002734 <__assert_func>
100010e0:	4a13      	ldr	r2, [pc, #76]	; (10001130 <irq_add_tail_to_free_list+0xcc>)
100010e2:	6892      	ldr	r2, [r2, #8]
100010e4:	4917      	ldr	r1, [pc, #92]	; (10001144 <irq_add_tail_to_free_list+0xe0>)
100010e6:	50d1      	str	r1, [r2, r3]
100010e8:	4b17      	ldr	r3, [pc, #92]	; (10001148 <irq_add_tail_to_free_list+0xe4>)
100010ea:	781a      	ldrb	r2, [r3, #0]
100010ec:	7182      	strb	r2, [r0, #6]
100010ee:	701c      	strb	r4, [r3, #0]
100010f0:	f3bf 8f5f 	dmb	sy
100010f4:	4b0c      	ldr	r3, [pc, #48]	; (10001128 <irq_add_tail_to_free_list+0xc4>)
100010f6:	2200      	movs	r2, #0
100010f8:	601a      	str	r2, [r3, #0]
100010fa:	f38c 8810 	msr	PRIMASK, ip
100010fe:	bd70      	pop	{r4, r5, r6, pc}
10001100:	000d      	movs	r5, r1
10001102:	0053      	lsls	r3, r2, #1
10001104:	1899      	adds	r1, r3, r2
10001106:	0089      	lsls	r1, r1, #2
10001108:	1869      	adds	r1, r5, r1
1000110a:	26ff      	movs	r6, #255	; 0xff
1000110c:	718e      	strb	r6, [r1, #6]
1000110e:	4a0f      	ldr	r2, [pc, #60]	; (1000114c <irq_add_tail_to_free_list+0xe8>)
10001110:	808a      	strh	r2, [r1, #4]
10001112:	e7e9      	b.n	100010e8 <irq_add_tail_to_free_list+0x84>
10001114:	21d1      	movs	r1, #209	; 0xd1
10001116:	4b0e      	ldr	r3, [pc, #56]	; (10001150 <irq_add_tail_to_free_list+0xec>)
10001118:	4a07      	ldr	r2, [pc, #28]	; (10001138 <irq_add_tail_to_free_list+0xd4>)
1000111a:	0049      	lsls	r1, r1, #1
1000111c:	4807      	ldr	r0, [pc, #28]	; (1000113c <irq_add_tail_to_free_list+0xd8>)
1000111e:	f001 fb09 	bl	10002734 <__assert_func>
10001122:	46c0      	nop			; (mov r8, r8)
10001124:	20000bf0 	.word	0x20000bf0
10001128:	d0000124 	.word	0xd0000124
1000112c:	0000aaaa 	.word	0x0000aaaa
10001130:	e000ed00 	.word	0xe000ed00
10001134:	1000a9d4 	.word	0x1000a9d4
10001138:	1000aa2c 	.word	0x1000aa2c
1000113c:	1000a818 	.word	0x1000a818
10001140:	1000a9fc 	.word	0x1000a9fc
10001144:	100001cd 	.word	0x100001cd
10001148:	20002486 	.word	0x20002486
1000114c:	ffffbd01 	.word	0xffffbd01
10001150:	1000aa08 	.word	0x1000aa08

10001154 <irq_init_priorities>:
10001154:	2200      	movs	r2, #0
10001156:	4b04      	ldr	r3, [pc, #16]	; (10001168 <irq_init_priorities+0x14>)
10001158:	e002      	b.n	10001160 <irq_init_priorities+0xc>
1000115a:	4904      	ldr	r1, [pc, #16]	; (1000116c <irq_init_priorities+0x18>)
1000115c:	c302      	stmia	r3!, {r1}
1000115e:	3201      	adds	r2, #1
10001160:	2a07      	cmp	r2, #7
10001162:	d9fa      	bls.n	1000115a <irq_init_priorities+0x6>
10001164:	4770      	bx	lr
10001166:	46c0      	nop			; (mov r8, r8)
10001168:	e000e400 	.word	0xe000e400
1000116c:	80808080 	.word	0x80808080

10001170 <user_irq_claim_unused>:
10001170:	b500      	push	{lr}
10001172:	b083      	sub	sp, #12
10001174:	0001      	movs	r1, r0
10001176:	4b06      	ldr	r3, [pc, #24]	; (10001190 <user_irq_claim_unused+0x20>)
10001178:	9300      	str	r3, [sp, #0]
1000117a:	2305      	movs	r3, #5
1000117c:	2200      	movs	r2, #0
1000117e:	4805      	ldr	r0, [pc, #20]	; (10001194 <user_irq_claim_unused+0x24>)
10001180:	f7ff fc61 	bl	10000a46 <hw_claim_unused_from_range>
10001184:	2800      	cmp	r0, #0
10001186:	db01      	blt.n	1000118c <user_irq_claim_unused+0x1c>
10001188:	231f      	movs	r3, #31
1000118a:	1a18      	subs	r0, r3, r0
1000118c:	b003      	add	sp, #12
1000118e:	bd00      	pop	{pc}
10001190:	1000aa10 	.word	0x1000aa10
10001194:	2000248c 	.word	0x2000248c

10001198 <lock_init>:
10001198:	4b02      	ldr	r3, [pc, #8]	; (100011a4 <lock_init+0xc>)
1000119a:	469c      	mov	ip, r3
1000119c:	4461      	add	r1, ip
1000119e:	0089      	lsls	r1, r1, #2
100011a0:	6001      	str	r1, [r0, #0]
100011a2:	4770      	bx	lr
100011a4:	34000040 	.word	0x34000040

100011a8 <mutex_init>:
100011a8:	b510      	push	{r4, lr}
100011aa:	0004      	movs	r4, r0
100011ac:	f7ff fc84 	bl	10000ab8 <next_striped_spin_lock_num>
100011b0:	0001      	movs	r1, r0
100011b2:	0020      	movs	r0, r4
100011b4:	f7ff fff0 	bl	10001198 <lock_init>
100011b8:	23ff      	movs	r3, #255	; 0xff
100011ba:	7123      	strb	r3, [r4, #4]
100011bc:	f3bf 8f5f 	dmb	sy
100011c0:	bd10      	pop	{r4, pc}

100011c2 <recursive_mutex_init>:
100011c2:	b510      	push	{r4, lr}
100011c4:	0004      	movs	r4, r0
100011c6:	f7ff fc77 	bl	10000ab8 <next_striped_spin_lock_num>
100011ca:	0001      	movs	r1, r0
100011cc:	0020      	movs	r0, r4
100011ce:	f7ff ffe3 	bl	10001198 <lock_init>
100011d2:	23ff      	movs	r3, #255	; 0xff
100011d4:	7123      	strb	r3, [r4, #4]
100011d6:	2300      	movs	r3, #0
100011d8:	7163      	strb	r3, [r4, #5]
100011da:	f3bf 8f5f 	dmb	sy
100011de:	bd10      	pop	{r4, pc}

100011e0 <critical_section_init_with_lock_num>:
100011e0:	4b03      	ldr	r3, [pc, #12]	; (100011f0 <critical_section_init_with_lock_num+0x10>)
100011e2:	469c      	mov	ip, r3
100011e4:	4461      	add	r1, ip
100011e6:	0089      	lsls	r1, r1, #2
100011e8:	6001      	str	r1, [r0, #0]
100011ea:	f3bf 8f5f 	dmb	sy
100011ee:	4770      	bx	lr
100011f0:	34000040 	.word	0x34000040

100011f4 <critical_section_init>:
100011f4:	b510      	push	{r4, lr}
100011f6:	0004      	movs	r4, r0
100011f8:	2001      	movs	r0, #1
100011fa:	f7ff fc6b 	bl	10000ad4 <spin_lock_claim_unused>
100011fe:	0001      	movs	r1, r0
10001200:	0020      	movs	r0, r4
10001202:	f7ff ffed 	bl	100011e0 <critical_section_init_with_lock_num>
10001206:	bd10      	pop	{r4, pc}

10001208 <alarm_pool_post_alloc_init>:
10001208:	b570      	push	{r4, r5, r6, lr}
1000120a:	0005      	movs	r5, r0
1000120c:	000c      	movs	r4, r1
1000120e:	0008      	movs	r0, r1
10001210:	f000 fe14 	bl	10001e3c <hardware_alarm_cancel>
10001214:	4909      	ldr	r1, [pc, #36]	; (1000123c <alarm_pool_post_alloc_init+0x34>)
10001216:	0020      	movs	r0, r4
10001218:	f000 fd54 	bl	10001cc4 <hardware_alarm_set_callback>
1000121c:	f7ff fc4c 	bl	10000ab8 <next_striped_spin_lock_num>
10001220:	4b07      	ldr	r3, [pc, #28]	; (10001240 <alarm_pool_post_alloc_init+0x38>)
10001222:	469c      	mov	ip, r3
10001224:	4460      	add	r0, ip
10001226:	0080      	lsls	r0, r0, #2
10001228:	6068      	str	r0, [r5, #4]
1000122a:	752c      	strb	r4, [r5, #20]
1000122c:	23d0      	movs	r3, #208	; 0xd0
1000122e:	061b      	lsls	r3, r3, #24
10001230:	781b      	ldrb	r3, [r3, #0]
10001232:	756b      	strb	r3, [r5, #21]
10001234:	00a4      	lsls	r4, r4, #2
10001236:	4b03      	ldr	r3, [pc, #12]	; (10001244 <alarm_pool_post_alloc_init+0x3c>)
10001238:	50e5      	str	r5, [r4, r3]
1000123a:	bd70      	pop	{r4, r5, r6, pc}
1000123c:	1000154d 	.word	0x1000154d
10001240:	34000040 	.word	0x34000040
10001244:	20002230 	.word	0x20002230

10001248 <sleep_until_callback>:
10001248:	4b0a      	ldr	r3, [pc, #40]	; (10001274 <sleep_until_callback+0x2c>)
1000124a:	681a      	ldr	r2, [r3, #0]
1000124c:	f3ef 8110 	mrs	r1, PRIMASK
10001250:	b672      	cpsid	i
10001252:	6813      	ldr	r3, [r2, #0]
10001254:	2b00      	cmp	r3, #0
10001256:	d0fc      	beq.n	10001252 <sleep_until_callback+0xa>
10001258:	f3bf 8f5f 	dmb	sy
1000125c:	4b05      	ldr	r3, [pc, #20]	; (10001274 <sleep_until_callback+0x2c>)
1000125e:	681b      	ldr	r3, [r3, #0]
10001260:	f3bf 8f5f 	dmb	sy
10001264:	2200      	movs	r2, #0
10001266:	601a      	str	r2, [r3, #0]
10001268:	f381 8810 	msr	PRIMASK, r1
1000126c:	bf40      	sev
1000126e:	2000      	movs	r0, #0
10001270:	2100      	movs	r1, #0
10001272:	4770      	bx	lr
10001274:	20002454 	.word	0x20002454

10001278 <timer_pool_entry_comparator>:
10001278:	b510      	push	{r4, lr}
1000127a:	2900      	cmp	r1, #0
1000127c:	d022      	beq.n	100012c4 <timer_pool_entry_comparator+0x4c>
1000127e:	6803      	ldr	r3, [r0, #0]
10001280:	7b1b      	ldrb	r3, [r3, #12]
10001282:	4299      	cmp	r1, r3
10001284:	d81e      	bhi.n	100012c4 <timer_pool_entry_comparator+0x4c>
10001286:	4b17      	ldr	r3, [pc, #92]	; (100012e4 <timer_pool_entry_comparator+0x6c>)
10001288:	469c      	mov	ip, r3
1000128a:	4461      	add	r1, ip
1000128c:	0109      	lsls	r1, r1, #4
1000128e:	6883      	ldr	r3, [r0, #8]
10001290:	469c      	mov	ip, r3
10001292:	4461      	add	r1, ip
10001294:	680c      	ldr	r4, [r1, #0]
10001296:	6849      	ldr	r1, [r1, #4]
10001298:	2a00      	cmp	r2, #0
1000129a:	d019      	beq.n	100012d0 <timer_pool_entry_comparator+0x58>
1000129c:	6803      	ldr	r3, [r0, #0]
1000129e:	7b1b      	ldrb	r3, [r3, #12]
100012a0:	429a      	cmp	r2, r3
100012a2:	d815      	bhi.n	100012d0 <timer_pool_entry_comparator+0x58>
100012a4:	6883      	ldr	r3, [r0, #8]
100012a6:	480f      	ldr	r0, [pc, #60]	; (100012e4 <timer_pool_entry_comparator+0x6c>)
100012a8:	4684      	mov	ip, r0
100012aa:	4462      	add	r2, ip
100012ac:	0112      	lsls	r2, r2, #4
100012ae:	189a      	adds	r2, r3, r2
100012b0:	6810      	ldr	r0, [r2, #0]
100012b2:	6853      	ldr	r3, [r2, #4]
100012b4:	0002      	movs	r2, r0
100012b6:	2001      	movs	r0, #1
100012b8:	428b      	cmp	r3, r1
100012ba:	d801      	bhi.n	100012c0 <timer_pool_entry_comparator+0x48>
100012bc:	d00e      	beq.n	100012dc <timer_pool_entry_comparator+0x64>
100012be:	2000      	movs	r0, #0
100012c0:	b2c0      	uxtb	r0, r0
100012c2:	bd10      	pop	{r4, pc}
100012c4:	4b08      	ldr	r3, [pc, #32]	; (100012e8 <timer_pool_entry_comparator+0x70>)
100012c6:	4a09      	ldr	r2, [pc, #36]	; (100012ec <timer_pool_entry_comparator+0x74>)
100012c8:	213c      	movs	r1, #60	; 0x3c
100012ca:	4809      	ldr	r0, [pc, #36]	; (100012f0 <timer_pool_entry_comparator+0x78>)
100012cc:	f001 fa32 	bl	10002734 <__assert_func>
100012d0:	4b05      	ldr	r3, [pc, #20]	; (100012e8 <timer_pool_entry_comparator+0x70>)
100012d2:	4a06      	ldr	r2, [pc, #24]	; (100012ec <timer_pool_entry_comparator+0x74>)
100012d4:	213c      	movs	r1, #60	; 0x3c
100012d6:	4806      	ldr	r0, [pc, #24]	; (100012f0 <timer_pool_entry_comparator+0x78>)
100012d8:	f001 fa2c 	bl	10002734 <__assert_func>
100012dc:	42a2      	cmp	r2, r4
100012de:	d8ef      	bhi.n	100012c0 <timer_pool_entry_comparator+0x48>
100012e0:	e7ed      	b.n	100012be <timer_pool_entry_comparator+0x46>
100012e2:	46c0      	nop			; (mov r8, r8)
100012e4:	0fffffff 	.word	0x0fffffff
100012e8:	1000ac10 	.word	0x1000ac10
100012ec:	1000ae40 	.word	0x1000ae40
100012f0:	1000abbc 	.word	0x1000abbc

100012f4 <ph_add_child_node>:
100012f4:	b510      	push	{r4, lr}
100012f6:	2900      	cmp	r1, #0
100012f8:	d01e      	beq.n	10001338 <ph_add_child_node+0x44>
100012fa:	7b03      	ldrb	r3, [r0, #12]
100012fc:	4299      	cmp	r1, r3
100012fe:	d81b      	bhi.n	10001338 <ph_add_child_node+0x44>
10001300:	004b      	lsls	r3, r1, #1
10001302:	185b      	adds	r3, r3, r1
10001304:	3b03      	subs	r3, #3
10001306:	6804      	ldr	r4, [r0, #0]
10001308:	46a4      	mov	ip, r4
1000130a:	4463      	add	r3, ip
1000130c:	2900      	cmp	r1, #0
1000130e:	d019      	beq.n	10001344 <ph_add_child_node+0x50>
10001310:	2a00      	cmp	r2, #0
10001312:	d01d      	beq.n	10001350 <ph_add_child_node+0x5c>
10001314:	4291      	cmp	r1, r2
10001316:	d021      	beq.n	1000135c <ph_add_child_node+0x68>
10001318:	2a00      	cmp	r2, #0
1000131a:	d025      	beq.n	10001368 <ph_add_child_node+0x74>
1000131c:	7b04      	ldrb	r4, [r0, #12]
1000131e:	42a2      	cmp	r2, r4
10001320:	d822      	bhi.n	10001368 <ph_add_child_node+0x74>
10001322:	6804      	ldr	r4, [r0, #0]
10001324:	0050      	lsls	r0, r2, #1
10001326:	1880      	adds	r0, r0, r2
10001328:	3803      	subs	r0, #3
1000132a:	1820      	adds	r0, r4, r0
1000132c:	7081      	strb	r1, [r0, #2]
1000132e:	7819      	ldrb	r1, [r3, #0]
10001330:	2900      	cmp	r1, #0
10001332:	d11f      	bne.n	10001374 <ph_add_child_node+0x80>
10001334:	701a      	strb	r2, [r3, #0]
10001336:	bd10      	pop	{r4, pc}
10001338:	4b10      	ldr	r3, [pc, #64]	; (1000137c <ph_add_child_node+0x88>)
1000133a:	4a11      	ldr	r2, [pc, #68]	; (10001380 <ph_add_child_node+0x8c>)
1000133c:	2168      	movs	r1, #104	; 0x68
1000133e:	4811      	ldr	r0, [pc, #68]	; (10001384 <ph_add_child_node+0x90>)
10001340:	f001 f9f8 	bl	10002734 <__assert_func>
10001344:	4b10      	ldr	r3, [pc, #64]	; (10001388 <ph_add_child_node+0x94>)
10001346:	4a11      	ldr	r2, [pc, #68]	; (1000138c <ph_add_child_node+0x98>)
10001348:	316f      	adds	r1, #111	; 0x6f
1000134a:	480e      	ldr	r0, [pc, #56]	; (10001384 <ph_add_child_node+0x90>)
1000134c:	f001 f9f2 	bl	10002734 <__assert_func>
10001350:	4b0f      	ldr	r3, [pc, #60]	; (10001390 <ph_add_child_node+0x9c>)
10001352:	4a0e      	ldr	r2, [pc, #56]	; (1000138c <ph_add_child_node+0x98>)
10001354:	2170      	movs	r1, #112	; 0x70
10001356:	480b      	ldr	r0, [pc, #44]	; (10001384 <ph_add_child_node+0x90>)
10001358:	f001 f9ec 	bl	10002734 <__assert_func>
1000135c:	4b0d      	ldr	r3, [pc, #52]	; (10001394 <ph_add_child_node+0xa0>)
1000135e:	4a0b      	ldr	r2, [pc, #44]	; (1000138c <ph_add_child_node+0x98>)
10001360:	2171      	movs	r1, #113	; 0x71
10001362:	4808      	ldr	r0, [pc, #32]	; (10001384 <ph_add_child_node+0x90>)
10001364:	f001 f9e6 	bl	10002734 <__assert_func>
10001368:	4b04      	ldr	r3, [pc, #16]	; (1000137c <ph_add_child_node+0x88>)
1000136a:	4a05      	ldr	r2, [pc, #20]	; (10001380 <ph_add_child_node+0x8c>)
1000136c:	2168      	movs	r1, #104	; 0x68
1000136e:	4805      	ldr	r0, [pc, #20]	; (10001384 <ph_add_child_node+0x90>)
10001370:	f001 f9e0 	bl	10002734 <__assert_func>
10001374:	7041      	strb	r1, [r0, #1]
10001376:	701a      	strb	r2, [r3, #0]
10001378:	e7dd      	b.n	10001336 <ph_add_child_node+0x42>
1000137a:	46c0      	nop			; (mov r8, r8)
1000137c:	1000ac34 	.word	0x1000ac34
10001380:	1000aeac 	.word	0x1000aeac
10001384:	1000ac50 	.word	0x1000ac50
10001388:	1000acb8 	.word	0x1000acb8
1000138c:	1000ae88 	.word	0x1000ae88
10001390:	1000acc4 	.word	0x1000acc4
10001394:	1000acd0 	.word	0x1000acd0

10001398 <ph_merge_nodes>:
10001398:	b570      	push	{r4, r5, r6, lr}
1000139a:	0006      	movs	r6, r0
1000139c:	000d      	movs	r5, r1
1000139e:	0014      	movs	r4, r2
100013a0:	2900      	cmp	r1, #0
100013a2:	d014      	beq.n	100013ce <ph_merge_nodes+0x36>
100013a4:	2a00      	cmp	r2, #0
100013a6:	d014      	beq.n	100013d2 <ph_merge_nodes+0x3a>
100013a8:	6880      	ldr	r0, [r0, #8]
100013aa:	6873      	ldr	r3, [r6, #4]
100013ac:	4798      	blx	r3
100013ae:	2800      	cmp	r0, #0
100013b0:	d006      	beq.n	100013c0 <ph_merge_nodes+0x28>
100013b2:	0022      	movs	r2, r4
100013b4:	0029      	movs	r1, r5
100013b6:	0030      	movs	r0, r6
100013b8:	f7ff ff9c 	bl	100012f4 <ph_add_child_node>
100013bc:	0028      	movs	r0, r5
100013be:	e007      	b.n	100013d0 <ph_merge_nodes+0x38>
100013c0:	002a      	movs	r2, r5
100013c2:	0021      	movs	r1, r4
100013c4:	0030      	movs	r0, r6
100013c6:	f7ff ff95 	bl	100012f4 <ph_add_child_node>
100013ca:	0020      	movs	r0, r4
100013cc:	e000      	b.n	100013d0 <ph_merge_nodes+0x38>
100013ce:	0010      	movs	r0, r2
100013d0:	bd70      	pop	{r4, r5, r6, pc}
100013d2:	0008      	movs	r0, r1
100013d4:	e7fc      	b.n	100013d0 <ph_merge_nodes+0x38>
	...

100013d8 <add_alarm_under_lock>:
100013d8:	b5f0      	push	{r4, r5, r6, r7, lr}
100013da:	b083      	sub	sp, #12
100013dc:	0005      	movs	r5, r0
100013de:	9200      	str	r2, [sp, #0]
100013e0:	9301      	str	r3, [sp, #4]
100013e2:	ab0a      	add	r3, sp, #40	; 0x28
100013e4:	781c      	ldrb	r4, [r3, #0]
100013e6:	ab0b      	add	r3, sp, #44	; 0x2c
100013e8:	781f      	ldrb	r7, [r3, #0]
100013ea:	2c00      	cmp	r4, #0
100013ec:	d026      	beq.n	1000143c <add_alarm_under_lock+0x64>
100013ee:	6803      	ldr	r3, [r0, #0]
100013f0:	7b5a      	ldrb	r2, [r3, #13]
100013f2:	4294      	cmp	r4, r2
100013f4:	d107      	bne.n	10001406 <add_alarm_under_lock+0x2e>
100013f6:	2301      	movs	r3, #1
100013f8:	2b00      	cmp	r3, #0
100013fa:	d119      	bne.n	10001430 <add_alarm_under_lock+0x58>
100013fc:	2c00      	cmp	r4, #0
100013fe:	d13b      	bne.n	10001478 <add_alarm_under_lock+0xa0>
10001400:	0020      	movs	r0, r4
10001402:	b003      	add	sp, #12
10001404:	bdf0      	pop	{r4, r5, r6, r7, pc}
10001406:	2c00      	cmp	r4, #0
10001408:	d00c      	beq.n	10001424 <add_alarm_under_lock+0x4c>
1000140a:	7b1a      	ldrb	r2, [r3, #12]
1000140c:	4294      	cmp	r4, r2
1000140e:	d809      	bhi.n	10001424 <add_alarm_under_lock+0x4c>
10001410:	681a      	ldr	r2, [r3, #0]
10001412:	0063      	lsls	r3, r4, #1
10001414:	191b      	adds	r3, r3, r4
10001416:	3b03      	subs	r3, #3
10001418:	18d3      	adds	r3, r2, r3
1000141a:	789b      	ldrb	r3, [r3, #2]
1000141c:	2b00      	cmp	r3, #0
1000141e:	d0eb      	beq.n	100013f8 <add_alarm_under_lock+0x20>
10001420:	2301      	movs	r3, #1
10001422:	e7e9      	b.n	100013f8 <add_alarm_under_lock+0x20>
10001424:	4b3e      	ldr	r3, [pc, #248]	; (10001520 <add_alarm_under_lock+0x148>)
10001426:	4a3f      	ldr	r2, [pc, #252]	; (10001524 <add_alarm_under_lock+0x14c>)
10001428:	2168      	movs	r1, #104	; 0x68
1000142a:	483f      	ldr	r0, [pc, #252]	; (10001528 <add_alarm_under_lock+0x150>)
1000142c:	f001 f982 	bl	10002734 <__assert_func>
10001430:	4b3e      	ldr	r3, [pc, #248]	; (1000152c <add_alarm_under_lock+0x154>)
10001432:	4a3f      	ldr	r2, [pc, #252]	; (10001530 <add_alarm_under_lock+0x158>)
10001434:	2167      	movs	r1, #103	; 0x67
10001436:	483f      	ldr	r0, [pc, #252]	; (10001534 <add_alarm_under_lock+0x15c>)
10001438:	f001 f97c 	bl	10002734 <__assert_func>
1000143c:	6803      	ldr	r3, [r0, #0]
1000143e:	7b9c      	ldrb	r4, [r3, #14]
10001440:	2c00      	cmp	r4, #0
10001442:	d0db      	beq.n	100013fc <add_alarm_under_lock+0x24>
10001444:	d012      	beq.n	1000146c <add_alarm_under_lock+0x94>
10001446:	7b1a      	ldrb	r2, [r3, #12]
10001448:	4294      	cmp	r4, r2
1000144a:	d80f      	bhi.n	1000146c <add_alarm_under_lock+0x94>
1000144c:	0062      	lsls	r2, r4, #1
1000144e:	1912      	adds	r2, r2, r4
10001450:	3a03      	subs	r2, #3
10001452:	6819      	ldr	r1, [r3, #0]
10001454:	468c      	mov	ip, r1
10001456:	4462      	add	r2, ip
10001458:	7851      	ldrb	r1, [r2, #1]
1000145a:	7399      	strb	r1, [r3, #14]
1000145c:	2900      	cmp	r1, #0
1000145e:	d100      	bne.n	10001462 <add_alarm_under_lock+0x8a>
10001460:	73d9      	strb	r1, [r3, #15]
10001462:	2300      	movs	r3, #0
10001464:	7093      	strb	r3, [r2, #2]
10001466:	7053      	strb	r3, [r2, #1]
10001468:	7013      	strb	r3, [r2, #0]
1000146a:	e7c7      	b.n	100013fc <add_alarm_under_lock+0x24>
1000146c:	4b2c      	ldr	r3, [pc, #176]	; (10001520 <add_alarm_under_lock+0x148>)
1000146e:	4a2d      	ldr	r2, [pc, #180]	; (10001524 <add_alarm_under_lock+0x14c>)
10001470:	2168      	movs	r1, #104	; 0x68
10001472:	482d      	ldr	r0, [pc, #180]	; (10001528 <add_alarm_under_lock+0x150>)
10001474:	f001 f95e 	bl	10002734 <__assert_func>
10001478:	2c00      	cmp	r4, #0
1000147a:	d03a      	beq.n	100014f2 <add_alarm_under_lock+0x11a>
1000147c:	682b      	ldr	r3, [r5, #0]
1000147e:	7b1b      	ldrb	r3, [r3, #12]
10001480:	429c      	cmp	r4, r3
10001482:	d836      	bhi.n	100014f2 <add_alarm_under_lock+0x11a>
10001484:	4b2c      	ldr	r3, [pc, #176]	; (10001538 <add_alarm_under_lock+0x160>)
10001486:	18e3      	adds	r3, r4, r3
10001488:	011b      	lsls	r3, r3, #4
1000148a:	68aa      	ldr	r2, [r5, #8]
1000148c:	4694      	mov	ip, r2
1000148e:	4463      	add	r3, ip
10001490:	9a00      	ldr	r2, [sp, #0]
10001492:	601a      	str	r2, [r3, #0]
10001494:	9a01      	ldr	r2, [sp, #4]
10001496:	605a      	str	r2, [r3, #4]
10001498:	9a08      	ldr	r2, [sp, #32]
1000149a:	609a      	str	r2, [r3, #8]
1000149c:	9a09      	ldr	r2, [sp, #36]	; 0x24
1000149e:	60da      	str	r2, [r3, #12]
100014a0:	682e      	ldr	r6, [r5, #0]
100014a2:	2c00      	cmp	r4, #0
100014a4:	d02b      	beq.n	100014fe <add_alarm_under_lock+0x126>
100014a6:	d030      	beq.n	1000150a <add_alarm_under_lock+0x132>
100014a8:	7b33      	ldrb	r3, [r6, #12]
100014aa:	429c      	cmp	r4, r3
100014ac:	d82d      	bhi.n	1000150a <add_alarm_under_lock+0x132>
100014ae:	0063      	lsls	r3, r4, #1
100014b0:	191b      	adds	r3, r3, r4
100014b2:	3b03      	subs	r3, #3
100014b4:	6832      	ldr	r2, [r6, #0]
100014b6:	4694      	mov	ip, r2
100014b8:	4463      	add	r3, ip
100014ba:	2200      	movs	r2, #0
100014bc:	709a      	strb	r2, [r3, #2]
100014be:	705a      	strb	r2, [r3, #1]
100014c0:	701a      	strb	r2, [r3, #0]
100014c2:	7b71      	ldrb	r1, [r6, #13]
100014c4:	0022      	movs	r2, r4
100014c6:	0030      	movs	r0, r6
100014c8:	f7ff ff66 	bl	10001398 <ph_merge_nodes>
100014cc:	7370      	strb	r0, [r6, #13]
100014ce:	4284      	cmp	r4, r0
100014d0:	d000      	beq.n	100014d4 <add_alarm_under_lock+0xfc>
100014d2:	e795      	b.n	10001400 <add_alarm_under_lock+0x28>
100014d4:	7d28      	ldrb	r0, [r5, #20]
100014d6:	9a00      	ldr	r2, [sp, #0]
100014d8:	9b01      	ldr	r3, [sp, #4]
100014da:	f000 fc3b 	bl	10001d54 <hardware_alarm_set_target>
100014de:	1e06      	subs	r6, r0, #0
100014e0:	d001      	beq.n	100014e6 <add_alarm_under_lock+0x10e>
100014e2:	2f00      	cmp	r7, #0
100014e4:	d017      	beq.n	10001516 <add_alarm_under_lock+0x13e>
100014e6:	9b0c      	ldr	r3, [sp, #48]	; 0x30
100014e8:	2b00      	cmp	r3, #0
100014ea:	d100      	bne.n	100014ee <add_alarm_under_lock+0x116>
100014ec:	e788      	b.n	10001400 <add_alarm_under_lock+0x28>
100014ee:	701e      	strb	r6, [r3, #0]
100014f0:	e786      	b.n	10001400 <add_alarm_under_lock+0x28>
100014f2:	4b12      	ldr	r3, [pc, #72]	; (1000153c <add_alarm_under_lock+0x164>)
100014f4:	4a12      	ldr	r2, [pc, #72]	; (10001540 <add_alarm_under_lock+0x168>)
100014f6:	213c      	movs	r1, #60	; 0x3c
100014f8:	480e      	ldr	r0, [pc, #56]	; (10001534 <add_alarm_under_lock+0x15c>)
100014fa:	f001 f91b 	bl	10002734 <__assert_func>
100014fe:	4b11      	ldr	r3, [pc, #68]	; (10001544 <add_alarm_under_lock+0x16c>)
10001500:	4a11      	ldr	r2, [pc, #68]	; (10001548 <add_alarm_under_lock+0x170>)
10001502:	21a5      	movs	r1, #165	; 0xa5
10001504:	4808      	ldr	r0, [pc, #32]	; (10001528 <add_alarm_under_lock+0x150>)
10001506:	f001 f915 	bl	10002734 <__assert_func>
1000150a:	4b05      	ldr	r3, [pc, #20]	; (10001520 <add_alarm_under_lock+0x148>)
1000150c:	4a05      	ldr	r2, [pc, #20]	; (10001524 <add_alarm_under_lock+0x14c>)
1000150e:	2168      	movs	r1, #104	; 0x68
10001510:	4805      	ldr	r0, [pc, #20]	; (10001528 <add_alarm_under_lock+0x150>)
10001512:	f001 f90f 	bl	10002734 <__assert_func>
10001516:	6828      	ldr	r0, [r5, #0]
10001518:	0021      	movs	r1, r4
1000151a:	f000 fe53 	bl	100021c4 <ph_remove_and_free_node>
1000151e:	e7e2      	b.n	100014e6 <add_alarm_under_lock+0x10e>
10001520:	1000ac34 	.word	0x1000ac34
10001524:	1000aeac 	.word	0x1000aeac
10001528:	1000ac50 	.word	0x1000ac50
1000152c:	1000ace8 	.word	0x1000ace8
10001530:	1000aeb8 	.word	0x1000aeb8
10001534:	1000abbc 	.word	0x1000abbc
10001538:	0fffffff 	.word	0x0fffffff
1000153c:	1000ac10 	.word	0x1000ac10
10001540:	1000ae40 	.word	0x1000ae40
10001544:	1000abb8 	.word	0x1000abb8
10001548:	1000ae9c 	.word	0x1000ae9c

1000154c <alarm_pool_alarm_callback>:
1000154c:	b5f0      	push	{r4, r5, r6, r7, lr}
1000154e:	46de      	mov	lr, fp
10001550:	4657      	mov	r7, sl
10001552:	464e      	mov	r6, r9
10001554:	4645      	mov	r5, r8
10001556:	b5e0      	push	{r5, r6, r7, lr}
10001558:	b08b      	sub	sp, #44	; 0x2c
1000155a:	9009      	str	r0, [sp, #36]	; 0x24
1000155c:	2300      	movs	r3, #0
1000155e:	9308      	str	r3, [sp, #32]
10001560:	0082      	lsls	r2, r0, #2
10001562:	4bb5      	ldr	r3, [pc, #724]	; (10001838 <alarm_pool_alarm_callback+0x2ec>)
10001564:	58d6      	ldr	r6, [r2, r3]
10001566:	0037      	movs	r7, r6
10001568:	e052      	b.n	10001610 <alarm_pool_alarm_callback+0xc4>
1000156a:	4bb4      	ldr	r3, [pc, #720]	; (1000183c <alarm_pool_alarm_callback+0x2f0>)
1000156c:	4ab4      	ldr	r2, [pc, #720]	; (10001840 <alarm_pool_alarm_callback+0x2f4>)
1000156e:	213f      	movs	r1, #63	; 0x3f
10001570:	48b4      	ldr	r0, [pc, #720]	; (10001844 <alarm_pool_alarm_callback+0x2f8>)
10001572:	f001 f8df 	bl	10002734 <__assert_func>
10001576:	4bb4      	ldr	r3, [pc, #720]	; (10001848 <alarm_pool_alarm_callback+0x2fc>)
10001578:	4ab4      	ldr	r2, [pc, #720]	; (1000184c <alarm_pool_alarm_callback+0x300>)
1000157a:	213c      	movs	r1, #60	; 0x3c
1000157c:	48b4      	ldr	r0, [pc, #720]	; (10001850 <alarm_pool_alarm_callback+0x304>)
1000157e:	f001 f8d9 	bl	10002734 <__assert_func>
10001582:	2900      	cmp	r1, #0
10001584:	d101      	bne.n	1000158a <alarm_pool_alarm_callback+0x3e>
10001586:	2800      	cmp	r0, #0
10001588:	d169      	bne.n	1000165e <alarm_pool_alarm_callback+0x112>
1000158a:	2100      	movs	r1, #0
1000158c:	4640      	mov	r0, r8
1000158e:	f000 fe0f 	bl	100021b0 <ph_remove_head>
10001592:	42a0      	cmp	r0, r4
10001594:	d119      	bne.n	100015ca <alarm_pool_alarm_callback+0x7e>
10001596:	682a      	ldr	r2, [r5, #0]
10001598:	686b      	ldr	r3, [r5, #4]
1000159a:	9206      	str	r2, [sp, #24]
1000159c:	9307      	str	r3, [sp, #28]
1000159e:	68ab      	ldr	r3, [r5, #8]
100015a0:	4698      	mov	r8, r3
100015a2:	68eb      	ldr	r3, [r5, #12]
100015a4:	469a      	mov	sl, r3
100015a6:	4643      	mov	r3, r8
100015a8:	2b00      	cmp	r3, #0
100015aa:	d014      	beq.n	100015d6 <alarm_pool_alarm_callback+0x8a>
100015ac:	2c00      	cmp	r4, #0
100015ae:	d018      	beq.n	100015e2 <alarm_pool_alarm_callback+0x96>
100015b0:	683b      	ldr	r3, [r7, #0]
100015b2:	7b1b      	ldrb	r3, [r3, #12]
100015b4:	429c      	cmp	r4, r3
100015b6:	d814      	bhi.n	100015e2 <alarm_pool_alarm_callback+0x96>
100015b8:	1e63      	subs	r3, r4, #1
100015ba:	68fa      	ldr	r2, [r7, #12]
100015bc:	5cd3      	ldrb	r3, [r2, r3]
100015be:	9308      	str	r3, [sp, #32]
100015c0:	021b      	lsls	r3, r3, #8
100015c2:	4318      	orrs	r0, r3
100015c4:	6138      	str	r0, [r7, #16]
100015c6:	2000      	movs	r0, #0
100015c8:	e015      	b.n	100015f6 <alarm_pool_alarm_callback+0xaa>
100015ca:	4ba2      	ldr	r3, [pc, #648]	; (10001854 <alarm_pool_alarm_callback+0x308>)
100015cc:	4aa2      	ldr	r2, [pc, #648]	; (10001858 <alarm_pool_alarm_callback+0x30c>)
100015ce:	218e      	movs	r1, #142	; 0x8e
100015d0:	489f      	ldr	r0, [pc, #636]	; (10001850 <alarm_pool_alarm_callback+0x304>)
100015d2:	f001 f8af 	bl	10002734 <__assert_func>
100015d6:	4ba1      	ldr	r3, [pc, #644]	; (1000185c <alarm_pool_alarm_callback+0x310>)
100015d8:	4a9f      	ldr	r2, [pc, #636]	; (10001858 <alarm_pool_alarm_callback+0x30c>)
100015da:	2192      	movs	r1, #146	; 0x92
100015dc:	489c      	ldr	r0, [pc, #624]	; (10001850 <alarm_pool_alarm_callback+0x304>)
100015de:	f001 f8a9 	bl	10002734 <__assert_func>
100015e2:	4b99      	ldr	r3, [pc, #612]	; (10001848 <alarm_pool_alarm_callback+0x2fc>)
100015e4:	4a9e      	ldr	r2, [pc, #632]	; (10001860 <alarm_pool_alarm_callback+0x314>)
100015e6:	2141      	movs	r1, #65	; 0x41
100015e8:	4899      	ldr	r0, [pc, #612]	; (10001850 <alarm_pool_alarm_callback+0x304>)
100015ea:	f001 f8a3 	bl	10002734 <__assert_func>
100015ee:	2300      	movs	r3, #0
100015f0:	469a      	mov	sl, r3
100015f2:	4698      	mov	r8, r3
100015f4:	2000      	movs	r0, #0
100015f6:	687b      	ldr	r3, [r7, #4]
100015f8:	f3bf 8f5f 	dmb	sy
100015fc:	2200      	movs	r2, #0
100015fe:	601a      	str	r2, [r3, #0]
10001600:	f386 8810 	msr	PRIMASK, r6
10001604:	4643      	mov	r3, r8
10001606:	2b00      	cmp	r3, #0
10001608:	d132      	bne.n	10001670 <alarm_pool_alarm_callback+0x124>
1000160a:	2800      	cmp	r0, #0
1000160c:	d100      	bne.n	10001610 <alarm_pool_alarm_callback+0xc4>
1000160e:	e10c      	b.n	1000182a <alarm_pool_alarm_callback+0x2de>
10001610:	f000 fb4c 	bl	10001cac <time_us_64>
10001614:	0002      	movs	r2, r0
10001616:	1e0b      	subs	r3, r1, #0
10001618:	dba7      	blt.n	1000156a <alarm_pool_alarm_callback+0x1e>
1000161a:	2000      	movs	r0, #0
1000161c:	2100      	movs	r1, #0
1000161e:	9006      	str	r0, [sp, #24]
10001620:	9107      	str	r1, [sp, #28]
10001622:	6878      	ldr	r0, [r7, #4]
10001624:	f3ef 8610 	mrs	r6, PRIMASK
10001628:	b672      	cpsid	i
1000162a:	6801      	ldr	r1, [r0, #0]
1000162c:	2900      	cmp	r1, #0
1000162e:	d0fc      	beq.n	1000162a <alarm_pool_alarm_callback+0xde>
10001630:	f3bf 8f5f 	dmb	sy
10001634:	6839      	ldr	r1, [r7, #0]
10001636:	4688      	mov	r8, r1
10001638:	7b4c      	ldrb	r4, [r1, #13]
1000163a:	2c00      	cmp	r4, #0
1000163c:	d0d7      	beq.n	100015ee <alarm_pool_alarm_callback+0xa2>
1000163e:	d09a      	beq.n	10001576 <alarm_pool_alarm_callback+0x2a>
10001640:	7b09      	ldrb	r1, [r1, #12]
10001642:	428c      	cmp	r4, r1
10001644:	d897      	bhi.n	10001576 <alarm_pool_alarm_callback+0x2a>
10001646:	4987      	ldr	r1, [pc, #540]	; (10001864 <alarm_pool_alarm_callback+0x318>)
10001648:	1865      	adds	r5, r4, r1
1000164a:	012d      	lsls	r5, r5, #4
1000164c:	68b9      	ldr	r1, [r7, #8]
1000164e:	468c      	mov	ip, r1
10001650:	4465      	add	r5, ip
10001652:	6828      	ldr	r0, [r5, #0]
10001654:	6869      	ldr	r1, [r5, #4]
10001656:	1a80      	subs	r0, r0, r2
10001658:	4199      	sbcs	r1, r3
1000165a:	2900      	cmp	r1, #0
1000165c:	dd91      	ble.n	10001582 <alarm_pool_alarm_callback+0x36>
1000165e:	682a      	ldr	r2, [r5, #0]
10001660:	686b      	ldr	r3, [r5, #4]
10001662:	9809      	ldr	r0, [sp, #36]	; 0x24
10001664:	f000 fb76 	bl	10001d54 <hardware_alarm_set_target>
10001668:	2300      	movs	r3, #0
1000166a:	469a      	mov	sl, r3
1000166c:	4698      	mov	r8, r3
1000166e:	e7c2      	b.n	100015f6 <alarm_pool_alarm_callback+0xaa>
10001670:	9b08      	ldr	r3, [sp, #32]
10001672:	021b      	lsls	r3, r3, #8
10001674:	4323      	orrs	r3, r4
10001676:	4699      	mov	r9, r3
10001678:	4651      	mov	r1, sl
1000167a:	0018      	movs	r0, r3
1000167c:	47c0      	blx	r8
1000167e:	0005      	movs	r5, r0
10001680:	000e      	movs	r6, r1
10001682:	687a      	ldr	r2, [r7, #4]
10001684:	f3ef 8b10 	mrs	fp, PRIMASK
10001688:	b672      	cpsid	i
1000168a:	6813      	ldr	r3, [r2, #0]
1000168c:	4259      	negs	r1, r3
1000168e:	414b      	adcs	r3, r1
10001690:	b2d9      	uxtb	r1, r3
10001692:	2b00      	cmp	r3, #0
10001694:	d1f9      	bne.n	1000168a <alarm_pool_alarm_callback+0x13e>
10001696:	f3bf 8f5f 	dmb	sy
1000169a:	2e00      	cmp	r6, #0
1000169c:	db1e      	blt.n	100016dc <alarm_pool_alarm_callback+0x190>
1000169e:	2e00      	cmp	r6, #0
100016a0:	dd46      	ble.n	10001730 <alarm_pool_alarm_callback+0x1e4>
100016a2:	693b      	ldr	r3, [r7, #16]
100016a4:	2b00      	cmp	r3, #0
100016a6:	d047      	beq.n	10001738 <alarm_pool_alarm_callback+0x1ec>
100016a8:	454b      	cmp	r3, r9
100016aa:	d16d      	bne.n	10001788 <alarm_pool_alarm_callback+0x23c>
100016ac:	f000 fafe 	bl	10001cac <time_us_64>
100016b0:	0002      	movs	r2, r0
100016b2:	1e0b      	subs	r3, r1, #0
100016b4:	db6e      	blt.n	10001794 <alarm_pool_alarm_callback+0x248>
100016b6:	1952      	adds	r2, r2, r5
100016b8:	4173      	adcs	r3, r6
100016ba:	2b00      	cmp	r3, #0
100016bc:	db70      	blt.n	100017a0 <alarm_pool_alarm_callback+0x254>
100016be:	2b00      	cmp	r3, #0
100016c0:	db72      	blt.n	100017a8 <alarm_pool_alarm_callback+0x25c>
100016c2:	2100      	movs	r1, #0
100016c4:	9104      	str	r1, [sp, #16]
100016c6:	3101      	adds	r1, #1
100016c8:	9103      	str	r1, [sp, #12]
100016ca:	9402      	str	r4, [sp, #8]
100016cc:	4651      	mov	r1, sl
100016ce:	9101      	str	r1, [sp, #4]
100016d0:	4641      	mov	r1, r8
100016d2:	9100      	str	r1, [sp, #0]
100016d4:	0038      	movs	r0, r7
100016d6:	f7ff fe7f 	bl	100013d8 <add_alarm_under_lock>
100016da:	e04c      	b.n	10001776 <alarm_pool_alarm_callback+0x22a>
100016dc:	693b      	ldr	r3, [r7, #16]
100016de:	2b00      	cmp	r3, #0
100016e0:	d0dd      	beq.n	1000169e <alarm_pool_alarm_callback+0x152>
100016e2:	454b      	cmp	r3, r9
100016e4:	d114      	bne.n	10001710 <alarm_pool_alarm_callback+0x1c4>
100016e6:	9a06      	ldr	r2, [sp, #24]
100016e8:	9b07      	ldr	r3, [sp, #28]
100016ea:	1b52      	subs	r2, r2, r5
100016ec:	41b3      	sbcs	r3, r6
100016ee:	2b00      	cmp	r3, #0
100016f0:	db14      	blt.n	1000171c <alarm_pool_alarm_callback+0x1d0>
100016f2:	2b00      	cmp	r3, #0
100016f4:	db16      	blt.n	10001724 <alarm_pool_alarm_callback+0x1d8>
100016f6:	2100      	movs	r1, #0
100016f8:	9104      	str	r1, [sp, #16]
100016fa:	3101      	adds	r1, #1
100016fc:	9103      	str	r1, [sp, #12]
100016fe:	9402      	str	r4, [sp, #8]
10001700:	4651      	mov	r1, sl
10001702:	9101      	str	r1, [sp, #4]
10001704:	4641      	mov	r1, r8
10001706:	9100      	str	r1, [sp, #0]
10001708:	0038      	movs	r0, r7
1000170a:	f7ff fe65 	bl	100013d8 <add_alarm_under_lock>
1000170e:	e032      	b.n	10001776 <alarm_pool_alarm_callback+0x22a>
10001710:	4b55      	ldr	r3, [pc, #340]	; (10001868 <alarm_pool_alarm_callback+0x31c>)
10001712:	4a51      	ldr	r2, [pc, #324]	; (10001858 <alarm_pool_alarm_callback+0x30c>)
10001714:	21a1      	movs	r1, #161	; 0xa1
10001716:	484e      	ldr	r0, [pc, #312]	; (10001850 <alarm_pool_alarm_callback+0x304>)
10001718:	f001 f80c 	bl	10002734 <__assert_func>
1000171c:	2201      	movs	r2, #1
1000171e:	4252      	negs	r2, r2
10001720:	4b52      	ldr	r3, [pc, #328]	; (1000186c <alarm_pool_alarm_callback+0x320>)
10001722:	e7e6      	b.n	100016f2 <alarm_pool_alarm_callback+0x1a6>
10001724:	4b45      	ldr	r3, [pc, #276]	; (1000183c <alarm_pool_alarm_callback+0x2f0>)
10001726:	4a46      	ldr	r2, [pc, #280]	; (10001840 <alarm_pool_alarm_callback+0x2f4>)
10001728:	213f      	movs	r1, #63	; 0x3f
1000172a:	4846      	ldr	r0, [pc, #280]	; (10001844 <alarm_pool_alarm_callback+0x2f8>)
1000172c:	f001 f802 	bl	10002734 <__assert_func>
10001730:	2e00      	cmp	r6, #0
10001732:	d101      	bne.n	10001738 <alarm_pool_alarm_callback+0x1ec>
10001734:	2d00      	cmp	r5, #0
10001736:	d1b4      	bne.n	100016a2 <alarm_pool_alarm_callback+0x156>
10001738:	683b      	ldr	r3, [r7, #0]
1000173a:	2c00      	cmp	r4, #0
1000173c:	d050      	beq.n	100017e0 <alarm_pool_alarm_callback+0x294>
1000173e:	7b5a      	ldrb	r2, [r3, #13]
10001740:	4294      	cmp	r4, r2
10001742:	d137      	bne.n	100017b4 <alarm_pool_alarm_callback+0x268>
10001744:	2101      	movs	r1, #1
10001746:	2900      	cmp	r1, #0
10001748:	d14a      	bne.n	100017e0 <alarm_pool_alarm_callback+0x294>
1000174a:	7bda      	ldrb	r2, [r3, #15]
1000174c:	2a00      	cmp	r2, #0
1000174e:	d14d      	bne.n	100017ec <alarm_pool_alarm_callback+0x2a0>
10001750:	7b9a      	ldrb	r2, [r3, #14]
10001752:	2a00      	cmp	r2, #0
10001754:	d103      	bne.n	1000175e <alarm_pool_alarm_callback+0x212>
10001756:	7bda      	ldrb	r2, [r3, #15]
10001758:	2a00      	cmp	r2, #0
1000175a:	d15a      	bne.n	10001812 <alarm_pool_alarm_callback+0x2c6>
1000175c:	739c      	strb	r4, [r3, #14]
1000175e:	73dc      	strb	r4, [r3, #15]
10001760:	2c00      	cmp	r4, #0
10001762:	d05c      	beq.n	1000181e <alarm_pool_alarm_callback+0x2d2>
10001764:	683b      	ldr	r3, [r7, #0]
10001766:	7b1b      	ldrb	r3, [r3, #12]
10001768:	429c      	cmp	r4, r3
1000176a:	d858      	bhi.n	1000181e <alarm_pool_alarm_callback+0x2d2>
1000176c:	68fa      	ldr	r2, [r7, #12]
1000176e:	3c01      	subs	r4, #1
10001770:	5d13      	ldrb	r3, [r2, r4]
10001772:	3301      	adds	r3, #1
10001774:	5513      	strb	r3, [r2, r4]
10001776:	2300      	movs	r3, #0
10001778:	613b      	str	r3, [r7, #16]
1000177a:	687a      	ldr	r2, [r7, #4]
1000177c:	f3bf 8f5f 	dmb	sy
10001780:	6013      	str	r3, [r2, #0]
10001782:	f38b 8810 	msr	PRIMASK, fp
10001786:	e743      	b.n	10001610 <alarm_pool_alarm_callback+0xc4>
10001788:	4b37      	ldr	r3, [pc, #220]	; (10001868 <alarm_pool_alarm_callback+0x31c>)
1000178a:	4a33      	ldr	r2, [pc, #204]	; (10001858 <alarm_pool_alarm_callback+0x30c>)
1000178c:	21a4      	movs	r1, #164	; 0xa4
1000178e:	4830      	ldr	r0, [pc, #192]	; (10001850 <alarm_pool_alarm_callback+0x304>)
10001790:	f000 ffd0 	bl	10002734 <__assert_func>
10001794:	4b29      	ldr	r3, [pc, #164]	; (1000183c <alarm_pool_alarm_callback+0x2f0>)
10001796:	4a2a      	ldr	r2, [pc, #168]	; (10001840 <alarm_pool_alarm_callback+0x2f4>)
10001798:	213f      	movs	r1, #63	; 0x3f
1000179a:	482a      	ldr	r0, [pc, #168]	; (10001844 <alarm_pool_alarm_callback+0x2f8>)
1000179c:	f000 ffca 	bl	10002734 <__assert_func>
100017a0:	2201      	movs	r2, #1
100017a2:	4252      	negs	r2, r2
100017a4:	4b31      	ldr	r3, [pc, #196]	; (1000186c <alarm_pool_alarm_callback+0x320>)
100017a6:	e78a      	b.n	100016be <alarm_pool_alarm_callback+0x172>
100017a8:	4b24      	ldr	r3, [pc, #144]	; (1000183c <alarm_pool_alarm_callback+0x2f0>)
100017aa:	4a25      	ldr	r2, [pc, #148]	; (10001840 <alarm_pool_alarm_callback+0x2f4>)
100017ac:	213f      	movs	r1, #63	; 0x3f
100017ae:	4825      	ldr	r0, [pc, #148]	; (10001844 <alarm_pool_alarm_callback+0x2f8>)
100017b0:	f000 ffc0 	bl	10002734 <__assert_func>
100017b4:	2c00      	cmp	r4, #0
100017b6:	d00d      	beq.n	100017d4 <alarm_pool_alarm_callback+0x288>
100017b8:	7b1a      	ldrb	r2, [r3, #12]
100017ba:	4294      	cmp	r4, r2
100017bc:	d80a      	bhi.n	100017d4 <alarm_pool_alarm_callback+0x288>
100017be:	0062      	lsls	r2, r4, #1
100017c0:	1912      	adds	r2, r2, r4
100017c2:	3a03      	subs	r2, #3
100017c4:	6818      	ldr	r0, [r3, #0]
100017c6:	4684      	mov	ip, r0
100017c8:	4462      	add	r2, ip
100017ca:	7892      	ldrb	r2, [r2, #2]
100017cc:	2a00      	cmp	r2, #0
100017ce:	d0ba      	beq.n	10001746 <alarm_pool_alarm_callback+0x1fa>
100017d0:	2101      	movs	r1, #1
100017d2:	e7b8      	b.n	10001746 <alarm_pool_alarm_callback+0x1fa>
100017d4:	4b26      	ldr	r3, [pc, #152]	; (10001870 <alarm_pool_alarm_callback+0x324>)
100017d6:	4a27      	ldr	r2, [pc, #156]	; (10001874 <alarm_pool_alarm_callback+0x328>)
100017d8:	2168      	movs	r1, #104	; 0x68
100017da:	4827      	ldr	r0, [pc, #156]	; (10001878 <alarm_pool_alarm_callback+0x32c>)
100017dc:	f000 ffaa 	bl	10002734 <__assert_func>
100017e0:	4b26      	ldr	r3, [pc, #152]	; (1000187c <alarm_pool_alarm_callback+0x330>)
100017e2:	4a27      	ldr	r2, [pc, #156]	; (10001880 <alarm_pool_alarm_callback+0x334>)
100017e4:	21f6      	movs	r1, #246	; 0xf6
100017e6:	4824      	ldr	r0, [pc, #144]	; (10001878 <alarm_pool_alarm_callback+0x32c>)
100017e8:	f000 ffa4 	bl	10002734 <__assert_func>
100017ec:	2a00      	cmp	r2, #0
100017ee:	d00a      	beq.n	10001806 <alarm_pool_alarm_callback+0x2ba>
100017f0:	7b19      	ldrb	r1, [r3, #12]
100017f2:	428a      	cmp	r2, r1
100017f4:	d807      	bhi.n	10001806 <alarm_pool_alarm_callback+0x2ba>
100017f6:	0051      	lsls	r1, r2, #1
100017f8:	188a      	adds	r2, r1, r2
100017fa:	3a03      	subs	r2, #3
100017fc:	6819      	ldr	r1, [r3, #0]
100017fe:	468c      	mov	ip, r1
10001800:	4462      	add	r2, ip
10001802:	7054      	strb	r4, [r2, #1]
10001804:	e7a4      	b.n	10001750 <alarm_pool_alarm_callback+0x204>
10001806:	4b1a      	ldr	r3, [pc, #104]	; (10001870 <alarm_pool_alarm_callback+0x324>)
10001808:	4a1a      	ldr	r2, [pc, #104]	; (10001874 <alarm_pool_alarm_callback+0x328>)
1000180a:	2168      	movs	r1, #104	; 0x68
1000180c:	481a      	ldr	r0, [pc, #104]	; (10001878 <alarm_pool_alarm_callback+0x32c>)
1000180e:	f000 ff91 	bl	10002734 <__assert_func>
10001812:	4b1c      	ldr	r3, [pc, #112]	; (10001884 <alarm_pool_alarm_callback+0x338>)
10001814:	4a1a      	ldr	r2, [pc, #104]	; (10001880 <alarm_pool_alarm_callback+0x334>)
10001816:	21fb      	movs	r1, #251	; 0xfb
10001818:	4817      	ldr	r0, [pc, #92]	; (10001878 <alarm_pool_alarm_callback+0x32c>)
1000181a:	f000 ff8b 	bl	10002734 <__assert_func>
1000181e:	4b0a      	ldr	r3, [pc, #40]	; (10001848 <alarm_pool_alarm_callback+0x2fc>)
10001820:	4a0f      	ldr	r2, [pc, #60]	; (10001860 <alarm_pool_alarm_callback+0x314>)
10001822:	2141      	movs	r1, #65	; 0x41
10001824:	480a      	ldr	r0, [pc, #40]	; (10001850 <alarm_pool_alarm_callback+0x304>)
10001826:	f000 ff85 	bl	10002734 <__assert_func>
1000182a:	b00b      	add	sp, #44	; 0x2c
1000182c:	bcf0      	pop	{r4, r5, r6, r7}
1000182e:	46bb      	mov	fp, r7
10001830:	46b2      	mov	sl, r6
10001832:	46a9      	mov	r9, r5
10001834:	46a0      	mov	r8, r4
10001836:	bdf0      	pop	{r4, r5, r6, r7, pc}
10001838:	20002230 	.word	0x20002230
1000183c:	1000a708 	.word	0x1000a708
10001840:	1000ae0c 	.word	0x1000ae0c
10001844:	1000a724 	.word	0x1000a724
10001848:	1000ac10 	.word	0x1000ac10
1000184c:	1000ae40 	.word	0x1000ae40
10001850:	1000abbc 	.word	0x1000abbc
10001854:	1000ad10 	.word	0x1000ad10
10001858:	1000ae24 	.word	0x1000ae24
1000185c:	1000ad28 	.word	0x1000ad28
10001860:	1000ae64 	.word	0x1000ae64
10001864:	0fffffff 	.word	0x0fffffff
10001868:	1000ad34 	.word	0x1000ad34
1000186c:	7fffffff 	.word	0x7fffffff
10001870:	1000ac34 	.word	0x1000ac34
10001874:	1000aeac 	.word	0x1000aeac
10001878:	1000ac50 	.word	0x1000ac50
1000187c:	1000ad70 	.word	0x1000ad70
10001880:	1000ae78 	.word	0x1000ae78
10001884:	1000ad94 	.word	0x1000ad94

10001888 <alarm_pool_init_default>:
10001888:	b510      	push	{r4, lr}
1000188a:	4b0c      	ldr	r3, [pc, #48]	; (100018bc <alarm_pool_init_default+0x34>)
1000188c:	685b      	ldr	r3, [r3, #4]
1000188e:	2b00      	cmp	r3, #0
10001890:	d004      	beq.n	1000189c <alarm_pool_init_default+0x14>
10001892:	210a      	movs	r1, #10
10001894:	480a      	ldr	r0, [pc, #40]	; (100018c0 <alarm_pool_init_default+0x38>)
10001896:	f7ff fc7f 	bl	10001198 <lock_init>
1000189a:	bd10      	pop	{r4, pc}
1000189c:	4c07      	ldr	r4, [pc, #28]	; (100018bc <alarm_pool_init_default+0x34>)
1000189e:	0023      	movs	r3, r4
100018a0:	4a08      	ldr	r2, [pc, #32]	; (100018c4 <alarm_pool_init_default+0x3c>)
100018a2:	2110      	movs	r1, #16
100018a4:	6820      	ldr	r0, [r4, #0]
100018a6:	f000 fb93 	bl	10001fd0 <ph_post_alloc_init>
100018aa:	2003      	movs	r0, #3
100018ac:	f000 f9f2 	bl	10001c94 <hardware_alarm_claim>
100018b0:	2103      	movs	r1, #3
100018b2:	0020      	movs	r0, r4
100018b4:	f7ff fca8 	bl	10001208 <alarm_pool_post_alloc_init>
100018b8:	e7eb      	b.n	10001892 <alarm_pool_init_default+0xa>
100018ba:	46c0      	nop			; (mov r8, r8)
100018bc:	20000c38 	.word	0x20000c38
100018c0:	20002454 	.word	0x20002454
100018c4:	10001279 	.word	0x10001279

100018c8 <alarm_pool_get_default>:
100018c8:	b510      	push	{r4, lr}
100018ca:	4b06      	ldr	r3, [pc, #24]	; (100018e4 <alarm_pool_get_default+0x1c>)
100018cc:	685b      	ldr	r3, [r3, #4]
100018ce:	2b00      	cmp	r3, #0
100018d0:	d001      	beq.n	100018d6 <alarm_pool_get_default+0xe>
100018d2:	4804      	ldr	r0, [pc, #16]	; (100018e4 <alarm_pool_get_default+0x1c>)
100018d4:	bd10      	pop	{r4, pc}
100018d6:	4b04      	ldr	r3, [pc, #16]	; (100018e8 <alarm_pool_get_default+0x20>)
100018d8:	4a04      	ldr	r2, [pc, #16]	; (100018ec <alarm_pool_get_default+0x24>)
100018da:	215e      	movs	r1, #94	; 0x5e
100018dc:	4804      	ldr	r0, [pc, #16]	; (100018f0 <alarm_pool_get_default+0x28>)
100018de:	f000 ff29 	bl	10002734 <__assert_func>
100018e2:	46c0      	nop			; (mov r8, r8)
100018e4:	20000c38 	.word	0x20000c38
100018e8:	1000ada8 	.word	0x1000ada8
100018ec:	1000ae4c 	.word	0x1000ae4c
100018f0:	1000abbc 	.word	0x1000abbc

100018f4 <alarm_pool_add_alarm_at>:
100018f4:	b5f0      	push	{r4, r5, r6, r7, lr}
100018f6:	46de      	mov	lr, fp
100018f8:	4657      	mov	r7, sl
100018fa:	464e      	mov	r6, r9
100018fc:	4645      	mov	r5, r8
100018fe:	b5e0      	push	{r5, r6, r7, lr}
10001900:	b08b      	sub	sp, #44	; 0x2c
10001902:	4680      	mov	r8, r0
10001904:	0016      	movs	r6, r2
10001906:	001f      	movs	r7, r3
10001908:	9b14      	ldr	r3, [sp, #80]	; 0x50
1000190a:	469a      	mov	sl, r3
1000190c:	9b15      	ldr	r3, [sp, #84]	; 0x54
1000190e:	4699      	mov	r9, r3
10001910:	ab16      	add	r3, sp, #88	; 0x58
10001912:	781b      	ldrb	r3, [r3, #0]
10001914:	469b      	mov	fp, r3
10001916:	231f      	movs	r3, #31
10001918:	aa02      	add	r2, sp, #8
1000191a:	4694      	mov	ip, r2
1000191c:	4463      	add	r3, ip
1000191e:	2200      	movs	r2, #0
10001920:	701a      	strb	r2, [r3, #0]
10001922:	e02b      	b.n	1000197c <alarm_pool_add_alarm_at+0x88>
10001924:	2800      	cmp	r0, #0
10001926:	d009      	beq.n	1000193c <alarm_pool_add_alarm_at+0x48>
10001928:	4642      	mov	r2, r8
1000192a:	6812      	ldr	r2, [r2, #0]
1000192c:	7b12      	ldrb	r2, [r2, #12]
1000192e:	4290      	cmp	r0, r2
10001930:	d804      	bhi.n	1000193c <alarm_pool_add_alarm_at+0x48>
10001932:	1e42      	subs	r2, r0, #1
10001934:	4641      	mov	r1, r8
10001936:	68c9      	ldr	r1, [r1, #12]
10001938:	5c8a      	ldrb	r2, [r1, r2]
1000193a:	e041      	b.n	100019c0 <alarm_pool_add_alarm_at+0xcc>
1000193c:	4b40      	ldr	r3, [pc, #256]	; (10001a40 <alarm_pool_add_alarm_at+0x14c>)
1000193e:	4a41      	ldr	r2, [pc, #260]	; (10001a44 <alarm_pool_add_alarm_at+0x150>)
10001940:	2141      	movs	r1, #65	; 0x41
10001942:	4841      	ldr	r0, [pc, #260]	; (10001a48 <alarm_pool_add_alarm_at+0x154>)
10001944:	f000 fef6 	bl	10002734 <__assert_func>
10001948:	9807      	ldr	r0, [sp, #28]
1000194a:	e04c      	b.n	100019e6 <alarm_pool_add_alarm_at+0xf2>
1000194c:	1b36      	subs	r6, r6, r4
1000194e:	41af      	sbcs	r7, r5
10001950:	2f00      	cmp	r7, #0
10001952:	db07      	blt.n	10001964 <alarm_pool_add_alarm_at+0x70>
10001954:	2f00      	cmp	r7, #0
10001956:	da11      	bge.n	1000197c <alarm_pool_add_alarm_at+0x88>
10001958:	4b3c      	ldr	r3, [pc, #240]	; (10001a4c <alarm_pool_add_alarm_at+0x158>)
1000195a:	4a3d      	ldr	r2, [pc, #244]	; (10001a50 <alarm_pool_add_alarm_at+0x15c>)
1000195c:	213f      	movs	r1, #63	; 0x3f
1000195e:	483d      	ldr	r0, [pc, #244]	; (10001a54 <alarm_pool_add_alarm_at+0x160>)
10001960:	f000 fee8 	bl	10002734 <__assert_func>
10001964:	2601      	movs	r6, #1
10001966:	4276      	negs	r6, r6
10001968:	4f3b      	ldr	r7, [pc, #236]	; (10001a58 <alarm_pool_add_alarm_at+0x164>)
1000196a:	e7f3      	b.n	10001954 <alarm_pool_add_alarm_at+0x60>
1000196c:	4b37      	ldr	r3, [pc, #220]	; (10001a4c <alarm_pool_add_alarm_at+0x158>)
1000196e:	4a38      	ldr	r2, [pc, #224]	; (10001a50 <alarm_pool_add_alarm_at+0x15c>)
10001970:	213f      	movs	r1, #63	; 0x3f
10001972:	4838      	ldr	r0, [pc, #224]	; (10001a54 <alarm_pool_add_alarm_at+0x160>)
10001974:	f000 fede 	bl	10002734 <__assert_func>
10001978:	2f00      	cmp	r7, #0
1000197a:	db4f      	blt.n	10001a1c <alarm_pool_add_alarm_at+0x128>
1000197c:	4643      	mov	r3, r8
1000197e:	685a      	ldr	r2, [r3, #4]
10001980:	f3ef 8410 	mrs	r4, PRIMASK
10001984:	b672      	cpsid	i
10001986:	6813      	ldr	r3, [r2, #0]
10001988:	4259      	negs	r1, r3
1000198a:	414b      	adcs	r3, r1
1000198c:	b2d9      	uxtb	r1, r3
1000198e:	9107      	str	r1, [sp, #28]
10001990:	2b00      	cmp	r3, #0
10001992:	d1f8      	bne.n	10001986 <alarm_pool_add_alarm_at+0x92>
10001994:	f3bf 8f5f 	dmb	sy
10001998:	331f      	adds	r3, #31
1000199a:	aa02      	add	r2, sp, #8
1000199c:	4694      	mov	ip, r2
1000199e:	4463      	add	r3, ip
100019a0:	9304      	str	r3, [sp, #16]
100019a2:	2300      	movs	r3, #0
100019a4:	9303      	str	r3, [sp, #12]
100019a6:	9302      	str	r3, [sp, #8]
100019a8:	464b      	mov	r3, r9
100019aa:	9301      	str	r3, [sp, #4]
100019ac:	4653      	mov	r3, sl
100019ae:	9300      	str	r3, [sp, #0]
100019b0:	0032      	movs	r2, r6
100019b2:	003b      	movs	r3, r7
100019b4:	4640      	mov	r0, r8
100019b6:	f7ff fd0f 	bl	100013d8 <add_alarm_under_lock>
100019ba:	1e03      	subs	r3, r0, #0
100019bc:	d1b2      	bne.n	10001924 <alarm_pool_add_alarm_at+0x30>
100019be:	0002      	movs	r2, r0
100019c0:	4641      	mov	r1, r8
100019c2:	6849      	ldr	r1, [r1, #4]
100019c4:	f3bf 8f5f 	dmb	sy
100019c8:	2500      	movs	r5, #0
100019ca:	600d      	str	r5, [r1, #0]
100019cc:	f384 8810 	msr	PRIMASK, r4
100019d0:	2b00      	cmp	r3, #0
100019d2:	d029      	beq.n	10001a28 <alarm_pool_add_alarm_at+0x134>
100019d4:	231f      	movs	r3, #31
100019d6:	a902      	add	r1, sp, #8
100019d8:	468c      	mov	ip, r1
100019da:	4463      	add	r3, ip
100019dc:	781b      	ldrb	r3, [r3, #0]
100019de:	2b00      	cmp	r3, #0
100019e0:	d1b2      	bne.n	10001948 <alarm_pool_add_alarm_at+0x54>
100019e2:	0212      	lsls	r2, r2, #8
100019e4:	4310      	orrs	r0, r2
100019e6:	2b00      	cmp	r3, #0
100019e8:	d020      	beq.n	10001a2c <alarm_pool_add_alarm_at+0x138>
100019ea:	465b      	mov	r3, fp
100019ec:	2b00      	cmp	r3, #0
100019ee:	d01d      	beq.n	10001a2c <alarm_pool_add_alarm_at+0x138>
100019f0:	4649      	mov	r1, r9
100019f2:	47d0      	blx	sl
100019f4:	0004      	movs	r4, r0
100019f6:	000d      	movs	r5, r1
100019f8:	0003      	movs	r3, r0
100019fa:	430b      	orrs	r3, r1
100019fc:	d01d      	beq.n	10001a3a <alarm_pool_add_alarm_at+0x146>
100019fe:	2900      	cmp	r1, #0
10001a00:	dba4      	blt.n	1000194c <alarm_pool_add_alarm_at+0x58>
10001a02:	f000 f953 	bl	10001cac <time_us_64>
10001a06:	0006      	movs	r6, r0
10001a08:	1e0f      	subs	r7, r1, #0
10001a0a:	dbaf      	blt.n	1000196c <alarm_pool_add_alarm_at+0x78>
10001a0c:	1936      	adds	r6, r6, r4
10001a0e:	416f      	adcs	r7, r5
10001a10:	2f00      	cmp	r7, #0
10001a12:	dab1      	bge.n	10001978 <alarm_pool_add_alarm_at+0x84>
10001a14:	2601      	movs	r6, #1
10001a16:	4276      	negs	r6, r6
10001a18:	4f0f      	ldr	r7, [pc, #60]	; (10001a58 <alarm_pool_add_alarm_at+0x164>)
10001a1a:	e7ad      	b.n	10001978 <alarm_pool_add_alarm_at+0x84>
10001a1c:	4b0b      	ldr	r3, [pc, #44]	; (10001a4c <alarm_pool_add_alarm_at+0x158>)
10001a1e:	4a0c      	ldr	r2, [pc, #48]	; (10001a50 <alarm_pool_add_alarm_at+0x15c>)
10001a20:	213f      	movs	r1, #63	; 0x3f
10001a22:	480c      	ldr	r0, [pc, #48]	; (10001a54 <alarm_pool_add_alarm_at+0x160>)
10001a24:	f000 fe86 	bl	10002734 <__assert_func>
10001a28:	2001      	movs	r0, #1
10001a2a:	4240      	negs	r0, r0
10001a2c:	b00b      	add	sp, #44	; 0x2c
10001a2e:	bcf0      	pop	{r4, r5, r6, r7}
10001a30:	46bb      	mov	fp, r7
10001a32:	46b2      	mov	sl, r6
10001a34:	46a9      	mov	r9, r5
10001a36:	46a0      	mov	r8, r4
10001a38:	bdf0      	pop	{r4, r5, r6, r7, pc}
10001a3a:	9807      	ldr	r0, [sp, #28]
10001a3c:	e7f6      	b.n	10001a2c <alarm_pool_add_alarm_at+0x138>
10001a3e:	46c0      	nop			; (mov r8, r8)
10001a40:	1000ac10 	.word	0x1000ac10
10001a44:	1000ae64 	.word	0x1000ae64
10001a48:	1000abbc 	.word	0x1000abbc
10001a4c:	1000a708 	.word	0x1000a708
10001a50:	1000ae0c 	.word	0x1000ae0c
10001a54:	1000a724 	.word	0x1000a724
10001a58:	7fffffff 	.word	0x7fffffff

10001a5c <alarm_pool_cancel_alarm>:
10001a5c:	b5f8      	push	{r3, r4, r5, r6, r7, lr}
10001a5e:	0004      	movs	r4, r0
10001a60:	2900      	cmp	r1, #0
10001a62:	d100      	bne.n	10001a66 <alarm_pool_cancel_alarm+0xa>
10001a64:	e062      	b.n	10001b2c <alarm_pool_cancel_alarm+0xd0>
10001a66:	6842      	ldr	r2, [r0, #4]
10001a68:	f3ef 8510 	mrs	r5, PRIMASK
10001a6c:	b672      	cpsid	i
10001a6e:	6813      	ldr	r3, [r2, #0]
10001a70:	4258      	negs	r0, r3
10001a72:	4143      	adcs	r3, r0
10001a74:	b2d8      	uxtb	r0, r3
10001a76:	2b00      	cmp	r3, #0
10001a78:	d1f9      	bne.n	10001a6e <alarm_pool_cancel_alarm+0x12>
10001a7a:	f3bf 8f5f 	dmb	sy
10001a7e:	b2cb      	uxtb	r3, r1
10001a80:	6822      	ldr	r2, [r4, #0]
10001a82:	7b56      	ldrb	r6, [r2, #13]
10001a84:	42b3      	cmp	r3, r6
10001a86:	d11b      	bne.n	10001ac0 <alarm_pool_cancel_alarm+0x64>
10001a88:	2001      	movs	r0, #1
10001a8a:	2800      	cmp	r0, #0
10001a8c:	d048      	beq.n	10001b20 <alarm_pool_cancel_alarm+0xc4>
10001a8e:	6920      	ldr	r0, [r4, #16]
10001a90:	4288      	cmp	r0, r1
10001a92:	d02b      	beq.n	10001aec <alarm_pool_cancel_alarm+0x90>
10001a94:	0a09      	lsrs	r1, r1, #8
10001a96:	b2c9      	uxtb	r1, r1
10001a98:	2b00      	cmp	r3, #0
10001a9a:	d02e      	beq.n	10001afa <alarm_pool_cancel_alarm+0x9e>
10001a9c:	6820      	ldr	r0, [r4, #0]
10001a9e:	7b00      	ldrb	r0, [r0, #12]
10001aa0:	4283      	cmp	r3, r0
10001aa2:	d82a      	bhi.n	10001afa <alarm_pool_cancel_alarm+0x9e>
10001aa4:	1e58      	subs	r0, r3, #1
10001aa6:	68e6      	ldr	r6, [r4, #12]
10001aa8:	5c30      	ldrb	r0, [r6, r0]
10001aaa:	4288      	cmp	r0, r1
10001aac:	d02b      	beq.n	10001b06 <alarm_pool_cancel_alarm+0xaa>
10001aae:	2000      	movs	r0, #0
10001ab0:	6863      	ldr	r3, [r4, #4]
10001ab2:	f3bf 8f5f 	dmb	sy
10001ab6:	2200      	movs	r2, #0
10001ab8:	601a      	str	r2, [r3, #0]
10001aba:	f385 8810 	msr	PRIMASK, r5
10001abe:	bdf8      	pop	{r3, r4, r5, r6, r7, pc}
10001ac0:	2b00      	cmp	r3, #0
10001ac2:	d00d      	beq.n	10001ae0 <alarm_pool_cancel_alarm+0x84>
10001ac4:	7b16      	ldrb	r6, [r2, #12]
10001ac6:	42b3      	cmp	r3, r6
10001ac8:	d80a      	bhi.n	10001ae0 <alarm_pool_cancel_alarm+0x84>
10001aca:	005e      	lsls	r6, r3, #1
10001acc:	18f6      	adds	r6, r6, r3
10001ace:	3e03      	subs	r6, #3
10001ad0:	6817      	ldr	r7, [r2, #0]
10001ad2:	46bc      	mov	ip, r7
10001ad4:	4466      	add	r6, ip
10001ad6:	78b6      	ldrb	r6, [r6, #2]
10001ad8:	2e00      	cmp	r6, #0
10001ada:	d0d6      	beq.n	10001a8a <alarm_pool_cancel_alarm+0x2e>
10001adc:	2001      	movs	r0, #1
10001ade:	e7d4      	b.n	10001a8a <alarm_pool_cancel_alarm+0x2e>
10001ae0:	4b13      	ldr	r3, [pc, #76]	; (10001b30 <alarm_pool_cancel_alarm+0xd4>)
10001ae2:	4a14      	ldr	r2, [pc, #80]	; (10001b34 <alarm_pool_cancel_alarm+0xd8>)
10001ae4:	2168      	movs	r1, #104	; 0x68
10001ae6:	4814      	ldr	r0, [pc, #80]	; (10001b38 <alarm_pool_cancel_alarm+0xdc>)
10001ae8:	f000 fe24 	bl	10002734 <__assert_func>
10001aec:	212c      	movs	r1, #44	; 0x2c
10001aee:	4b13      	ldr	r3, [pc, #76]	; (10001b3c <alarm_pool_cancel_alarm+0xe0>)
10001af0:	4a13      	ldr	r2, [pc, #76]	; (10001b40 <alarm_pool_cancel_alarm+0xe4>)
10001af2:	31ff      	adds	r1, #255	; 0xff
10001af4:	4813      	ldr	r0, [pc, #76]	; (10001b44 <alarm_pool_cancel_alarm+0xe8>)
10001af6:	f000 fe1d 	bl	10002734 <__assert_func>
10001afa:	4b13      	ldr	r3, [pc, #76]	; (10001b48 <alarm_pool_cancel_alarm+0xec>)
10001afc:	4a13      	ldr	r2, [pc, #76]	; (10001b4c <alarm_pool_cancel_alarm+0xf0>)
10001afe:	2141      	movs	r1, #65	; 0x41
10001b00:	4810      	ldr	r0, [pc, #64]	; (10001b44 <alarm_pool_cancel_alarm+0xe8>)
10001b02:	f000 fe17 	bl	10002734 <__assert_func>
10001b06:	0019      	movs	r1, r3
10001b08:	0010      	movs	r0, r2
10001b0a:	f000 fb5b 	bl	100021c4 <ph_remove_and_free_node>
10001b0e:	2800      	cmp	r0, #0
10001b10:	d1ce      	bne.n	10001ab0 <alarm_pool_cancel_alarm+0x54>
10001b12:	2199      	movs	r1, #153	; 0x99
10001b14:	4b0e      	ldr	r3, [pc, #56]	; (10001b50 <alarm_pool_cancel_alarm+0xf4>)
10001b16:	4a0a      	ldr	r2, [pc, #40]	; (10001b40 <alarm_pool_cancel_alarm+0xe4>)
10001b18:	0049      	lsls	r1, r1, #1
10001b1a:	480a      	ldr	r0, [pc, #40]	; (10001b44 <alarm_pool_cancel_alarm+0xe8>)
10001b1c:	f000 fe0a 	bl	10002734 <__assert_func>
10001b20:	6923      	ldr	r3, [r4, #16]
10001b22:	428b      	cmp	r3, r1
10001b24:	d1c4      	bne.n	10001ab0 <alarm_pool_cancel_alarm+0x54>
10001b26:	2300      	movs	r3, #0
10001b28:	6123      	str	r3, [r4, #16]
10001b2a:	e7c1      	b.n	10001ab0 <alarm_pool_cancel_alarm+0x54>
10001b2c:	2000      	movs	r0, #0
10001b2e:	e7c6      	b.n	10001abe <alarm_pool_cancel_alarm+0x62>
10001b30:	1000ac34 	.word	0x1000ac34
10001b34:	1000aeac 	.word	0x1000aeac
10001b38:	1000ac50 	.word	0x1000ac50
10001b3c:	1000adcc 	.word	0x1000adcc
10001b40:	1000adf4 	.word	0x1000adf4
10001b44:	1000abbc 	.word	0x1000abbc
10001b48:	1000ac10 	.word	0x1000ac10
10001b4c:	1000ae64 	.word	0x1000ae64
10001b50:	1000adf0 	.word	0x1000adf0

10001b54 <alarm_pool_core_num>:
10001b54:	7d40      	ldrb	r0, [r0, #21]
10001b56:	4770      	bx	lr

10001b58 <best_effort_wfe_or_timeout>:
10001b58:	b570      	push	{r4, r5, r6, lr}
10001b5a:	b084      	sub	sp, #16
10001b5c:	0005      	movs	r5, r0
10001b5e:	000c      	movs	r4, r1
10001b60:	f3ef 8305 	mrs	r3, IPSR
10001b64:	2b00      	cmp	r3, #0
10001b66:	d11e      	bne.n	10001ba6 <best_effort_wfe_or_timeout+0x4e>
10001b68:	f7ff feae 	bl	100018c8 <alarm_pool_get_default>
10001b6c:	2300      	movs	r3, #0
10001b6e:	9302      	str	r3, [sp, #8]
10001b70:	9301      	str	r3, [sp, #4]
10001b72:	4b22      	ldr	r3, [pc, #136]	; (10001bfc <best_effort_wfe_or_timeout+0xa4>)
10001b74:	9300      	str	r3, [sp, #0]
10001b76:	002a      	movs	r2, r5
10001b78:	0023      	movs	r3, r4
10001b7a:	f7ff febb 	bl	100018f4 <alarm_pool_add_alarm_at>
10001b7e:	1e06      	subs	r6, r0, #0
10001b80:	dd23      	ble.n	10001bca <best_effort_wfe_or_timeout+0x72>
10001b82:	bf20      	wfe
10001b84:	f7ff fea0 	bl	100018c8 <alarm_pool_get_default>
10001b88:	0031      	movs	r1, r6
10001b8a:	f7ff ff67 	bl	10001a5c <alarm_pool_cancel_alarm>
10001b8e:	4b1c      	ldr	r3, [pc, #112]	; (10001c00 <best_effort_wfe_or_timeout+0xa8>)
10001b90:	6a5b      	ldr	r3, [r3, #36]	; 0x24
10001b92:	429c      	cmp	r4, r3
10001b94:	d82d      	bhi.n	10001bf2 <best_effort_wfe_or_timeout+0x9a>
10001b96:	4a1a      	ldr	r2, [pc, #104]	; (10001c00 <best_effort_wfe_or_timeout+0xa8>)
10001b98:	6a92      	ldr	r2, [r2, #40]	; 0x28
10001b9a:	42aa      	cmp	r2, r5
10001b9c:	d22c      	bcs.n	10001bf8 <best_effort_wfe_or_timeout+0xa0>
10001b9e:	429c      	cmp	r4, r3
10001ba0:	d025      	beq.n	10001bee <best_effort_wfe_or_timeout+0x96>
10001ba2:	2001      	movs	r0, #1
10001ba4:	e026      	b.n	10001bf4 <best_effort_wfe_or_timeout+0x9c>
10001ba6:	4b16      	ldr	r3, [pc, #88]	; (10001c00 <best_effort_wfe_or_timeout+0xa8>)
10001ba8:	6a5b      	ldr	r3, [r3, #36]	; 0x24
10001baa:	4299      	cmp	r1, r3
10001bac:	d809      	bhi.n	10001bc2 <best_effort_wfe_or_timeout+0x6a>
10001bae:	4a14      	ldr	r2, [pc, #80]	; (10001c00 <best_effort_wfe_or_timeout+0xa8>)
10001bb0:	6a92      	ldr	r2, [r2, #40]	; 0x28
10001bb2:	4282      	cmp	r2, r0
10001bb4:	d207      	bcs.n	10001bc6 <best_effort_wfe_or_timeout+0x6e>
10001bb6:	4299      	cmp	r1, r3
10001bb8:	d001      	beq.n	10001bbe <best_effort_wfe_or_timeout+0x66>
10001bba:	2001      	movs	r0, #1
10001bbc:	e01a      	b.n	10001bf4 <best_effort_wfe_or_timeout+0x9c>
10001bbe:	2000      	movs	r0, #0
10001bc0:	e018      	b.n	10001bf4 <best_effort_wfe_or_timeout+0x9c>
10001bc2:	2000      	movs	r0, #0
10001bc4:	e016      	b.n	10001bf4 <best_effort_wfe_or_timeout+0x9c>
10001bc6:	2001      	movs	r0, #1
10001bc8:	e014      	b.n	10001bf4 <best_effort_wfe_or_timeout+0x9c>
10001bca:	4b0d      	ldr	r3, [pc, #52]	; (10001c00 <best_effort_wfe_or_timeout+0xa8>)
10001bcc:	6a5b      	ldr	r3, [r3, #36]	; 0x24
10001bce:	429c      	cmp	r4, r3
10001bd0:	d809      	bhi.n	10001be6 <best_effort_wfe_or_timeout+0x8e>
10001bd2:	4a0b      	ldr	r2, [pc, #44]	; (10001c00 <best_effort_wfe_or_timeout+0xa8>)
10001bd4:	6a92      	ldr	r2, [r2, #40]	; 0x28
10001bd6:	42aa      	cmp	r2, r5
10001bd8:	d207      	bcs.n	10001bea <best_effort_wfe_or_timeout+0x92>
10001bda:	429c      	cmp	r4, r3
10001bdc:	d001      	beq.n	10001be2 <best_effort_wfe_or_timeout+0x8a>
10001bde:	2001      	movs	r0, #1
10001be0:	e008      	b.n	10001bf4 <best_effort_wfe_or_timeout+0x9c>
10001be2:	2000      	movs	r0, #0
10001be4:	e006      	b.n	10001bf4 <best_effort_wfe_or_timeout+0x9c>
10001be6:	2000      	movs	r0, #0
10001be8:	e004      	b.n	10001bf4 <best_effort_wfe_or_timeout+0x9c>
10001bea:	2001      	movs	r0, #1
10001bec:	e002      	b.n	10001bf4 <best_effort_wfe_or_timeout+0x9c>
10001bee:	2000      	movs	r0, #0
10001bf0:	e000      	b.n	10001bf4 <best_effort_wfe_or_timeout+0x9c>
10001bf2:	2000      	movs	r0, #0
10001bf4:	b004      	add	sp, #16
10001bf6:	bd70      	pop	{r4, r5, r6, pc}
10001bf8:	2001      	movs	r0, #1
10001bfa:	e7fb      	b.n	10001bf4 <best_effort_wfe_or_timeout+0x9c>
10001bfc:	10001249 	.word	0x10001249
10001c00:	40054000 	.word	0x40054000

10001c04 <hardware_alarm_irq_handler>:
10001c04:	b570      	push	{r4, r5, r6, lr}
10001c06:	f3ef 8005 	mrs	r0, IPSR
10001c0a:	3810      	subs	r0, #16
10001c0c:	f3ef 8c10 	mrs	ip, PRIMASK
10001c10:	b672      	cpsid	i
10001c12:	4b1a      	ldr	r3, [pc, #104]	; (10001c7c <hardware_alarm_irq_handler+0x78>)
10001c14:	681b      	ldr	r3, [r3, #0]
10001c16:	2b00      	cmp	r3, #0
10001c18:	d0fb      	beq.n	10001c12 <hardware_alarm_irq_handler+0xe>
10001c1a:	f3bf 8f5f 	dmb	sy
10001c1e:	2201      	movs	r2, #1
10001c20:	0013      	movs	r3, r2
10001c22:	4083      	lsls	r3, r0
10001c24:	4916      	ldr	r1, [pc, #88]	; (10001c80 <hardware_alarm_irq_handler+0x7c>)
10001c26:	634b      	str	r3, [r1, #52]	; 0x34
10001c28:	4916      	ldr	r1, [pc, #88]	; (10001c84 <hardware_alarm_irq_handler+0x80>)
10001c2a:	600b      	str	r3, [r1, #0]
10001c2c:	4916      	ldr	r1, [pc, #88]	; (10001c88 <hardware_alarm_irq_handler+0x84>)
10001c2e:	7809      	ldrb	r1, [r1, #0]
10001c30:	000c      	movs	r4, r1
10001c32:	40c4      	lsrs	r4, r0
10001c34:	4222      	tst	r2, r4
10001c36:	d014      	beq.n	10001c62 <hardware_alarm_irq_handler+0x5e>
10001c38:	4a11      	ldr	r2, [pc, #68]	; (10001c80 <hardware_alarm_irq_handler+0x7c>)
10001c3a:	6a54      	ldr	r4, [r2, #36]	; 0x24
10001c3c:	0082      	lsls	r2, r0, #2
10001c3e:	4d13      	ldr	r5, [pc, #76]	; (10001c8c <hardware_alarm_irq_handler+0x88>)
10001c40:	5952      	ldr	r2, [r2, r5]
10001c42:	4294      	cmp	r4, r2
10001c44:	d306      	bcc.n	10001c54 <hardware_alarm_irq_handler+0x50>
10001c46:	0082      	lsls	r2, r0, #2
10001c48:	4c11      	ldr	r4, [pc, #68]	; (10001c90 <hardware_alarm_irq_handler+0x8c>)
10001c4a:	5912      	ldr	r2, [r2, r4]
10001c4c:	4399      	bics	r1, r3
10001c4e:	4b0e      	ldr	r3, [pc, #56]	; (10001c88 <hardware_alarm_irq_handler+0x84>)
10001c50:	7019      	strb	r1, [r3, #0]
10001c52:	e007      	b.n	10001c64 <hardware_alarm_irq_handler+0x60>
10001c54:	4a0a      	ldr	r2, [pc, #40]	; (10001c80 <hardware_alarm_irq_handler+0x7c>)
10001c56:	1d03      	adds	r3, r0, #4
10001c58:	009b      	lsls	r3, r3, #2
10001c5a:	5899      	ldr	r1, [r3, r2]
10001c5c:	5099      	str	r1, [r3, r2]
10001c5e:	2200      	movs	r2, #0
10001c60:	e000      	b.n	10001c64 <hardware_alarm_irq_handler+0x60>
10001c62:	2200      	movs	r2, #0
10001c64:	f3bf 8f5f 	dmb	sy
10001c68:	4b04      	ldr	r3, [pc, #16]	; (10001c7c <hardware_alarm_irq_handler+0x78>)
10001c6a:	2100      	movs	r1, #0
10001c6c:	6019      	str	r1, [r3, #0]
10001c6e:	f38c 8810 	msr	PRIMASK, ip
10001c72:	2a00      	cmp	r2, #0
10001c74:	d000      	beq.n	10001c78 <hardware_alarm_irq_handler+0x74>
10001c76:	4790      	blx	r2
10001c78:	bd70      	pop	{r4, r5, r6, pc}
10001c7a:	46c0      	nop			; (mov r8, r8)
10001c7c:	d0000128 	.word	0xd0000128
10001c80:	40054000 	.word	0x40054000
10001c84:	4005703c 	.word	0x4005703c
10001c88:	2000248b 	.word	0x2000248b
10001c8c:	20002460 	.word	0x20002460
10001c90:	20001c40 	.word	0x20001c40

10001c94 <hardware_alarm_claim>:
10001c94:	b510      	push	{r4, lr}
10001c96:	0001      	movs	r1, r0
10001c98:	4a02      	ldr	r2, [pc, #8]	; (10001ca4 <hardware_alarm_claim+0x10>)
10001c9a:	4803      	ldr	r0, [pc, #12]	; (10001ca8 <hardware_alarm_claim+0x14>)
10001c9c:	f7fe feba 	bl	10000a14 <hw_claim_or_assert>
10001ca0:	bd10      	pop	{r4, pc}
10001ca2:	46c0      	nop			; (mov r8, r8)
10001ca4:	1000aed0 	.word	0x1000aed0
10001ca8:	20002484 	.word	0x20002484

10001cac <time_us_64>:
10001cac:	4b04      	ldr	r3, [pc, #16]	; (10001cc0 <time_us_64+0x14>)
10001cae:	6a5b      	ldr	r3, [r3, #36]	; 0x24
10001cb0:	4a03      	ldr	r2, [pc, #12]	; (10001cc0 <time_us_64+0x14>)
10001cb2:	6a90      	ldr	r0, [r2, #40]	; 0x28
10001cb4:	0019      	movs	r1, r3
10001cb6:	6a53      	ldr	r3, [r2, #36]	; 0x24
10001cb8:	4299      	cmp	r1, r3
10001cba:	d1f9      	bne.n	10001cb0 <time_us_64+0x4>
10001cbc:	4770      	bx	lr
10001cbe:	46c0      	nop			; (mov r8, r8)
10001cc0:	40054000 	.word	0x40054000

10001cc4 <hardware_alarm_set_callback>:
10001cc4:	b570      	push	{r4, r5, r6, lr}
10001cc6:	0004      	movs	r4, r0
10001cc8:	000d      	movs	r5, r1
10001cca:	f3ef 8610 	mrs	r6, PRIMASK
10001cce:	b672      	cpsid	i
10001cd0:	4b1b      	ldr	r3, [pc, #108]	; (10001d40 <hardware_alarm_set_callback+0x7c>)
10001cd2:	681b      	ldr	r3, [r3, #0]
10001cd4:	2b00      	cmp	r3, #0
10001cd6:	d0fb      	beq.n	10001cd0 <hardware_alarm_set_callback+0xc>
10001cd8:	f3bf 8f5f 	dmb	sy
10001cdc:	2d00      	cmp	r5, #0
10001cde:	d01c      	beq.n	10001d1a <hardware_alarm_set_callback+0x56>
10001ce0:	0020      	movs	r0, r4
10001ce2:	f7fe ff8b 	bl	10000bfc <irq_get_vtable_handler>
10001ce6:	4b17      	ldr	r3, [pc, #92]	; (10001d44 <hardware_alarm_set_callback+0x80>)
10001ce8:	4283      	cmp	r3, r0
10001cea:	d00b      	beq.n	10001d04 <hardware_alarm_set_callback+0x40>
10001cec:	0019      	movs	r1, r3
10001cee:	0020      	movs	r0, r4
10001cf0:	f7fe ff9e 	bl	10000c30 <irq_set_exclusive_handler>
10001cf4:	2101      	movs	r1, #1
10001cf6:	0020      	movs	r0, r4
10001cf8:	f7fe ff70 	bl	10000bdc <irq_set_enabled>
10001cfc:	2301      	movs	r3, #1
10001cfe:	40a3      	lsls	r3, r4
10001d00:	4a11      	ldr	r2, [pc, #68]	; (10001d48 <hardware_alarm_set_callback+0x84>)
10001d02:	6013      	str	r3, [r2, #0]
10001d04:	00a4      	lsls	r4, r4, #2
10001d06:	4b11      	ldr	r3, [pc, #68]	; (10001d4c <hardware_alarm_set_callback+0x88>)
10001d08:	50e5      	str	r5, [r4, r3]
10001d0a:	f3bf 8f5f 	dmb	sy
10001d0e:	4b0c      	ldr	r3, [pc, #48]	; (10001d40 <hardware_alarm_set_callback+0x7c>)
10001d10:	2200      	movs	r2, #0
10001d12:	601a      	str	r2, [r3, #0]
10001d14:	f386 8810 	msr	PRIMASK, r6
10001d18:	bd70      	pop	{r4, r5, r6, pc}
10001d1a:	00a2      	lsls	r2, r4, #2
10001d1c:	4b0b      	ldr	r3, [pc, #44]	; (10001d4c <hardware_alarm_set_callback+0x88>)
10001d1e:	2100      	movs	r1, #0
10001d20:	50d1      	str	r1, [r2, r3]
10001d22:	2201      	movs	r2, #1
10001d24:	40a2      	lsls	r2, r4
10001d26:	490a      	ldr	r1, [pc, #40]	; (10001d50 <hardware_alarm_set_callback+0x8c>)
10001d28:	780b      	ldrb	r3, [r1, #0]
10001d2a:	4393      	bics	r3, r2
10001d2c:	700b      	strb	r3, [r1, #0]
10001d2e:	4905      	ldr	r1, [pc, #20]	; (10001d44 <hardware_alarm_set_callback+0x80>)
10001d30:	0020      	movs	r0, r4
10001d32:	f7ff f8c1 	bl	10000eb8 <irq_remove_handler>
10001d36:	2100      	movs	r1, #0
10001d38:	0020      	movs	r0, r4
10001d3a:	f7fe ff4f 	bl	10000bdc <irq_set_enabled>
10001d3e:	e7e4      	b.n	10001d0a <hardware_alarm_set_callback+0x46>
10001d40:	d0000128 	.word	0xd0000128
10001d44:	10001c05 	.word	0x10001c05
10001d48:	40056038 	.word	0x40056038
10001d4c:	20001c40 	.word	0x20001c40
10001d50:	2000248b 	.word	0x2000248b

10001d54 <hardware_alarm_set_target>:
10001d54:	b5f0      	push	{r4, r5, r6, r7, lr}
10001d56:	46de      	mov	lr, fp
10001d58:	b500      	push	{lr}
10001d5a:	b084      	sub	sp, #16
10001d5c:	0004      	movs	r4, r0
10001d5e:	0015      	movs	r5, r2
10001d60:	9201      	str	r2, [sp, #4]
10001d62:	001e      	movs	r6, r3
10001d64:	9302      	str	r3, [sp, #8]
10001d66:	f7ff ffa1 	bl	10001cac <time_us_64>
10001d6a:	9503      	str	r5, [sp, #12]
10001d6c:	428e      	cmp	r6, r1
10001d6e:	d802      	bhi.n	10001d76 <hardware_alarm_set_target+0x22>
10001d70:	d14e      	bne.n	10001e10 <hardware_alarm_set_target+0xbc>
10001d72:	4285      	cmp	r5, r0
10001d74:	d94c      	bls.n	10001e10 <hardware_alarm_set_target+0xbc>
10001d76:	f3ef 8b10 	mrs	fp, PRIMASK
10001d7a:	b672      	cpsid	i
10001d7c:	4b27      	ldr	r3, [pc, #156]	; (10001e1c <hardware_alarm_set_target+0xc8>)
10001d7e:	681b      	ldr	r3, [r3, #0]
10001d80:	2b00      	cmp	r3, #0
10001d82:	d0fb      	beq.n	10001d7c <hardware_alarm_set_target+0x28>
10001d84:	f3bf 8f5f 	dmb	sy
10001d88:	4a25      	ldr	r2, [pc, #148]	; (10001e20 <hardware_alarm_set_target+0xcc>)
10001d8a:	7817      	ldrb	r7, [r2, #0]
10001d8c:	2501      	movs	r5, #1
10001d8e:	40a5      	lsls	r5, r4
10001d90:	b2eb      	uxtb	r3, r5
10001d92:	433b      	orrs	r3, r7
10001d94:	7013      	strb	r3, [r2, #0]
10001d96:	4b23      	ldr	r3, [pc, #140]	; (10001e24 <hardware_alarm_set_target+0xd0>)
10001d98:	635d      	str	r5, [r3, #52]	; 0x34
10001d9a:	1d22      	adds	r2, r4, #4
10001d9c:	0092      	lsls	r2, r2, #2
10001d9e:	9901      	ldr	r1, [sp, #4]
10001da0:	50d1      	str	r1, [r2, r3]
10001da2:	00a2      	lsls	r2, r4, #2
10001da4:	4920      	ldr	r1, [pc, #128]	; (10001e28 <hardware_alarm_set_target+0xd4>)
10001da6:	9802      	ldr	r0, [sp, #8]
10001da8:	5050      	str	r0, [r2, r1]
10001daa:	6a1b      	ldr	r3, [r3, #32]
10001dac:	422b      	tst	r3, r5
10001dae:	d112      	bne.n	10001dd6 <hardware_alarm_set_target+0x82>
10001db0:	4b1c      	ldr	r3, [pc, #112]	; (10001e24 <hardware_alarm_set_target+0xd0>)
10001db2:	6c1b      	ldr	r3, [r3, #64]	; 0x40
10001db4:	422b      	tst	r3, r5
10001db6:	d008      	beq.n	10001dca <hardware_alarm_set_target+0x76>
10001db8:	2000      	movs	r0, #0
10001dba:	f3bf 8f5f 	dmb	sy
10001dbe:	4b17      	ldr	r3, [pc, #92]	; (10001e1c <hardware_alarm_set_target+0xc8>)
10001dc0:	2200      	movs	r2, #0
10001dc2:	601a      	str	r2, [r3, #0]
10001dc4:	f38b 8810 	msr	PRIMASK, fp
10001dc8:	e023      	b.n	10001e12 <hardware_alarm_set_target+0xbe>
10001dca:	4b18      	ldr	r3, [pc, #96]	; (10001e2c <hardware_alarm_set_target+0xd8>)
10001dcc:	4a18      	ldr	r2, [pc, #96]	; (10001e30 <hardware_alarm_set_target+0xdc>)
10001dce:	21c5      	movs	r1, #197	; 0xc5
10001dd0:	4818      	ldr	r0, [pc, #96]	; (10001e34 <hardware_alarm_set_target+0xe0>)
10001dd2:	f000 fcaf 	bl	10002734 <__assert_func>
10001dd6:	f7ff ff69 	bl	10001cac <time_us_64>
10001dda:	428e      	cmp	r6, r1
10001ddc:	d814      	bhi.n	10001e08 <hardware_alarm_set_target+0xb4>
10001dde:	d102      	bne.n	10001de6 <hardware_alarm_set_target+0x92>
10001de0:	9b03      	ldr	r3, [sp, #12]
10001de2:	4283      	cmp	r3, r0
10001de4:	d810      	bhi.n	10001e08 <hardware_alarm_set_target+0xb4>
10001de6:	4b0e      	ldr	r3, [pc, #56]	; (10001e20 <hardware_alarm_set_target+0xcc>)
10001de8:	781b      	ldrb	r3, [r3, #0]
10001dea:	42bb      	cmp	r3, r7
10001dec:	d00e      	beq.n	10001e0c <hardware_alarm_set_target+0xb8>
10001dee:	4b0d      	ldr	r3, [pc, #52]	; (10001e24 <hardware_alarm_set_target+0xd0>)
10001df0:	621d      	str	r5, [r3, #32]
10001df2:	635d      	str	r5, [r3, #52]	; 0x34
10001df4:	201f      	movs	r0, #31
10001df6:	4004      	ands	r4, r0
10001df8:	2301      	movs	r3, #1
10001dfa:	40a3      	lsls	r3, r4
10001dfc:	4a0e      	ldr	r2, [pc, #56]	; (10001e38 <hardware_alarm_set_target+0xe4>)
10001dfe:	6013      	str	r3, [r2, #0]
10001e00:	4b07      	ldr	r3, [pc, #28]	; (10001e20 <hardware_alarm_set_target+0xcc>)
10001e02:	701f      	strb	r7, [r3, #0]
10001e04:	381e      	subs	r0, #30
10001e06:	e7d8      	b.n	10001dba <hardware_alarm_set_target+0x66>
10001e08:	2000      	movs	r0, #0
10001e0a:	e7d6      	b.n	10001dba <hardware_alarm_set_target+0x66>
10001e0c:	2001      	movs	r0, #1
10001e0e:	e7d4      	b.n	10001dba <hardware_alarm_set_target+0x66>
10001e10:	2001      	movs	r0, #1
10001e12:	b004      	add	sp, #16
10001e14:	bc80      	pop	{r7}
10001e16:	46bb      	mov	fp, r7
10001e18:	bdf0      	pop	{r4, r5, r6, r7, pc}
10001e1a:	46c0      	nop			; (mov r8, r8)
10001e1c:	d0000128 	.word	0xd0000128
10001e20:	2000248b 	.word	0x2000248b
10001e24:	40054000 	.word	0x40054000
10001e28:	20002460 	.word	0x20002460
10001e2c:	1000aef4 	.word	0x1000aef4
10001e30:	1000af78 	.word	0x1000af78
10001e34:	1000af18 	.word	0x1000af18
10001e38:	e000e280 	.word	0xe000e280

10001e3c <hardware_alarm_cancel>:
10001e3c:	f3ef 8c10 	mrs	ip, PRIMASK
10001e40:	b672      	cpsid	i
10001e42:	4b0b      	ldr	r3, [pc, #44]	; (10001e70 <hardware_alarm_cancel+0x34>)
10001e44:	681b      	ldr	r3, [r3, #0]
10001e46:	2b00      	cmp	r3, #0
10001e48:	d0fb      	beq.n	10001e42 <hardware_alarm_cancel+0x6>
10001e4a:	f3bf 8f5f 	dmb	sy
10001e4e:	2301      	movs	r3, #1
10001e50:	4083      	lsls	r3, r0
10001e52:	4a08      	ldr	r2, [pc, #32]	; (10001e74 <hardware_alarm_cancel+0x38>)
10001e54:	6213      	str	r3, [r2, #32]
10001e56:	4908      	ldr	r1, [pc, #32]	; (10001e78 <hardware_alarm_cancel+0x3c>)
10001e58:	780a      	ldrb	r2, [r1, #0]
10001e5a:	439a      	bics	r2, r3
10001e5c:	700a      	strb	r2, [r1, #0]
10001e5e:	f3bf 8f5f 	dmb	sy
10001e62:	4b03      	ldr	r3, [pc, #12]	; (10001e70 <hardware_alarm_cancel+0x34>)
10001e64:	2200      	movs	r2, #0
10001e66:	601a      	str	r2, [r3, #0]
10001e68:	f38c 8810 	msr	PRIMASK, ip
10001e6c:	4770      	bx	lr
10001e6e:	46c0      	nop			; (mov r8, r8)
10001e70:	d0000128 	.word	0xd0000128
10001e74:	40054000 	.word	0x40054000
10001e78:	2000248b 	.word	0x2000248b

10001e7c <ph_add_child_node>:
10001e7c:	b510      	push	{r4, lr}
10001e7e:	2900      	cmp	r1, #0
10001e80:	d01e      	beq.n	10001ec0 <ph_add_child_node+0x44>
10001e82:	7b03      	ldrb	r3, [r0, #12]
10001e84:	4299      	cmp	r1, r3
10001e86:	d81b      	bhi.n	10001ec0 <ph_add_child_node+0x44>
10001e88:	004b      	lsls	r3, r1, #1
10001e8a:	185b      	adds	r3, r3, r1
10001e8c:	3b03      	subs	r3, #3
10001e8e:	6804      	ldr	r4, [r0, #0]
10001e90:	46a4      	mov	ip, r4
10001e92:	4463      	add	r3, ip
10001e94:	2900      	cmp	r1, #0
10001e96:	d019      	beq.n	10001ecc <ph_add_child_node+0x50>
10001e98:	2a00      	cmp	r2, #0
10001e9a:	d01d      	beq.n	10001ed8 <ph_add_child_node+0x5c>
10001e9c:	4291      	cmp	r1, r2
10001e9e:	d021      	beq.n	10001ee4 <ph_add_child_node+0x68>
10001ea0:	2a00      	cmp	r2, #0
10001ea2:	d025      	beq.n	10001ef0 <ph_add_child_node+0x74>
10001ea4:	7b04      	ldrb	r4, [r0, #12]
10001ea6:	42a2      	cmp	r2, r4
10001ea8:	d822      	bhi.n	10001ef0 <ph_add_child_node+0x74>
10001eaa:	6804      	ldr	r4, [r0, #0]
10001eac:	0050      	lsls	r0, r2, #1
10001eae:	1880      	adds	r0, r0, r2
10001eb0:	3803      	subs	r0, #3
10001eb2:	1820      	adds	r0, r4, r0
10001eb4:	7081      	strb	r1, [r0, #2]
10001eb6:	7819      	ldrb	r1, [r3, #0]
10001eb8:	2900      	cmp	r1, #0
10001eba:	d11f      	bne.n	10001efc <ph_add_child_node+0x80>
10001ebc:	701a      	strb	r2, [r3, #0]
10001ebe:	bd10      	pop	{r4, pc}
10001ec0:	4b10      	ldr	r3, [pc, #64]	; (10001f04 <ph_add_child_node+0x88>)
10001ec2:	4a11      	ldr	r2, [pc, #68]	; (10001f08 <ph_add_child_node+0x8c>)
10001ec4:	2168      	movs	r1, #104	; 0x68
10001ec6:	4811      	ldr	r0, [pc, #68]	; (10001f0c <ph_add_child_node+0x90>)
10001ec8:	f000 fc34 	bl	10002734 <__assert_func>
10001ecc:	4b10      	ldr	r3, [pc, #64]	; (10001f10 <ph_add_child_node+0x94>)
10001ece:	4a11      	ldr	r2, [pc, #68]	; (10001f14 <ph_add_child_node+0x98>)
10001ed0:	316f      	adds	r1, #111	; 0x6f
10001ed2:	480e      	ldr	r0, [pc, #56]	; (10001f0c <ph_add_child_node+0x90>)
10001ed4:	f000 fc2e 	bl	10002734 <__assert_func>
10001ed8:	4b0f      	ldr	r3, [pc, #60]	; (10001f18 <ph_add_child_node+0x9c>)
10001eda:	4a0e      	ldr	r2, [pc, #56]	; (10001f14 <ph_add_child_node+0x98>)
10001edc:	2170      	movs	r1, #112	; 0x70
10001ede:	480b      	ldr	r0, [pc, #44]	; (10001f0c <ph_add_child_node+0x90>)
10001ee0:	f000 fc28 	bl	10002734 <__assert_func>
10001ee4:	4b0d      	ldr	r3, [pc, #52]	; (10001f1c <ph_add_child_node+0xa0>)
10001ee6:	4a0b      	ldr	r2, [pc, #44]	; (10001f14 <ph_add_child_node+0x98>)
10001ee8:	2171      	movs	r1, #113	; 0x71
10001eea:	4808      	ldr	r0, [pc, #32]	; (10001f0c <ph_add_child_node+0x90>)
10001eec:	f000 fc22 	bl	10002734 <__assert_func>
10001ef0:	4b04      	ldr	r3, [pc, #16]	; (10001f04 <ph_add_child_node+0x88>)
10001ef2:	4a05      	ldr	r2, [pc, #20]	; (10001f08 <ph_add_child_node+0x8c>)
10001ef4:	2168      	movs	r1, #104	; 0x68
10001ef6:	4805      	ldr	r0, [pc, #20]	; (10001f0c <ph_add_child_node+0x90>)
10001ef8:	f000 fc1c 	bl	10002734 <__assert_func>
10001efc:	7041      	strb	r1, [r0, #1]
10001efe:	701a      	strb	r2, [r3, #0]
10001f00:	e7dd      	b.n	10001ebe <ph_add_child_node+0x42>
10001f02:	46c0      	nop			; (mov r8, r8)
10001f04:	1000ac34 	.word	0x1000ac34
10001f08:	1000b09c 	.word	0x1000b09c
10001f0c:	1000ac50 	.word	0x1000ac50
10001f10:	1000acb8 	.word	0x1000acb8
10001f14:	1000b088 	.word	0x1000b088
10001f18:	1000acc4 	.word	0x1000acc4
10001f1c:	1000acd0 	.word	0x1000acd0

10001f20 <ph_merge_nodes>:
10001f20:	b570      	push	{r4, r5, r6, lr}
10001f22:	0006      	movs	r6, r0
10001f24:	000d      	movs	r5, r1
10001f26:	0014      	movs	r4, r2
10001f28:	2900      	cmp	r1, #0
10001f2a:	d014      	beq.n	10001f56 <ph_merge_nodes+0x36>
10001f2c:	2a00      	cmp	r2, #0
10001f2e:	d014      	beq.n	10001f5a <ph_merge_nodes+0x3a>
10001f30:	6880      	ldr	r0, [r0, #8]
10001f32:	6873      	ldr	r3, [r6, #4]
10001f34:	4798      	blx	r3
10001f36:	2800      	cmp	r0, #0
10001f38:	d006      	beq.n	10001f48 <ph_merge_nodes+0x28>
10001f3a:	0022      	movs	r2, r4
10001f3c:	0029      	movs	r1, r5
10001f3e:	0030      	movs	r0, r6
10001f40:	f7ff ff9c 	bl	10001e7c <ph_add_child_node>
10001f44:	0028      	movs	r0, r5
10001f46:	e007      	b.n	10001f58 <ph_merge_nodes+0x38>
10001f48:	002a      	movs	r2, r5
10001f4a:	0021      	movs	r1, r4
10001f4c:	0030      	movs	r0, r6
10001f4e:	f7ff ff95 	bl	10001e7c <ph_add_child_node>
10001f52:	0020      	movs	r0, r4
10001f54:	e000      	b.n	10001f58 <ph_merge_nodes+0x38>
10001f56:	0010      	movs	r0, r2
10001f58:	bd70      	pop	{r4, r5, r6, pc}
10001f5a:	0008      	movs	r0, r1
10001f5c:	e7fc      	b.n	10001f58 <ph_merge_nodes+0x38>
	...

10001f60 <ph_clear>:
10001f60:	b510      	push	{r4, lr}
10001f62:	2300      	movs	r3, #0
10001f64:	7343      	strb	r3, [r0, #13]
10001f66:	3301      	adds	r3, #1
10001f68:	7383      	strb	r3, [r0, #14]
10001f6a:	7b03      	ldrb	r3, [r0, #12]
10001f6c:	73c3      	strb	r3, [r0, #15]
10001f6e:	2301      	movs	r3, #1
10001f70:	7b02      	ldrb	r2, [r0, #12]
10001f72:	429a      	cmp	r2, r3
10001f74:	d914      	bls.n	10001fa0 <ph_clear+0x40>
10001f76:	2b00      	cmp	r3, #0
10001f78:	d00c      	beq.n	10001f94 <ph_clear+0x34>
10001f7a:	7b02      	ldrb	r2, [r0, #12]
10001f7c:	4293      	cmp	r3, r2
10001f7e:	d809      	bhi.n	10001f94 <ph_clear+0x34>
10001f80:	005a      	lsls	r2, r3, #1
10001f82:	18d2      	adds	r2, r2, r3
10001f84:	3a03      	subs	r2, #3
10001f86:	6801      	ldr	r1, [r0, #0]
10001f88:	468c      	mov	ip, r1
10001f8a:	4462      	add	r2, ip
10001f8c:	3301      	adds	r3, #1
10001f8e:	b2db      	uxtb	r3, r3
10001f90:	7053      	strb	r3, [r2, #1]
10001f92:	e7ed      	b.n	10001f70 <ph_clear+0x10>
10001f94:	4b0b      	ldr	r3, [pc, #44]	; (10001fc4 <ph_clear+0x64>)
10001f96:	4a0c      	ldr	r2, [pc, #48]	; (10001fc8 <ph_clear+0x68>)
10001f98:	2168      	movs	r1, #104	; 0x68
10001f9a:	480c      	ldr	r0, [pc, #48]	; (10001fcc <ph_clear+0x6c>)
10001f9c:	f000 fbca 	bl	10002734 <__assert_func>
10001fa0:	2a00      	cmp	r2, #0
10001fa2:	d009      	beq.n	10001fb8 <ph_clear+0x58>
10001fa4:	4292      	cmp	r2, r2
10001fa6:	d807      	bhi.n	10001fb8 <ph_clear+0x58>
10001fa8:	6801      	ldr	r1, [r0, #0]
10001faa:	0053      	lsls	r3, r2, #1
10001fac:	189a      	adds	r2, r3, r2
10001fae:	3a03      	subs	r2, #3
10001fb0:	188a      	adds	r2, r1, r2
10001fb2:	2300      	movs	r3, #0
10001fb4:	7053      	strb	r3, [r2, #1]
10001fb6:	bd10      	pop	{r4, pc}
10001fb8:	4b02      	ldr	r3, [pc, #8]	; (10001fc4 <ph_clear+0x64>)
10001fba:	4a03      	ldr	r2, [pc, #12]	; (10001fc8 <ph_clear+0x68>)
10001fbc:	2168      	movs	r1, #104	; 0x68
10001fbe:	4803      	ldr	r0, [pc, #12]	; (10001fcc <ph_clear+0x6c>)
10001fc0:	f000 fbb8 	bl	10002734 <__assert_func>
10001fc4:	1000ac34 	.word	0x1000ac34
10001fc8:	1000b09c 	.word	0x1000b09c
10001fcc:	1000ac50 	.word	0x1000ac50

10001fd0 <ph_post_alloc_init>:
10001fd0:	b510      	push	{r4, lr}
10001fd2:	7301      	strb	r1, [r0, #12]
10001fd4:	6042      	str	r2, [r0, #4]
10001fd6:	6083      	str	r3, [r0, #8]
10001fd8:	f7ff ffc2 	bl	10001f60 <ph_clear>
10001fdc:	bd10      	pop	{r4, pc}
	...

10001fe0 <ph_merge_two_pass>:
10001fe0:	b570      	push	{r4, r5, r6, lr}
10001fe2:	0004      	movs	r4, r0
10001fe4:	1e08      	subs	r0, r1, #0
10001fe6:	d100      	bne.n	10001fea <ph_merge_two_pass+0xa>
10001fe8:	bd70      	pop	{r4, r5, r6, pc}
10001fea:	2900      	cmp	r1, #0
10001fec:	d034      	beq.n	10002058 <ph_merge_two_pass+0x78>
10001fee:	7b23      	ldrb	r3, [r4, #12]
10001ff0:	4299      	cmp	r1, r3
10001ff2:	d831      	bhi.n	10002058 <ph_merge_two_pass+0x78>
10001ff4:	004b      	lsls	r3, r1, #1
10001ff6:	185b      	adds	r3, r3, r1
10001ff8:	3b03      	subs	r3, #3
10001ffa:	6822      	ldr	r2, [r4, #0]
10001ffc:	4694      	mov	ip, r2
10001ffe:	4463      	add	r3, ip
10002000:	785a      	ldrb	r2, [r3, #1]
10002002:	2a00      	cmp	r2, #0
10002004:	d0f0      	beq.n	10001fe8 <ph_merge_two_pass+0x8>
10002006:	d02d      	beq.n	10002064 <ph_merge_two_pass+0x84>
10002008:	7b23      	ldrb	r3, [r4, #12]
1000200a:	429a      	cmp	r2, r3
1000200c:	d82a      	bhi.n	10002064 <ph_merge_two_pass+0x84>
1000200e:	0053      	lsls	r3, r2, #1
10002010:	189b      	adds	r3, r3, r2
10002012:	3b03      	subs	r3, #3
10002014:	6821      	ldr	r1, [r4, #0]
10002016:	468c      	mov	ip, r1
10002018:	4463      	add	r3, ip
1000201a:	785d      	ldrb	r5, [r3, #1]
1000201c:	2100      	movs	r1, #0
1000201e:	7059      	strb	r1, [r3, #1]
10002020:	2800      	cmp	r0, #0
10002022:	d025      	beq.n	10002070 <ph_merge_two_pass+0x90>
10002024:	7b23      	ldrb	r3, [r4, #12]
10002026:	4298      	cmp	r0, r3
10002028:	d822      	bhi.n	10002070 <ph_merge_two_pass+0x90>
1000202a:	0043      	lsls	r3, r0, #1
1000202c:	181b      	adds	r3, r3, r0
1000202e:	3b03      	subs	r3, #3
10002030:	6821      	ldr	r1, [r4, #0]
10002032:	468c      	mov	ip, r1
10002034:	4463      	add	r3, ip
10002036:	2100      	movs	r1, #0
10002038:	7059      	strb	r1, [r3, #1]
1000203a:	0001      	movs	r1, r0
1000203c:	0020      	movs	r0, r4
1000203e:	f7ff ff6f 	bl	10001f20 <ph_merge_nodes>
10002042:	0006      	movs	r6, r0
10002044:	0029      	movs	r1, r5
10002046:	0020      	movs	r0, r4
10002048:	f7ff ffca 	bl	10001fe0 <ph_merge_two_pass>
1000204c:	0002      	movs	r2, r0
1000204e:	0031      	movs	r1, r6
10002050:	0020      	movs	r0, r4
10002052:	f7ff ff65 	bl	10001f20 <ph_merge_nodes>
10002056:	e7c7      	b.n	10001fe8 <ph_merge_two_pass+0x8>
10002058:	4b08      	ldr	r3, [pc, #32]	; (1000207c <ph_merge_two_pass+0x9c>)
1000205a:	4a09      	ldr	r2, [pc, #36]	; (10002080 <ph_merge_two_pass+0xa0>)
1000205c:	2168      	movs	r1, #104	; 0x68
1000205e:	4809      	ldr	r0, [pc, #36]	; (10002084 <ph_merge_two_pass+0xa4>)
10002060:	f000 fb68 	bl	10002734 <__assert_func>
10002064:	4b05      	ldr	r3, [pc, #20]	; (1000207c <ph_merge_two_pass+0x9c>)
10002066:	4a06      	ldr	r2, [pc, #24]	; (10002080 <ph_merge_two_pass+0xa0>)
10002068:	2168      	movs	r1, #104	; 0x68
1000206a:	4806      	ldr	r0, [pc, #24]	; (10002084 <ph_merge_two_pass+0xa4>)
1000206c:	f000 fb62 	bl	10002734 <__assert_func>
10002070:	4b02      	ldr	r3, [pc, #8]	; (1000207c <ph_merge_two_pass+0x9c>)
10002072:	4a03      	ldr	r2, [pc, #12]	; (10002080 <ph_merge_two_pass+0xa0>)
10002074:	2168      	movs	r1, #104	; 0x68
10002076:	4803      	ldr	r0, [pc, #12]	; (10002084 <ph_merge_two_pass+0xa4>)
10002078:	f000 fb5c 	bl	10002734 <__assert_func>
1000207c:	1000ac34 	.word	0x1000ac34
10002080:	1000b09c 	.word	0x1000b09c
10002084:	1000ac50 	.word	0x1000ac50

10002088 <ph_remove_any_head>:
10002088:	b570      	push	{r4, r5, r6, lr}
1000208a:	0005      	movs	r5, r0
1000208c:	000c      	movs	r4, r1
1000208e:	0016      	movs	r6, r2
10002090:	2900      	cmp	r1, #0
10002092:	d02f      	beq.n	100020f4 <ph_remove_any_head+0x6c>
10002094:	d034      	beq.n	10002100 <ph_remove_any_head+0x78>
10002096:	7b03      	ldrb	r3, [r0, #12]
10002098:	4299      	cmp	r1, r3
1000209a:	d831      	bhi.n	10002100 <ph_remove_any_head+0x78>
1000209c:	004b      	lsls	r3, r1, #1
1000209e:	185b      	adds	r3, r3, r1
100020a0:	3b03      	subs	r3, #3
100020a2:	6802      	ldr	r2, [r0, #0]
100020a4:	4694      	mov	ip, r2
100020a6:	4463      	add	r3, ip
100020a8:	785a      	ldrb	r2, [r3, #1]
100020aa:	2a00      	cmp	r2, #0
100020ac:	d12e      	bne.n	1000210c <ph_remove_any_head+0x84>
100020ae:	789a      	ldrb	r2, [r3, #2]
100020b0:	2a00      	cmp	r2, #0
100020b2:	d131      	bne.n	10002118 <ph_remove_any_head+0x90>
100020b4:	7819      	ldrb	r1, [r3, #0]
100020b6:	f7ff ff93 	bl	10001fe0 <ph_merge_two_pass>
100020ba:	0003      	movs	r3, r0
100020bc:	2e00      	cmp	r6, #0
100020be:	d00a      	beq.n	100020d6 <ph_remove_any_head+0x4e>
100020c0:	7bea      	ldrb	r2, [r5, #15]
100020c2:	2a00      	cmp	r2, #0
100020c4:	d12e      	bne.n	10002124 <ph_remove_any_head+0x9c>
100020c6:	7baa      	ldrb	r2, [r5, #14]
100020c8:	2a00      	cmp	r2, #0
100020ca:	d103      	bne.n	100020d4 <ph_remove_any_head+0x4c>
100020cc:	7bea      	ldrb	r2, [r5, #15]
100020ce:	2a00      	cmp	r2, #0
100020d0:	d13b      	bne.n	1000214a <ph_remove_any_head+0xc2>
100020d2:	73ac      	strb	r4, [r5, #14]
100020d4:	73ec      	strb	r4, [r5, #15]
100020d6:	2b00      	cmp	r3, #0
100020d8:	d13d      	bne.n	10002156 <ph_remove_any_head+0xce>
100020da:	2c00      	cmp	r4, #0
100020dc:	d04f      	beq.n	1000217e <ph_remove_any_head+0xf6>
100020de:	7b2b      	ldrb	r3, [r5, #12]
100020e0:	429c      	cmp	r4, r3
100020e2:	d84c      	bhi.n	1000217e <ph_remove_any_head+0xf6>
100020e4:	682b      	ldr	r3, [r5, #0]
100020e6:	0061      	lsls	r1, r4, #1
100020e8:	190c      	adds	r4, r1, r4
100020ea:	3c03      	subs	r4, #3
100020ec:	191c      	adds	r4, r3, r4
100020ee:	2300      	movs	r3, #0
100020f0:	7063      	strb	r3, [r4, #1]
100020f2:	bd70      	pop	{r4, r5, r6, pc}
100020f4:	4b25      	ldr	r3, [pc, #148]	; (1000218c <ph_remove_any_head+0x104>)
100020f6:	4a26      	ldr	r2, [pc, #152]	; (10002190 <ph_remove_any_head+0x108>)
100020f8:	2138      	movs	r1, #56	; 0x38
100020fa:	4826      	ldr	r0, [pc, #152]	; (10002194 <ph_remove_any_head+0x10c>)
100020fc:	f000 fb1a 	bl	10002734 <__assert_func>
10002100:	4b25      	ldr	r3, [pc, #148]	; (10002198 <ph_remove_any_head+0x110>)
10002102:	4a26      	ldr	r2, [pc, #152]	; (1000219c <ph_remove_any_head+0x114>)
10002104:	2168      	movs	r1, #104	; 0x68
10002106:	4826      	ldr	r0, [pc, #152]	; (100021a0 <ph_remove_any_head+0x118>)
10002108:	f000 fb14 	bl	10002734 <__assert_func>
1000210c:	4b25      	ldr	r3, [pc, #148]	; (100021a4 <ph_remove_any_head+0x11c>)
1000210e:	4a20      	ldr	r2, [pc, #128]	; (10002190 <ph_remove_any_head+0x108>)
10002110:	213a      	movs	r1, #58	; 0x3a
10002112:	4820      	ldr	r0, [pc, #128]	; (10002194 <ph_remove_any_head+0x10c>)
10002114:	f000 fb0e 	bl	10002734 <__assert_func>
10002118:	4b23      	ldr	r3, [pc, #140]	; (100021a8 <ph_remove_any_head+0x120>)
1000211a:	4a1d      	ldr	r2, [pc, #116]	; (10002190 <ph_remove_any_head+0x108>)
1000211c:	213b      	movs	r1, #59	; 0x3b
1000211e:	481d      	ldr	r0, [pc, #116]	; (10002194 <ph_remove_any_head+0x10c>)
10002120:	f000 fb08 	bl	10002734 <__assert_func>
10002124:	2a00      	cmp	r2, #0
10002126:	d00a      	beq.n	1000213e <ph_remove_any_head+0xb6>
10002128:	7b29      	ldrb	r1, [r5, #12]
1000212a:	428a      	cmp	r2, r1
1000212c:	d807      	bhi.n	1000213e <ph_remove_any_head+0xb6>
1000212e:	0051      	lsls	r1, r2, #1
10002130:	188a      	adds	r2, r1, r2
10002132:	3a03      	subs	r2, #3
10002134:	6829      	ldr	r1, [r5, #0]
10002136:	468c      	mov	ip, r1
10002138:	4462      	add	r2, ip
1000213a:	7054      	strb	r4, [r2, #1]
1000213c:	e7c3      	b.n	100020c6 <ph_remove_any_head+0x3e>
1000213e:	4b16      	ldr	r3, [pc, #88]	; (10002198 <ph_remove_any_head+0x110>)
10002140:	4a16      	ldr	r2, [pc, #88]	; (1000219c <ph_remove_any_head+0x114>)
10002142:	2168      	movs	r1, #104	; 0x68
10002144:	4816      	ldr	r0, [pc, #88]	; (100021a0 <ph_remove_any_head+0x118>)
10002146:	f000 faf5 	bl	10002734 <__assert_func>
1000214a:	4b18      	ldr	r3, [pc, #96]	; (100021ac <ph_remove_any_head+0x124>)
1000214c:	4a10      	ldr	r2, [pc, #64]	; (10002190 <ph_remove_any_head+0x108>)
1000214e:	2142      	movs	r1, #66	; 0x42
10002150:	4810      	ldr	r0, [pc, #64]	; (10002194 <ph_remove_any_head+0x10c>)
10002152:	f000 faef 	bl	10002734 <__assert_func>
10002156:	2b00      	cmp	r3, #0
10002158:	d00b      	beq.n	10002172 <ph_remove_any_head+0xea>
1000215a:	7b2a      	ldrb	r2, [r5, #12]
1000215c:	4293      	cmp	r3, r2
1000215e:	d808      	bhi.n	10002172 <ph_remove_any_head+0xea>
10002160:	0043      	lsls	r3, r0, #1
10002162:	181b      	adds	r3, r3, r0
10002164:	3b03      	subs	r3, #3
10002166:	682a      	ldr	r2, [r5, #0]
10002168:	4694      	mov	ip, r2
1000216a:	4463      	add	r3, ip
1000216c:	2200      	movs	r2, #0
1000216e:	709a      	strb	r2, [r3, #2]
10002170:	e7b3      	b.n	100020da <ph_remove_any_head+0x52>
10002172:	4b09      	ldr	r3, [pc, #36]	; (10002198 <ph_remove_any_head+0x110>)
10002174:	4a09      	ldr	r2, [pc, #36]	; (1000219c <ph_remove_any_head+0x114>)
10002176:	2168      	movs	r1, #104	; 0x68
10002178:	4809      	ldr	r0, [pc, #36]	; (100021a0 <ph_remove_any_head+0x118>)
1000217a:	f000 fadb 	bl	10002734 <__assert_func>
1000217e:	4b06      	ldr	r3, [pc, #24]	; (10002198 <ph_remove_any_head+0x110>)
10002180:	4a06      	ldr	r2, [pc, #24]	; (1000219c <ph_remove_any_head+0x114>)
10002182:	2168      	movs	r1, #104	; 0x68
10002184:	4806      	ldr	r0, [pc, #24]	; (100021a0 <ph_remove_any_head+0x118>)
10002186:	f000 fad5 	bl	10002734 <__assert_func>
1000218a:	46c0      	nop			; (mov r8, r8)
1000218c:	1000af94 	.word	0x1000af94
10002190:	1000b074 	.word	0x1000b074
10002194:	1000af9c 	.word	0x1000af9c
10002198:	1000ac34 	.word	0x1000ac34
1000219c:	1000b09c 	.word	0x1000b09c
100021a0:	1000ac50 	.word	0x1000ac50
100021a4:	1000aff0 	.word	0x1000aff0
100021a8:	1000b018 	.word	0x1000b018
100021ac:	1000ad94 	.word	0x1000ad94

100021b0 <ph_remove_head>:
100021b0:	b570      	push	{r4, r5, r6, lr}
100021b2:	0004      	movs	r4, r0
100021b4:	000a      	movs	r2, r1
100021b6:	7b45      	ldrb	r5, [r0, #13]
100021b8:	0029      	movs	r1, r5
100021ba:	f7ff ff65 	bl	10002088 <ph_remove_any_head>
100021be:	7360      	strb	r0, [r4, #13]
100021c0:	0028      	movs	r0, r5
100021c2:	bd70      	pop	{r4, r5, r6, pc}

100021c4 <ph_remove_and_free_node>:
100021c4:	b570      	push	{r4, r5, r6, lr}
100021c6:	0004      	movs	r4, r0
100021c8:	2900      	cmp	r1, #0
100021ca:	d067      	beq.n	1000229c <ph_remove_and_free_node+0xd8>
100021cc:	7b43      	ldrb	r3, [r0, #13]
100021ce:	428b      	cmp	r3, r1
100021d0:	d00e      	beq.n	100021f0 <ph_remove_and_free_node+0x2c>
100021d2:	2900      	cmp	r1, #0
100021d4:	d011      	beq.n	100021fa <ph_remove_and_free_node+0x36>
100021d6:	7b03      	ldrb	r3, [r0, #12]
100021d8:	4299      	cmp	r1, r3
100021da:	d80e      	bhi.n	100021fa <ph_remove_and_free_node+0x36>
100021dc:	004b      	lsls	r3, r1, #1
100021de:	185b      	adds	r3, r3, r1
100021e0:	3b03      	subs	r3, #3
100021e2:	6802      	ldr	r2, [r0, #0]
100021e4:	18d0      	adds	r0, r2, r3
100021e6:	7883      	ldrb	r3, [r0, #2]
100021e8:	2b00      	cmp	r3, #0
100021ea:	d10c      	bne.n	10002206 <ph_remove_and_free_node+0x42>
100021ec:	2000      	movs	r0, #0
100021ee:	e056      	b.n	1000229e <ph_remove_and_free_node+0xda>
100021f0:	2101      	movs	r1, #1
100021f2:	f7ff ffdd 	bl	100021b0 <ph_remove_head>
100021f6:	2001      	movs	r0, #1
100021f8:	e051      	b.n	1000229e <ph_remove_and_free_node+0xda>
100021fa:	4b29      	ldr	r3, [pc, #164]	; (100022a0 <ph_remove_and_free_node+0xdc>)
100021fc:	4a29      	ldr	r2, [pc, #164]	; (100022a4 <ph_remove_and_free_node+0xe0>)
100021fe:	2168      	movs	r1, #104	; 0x68
10002200:	4829      	ldr	r0, [pc, #164]	; (100022a8 <ph_remove_and_free_node+0xe4>)
10002202:	f000 fa97 	bl	10002734 <__assert_func>
10002206:	2b00      	cmp	r3, #0
10002208:	d020      	beq.n	1000224c <ph_remove_and_free_node+0x88>
1000220a:	7b22      	ldrb	r2, [r4, #12]
1000220c:	4293      	cmp	r3, r2
1000220e:	d81d      	bhi.n	1000224c <ph_remove_and_free_node+0x88>
10002210:	005a      	lsls	r2, r3, #1
10002212:	18d3      	adds	r3, r2, r3
10002214:	3b03      	subs	r3, #3
10002216:	6822      	ldr	r2, [r4, #0]
10002218:	18d2      	adds	r2, r2, r3
1000221a:	6825      	ldr	r5, [r4, #0]
1000221c:	5ceb      	ldrb	r3, [r5, r3]
1000221e:	428b      	cmp	r3, r1
10002220:	d01a      	beq.n	10002258 <ph_remove_and_free_node+0x94>
10002222:	2b00      	cmp	r3, #0
10002224:	d01b      	beq.n	1000225e <ph_remove_and_free_node+0x9a>
10002226:	7b22      	ldrb	r2, [r4, #12]
10002228:	4293      	cmp	r3, r2
1000222a:	d818      	bhi.n	1000225e <ph_remove_and_free_node+0x9a>
1000222c:	005a      	lsls	r2, r3, #1
1000222e:	18d3      	adds	r3, r2, r3
10002230:	3b03      	subs	r3, #3
10002232:	6822      	ldr	r2, [r4, #0]
10002234:	18d2      	adds	r2, r2, r3
10002236:	7853      	ldrb	r3, [r2, #1]
10002238:	428b      	cmp	r3, r1
1000223a:	d016      	beq.n	1000226a <ph_remove_and_free_node+0xa6>
1000223c:	2b00      	cmp	r3, #0
1000223e:	d1f0      	bne.n	10002222 <ph_remove_and_free_node+0x5e>
10002240:	4b1a      	ldr	r3, [pc, #104]	; (100022ac <ph_remove_and_free_node+0xe8>)
10002242:	4a1b      	ldr	r2, [pc, #108]	; (100022b0 <ph_remove_and_free_node+0xec>)
10002244:	216b      	movs	r1, #107	; 0x6b
10002246:	481b      	ldr	r0, [pc, #108]	; (100022b4 <ph_remove_and_free_node+0xf0>)
10002248:	f000 fa74 	bl	10002734 <__assert_func>
1000224c:	4b14      	ldr	r3, [pc, #80]	; (100022a0 <ph_remove_and_free_node+0xdc>)
1000224e:	4a15      	ldr	r2, [pc, #84]	; (100022a4 <ph_remove_and_free_node+0xe0>)
10002250:	2168      	movs	r1, #104	; 0x68
10002252:	4815      	ldr	r0, [pc, #84]	; (100022a8 <ph_remove_and_free_node+0xe4>)
10002254:	f000 fa6e 	bl	10002734 <__assert_func>
10002258:	7843      	ldrb	r3, [r0, #1]
1000225a:	7013      	strb	r3, [r2, #0]
1000225c:	e007      	b.n	1000226e <ph_remove_and_free_node+0xaa>
1000225e:	4b10      	ldr	r3, [pc, #64]	; (100022a0 <ph_remove_and_free_node+0xdc>)
10002260:	4a10      	ldr	r2, [pc, #64]	; (100022a4 <ph_remove_and_free_node+0xe0>)
10002262:	2168      	movs	r1, #104	; 0x68
10002264:	4810      	ldr	r0, [pc, #64]	; (100022a8 <ph_remove_and_free_node+0xe4>)
10002266:	f000 fa65 	bl	10002734 <__assert_func>
1000226a:	7843      	ldrb	r3, [r0, #1]
1000226c:	7053      	strb	r3, [r2, #1]
1000226e:	2300      	movs	r3, #0
10002270:	7083      	strb	r3, [r0, #2]
10002272:	7043      	strb	r3, [r0, #1]
10002274:	2201      	movs	r2, #1
10002276:	0020      	movs	r0, r4
10002278:	f7ff ff06 	bl	10002088 <ph_remove_any_head>
1000227c:	0002      	movs	r2, r0
1000227e:	7b61      	ldrb	r1, [r4, #13]
10002280:	4281      	cmp	r1, r0
10002282:	d005      	beq.n	10002290 <ph_remove_and_free_node+0xcc>
10002284:	0020      	movs	r0, r4
10002286:	f7ff fe4b 	bl	10001f20 <ph_merge_nodes>
1000228a:	7360      	strb	r0, [r4, #13]
1000228c:	2001      	movs	r0, #1
1000228e:	e006      	b.n	1000229e <ph_remove_and_free_node+0xda>
10002290:	4b09      	ldr	r3, [pc, #36]	; (100022b8 <ph_remove_and_free_node+0xf4>)
10002292:	4a07      	ldr	r2, [pc, #28]	; (100022b0 <ph_remove_and_free_node+0xec>)
10002294:	2171      	movs	r1, #113	; 0x71
10002296:	4807      	ldr	r0, [pc, #28]	; (100022b4 <ph_remove_and_free_node+0xf0>)
10002298:	f000 fa4c 	bl	10002734 <__assert_func>
1000229c:	2000      	movs	r0, #0
1000229e:	bd70      	pop	{r4, r5, r6, pc}
100022a0:	1000ac34 	.word	0x1000ac34
100022a4:	1000b09c 	.word	0x1000b09c
100022a8:	1000ac50 	.word	0x1000ac50
100022ac:	1000aa08 	.word	0x1000aa08
100022b0:	1000b05c 	.word	0x1000b05c
100022b4:	1000af9c 	.word	0x1000af9c
100022b8:	1000b03c 	.word	0x1000b03c

100022bc <clock_configure>:
100022bc:	b5f8      	push	{r3, r4, r5, r6, r7, lr}
100022be:	46de      	mov	lr, fp
100022c0:	4657      	mov	r7, sl
100022c2:	464e      	mov	r6, r9
100022c4:	4645      	mov	r5, r8
100022c6:	b5e0      	push	{r5, r6, r7, lr}
100022c8:	0005      	movs	r5, r0
100022ca:	000f      	movs	r7, r1
100022cc:	4692      	mov	sl, r2
100022ce:	9a0a      	ldr	r2, [sp, #40]	; 0x28
100022d0:	4293      	cmp	r3, r2
100022d2:	d350      	bcc.n	10002376 <clock_configure+0xba>
100022d4:	0e1a      	lsrs	r2, r3, #24
100022d6:	4691      	mov	r9, r2
100022d8:	021e      	lsls	r6, r3, #8
100022da:	9a0a      	ldr	r2, [sp, #40]	; 0x28
100022dc:	2300      	movs	r3, #0
100022de:	0030      	movs	r0, r6
100022e0:	4649      	mov	r1, r9
100022e2:	f001 fc13 	bl	10003b0c <__wrap___aeabi_uldivmod>
100022e6:	4680      	mov	r8, r0
100022e8:	006c      	lsls	r4, r5, #1
100022ea:	1964      	adds	r4, r4, r5
100022ec:	00a4      	lsls	r4, r4, #2
100022ee:	4b30      	ldr	r3, [pc, #192]	; (100023b0 <clock_configure+0xf4>)
100022f0:	469c      	mov	ip, r3
100022f2:	4464      	add	r4, ip
100022f4:	6863      	ldr	r3, [r4, #4]
100022f6:	4283      	cmp	r3, r0
100022f8:	d200      	bcs.n	100022fc <clock_configure+0x40>
100022fa:	6060      	str	r0, [r4, #4]
100022fc:	1f2b      	subs	r3, r5, #4
100022fe:	b2db      	uxtb	r3, r3
10002300:	469b      	mov	fp, r3
10002302:	2b01      	cmp	r3, #1
10002304:	d93d      	bls.n	10002382 <clock_configure+0xc6>
10002306:	23c0      	movs	r3, #192	; 0xc0
10002308:	019b      	lsls	r3, r3, #6
1000230a:	4323      	orrs	r3, r4
1000230c:	2280      	movs	r2, #128	; 0x80
1000230e:	0112      	lsls	r2, r2, #4
10002310:	601a      	str	r2, [r3, #0]
10002312:	00ab      	lsls	r3, r5, #2
10002314:	4a27      	ldr	r2, [pc, #156]	; (100023b4 <clock_configure+0xf8>)
10002316:	5899      	ldr	r1, [r3, r2]
10002318:	2900      	cmp	r1, #0
1000231a:	d007      	beq.n	1000232c <clock_configure+0x70>
1000231c:	6950      	ldr	r0, [r2, #20]
1000231e:	f001 fbb7 	bl	10003a90 <__wrap___aeabi_uidiv>
10002322:	1c43      	adds	r3, r0, #1
10002324:	0058      	lsls	r0, r3, #1
10002326:	18c0      	adds	r0, r0, r3
10002328:	3803      	subs	r0, #3
1000232a:	d2fd      	bcs.n	10002328 <clock_configure+0x6c>
1000232c:	4653      	mov	r3, sl
1000232e:	015a      	lsls	r2, r3, #5
10002330:	6823      	ldr	r3, [r4, #0]
10002332:	405a      	eors	r2, r3
10002334:	23e0      	movs	r3, #224	; 0xe0
10002336:	401a      	ands	r2, r3
10002338:	2380      	movs	r3, #128	; 0x80
1000233a:	015b      	lsls	r3, r3, #5
1000233c:	4323      	orrs	r3, r4
1000233e:	601a      	str	r2, [r3, #0]
10002340:	465a      	mov	r2, fp
10002342:	2a01      	cmp	r2, #1
10002344:	d928      	bls.n	10002398 <clock_configure+0xdc>
10002346:	2380      	movs	r3, #128	; 0x80
10002348:	019b      	lsls	r3, r3, #6
1000234a:	4323      	orrs	r3, r4
1000234c:	2280      	movs	r2, #128	; 0x80
1000234e:	0112      	lsls	r2, r2, #4
10002350:	601a      	str	r2, [r3, #0]
10002352:	4643      	mov	r3, r8
10002354:	6063      	str	r3, [r4, #4]
10002356:	4642      	mov	r2, r8
10002358:	2300      	movs	r3, #0
1000235a:	0030      	movs	r0, r6
1000235c:	4649      	mov	r1, r9
1000235e:	f001 fbd5 	bl	10003b0c <__wrap___aeabi_uldivmod>
10002362:	00ad      	lsls	r5, r5, #2
10002364:	4b13      	ldr	r3, [pc, #76]	; (100023b4 <clock_configure+0xf8>)
10002366:	5158      	str	r0, [r3, r5]
10002368:	2001      	movs	r0, #1
1000236a:	bcf0      	pop	{r4, r5, r6, r7}
1000236c:	46bb      	mov	fp, r7
1000236e:	46b2      	mov	sl, r6
10002370:	46a9      	mov	r9, r5
10002372:	46a0      	mov	r8, r4
10002374:	bdf8      	pop	{r3, r4, r5, r6, r7, pc}
10002376:	4b10      	ldr	r3, [pc, #64]	; (100023b8 <clock_configure+0xfc>)
10002378:	4a10      	ldr	r2, [pc, #64]	; (100023bc <clock_configure+0x100>)
1000237a:	2133      	movs	r1, #51	; 0x33
1000237c:	4810      	ldr	r0, [pc, #64]	; (100023c0 <clock_configure+0x104>)
1000237e:	f000 f9d9 	bl	10002734 <__assert_func>
10002382:	2f01      	cmp	r7, #1
10002384:	d1bf      	bne.n	10002306 <clock_configure+0x4a>
10002386:	23c0      	movs	r3, #192	; 0xc0
10002388:	019b      	lsls	r3, r3, #6
1000238a:	4323      	orrs	r3, r4
1000238c:	2203      	movs	r2, #3
1000238e:	601a      	str	r2, [r3, #0]
10002390:	68a3      	ldr	r3, [r4, #8]
10002392:	07db      	lsls	r3, r3, #31
10002394:	d5fc      	bpl.n	10002390 <clock_configure+0xd4>
10002396:	e7c9      	b.n	1000232c <clock_configure+0x70>
10002398:	6821      	ldr	r1, [r4, #0]
1000239a:	4079      	eors	r1, r7
1000239c:	2203      	movs	r2, #3
1000239e:	400a      	ands	r2, r1
100023a0:	601a      	str	r2, [r3, #0]
100023a2:	68a2      	ldr	r2, [r4, #8]
100023a4:	2301      	movs	r3, #1
100023a6:	40bb      	lsls	r3, r7
100023a8:	4213      	tst	r3, r2
100023aa:	d0fa      	beq.n	100023a2 <clock_configure+0xe6>
100023ac:	e7cb      	b.n	10002346 <clock_configure+0x8a>
100023ae:	46c0      	nop			; (mov r8, r8)
100023b0:	40008000 	.word	0x40008000
100023b4:	20001d64 	.word	0x20001d64
100023b8:	1000b0a8 	.word	0x1000b0a8
100023bc:	1000b11c 	.word	0x1000b11c
100023c0:	1000b0bc 	.word	0x1000b0bc

100023c4 <clocks_init>:
100023c4:	b530      	push	{r4, r5, lr}
100023c6:	b083      	sub	sp, #12
100023c8:	200c      	movs	r0, #12
100023ca:	f000 f90b 	bl	100025e4 <watchdog_start_tick>
100023ce:	f7fe fb01 	bl	100009d4 <running_on_fpga>
100023d2:	2800      	cmp	r0, #0
100023d4:	d00d      	beq.n	100023f2 <clocks_init+0x2e>
100023d6:	2300      	movs	r3, #0
100023d8:	e004      	b.n	100023e4 <clocks_init+0x20>
100023da:	0099      	lsls	r1, r3, #2
100023dc:	4a2d      	ldr	r2, [pc, #180]	; (10002494 <clocks_init+0xd0>)
100023de:	482e      	ldr	r0, [pc, #184]	; (10002498 <clocks_init+0xd4>)
100023e0:	5088      	str	r0, [r1, r2]
100023e2:	3301      	adds	r3, #1
100023e4:	2b09      	cmp	r3, #9
100023e6:	d9f8      	bls.n	100023da <clocks_init+0x16>
100023e8:	4b2a      	ldr	r3, [pc, #168]	; (10002494 <clocks_init+0xd0>)
100023ea:	4a2c      	ldr	r2, [pc, #176]	; (1000249c <clocks_init+0xd8>)
100023ec:	625a      	str	r2, [r3, #36]	; 0x24
100023ee:	b003      	add	sp, #12
100023f0:	bd30      	pop	{r4, r5, pc}
100023f2:	4b2b      	ldr	r3, [pc, #172]	; (100024a0 <clocks_init+0xdc>)
100023f4:	2200      	movs	r2, #0
100023f6:	679a      	str	r2, [r3, #120]	; 0x78
100023f8:	f000 f966 	bl	100026c8 <xosc_init>
100023fc:	4b29      	ldr	r3, [pc, #164]	; (100024a4 <clocks_init+0xe0>)
100023fe:	2201      	movs	r2, #1
10002400:	601a      	str	r2, [r3, #0]
10002402:	4b27      	ldr	r3, [pc, #156]	; (100024a0 <clocks_init+0xdc>)
10002404:	6c5b      	ldr	r3, [r3, #68]	; 0x44
10002406:	2b01      	cmp	r3, #1
10002408:	d1fb      	bne.n	10002402 <clocks_init+0x3e>
1000240a:	4b27      	ldr	r3, [pc, #156]	; (100024a8 <clocks_init+0xe4>)
1000240c:	2203      	movs	r2, #3
1000240e:	601a      	str	r2, [r3, #0]
10002410:	4b23      	ldr	r3, [pc, #140]	; (100024a0 <clocks_init+0xdc>)
10002412:	6b9b      	ldr	r3, [r3, #56]	; 0x38
10002414:	2b01      	cmp	r3, #1
10002416:	d1fb      	bne.n	10002410 <clocks_init+0x4c>
10002418:	3301      	adds	r3, #1
1000241a:	9300      	str	r3, [sp, #0]
1000241c:	3304      	adds	r3, #4
1000241e:	4a23      	ldr	r2, [pc, #140]	; (100024ac <clocks_init+0xe8>)
10002420:	2101      	movs	r1, #1
10002422:	4823      	ldr	r0, [pc, #140]	; (100024b0 <clocks_init+0xec>)
10002424:	f000 f84e 	bl	100024c4 <pll_init>
10002428:	2305      	movs	r3, #5
1000242a:	9300      	str	r3, [sp, #0]
1000242c:	4a21      	ldr	r2, [pc, #132]	; (100024b4 <clocks_init+0xf0>)
1000242e:	2101      	movs	r1, #1
10002430:	4821      	ldr	r0, [pc, #132]	; (100024b8 <clocks_init+0xf4>)
10002432:	f000 f847 	bl	100024c4 <pll_init>
10002436:	4b21      	ldr	r3, [pc, #132]	; (100024bc <clocks_init+0xf8>)
10002438:	9300      	str	r3, [sp, #0]
1000243a:	2200      	movs	r2, #0
1000243c:	2102      	movs	r1, #2
1000243e:	2004      	movs	r0, #4
10002440:	f7ff ff3c 	bl	100022bc <clock_configure>
10002444:	4d1e      	ldr	r5, [pc, #120]	; (100024c0 <clocks_init+0xfc>)
10002446:	9500      	str	r5, [sp, #0]
10002448:	002b      	movs	r3, r5
1000244a:	2200      	movs	r2, #0
1000244c:	2101      	movs	r1, #1
1000244e:	2005      	movs	r0, #5
10002450:	f7ff ff34 	bl	100022bc <clock_configure>
10002454:	4c10      	ldr	r4, [pc, #64]	; (10002498 <clocks_init+0xd4>)
10002456:	9400      	str	r4, [sp, #0]
10002458:	0023      	movs	r3, r4
1000245a:	2200      	movs	r2, #0
1000245c:	2100      	movs	r1, #0
1000245e:	2007      	movs	r0, #7
10002460:	f7ff ff2c 	bl	100022bc <clock_configure>
10002464:	9400      	str	r4, [sp, #0]
10002466:	0023      	movs	r3, r4
10002468:	2200      	movs	r2, #0
1000246a:	2100      	movs	r1, #0
1000246c:	2008      	movs	r0, #8
1000246e:	f7ff ff25 	bl	100022bc <clock_configure>
10002472:	4b0a      	ldr	r3, [pc, #40]	; (1000249c <clocks_init+0xd8>)
10002474:	9300      	str	r3, [sp, #0]
10002476:	0023      	movs	r3, r4
10002478:	2200      	movs	r2, #0
1000247a:	2100      	movs	r1, #0
1000247c:	2009      	movs	r0, #9
1000247e:	f7ff ff1d 	bl	100022bc <clock_configure>
10002482:	9500      	str	r5, [sp, #0]
10002484:	002b      	movs	r3, r5
10002486:	2200      	movs	r2, #0
10002488:	2100      	movs	r1, #0
1000248a:	2006      	movs	r0, #6
1000248c:	f7ff ff16 	bl	100022bc <clock_configure>
10002490:	e7ad      	b.n	100023ee <clocks_init+0x2a>
10002492:	46c0      	nop			; (mov r8, r8)
10002494:	20001d64 	.word	0x20001d64
10002498:	02dc6c00 	.word	0x02dc6c00
1000249c:	0000b71b 	.word	0x0000b71b
100024a0:	40008000 	.word	0x40008000
100024a4:	4000b03c 	.word	0x4000b03c
100024a8:	4000b030 	.word	0x4000b030
100024ac:	59682f00 	.word	0x59682f00
100024b0:	40028000 	.word	0x40028000
100024b4:	47868c00 	.word	0x47868c00
100024b8:	4002c000 	.word	0x4002c000
100024bc:	00b71b00 	.word	0x00b71b00
100024c0:	07735940 	.word	0x07735940

100024c4 <pll_init>:
100024c4:	b5f0      	push	{r4, r5, r6, r7, lr}
100024c6:	46c6      	mov	lr, r8
100024c8:	b500      	push	{lr}
100024ca:	0004      	movs	r4, r0
100024cc:	000e      	movs	r6, r1
100024ce:	0017      	movs	r7, r2
100024d0:	001d      	movs	r5, r3
100024d2:	4837      	ldr	r0, [pc, #220]	; (100025b0 <pll_init+0xec>)
100024d4:	f001 fadc 	bl	10003a90 <__wrap___aeabi_uidiv>
100024d8:	4680      	mov	r8, r0
100024da:	4b36      	ldr	r3, [pc, #216]	; (100025b4 <pll_init+0xf0>)
100024dc:	18fa      	adds	r2, r7, r3
100024de:	4b36      	ldr	r3, [pc, #216]	; (100025b8 <pll_init+0xf4>)
100024e0:	429a      	cmp	r2, r3
100024e2:	d839      	bhi.n	10002558 <pll_init+0x94>
100024e4:	0001      	movs	r1, r0
100024e6:	0038      	movs	r0, r7
100024e8:	f001 fad2 	bl	10003a90 <__wrap___aeabi_uidiv>
100024ec:	0002      	movs	r2, r0
100024ee:	3a10      	subs	r2, #16
100024f0:	2398      	movs	r3, #152	; 0x98
100024f2:	005b      	lsls	r3, r3, #1
100024f4:	429a      	cmp	r2, r3
100024f6:	d835      	bhi.n	10002564 <pll_init+0xa0>
100024f8:	1e6b      	subs	r3, r5, #1
100024fa:	2b06      	cmp	r3, #6
100024fc:	d838      	bhi.n	10002570 <pll_init+0xac>
100024fe:	9b06      	ldr	r3, [sp, #24]
10002500:	3b01      	subs	r3, #1
10002502:	2b06      	cmp	r3, #6
10002504:	d834      	bhi.n	10002570 <pll_init+0xac>
10002506:	093f      	lsrs	r7, r7, #4
10002508:	4547      	cmp	r7, r8
1000250a:	d337      	bcc.n	1000257c <pll_init+0xb8>
1000250c:	042d      	lsls	r5, r5, #16
1000250e:	9b06      	ldr	r3, [sp, #24]
10002510:	031a      	lsls	r2, r3, #12
10002512:	4315      	orrs	r5, r2
10002514:	6823      	ldr	r3, [r4, #0]
10002516:	2b00      	cmp	r3, #0
10002518:	db36      	blt.n	10002588 <pll_init+0xc4>
1000251a:	4b28      	ldr	r3, [pc, #160]	; (100025bc <pll_init+0xf8>)
1000251c:	429c      	cmp	r4, r3
1000251e:	d044      	beq.n	100025aa <pll_init+0xe6>
10002520:	2280      	movs	r2, #128	; 0x80
10002522:	0152      	lsls	r2, r2, #5
10002524:	4b26      	ldr	r3, [pc, #152]	; (100025c0 <pll_init+0xfc>)
10002526:	601a      	str	r2, [r3, #0]
10002528:	4b26      	ldr	r3, [pc, #152]	; (100025c4 <pll_init+0x100>)
1000252a:	601a      	str	r2, [r3, #0]
1000252c:	4b26      	ldr	r3, [pc, #152]	; (100025c8 <pll_init+0x104>)
1000252e:	689b      	ldr	r3, [r3, #8]
10002530:	0011      	movs	r1, r2
10002532:	4399      	bics	r1, r3
10002534:	d1fa      	bne.n	1000252c <pll_init+0x68>
10002536:	6026      	str	r6, [r4, #0]
10002538:	60a0      	str	r0, [r4, #8]
1000253a:	1d23      	adds	r3, r4, #4
1000253c:	22c0      	movs	r2, #192	; 0xc0
1000253e:	0192      	lsls	r2, r2, #6
10002540:	431a      	orrs	r2, r3
10002542:	2321      	movs	r3, #33	; 0x21
10002544:	6013      	str	r3, [r2, #0]
10002546:	6823      	ldr	r3, [r4, #0]
10002548:	2b00      	cmp	r3, #0
1000254a:	dafc      	bge.n	10002546 <pll_init+0x82>
1000254c:	60e5      	str	r5, [r4, #12]
1000254e:	2308      	movs	r3, #8
10002550:	6013      	str	r3, [r2, #0]
10002552:	bc80      	pop	{r7}
10002554:	46b8      	mov	r8, r7
10002556:	bdf0      	pop	{r4, r5, r6, r7, pc}
10002558:	4b1c      	ldr	r3, [pc, #112]	; (100025cc <pll_init+0x108>)
1000255a:	4a1d      	ldr	r2, [pc, #116]	; (100025d0 <pll_init+0x10c>)
1000255c:	2111      	movs	r1, #17
1000255e:	481d      	ldr	r0, [pc, #116]	; (100025d4 <pll_init+0x110>)
10002560:	f000 f8e8 	bl	10002734 <__assert_func>
10002564:	4b1c      	ldr	r3, [pc, #112]	; (100025d8 <pll_init+0x114>)
10002566:	4a1a      	ldr	r2, [pc, #104]	; (100025d0 <pll_init+0x10c>)
10002568:	2119      	movs	r1, #25
1000256a:	481a      	ldr	r0, [pc, #104]	; (100025d4 <pll_init+0x110>)
1000256c:	f000 f8e2 	bl	10002734 <__assert_func>
10002570:	4b1a      	ldr	r3, [pc, #104]	; (100025dc <pll_init+0x118>)
10002572:	4a17      	ldr	r2, [pc, #92]	; (100025d0 <pll_init+0x10c>)
10002574:	211c      	movs	r1, #28
10002576:	4817      	ldr	r0, [pc, #92]	; (100025d4 <pll_init+0x110>)
10002578:	f000 f8dc 	bl	10002734 <__assert_func>
1000257c:	4b18      	ldr	r3, [pc, #96]	; (100025e0 <pll_init+0x11c>)
1000257e:	4a14      	ldr	r2, [pc, #80]	; (100025d0 <pll_init+0x10c>)
10002580:	2123      	movs	r1, #35	; 0x23
10002582:	4814      	ldr	r0, [pc, #80]	; (100025d4 <pll_init+0x110>)
10002584:	f000 f8d6 	bl	10002734 <__assert_func>
10002588:	6822      	ldr	r2, [r4, #0]
1000258a:	233f      	movs	r3, #63	; 0x3f
1000258c:	4013      	ands	r3, r2
1000258e:	42b3      	cmp	r3, r6
10002590:	d1c3      	bne.n	1000251a <pll_init+0x56>
10002592:	68a3      	ldr	r3, [r4, #8]
10002594:	051b      	lsls	r3, r3, #20
10002596:	0d1b      	lsrs	r3, r3, #20
10002598:	4283      	cmp	r3, r0
1000259a:	d1be      	bne.n	1000251a <pll_init+0x56>
1000259c:	68e3      	ldr	r3, [r4, #12]
1000259e:	22ee      	movs	r2, #238	; 0xee
100025a0:	02d2      	lsls	r2, r2, #11
100025a2:	4013      	ands	r3, r2
100025a4:	42ab      	cmp	r3, r5
100025a6:	d1b8      	bne.n	1000251a <pll_init+0x56>
100025a8:	e7d3      	b.n	10002552 <pll_init+0x8e>
100025aa:	2280      	movs	r2, #128	; 0x80
100025ac:	0192      	lsls	r2, r2, #6
100025ae:	e7b9      	b.n	10002524 <pll_init+0x60>
100025b0:	00b71b00 	.word	0x00b71b00
100025b4:	d34be880 	.word	0xd34be880
100025b8:	32a9f880 	.word	0x32a9f880
100025bc:	4002c000 	.word	0x4002c000
100025c0:	4000e000 	.word	0x4000e000
100025c4:	4000f000 	.word	0x4000f000
100025c8:	4000c000 	.word	0x4000c000
100025cc:	1000b12c 	.word	0x1000b12c
100025d0:	1000b26c 	.word	0x1000b26c
100025d4:	1000b18c 	.word	0x1000b18c
100025d8:	1000b1e8 	.word	0x1000b1e8
100025dc:	1000b204 	.word	0x1000b204
100025e0:	1000b250 	.word	0x1000b250

100025e4 <watchdog_start_tick>:
100025e4:	2380      	movs	r3, #128	; 0x80
100025e6:	009b      	lsls	r3, r3, #2
100025e8:	4303      	orrs	r3, r0
100025ea:	4a01      	ldr	r2, [pc, #4]	; (100025f0 <watchdog_start_tick+0xc>)
100025ec:	62d3      	str	r3, [r2, #44]	; 0x2c
100025ee:	4770      	bx	lr
100025f0:	40058000 	.word	0x40058000

100025f4 <watchdog_update>:
100025f4:	4b02      	ldr	r3, [pc, #8]	; (10002600 <watchdog_update+0xc>)
100025f6:	681a      	ldr	r2, [r3, #0]
100025f8:	4b02      	ldr	r3, [pc, #8]	; (10002604 <watchdog_update+0x10>)
100025fa:	605a      	str	r2, [r3, #4]
100025fc:	4770      	bx	lr
100025fe:	46c0      	nop			; (mov r8, r8)
10002600:	20002220 	.word	0x20002220
10002604:	40058000 	.word	0x40058000

10002608 <_watchdog_enable>:
10002608:	b510      	push	{r4, lr}
1000260a:	0002      	movs	r2, r0
1000260c:	4b16      	ldr	r3, [pc, #88]	; (10002668 <_watchdog_enable+0x60>)
1000260e:	2080      	movs	r0, #128	; 0x80
10002610:	05c0      	lsls	r0, r0, #23
10002612:	6018      	str	r0, [r3, #0]
10002614:	4b15      	ldr	r3, [pc, #84]	; (1000266c <_watchdog_enable+0x64>)
10002616:	4816      	ldr	r0, [pc, #88]	; (10002670 <_watchdog_enable+0x68>)
10002618:	6018      	str	r0, [r3, #0]
1000261a:	2900      	cmp	r1, #0
1000261c:	d00a      	beq.n	10002634 <_watchdog_enable+0x2c>
1000261e:	4b15      	ldr	r3, [pc, #84]	; (10002674 <_watchdog_enable+0x6c>)
10002620:	21e0      	movs	r1, #224	; 0xe0
10002622:	04c9      	lsls	r1, r1, #19
10002624:	6019      	str	r1, [r3, #0]
10002626:	2a00      	cmp	r2, #0
10002628:	d109      	bne.n	1000263e <_watchdog_enable+0x36>
1000262a:	4b12      	ldr	r3, [pc, #72]	; (10002674 <_watchdog_enable+0x6c>)
1000262c:	2280      	movs	r2, #128	; 0x80
1000262e:	0612      	lsls	r2, r2, #24
10002630:	601a      	str	r2, [r3, #0]
10002632:	bd10      	pop	{r4, pc}
10002634:	4b0c      	ldr	r3, [pc, #48]	; (10002668 <_watchdog_enable+0x60>)
10002636:	21e0      	movs	r1, #224	; 0xe0
10002638:	04c9      	lsls	r1, r1, #19
1000263a:	6019      	str	r1, [r3, #0]
1000263c:	e7f3      	b.n	10002626 <_watchdog_enable+0x1e>
1000263e:	0153      	lsls	r3, r2, #5
10002640:	1a9b      	subs	r3, r3, r2
10002642:	0098      	lsls	r0, r3, #2
10002644:	1880      	adds	r0, r0, r2
10002646:	0100      	lsls	r0, r0, #4
10002648:	4b0b      	ldr	r3, [pc, #44]	; (10002678 <_watchdog_enable+0x70>)
1000264a:	6018      	str	r0, [r3, #0]
1000264c:	2380      	movs	r3, #128	; 0x80
1000264e:	045b      	lsls	r3, r3, #17
10002650:	4298      	cmp	r0, r3
10002652:	d302      	bcc.n	1000265a <_watchdog_enable+0x52>
10002654:	4b08      	ldr	r3, [pc, #32]	; (10002678 <_watchdog_enable+0x70>)
10002656:	4a09      	ldr	r2, [pc, #36]	; (1000267c <_watchdog_enable+0x74>)
10002658:	601a      	str	r2, [r3, #0]
1000265a:	f7ff ffcb 	bl	100025f4 <watchdog_update>
1000265e:	4b05      	ldr	r3, [pc, #20]	; (10002674 <_watchdog_enable+0x6c>)
10002660:	2280      	movs	r2, #128	; 0x80
10002662:	05d2      	lsls	r2, r2, #23
10002664:	601a      	str	r2, [r3, #0]
10002666:	e7e4      	b.n	10002632 <_watchdog_enable+0x2a>
10002668:	4005b000 	.word	0x4005b000
1000266c:	40012008 	.word	0x40012008
10002670:	0001fffc 	.word	0x0001fffc
10002674:	4005a000 	.word	0x4005a000
10002678:	20002220 	.word	0x20002220
1000267c:	00ffffff 	.word	0x00ffffff

10002680 <watchdog_reboot>:
10002680:	b510      	push	{r4, lr}
10002682:	0003      	movs	r3, r0
10002684:	0010      	movs	r0, r2
10002686:	4a0c      	ldr	r2, [pc, #48]	; (100026b8 <watchdog_reboot+0x38>)
10002688:	2480      	movs	r4, #128	; 0x80
1000268a:	05e4      	lsls	r4, r4, #23
1000268c:	6014      	str	r4, [r2, #0]
1000268e:	2b00      	cmp	r3, #0
10002690:	d00d      	beq.n	100026ae <watchdog_reboot+0x2e>
10002692:	2201      	movs	r2, #1
10002694:	4313      	orrs	r3, r2
10002696:	4a09      	ldr	r2, [pc, #36]	; (100026bc <watchdog_reboot+0x3c>)
10002698:	4c09      	ldr	r4, [pc, #36]	; (100026c0 <watchdog_reboot+0x40>)
1000269a:	61d4      	str	r4, [r2, #28]
1000269c:	4c09      	ldr	r4, [pc, #36]	; (100026c4 <watchdog_reboot+0x44>)
1000269e:	405c      	eors	r4, r3
100026a0:	6214      	str	r4, [r2, #32]
100026a2:	6251      	str	r1, [r2, #36]	; 0x24
100026a4:	6293      	str	r3, [r2, #40]	; 0x28
100026a6:	2100      	movs	r1, #0
100026a8:	f7ff ffae 	bl	10002608 <_watchdog_enable>
100026ac:	bd10      	pop	{r4, pc}
100026ae:	4b03      	ldr	r3, [pc, #12]	; (100026bc <watchdog_reboot+0x3c>)
100026b0:	2200      	movs	r2, #0
100026b2:	61da      	str	r2, [r3, #28]
100026b4:	e7f7      	b.n	100026a6 <watchdog_reboot+0x26>
100026b6:	46c0      	nop			; (mov r8, r8)
100026b8:	4005b000 	.word	0x4005b000
100026bc:	40058000 	.word	0x40058000
100026c0:	b007c0d3 	.word	0xb007c0d3
100026c4:	4ff83f2d 	.word	0x4ff83f2d

100026c8 <xosc_init>:
100026c8:	4b06      	ldr	r3, [pc, #24]	; (100026e4 <xosc_init+0x1c>)
100026ca:	22aa      	movs	r2, #170	; 0xaa
100026cc:	0112      	lsls	r2, r2, #4
100026ce:	601a      	str	r2, [r3, #0]
100026d0:	222f      	movs	r2, #47	; 0x2f
100026d2:	60da      	str	r2, [r3, #12]
100026d4:	4b04      	ldr	r3, [pc, #16]	; (100026e8 <xosc_init+0x20>)
100026d6:	4a05      	ldr	r2, [pc, #20]	; (100026ec <xosc_init+0x24>)
100026d8:	601a      	str	r2, [r3, #0]
100026da:	4b02      	ldr	r3, [pc, #8]	; (100026e4 <xosc_init+0x1c>)
100026dc:	685b      	ldr	r3, [r3, #4]
100026de:	2b00      	cmp	r3, #0
100026e0:	dafb      	bge.n	100026da <xosc_init+0x12>
100026e2:	4770      	bx	lr
100026e4:	40024000 	.word	0x40024000
100026e8:	40026000 	.word	0x40026000
100026ec:	00fab000 	.word	0x00fab000

100026f0 <_exit>:
100026f0:	be00      	bkpt	0x0000
100026f2:	e7fd      	b.n	100026f0 <_exit>

100026f4 <_sbrk>:
100026f4:	0003      	movs	r3, r0
100026f6:	4a0a      	ldr	r2, [pc, #40]	; (10002720 <_sbrk+0x2c>)
100026f8:	6812      	ldr	r2, [r2, #0]
100026fa:	2a00      	cmp	r2, #0
100026fc:	d008      	beq.n	10002710 <_sbrk+0x1c>
100026fe:	4a08      	ldr	r2, [pc, #32]	; (10002720 <_sbrk+0x2c>)
10002700:	6810      	ldr	r0, [r2, #0]
10002702:	18c3      	adds	r3, r0, r3
10002704:	4a07      	ldr	r2, [pc, #28]	; (10002724 <_sbrk+0x30>)
10002706:	429a      	cmp	r2, r3
10002708:	d306      	bcc.n	10002718 <_sbrk+0x24>
1000270a:	4a05      	ldr	r2, [pc, #20]	; (10002720 <_sbrk+0x2c>)
1000270c:	6013      	str	r3, [r2, #0]
1000270e:	4770      	bx	lr
10002710:	4a03      	ldr	r2, [pc, #12]	; (10002720 <_sbrk+0x2c>)
10002712:	4905      	ldr	r1, [pc, #20]	; (10002728 <_sbrk+0x34>)
10002714:	6011      	str	r1, [r2, #0]
10002716:	e7f2      	b.n	100026fe <_sbrk+0xa>
10002718:	2001      	movs	r0, #1
1000271a:	4240      	negs	r0, r0
1000271c:	e7f7      	b.n	1000270e <_sbrk+0x1a>
1000271e:	46c0      	nop			; (mov r8, r8)
10002720:	20001e04 	.word	0x20001e04
10002724:	20040000 	.word	0x20040000
10002728:	20002490 	.word	0x20002490

1000272c <exit>:
1000272c:	b510      	push	{r4, lr}
1000272e:	f7ff ffdf 	bl	100026f0 <_exit>
	...

10002734 <__assert_func>:
10002734:	b510      	push	{r4, lr}
10002736:	b082      	sub	sp, #8
10002738:	000c      	movs	r4, r1
1000273a:	0019      	movs	r1, r3
1000273c:	2a00      	cmp	r2, #0
1000273e:	d00c      	beq.n	1000275a <__assert_func+0x26>
10002740:	4b08      	ldr	r3, [pc, #32]	; (10002764 <__assert_func+0x30>)
10002742:	2a00      	cmp	r2, #0
10002744:	d00b      	beq.n	1000275e <__assert_func+0x2a>
10002746:	9201      	str	r2, [sp, #4]
10002748:	9300      	str	r3, [sp, #0]
1000274a:	0023      	movs	r3, r4
1000274c:	0002      	movs	r2, r0
1000274e:	4806      	ldr	r0, [pc, #24]	; (10002768 <__assert_func+0x34>)
10002750:	f002 fd6e 	bl	10005230 <__wrap_printf>
10002754:	2001      	movs	r0, #1
10002756:	f7ff ffcb 	bl	100026f0 <_exit>
1000275a:	4b04      	ldr	r3, [pc, #16]	; (1000276c <__assert_func+0x38>)
1000275c:	e7f1      	b.n	10002742 <__assert_func+0xe>
1000275e:	4a03      	ldr	r2, [pc, #12]	; (1000276c <__assert_func+0x38>)
10002760:	e7f1      	b.n	10002746 <__assert_func+0x12>
10002762:	46c0      	nop			; (mov r8, r8)
10002764:	1000b278 	.word	0x1000b278
10002768:	1000b288 	.word	0x1000b288
1000276c:	1000a7b0 	.word	0x1000a7b0

10002770 <runtime_init>:
10002770:	b570      	push	{r4, r5, r6, lr}
10002772:	4b2b      	ldr	r3, [pc, #172]	; (10002820 <runtime_init+0xb0>)
10002774:	4a2b      	ldr	r2, [pc, #172]	; (10002824 <runtime_init+0xb4>)
10002776:	601a      	str	r2, [r3, #0]
10002778:	4b2b      	ldr	r3, [pc, #172]	; (10002828 <runtime_init+0xb8>)
1000277a:	4a2c      	ldr	r2, [pc, #176]	; (1000282c <runtime_init+0xbc>)
1000277c:	601a      	str	r2, [r3, #0]
1000277e:	4b2c      	ldr	r3, [pc, #176]	; (10002830 <runtime_init+0xc0>)
10002780:	689a      	ldr	r2, [r3, #8]
10002782:	4b2a      	ldr	r3, [pc, #168]	; (1000282c <runtime_init+0xbc>)
10002784:	4393      	bics	r3, r2
10002786:	d1fa      	bne.n	1000277e <runtime_init+0xe>
10002788:	4c2a      	ldr	r4, [pc, #168]	; (10002834 <runtime_init+0xc4>)
1000278a:	e001      	b.n	10002790 <runtime_init+0x20>
1000278c:	cc08      	ldmia	r4!, {r3}
1000278e:	4798      	blx	r3
10002790:	4b29      	ldr	r3, [pc, #164]	; (10002838 <runtime_init+0xc8>)
10002792:	429c      	cmp	r4, r3
10002794:	d3fa      	bcc.n	1000278c <runtime_init+0x1c>
10002796:	f7ff fe15 	bl	100023c4 <clocks_init>
1000279a:	4b23      	ldr	r3, [pc, #140]	; (10002828 <runtime_init+0xb8>)
1000279c:	4a27      	ldr	r2, [pc, #156]	; (1000283c <runtime_init+0xcc>)
1000279e:	601a      	str	r2, [r3, #0]
100027a0:	4b23      	ldr	r3, [pc, #140]	; (10002830 <runtime_init+0xc0>)
100027a2:	689b      	ldr	r3, [r3, #8]
100027a4:	43db      	mvns	r3, r3
100027a6:	01db      	lsls	r3, r3, #7
100027a8:	d1fa      	bne.n	100027a0 <runtime_init+0x30>
100027aa:	4b25      	ldr	r3, [pc, #148]	; (10002840 <runtime_init+0xd0>)
100027ac:	2240      	movs	r2, #64	; 0x40
100027ae:	679a      	str	r2, [r3, #120]	; 0x78
100027b0:	675a      	str	r2, [r3, #116]	; 0x74
100027b2:	671a      	str	r2, [r3, #112]	; 0x70
100027b4:	66da      	str	r2, [r3, #108]	; 0x6c
100027b6:	4c23      	ldr	r4, [pc, #140]	; (10002844 <runtime_init+0xd4>)
100027b8:	e009      	b.n	100027ce <runtime_init+0x5e>
100027ba:	4b23      	ldr	r3, [pc, #140]	; (10002848 <runtime_init+0xd8>)
100027bc:	4a23      	ldr	r2, [pc, #140]	; (1000284c <runtime_init+0xdc>)
100027be:	2187      	movs	r1, #135	; 0x87
100027c0:	4823      	ldr	r0, [pc, #140]	; (10002850 <runtime_init+0xe0>)
100027c2:	f7ff ffb7 	bl	10002734 <__assert_func>
100027c6:	0020      	movs	r0, r4
100027c8:	f7fe fcee 	bl	100011a8 <mutex_init>
100027cc:	3408      	adds	r4, #8
100027ce:	4b21      	ldr	r3, [pc, #132]	; (10002854 <runtime_init+0xe4>)
100027d0:	429c      	cmp	r4, r3
100027d2:	d209      	bcs.n	100027e8 <runtime_init+0x78>
100027d4:	6823      	ldr	r3, [r4, #0]
100027d6:	2b00      	cmp	r3, #0
100027d8:	d0f5      	beq.n	100027c6 <runtime_init+0x56>
100027da:	2b01      	cmp	r3, #1
100027dc:	d1ed      	bne.n	100027ba <runtime_init+0x4a>
100027de:	0020      	movs	r0, r4
100027e0:	f7fe fcef 	bl	100011c2 <recursive_mutex_init>
100027e4:	3408      	adds	r4, #8
100027e6:	e7f2      	b.n	100027ce <runtime_init+0x5e>
100027e8:	4c1b      	ldr	r4, [pc, #108]	; (10002858 <runtime_init+0xe8>)
100027ea:	68a1      	ldr	r1, [r4, #8]
100027ec:	4d1b      	ldr	r5, [pc, #108]	; (1000285c <runtime_init+0xec>)
100027ee:	22c0      	movs	r2, #192	; 0xc0
100027f0:	0028      	movs	r0, r5
100027f2:	f002 fbc5 	bl	10004f80 <__wrap___aeabi_memcpy>
100027f6:	60a5      	str	r5, [r4, #8]
100027f8:	f3ef 8305 	mrs	r3, IPSR
100027fc:	2b00      	cmp	r3, #0
100027fe:	d000      	beq.n	10002802 <runtime_init+0x92>
10002800:	be00      	bkpt	0x0000
10002802:	f7fe f949 	bl	10000a98 <spin_locks_reset>
10002806:	f7fe fca5 	bl	10001154 <irq_init_priorities>
1000280a:	f7ff f83d 	bl	10001888 <alarm_pool_init_default>
1000280e:	4c14      	ldr	r4, [pc, #80]	; (10002860 <runtime_init+0xf0>)
10002810:	e001      	b.n	10002816 <runtime_init+0xa6>
10002812:	cc08      	ldmia	r4!, {r3}
10002814:	4798      	blx	r3
10002816:	4b13      	ldr	r3, [pc, #76]	; (10002864 <runtime_init+0xf4>)
10002818:	429c      	cmp	r4, r3
1000281a:	d3fa      	bcc.n	10002812 <runtime_init+0xa2>
1000281c:	bd70      	pop	{r4, r5, r6, pc}
1000281e:	46c0      	nop			; (mov r8, r8)
10002820:	4000e000 	.word	0x4000e000
10002824:	fefbcdbf 	.word	0xfefbcdbf
10002828:	4000f000 	.word	0x4000f000
1000282c:	003c7ffe 	.word	0x003c7ffe
10002830:	4000c000 	.word	0x4000c000
10002834:	20001678 	.word	0x20001678
10002838:	20001688 	.word	0x20001688
1000283c:	01ffffff 	.word	0x01ffffff
10002840:	4001f000 	.word	0x4001f000
10002844:	20001670 	.word	0x20001670
10002848:	1000b2b8 	.word	0x1000b2b8
1000284c:	1000b34c 	.word	0x1000b34c
10002850:	1000b2d8 	.word	0x1000b2d8
10002854:	20001678 	.word	0x20001678
10002858:	e000ed00 	.word	0xe000ed00
1000285c:	20000000 	.word	0x20000000
10002860:	20001688 	.word	0x20001688
10002864:	20001690 	.word	0x20001690

10002868 <panic>:
10002868:	b40f      	push	{r0, r1, r2, r3}
1000286a:	b500      	push	{lr}
1000286c:	b083      	sub	sp, #12
1000286e:	4808      	ldr	r0, [pc, #32]	; (10002890 <panic+0x28>)
10002870:	f002 fcae 	bl	100051d0 <__wrap_puts>
10002874:	9b04      	ldr	r3, [sp, #16]
10002876:	2b00      	cmp	r3, #0
10002878:	d007      	beq.n	1000288a <panic+0x22>
1000287a:	a905      	add	r1, sp, #20
1000287c:	9101      	str	r1, [sp, #4]
1000287e:	0018      	movs	r0, r3
10002880:	f002 fcb6 	bl	100051f0 <__wrap_vprintf>
10002884:	4803      	ldr	r0, [pc, #12]	; (10002894 <panic+0x2c>)
10002886:	f002 fca3 	bl	100051d0 <__wrap_puts>
1000288a:	2001      	movs	r0, #1
1000288c:	f7ff ff30 	bl	100026f0 <_exit>
10002890:	1000b338 	.word	0x1000b338
10002894:	1000b348 	.word	0x1000b348

10002898 <_out_null>:
10002898:	4770      	bx	lr

1000289a <_out_fct>:
1000289a:	b510      	push	{r4, lr}
1000289c:	2800      	cmp	r0, #0
1000289e:	d002      	beq.n	100028a6 <_out_fct+0xc>
100028a0:	680b      	ldr	r3, [r1, #0]
100028a2:	6849      	ldr	r1, [r1, #4]
100028a4:	4798      	blx	r3
100028a6:	bd10      	pop	{r4, pc}

100028a8 <_atoi>:
100028a8:	0001      	movs	r1, r0
100028aa:	2000      	movs	r0, #0
100028ac:	e007      	b.n	100028be <_atoi+0x16>
100028ae:	0083      	lsls	r3, r0, #2
100028b0:	181b      	adds	r3, r3, r0
100028b2:	005b      	lsls	r3, r3, #1
100028b4:	1c50      	adds	r0, r2, #1
100028b6:	6008      	str	r0, [r1, #0]
100028b8:	7810      	ldrb	r0, [r2, #0]
100028ba:	18c0      	adds	r0, r0, r3
100028bc:	3830      	subs	r0, #48	; 0x30
100028be:	680a      	ldr	r2, [r1, #0]
100028c0:	7813      	ldrb	r3, [r2, #0]
100028c2:	3b30      	subs	r3, #48	; 0x30
100028c4:	b2db      	uxtb	r3, r3
100028c6:	2b09      	cmp	r3, #9
100028c8:	d9f1      	bls.n	100028ae <_atoi+0x6>
100028ca:	4770      	bx	lr

100028cc <_out_rev>:
100028cc:	b5f0      	push	{r4, r5, r6, r7, lr}
100028ce:	46de      	mov	lr, fp
100028d0:	4657      	mov	r7, sl
100028d2:	464e      	mov	r6, r9
100028d4:	4645      	mov	r5, r8
100028d6:	b5e0      	push	{r5, r6, r7, lr}
100028d8:	b083      	sub	sp, #12
100028da:	4693      	mov	fp, r2
100028dc:	001f      	movs	r7, r3
100028de:	9b0c      	ldr	r3, [sp, #48]	; 0x30
100028e0:	469a      	mov	sl, r3
100028e2:	9c0d      	ldr	r4, [sp, #52]	; 0x34
100028e4:	9b0e      	ldr	r3, [sp, #56]	; 0x38
100028e6:	4699      	mov	r9, r3
100028e8:	9b0f      	ldr	r3, [sp, #60]	; 0x3c
100028ea:	079b      	lsls	r3, r3, #30
100028ec:	d003      	beq.n	100028f6 <_out_rev+0x2a>
100028ee:	46b8      	mov	r8, r7
100028f0:	000f      	movs	r7, r1
100028f2:	0006      	movs	r6, r0
100028f4:	e022      	b.n	1000293c <_out_rev+0x70>
100028f6:	9201      	str	r2, [sp, #4]
100028f8:	46a3      	mov	fp, r4
100028fa:	4688      	mov	r8, r1
100028fc:	464e      	mov	r6, r9
100028fe:	46b9      	mov	r9, r7
10002900:	0007      	movs	r7, r0
10002902:	42b4      	cmp	r4, r6
10002904:	d207      	bcs.n	10002916 <_out_rev+0x4a>
10002906:	1c55      	adds	r5, r2, #1
10002908:	464b      	mov	r3, r9
1000290a:	4641      	mov	r1, r8
1000290c:	2020      	movs	r0, #32
1000290e:	47b8      	blx	r7
10002910:	3401      	adds	r4, #1
10002912:	002a      	movs	r2, r5
10002914:	e7f5      	b.n	10002902 <_out_rev+0x36>
10002916:	003d      	movs	r5, r7
10002918:	464f      	mov	r7, r9
1000291a:	465c      	mov	r4, fp
1000291c:	9b01      	ldr	r3, [sp, #4]
1000291e:	469b      	mov	fp, r3
10002920:	46b1      	mov	r9, r6
10002922:	4646      	mov	r6, r8
10002924:	46b8      	mov	r8, r7
10002926:	0037      	movs	r7, r6
10002928:	002e      	movs	r6, r5
1000292a:	e007      	b.n	1000293c <_out_rev+0x70>
1000292c:	3c01      	subs	r4, #1
1000292e:	1c55      	adds	r5, r2, #1
10002930:	4653      	mov	r3, sl
10002932:	5d18      	ldrb	r0, [r3, r4]
10002934:	4643      	mov	r3, r8
10002936:	0039      	movs	r1, r7
10002938:	47b0      	blx	r6
1000293a:	002a      	movs	r2, r5
1000293c:	2c00      	cmp	r4, #0
1000293e:	d1f5      	bne.n	1000292c <_out_rev+0x60>
10002940:	0035      	movs	r5, r6
10002942:	003e      	movs	r6, r7
10002944:	4647      	mov	r7, r8
10002946:	9b0f      	ldr	r3, [sp, #60]	; 0x3c
10002948:	079b      	lsls	r3, r3, #30
1000294a:	d407      	bmi.n	1000295c <_out_rev+0x90>
1000294c:	0010      	movs	r0, r2
1000294e:	b003      	add	sp, #12
10002950:	bcf0      	pop	{r4, r5, r6, r7}
10002952:	46bb      	mov	fp, r7
10002954:	46b2      	mov	sl, r6
10002956:	46a9      	mov	r9, r5
10002958:	46a0      	mov	r8, r4
1000295a:	bdf0      	pop	{r4, r5, r6, r7, pc}
1000295c:	46b0      	mov	r8, r6
1000295e:	464e      	mov	r6, r9
10002960:	46b9      	mov	r9, r7
10002962:	002f      	movs	r7, r5
10002964:	465d      	mov	r5, fp
10002966:	1b53      	subs	r3, r2, r5
10002968:	42b3      	cmp	r3, r6
1000296a:	d2ef      	bcs.n	1000294c <_out_rev+0x80>
1000296c:	1c54      	adds	r4, r2, #1
1000296e:	464b      	mov	r3, r9
10002970:	4641      	mov	r1, r8
10002972:	2020      	movs	r0, #32
10002974:	47b8      	blx	r7
10002976:	0022      	movs	r2, r4
10002978:	e7f5      	b.n	10002966 <_out_rev+0x9a>

1000297a <_ntoa_format>:
1000297a:	b5f0      	push	{r4, r5, r6, r7, lr}
1000297c:	46ce      	mov	lr, r9
1000297e:	4647      	mov	r7, r8
10002980:	b580      	push	{r7, lr}
10002982:	b085      	sub	sp, #20
10002984:	4694      	mov	ip, r2
10002986:	4698      	mov	r8, r3
10002988:	9d0c      	ldr	r5, [sp, #48]	; 0x30
1000298a:	9c0d      	ldr	r4, [sp, #52]	; 0x34
1000298c:	ab0e      	add	r3, sp, #56	; 0x38
1000298e:	781b      	ldrb	r3, [r3, #0]
10002990:	4699      	mov	r9, r3
10002992:	9a10      	ldr	r2, [sp, #64]	; 0x40
10002994:	9b11      	ldr	r3, [sp, #68]	; 0x44
10002996:	9e12      	ldr	r6, [sp, #72]	; 0x48
10002998:	07b7      	lsls	r7, r6, #30
1000299a:	d41c      	bmi.n	100029d6 <_ntoa_format+0x5c>
1000299c:	2b00      	cmp	r3, #0
1000299e:	d00c      	beq.n	100029ba <_ntoa_format+0x40>
100029a0:	07f7      	lsls	r7, r6, #31
100029a2:	d50a      	bpl.n	100029ba <_ntoa_format+0x40>
100029a4:	464f      	mov	r7, r9
100029a6:	2f00      	cmp	r7, #0
100029a8:	d102      	bne.n	100029b0 <_ntoa_format+0x36>
100029aa:	370c      	adds	r7, #12
100029ac:	4237      	tst	r7, r6
100029ae:	d004      	beq.n	100029ba <_ntoa_format+0x40>
100029b0:	3b01      	subs	r3, #1
100029b2:	e002      	b.n	100029ba <_ntoa_format+0x40>
100029b4:	2730      	movs	r7, #48	; 0x30
100029b6:	552f      	strb	r7, [r5, r4]
100029b8:	3401      	adds	r4, #1
100029ba:	4294      	cmp	r4, r2
100029bc:	d201      	bcs.n	100029c2 <_ntoa_format+0x48>
100029be:	2c1f      	cmp	r4, #31
100029c0:	d9f8      	bls.n	100029b4 <_ntoa_format+0x3a>
100029c2:	07f7      	lsls	r7, r6, #31
100029c4:	d507      	bpl.n	100029d6 <_ntoa_format+0x5c>
100029c6:	429c      	cmp	r4, r3
100029c8:	d205      	bcs.n	100029d6 <_ntoa_format+0x5c>
100029ca:	2c1f      	cmp	r4, #31
100029cc:	d803      	bhi.n	100029d6 <_ntoa_format+0x5c>
100029ce:	2730      	movs	r7, #48	; 0x30
100029d0:	552f      	strb	r7, [r5, r4]
100029d2:	3401      	adds	r4, #1
100029d4:	e7f5      	b.n	100029c2 <_ntoa_format+0x48>
100029d6:	06f7      	lsls	r7, r6, #27
100029d8:	d515      	bpl.n	10002a06 <_ntoa_format+0x8c>
100029da:	0577      	lsls	r7, r6, #21
100029dc:	d405      	bmi.n	100029ea <_ntoa_format+0x70>
100029de:	2c00      	cmp	r4, #0
100029e0:	d003      	beq.n	100029ea <_ntoa_format+0x70>
100029e2:	4294      	cmp	r4, r2
100029e4:	d024      	beq.n	10002a30 <_ntoa_format+0xb6>
100029e6:	429c      	cmp	r4, r3
100029e8:	d022      	beq.n	10002a30 <_ntoa_format+0xb6>
100029ea:	9a0f      	ldr	r2, [sp, #60]	; 0x3c
100029ec:	2a10      	cmp	r2, #16
100029ee:	d02b      	beq.n	10002a48 <_ntoa_format+0xce>
100029f0:	9a0f      	ldr	r2, [sp, #60]	; 0x3c
100029f2:	2a10      	cmp	r2, #16
100029f4:	d030      	beq.n	10002a58 <_ntoa_format+0xde>
100029f6:	9a0f      	ldr	r2, [sp, #60]	; 0x3c
100029f8:	2a02      	cmp	r2, #2
100029fa:	d035      	beq.n	10002a68 <_ntoa_format+0xee>
100029fc:	2c1f      	cmp	r4, #31
100029fe:	d802      	bhi.n	10002a06 <_ntoa_format+0x8c>
10002a00:	2230      	movs	r2, #48	; 0x30
10002a02:	552a      	strb	r2, [r5, r4]
10002a04:	3401      	adds	r4, #1
10002a06:	2c1f      	cmp	r4, #31
10002a08:	d805      	bhi.n	10002a16 <_ntoa_format+0x9c>
10002a0a:	464a      	mov	r2, r9
10002a0c:	2a00      	cmp	r2, #0
10002a0e:	d031      	beq.n	10002a74 <_ntoa_format+0xfa>
10002a10:	222d      	movs	r2, #45	; 0x2d
10002a12:	552a      	strb	r2, [r5, r4]
10002a14:	3401      	adds	r4, #1
10002a16:	9603      	str	r6, [sp, #12]
10002a18:	9302      	str	r3, [sp, #8]
10002a1a:	9401      	str	r4, [sp, #4]
10002a1c:	9500      	str	r5, [sp, #0]
10002a1e:	4643      	mov	r3, r8
10002a20:	4662      	mov	r2, ip
10002a22:	f7ff ff53 	bl	100028cc <_out_rev>
10002a26:	b005      	add	sp, #20
10002a28:	bcc0      	pop	{r6, r7}
10002a2a:	46b9      	mov	r9, r7
10002a2c:	46b0      	mov	r8, r6
10002a2e:	bdf0      	pop	{r4, r5, r6, r7, pc}
10002a30:	1e62      	subs	r2, r4, #1
10002a32:	2c01      	cmp	r4, #1
10002a34:	d006      	beq.n	10002a44 <_ntoa_format+0xca>
10002a36:	9f0f      	ldr	r7, [sp, #60]	; 0x3c
10002a38:	2f10      	cmp	r7, #16
10002a3a:	d001      	beq.n	10002a40 <_ntoa_format+0xc6>
10002a3c:	0014      	movs	r4, r2
10002a3e:	e7d4      	b.n	100029ea <_ntoa_format+0x70>
10002a40:	3c02      	subs	r4, #2
10002a42:	e7d2      	b.n	100029ea <_ntoa_format+0x70>
10002a44:	0014      	movs	r4, r2
10002a46:	e7d0      	b.n	100029ea <_ntoa_format+0x70>
10002a48:	06b2      	lsls	r2, r6, #26
10002a4a:	d4d1      	bmi.n	100029f0 <_ntoa_format+0x76>
10002a4c:	2c1f      	cmp	r4, #31
10002a4e:	d8cf      	bhi.n	100029f0 <_ntoa_format+0x76>
10002a50:	2278      	movs	r2, #120	; 0x78
10002a52:	552a      	strb	r2, [r5, r4]
10002a54:	3401      	adds	r4, #1
10002a56:	e7d1      	b.n	100029fc <_ntoa_format+0x82>
10002a58:	06b2      	lsls	r2, r6, #26
10002a5a:	d5cc      	bpl.n	100029f6 <_ntoa_format+0x7c>
10002a5c:	2c1f      	cmp	r4, #31
10002a5e:	d8ca      	bhi.n	100029f6 <_ntoa_format+0x7c>
10002a60:	2258      	movs	r2, #88	; 0x58
10002a62:	552a      	strb	r2, [r5, r4]
10002a64:	3401      	adds	r4, #1
10002a66:	e7c9      	b.n	100029fc <_ntoa_format+0x82>
10002a68:	2c1f      	cmp	r4, #31
10002a6a:	d8c7      	bhi.n	100029fc <_ntoa_format+0x82>
10002a6c:	3260      	adds	r2, #96	; 0x60
10002a6e:	552a      	strb	r2, [r5, r4]
10002a70:	3401      	adds	r4, #1
10002a72:	e7c3      	b.n	100029fc <_ntoa_format+0x82>
10002a74:	0772      	lsls	r2, r6, #29
10002a76:	d503      	bpl.n	10002a80 <_ntoa_format+0x106>
10002a78:	222b      	movs	r2, #43	; 0x2b
10002a7a:	552a      	strb	r2, [r5, r4]
10002a7c:	3401      	adds	r4, #1
10002a7e:	e7ca      	b.n	10002a16 <_ntoa_format+0x9c>
10002a80:	0732      	lsls	r2, r6, #28
10002a82:	d5c8      	bpl.n	10002a16 <_ntoa_format+0x9c>
10002a84:	2220      	movs	r2, #32
10002a86:	552a      	strb	r2, [r5, r4]
10002a88:	3401      	adds	r4, #1
10002a8a:	e7c4      	b.n	10002a16 <_ntoa_format+0x9c>

10002a8c <_ntoa_long>:
10002a8c:	b5f0      	push	{r4, r5, r6, r7, lr}
10002a8e:	46de      	mov	lr, fp
10002a90:	4657      	mov	r7, sl
10002a92:	464e      	mov	r6, r9
10002a94:	4645      	mov	r5, r8
10002a96:	b5e0      	push	{r5, r6, r7, lr}
10002a98:	b093      	sub	sp, #76	; 0x4c
10002a9a:	4681      	mov	r9, r0
10002a9c:	468a      	mov	sl, r1
10002a9e:	9208      	str	r2, [sp, #32]
10002aa0:	9309      	str	r3, [sp, #36]	; 0x24
10002aa2:	ab1c      	add	r3, sp, #112	; 0x70
10002aa4:	cb10      	ldmia	r3!, {r4}
10002aa6:	781b      	ldrb	r3, [r3, #0]
10002aa8:	469b      	mov	fp, r3
10002aaa:	9d1e      	ldr	r5, [sp, #120]	; 0x78
10002aac:	9b21      	ldr	r3, [sp, #132]	; 0x84
10002aae:	4698      	mov	r8, r3
10002ab0:	2c00      	cmp	r4, #0
10002ab2:	d103      	bne.n	10002abc <_ntoa_long+0x30>
10002ab4:	2310      	movs	r3, #16
10002ab6:	4642      	mov	r2, r8
10002ab8:	439a      	bics	r2, r3
10002aba:	4690      	mov	r8, r2
10002abc:	2380      	movs	r3, #128	; 0x80
10002abe:	00db      	lsls	r3, r3, #3
10002ac0:	4646      	mov	r6, r8
10002ac2:	401e      	ands	r6, r3
10002ac4:	4642      	mov	r2, r8
10002ac6:	421a      	tst	r2, r3
10002ac8:	d012      	beq.n	10002af0 <_ntoa_long+0x64>
10002aca:	2c00      	cmp	r4, #0
10002acc:	d022      	beq.n	10002b14 <_ntoa_long+0x88>
10002ace:	2600      	movs	r6, #0
10002ad0:	e00e      	b.n	10002af0 <_ntoa_long+0x64>
10002ad2:	3330      	adds	r3, #48	; 0x30
10002ad4:	b2d9      	uxtb	r1, r3
10002ad6:	1c77      	adds	r7, r6, #1
10002ad8:	ab0a      	add	r3, sp, #40	; 0x28
10002ada:	5599      	strb	r1, [r3, r6]
10002adc:	0029      	movs	r1, r5
10002ade:	0020      	movs	r0, r4
10002ae0:	f000 ffd6 	bl	10003a90 <__wrap___aeabi_uidiv>
10002ae4:	42ac      	cmp	r4, r5
10002ae6:	d316      	bcc.n	10002b16 <_ntoa_long+0x8a>
10002ae8:	2f1f      	cmp	r7, #31
10002aea:	d814      	bhi.n	10002b16 <_ntoa_long+0x8a>
10002aec:	003e      	movs	r6, r7
10002aee:	0004      	movs	r4, r0
10002af0:	0029      	movs	r1, r5
10002af2:	0020      	movs	r0, r4
10002af4:	f000 ffcc 	bl	10003a90 <__wrap___aeabi_uidiv>
10002af8:	b2cb      	uxtb	r3, r1
10002afa:	2b09      	cmp	r3, #9
10002afc:	d9e9      	bls.n	10002ad2 <_ntoa_long+0x46>
10002afe:	4642      	mov	r2, r8
10002b00:	0692      	lsls	r2, r2, #26
10002b02:	d505      	bpl.n	10002b10 <_ntoa_long+0x84>
10002b04:	2141      	movs	r1, #65	; 0x41
10002b06:	18c9      	adds	r1, r1, r3
10002b08:	b2c9      	uxtb	r1, r1
10002b0a:	390a      	subs	r1, #10
10002b0c:	b2c9      	uxtb	r1, r1
10002b0e:	e7e2      	b.n	10002ad6 <_ntoa_long+0x4a>
10002b10:	2161      	movs	r1, #97	; 0x61
10002b12:	e7f8      	b.n	10002b06 <_ntoa_long+0x7a>
10002b14:	0027      	movs	r7, r4
10002b16:	4643      	mov	r3, r8
10002b18:	9306      	str	r3, [sp, #24]
10002b1a:	9b20      	ldr	r3, [sp, #128]	; 0x80
10002b1c:	9305      	str	r3, [sp, #20]
10002b1e:	9b1f      	ldr	r3, [sp, #124]	; 0x7c
10002b20:	9304      	str	r3, [sp, #16]
10002b22:	9503      	str	r5, [sp, #12]
10002b24:	465b      	mov	r3, fp
10002b26:	9302      	str	r3, [sp, #8]
10002b28:	9701      	str	r7, [sp, #4]
10002b2a:	ab0a      	add	r3, sp, #40	; 0x28
10002b2c:	9300      	str	r3, [sp, #0]
10002b2e:	9b09      	ldr	r3, [sp, #36]	; 0x24
10002b30:	9a08      	ldr	r2, [sp, #32]
10002b32:	4651      	mov	r1, sl
10002b34:	4648      	mov	r0, r9
10002b36:	f7ff ff20 	bl	1000297a <_ntoa_format>
10002b3a:	b013      	add	sp, #76	; 0x4c
10002b3c:	bcf0      	pop	{r4, r5, r6, r7}
10002b3e:	46bb      	mov	fp, r7
10002b40:	46b2      	mov	sl, r6
10002b42:	46a9      	mov	r9, r5
10002b44:	46a0      	mov	r8, r4
10002b46:	bdf0      	pop	{r4, r5, r6, r7, pc}

10002b48 <_ntoa_long_long>:
10002b48:	b5f0      	push	{r4, r5, r6, r7, lr}
10002b4a:	46de      	mov	lr, fp
10002b4c:	4657      	mov	r7, sl
10002b4e:	464e      	mov	r6, r9
10002b50:	4645      	mov	r5, r8
10002b52:	b5e0      	push	{r5, r6, r7, lr}
10002b54:	b095      	sub	sp, #84	; 0x54
10002b56:	9008      	str	r0, [sp, #32]
10002b58:	9109      	str	r1, [sp, #36]	; 0x24
10002b5a:	920a      	str	r2, [sp, #40]	; 0x28
10002b5c:	930b      	str	r3, [sp, #44]	; 0x2c
10002b5e:	9e1e      	ldr	r6, [sp, #120]	; 0x78
10002b60:	9c1f      	ldr	r4, [sp, #124]	; 0x7c
10002b62:	ab20      	add	r3, sp, #128	; 0x80
10002b64:	781b      	ldrb	r3, [r3, #0]
10002b66:	469b      	mov	fp, r3
10002b68:	9b22      	ldr	r3, [sp, #136]	; 0x88
10002b6a:	4699      	mov	r9, r3
10002b6c:	9d23      	ldr	r5, [sp, #140]	; 0x8c
10002b6e:	9b26      	ldr	r3, [sp, #152]	; 0x98
10002b70:	469a      	mov	sl, r3
10002b72:	0033      	movs	r3, r6
10002b74:	4323      	orrs	r3, r4
10002b76:	d103      	bne.n	10002b80 <_ntoa_long_long+0x38>
10002b78:	3310      	adds	r3, #16
10002b7a:	4652      	mov	r2, sl
10002b7c:	439a      	bics	r2, r3
10002b7e:	4692      	mov	sl, r2
10002b80:	2380      	movs	r3, #128	; 0x80
10002b82:	00db      	lsls	r3, r3, #3
10002b84:	4657      	mov	r7, sl
10002b86:	401f      	ands	r7, r3
10002b88:	4652      	mov	r2, sl
10002b8a:	421a      	tst	r2, r3
10002b8c:	d019      	beq.n	10002bc2 <_ntoa_long_long+0x7a>
10002b8e:	0033      	movs	r3, r6
10002b90:	4323      	orrs	r3, r4
10002b92:	d02d      	beq.n	10002bf0 <_ntoa_long_long+0xa8>
10002b94:	2700      	movs	r7, #0
10002b96:	e014      	b.n	10002bc2 <_ntoa_long_long+0x7a>
10002b98:	3330      	adds	r3, #48	; 0x30
10002b9a:	b2da      	uxtb	r2, r3
10002b9c:	1c7b      	adds	r3, r7, #1
10002b9e:	4698      	mov	r8, r3
10002ba0:	ab0c      	add	r3, sp, #48	; 0x30
10002ba2:	55da      	strb	r2, [r3, r7]
10002ba4:	464a      	mov	r2, r9
10002ba6:	002b      	movs	r3, r5
10002ba8:	0030      	movs	r0, r6
10002baa:	0021      	movs	r1, r4
10002bac:	f000 ffae 	bl	10003b0c <__wrap___aeabi_uldivmod>
10002bb0:	42a5      	cmp	r5, r4
10002bb2:	d81f      	bhi.n	10002bf4 <_ntoa_long_long+0xac>
10002bb4:	d019      	beq.n	10002bea <_ntoa_long_long+0xa2>
10002bb6:	4643      	mov	r3, r8
10002bb8:	2b1f      	cmp	r3, #31
10002bba:	d81b      	bhi.n	10002bf4 <_ntoa_long_long+0xac>
10002bbc:	4647      	mov	r7, r8
10002bbe:	0006      	movs	r6, r0
10002bc0:	000c      	movs	r4, r1
10002bc2:	464a      	mov	r2, r9
10002bc4:	002b      	movs	r3, r5
10002bc6:	0030      	movs	r0, r6
10002bc8:	0021      	movs	r1, r4
10002bca:	f000 ff9f 	bl	10003b0c <__wrap___aeabi_uldivmod>
10002bce:	b2d3      	uxtb	r3, r2
10002bd0:	2b09      	cmp	r3, #9
10002bd2:	d9e1      	bls.n	10002b98 <_ntoa_long_long+0x50>
10002bd4:	4652      	mov	r2, sl
10002bd6:	0692      	lsls	r2, r2, #26
10002bd8:	d505      	bpl.n	10002be6 <_ntoa_long_long+0x9e>
10002bda:	2241      	movs	r2, #65	; 0x41
10002bdc:	18d2      	adds	r2, r2, r3
10002bde:	b2d2      	uxtb	r2, r2
10002be0:	3a0a      	subs	r2, #10
10002be2:	b2d2      	uxtb	r2, r2
10002be4:	e7da      	b.n	10002b9c <_ntoa_long_long+0x54>
10002be6:	2261      	movs	r2, #97	; 0x61
10002be8:	e7f8      	b.n	10002bdc <_ntoa_long_long+0x94>
10002bea:	45b1      	cmp	r9, r6
10002bec:	d9e3      	bls.n	10002bb6 <_ntoa_long_long+0x6e>
10002bee:	e001      	b.n	10002bf4 <_ntoa_long_long+0xac>
10002bf0:	2300      	movs	r3, #0
10002bf2:	4698      	mov	r8, r3
10002bf4:	4653      	mov	r3, sl
10002bf6:	9306      	str	r3, [sp, #24]
10002bf8:	9b25      	ldr	r3, [sp, #148]	; 0x94
10002bfa:	9305      	str	r3, [sp, #20]
10002bfc:	9b24      	ldr	r3, [sp, #144]	; 0x90
10002bfe:	9304      	str	r3, [sp, #16]
10002c00:	464b      	mov	r3, r9
10002c02:	9303      	str	r3, [sp, #12]
10002c04:	465b      	mov	r3, fp
10002c06:	9302      	str	r3, [sp, #8]
10002c08:	4643      	mov	r3, r8
10002c0a:	9301      	str	r3, [sp, #4]
10002c0c:	ab0c      	add	r3, sp, #48	; 0x30
10002c0e:	9300      	str	r3, [sp, #0]
10002c10:	9b0b      	ldr	r3, [sp, #44]	; 0x2c
10002c12:	9a0a      	ldr	r2, [sp, #40]	; 0x28
10002c14:	9909      	ldr	r1, [sp, #36]	; 0x24
10002c16:	9808      	ldr	r0, [sp, #32]
10002c18:	f7ff feaf 	bl	1000297a <_ntoa_format>
10002c1c:	b015      	add	sp, #84	; 0x54
10002c1e:	bcf0      	pop	{r4, r5, r6, r7}
10002c20:	46bb      	mov	fp, r7
10002c22:	46b2      	mov	sl, r6
10002c24:	46a9      	mov	r9, r5
10002c26:	46a0      	mov	r8, r4
10002c28:	bdf0      	pop	{r4, r5, r6, r7, pc}
	...

10002c2c <_etoa>:
10002c2c:	b5f0      	push	{r4, r5, r6, r7, lr}
10002c2e:	46de      	mov	lr, fp
10002c30:	4657      	mov	r7, sl
10002c32:	464e      	mov	r6, r9
10002c34:	4645      	mov	r5, r8
10002c36:	b5e0      	push	{r5, r6, r7, lr}
10002c38:	b091      	sub	sp, #68	; 0x44
10002c3a:	4683      	mov	fp, r0
10002c3c:	468a      	mov	sl, r1
10002c3e:	920c      	str	r2, [sp, #48]	; 0x30
10002c40:	4698      	mov	r8, r3
10002c42:	9c1a      	ldr	r4, [sp, #104]	; 0x68
10002c44:	9408      	str	r4, [sp, #32]
10002c46:	9d1b      	ldr	r5, [sp, #108]	; 0x6c
10002c48:	9509      	str	r5, [sp, #36]	; 0x24
10002c4a:	0022      	movs	r2, r4
10002c4c:	002b      	movs	r3, r5
10002c4e:	0020      	movs	r0, r4
10002c50:	0029      	movs	r1, r5
10002c52:	f001 f9ee 	bl	10004032 <__wrap___aeabi_dcmpun>
10002c56:	2800      	cmp	r0, #0
10002c58:	d000      	beq.n	10002c5c <_etoa+0x30>
10002c5a:	e0e5      	b.n	10002e28 <_etoa+0x1fc>
10002c5c:	2201      	movs	r2, #1
10002c5e:	4252      	negs	r2, r2
10002c60:	4bd7      	ldr	r3, [pc, #860]	; (10002fc0 <_etoa+0x394>)
10002c62:	0020      	movs	r0, r4
10002c64:	0029      	movs	r1, r5
10002c66:	f001 f9df 	bl	10004028 <__wrap___aeabi_dcmpgt>
10002c6a:	2800      	cmp	r0, #0
10002c6c:	d000      	beq.n	10002c70 <_etoa+0x44>
10002c6e:	e0db      	b.n	10002e28 <_etoa+0x1fc>
10002c70:	2201      	movs	r2, #1
10002c72:	4252      	negs	r2, r2
10002c74:	4bd3      	ldr	r3, [pc, #844]	; (10002fc4 <_etoa+0x398>)
10002c76:	0020      	movs	r0, r4
10002c78:	0029      	movs	r1, r5
10002c7a:	f001 f9bf 	bl	10003ffc <__wrap___aeabi_dcmplt>
10002c7e:	2800      	cmp	r0, #0
10002c80:	d000      	beq.n	10002c84 <_etoa+0x58>
10002c82:	e0d1      	b.n	10002e28 <_etoa+0x1fc>
10002c84:	2200      	movs	r2, #0
10002c86:	2300      	movs	r3, #0
10002c88:	9e08      	ldr	r6, [sp, #32]
10002c8a:	0030      	movs	r0, r6
10002c8c:	9d09      	ldr	r5, [sp, #36]	; 0x24
10002c8e:	0029      	movs	r1, r5
10002c90:	f001 f9b4 	bl	10003ffc <__wrap___aeabi_dcmplt>
10002c94:	2800      	cmp	r0, #0
10002c96:	d000      	beq.n	10002c9a <_etoa+0x6e>
10002c98:	e0dd      	b.n	10002e56 <_etoa+0x22a>
10002c9a:	9808      	ldr	r0, [sp, #32]
10002c9c:	9909      	ldr	r1, [sp, #36]	; 0x24
10002c9e:	9006      	str	r0, [sp, #24]
10002ca0:	9107      	str	r1, [sp, #28]
10002ca2:	2380      	movs	r3, #128	; 0x80
10002ca4:	00db      	lsls	r3, r3, #3
10002ca6:	9a1e      	ldr	r2, [sp, #120]	; 0x78
10002ca8:	401a      	ands	r2, r3
10002caa:	920d      	str	r2, [sp, #52]	; 0x34
10002cac:	9a1e      	ldr	r2, [sp, #120]	; 0x78
10002cae:	421a      	tst	r2, r3
10002cb0:	d101      	bne.n	10002cb6 <_etoa+0x8a>
10002cb2:	2306      	movs	r3, #6
10002cb4:	931c      	str	r3, [sp, #112]	; 0x70
10002cb6:	9806      	ldr	r0, [sp, #24]
10002cb8:	9907      	ldr	r1, [sp, #28]
10002cba:	0004      	movs	r4, r0
10002cbc:	000d      	movs	r5, r1
10002cbe:	000a      	movs	r2, r1
10002cc0:	0006      	movs	r6, r0
10002cc2:	4302      	orrs	r2, r0
10002cc4:	d100      	bne.n	10002cc8 <_etoa+0x9c>
10002cc6:	e0d1      	b.n	10002e6c <_etoa+0x240>
10002cc8:	0d08      	lsrs	r0, r1, #20
10002cca:	0540      	lsls	r0, r0, #21
10002ccc:	0d40      	lsrs	r0, r0, #21
10002cce:	4cbe      	ldr	r4, [pc, #760]	; (10002fc8 <_etoa+0x39c>)
10002cd0:	46a4      	mov	ip, r4
10002cd2:	4460      	add	r0, ip
10002cd4:	030a      	lsls	r2, r1, #12
10002cd6:	0b12      	lsrs	r2, r2, #12
10002cd8:	4bbc      	ldr	r3, [pc, #752]	; (10002fcc <_etoa+0x3a0>)
10002cda:	4313      	orrs	r3, r2
10002cdc:	001f      	movs	r7, r3
10002cde:	f001 f9bb 	bl	10004058 <__wrap___aeabi_i2d>
10002ce2:	4abb      	ldr	r2, [pc, #748]	; (10002fd0 <_etoa+0x3a4>)
10002ce4:	4bbb      	ldr	r3, [pc, #748]	; (10002fd4 <_etoa+0x3a8>)
10002ce6:	f001 f93e 	bl	10003f66 <__wrap___aeabi_dmul>
10002cea:	4abb      	ldr	r2, [pc, #748]	; (10002fd8 <_etoa+0x3ac>)
10002cec:	4bbb      	ldr	r3, [pc, #748]	; (10002fdc <_etoa+0x3b0>)
10002cee:	f001 f913 	bl	10003f18 <__wrap___aeabi_dadd>
10002cf2:	0004      	movs	r4, r0
10002cf4:	000d      	movs	r5, r1
10002cf6:	2200      	movs	r2, #0
10002cf8:	4bb9      	ldr	r3, [pc, #740]	; (10002fe0 <_etoa+0x3b4>)
10002cfa:	0030      	movs	r0, r6
10002cfc:	0039      	movs	r1, r7
10002cfe:	f001 f902 	bl	10003f06 <__wrap___aeabi_dsub>
10002d02:	4ab8      	ldr	r2, [pc, #736]	; (10002fe4 <_etoa+0x3b8>)
10002d04:	4bb8      	ldr	r3, [pc, #736]	; (10002fe8 <_etoa+0x3bc>)
10002d06:	f001 f92e 	bl	10003f66 <__wrap___aeabi_dmul>
10002d0a:	0002      	movs	r2, r0
10002d0c:	000b      	movs	r3, r1
10002d0e:	0020      	movs	r0, r4
10002d10:	0029      	movs	r1, r5
10002d12:	f001 f901 	bl	10003f18 <__wrap___aeabi_dadd>
10002d16:	f001 f9b7 	bl	10004088 <__wrap___aeabi_d2iz>
10002d1a:	4681      	mov	r9, r0
10002d1c:	f001 f99c 	bl	10004058 <__wrap___aeabi_i2d>
10002d20:	0004      	movs	r4, r0
10002d22:	000d      	movs	r5, r1
10002d24:	4ab1      	ldr	r2, [pc, #708]	; (10002fec <_etoa+0x3c0>)
10002d26:	4bb2      	ldr	r3, [pc, #712]	; (10002ff0 <_etoa+0x3c4>)
10002d28:	f001 f91d 	bl	10003f66 <__wrap___aeabi_dmul>
10002d2c:	2200      	movs	r2, #0
10002d2e:	4bb1      	ldr	r3, [pc, #708]	; (10002ff4 <_etoa+0x3c8>)
10002d30:	f001 f8f2 	bl	10003f18 <__wrap___aeabi_dadd>
10002d34:	f001 f9a8 	bl	10004088 <__wrap___aeabi_d2iz>
10002d38:	0006      	movs	r6, r0
10002d3a:	4aaf      	ldr	r2, [pc, #700]	; (10002ff8 <_etoa+0x3cc>)
10002d3c:	4baf      	ldr	r3, [pc, #700]	; (10002ffc <_etoa+0x3d0>)
10002d3e:	0020      	movs	r0, r4
10002d40:	0029      	movs	r1, r5
10002d42:	f001 f910 	bl	10003f66 <__wrap___aeabi_dmul>
10002d46:	0004      	movs	r4, r0
10002d48:	000d      	movs	r5, r1
10002d4a:	0030      	movs	r0, r6
10002d4c:	f001 f984 	bl	10004058 <__wrap___aeabi_i2d>
10002d50:	4aab      	ldr	r2, [pc, #684]	; (10003000 <_etoa+0x3d4>)
10002d52:	4bac      	ldr	r3, [pc, #688]	; (10003004 <_etoa+0x3d8>)
10002d54:	f001 f907 	bl	10003f66 <__wrap___aeabi_dmul>
10002d58:	0002      	movs	r2, r0
10002d5a:	000b      	movs	r3, r1
10002d5c:	0020      	movs	r0, r4
10002d5e:	0029      	movs	r1, r5
10002d60:	f001 f8d1 	bl	10003f06 <__wrap___aeabi_dsub>
10002d64:	0004      	movs	r4, r0
10002d66:	000d      	movs	r5, r1
10002d68:	0002      	movs	r2, r0
10002d6a:	000b      	movs	r3, r1
10002d6c:	f001 f8fb 	bl	10003f66 <__wrap___aeabi_dmul>
10002d70:	900a      	str	r0, [sp, #40]	; 0x28
10002d72:	910b      	str	r1, [sp, #44]	; 0x2c
10002d74:	4ba4      	ldr	r3, [pc, #656]	; (10003008 <_etoa+0x3dc>)
10002d76:	18f3      	adds	r3, r6, r3
10002d78:	2600      	movs	r6, #0
10002d7a:	051f      	lsls	r7, r3, #20
10002d7c:	0022      	movs	r2, r4
10002d7e:	002b      	movs	r3, r5
10002d80:	0020      	movs	r0, r4
10002d82:	0029      	movs	r1, r5
10002d84:	f001 f8c8 	bl	10003f18 <__wrap___aeabi_dadd>
10002d88:	900e      	str	r0, [sp, #56]	; 0x38
10002d8a:	910f      	str	r1, [sp, #60]	; 0x3c
10002d8c:	0022      	movs	r2, r4
10002d8e:	002b      	movs	r3, r5
10002d90:	2000      	movs	r0, #0
10002d92:	2180      	movs	r1, #128	; 0x80
10002d94:	05c9      	lsls	r1, r1, #23
10002d96:	f001 f8b6 	bl	10003f06 <__wrap___aeabi_dsub>
10002d9a:	0004      	movs	r4, r0
10002d9c:	000d      	movs	r5, r1
10002d9e:	2200      	movs	r2, #0
10002da0:	4b9a      	ldr	r3, [pc, #616]	; (1000300c <_etoa+0x3e0>)
10002da2:	980a      	ldr	r0, [sp, #40]	; 0x28
10002da4:	990b      	ldr	r1, [sp, #44]	; 0x2c
10002da6:	f001 f8c0 	bl	10003f2a <__wrap___aeabi_ddiv>
10002daa:	2200      	movs	r2, #0
10002dac:	4b98      	ldr	r3, [pc, #608]	; (10003010 <_etoa+0x3e4>)
10002dae:	f001 f8b3 	bl	10003f18 <__wrap___aeabi_dadd>
10002db2:	0002      	movs	r2, r0
10002db4:	000b      	movs	r3, r1
10002db6:	980a      	ldr	r0, [sp, #40]	; 0x28
10002db8:	990b      	ldr	r1, [sp, #44]	; 0x2c
10002dba:	f001 f8b6 	bl	10003f2a <__wrap___aeabi_ddiv>
10002dbe:	2200      	movs	r2, #0
10002dc0:	4b94      	ldr	r3, [pc, #592]	; (10003014 <_etoa+0x3e8>)
10002dc2:	f001 f8a9 	bl	10003f18 <__wrap___aeabi_dadd>
10002dc6:	0002      	movs	r2, r0
10002dc8:	000b      	movs	r3, r1
10002dca:	980a      	ldr	r0, [sp, #40]	; 0x28
10002dcc:	990b      	ldr	r1, [sp, #44]	; 0x2c
10002dce:	f001 f8ac 	bl	10003f2a <__wrap___aeabi_ddiv>
10002dd2:	0002      	movs	r2, r0
10002dd4:	000b      	movs	r3, r1
10002dd6:	0020      	movs	r0, r4
10002dd8:	0029      	movs	r1, r5
10002dda:	f001 f89d 	bl	10003f18 <__wrap___aeabi_dadd>
10002dde:	0002      	movs	r2, r0
10002de0:	000b      	movs	r3, r1
10002de2:	980e      	ldr	r0, [sp, #56]	; 0x38
10002de4:	990f      	ldr	r1, [sp, #60]	; 0x3c
10002de6:	f001 f8a0 	bl	10003f2a <__wrap___aeabi_ddiv>
10002dea:	2200      	movs	r2, #0
10002dec:	4b77      	ldr	r3, [pc, #476]	; (10002fcc <_etoa+0x3a0>)
10002dee:	f001 f893 	bl	10003f18 <__wrap___aeabi_dadd>
10002df2:	0032      	movs	r2, r6
10002df4:	003b      	movs	r3, r7
10002df6:	f001 f8b6 	bl	10003f66 <__wrap___aeabi_dmul>
10002dfa:	0006      	movs	r6, r0
10002dfc:	000f      	movs	r7, r1
10002dfe:	0004      	movs	r4, r0
10002e00:	000d      	movs	r5, r1
10002e02:	9a06      	ldr	r2, [sp, #24]
10002e04:	9b07      	ldr	r3, [sp, #28]
10002e06:	f001 f90f 	bl	10004028 <__wrap___aeabi_dcmpgt>
10002e0a:	2800      	cmp	r0, #0
10002e0c:	d030      	beq.n	10002e70 <_etoa+0x244>
10002e0e:	2301      	movs	r3, #1
10002e10:	425b      	negs	r3, r3
10002e12:	469c      	mov	ip, r3
10002e14:	44e1      	add	r9, ip
10002e16:	2200      	movs	r2, #0
10002e18:	4b7d      	ldr	r3, [pc, #500]	; (10003010 <_etoa+0x3e4>)
10002e1a:	0030      	movs	r0, r6
10002e1c:	0039      	movs	r1, r7
10002e1e:	f001 f884 	bl	10003f2a <__wrap___aeabi_ddiv>
10002e22:	0004      	movs	r4, r0
10002e24:	000d      	movs	r5, r1
10002e26:	e023      	b.n	10002e70 <_etoa+0x244>
10002e28:	9b1e      	ldr	r3, [sp, #120]	; 0x78
10002e2a:	9304      	str	r3, [sp, #16]
10002e2c:	9b1d      	ldr	r3, [sp, #116]	; 0x74
10002e2e:	9303      	str	r3, [sp, #12]
10002e30:	9b1c      	ldr	r3, [sp, #112]	; 0x70
10002e32:	9302      	str	r3, [sp, #8]
10002e34:	9a08      	ldr	r2, [sp, #32]
10002e36:	9b09      	ldr	r3, [sp, #36]	; 0x24
10002e38:	9200      	str	r2, [sp, #0]
10002e3a:	9301      	str	r3, [sp, #4]
10002e3c:	4643      	mov	r3, r8
10002e3e:	9a0c      	ldr	r2, [sp, #48]	; 0x30
10002e40:	4651      	mov	r1, sl
10002e42:	4658      	mov	r0, fp
10002e44:	f000 f8fc 	bl	10003040 <_ftoa>
10002e48:	b011      	add	sp, #68	; 0x44
10002e4a:	bcf0      	pop	{r4, r5, r6, r7}
10002e4c:	46bb      	mov	fp, r7
10002e4e:	46b2      	mov	sl, r6
10002e50:	46a9      	mov	r9, r5
10002e52:	46a0      	mov	r8, r4
10002e54:	bdf0      	pop	{r4, r5, r6, r7, pc}
10002e56:	2300      	movs	r3, #0
10002e58:	2400      	movs	r4, #0
10002e5a:	9306      	str	r3, [sp, #24]
10002e5c:	9407      	str	r4, [sp, #28]
10002e5e:	9606      	str	r6, [sp, #24]
10002e60:	2380      	movs	r3, #128	; 0x80
10002e62:	061b      	lsls	r3, r3, #24
10002e64:	469c      	mov	ip, r3
10002e66:	4465      	add	r5, ip
10002e68:	9507      	str	r5, [sp, #28]
10002e6a:	e71a      	b.n	10002ca2 <_etoa+0x76>
10002e6c:	2300      	movs	r3, #0
10002e6e:	4699      	mov	r9, r3
10002e70:	464b      	mov	r3, r9
10002e72:	3363      	adds	r3, #99	; 0x63
10002e74:	2bc6      	cmp	r3, #198	; 0xc6
10002e76:	d81e      	bhi.n	10002eb6 <_etoa+0x28a>
10002e78:	2604      	movs	r6, #4
10002e7a:	9b1e      	ldr	r3, [sp, #120]	; 0x78
10002e7c:	051b      	lsls	r3, r3, #20
10002e7e:	d526      	bpl.n	10002ece <_etoa+0x2a2>
10002e80:	002b      	movs	r3, r5
10002e82:	4323      	orrs	r3, r4
10002e84:	d00f      	beq.n	10002ea6 <_etoa+0x27a>
10002e86:	4a64      	ldr	r2, [pc, #400]	; (10003018 <_etoa+0x3ec>)
10002e88:	4b64      	ldr	r3, [pc, #400]	; (1000301c <_etoa+0x3f0>)
10002e8a:	9806      	ldr	r0, [sp, #24]
10002e8c:	9907      	ldr	r1, [sp, #28]
10002e8e:	f001 f8c3 	bl	10004018 <__wrap___aeabi_dcmpge>
10002e92:	2800      	cmp	r0, #0
10002e94:	d079      	beq.n	10002f8a <_etoa+0x35e>
10002e96:	2200      	movs	r2, #0
10002e98:	4b61      	ldr	r3, [pc, #388]	; (10003020 <_etoa+0x3f4>)
10002e9a:	9806      	ldr	r0, [sp, #24]
10002e9c:	9907      	ldr	r1, [sp, #28]
10002e9e:	f001 f8ad 	bl	10003ffc <__wrap___aeabi_dcmplt>
10002ea2:	2800      	cmp	r0, #0
10002ea4:	d071      	beq.n	10002f8a <_etoa+0x35e>
10002ea6:	9b1c      	ldr	r3, [sp, #112]	; 0x70
10002ea8:	454b      	cmp	r3, r9
10002eaa:	dd06      	ble.n	10002eba <_etoa+0x28e>
10002eac:	464a      	mov	r2, r9
10002eae:	1a98      	subs	r0, r3, r2
10002eb0:	1e43      	subs	r3, r0, #1
10002eb2:	931c      	str	r3, [sp, #112]	; 0x70
10002eb4:	e003      	b.n	10002ebe <_etoa+0x292>
10002eb6:	2605      	movs	r6, #5
10002eb8:	e7df      	b.n	10002e7a <_etoa+0x24e>
10002eba:	2300      	movs	r3, #0
10002ebc:	931c      	str	r3, [sp, #112]	; 0x70
10002ebe:	2380      	movs	r3, #128	; 0x80
10002ec0:	00db      	lsls	r3, r3, #3
10002ec2:	9a1e      	ldr	r2, [sp, #120]	; 0x78
10002ec4:	431a      	orrs	r2, r3
10002ec6:	921e      	str	r2, [sp, #120]	; 0x78
10002ec8:	2600      	movs	r6, #0
10002eca:	2300      	movs	r3, #0
10002ecc:	4699      	mov	r9, r3
10002ece:	9b1d      	ldr	r3, [sp, #116]	; 0x74
10002ed0:	429e      	cmp	r6, r3
10002ed2:	d264      	bcs.n	10002f9e <_etoa+0x372>
10002ed4:	1b9f      	subs	r7, r3, r6
10002ed6:	2302      	movs	r3, #2
10002ed8:	9a1e      	ldr	r2, [sp, #120]	; 0x78
10002eda:	401a      	ands	r2, r3
10002edc:	920a      	str	r2, [sp, #40]	; 0x28
10002ede:	9a1e      	ldr	r2, [sp, #120]	; 0x78
10002ee0:	4213      	tst	r3, r2
10002ee2:	d002      	beq.n	10002eea <_etoa+0x2be>
10002ee4:	2e00      	cmp	r6, #0
10002ee6:	d000      	beq.n	10002eea <_etoa+0x2be>
10002ee8:	2700      	movs	r7, #0
10002eea:	464b      	mov	r3, r9
10002eec:	2b00      	cmp	r3, #0
10002eee:	d007      	beq.n	10002f00 <_etoa+0x2d4>
10002ef0:	0022      	movs	r2, r4
10002ef2:	002b      	movs	r3, r5
10002ef4:	9806      	ldr	r0, [sp, #24]
10002ef6:	9907      	ldr	r1, [sp, #28]
10002ef8:	f001 f817 	bl	10003f2a <__wrap___aeabi_ddiv>
10002efc:	9006      	str	r0, [sp, #24]
10002efe:	9107      	str	r1, [sp, #28]
10002f00:	2200      	movs	r2, #0
10002f02:	2300      	movs	r3, #0
10002f04:	9808      	ldr	r0, [sp, #32]
10002f06:	9909      	ldr	r1, [sp, #36]	; 0x24
10002f08:	f001 f878 	bl	10003ffc <__wrap___aeabi_dcmplt>
10002f0c:	2800      	cmp	r0, #0
10002f0e:	d148      	bne.n	10002fa2 <_etoa+0x376>
10002f10:	4b44      	ldr	r3, [pc, #272]	; (10003024 <_etoa+0x3f8>)
10002f12:	9a1e      	ldr	r2, [sp, #120]	; 0x78
10002f14:	4013      	ands	r3, r2
10002f16:	9304      	str	r3, [sp, #16]
10002f18:	9703      	str	r7, [sp, #12]
10002f1a:	9b1c      	ldr	r3, [sp, #112]	; 0x70
10002f1c:	9302      	str	r3, [sp, #8]
10002f1e:	9b06      	ldr	r3, [sp, #24]
10002f20:	9c07      	ldr	r4, [sp, #28]
10002f22:	9300      	str	r3, [sp, #0]
10002f24:	9401      	str	r4, [sp, #4]
10002f26:	4643      	mov	r3, r8
10002f28:	9a0c      	ldr	r2, [sp, #48]	; 0x30
10002f2a:	4651      	mov	r1, sl
10002f2c:	4658      	mov	r0, fp
10002f2e:	f000 f887 	bl	10003040 <_ftoa>
10002f32:	2e00      	cmp	r6, #0
10002f34:	d100      	bne.n	10002f38 <_etoa+0x30c>
10002f36:	e787      	b.n	10002e48 <_etoa+0x21c>
10002f38:	9b1e      	ldr	r3, [sp, #120]	; 0x78
10002f3a:	069b      	lsls	r3, r3, #26
10002f3c:	d53d      	bpl.n	10002fba <_etoa+0x38e>
10002f3e:	2545      	movs	r5, #69	; 0x45
10002f40:	1c44      	adds	r4, r0, #1
10002f42:	4643      	mov	r3, r8
10002f44:	0002      	movs	r2, r0
10002f46:	4651      	mov	r1, sl
10002f48:	0028      	movs	r0, r5
10002f4a:	47d8      	blx	fp
10002f4c:	464b      	mov	r3, r9
10002f4e:	17da      	asrs	r2, r3, #31
10002f50:	189b      	adds	r3, r3, r2
10002f52:	4053      	eors	r3, r2
10002f54:	2205      	movs	r2, #5
10002f56:	9205      	str	r2, [sp, #20]
10002f58:	3e01      	subs	r6, #1
10002f5a:	9604      	str	r6, [sp, #16]
10002f5c:	2200      	movs	r2, #0
10002f5e:	9203      	str	r2, [sp, #12]
10002f60:	320a      	adds	r2, #10
10002f62:	9202      	str	r2, [sp, #8]
10002f64:	464a      	mov	r2, r9
10002f66:	0fd0      	lsrs	r0, r2, #31
10002f68:	9001      	str	r0, [sp, #4]
10002f6a:	9300      	str	r3, [sp, #0]
10002f6c:	4643      	mov	r3, r8
10002f6e:	0022      	movs	r2, r4
10002f70:	4651      	mov	r1, sl
10002f72:	4658      	mov	r0, fp
10002f74:	f7ff fd8a 	bl	10002a8c <_ntoa_long>
10002f78:	9b0a      	ldr	r3, [sp, #40]	; 0x28
10002f7a:	2b00      	cmp	r3, #0
10002f7c:	d100      	bne.n	10002f80 <_etoa+0x354>
10002f7e:	e763      	b.n	10002e48 <_etoa+0x21c>
10002f80:	0002      	movs	r2, r0
10002f82:	465f      	mov	r7, fp
10002f84:	9e0c      	ldr	r6, [sp, #48]	; 0x30
10002f86:	9d1d      	ldr	r5, [sp, #116]	; 0x74
10002f88:	e054      	b.n	10003034 <_etoa+0x408>
10002f8a:	9b1c      	ldr	r3, [sp, #112]	; 0x70
10002f8c:	2b00      	cmp	r3, #0
10002f8e:	d09e      	beq.n	10002ece <_etoa+0x2a2>
10002f90:	9b0d      	ldr	r3, [sp, #52]	; 0x34
10002f92:	2b00      	cmp	r3, #0
10002f94:	d09b      	beq.n	10002ece <_etoa+0x2a2>
10002f96:	9b1c      	ldr	r3, [sp, #112]	; 0x70
10002f98:	3b01      	subs	r3, #1
10002f9a:	931c      	str	r3, [sp, #112]	; 0x70
10002f9c:	e797      	b.n	10002ece <_etoa+0x2a2>
10002f9e:	2700      	movs	r7, #0
10002fa0:	e799      	b.n	10002ed6 <_etoa+0x2aa>
10002fa2:	9c06      	ldr	r4, [sp, #24]
10002fa4:	9d07      	ldr	r5, [sp, #28]
10002fa6:	0022      	movs	r2, r4
10002fa8:	0029      	movs	r1, r5
10002faa:	2080      	movs	r0, #128	; 0x80
10002fac:	0600      	lsls	r0, r0, #24
10002fae:	4684      	mov	ip, r0
10002fb0:	4461      	add	r1, ip
10002fb2:	000b      	movs	r3, r1
10002fb4:	9206      	str	r2, [sp, #24]
10002fb6:	9307      	str	r3, [sp, #28]
10002fb8:	e7aa      	b.n	10002f10 <_etoa+0x2e4>
10002fba:	2565      	movs	r5, #101	; 0x65
10002fbc:	e7c0      	b.n	10002f40 <_etoa+0x314>
10002fbe:	46c0      	nop			; (mov r8, r8)
10002fc0:	7fefffff 	.word	0x7fefffff
10002fc4:	ffefffff 	.word	0xffefffff
10002fc8:	fffffc01 	.word	0xfffffc01
10002fcc:	3ff00000 	.word	0x3ff00000
10002fd0:	509f79fb 	.word	0x509f79fb
10002fd4:	3fd34413 	.word	0x3fd34413
10002fd8:	8b60c8b3 	.word	0x8b60c8b3
10002fdc:	3fc68a28 	.word	0x3fc68a28
10002fe0:	3ff80000 	.word	0x3ff80000
10002fe4:	636f4361 	.word	0x636f4361
10002fe8:	3fd287a7 	.word	0x3fd287a7
10002fec:	0979a371 	.word	0x0979a371
10002ff0:	400a934f 	.word	0x400a934f
10002ff4:	3fe00000 	.word	0x3fe00000
10002ff8:	bbb55516 	.word	0xbbb55516
10002ffc:	40026bb1 	.word	0x40026bb1
10003000:	fefa39ef 	.word	0xfefa39ef
10003004:	3fe62e42 	.word	0x3fe62e42
10003008:	000003ff 	.word	0x000003ff
1000300c:	402c0000 	.word	0x402c0000
10003010:	40240000 	.word	0x40240000
10003014:	40180000 	.word	0x40180000
10003018:	eb1c432d 	.word	0xeb1c432d
1000301c:	3f1a36e2 	.word	0x3f1a36e2
10003020:	412e8480 	.word	0x412e8480
10003024:	fffff7ff 	.word	0xfffff7ff
10003028:	1c54      	adds	r4, r2, #1
1000302a:	4643      	mov	r3, r8
1000302c:	4651      	mov	r1, sl
1000302e:	2020      	movs	r0, #32
10003030:	47b8      	blx	r7
10003032:	0022      	movs	r2, r4
10003034:	1b93      	subs	r3, r2, r6
10003036:	42ab      	cmp	r3, r5
10003038:	d3f6      	bcc.n	10003028 <_etoa+0x3fc>
1000303a:	0010      	movs	r0, r2
1000303c:	e704      	b.n	10002e48 <_etoa+0x21c>
1000303e:	46c0      	nop			; (mov r8, r8)

10003040 <_ftoa>:
10003040:	b5f0      	push	{r4, r5, r6, r7, lr}
10003042:	46de      	mov	lr, fp
10003044:	4657      	mov	r7, sl
10003046:	464e      	mov	r6, r9
10003048:	4645      	mov	r5, r8
1000304a:	b5e0      	push	{r5, r6, r7, lr}
1000304c:	b095      	sub	sp, #84	; 0x54
1000304e:	9006      	str	r0, [sp, #24]
10003050:	9107      	str	r1, [sp, #28]
10003052:	4693      	mov	fp, r2
10003054:	4699      	mov	r9, r3
10003056:	9f20      	ldr	r7, [sp, #128]	; 0x80
10003058:	9a1e      	ldr	r2, [sp, #120]	; 0x78
1000305a:	9b1f      	ldr	r3, [sp, #124]	; 0x7c
1000305c:	0010      	movs	r0, r2
1000305e:	0019      	movs	r1, r3
10003060:	f000 ffe7 	bl	10004032 <__wrap___aeabi_dcmpun>
10003064:	2800      	cmp	r0, #0
10003066:	d131      	bne.n	100030cc <_ftoa+0x8c>
10003068:	2201      	movs	r2, #1
1000306a:	4252      	negs	r2, r2
1000306c:	4bbf      	ldr	r3, [pc, #764]	; (1000336c <_ftoa+0x32c>)
1000306e:	981e      	ldr	r0, [sp, #120]	; 0x78
10003070:	991f      	ldr	r1, [sp, #124]	; 0x7c
10003072:	f000 ffc3 	bl	10003ffc <__wrap___aeabi_dcmplt>
10003076:	2800      	cmp	r0, #0
10003078:	d137      	bne.n	100030ea <_ftoa+0xaa>
1000307a:	2201      	movs	r2, #1
1000307c:	4252      	negs	r2, r2
1000307e:	4bbc      	ldr	r3, [pc, #752]	; (10003370 <_ftoa+0x330>)
10003080:	981e      	ldr	r0, [sp, #120]	; 0x78
10003082:	991f      	ldr	r1, [sp, #124]	; 0x7c
10003084:	f000 ffd0 	bl	10004028 <__wrap___aeabi_dcmpgt>
10003088:	2800      	cmp	r0, #0
1000308a:	d13d      	bne.n	10003108 <_ftoa+0xc8>
1000308c:	2200      	movs	r2, #0
1000308e:	4bb9      	ldr	r3, [pc, #740]	; (10003374 <_ftoa+0x334>)
10003090:	981e      	ldr	r0, [sp, #120]	; 0x78
10003092:	991f      	ldr	r1, [sp, #124]	; 0x7c
10003094:	f000 ffc8 	bl	10004028 <__wrap___aeabi_dcmpgt>
10003098:	2800      	cmp	r0, #0
1000309a:	d150      	bne.n	1000313e <_ftoa+0xfe>
1000309c:	2200      	movs	r2, #0
1000309e:	4bb6      	ldr	r3, [pc, #728]	; (10003378 <_ftoa+0x338>)
100030a0:	981e      	ldr	r0, [sp, #120]	; 0x78
100030a2:	991f      	ldr	r1, [sp, #124]	; 0x7c
100030a4:	f000 ffaa 	bl	10003ffc <__wrap___aeabi_dcmplt>
100030a8:	2800      	cmp	r0, #0
100030aa:	d148      	bne.n	1000313e <_ftoa+0xfe>
100030ac:	2200      	movs	r2, #0
100030ae:	2300      	movs	r3, #0
100030b0:	981e      	ldr	r0, [sp, #120]	; 0x78
100030b2:	991f      	ldr	r1, [sp, #124]	; 0x7c
100030b4:	f000 ffa2 	bl	10003ffc <__wrap___aeabi_dcmplt>
100030b8:	2800      	cmp	r0, #0
100030ba:	d150      	bne.n	1000315e <_ftoa+0x11e>
100030bc:	2300      	movs	r3, #0
100030be:	4698      	mov	r8, r3
100030c0:	9b22      	ldr	r3, [sp, #136]	; 0x88
100030c2:	055b      	lsls	r3, r3, #21
100030c4:	d400      	bmi.n	100030c8 <_ftoa+0x88>
100030c6:	e0b6      	b.n	10003236 <_ftoa+0x1f6>
100030c8:	2400      	movs	r4, #0
100030ca:	e058      	b.n	1000317e <_ftoa+0x13e>
100030cc:	9b22      	ldr	r3, [sp, #136]	; 0x88
100030ce:	9303      	str	r3, [sp, #12]
100030d0:	9b21      	ldr	r3, [sp, #132]	; 0x84
100030d2:	9302      	str	r3, [sp, #8]
100030d4:	2303      	movs	r3, #3
100030d6:	9301      	str	r3, [sp, #4]
100030d8:	4ba8      	ldr	r3, [pc, #672]	; (1000337c <_ftoa+0x33c>)
100030da:	9300      	str	r3, [sp, #0]
100030dc:	464b      	mov	r3, r9
100030de:	465a      	mov	r2, fp
100030e0:	9907      	ldr	r1, [sp, #28]
100030e2:	9806      	ldr	r0, [sp, #24]
100030e4:	f7ff fbf2 	bl	100028cc <_out_rev>
100030e8:	e10e      	b.n	10003308 <_ftoa+0x2c8>
100030ea:	9b22      	ldr	r3, [sp, #136]	; 0x88
100030ec:	9303      	str	r3, [sp, #12]
100030ee:	9b21      	ldr	r3, [sp, #132]	; 0x84
100030f0:	9302      	str	r3, [sp, #8]
100030f2:	2304      	movs	r3, #4
100030f4:	9301      	str	r3, [sp, #4]
100030f6:	4ba2      	ldr	r3, [pc, #648]	; (10003380 <_ftoa+0x340>)
100030f8:	9300      	str	r3, [sp, #0]
100030fa:	464b      	mov	r3, r9
100030fc:	465a      	mov	r2, fp
100030fe:	9907      	ldr	r1, [sp, #28]
10003100:	9806      	ldr	r0, [sp, #24]
10003102:	f7ff fbe3 	bl	100028cc <_out_rev>
10003106:	e0ff      	b.n	10003308 <_ftoa+0x2c8>
10003108:	2304      	movs	r3, #4
1000310a:	9a22      	ldr	r2, [sp, #136]	; 0x88
1000310c:	401a      	ands	r2, r3
1000310e:	9922      	ldr	r1, [sp, #136]	; 0x88
10003110:	420b      	tst	r3, r1
10003112:	d010      	beq.n	10003136 <_ftoa+0xf6>
10003114:	4b9b      	ldr	r3, [pc, #620]	; (10003384 <_ftoa+0x344>)
10003116:	2a00      	cmp	r2, #0
10003118:	d00f      	beq.n	1000313a <_ftoa+0xfa>
1000311a:	2204      	movs	r2, #4
1000311c:	9922      	ldr	r1, [sp, #136]	; 0x88
1000311e:	9103      	str	r1, [sp, #12]
10003120:	9921      	ldr	r1, [sp, #132]	; 0x84
10003122:	9102      	str	r1, [sp, #8]
10003124:	9201      	str	r2, [sp, #4]
10003126:	9300      	str	r3, [sp, #0]
10003128:	464b      	mov	r3, r9
1000312a:	465a      	mov	r2, fp
1000312c:	9907      	ldr	r1, [sp, #28]
1000312e:	9806      	ldr	r0, [sp, #24]
10003130:	f7ff fbcc 	bl	100028cc <_out_rev>
10003134:	e0e8      	b.n	10003308 <_ftoa+0x2c8>
10003136:	4b94      	ldr	r3, [pc, #592]	; (10003388 <_ftoa+0x348>)
10003138:	e7ed      	b.n	10003116 <_ftoa+0xd6>
1000313a:	2203      	movs	r2, #3
1000313c:	e7ee      	b.n	1000311c <_ftoa+0xdc>
1000313e:	9b22      	ldr	r3, [sp, #136]	; 0x88
10003140:	9304      	str	r3, [sp, #16]
10003142:	9b21      	ldr	r3, [sp, #132]	; 0x84
10003144:	9303      	str	r3, [sp, #12]
10003146:	9702      	str	r7, [sp, #8]
10003148:	9b1e      	ldr	r3, [sp, #120]	; 0x78
1000314a:	9c1f      	ldr	r4, [sp, #124]	; 0x7c
1000314c:	9300      	str	r3, [sp, #0]
1000314e:	9401      	str	r4, [sp, #4]
10003150:	464b      	mov	r3, r9
10003152:	465a      	mov	r2, fp
10003154:	9907      	ldr	r1, [sp, #28]
10003156:	9806      	ldr	r0, [sp, #24]
10003158:	f7ff fd68 	bl	10002c2c <_etoa>
1000315c:	e0d4      	b.n	10003308 <_ftoa+0x2c8>
1000315e:	9a1e      	ldr	r2, [sp, #120]	; 0x78
10003160:	9b1f      	ldr	r3, [sp, #124]	; 0x7c
10003162:	2000      	movs	r0, #0
10003164:	2100      	movs	r1, #0
10003166:	f000 fece 	bl	10003f06 <__wrap___aeabi_dsub>
1000316a:	901e      	str	r0, [sp, #120]	; 0x78
1000316c:	911f      	str	r1, [sp, #124]	; 0x7c
1000316e:	2301      	movs	r3, #1
10003170:	4698      	mov	r8, r3
10003172:	e7a5      	b.n	100030c0 <_ftoa+0x80>
10003174:	ab0c      	add	r3, sp, #48	; 0x30
10003176:	2230      	movs	r2, #48	; 0x30
10003178:	551a      	strb	r2, [r3, r4]
1000317a:	3f01      	subs	r7, #1
1000317c:	3401      	adds	r4, #1
1000317e:	2c1f      	cmp	r4, #31
10003180:	d801      	bhi.n	10003186 <_ftoa+0x146>
10003182:	2f09      	cmp	r7, #9
10003184:	d8f6      	bhi.n	10003174 <_ftoa+0x134>
10003186:	981e      	ldr	r0, [sp, #120]	; 0x78
10003188:	991f      	ldr	r1, [sp, #124]	; 0x7c
1000318a:	f000 ff7d 	bl	10004088 <__wrap___aeabi_d2iz>
1000318e:	0005      	movs	r5, r0
10003190:	f000 ff62 	bl	10004058 <__wrap___aeabi_i2d>
10003194:	0002      	movs	r2, r0
10003196:	000b      	movs	r3, r1
10003198:	981e      	ldr	r0, [sp, #120]	; 0x78
1000319a:	991f      	ldr	r1, [sp, #124]	; 0x7c
1000319c:	f000 feb3 	bl	10003f06 <__wrap___aeabi_dsub>
100031a0:	00fa      	lsls	r2, r7, #3
100031a2:	4b7a      	ldr	r3, [pc, #488]	; (1000338c <_ftoa+0x34c>)
100031a4:	189b      	adds	r3, r3, r2
100031a6:	681a      	ldr	r2, [r3, #0]
100031a8:	685b      	ldr	r3, [r3, #4]
100031aa:	920a      	str	r2, [sp, #40]	; 0x28
100031ac:	930b      	str	r3, [sp, #44]	; 0x2c
100031ae:	f000 feda 	bl	10003f66 <__wrap___aeabi_dmul>
100031b2:	9008      	str	r0, [sp, #32]
100031b4:	9109      	str	r1, [sp, #36]	; 0x24
100031b6:	f000 ff8b 	bl	100040d0 <__wrap___aeabi_d2uiz>
100031ba:	0006      	movs	r6, r0
100031bc:	f000 ff48 	bl	10004050 <__wrap___aeabi_ui2d>
100031c0:	0002      	movs	r2, r0
100031c2:	000b      	movs	r3, r1
100031c4:	9808      	ldr	r0, [sp, #32]
100031c6:	9909      	ldr	r1, [sp, #36]	; 0x24
100031c8:	f000 fe9d 	bl	10003f06 <__wrap___aeabi_dsub>
100031cc:	9008      	str	r0, [sp, #32]
100031ce:	9109      	str	r1, [sp, #36]	; 0x24
100031d0:	2200      	movs	r2, #0
100031d2:	4b6f      	ldr	r3, [pc, #444]	; (10003390 <_ftoa+0x350>)
100031d4:	f000 ff28 	bl	10004028 <__wrap___aeabi_dcmpgt>
100031d8:	2800      	cmp	r0, #0
100031da:	d02e      	beq.n	1000323a <_ftoa+0x1fa>
100031dc:	3601      	adds	r6, #1
100031de:	0030      	movs	r0, r6
100031e0:	f000 ff36 	bl	10004050 <__wrap___aeabi_ui2d>
100031e4:	0002      	movs	r2, r0
100031e6:	000b      	movs	r3, r1
100031e8:	980a      	ldr	r0, [sp, #40]	; 0x28
100031ea:	990b      	ldr	r1, [sp, #44]	; 0x2c
100031ec:	f000 ff0c 	bl	10004008 <__wrap___aeabi_dcmple>
100031f0:	2800      	cmp	r0, #0
100031f2:	d001      	beq.n	100031f8 <_ftoa+0x1b8>
100031f4:	3501      	adds	r5, #1
100031f6:	2600      	movs	r6, #0
100031f8:	2f00      	cmp	r7, #0
100031fa:	d12c      	bne.n	10003256 <_ftoa+0x216>
100031fc:	0028      	movs	r0, r5
100031fe:	f000 ff2b 	bl	10004058 <__wrap___aeabi_i2d>
10003202:	0002      	movs	r2, r0
10003204:	000b      	movs	r3, r1
10003206:	981e      	ldr	r0, [sp, #120]	; 0x78
10003208:	991f      	ldr	r1, [sp, #124]	; 0x7c
1000320a:	f000 fe7c 	bl	10003f06 <__wrap___aeabi_dsub>
1000320e:	0006      	movs	r6, r0
10003210:	000f      	movs	r7, r1
10003212:	2200      	movs	r2, #0
10003214:	4b5e      	ldr	r3, [pc, #376]	; (10003390 <_ftoa+0x350>)
10003216:	f000 fef1 	bl	10003ffc <__wrap___aeabi_dcmplt>
1000321a:	2800      	cmp	r0, #0
1000321c:	d146      	bne.n	100032ac <_ftoa+0x26c>
1000321e:	2200      	movs	r2, #0
10003220:	4b5b      	ldr	r3, [pc, #364]	; (10003390 <_ftoa+0x350>)
10003222:	0030      	movs	r0, r6
10003224:	0039      	movs	r1, r7
10003226:	f000 feff 	bl	10004028 <__wrap___aeabi_dcmpgt>
1000322a:	2800      	cmp	r0, #0
1000322c:	d13e      	bne.n	100032ac <_ftoa+0x26c>
1000322e:	07eb      	lsls	r3, r5, #31
10003230:	d53c      	bpl.n	100032ac <_ftoa+0x26c>
10003232:	3501      	adds	r5, #1
10003234:	e03a      	b.n	100032ac <_ftoa+0x26c>
10003236:	2706      	movs	r7, #6
10003238:	e746      	b.n	100030c8 <_ftoa+0x88>
1000323a:	2200      	movs	r2, #0
1000323c:	4b54      	ldr	r3, [pc, #336]	; (10003390 <_ftoa+0x350>)
1000323e:	9808      	ldr	r0, [sp, #32]
10003240:	9909      	ldr	r1, [sp, #36]	; 0x24
10003242:	f000 fedb 	bl	10003ffc <__wrap___aeabi_dcmplt>
10003246:	2800      	cmp	r0, #0
10003248:	d1d6      	bne.n	100031f8 <_ftoa+0x1b8>
1000324a:	2e00      	cmp	r6, #0
1000324c:	d001      	beq.n	10003252 <_ftoa+0x212>
1000324e:	07f3      	lsls	r3, r6, #31
10003250:	d5d2      	bpl.n	100031f8 <_ftoa+0x1b8>
10003252:	3601      	adds	r6, #1
10003254:	e7d0      	b.n	100031f8 <_ftoa+0x1b8>
10003256:	46aa      	mov	sl, r5
10003258:	2c1f      	cmp	r4, #31
1000325a:	d811      	bhi.n	10003280 <_ftoa+0x240>
1000325c:	3f01      	subs	r7, #1
1000325e:	210a      	movs	r1, #10
10003260:	0030      	movs	r0, r6
10003262:	f000 fc15 	bl	10003a90 <__wrap___aeabi_uidiv>
10003266:	1c65      	adds	r5, r4, #1
10003268:	3130      	adds	r1, #48	; 0x30
1000326a:	ab0c      	add	r3, sp, #48	; 0x30
1000326c:	5519      	strb	r1, [r3, r4]
1000326e:	210a      	movs	r1, #10
10003270:	0030      	movs	r0, r6
10003272:	f000 fc0d 	bl	10003a90 <__wrap___aeabi_uidiv>
10003276:	2e09      	cmp	r6, #9
10003278:	d90e      	bls.n	10003298 <_ftoa+0x258>
1000327a:	0006      	movs	r6, r0
1000327c:	002c      	movs	r4, r5
1000327e:	e7eb      	b.n	10003258 <_ftoa+0x218>
10003280:	4655      	mov	r5, sl
10003282:	2c1f      	cmp	r4, #31
10003284:	d80c      	bhi.n	100032a0 <_ftoa+0x260>
10003286:	1e7b      	subs	r3, r7, #1
10003288:	2f00      	cmp	r7, #0
1000328a:	d009      	beq.n	100032a0 <_ftoa+0x260>
1000328c:	aa0c      	add	r2, sp, #48	; 0x30
1000328e:	2130      	movs	r1, #48	; 0x30
10003290:	5511      	strb	r1, [r2, r4]
10003292:	001f      	movs	r7, r3
10003294:	3401      	adds	r4, #1
10003296:	e7f4      	b.n	10003282 <_ftoa+0x242>
10003298:	002b      	movs	r3, r5
1000329a:	4655      	mov	r5, sl
1000329c:	001c      	movs	r4, r3
1000329e:	e7f0      	b.n	10003282 <_ftoa+0x242>
100032a0:	2c1f      	cmp	r4, #31
100032a2:	d803      	bhi.n	100032ac <_ftoa+0x26c>
100032a4:	ab0c      	add	r3, sp, #48	; 0x30
100032a6:	222e      	movs	r2, #46	; 0x2e
100032a8:	551a      	strb	r2, [r3, r4]
100032aa:	3401      	adds	r4, #1
100032ac:	2c1f      	cmp	r4, #31
100032ae:	d810      	bhi.n	100032d2 <_ftoa+0x292>
100032b0:	210a      	movs	r1, #10
100032b2:	0028      	movs	r0, r5
100032b4:	f000 fbc4 	bl	10003a40 <__wrap___aeabi_idiv>
100032b8:	1c66      	adds	r6, r4, #1
100032ba:	3130      	adds	r1, #48	; 0x30
100032bc:	ab0c      	add	r3, sp, #48	; 0x30
100032be:	5519      	strb	r1, [r3, r4]
100032c0:	210a      	movs	r1, #10
100032c2:	0028      	movs	r0, r5
100032c4:	f000 fbbc 	bl	10003a40 <__wrap___aeabi_idiv>
100032c8:	1e05      	subs	r5, r0, #0
100032ca:	d001      	beq.n	100032d0 <_ftoa+0x290>
100032cc:	0034      	movs	r4, r6
100032ce:	e7ed      	b.n	100032ac <_ftoa+0x26c>
100032d0:	0034      	movs	r4, r6
100032d2:	2303      	movs	r3, #3
100032d4:	9a22      	ldr	r2, [sp, #136]	; 0x88
100032d6:	4013      	ands	r3, r2
100032d8:	2b01      	cmp	r3, #1
100032da:	d01c      	beq.n	10003316 <_ftoa+0x2d6>
100032dc:	2c1f      	cmp	r4, #31
100032de:	d806      	bhi.n	100032ee <_ftoa+0x2ae>
100032e0:	4643      	mov	r3, r8
100032e2:	2b00      	cmp	r3, #0
100032e4:	d032      	beq.n	1000334c <_ftoa+0x30c>
100032e6:	ab0c      	add	r3, sp, #48	; 0x30
100032e8:	222d      	movs	r2, #45	; 0x2d
100032ea:	551a      	strb	r2, [r3, r4]
100032ec:	3401      	adds	r4, #1
100032ee:	9b22      	ldr	r3, [sp, #136]	; 0x88
100032f0:	9303      	str	r3, [sp, #12]
100032f2:	9b21      	ldr	r3, [sp, #132]	; 0x84
100032f4:	9302      	str	r3, [sp, #8]
100032f6:	9401      	str	r4, [sp, #4]
100032f8:	ab0c      	add	r3, sp, #48	; 0x30
100032fa:	9300      	str	r3, [sp, #0]
100032fc:	464b      	mov	r3, r9
100032fe:	465a      	mov	r2, fp
10003300:	9907      	ldr	r1, [sp, #28]
10003302:	9806      	ldr	r0, [sp, #24]
10003304:	f7ff fae2 	bl	100028cc <_out_rev>
10003308:	b015      	add	sp, #84	; 0x54
1000330a:	bcf0      	pop	{r4, r5, r6, r7}
1000330c:	46bb      	mov	fp, r7
1000330e:	46b2      	mov	sl, r6
10003310:	46a9      	mov	r9, r5
10003312:	46a0      	mov	r8, r4
10003314:	bdf0      	pop	{r4, r5, r6, r7, pc}
10003316:	9b21      	ldr	r3, [sp, #132]	; 0x84
10003318:	2b00      	cmp	r3, #0
1000331a:	d013      	beq.n	10003344 <_ftoa+0x304>
1000331c:	4643      	mov	r3, r8
1000331e:	2b00      	cmp	r3, #0
10003320:	d102      	bne.n	10003328 <_ftoa+0x2e8>
10003322:	330c      	adds	r3, #12
10003324:	4213      	tst	r3, r2
10003326:	d00f      	beq.n	10003348 <_ftoa+0x308>
10003328:	9b21      	ldr	r3, [sp, #132]	; 0x84
1000332a:	3b01      	subs	r3, #1
1000332c:	9321      	str	r3, [sp, #132]	; 0x84
1000332e:	0019      	movs	r1, r3
10003330:	e003      	b.n	1000333a <_ftoa+0x2fa>
10003332:	ab0c      	add	r3, sp, #48	; 0x30
10003334:	2230      	movs	r2, #48	; 0x30
10003336:	551a      	strb	r2, [r3, r4]
10003338:	3401      	adds	r4, #1
1000333a:	428c      	cmp	r4, r1
1000333c:	d2ce      	bcs.n	100032dc <_ftoa+0x29c>
1000333e:	2c1f      	cmp	r4, #31
10003340:	d9f7      	bls.n	10003332 <_ftoa+0x2f2>
10003342:	e7cb      	b.n	100032dc <_ftoa+0x29c>
10003344:	9921      	ldr	r1, [sp, #132]	; 0x84
10003346:	e7f8      	b.n	1000333a <_ftoa+0x2fa>
10003348:	9921      	ldr	r1, [sp, #132]	; 0x84
1000334a:	e7f6      	b.n	1000333a <_ftoa+0x2fa>
1000334c:	9b22      	ldr	r3, [sp, #136]	; 0x88
1000334e:	075b      	lsls	r3, r3, #29
10003350:	d504      	bpl.n	1000335c <_ftoa+0x31c>
10003352:	ab0c      	add	r3, sp, #48	; 0x30
10003354:	222b      	movs	r2, #43	; 0x2b
10003356:	551a      	strb	r2, [r3, r4]
10003358:	3401      	adds	r4, #1
1000335a:	e7c8      	b.n	100032ee <_ftoa+0x2ae>
1000335c:	9b22      	ldr	r3, [sp, #136]	; 0x88
1000335e:	071b      	lsls	r3, r3, #28
10003360:	d5c5      	bpl.n	100032ee <_ftoa+0x2ae>
10003362:	ab0c      	add	r3, sp, #48	; 0x30
10003364:	2220      	movs	r2, #32
10003366:	551a      	strb	r2, [r3, r4]
10003368:	3401      	adds	r4, #1
1000336a:	e7c0      	b.n	100032ee <_ftoa+0x2ae>
1000336c:	ffefffff 	.word	0xffefffff
10003370:	7fefffff 	.word	0x7fefffff
10003374:	41cdcd65 	.word	0x41cdcd65
10003378:	c1cdcd65 	.word	0xc1cdcd65
1000337c:	1000b368 	.word	0x1000b368
10003380:	1000b36c 	.word	0x1000b36c
10003384:	1000b360 	.word	0x1000b360
10003388:	1000b35c 	.word	0x1000b35c
1000338c:	1000b558 	.word	0x1000b558
10003390:	3fe00000 	.word	0x3fe00000

10003394 <_vsnprintf>:
10003394:	b5f0      	push	{r4, r5, r6, r7, lr}
10003396:	46de      	mov	lr, fp
10003398:	4657      	mov	r7, sl
1000339a:	464e      	mov	r6, r9
1000339c:	4645      	mov	r5, r8
1000339e:	b5e0      	push	{r5, r6, r7, lr}
100033a0:	b093      	sub	sp, #76	; 0x4c
100033a2:	4682      	mov	sl, r0
100033a4:	468b      	mov	fp, r1
100033a6:	4690      	mov	r8, r2
100033a8:	9311      	str	r3, [sp, #68]	; 0x44
100033aa:	2900      	cmp	r1, #0
100033ac:	d100      	bne.n	100033b0 <_vsnprintf+0x1c>
100033ae:	e2eb      	b.n	10003988 <_vsnprintf+0x5f4>
100033b0:	2700      	movs	r7, #0
100033b2:	4655      	mov	r5, sl
100033b4:	9b11      	ldr	r3, [sp, #68]	; 0x44
100033b6:	7818      	ldrb	r0, [r3, #0]
100033b8:	2800      	cmp	r0, #0
100033ba:	d100      	bne.n	100033be <_vsnprintf+0x2a>
100033bc:	e2e7      	b.n	1000398e <_vsnprintf+0x5fa>
100033be:	2825      	cmp	r0, #37	; 0x25
100033c0:	d009      	beq.n	100033d6 <_vsnprintf+0x42>
100033c2:	1c7c      	adds	r4, r7, #1
100033c4:	4643      	mov	r3, r8
100033c6:	003a      	movs	r2, r7
100033c8:	4659      	mov	r1, fp
100033ca:	47a8      	blx	r5
100033cc:	9b11      	ldr	r3, [sp, #68]	; 0x44
100033ce:	3301      	adds	r3, #1
100033d0:	9311      	str	r3, [sp, #68]	; 0x44
100033d2:	0027      	movs	r7, r4
100033d4:	e7ee      	b.n	100033b4 <_vsnprintf+0x20>
100033d6:	3301      	adds	r3, #1
100033d8:	9311      	str	r3, [sp, #68]	; 0x44
100033da:	2400      	movs	r4, #0
100033dc:	9a11      	ldr	r2, [sp, #68]	; 0x44
100033de:	7811      	ldrb	r1, [r2, #0]
100033e0:	000b      	movs	r3, r1
100033e2:	3b20      	subs	r3, #32
100033e4:	b2d8      	uxtb	r0, r3
100033e6:	2810      	cmp	r0, #16
100033e8:	d803      	bhi.n	100033f2 <_vsnprintf+0x5e>
100033ea:	0083      	lsls	r3, r0, #2
100033ec:	48d0      	ldr	r0, [pc, #832]	; (10003730 <_vsnprintf+0x39c>)
100033ee:	58c3      	ldr	r3, [r0, r3]
100033f0:	469f      	mov	pc, r3
100033f2:	000b      	movs	r3, r1
100033f4:	3b30      	subs	r3, #48	; 0x30
100033f6:	b2db      	uxtb	r3, r3
100033f8:	2b09      	cmp	r3, #9
100033fa:	d92c      	bls.n	10003456 <_vsnprintf+0xc2>
100033fc:	292a      	cmp	r1, #42	; 0x2a
100033fe:	d02f      	beq.n	10003460 <_vsnprintf+0xcc>
10003400:	2300      	movs	r3, #0
10003402:	930a      	str	r3, [sp, #40]	; 0x28
10003404:	9b11      	ldr	r3, [sp, #68]	; 0x44
10003406:	781a      	ldrb	r2, [r3, #0]
10003408:	2a2e      	cmp	r2, #46	; 0x2e
1000340a:	d039      	beq.n	10003480 <_vsnprintf+0xec>
1000340c:	2300      	movs	r3, #0
1000340e:	469a      	mov	sl, r3
10003410:	9a11      	ldr	r2, [sp, #68]	; 0x44
10003412:	7813      	ldrb	r3, [r2, #0]
10003414:	3b68      	subs	r3, #104	; 0x68
10003416:	b2d9      	uxtb	r1, r3
10003418:	2912      	cmp	r1, #18
1000341a:	d876      	bhi.n	1000350a <_vsnprintf+0x176>
1000341c:	008b      	lsls	r3, r1, #2
1000341e:	49c5      	ldr	r1, [pc, #788]	; (10003734 <_vsnprintf+0x3a0>)
10003420:	58cb      	ldr	r3, [r1, r3]
10003422:	469f      	mov	pc, r3
10003424:	2301      	movs	r3, #1
10003426:	431c      	orrs	r4, r3
10003428:	3201      	adds	r2, #1
1000342a:	9211      	str	r2, [sp, #68]	; 0x44
1000342c:	e7d6      	b.n	100033dc <_vsnprintf+0x48>
1000342e:	2302      	movs	r3, #2
10003430:	431c      	orrs	r4, r3
10003432:	3201      	adds	r2, #1
10003434:	9211      	str	r2, [sp, #68]	; 0x44
10003436:	e7d1      	b.n	100033dc <_vsnprintf+0x48>
10003438:	2304      	movs	r3, #4
1000343a:	431c      	orrs	r4, r3
1000343c:	3201      	adds	r2, #1
1000343e:	9211      	str	r2, [sp, #68]	; 0x44
10003440:	e7cc      	b.n	100033dc <_vsnprintf+0x48>
10003442:	2308      	movs	r3, #8
10003444:	431c      	orrs	r4, r3
10003446:	3201      	adds	r2, #1
10003448:	9211      	str	r2, [sp, #68]	; 0x44
1000344a:	e7c7      	b.n	100033dc <_vsnprintf+0x48>
1000344c:	2310      	movs	r3, #16
1000344e:	431c      	orrs	r4, r3
10003450:	3201      	adds	r2, #1
10003452:	9211      	str	r2, [sp, #68]	; 0x44
10003454:	e7c2      	b.n	100033dc <_vsnprintf+0x48>
10003456:	a811      	add	r0, sp, #68	; 0x44
10003458:	f7ff fa26 	bl	100028a8 <_atoi>
1000345c:	900a      	str	r0, [sp, #40]	; 0x28
1000345e:	e7d1      	b.n	10003404 <_vsnprintf+0x70>
10003460:	9b1c      	ldr	r3, [sp, #112]	; 0x70
10003462:	1d1a      	adds	r2, r3, #4
10003464:	921c      	str	r2, [sp, #112]	; 0x70
10003466:	6818      	ldr	r0, [r3, #0]
10003468:	2800      	cmp	r0, #0
1000346a:	db04      	blt.n	10003476 <_vsnprintf+0xe2>
1000346c:	900a      	str	r0, [sp, #40]	; 0x28
1000346e:	9b11      	ldr	r3, [sp, #68]	; 0x44
10003470:	3301      	adds	r3, #1
10003472:	9311      	str	r3, [sp, #68]	; 0x44
10003474:	e7c6      	b.n	10003404 <_vsnprintf+0x70>
10003476:	2302      	movs	r3, #2
10003478:	431c      	orrs	r4, r3
1000347a:	4243      	negs	r3, r0
1000347c:	930a      	str	r3, [sp, #40]	; 0x28
1000347e:	e7f6      	b.n	1000346e <_vsnprintf+0xda>
10003480:	2280      	movs	r2, #128	; 0x80
10003482:	00d2      	lsls	r2, r2, #3
10003484:	4314      	orrs	r4, r2
10003486:	1c5a      	adds	r2, r3, #1
10003488:	9211      	str	r2, [sp, #68]	; 0x44
1000348a:	785a      	ldrb	r2, [r3, #1]
1000348c:	0013      	movs	r3, r2
1000348e:	3b30      	subs	r3, #48	; 0x30
10003490:	b2db      	uxtb	r3, r3
10003492:	2b09      	cmp	r3, #9
10003494:	d904      	bls.n	100034a0 <_vsnprintf+0x10c>
10003496:	2a2a      	cmp	r2, #42	; 0x2a
10003498:	d007      	beq.n	100034aa <_vsnprintf+0x116>
1000349a:	2300      	movs	r3, #0
1000349c:	469a      	mov	sl, r3
1000349e:	e7b7      	b.n	10003410 <_vsnprintf+0x7c>
100034a0:	a811      	add	r0, sp, #68	; 0x44
100034a2:	f7ff fa01 	bl	100028a8 <_atoi>
100034a6:	4682      	mov	sl, r0
100034a8:	e7b2      	b.n	10003410 <_vsnprintf+0x7c>
100034aa:	9b1c      	ldr	r3, [sp, #112]	; 0x70
100034ac:	1d1a      	adds	r2, r3, #4
100034ae:	921c      	str	r2, [sp, #112]	; 0x70
100034b0:	6818      	ldr	r0, [r3, #0]
100034b2:	2800      	cmp	r0, #0
100034b4:	db04      	blt.n	100034c0 <_vsnprintf+0x12c>
100034b6:	4682      	mov	sl, r0
100034b8:	9b11      	ldr	r3, [sp, #68]	; 0x44
100034ba:	3301      	adds	r3, #1
100034bc:	9311      	str	r3, [sp, #68]	; 0x44
100034be:	e7a7      	b.n	10003410 <_vsnprintf+0x7c>
100034c0:	2000      	movs	r0, #0
100034c2:	e7f8      	b.n	100034b6 <_vsnprintf+0x122>
100034c4:	2380      	movs	r3, #128	; 0x80
100034c6:	005b      	lsls	r3, r3, #1
100034c8:	4323      	orrs	r3, r4
100034ca:	1c51      	adds	r1, r2, #1
100034cc:	9111      	str	r1, [sp, #68]	; 0x44
100034ce:	7852      	ldrb	r2, [r2, #1]
100034d0:	2a6c      	cmp	r2, #108	; 0x6c
100034d2:	d001      	beq.n	100034d8 <_vsnprintf+0x144>
100034d4:	001c      	movs	r4, r3
100034d6:	e018      	b.n	1000350a <_vsnprintf+0x176>
100034d8:	23c0      	movs	r3, #192	; 0xc0
100034da:	009b      	lsls	r3, r3, #2
100034dc:	431c      	orrs	r4, r3
100034de:	3101      	adds	r1, #1
100034e0:	9111      	str	r1, [sp, #68]	; 0x44
100034e2:	e012      	b.n	1000350a <_vsnprintf+0x176>
100034e4:	2380      	movs	r3, #128	; 0x80
100034e6:	4323      	orrs	r3, r4
100034e8:	1c51      	adds	r1, r2, #1
100034ea:	9111      	str	r1, [sp, #68]	; 0x44
100034ec:	7852      	ldrb	r2, [r2, #1]
100034ee:	2a68      	cmp	r2, #104	; 0x68
100034f0:	d001      	beq.n	100034f6 <_vsnprintf+0x162>
100034f2:	001c      	movs	r4, r3
100034f4:	e009      	b.n	1000350a <_vsnprintf+0x176>
100034f6:	23c0      	movs	r3, #192	; 0xc0
100034f8:	431c      	orrs	r4, r3
100034fa:	3101      	adds	r1, #1
100034fc:	9111      	str	r1, [sp, #68]	; 0x44
100034fe:	e004      	b.n	1000350a <_vsnprintf+0x176>
10003500:	2380      	movs	r3, #128	; 0x80
10003502:	005b      	lsls	r3, r3, #1
10003504:	431c      	orrs	r4, r3
10003506:	3201      	adds	r2, #1
10003508:	9211      	str	r2, [sp, #68]	; 0x44
1000350a:	9b11      	ldr	r3, [sp, #68]	; 0x44
1000350c:	7818      	ldrb	r0, [r3, #0]
1000350e:	0003      	movs	r3, r0
10003510:	3b25      	subs	r3, #37	; 0x25
10003512:	b2da      	uxtb	r2, r3
10003514:	2a53      	cmp	r2, #83	; 0x53
10003516:	d900      	bls.n	1000351a <_vsnprintf+0x186>
10003518:	e22c      	b.n	10003974 <_vsnprintf+0x5e0>
1000351a:	0093      	lsls	r3, r2, #2
1000351c:	4a86      	ldr	r2, [pc, #536]	; (10003738 <_vsnprintf+0x3a4>)
1000351e:	58d3      	ldr	r3, [r2, r3]
10003520:	469f      	mov	pc, r3
10003522:	2380      	movs	r3, #128	; 0x80
10003524:	009b      	lsls	r3, r3, #2
10003526:	431c      	orrs	r4, r3
10003528:	3201      	adds	r2, #1
1000352a:	9211      	str	r2, [sp, #68]	; 0x44
1000352c:	e7ed      	b.n	1000350a <_vsnprintf+0x176>
1000352e:	2380      	movs	r3, #128	; 0x80
10003530:	005b      	lsls	r3, r3, #1
10003532:	431c      	orrs	r4, r3
10003534:	3201      	adds	r2, #1
10003536:	9211      	str	r2, [sp, #68]	; 0x44
10003538:	e7e7      	b.n	1000350a <_vsnprintf+0x176>
1000353a:	2878      	cmp	r0, #120	; 0x78
1000353c:	d009      	beq.n	10003552 <_vsnprintf+0x1be>
1000353e:	2858      	cmp	r0, #88	; 0x58
10003540:	d038      	beq.n	100035b4 <_vsnprintf+0x220>
10003542:	286f      	cmp	r0, #111	; 0x6f
10003544:	d038      	beq.n	100035b8 <_vsnprintf+0x224>
10003546:	2862      	cmp	r0, #98	; 0x62
10003548:	d038      	beq.n	100035bc <_vsnprintf+0x228>
1000354a:	2310      	movs	r3, #16
1000354c:	439c      	bics	r4, r3
1000354e:	260a      	movs	r6, #10
10003550:	e000      	b.n	10003554 <_vsnprintf+0x1c0>
10003552:	2610      	movs	r6, #16
10003554:	2858      	cmp	r0, #88	; 0x58
10003556:	d033      	beq.n	100035c0 <_vsnprintf+0x22c>
10003558:	2869      	cmp	r0, #105	; 0x69
1000355a:	d003      	beq.n	10003564 <_vsnprintf+0x1d0>
1000355c:	2864      	cmp	r0, #100	; 0x64
1000355e:	d001      	beq.n	10003564 <_vsnprintf+0x1d0>
10003560:	220c      	movs	r2, #12
10003562:	4394      	bics	r4, r2
10003564:	0563      	lsls	r3, r4, #21
10003566:	d501      	bpl.n	1000356c <_vsnprintf+0x1d8>
10003568:	2201      	movs	r2, #1
1000356a:	4394      	bics	r4, r2
1000356c:	2869      	cmp	r0, #105	; 0x69
1000356e:	d02a      	beq.n	100035c6 <_vsnprintf+0x232>
10003570:	2864      	cmp	r0, #100	; 0x64
10003572:	d028      	beq.n	100035c6 <_vsnprintf+0x232>
10003574:	05a3      	lsls	r3, r4, #22
10003576:	d500      	bpl.n	1000357a <_vsnprintf+0x1e6>
10003578:	e09f      	b.n	100036ba <_vsnprintf+0x326>
1000357a:	05e3      	lsls	r3, r4, #23
1000357c:	d500      	bpl.n	10003580 <_vsnprintf+0x1ec>
1000357e:	e0b8      	b.n	100036f2 <_vsnprintf+0x35e>
10003580:	0663      	lsls	r3, r4, #25
10003582:	d400      	bmi.n	10003586 <_vsnprintf+0x1f2>
10003584:	e0ca      	b.n	1000371c <_vsnprintf+0x388>
10003586:	9a1c      	ldr	r2, [sp, #112]	; 0x70
10003588:	1d11      	adds	r1, r2, #4
1000358a:	911c      	str	r1, [sp, #112]	; 0x70
1000358c:	6811      	ldr	r1, [r2, #0]
1000358e:	22ff      	movs	r2, #255	; 0xff
10003590:	400a      	ands	r2, r1
10003592:	9405      	str	r4, [sp, #20]
10003594:	9b0a      	ldr	r3, [sp, #40]	; 0x28
10003596:	9304      	str	r3, [sp, #16]
10003598:	4653      	mov	r3, sl
1000359a:	9303      	str	r3, [sp, #12]
1000359c:	9602      	str	r6, [sp, #8]
1000359e:	2300      	movs	r3, #0
100035a0:	9301      	str	r3, [sp, #4]
100035a2:	9200      	str	r2, [sp, #0]
100035a4:	4643      	mov	r3, r8
100035a6:	003a      	movs	r2, r7
100035a8:	4659      	mov	r1, fp
100035aa:	0028      	movs	r0, r5
100035ac:	f7ff fa6e 	bl	10002a8c <_ntoa_long>
100035b0:	0007      	movs	r7, r0
100035b2:	e027      	b.n	10003604 <_vsnprintf+0x270>
100035b4:	2610      	movs	r6, #16
100035b6:	e7cd      	b.n	10003554 <_vsnprintf+0x1c0>
100035b8:	2608      	movs	r6, #8
100035ba:	e7cb      	b.n	10003554 <_vsnprintf+0x1c0>
100035bc:	2602      	movs	r6, #2
100035be:	e7c9      	b.n	10003554 <_vsnprintf+0x1c0>
100035c0:	2220      	movs	r2, #32
100035c2:	4314      	orrs	r4, r2
100035c4:	e7c8      	b.n	10003558 <_vsnprintf+0x1c4>
100035c6:	05a3      	lsls	r3, r4, #22
100035c8:	d420      	bmi.n	1000360c <_vsnprintf+0x278>
100035ca:	05e3      	lsls	r3, r4, #23
100035cc:	d450      	bmi.n	10003670 <_vsnprintf+0x2dc>
100035ce:	0663      	lsls	r3, r4, #25
100035d0:	d566      	bpl.n	100036a0 <_vsnprintf+0x30c>
100035d2:	9a1c      	ldr	r2, [sp, #112]	; 0x70
100035d4:	1d11      	adds	r1, r2, #4
100035d6:	911c      	str	r1, [sp, #112]	; 0x70
100035d8:	6811      	ldr	r1, [r2, #0]
100035da:	22ff      	movs	r2, #255	; 0xff
100035dc:	400a      	ands	r2, r1
100035de:	17d3      	asrs	r3, r2, #31
100035e0:	18d1      	adds	r1, r2, r3
100035e2:	4059      	eors	r1, r3
100035e4:	9405      	str	r4, [sp, #20]
100035e6:	9b0a      	ldr	r3, [sp, #40]	; 0x28
100035e8:	9304      	str	r3, [sp, #16]
100035ea:	4653      	mov	r3, sl
100035ec:	9303      	str	r3, [sp, #12]
100035ee:	9602      	str	r6, [sp, #8]
100035f0:	0fd2      	lsrs	r2, r2, #31
100035f2:	9201      	str	r2, [sp, #4]
100035f4:	9100      	str	r1, [sp, #0]
100035f6:	4643      	mov	r3, r8
100035f8:	003a      	movs	r2, r7
100035fa:	4659      	mov	r1, fp
100035fc:	0028      	movs	r0, r5
100035fe:	f7ff fa45 	bl	10002a8c <_ntoa_long>
10003602:	0007      	movs	r7, r0
10003604:	9b11      	ldr	r3, [sp, #68]	; 0x44
10003606:	3301      	adds	r3, #1
10003608:	9311      	str	r3, [sp, #68]	; 0x44
1000360a:	e6d3      	b.n	100033b4 <_vsnprintf+0x20>
1000360c:	9b1c      	ldr	r3, [sp, #112]	; 0x70
1000360e:	1dda      	adds	r2, r3, #7
10003610:	2107      	movs	r1, #7
10003612:	438a      	bics	r2, r1
10003614:	0011      	movs	r1, r2
10003616:	3108      	adds	r1, #8
10003618:	911c      	str	r1, [sp, #112]	; 0x70
1000361a:	6811      	ldr	r1, [r2, #0]
1000361c:	6853      	ldr	r3, [r2, #4]
1000361e:	469c      	mov	ip, r3
10003620:	17db      	asrs	r3, r3, #31
10003622:	930c      	str	r3, [sp, #48]	; 0x30
10003624:	930d      	str	r3, [sp, #52]	; 0x34
10003626:	9a0c      	ldr	r2, [sp, #48]	; 0x30
10003628:	9b0d      	ldr	r3, [sp, #52]	; 0x34
1000362a:	0010      	movs	r0, r2
1000362c:	4048      	eors	r0, r1
1000362e:	900e      	str	r0, [sp, #56]	; 0x38
10003630:	4662      	mov	r2, ip
10003632:	4053      	eors	r3, r2
10003634:	930f      	str	r3, [sp, #60]	; 0x3c
10003636:	980e      	ldr	r0, [sp, #56]	; 0x38
10003638:	990f      	ldr	r1, [sp, #60]	; 0x3c
1000363a:	9a0c      	ldr	r2, [sp, #48]	; 0x30
1000363c:	9b0d      	ldr	r3, [sp, #52]	; 0x34
1000363e:	1a80      	subs	r0, r0, r2
10003640:	4199      	sbcs	r1, r3
10003642:	900e      	str	r0, [sp, #56]	; 0x38
10003644:	910f      	str	r1, [sp, #60]	; 0x3c
10003646:	9408      	str	r4, [sp, #32]
10003648:	9b0a      	ldr	r3, [sp, #40]	; 0x28
1000364a:	9307      	str	r3, [sp, #28]
1000364c:	4653      	mov	r3, sl
1000364e:	9306      	str	r3, [sp, #24]
10003650:	9604      	str	r6, [sp, #16]
10003652:	2300      	movs	r3, #0
10003654:	9305      	str	r3, [sp, #20]
10003656:	4663      	mov	r3, ip
10003658:	0fda      	lsrs	r2, r3, #31
1000365a:	9202      	str	r2, [sp, #8]
1000365c:	9000      	str	r0, [sp, #0]
1000365e:	9101      	str	r1, [sp, #4]
10003660:	4643      	mov	r3, r8
10003662:	003a      	movs	r2, r7
10003664:	4659      	mov	r1, fp
10003666:	0028      	movs	r0, r5
10003668:	f7ff fa6e 	bl	10002b48 <_ntoa_long_long>
1000366c:	0007      	movs	r7, r0
1000366e:	e7c9      	b.n	10003604 <_vsnprintf+0x270>
10003670:	9a1c      	ldr	r2, [sp, #112]	; 0x70
10003672:	1d11      	adds	r1, r2, #4
10003674:	911c      	str	r1, [sp, #112]	; 0x70
10003676:	6812      	ldr	r2, [r2, #0]
10003678:	17d3      	asrs	r3, r2, #31
1000367a:	18d1      	adds	r1, r2, r3
1000367c:	4059      	eors	r1, r3
1000367e:	9405      	str	r4, [sp, #20]
10003680:	9b0a      	ldr	r3, [sp, #40]	; 0x28
10003682:	9304      	str	r3, [sp, #16]
10003684:	4653      	mov	r3, sl
10003686:	9303      	str	r3, [sp, #12]
10003688:	9602      	str	r6, [sp, #8]
1000368a:	0fd2      	lsrs	r2, r2, #31
1000368c:	9201      	str	r2, [sp, #4]
1000368e:	9100      	str	r1, [sp, #0]
10003690:	4643      	mov	r3, r8
10003692:	003a      	movs	r2, r7
10003694:	4659      	mov	r1, fp
10003696:	0028      	movs	r0, r5
10003698:	f7ff f9f8 	bl	10002a8c <_ntoa_long>
1000369c:	0007      	movs	r7, r0
1000369e:	e7b1      	b.n	10003604 <_vsnprintf+0x270>
100036a0:	0623      	lsls	r3, r4, #24
100036a2:	d505      	bpl.n	100036b0 <_vsnprintf+0x31c>
100036a4:	9a1c      	ldr	r2, [sp, #112]	; 0x70
100036a6:	1d11      	adds	r1, r2, #4
100036a8:	911c      	str	r1, [sp, #112]	; 0x70
100036aa:	2300      	movs	r3, #0
100036ac:	5ed2      	ldrsh	r2, [r2, r3]
100036ae:	e796      	b.n	100035de <_vsnprintf+0x24a>
100036b0:	9a1c      	ldr	r2, [sp, #112]	; 0x70
100036b2:	1d11      	adds	r1, r2, #4
100036b4:	911c      	str	r1, [sp, #112]	; 0x70
100036b6:	6812      	ldr	r2, [r2, #0]
100036b8:	e791      	b.n	100035de <_vsnprintf+0x24a>
100036ba:	9b1c      	ldr	r3, [sp, #112]	; 0x70
100036bc:	1dda      	adds	r2, r3, #7
100036be:	2107      	movs	r1, #7
100036c0:	438a      	bics	r2, r1
100036c2:	0011      	movs	r1, r2
100036c4:	3108      	adds	r1, #8
100036c6:	911c      	str	r1, [sp, #112]	; 0x70
100036c8:	9408      	str	r4, [sp, #32]
100036ca:	9b0a      	ldr	r3, [sp, #40]	; 0x28
100036cc:	9307      	str	r3, [sp, #28]
100036ce:	4653      	mov	r3, sl
100036d0:	9306      	str	r3, [sp, #24]
100036d2:	9604      	str	r6, [sp, #16]
100036d4:	2300      	movs	r3, #0
100036d6:	9305      	str	r3, [sp, #20]
100036d8:	9302      	str	r3, [sp, #8]
100036da:	6813      	ldr	r3, [r2, #0]
100036dc:	6854      	ldr	r4, [r2, #4]
100036de:	9300      	str	r3, [sp, #0]
100036e0:	9401      	str	r4, [sp, #4]
100036e2:	4643      	mov	r3, r8
100036e4:	003a      	movs	r2, r7
100036e6:	4659      	mov	r1, fp
100036e8:	0028      	movs	r0, r5
100036ea:	f7ff fa2d 	bl	10002b48 <_ntoa_long_long>
100036ee:	0007      	movs	r7, r0
100036f0:	e788      	b.n	10003604 <_vsnprintf+0x270>
100036f2:	9a1c      	ldr	r2, [sp, #112]	; 0x70
100036f4:	1d11      	adds	r1, r2, #4
100036f6:	911c      	str	r1, [sp, #112]	; 0x70
100036f8:	9405      	str	r4, [sp, #20]
100036fa:	9b0a      	ldr	r3, [sp, #40]	; 0x28
100036fc:	9304      	str	r3, [sp, #16]
100036fe:	4653      	mov	r3, sl
10003700:	9303      	str	r3, [sp, #12]
10003702:	9602      	str	r6, [sp, #8]
10003704:	2300      	movs	r3, #0
10003706:	9301      	str	r3, [sp, #4]
10003708:	6813      	ldr	r3, [r2, #0]
1000370a:	9300      	str	r3, [sp, #0]
1000370c:	4643      	mov	r3, r8
1000370e:	003a      	movs	r2, r7
10003710:	4659      	mov	r1, fp
10003712:	0028      	movs	r0, r5
10003714:	f7ff f9ba 	bl	10002a8c <_ntoa_long>
10003718:	0007      	movs	r7, r0
1000371a:	e773      	b.n	10003604 <_vsnprintf+0x270>
1000371c:	0623      	lsls	r3, r4, #24
1000371e:	d50d      	bpl.n	1000373c <_vsnprintf+0x3a8>
10003720:	9a1c      	ldr	r2, [sp, #112]	; 0x70
10003722:	1d11      	adds	r1, r2, #4
10003724:	911c      	str	r1, [sp, #112]	; 0x70
10003726:	6812      	ldr	r2, [r2, #0]
10003728:	0412      	lsls	r2, r2, #16
1000372a:	0c12      	lsrs	r2, r2, #16
1000372c:	e731      	b.n	10003592 <_vsnprintf+0x1fe>
1000372e:	46c0      	nop			; (mov r8, r8)
10003730:	1000b374 	.word	0x1000b374
10003734:	1000b3b8 	.word	0x1000b3b8
10003738:	1000b404 	.word	0x1000b404
1000373c:	9a1c      	ldr	r2, [sp, #112]	; 0x70
1000373e:	1d11      	adds	r1, r2, #4
10003740:	911c      	str	r1, [sp, #112]	; 0x70
10003742:	6812      	ldr	r2, [r2, #0]
10003744:	e725      	b.n	10003592 <_vsnprintf+0x1fe>
10003746:	2846      	cmp	r0, #70	; 0x46
10003748:	d01a      	beq.n	10003780 <_vsnprintf+0x3ec>
1000374a:	9b1c      	ldr	r3, [sp, #112]	; 0x70
1000374c:	3307      	adds	r3, #7
1000374e:	2207      	movs	r2, #7
10003750:	4393      	bics	r3, r2
10003752:	001a      	movs	r2, r3
10003754:	3208      	adds	r2, #8
10003756:	921c      	str	r2, [sp, #112]	; 0x70
10003758:	9404      	str	r4, [sp, #16]
1000375a:	9a0a      	ldr	r2, [sp, #40]	; 0x28
1000375c:	9203      	str	r2, [sp, #12]
1000375e:	4652      	mov	r2, sl
10003760:	9202      	str	r2, [sp, #8]
10003762:	685c      	ldr	r4, [r3, #4]
10003764:	681b      	ldr	r3, [r3, #0]
10003766:	9300      	str	r3, [sp, #0]
10003768:	9401      	str	r4, [sp, #4]
1000376a:	4643      	mov	r3, r8
1000376c:	003a      	movs	r2, r7
1000376e:	4659      	mov	r1, fp
10003770:	0028      	movs	r0, r5
10003772:	f7ff fc65 	bl	10003040 <_ftoa>
10003776:	0007      	movs	r7, r0
10003778:	9b11      	ldr	r3, [sp, #68]	; 0x44
1000377a:	3301      	adds	r3, #1
1000377c:	9311      	str	r3, [sp, #68]	; 0x44
1000377e:	e619      	b.n	100033b4 <_vsnprintf+0x20>
10003780:	2320      	movs	r3, #32
10003782:	431c      	orrs	r4, r3
10003784:	e7e1      	b.n	1000374a <_vsnprintf+0x3b6>
10003786:	2867      	cmp	r0, #103	; 0x67
10003788:	d001      	beq.n	1000378e <_vsnprintf+0x3fa>
1000378a:	2847      	cmp	r0, #71	; 0x47
1000378c:	d102      	bne.n	10003794 <_vsnprintf+0x400>
1000378e:	2380      	movs	r3, #128	; 0x80
10003790:	011b      	lsls	r3, r3, #4
10003792:	431c      	orrs	r4, r3
10003794:	2845      	cmp	r0, #69	; 0x45
10003796:	d001      	beq.n	1000379c <_vsnprintf+0x408>
10003798:	2847      	cmp	r0, #71	; 0x47
1000379a:	d101      	bne.n	100037a0 <_vsnprintf+0x40c>
1000379c:	2320      	movs	r3, #32
1000379e:	431c      	orrs	r4, r3
100037a0:	9b1c      	ldr	r3, [sp, #112]	; 0x70
100037a2:	3307      	adds	r3, #7
100037a4:	2207      	movs	r2, #7
100037a6:	4393      	bics	r3, r2
100037a8:	001a      	movs	r2, r3
100037aa:	3208      	adds	r2, #8
100037ac:	921c      	str	r2, [sp, #112]	; 0x70
100037ae:	9404      	str	r4, [sp, #16]
100037b0:	9a0a      	ldr	r2, [sp, #40]	; 0x28
100037b2:	9203      	str	r2, [sp, #12]
100037b4:	4652      	mov	r2, sl
100037b6:	9202      	str	r2, [sp, #8]
100037b8:	685c      	ldr	r4, [r3, #4]
100037ba:	681b      	ldr	r3, [r3, #0]
100037bc:	9300      	str	r3, [sp, #0]
100037be:	9401      	str	r4, [sp, #4]
100037c0:	4643      	mov	r3, r8
100037c2:	003a      	movs	r2, r7
100037c4:	4659      	mov	r1, fp
100037c6:	0028      	movs	r0, r5
100037c8:	f7ff fa30 	bl	10002c2c <_etoa>
100037cc:	0007      	movs	r7, r0
100037ce:	9b11      	ldr	r3, [sp, #68]	; 0x44
100037d0:	3301      	adds	r3, #1
100037d2:	9311      	str	r3, [sp, #68]	; 0x44
100037d4:	e5ee      	b.n	100033b4 <_vsnprintf+0x20>
100037d6:	2302      	movs	r3, #2
100037d8:	001a      	movs	r2, r3
100037da:	4022      	ands	r2, r4
100037dc:	4692      	mov	sl, r2
100037de:	4223      	tst	r3, r4
100037e0:	d01f      	beq.n	10003822 <_vsnprintf+0x48e>
100037e2:	2401      	movs	r4, #1
100037e4:	9b1c      	ldr	r3, [sp, #112]	; 0x70
100037e6:	1d1a      	adds	r2, r3, #4
100037e8:	921c      	str	r2, [sp, #112]	; 0x70
100037ea:	1c7a      	adds	r2, r7, #1
100037ec:	4691      	mov	r9, r2
100037ee:	7818      	ldrb	r0, [r3, #0]
100037f0:	4643      	mov	r3, r8
100037f2:	003a      	movs	r2, r7
100037f4:	4659      	mov	r1, fp
100037f6:	47a8      	blx	r5
100037f8:	4653      	mov	r3, sl
100037fa:	2b00      	cmp	r3, #0
100037fc:	d116      	bne.n	1000382c <_vsnprintf+0x498>
100037fe:	9b11      	ldr	r3, [sp, #68]	; 0x44
10003800:	3301      	adds	r3, #1
10003802:	9311      	str	r3, [sp, #68]	; 0x44
10003804:	464f      	mov	r7, r9
10003806:	e5d5      	b.n	100033b4 <_vsnprintf+0x20>
10003808:	1c56      	adds	r6, r2, #1
1000380a:	4643      	mov	r3, r8
1000380c:	4659      	mov	r1, fp
1000380e:	2020      	movs	r0, #32
10003810:	47b8      	blx	r7
10003812:	0023      	movs	r3, r4
10003814:	0032      	movs	r2, r6
10003816:	1c5c      	adds	r4, r3, #1
10003818:	429d      	cmp	r5, r3
1000381a:	d8f5      	bhi.n	10003808 <_vsnprintf+0x474>
1000381c:	003d      	movs	r5, r7
1000381e:	0017      	movs	r7, r2
10003820:	e7e0      	b.n	100037e4 <_vsnprintf+0x450>
10003822:	2301      	movs	r3, #1
10003824:	003a      	movs	r2, r7
10003826:	002f      	movs	r7, r5
10003828:	9d0a      	ldr	r5, [sp, #40]	; 0x28
1000382a:	e7f4      	b.n	10003816 <_vsnprintf+0x482>
1000382c:	464a      	mov	r2, r9
1000382e:	46a9      	mov	r9, r5
10003830:	9d0a      	ldr	r5, [sp, #40]	; 0x28
10003832:	e006      	b.n	10003842 <_vsnprintf+0x4ae>
10003834:	1c57      	adds	r7, r2, #1
10003836:	4643      	mov	r3, r8
10003838:	4659      	mov	r1, fp
1000383a:	2020      	movs	r0, #32
1000383c:	47c8      	blx	r9
1000383e:	0034      	movs	r4, r6
10003840:	003a      	movs	r2, r7
10003842:	1c66      	adds	r6, r4, #1
10003844:	42a5      	cmp	r5, r4
10003846:	d8f5      	bhi.n	10003834 <_vsnprintf+0x4a0>
10003848:	464d      	mov	r5, r9
1000384a:	4691      	mov	r9, r2
1000384c:	e7d7      	b.n	100037fe <_vsnprintf+0x46a>
1000384e:	9b1c      	ldr	r3, [sp, #112]	; 0x70
10003850:	1d1a      	adds	r2, r3, #4
10003852:	921c      	str	r2, [sp, #112]	; 0x70
10003854:	681b      	ldr	r3, [r3, #0]
10003856:	4699      	mov	r9, r3
10003858:	4653      	mov	r3, sl
1000385a:	2b00      	cmp	r3, #0
1000385c:	d100      	bne.n	10003860 <_vsnprintf+0x4cc>
1000385e:	3b01      	subs	r3, #1
10003860:	464e      	mov	r6, r9
10003862:	e001      	b.n	10003868 <_vsnprintf+0x4d4>
10003864:	3601      	adds	r6, #1
10003866:	0013      	movs	r3, r2
10003868:	7832      	ldrb	r2, [r6, #0]
1000386a:	2a00      	cmp	r2, #0
1000386c:	d002      	beq.n	10003874 <_vsnprintf+0x4e0>
1000386e:	1e5a      	subs	r2, r3, #1
10003870:	2b00      	cmp	r3, #0
10003872:	d1f7      	bne.n	10003864 <_vsnprintf+0x4d0>
10003874:	464b      	mov	r3, r9
10003876:	1af2      	subs	r2, r6, r3
10003878:	9210      	str	r2, [sp, #64]	; 0x40
1000387a:	2380      	movs	r3, #128	; 0x80
1000387c:	00db      	lsls	r3, r3, #3
1000387e:	0026      	movs	r6, r4
10003880:	401e      	ands	r6, r3
10003882:	421c      	tst	r4, r3
10003884:	d003      	beq.n	1000388e <_vsnprintf+0x4fa>
10003886:	4552      	cmp	r2, sl
10003888:	d901      	bls.n	1000388e <_vsnprintf+0x4fa>
1000388a:	4653      	mov	r3, sl
1000388c:	9310      	str	r3, [sp, #64]	; 0x40
1000388e:	2302      	movs	r3, #2
10003890:	001a      	movs	r2, r3
10003892:	4022      	ands	r2, r4
10003894:	920b      	str	r2, [sp, #44]	; 0x2c
10003896:	4223      	tst	r3, r4
10003898:	d005      	beq.n	100038a6 <_vsnprintf+0x512>
1000389a:	003a      	movs	r2, r7
1000389c:	0037      	movs	r7, r6
1000389e:	464c      	mov	r4, r9
100038a0:	46a9      	mov	r9, r5
100038a2:	4655      	mov	r5, sl
100038a4:	e020      	b.n	100038e8 <_vsnprintf+0x554>
100038a6:	003a      	movs	r2, r7
100038a8:	9b10      	ldr	r3, [sp, #64]	; 0x40
100038aa:	465f      	mov	r7, fp
100038ac:	46b3      	mov	fp, r6
100038ae:	002e      	movs	r6, r5
100038b0:	e006      	b.n	100038c0 <_vsnprintf+0x52c>
100038b2:	1c55      	adds	r5, r2, #1
100038b4:	4643      	mov	r3, r8
100038b6:	0039      	movs	r1, r7
100038b8:	2020      	movs	r0, #32
100038ba:	47b0      	blx	r6
100038bc:	0023      	movs	r3, r4
100038be:	002a      	movs	r2, r5
100038c0:	1c5c      	adds	r4, r3, #1
100038c2:	990a      	ldr	r1, [sp, #40]	; 0x28
100038c4:	4299      	cmp	r1, r3
100038c6:	d8f4      	bhi.n	100038b2 <_vsnprintf+0x51e>
100038c8:	0035      	movs	r5, r6
100038ca:	465e      	mov	r6, fp
100038cc:	46bb      	mov	fp, r7
100038ce:	9410      	str	r4, [sp, #64]	; 0x40
100038d0:	0037      	movs	r7, r6
100038d2:	464c      	mov	r4, r9
100038d4:	46a9      	mov	r9, r5
100038d6:	4655      	mov	r5, sl
100038d8:	e006      	b.n	100038e8 <_vsnprintf+0x554>
100038da:	001d      	movs	r5, r3
100038dc:	3401      	adds	r4, #1
100038de:	1c56      	adds	r6, r2, #1
100038e0:	4643      	mov	r3, r8
100038e2:	4659      	mov	r1, fp
100038e4:	47c8      	blx	r9
100038e6:	0032      	movs	r2, r6
100038e8:	7820      	ldrb	r0, [r4, #0]
100038ea:	2800      	cmp	r0, #0
100038ec:	d004      	beq.n	100038f8 <_vsnprintf+0x564>
100038ee:	2f00      	cmp	r7, #0
100038f0:	d0f4      	beq.n	100038dc <_vsnprintf+0x548>
100038f2:	1e6b      	subs	r3, r5, #1
100038f4:	2d00      	cmp	r5, #0
100038f6:	d1f0      	bne.n	100038da <_vsnprintf+0x546>
100038f8:	0017      	movs	r7, r2
100038fa:	464d      	mov	r5, r9
100038fc:	9b0b      	ldr	r3, [sp, #44]	; 0x2c
100038fe:	2b00      	cmp	r3, #0
10003900:	d103      	bne.n	1000390a <_vsnprintf+0x576>
10003902:	9b11      	ldr	r3, [sp, #68]	; 0x44
10003904:	3301      	adds	r3, #1
10003906:	9311      	str	r3, [sp, #68]	; 0x44
10003908:	e554      	b.n	100033b4 <_vsnprintf+0x20>
1000390a:	9f0a      	ldr	r7, [sp, #40]	; 0x28
1000390c:	9b10      	ldr	r3, [sp, #64]	; 0x40
1000390e:	e006      	b.n	1000391e <_vsnprintf+0x58a>
10003910:	1c56      	adds	r6, r2, #1
10003912:	4643      	mov	r3, r8
10003914:	4659      	mov	r1, fp
10003916:	2020      	movs	r0, #32
10003918:	47a8      	blx	r5
1000391a:	0023      	movs	r3, r4
1000391c:	0032      	movs	r2, r6
1000391e:	1c5c      	adds	r4, r3, #1
10003920:	429f      	cmp	r7, r3
10003922:	d8f5      	bhi.n	10003910 <_vsnprintf+0x57c>
10003924:	0017      	movs	r7, r2
10003926:	e7ec      	b.n	10003902 <_vsnprintf+0x56e>
10003928:	2321      	movs	r3, #33	; 0x21
1000392a:	431c      	orrs	r4, r3
1000392c:	9b1c      	ldr	r3, [sp, #112]	; 0x70
1000392e:	1d1a      	adds	r2, r3, #4
10003930:	921c      	str	r2, [sp, #112]	; 0x70
10003932:	681b      	ldr	r3, [r3, #0]
10003934:	9300      	str	r3, [sp, #0]
10003936:	9405      	str	r4, [sp, #20]
10003938:	2308      	movs	r3, #8
1000393a:	9304      	str	r3, [sp, #16]
1000393c:	4653      	mov	r3, sl
1000393e:	9303      	str	r3, [sp, #12]
10003940:	2310      	movs	r3, #16
10003942:	9302      	str	r3, [sp, #8]
10003944:	2300      	movs	r3, #0
10003946:	9301      	str	r3, [sp, #4]
10003948:	4643      	mov	r3, r8
1000394a:	003a      	movs	r2, r7
1000394c:	4659      	mov	r1, fp
1000394e:	0028      	movs	r0, r5
10003950:	f7ff f89c 	bl	10002a8c <_ntoa_long>
10003954:	0007      	movs	r7, r0
10003956:	9b11      	ldr	r3, [sp, #68]	; 0x44
10003958:	3301      	adds	r3, #1
1000395a:	9311      	str	r3, [sp, #68]	; 0x44
1000395c:	e52a      	b.n	100033b4 <_vsnprintf+0x20>
1000395e:	1c7c      	adds	r4, r7, #1
10003960:	4643      	mov	r3, r8
10003962:	003a      	movs	r2, r7
10003964:	4659      	mov	r1, fp
10003966:	2025      	movs	r0, #37	; 0x25
10003968:	47a8      	blx	r5
1000396a:	9b11      	ldr	r3, [sp, #68]	; 0x44
1000396c:	3301      	adds	r3, #1
1000396e:	9311      	str	r3, [sp, #68]	; 0x44
10003970:	0027      	movs	r7, r4
10003972:	e51f      	b.n	100033b4 <_vsnprintf+0x20>
10003974:	1c7c      	adds	r4, r7, #1
10003976:	4643      	mov	r3, r8
10003978:	003a      	movs	r2, r7
1000397a:	4659      	mov	r1, fp
1000397c:	47a8      	blx	r5
1000397e:	9b11      	ldr	r3, [sp, #68]	; 0x44
10003980:	3301      	adds	r3, #1
10003982:	9311      	str	r3, [sp, #68]	; 0x44
10003984:	0027      	movs	r7, r4
10003986:	e515      	b.n	100033b4 <_vsnprintf+0x20>
10003988:	4b0a      	ldr	r3, [pc, #40]	; (100039b4 <_vsnprintf+0x620>)
1000398a:	469a      	mov	sl, r3
1000398c:	e510      	b.n	100033b0 <_vsnprintf+0x1c>
1000398e:	46aa      	mov	sl, r5
10003990:	4547      	cmp	r7, r8
10003992:	d302      	bcc.n	1000399a <_vsnprintf+0x606>
10003994:	4643      	mov	r3, r8
10003996:	1e5a      	subs	r2, r3, #1
10003998:	e000      	b.n	1000399c <_vsnprintf+0x608>
1000399a:	003a      	movs	r2, r7
1000399c:	4643      	mov	r3, r8
1000399e:	4659      	mov	r1, fp
100039a0:	2000      	movs	r0, #0
100039a2:	47d0      	blx	sl
100039a4:	0038      	movs	r0, r7
100039a6:	b013      	add	sp, #76	; 0x4c
100039a8:	bcf0      	pop	{r4, r5, r6, r7}
100039aa:	46bb      	mov	fp, r7
100039ac:	46b2      	mov	sl, r6
100039ae:	46a9      	mov	r9, r5
100039b0:	46a0      	mov	r8, r4
100039b2:	bdf0      	pop	{r4, r5, r6, r7, pc}
100039b4:	10002899 	.word	0x10002899

100039b8 <vfctprintf>:
100039b8:	b500      	push	{lr}
100039ba:	b085      	sub	sp, #20
100039bc:	9002      	str	r0, [sp, #8]
100039be:	9103      	str	r1, [sp, #12]
100039c0:	2101      	movs	r1, #1
100039c2:	9300      	str	r3, [sp, #0]
100039c4:	0013      	movs	r3, r2
100039c6:	424a      	negs	r2, r1
100039c8:	a902      	add	r1, sp, #8
100039ca:	4802      	ldr	r0, [pc, #8]	; (100039d4 <vfctprintf+0x1c>)
100039cc:	f7ff fce2 	bl	10003394 <_vsnprintf>
100039d0:	b005      	add	sp, #20
100039d2:	bd00      	pop	{pc}
100039d4:	1000289b 	.word	0x1000289b

100039d8 <__aeabi_bits_init>:
100039d8:	4801      	ldr	r0, [pc, #4]	; (100039e0 <__aeabi_bits_init+0x8>)
100039da:	2104      	movs	r1, #4
100039dc:	4b01      	ldr	r3, [pc, #4]	; (100039e4 <__aeabi_bits_init+0xc>)
100039de:	4718      	bx	r3
100039e0:	20000c60 	.word	0x20000c60
100039e4:	10003a09 	.word	0x10003a09

100039e8 <rom_func_lookup>:
100039e8:	b510      	push	{r4, lr}
100039ea:	0001      	movs	r1, r0
100039ec:	2318      	movs	r3, #24
100039ee:	881b      	ldrh	r3, [r3, #0]
100039f0:	2214      	movs	r2, #20
100039f2:	8810      	ldrh	r0, [r2, #0]
100039f4:	4798      	blx	r3
100039f6:	bd10      	pop	{r4, pc}

100039f8 <rom_data_lookup>:
100039f8:	b510      	push	{r4, lr}
100039fa:	0001      	movs	r1, r0
100039fc:	2318      	movs	r3, #24
100039fe:	881b      	ldrh	r3, [r3, #0]
10003a00:	2216      	movs	r2, #22
10003a02:	8810      	ldrh	r0, [r2, #0]
10003a04:	4798      	blx	r3
10003a06:	bd10      	pop	{r4, pc}

10003a08 <rom_funcs_lookup>:
10003a08:	b5f0      	push	{r4, r5, r6, r7, lr}
10003a0a:	46c6      	mov	lr, r8
10003a0c:	b500      	push	{lr}
10003a0e:	0007      	movs	r7, r0
10003a10:	000e      	movs	r6, r1
10003a12:	2500      	movs	r5, #0
10003a14:	2301      	movs	r3, #1
10003a16:	4698      	mov	r8, r3
10003a18:	e000      	b.n	10003a1c <rom_funcs_lookup+0x14>
10003a1a:	3501      	adds	r5, #1
10003a1c:	42b5      	cmp	r5, r6
10003a1e:	d20a      	bcs.n	10003a36 <rom_funcs_lookup+0x2e>
10003a20:	00ac      	lsls	r4, r5, #2
10003a22:	193c      	adds	r4, r7, r4
10003a24:	6820      	ldr	r0, [r4, #0]
10003a26:	f7ff ffdf 	bl	100039e8 <rom_func_lookup>
10003a2a:	6020      	str	r0, [r4, #0]
10003a2c:	2800      	cmp	r0, #0
10003a2e:	d1f4      	bne.n	10003a1a <rom_funcs_lookup+0x12>
10003a30:	2300      	movs	r3, #0
10003a32:	4698      	mov	r8, r3
10003a34:	e7f1      	b.n	10003a1a <rom_funcs_lookup+0x12>
10003a36:	4640      	mov	r0, r8
10003a38:	bc80      	pop	{r7}
10003a3a:	46b8      	mov	r8, r7
10003a3c:	bdf0      	pop	{r4, r5, r6, r7, pc}
	...

10003a40 <__wrap___aeabi_idiv>:
10003a40:	4a12      	ldr	r2, [pc, #72]	; (10003a8c <divmod_s32s32_savestate+0x18>)
10003a42:	6f93      	ldr	r3, [r2, #120]	; 0x78
10003a44:	089b      	lsrs	r3, r3, #2
10003a46:	d215      	bcs.n	10003a74 <divmod_s32s32_savestate>

10003a48 <divmod_s32s32_unsafe>:
10003a48:	6690      	str	r0, [r2, #104]	; 0x68
10003a4a:	66d1      	str	r1, [r2, #108]	; 0x6c
10003a4c:	2900      	cmp	r1, #0
10003a4e:	d005      	beq.n	10003a5c <divmod_s32s32_unsafe+0x14>
10003a50:	e7ff      	b.n	10003a52 <divmod_s32s32_unsafe+0xa>
10003a52:	e7ff      	b.n	10003a54 <divmod_s32s32_unsafe+0xc>
10003a54:	e7ff      	b.n	10003a56 <divmod_s32s32_unsafe+0xe>
10003a56:	6f51      	ldr	r1, [r2, #116]	; 0x74
10003a58:	6f10      	ldr	r0, [r2, #112]	; 0x70
10003a5a:	4770      	bx	lr
10003a5c:	b504      	push	{r2, lr}
10003a5e:	2180      	movs	r1, #128	; 0x80
10003a60:	0609      	lsls	r1, r1, #24
10003a62:	17c2      	asrs	r2, r0, #31
10003a64:	4051      	eors	r1, r2
10003a66:	2800      	cmp	r0, #0
10003a68:	d000      	beq.n	10003a6c <divmod_s32s32_unsafe+0x24>
10003a6a:	43c8      	mvns	r0, r1
10003a6c:	f006 fdc4 	bl	1000a5f8 <____aeabi_idiv0_veneer>
10003a70:	2100      	movs	r1, #0
10003a72:	bd04      	pop	{r2, pc}

10003a74 <divmod_s32s32_savestate>:
10003a74:	b5f0      	push	{r4, r5, r6, r7, lr}
10003a76:	6e14      	ldr	r4, [r2, #96]	; 0x60
10003a78:	6e55      	ldr	r5, [r2, #100]	; 0x64
10003a7a:	6f57      	ldr	r7, [r2, #116]	; 0x74
10003a7c:	6f16      	ldr	r6, [r2, #112]	; 0x70
10003a7e:	f7ff ffe3 	bl	10003a48 <divmod_s32s32_unsafe>
10003a82:	6614      	str	r4, [r2, #96]	; 0x60
10003a84:	6655      	str	r5, [r2, #100]	; 0x64
10003a86:	6757      	str	r7, [r2, #116]	; 0x74
10003a88:	6716      	str	r6, [r2, #112]	; 0x70
10003a8a:	bdf0      	pop	{r4, r5, r6, r7, pc}
10003a8c:	d0000000 	.word	0xd0000000

10003a90 <__wrap___aeabi_uidiv>:
10003a90:	4a11      	ldr	r2, [pc, #68]	; (10003ad8 <divmod_u32u32_savestate+0x18>)
10003a92:	6f93      	ldr	r3, [r2, #120]	; 0x78
10003a94:	089b      	lsrs	r3, r3, #2
10003a96:	d213      	bcs.n	10003ac0 <divmod_u32u32_savestate>

10003a98 <divmod_u32u32_unsafe>:
10003a98:	6610      	str	r0, [r2, #96]	; 0x60
10003a9a:	6651      	str	r1, [r2, #100]	; 0x64
10003a9c:	2900      	cmp	r1, #0
10003a9e:	d005      	beq.n	10003aac <divmod_u32u32_unsafe+0x14>
10003aa0:	e7ff      	b.n	10003aa2 <divmod_u32u32_unsafe+0xa>
10003aa2:	e7ff      	b.n	10003aa4 <divmod_u32u32_unsafe+0xc>
10003aa4:	e7ff      	b.n	10003aa6 <divmod_u32u32_unsafe+0xe>
10003aa6:	6f51      	ldr	r1, [r2, #116]	; 0x74
10003aa8:	6f10      	ldr	r0, [r2, #112]	; 0x70
10003aaa:	4770      	bx	lr
10003aac:	b504      	push	{r2, lr}
10003aae:	2800      	cmp	r0, #0
10003ab0:	d001      	beq.n	10003ab6 <divmod_u32u32_unsafe+0x1e>
10003ab2:	2000      	movs	r0, #0
10003ab4:	43c0      	mvns	r0, r0
10003ab6:	f006 fd9f 	bl	1000a5f8 <____aeabi_idiv0_veneer>
10003aba:	2100      	movs	r1, #0
10003abc:	bd04      	pop	{r2, pc}
10003abe:	46c0      	nop			; (mov r8, r8)

10003ac0 <divmod_u32u32_savestate>:
10003ac0:	b5f0      	push	{r4, r5, r6, r7, lr}
10003ac2:	6e14      	ldr	r4, [r2, #96]	; 0x60
10003ac4:	6e55      	ldr	r5, [r2, #100]	; 0x64
10003ac6:	6f57      	ldr	r7, [r2, #116]	; 0x74
10003ac8:	6f16      	ldr	r6, [r2, #112]	; 0x70
10003aca:	f7ff ffe5 	bl	10003a98 <divmod_u32u32_unsafe>
10003ace:	6614      	str	r4, [r2, #96]	; 0x60
10003ad0:	6655      	str	r5, [r2, #100]	; 0x64
10003ad2:	6757      	str	r7, [r2, #116]	; 0x74
10003ad4:	6716      	str	r6, [r2, #112]	; 0x70
10003ad6:	bdf0      	pop	{r4, r5, r6, r7, pc}
10003ad8:	d0000000 	.word	0xd0000000

10003adc <__wrap___aeabi_ldivmod>:
10003adc:	4694      	mov	ip, r2
10003ade:	4a4a      	ldr	r2, [pc, #296]	; (10003c08 <udiv0+0x1a>)
10003ae0:	6f92      	ldr	r2, [r2, #120]	; 0x78
10003ae2:	0892      	lsrs	r2, r2, #2
10003ae4:	4662      	mov	r2, ip
10003ae6:	d201      	bcs.n	10003aec <divmod_s64s64_savestate>
10003ae8:	e028      	b.n	10003b3c <divmod_s64s64_unsafe>
10003aea:	46c0      	nop			; (mov r8, r8)

10003aec <divmod_s64s64_savestate>:
10003aec:	b5f0      	push	{r4, r5, r6, r7, lr}
10003aee:	4e46      	ldr	r6, [pc, #280]	; (10003c08 <udiv0+0x1a>)
10003af0:	6e34      	ldr	r4, [r6, #96]	; 0x60
10003af2:	6e75      	ldr	r5, [r6, #100]	; 0x64
10003af4:	6f77      	ldr	r7, [r6, #116]	; 0x74
10003af6:	6f36      	ldr	r6, [r6, #112]	; 0x70
10003af8:	f000 f820 	bl	10003b3c <divmod_s64s64_unsafe>
10003afc:	4694      	mov	ip, r2
10003afe:	4a42      	ldr	r2, [pc, #264]	; (10003c08 <udiv0+0x1a>)
10003b00:	6614      	str	r4, [r2, #96]	; 0x60
10003b02:	6655      	str	r5, [r2, #100]	; 0x64
10003b04:	6757      	str	r7, [r2, #116]	; 0x74
10003b06:	6716      	str	r6, [r2, #112]	; 0x70
10003b08:	4662      	mov	r2, ip
10003b0a:	bdf0      	pop	{r4, r5, r6, r7, pc}

10003b0c <__wrap___aeabi_uldivmod>:
10003b0c:	4694      	mov	ip, r2
10003b0e:	4a3e      	ldr	r2, [pc, #248]	; (10003c08 <udiv0+0x1a>)
10003b10:	6f92      	ldr	r2, [r2, #120]	; 0x78
10003b12:	0892      	lsrs	r2, r2, #2
10003b14:	4662      	mov	r2, ip
10003b16:	d201      	bcs.n	10003b1c <divmod_u64u64_savestate>
10003b18:	e054      	b.n	10003bc4 <divmod_u64u64_unsafe>
10003b1a:	46c0      	nop			; (mov r8, r8)

10003b1c <divmod_u64u64_savestate>:
10003b1c:	b5f0      	push	{r4, r5, r6, r7, lr}
10003b1e:	4e3a      	ldr	r6, [pc, #232]	; (10003c08 <udiv0+0x1a>)
10003b20:	6e34      	ldr	r4, [r6, #96]	; 0x60
10003b22:	6e75      	ldr	r5, [r6, #100]	; 0x64
10003b24:	6f77      	ldr	r7, [r6, #116]	; 0x74
10003b26:	6f36      	ldr	r6, [r6, #112]	; 0x70
10003b28:	f000 f84c 	bl	10003bc4 <divmod_u64u64_unsafe>
10003b2c:	4694      	mov	ip, r2
10003b2e:	4a36      	ldr	r2, [pc, #216]	; (10003c08 <udiv0+0x1a>)
10003b30:	6614      	str	r4, [r2, #96]	; 0x60
10003b32:	6655      	str	r5, [r2, #100]	; 0x64
10003b34:	6757      	str	r7, [r2, #116]	; 0x74
10003b36:	6716      	str	r6, [r2, #112]	; 0x70
10003b38:	4662      	mov	r2, ip
10003b3a:	bdf0      	pop	{r4, r5, r6, r7, pc}

10003b3c <divmod_s64s64_unsafe>:
10003b3c:	2b00      	cmp	r3, #0
10003b3e:	db24      	blt.n	10003b8a <l42_1+0x26>
10003b40:	d011      	beq.n	10003b66 <l42_1+0x2>
10003b42:	2900      	cmp	r1, #0
10003b44:	da3e      	bge.n	10003bc4 <divmod_u64u64_unsafe>
10003b46:	b500      	push	{lr}
10003b48:	43c9      	mvns	r1, r1
10003b4a:	4240      	negs	r0, r0
10003b4c:	d100      	bne.n	10003b50 <l40_1>
10003b4e:	3101      	adds	r1, #1

10003b50 <l40_1>:
10003b50:	f000 f838 	bl	10003bc4 <divmod_u64u64_unsafe>
10003b54:	43c9      	mvns	r1, r1
10003b56:	4240      	negs	r0, r0
10003b58:	d100      	bne.n	10003b5c <l41_1>
10003b5a:	3101      	adds	r1, #1

10003b5c <l41_1>:
10003b5c:	43db      	mvns	r3, r3
10003b5e:	4252      	negs	r2, r2
10003b60:	d100      	bne.n	10003b64 <l42_1>
10003b62:	3301      	adds	r3, #1

10003b64 <l42_1>:
10003b64:	bd00      	pop	{pc}
10003b66:	2a00      	cmp	r2, #0
10003b68:	d1eb      	bne.n	10003b42 <divmod_s64s64_unsafe+0x6>
10003b6a:	2800      	cmp	r0, #0
10003b6c:	d101      	bne.n	10003b72 <l42_1+0xe>
10003b6e:	2900      	cmp	r1, #0
10003b70:	d005      	beq.n	10003b7e <l42_1+0x1a>
10003b72:	2000      	movs	r0, #0
10003b74:	0fc9      	lsrs	r1, r1, #31
10003b76:	07c9      	lsls	r1, r1, #31
10003b78:	d101      	bne.n	10003b7e <l42_1+0x1a>
10003b7a:	43c0      	mvns	r0, r0
10003b7c:	0841      	lsrs	r1, r0, #1
10003b7e:	b500      	push	{lr}
10003b80:	f006 fd2a 	bl	1000a5d8 <____aeabi_ldiv0_veneer>
10003b84:	2200      	movs	r2, #0
10003b86:	2300      	movs	r3, #0
10003b88:	bd00      	pop	{pc}
10003b8a:	b500      	push	{lr}
10003b8c:	2900      	cmp	r1, #0
10003b8e:	db0a      	blt.n	10003ba6 <l44_1+0x2>
10003b90:	43db      	mvns	r3, r3
10003b92:	4252      	negs	r2, r2
10003b94:	d100      	bne.n	10003b98 <l43_1>
10003b96:	3301      	adds	r3, #1

10003b98 <l43_1>:
10003b98:	f000 f814 	bl	10003bc4 <divmod_u64u64_unsafe>
10003b9c:	43c9      	mvns	r1, r1
10003b9e:	4240      	negs	r0, r0
10003ba0:	d100      	bne.n	10003ba4 <l44_1>
10003ba2:	3101      	adds	r1, #1

10003ba4 <l44_1>:
10003ba4:	bd00      	pop	{pc}
10003ba6:	43c9      	mvns	r1, r1
10003ba8:	4240      	negs	r0, r0
10003baa:	d100      	bne.n	10003bae <l45_1>
10003bac:	3101      	adds	r1, #1

10003bae <l45_1>:
10003bae:	43db      	mvns	r3, r3
10003bb0:	4252      	negs	r2, r2
10003bb2:	d100      	bne.n	10003bb6 <l46_1>
10003bb4:	3301      	adds	r3, #1

10003bb6 <l46_1>:
10003bb6:	f000 f805 	bl	10003bc4 <divmod_u64u64_unsafe>
10003bba:	43db      	mvns	r3, r3
10003bbc:	4252      	negs	r2, r2
10003bbe:	d100      	bne.n	10003bc2 <l47_1>
10003bc0:	3301      	adds	r3, #1

10003bc2 <l47_1>:
10003bc2:	bd00      	pop	{pc}

10003bc4 <divmod_u64u64_unsafe>:
10003bc4:	2900      	cmp	r1, #0
10003bc6:	d123      	bne.n	10003c10 <y64>
10003bc8:	2b00      	cmp	r3, #0
10003bca:	d118      	bne.n	10003bfe <udiv0+0x10>
10003bcc:	2a00      	cmp	r2, #0
10003bce:	d00c      	beq.n	10003bea <divmod_u64u64_unsafe+0x26>
10003bd0:	46bc      	mov	ip, r7
10003bd2:	4f0d      	ldr	r7, [pc, #52]	; (10003c08 <udiv0+0x1a>)
10003bd4:	6638      	str	r0, [r7, #96]	; 0x60
10003bd6:	667a      	str	r2, [r7, #100]	; 0x64
10003bd8:	2100      	movs	r1, #0
10003bda:	2300      	movs	r3, #0
10003bdc:	e7ff      	b.n	10003bde <divmod_u64u64_unsafe+0x1a>
10003bde:	e7ff      	b.n	10003be0 <divmod_u64u64_unsafe+0x1c>
10003be0:	e7ff      	b.n	10003be2 <divmod_u64u64_unsafe+0x1e>
10003be2:	6f7a      	ldr	r2, [r7, #116]	; 0x74
10003be4:	6f38      	ldr	r0, [r7, #112]	; 0x70
10003be6:	4667      	mov	r7, ip
10003be8:	4770      	bx	lr
10003bea:	2800      	cmp	r0, #0
10003bec:	d001      	beq.n	10003bf2 <udiv0+0x4>

10003bee <udiv0>:
10003bee:	4807      	ldr	r0, [pc, #28]	; (10003c0c <udiv0+0x1e>)
10003bf0:	0001      	movs	r1, r0
10003bf2:	b500      	push	{lr}
10003bf4:	f006 fcf0 	bl	1000a5d8 <____aeabi_ldiv0_veneer>
10003bf8:	2200      	movs	r2, #0
10003bfa:	2300      	movs	r3, #0
10003bfc:	bd00      	pop	{pc}
10003bfe:	0002      	movs	r2, r0
10003c00:	000b      	movs	r3, r1
10003c02:	2000      	movs	r0, #0
10003c04:	2100      	movs	r1, #0
10003c06:	4770      	bx	lr
10003c08:	d0000000 	.word	0xd0000000
10003c0c:	ffffffff 	.word	0xffffffff

10003c10 <y64>:
10003c10:	2b00      	cmp	r3, #0
10003c12:	d000      	beq.n	10003c16 <y64+0x6>
10003c14:	e0bf      	b.n	10003d96 <y64_x48>
10003c16:	0c13      	lsrs	r3, r2, #16
10003c18:	d128      	bne.n	10003c6c <y64_x32>
10003c1a:	2a00      	cmp	r2, #0
10003c1c:	d0e7      	beq.n	10003bee <udiv0>
10003c1e:	b480      	push	{r7}
10003c20:	4f11      	ldr	r7, [pc, #68]	; (10003c68 <y64+0x58>)
10003c22:	6639      	str	r1, [r7, #96]	; 0x60
10003c24:	667a      	str	r2, [r7, #100]	; 0x64
10003c26:	e7ff      	b.n	10003c28 <y64+0x18>
10003c28:	e7ff      	b.n	10003c2a <y64+0x1a>
10003c2a:	b430      	push	{r4, r5}
10003c2c:	0c04      	lsrs	r4, r0, #16
10003c2e:	6f7b      	ldr	r3, [r7, #116]	; 0x74
10003c30:	6f39      	ldr	r1, [r7, #112]	; 0x70
10003c32:	041b      	lsls	r3, r3, #16
10003c34:	4323      	orrs	r3, r4
10003c36:	663b      	str	r3, [r7, #96]	; 0x60
10003c38:	667a      	str	r2, [r7, #100]	; 0x64
10003c3a:	e7ff      	b.n	10003c3c <y64+0x2c>
10003c3c:	e7ff      	b.n	10003c3e <y64+0x2e>
10003c3e:	e7ff      	b.n	10003c40 <y64+0x30>
10003c40:	46c0      	nop			; (mov r8, r8)
10003c42:	b284      	uxth	r4, r0
10003c44:	6f7b      	ldr	r3, [r7, #116]	; 0x74
10003c46:	6f3d      	ldr	r5, [r7, #112]	; 0x70
10003c48:	041b      	lsls	r3, r3, #16
10003c4a:	4323      	orrs	r3, r4
10003c4c:	663b      	str	r3, [r7, #96]	; 0x60
10003c4e:	667a      	str	r2, [r7, #100]	; 0x64
10003c50:	e7ff      	b.n	10003c52 <y64+0x42>
10003c52:	e7ff      	b.n	10003c54 <y64+0x44>
10003c54:	46c0      	nop			; (mov r8, r8)
10003c56:	2300      	movs	r3, #0
10003c58:	042c      	lsls	r4, r5, #16
10003c5a:	0c2d      	lsrs	r5, r5, #16
10003c5c:	6f7a      	ldr	r2, [r7, #116]	; 0x74
10003c5e:	6f38      	ldr	r0, [r7, #112]	; 0x70
10003c60:	1900      	adds	r0, r0, r4
10003c62:	4169      	adcs	r1, r5
10003c64:	bcb0      	pop	{r4, r5, r7}
10003c66:	4770      	bx	lr
10003c68:	d0000000 	.word	0xd0000000

10003c6c <y64_x32>:
10003c6c:	b5f0      	push	{r4, r5, r6, r7, lr}
10003c6e:	4694      	mov	ip, r2
10003c70:	2500      	movs	r5, #0
10003c72:	0e14      	lsrs	r4, r2, #24
10003c74:	d101      	bne.n	10003c7a <y64_x32+0xe>
10003c76:	0212      	lsls	r2, r2, #8
10003c78:	3508      	adds	r5, #8
10003c7a:	0f14      	lsrs	r4, r2, #28
10003c7c:	d101      	bne.n	10003c82 <y64_x32+0x16>
10003c7e:	0112      	lsls	r2, r2, #4
10003c80:	3504      	adds	r5, #4
10003c82:	0f94      	lsrs	r4, r2, #30
10003c84:	d101      	bne.n	10003c8a <y64_x32+0x1e>
10003c86:	0092      	lsls	r2, r2, #2
10003c88:	3502      	adds	r5, #2
10003c8a:	0fd4      	lsrs	r4, r2, #31
10003c8c:	d101      	bne.n	10003c92 <y64_x32+0x26>
10003c8e:	0052      	lsls	r2, r2, #1
10003c90:	3501      	adds	r5, #1
10003c92:	0bd4      	lsrs	r4, r2, #15
10003c94:	3401      	adds	r4, #1
10003c96:	4f25      	ldr	r7, [pc, #148]	; (10003d2c <y64_x32+0xc0>)
10003c98:	667c      	str	r4, [r7, #100]	; 0x64
10003c9a:	4c25      	ldr	r4, [pc, #148]	; (10003d30 <y64_x32+0xc4>)
10003c9c:	663c      	str	r4, [r7, #96]	; 0x60
10003c9e:	0c0e      	lsrs	r6, r1, #16
10003ca0:	b293      	uxth	r3, r2
10003ca2:	e7ff      	b.n	10003ca4 <y64_x32+0x38>
10003ca4:	e7ff      	b.n	10003ca6 <y64_x32+0x3a>
10003ca6:	e7ff      	b.n	10003ca8 <y64_x32+0x3c>
10003ca8:	6f3c      	ldr	r4, [r7, #112]	; 0x70
10003caa:	4366      	muls	r6, r4
10003cac:	0c36      	lsrs	r6, r6, #16
10003cae:	0377      	lsls	r7, r6, #13
10003cb0:	46be      	mov	lr, r7
10003cb2:	4373      	muls	r3, r6
10003cb4:	0bdf      	lsrs	r7, r3, #15
10003cb6:	045b      	lsls	r3, r3, #17
10003cb8:	1ac0      	subs	r0, r0, r3
10003cba:	41b9      	sbcs	r1, r7
10003cbc:	0c13      	lsrs	r3, r2, #16
10003cbe:	4373      	muls	r3, r6
10003cc0:	18db      	adds	r3, r3, r3
10003cc2:	1ac9      	subs	r1, r1, r3
10003cc4:	08ce      	lsrs	r6, r1, #3
10003cc6:	4366      	muls	r6, r4
10003cc8:	0c36      	lsrs	r6, r6, #16
10003cca:	44b6      	add	lr, r6
10003ccc:	b293      	uxth	r3, r2
10003cce:	4373      	muls	r3, r6
10003cd0:	0f1f      	lsrs	r7, r3, #28
10003cd2:	011b      	lsls	r3, r3, #4
10003cd4:	1ac0      	subs	r0, r0, r3
10003cd6:	41b9      	sbcs	r1, r7
10003cd8:	0c13      	lsrs	r3, r2, #16
10003cda:	4373      	muls	r3, r6
10003cdc:	0b1f      	lsrs	r7, r3, #12
10003cde:	051b      	lsls	r3, r3, #20
10003ce0:	1ac0      	subs	r0, r0, r3
10003ce2:	41b9      	sbcs	r1, r7
10003ce4:	0d86      	lsrs	r6, r0, #22
10003ce6:	028f      	lsls	r7, r1, #10
10003ce8:	433e      	orrs	r6, r7
10003cea:	4366      	muls	r6, r4
10003cec:	0c36      	lsrs	r6, r6, #16
10003cee:	2d09      	cmp	r5, #9
10003cf0:	db24      	blt.n	10003d3c <last0>
10003cf2:	0a52      	lsrs	r2, r2, #9
10003cf4:	4372      	muls	r2, r6
10003cf6:	1a80      	subs	r0, r0, r2
10003cf8:	0377      	lsls	r7, r6, #13
10003cfa:	0a46      	lsrs	r6, r0, #9
10003cfc:	4366      	muls	r6, r4
10003cfe:	0c36      	lsrs	r6, r6, #16
10003d00:	2316      	movs	r3, #22
10003d02:	1b5b      	subs	r3, r3, r5
10003d04:	40de      	lsrs	r6, r3
10003d06:	40df      	lsrs	r7, r3
10003d08:	19bf      	adds	r7, r7, r6
10003d0a:	4664      	mov	r4, ip
10003d0c:	4366      	muls	r6, r4
10003d0e:	1b82      	subs	r2, r0, r6
10003d10:	4670      	mov	r0, lr
10003d12:	3504      	adds	r5, #4
10003d14:	3306      	adds	r3, #6
10003d16:	0001      	movs	r1, r0
10003d18:	40d9      	lsrs	r1, r3
10003d1a:	40a8      	lsls	r0, r5
10003d1c:	19c0      	adds	r0, r0, r7
10003d1e:	d300      	bcc.n	10003d22 <y64_x32+0xb6>
10003d20:	3101      	adds	r1, #1
10003d22:	42a2      	cmp	r2, r4
10003d24:	d206      	bcs.n	10003d34 <y64_x32+0xc8>
10003d26:	2300      	movs	r3, #0
10003d28:	bdf0      	pop	{r4, r5, r6, r7, pc}
10003d2a:	0000      	.short	0x0000
10003d2c:	d0000000 	.word	0xd0000000
10003d30:	ffffffff 	.word	0xffffffff
10003d34:	1b12      	subs	r2, r2, r4
10003d36:	3001      	adds	r0, #1
10003d38:	d3f3      	bcc.n	10003d22 <y64_x32+0xb6>
10003d3a:	e7f1      	b.n	10003d20 <y64_x32+0xb4>

10003d3c <last0>:
10003d3c:	2709      	movs	r7, #9
10003d3e:	1b7f      	subs	r7, r7, r5
10003d40:	40fe      	lsrs	r6, r7
10003d42:	4664      	mov	r4, ip
10003d44:	b2a2      	uxth	r2, r4
10003d46:	4372      	muls	r2, r6
10003d48:	1a80      	subs	r0, r0, r2
10003d4a:	d200      	bcs.n	10003d4e <last0+0x12>
10003d4c:	3901      	subs	r1, #1
10003d4e:	0c22      	lsrs	r2, r4, #16
10003d50:	4372      	muls	r2, r6
10003d52:	0c13      	lsrs	r3, r2, #16
10003d54:	0412      	lsls	r2, r2, #16
10003d56:	1a82      	subs	r2, r0, r2
10003d58:	4199      	sbcs	r1, r3
10003d5a:	000b      	movs	r3, r1
10003d5c:	4670      	mov	r0, lr
10003d5e:	3504      	adds	r5, #4
10003d60:	3713      	adds	r7, #19
10003d62:	0001      	movs	r1, r0
10003d64:	40f9      	lsrs	r1, r7
10003d66:	40a8      	lsls	r0, r5
10003d68:	1980      	adds	r0, r0, r6
10003d6a:	d300      	bcc.n	10003d6e <last0+0x32>
10003d6c:	3101      	adds	r1, #1
10003d6e:	2b00      	cmp	r3, #0
10003d70:	d102      	bne.n	10003d78 <last0+0x3c>
10003d72:	42a2      	cmp	r2, r4
10003d74:	d20a      	bcs.n	10003d8c <last0+0x50>
10003d76:	bdf0      	pop	{r4, r5, r6, r7, pc}
10003d78:	3001      	adds	r0, #1
10003d7a:	d300      	bcc.n	10003d7e <last0+0x42>
10003d7c:	3101      	adds	r1, #1
10003d7e:	1b12      	subs	r2, r2, r4
10003d80:	d2fa      	bcs.n	10003d78 <last0+0x3c>
10003d82:	3b01      	subs	r3, #1
10003d84:	d1f8      	bne.n	10003d78 <last0+0x3c>
10003d86:	42a2      	cmp	r2, r4
10003d88:	d200      	bcs.n	10003d8c <last0+0x50>
10003d8a:	bdf0      	pop	{r4, r5, r6, r7, pc}
10003d8c:	3001      	adds	r0, #1
10003d8e:	d300      	bcc.n	10003d92 <last0+0x56>
10003d90:	3101      	adds	r1, #1
10003d92:	1b12      	subs	r2, r2, r4
10003d94:	e7f7      	b.n	10003d86 <last0+0x4a>

10003d96 <y64_x48>:
10003d96:	b5f0      	push	{r4, r5, r6, r7, lr}
10003d98:	0c1c      	lsrs	r4, r3, #16
10003d9a:	d000      	beq.n	10003d9e <y64_x48+0x8>
10003d9c:	e080      	b.n	10003ea0 <y64_x64>
10003d9e:	b40c      	push	{r2, r3}
10003da0:	2500      	movs	r5, #0
10003da2:	0a1c      	lsrs	r4, r3, #8
10003da4:	d104      	bne.n	10003db0 <y64_x48+0x1a>
10003da6:	021b      	lsls	r3, r3, #8
10003da8:	0e16      	lsrs	r6, r2, #24
10003daa:	4333      	orrs	r3, r6
10003dac:	0212      	lsls	r2, r2, #8
10003dae:	3508      	adds	r5, #8
10003db0:	0b1c      	lsrs	r4, r3, #12
10003db2:	d104      	bne.n	10003dbe <y64_x48+0x28>
10003db4:	011b      	lsls	r3, r3, #4
10003db6:	0f16      	lsrs	r6, r2, #28
10003db8:	4333      	orrs	r3, r6
10003dba:	0112      	lsls	r2, r2, #4
10003dbc:	3504      	adds	r5, #4
10003dbe:	0b9c      	lsrs	r4, r3, #14
10003dc0:	d104      	bne.n	10003dcc <y64_x48+0x36>
10003dc2:	009b      	lsls	r3, r3, #2
10003dc4:	0f96      	lsrs	r6, r2, #30
10003dc6:	4333      	orrs	r3, r6
10003dc8:	0092      	lsls	r2, r2, #2
10003dca:	3502      	adds	r5, #2
10003dcc:	0bdc      	lsrs	r4, r3, #15
10003dce:	d102      	bne.n	10003dd6 <y64_x48+0x40>
10003dd0:	1892      	adds	r2, r2, r2
10003dd2:	415b      	adcs	r3, r3
10003dd4:	3501      	adds	r5, #1
10003dd6:	001c      	movs	r4, r3
10003dd8:	1897      	adds	r7, r2, r2
10003dda:	4164      	adcs	r4, r4
10003ddc:	3401      	adds	r4, #1
10003dde:	4f46      	ldr	r7, [pc, #280]	; (10003ef8 <y64_x64+0x58>)
10003de0:	667c      	str	r4, [r7, #100]	; 0x64
10003de2:	4c46      	ldr	r4, [pc, #280]	; (10003efc <y64_x64+0x5c>)
10003de4:	663c      	str	r4, [r7, #96]	; 0x60
10003de6:	0c0e      	lsrs	r6, r1, #16
10003de8:	e7ff      	b.n	10003dea <y64_x48+0x54>
10003dea:	e7ff      	b.n	10003dec <y64_x48+0x56>
10003dec:	e7ff      	b.n	10003dee <y64_x48+0x58>
10003dee:	46c0      	nop			; (mov r8, r8)
10003df0:	6f3c      	ldr	r4, [r7, #112]	; 0x70
10003df2:	4366      	muls	r6, r4
10003df4:	0c36      	lsrs	r6, r6, #16
10003df6:	0377      	lsls	r7, r6, #13
10003df8:	46be      	mov	lr, r7
10003dfa:	b297      	uxth	r7, r2
10003dfc:	4377      	muls	r7, r6
10003dfe:	1bc0      	subs	r0, r0, r7
10003e00:	d200      	bcs.n	10003e04 <y64_x48+0x6e>
10003e02:	3901      	subs	r1, #1
10003e04:	1bc0      	subs	r0, r0, r7
10003e06:	d200      	bcs.n	10003e0a <y64_x48+0x74>
10003e08:	3901      	subs	r1, #1
10003e0a:	b29f      	uxth	r7, r3
10003e0c:	4377      	muls	r7, r6
10003e0e:	1bc9      	subs	r1, r1, r7
10003e10:	1bc9      	subs	r1, r1, r7
10003e12:	0c17      	lsrs	r7, r2, #16
10003e14:	4377      	muls	r7, r6
10003e16:	047e      	lsls	r6, r7, #17
10003e18:	0bff      	lsrs	r7, r7, #15
10003e1a:	1b80      	subs	r0, r0, r6
10003e1c:	41b9      	sbcs	r1, r7
10003e1e:	08ce      	lsrs	r6, r1, #3
10003e20:	4366      	muls	r6, r4
10003e22:	0c36      	lsrs	r6, r6, #16
10003e24:	2d0c      	cmp	r5, #12
10003e26:	db33      	blt.n	10003e90 <last1>
10003e28:	44b6      	add	lr, r6
10003e2a:	0b12      	lsrs	r2, r2, #12
10003e2c:	051f      	lsls	r7, r3, #20
10003e2e:	433a      	orrs	r2, r7
10003e30:	0b1b      	lsrs	r3, r3, #12
10003e32:	b297      	uxth	r7, r2
10003e34:	4377      	muls	r7, r6
10003e36:	1bc0      	subs	r0, r0, r7
10003e38:	d200      	bcs.n	10003e3c <y64_x48+0xa6>
10003e3a:	3901      	subs	r1, #1
10003e3c:	b29f      	uxth	r7, r3
10003e3e:	4377      	muls	r7, r6
10003e40:	1bc9      	subs	r1, r1, r7
10003e42:	0c17      	lsrs	r7, r2, #16
10003e44:	4377      	muls	r7, r6
10003e46:	043e      	lsls	r6, r7, #16
10003e48:	0c3f      	lsrs	r7, r7, #16
10003e4a:	1b80      	subs	r0, r0, r6
10003e4c:	41b9      	sbcs	r1, r7
10003e4e:	0d86      	lsrs	r6, r0, #22
10003e50:	028f      	lsls	r7, r1, #10
10003e52:	433e      	orrs	r6, r7
10003e54:	4366      	muls	r6, r4
10003e56:	2729      	movs	r7, #41	; 0x29
10003e58:	1b7f      	subs	r7, r7, r5
10003e5a:	40fe      	lsrs	r6, r7
10003e5c:	3d0c      	subs	r5, #12
10003e5e:	4677      	mov	r7, lr
10003e60:	40af      	lsls	r7, r5
10003e62:	19bf      	adds	r7, r7, r6
10003e64:	bc30      	pop	{r4, r5}
10003e66:	b2a2      	uxth	r2, r4
10003e68:	b2ab      	uxth	r3, r5
10003e6a:	4372      	muls	r2, r6
10003e6c:	4373      	muls	r3, r6
10003e6e:	1a80      	subs	r0, r0, r2
10003e70:	4199      	sbcs	r1, r3
10003e72:	0c22      	lsrs	r2, r4, #16
10003e74:	4372      	muls	r2, r6
10003e76:	0c13      	lsrs	r3, r2, #16
10003e78:	0412      	lsls	r2, r2, #16
10003e7a:	1a80      	subs	r0, r0, r2
10003e7c:	4199      	sbcs	r1, r3
10003e7e:	0002      	movs	r2, r0
10003e80:	000b      	movs	r3, r1
10003e82:	3701      	adds	r7, #1
10003e84:	1b00      	subs	r0, r0, r4
10003e86:	41a9      	sbcs	r1, r5
10003e88:	d2f9      	bcs.n	10003e7e <y64_x48+0xe8>
10003e8a:	1e78      	subs	r0, r7, #1
10003e8c:	2100      	movs	r1, #0
10003e8e:	bdf0      	pop	{r4, r5, r6, r7, pc}

10003e90 <last1>:
10003e90:	270c      	movs	r7, #12
10003e92:	1b7f      	subs	r7, r7, r5
10003e94:	40fe      	lsrs	r6, r7
10003e96:	4677      	mov	r7, lr
10003e98:	0b7f      	lsrs	r7, r7, #13
10003e9a:	40af      	lsls	r7, r5
10003e9c:	19ff      	adds	r7, r7, r7
10003e9e:	e7e0      	b.n	10003e62 <y64_x48+0xcc>

10003ea0 <y64_x64>:
10003ea0:	2400      	movs	r4, #0
10003ea2:	1c5d      	adds	r5, r3, #1
10003ea4:	d007      	beq.n	10003eb6 <y64_x64+0x16>
10003ea6:	4f14      	ldr	r7, [pc, #80]	; (10003ef8 <y64_x64+0x58>)
10003ea8:	667d      	str	r5, [r7, #100]	; 0x64
10003eaa:	6639      	str	r1, [r7, #96]	; 0x60
10003eac:	e7ff      	b.n	10003eae <y64_x64+0xe>
10003eae:	e7ff      	b.n	10003eb0 <y64_x64+0x10>
10003eb0:	e7ff      	b.n	10003eb2 <y64_x64+0x12>
10003eb2:	e7ff      	b.n	10003eb4 <y64_x64+0x14>
10003eb4:	6f3c      	ldr	r4, [r7, #112]	; 0x70
10003eb6:	b295      	uxth	r5, r2
10003eb8:	b29e      	uxth	r6, r3
10003eba:	4365      	muls	r5, r4
10003ebc:	4366      	muls	r6, r4
10003ebe:	1b40      	subs	r0, r0, r5
10003ec0:	41b1      	sbcs	r1, r6
10003ec2:	0c15      	lsrs	r5, r2, #16
10003ec4:	0c1e      	lsrs	r6, r3, #16
10003ec6:	4365      	muls	r5, r4
10003ec8:	4366      	muls	r6, r4
10003eca:	0436      	lsls	r6, r6, #16
10003ecc:	0c2f      	lsrs	r7, r5, #16
10003ece:	433e      	orrs	r6, r7
10003ed0:	042d      	lsls	r5, r5, #16
10003ed2:	1b40      	subs	r0, r0, r5
10003ed4:	41b1      	sbcs	r1, r6
10003ed6:	4299      	cmp	r1, r3
10003ed8:	d204      	bcs.n	10003ee4 <y64_x64+0x44>
10003eda:	0002      	movs	r2, r0
10003edc:	000b      	movs	r3, r1
10003ede:	0020      	movs	r0, r4
10003ee0:	2100      	movs	r1, #0
10003ee2:	bdf0      	pop	{r4, r5, r6, r7, pc}
10003ee4:	d101      	bne.n	10003eea <y64_x64+0x4a>
10003ee6:	4290      	cmp	r0, r2
10003ee8:	d3f7      	bcc.n	10003eda <y64_x64+0x3a>
10003eea:	1a80      	subs	r0, r0, r2
10003eec:	4199      	sbcs	r1, r3
10003eee:	3401      	adds	r4, #1
10003ef0:	4299      	cmp	r1, r3
10003ef2:	d3f2      	bcc.n	10003eda <y64_x64+0x3a>
10003ef4:	e7f6      	b.n	10003ee4 <y64_x64+0x44>
10003ef6:	0000      	.short	0x0000
10003ef8:	d0000000 	.word	0xd0000000
10003efc:	ffffffff 	.word	0xffffffff

10003f00 <__wrap___aeabi_drsub>:
10003f00:	4048      	eors	r0, r1
10003f02:	4041      	eors	r1, r0
10003f04:	4048      	eors	r0, r1

10003f06 <__wrap___aeabi_dsub>:
10003f06:	b418      	push	{r3, r4}
10003f08:	4b1b      	ldr	r3, [pc, #108]	; (10003f78 <__wrap___aeabi_dmul+0x12>)
10003f0a:	685b      	ldr	r3, [r3, #4]
10003f0c:	46fc      	mov	ip, pc
10003f0e:	9301      	str	r3, [sp, #4]
10003f10:	bd08      	pop	{r3, pc}
10003f12:	df04      	.short	0xdf04
10003f14:	10004463 	.word	0x10004463

10003f18 <__wrap___aeabi_dadd>:
10003f18:	b418      	push	{r3, r4}
10003f1a:	4b17      	ldr	r3, [pc, #92]	; (10003f78 <__wrap___aeabi_dmul+0x12>)
10003f1c:	681b      	ldr	r3, [r3, #0]
10003f1e:	46fc      	mov	ip, pc
10003f20:	9301      	str	r3, [sp, #4]
10003f22:	bd08      	pop	{r3, pc}
10003f24:	446ddf00 	.word	0x446ddf00
10003f28:	1000      	.short	0x1000

10003f2a <__wrap___aeabi_ddiv>:
10003f2a:	4694      	mov	ip, r2
10003f2c:	4a13      	ldr	r2, [pc, #76]	; (10003f7c <__wrap___aeabi_dmul+0x16>)
10003f2e:	6f92      	ldr	r2, [r2, #120]	; 0x78
10003f30:	0892      	lsrs	r2, r2, #2
10003f32:	d209      	bcs.n	10003f48 <ddiv_save_state>
10003f34:	4662      	mov	r2, ip

10003f36 <ddiv_shim_call>:
10003f36:	b418      	push	{r3, r4}
10003f38:	4b0f      	ldr	r3, [pc, #60]	; (10003f78 <__wrap___aeabi_dmul+0x12>)
10003f3a:	68db      	ldr	r3, [r3, #12]
10003f3c:	46fc      	mov	ip, pc
10003f3e:	9301      	str	r3, [sp, #4]
10003f40:	bd08      	pop	{r3, pc}
10003f42:	df0c      	.short	0xdf0c
10003f44:	10004725 	.word	0x10004725

10003f48 <ddiv_save_state>:
10003f48:	4a0c      	ldr	r2, [pc, #48]	; (10003f7c <__wrap___aeabi_dmul+0x16>)
10003f4a:	b5f0      	push	{r4, r5, r6, r7, lr}
10003f4c:	6e14      	ldr	r4, [r2, #96]	; 0x60
10003f4e:	6e55      	ldr	r5, [r2, #100]	; 0x64
10003f50:	6f57      	ldr	r7, [r2, #116]	; 0x74
10003f52:	6f16      	ldr	r6, [r2, #112]	; 0x70
10003f54:	4662      	mov	r2, ip
10003f56:	f7ff ffee 	bl	10003f36 <ddiv_shim_call>
10003f5a:	4a08      	ldr	r2, [pc, #32]	; (10003f7c <__wrap___aeabi_dmul+0x16>)
10003f5c:	6614      	str	r4, [r2, #96]	; 0x60
10003f5e:	6655      	str	r5, [r2, #100]	; 0x64
10003f60:	6757      	str	r7, [r2, #116]	; 0x74
10003f62:	6716      	str	r6, [r2, #112]	; 0x70
10003f64:	bdf0      	pop	{r4, r5, r6, r7, pc}

10003f66 <__wrap___aeabi_dmul>:
10003f66:	b418      	push	{r3, r4}
10003f68:	4b03      	ldr	r3, [pc, #12]	; (10003f78 <__wrap___aeabi_dmul+0x12>)
10003f6a:	689b      	ldr	r3, [r3, #8]
10003f6c:	46fc      	mov	ip, pc
10003f6e:	9301      	str	r3, [sp, #4]
10003f70:	bd08      	pop	{r3, pc}
10003f72:	df08      	.short	0xdf08
10003f74:	100045c9 	.word	0x100045c9
10003f78:	20002250 	.word	0x20002250
10003f7c:	d0000000 	.word	0xd0000000

10003f80 <__wrap___aeabi_cdrcmple>:
10003f80:	b5ff      	push	{r0, r1, r2, r3, r4, r5, r6, r7, lr}
10003f82:	4050      	eors	r0, r2
10003f84:	4042      	eors	r2, r0
10003f86:	4050      	eors	r0, r2
10003f88:	4059      	eors	r1, r3
10003f8a:	404b      	eors	r3, r1
10003f8c:	4059      	eors	r1, r3
10003f8e:	e000      	b.n	10003f92 <__aeabi_dfcmple_guts>

10003f90 <__wrap___aeabi_cdcmpeq>:
10003f90:	b5ff      	push	{r0, r1, r2, r3, r4, r5, r6, r7, lr}

10003f92 <__aeabi_dfcmple_guts>:
10003f92:	4f15      	ldr	r7, [pc, #84]	; (10003fe8 <__aeabi_dfcmple_guts+0x56>)
10003f94:	004c      	lsls	r4, r1, #1
10003f96:	0d64      	lsrs	r4, r4, #21
10003f98:	d003      	beq.n	10003fa2 <__aeabi_dfcmple_guts+0x10>
10003f9a:	42bc      	cmp	r4, r7
10003f9c:	d104      	bne.n	10003fa8 <__aeabi_dfcmple_guts+0x16>
10003f9e:	030c      	lsls	r4, r1, #12
10003fa0:	d814      	bhi.n	10003fcc <__aeabi_dfcmple_guts+0x3a>
10003fa2:	2000      	movs	r0, #0
10003fa4:	0d09      	lsrs	r1, r1, #20
10003fa6:	0509      	lsls	r1, r1, #20
10003fa8:	005c      	lsls	r4, r3, #1
10003faa:	0d64      	lsrs	r4, r4, #21
10003fac:	d003      	beq.n	10003fb6 <__aeabi_dfcmple_guts+0x24>
10003fae:	42bc      	cmp	r4, r7
10003fb0:	d104      	bne.n	10003fbc <__aeabi_dfcmple_guts+0x2a>
10003fb2:	031c      	lsls	r4, r3, #12
10003fb4:	d80a      	bhi.n	10003fcc <__aeabi_dfcmple_guts+0x3a>
10003fb6:	2200      	movs	r2, #0
10003fb8:	0d1b      	lsrs	r3, r3, #20
10003fba:	051b      	lsls	r3, r3, #20
10003fbc:	2601      	movs	r6, #1
10003fbe:	404b      	eors	r3, r1
10003fc0:	d409      	bmi.n	10003fd6 <__aeabi_dfcmple_guts+0x44>
10003fc2:	404b      	eors	r3, r1
10003fc4:	d503      	bpl.n	10003fce <__aeabi_dfcmple_guts+0x3c>
10003fc6:	428b      	cmp	r3, r1
10003fc8:	d100      	bne.n	10003fcc <__aeabi_dfcmple_guts+0x3a>
10003fca:	4282      	cmp	r2, r0
10003fcc:	bdff      	pop	{r0, r1, r2, r3, r4, r5, r6, r7, pc}
10003fce:	4299      	cmp	r1, r3
10003fd0:	d1fc      	bne.n	10003fcc <__aeabi_dfcmple_guts+0x3a>
10003fd2:	4290      	cmp	r0, r2
10003fd4:	bdff      	pop	{r0, r1, r2, r3, r4, r5, r6, r7, pc}
10003fd6:	430b      	orrs	r3, r1
10003fd8:	18db      	adds	r3, r3, r3
10003fda:	4303      	orrs	r3, r0
10003fdc:	4313      	orrs	r3, r2
10003fde:	d0f5      	beq.n	10003fcc <__aeabi_dfcmple_guts+0x3a>
10003fe0:	43c9      	mvns	r1, r1
10003fe2:	1849      	adds	r1, r1, r1
10003fe4:	bdff      	pop	{r0, r1, r2, r3, r4, r5, r6, r7, pc}
10003fe6:	0000      	.short	0x0000
10003fe8:	000007ff 	.word	0x000007ff

10003fec <__wrap___aeabi_dcmpeq>:
10003fec:	b500      	push	{lr}
10003fee:	f7ff ffcf 	bl	10003f90 <__wrap___aeabi_cdcmpeq>
10003ff2:	d001      	beq.n	10003ff8 <__wrap___aeabi_dcmpeq+0xc>
10003ff4:	2000      	movs	r0, #0
10003ff6:	bd00      	pop	{pc}
10003ff8:	2001      	movs	r0, #1
10003ffa:	bd00      	pop	{pc}

10003ffc <__wrap___aeabi_dcmplt>:
10003ffc:	b500      	push	{lr}
10003ffe:	f7ff ffc7 	bl	10003f90 <__wrap___aeabi_cdcmpeq>
10004002:	4180      	sbcs	r0, r0
10004004:	bd00      	pop	{pc}
10004006:	46c0      	nop			; (mov r8, r8)

10004008 <__wrap___aeabi_dcmple>:
10004008:	b500      	push	{lr}
1000400a:	f7ff ffc1 	bl	10003f90 <__wrap___aeabi_cdcmpeq>
1000400e:	d901      	bls.n	10004014 <__wrap___aeabi_dcmple+0xc>
10004010:	2000      	movs	r0, #0
10004012:	bd00      	pop	{pc}
10004014:	2001      	movs	r0, #1
10004016:	bd00      	pop	{pc}

10004018 <__wrap___aeabi_dcmpge>:
10004018:	b500      	push	{lr}
1000401a:	f7ff ffb1 	bl	10003f80 <__wrap___aeabi_cdrcmple>
1000401e:	d901      	bls.n	10004024 <__wrap___aeabi_dcmpge+0xc>
10004020:	2000      	movs	r0, #0
10004022:	bd00      	pop	{pc}
10004024:	2001      	movs	r0, #1
10004026:	bd00      	pop	{pc}

10004028 <__wrap___aeabi_dcmpgt>:
10004028:	b500      	push	{lr}
1000402a:	f7ff ffa9 	bl	10003f80 <__wrap___aeabi_cdrcmple>
1000402e:	4180      	sbcs	r0, r0
10004030:	bd00      	pop	{pc}

10004032 <__wrap___aeabi_dcmpun>:
10004032:	2001      	movs	r0, #1
10004034:	0540      	lsls	r0, r0, #21
10004036:	004a      	lsls	r2, r1, #1
10004038:	1812      	adds	r2, r2, r0
1000403a:	d804      	bhi.n	10004046 <__wrap___aeabi_dcmpun+0x14>
1000403c:	005a      	lsls	r2, r3, #1
1000403e:	1812      	adds	r2, r2, r0
10004040:	d801      	bhi.n	10004046 <__wrap___aeabi_dcmpun+0x14>
10004042:	2000      	movs	r0, #0
10004044:	4770      	bx	lr
10004046:	2001      	movs	r0, #1
10004048:	4770      	bx	lr
1000404a:	2000      	movs	r0, #0
1000404c:	4770      	bx	lr
	...

10004050 <__wrap___aeabi_ui2d>:
10004050:	2100      	movs	r1, #0
10004052:	2800      	cmp	r0, #0
10004054:	d105      	bne.n	10004062 <__wrap___aeabi_i2d+0xa>
10004056:	4770      	bx	lr

10004058 <__wrap___aeabi_i2d>:
10004058:	17c1      	asrs	r1, r0, #31
1000405a:	4048      	eors	r0, r1
1000405c:	1a40      	subs	r0, r0, r1
1000405e:	d0fa      	beq.n	10004056 <__wrap___aeabi_ui2d+0x6>
10004060:	07c9      	lsls	r1, r1, #31
10004062:	b513      	push	{r0, r1, r4, lr}
10004064:	4b06      	ldr	r3, [pc, #24]	; (10004080 <__wrap___aeabi_i2d+0x28>)
10004066:	681b      	ldr	r3, [r3, #0]
10004068:	4798      	blx	r3
1000406a:	bc0c      	pop	{r2, r3}
1000406c:	1c44      	adds	r4, r0, #1
1000406e:	40a2      	lsls	r2, r4
10004070:	0510      	lsls	r0, r2, #20
10004072:	0b12      	lsrs	r2, r2, #12
10004074:	4903      	ldr	r1, [pc, #12]	; (10004084 <__wrap___aeabi_i2d+0x2c>)
10004076:	1b09      	subs	r1, r1, r4
10004078:	0509      	lsls	r1, r1, #20
1000407a:	4319      	orrs	r1, r3
1000407c:	4311      	orrs	r1, r2
1000407e:	bd10      	pop	{r4, pc}
10004080:	20002350 	.word	0x20002350
10004084:	0000041f 	.word	0x0000041f

10004088 <__wrap___aeabi_d2iz>:
10004088:	b510      	push	{r4, lr}
1000408a:	004c      	lsls	r4, r1, #1
1000408c:	0d62      	lsrs	r2, r4, #21
1000408e:	2380      	movs	r3, #128	; 0x80
10004090:	18d2      	adds	r2, r2, r3
10004092:	00db      	lsls	r3, r3, #3
10004094:	1ad2      	subs	r2, r2, r3
10004096:	055b      	lsls	r3, r3, #21
10004098:	2a7e      	cmp	r2, #126	; 0x7e
1000409a:	dd10      	ble.n	100040be <__wrap___aeabi_d2iz+0x36>
1000409c:	3a9e      	subs	r2, #158	; 0x9e
1000409e:	da13      	bge.n	100040c8 <__wrap___aeabi_d2iz+0x40>
100040a0:	17cc      	asrs	r4, r1, #31
100040a2:	0309      	lsls	r1, r1, #12
100040a4:	0849      	lsrs	r1, r1, #1
100040a6:	4319      	orrs	r1, r3
100040a8:	4252      	negs	r2, r2
100040aa:	40d1      	lsrs	r1, r2
100040ac:	0064      	lsls	r4, r4, #1
100040ae:	3401      	adds	r4, #1
100040b0:	3215      	adds	r2, #21
100040b2:	2a20      	cmp	r2, #32
100040b4:	da05      	bge.n	100040c2 <__wrap___aeabi_d2iz+0x3a>
100040b6:	40d0      	lsrs	r0, r2
100040b8:	4308      	orrs	r0, r1
100040ba:	4360      	muls	r0, r4
100040bc:	bd10      	pop	{r4, pc}
100040be:	2000      	movs	r0, #0
100040c0:	bd10      	pop	{r4, pc}
100040c2:	4608      	mov	r0, r1
100040c4:	4360      	muls	r0, r4
100040c6:	bd10      	pop	{r4, pc}
100040c8:	0fc8      	lsrs	r0, r1, #31
100040ca:	18c0      	adds	r0, r0, r3
100040cc:	3801      	subs	r0, #1
100040ce:	bd10      	pop	{r4, pc}

100040d0 <__wrap___aeabi_d2uiz>:
100040d0:	b418      	push	{r3, r4}
100040d2:	4b04      	ldr	r3, [pc, #16]	; (100040e4 <__wrap___aeabi_d2uiz+0x14>)
100040d4:	6a5b      	ldr	r3, [r3, #36]	; 0x24
100040d6:	46fc      	mov	ip, pc
100040d8:	9301      	str	r3, [sp, #4]
100040da:	bd08      	pop	{r3, pc}
100040dc:	48d5df24 	.word	0x48d5df24
100040e0:	00001000 	.word	0x00001000
100040e4:	20002250 	.word	0x20002250

100040e8 <fix642double>:
100040e8:	b418      	push	{r3, r4}
100040ea:	4b04      	ldr	r3, [pc, #16]	; (100040fc <fix642double+0x14>)
100040ec:	6e1b      	ldr	r3, [r3, #96]	; 0x60
100040ee:	46fc      	mov	ip, pc
100040f0:	9301      	str	r3, [sp, #4]
100040f2:	bd08      	pop	{r3, pc}
100040f4:	49e3df60 	.word	0x49e3df60
100040f8:	00001000 	.word	0x00001000
100040fc:	20002250 	.word	0x20002250

10004100 <__wrap___aeabi_l2d>:
10004100:	b418      	push	{r3, r4}
10004102:	4b04      	ldr	r3, [pc, #16]	; (10004114 <__wrap___aeabi_l2d+0x14>)
10004104:	6ddb      	ldr	r3, [r3, #92]	; 0x5c
10004106:	46fc      	mov	ip, pc
10004108:	9301      	str	r3, [sp, #4]
1000410a:	bd08      	pop	{r3, pc}
1000410c:	49e1df5c 	.word	0x49e1df5c
10004110:	00001000 	.word	0x00001000
10004114:	20002250 	.word	0x20002250

10004118 <__wrap___aeabi_d2lz>:
10004118:	42c9      	cmn	r1, r1
1000411a:	d311      	bcc.n	10004140 <double2int64>
1000411c:	b500      	push	{lr}
1000411e:	0049      	lsls	r1, r1, #1
10004120:	0849      	lsrs	r1, r1, #1
10004122:	2200      	movs	r2, #0
10004124:	f000 f818 	bl	10004158 <double2ufix64>
10004128:	2900      	cmp	r1, #0
1000412a:	d404      	bmi.n	10004136 <__wrap___aeabi_d2lz+0x1e>
1000412c:	2200      	movs	r2, #0
1000412e:	4240      	negs	r0, r0
10004130:	418a      	sbcs	r2, r1
10004132:	4611      	mov	r1, r2
10004134:	bd00      	pop	{pc}
10004136:	2180      	movs	r1, #128	; 0x80
10004138:	0609      	lsls	r1, r1, #24
1000413a:	2000      	movs	r0, #0
1000413c:	bd00      	pop	{pc}
	...

10004140 <double2int64>:
10004140:	b418      	push	{r3, r4}
10004142:	4b04      	ldr	r3, [pc, #16]	; (10004154 <double2int64+0x14>)
10004144:	6edb      	ldr	r3, [r3, #108]	; 0x6c
10004146:	46fc      	mov	ip, pc
10004148:	9301      	str	r3, [sp, #4]
1000414a:	bd08      	pop	{r3, pc}
1000414c:	48e3df6c 	.word	0x48e3df6c
10004150:	00001000 	.word	0x00001000
10004154:	20002250 	.word	0x20002250

10004158 <double2ufix64>:
10004158:	b418      	push	{r3, r4}
1000415a:	4b04      	ldr	r3, [pc, #16]	; (1000416c <double2ufix64+0x14>)
1000415c:	6f9b      	ldr	r3, [r3, #120]	; 0x78
1000415e:	46fc      	mov	ip, pc
10004160:	9301      	str	r3, [sp, #4]
10004162:	bd08      	pop	{r3, pc}
10004164:	48ffdf78 	.word	0x48ffdf78
10004168:	00001000 	.word	0x00001000
1000416c:	20002250 	.word	0x20002250

10004170 <__wrap___aeabi_d2f>:
10004170:	b418      	push	{r3, r4}
10004172:	4b04      	ldr	r3, [pc, #16]	; (10004184 <__wrap___aeabi_d2f+0x14>)
10004174:	6fdb      	ldr	r3, [r3, #124]	; 0x7c
10004176:	46fc      	mov	ip, pc
10004178:	9301      	str	r3, [sp, #4]
1000417a:	bd08      	pop	{r3, pc}
1000417c:	496ddf7c 	.word	0x496ddf7c
10004180:	00001000 	.word	0x00001000
10004184:	20002250 	.word	0x20002250

10004188 <__aeabi_double_init>:
10004188:	b570      	push	{r4, r5, r6, lr}
1000418a:	2313      	movs	r3, #19
1000418c:	781c      	ldrb	r4, [r3, #0]
1000418e:	2c01      	cmp	r4, #1
10004190:	d014      	beq.n	100041bc <__aeabi_double_init+0x34>
10004192:	2c01      	cmp	r4, #1
10004194:	dc14      	bgt.n	100041c0 <__aeabi_double_init+0x38>
10004196:	2c02      	cmp	r4, #2
10004198:	dc02      	bgt.n	100041a0 <__aeabi_double_init+0x18>
1000419a:	4a1f      	ldr	r2, [pc, #124]	; (10004218 <__aeabi_double_init+0x90>)
1000419c:	4b1f      	ldr	r3, [pc, #124]	; (1000421c <__aeabi_double_init+0x94>)
1000419e:	649a      	str	r2, [r3, #72]	; 0x48
100041a0:	481f      	ldr	r0, [pc, #124]	; (10004220 <__aeabi_double_init+0x98>)
100041a2:	f7ff fc21 	bl	100039e8 <rom_func_lookup>
100041a6:	4b1f      	ldr	r3, [pc, #124]	; (10004224 <__aeabi_double_init+0x9c>)
100041a8:	6018      	str	r0, [r3, #0]
100041aa:	bd70      	pop	{r4, r5, r6, pc}
100041ac:	0099      	lsls	r1, r3, #2
100041ae:	481a      	ldr	r0, [pc, #104]	; (10004218 <__aeabi_double_init+0x90>)
100041b0:	4a1a      	ldr	r2, [pc, #104]	; (1000421c <__aeabi_double_init+0x94>)
100041b2:	5088      	str	r0, [r1, r2]
100041b4:	3301      	adds	r3, #1
100041b6:	2b1f      	cmp	r3, #31
100041b8:	d9f8      	bls.n	100041ac <__aeabi_double_init+0x24>
100041ba:	e7ea      	b.n	10004192 <__aeabi_double_init+0xa>
100041bc:	2300      	movs	r3, #0
100041be:	e7fa      	b.n	100041b6 <__aeabi_double_init+0x2e>
100041c0:	4819      	ldr	r0, [pc, #100]	; (10004228 <__aeabi_double_init+0xa0>)
100041c2:	f7ff fc19 	bl	100039f8 <rom_data_lookup>
100041c6:	0005      	movs	r5, r0
100041c8:	4818      	ldr	r0, [pc, #96]	; (1000422c <__aeabi_double_init+0xa4>)
100041ca:	f7ff fc15 	bl	100039f8 <rom_data_lookup>
100041ce:	3802      	subs	r0, #2
100041d0:	7803      	ldrb	r3, [r0, #0]
100041d2:	009b      	lsls	r3, r3, #2
100041d4:	2b7f      	cmp	r3, #127	; 0x7f
100041d6:	dd19      	ble.n	1000420c <__aeabi_double_init+0x84>
100041d8:	2280      	movs	r2, #128	; 0x80
100041da:	0029      	movs	r1, r5
100041dc:	480f      	ldr	r0, [pc, #60]	; (1000421c <__aeabi_double_init+0x94>)
100041de:	f000 fecf 	bl	10004f80 <__wrap___aeabi_memcpy>
100041e2:	2c02      	cmp	r4, #2
100041e4:	d1d7      	bne.n	10004196 <__aeabi_double_init+0xe>
100041e6:	4b12      	ldr	r3, [pc, #72]	; (10004230 <__aeabi_double_init+0xa8>)
100041e8:	881a      	ldrh	r2, [r3, #0]
100041ea:	23b5      	movs	r3, #181	; 0xb5
100041ec:	021b      	lsls	r3, r3, #8
100041ee:	429a      	cmp	r2, r3
100041f0:	d109      	bne.n	10004206 <__aeabi_double_init+0x7e>
100041f2:	4b10      	ldr	r3, [pc, #64]	; (10004234 <__aeabi_double_init+0xac>)
100041f4:	881a      	ldrh	r2, [r3, #0]
100041f6:	4b10      	ldr	r3, [pc, #64]	; (10004238 <__aeabi_double_init+0xb0>)
100041f8:	429a      	cmp	r2, r3
100041fa:	d104      	bne.n	10004206 <__aeabi_double_init+0x7e>
100041fc:	4b0f      	ldr	r3, [pc, #60]	; (1000423c <__aeabi_double_init+0xb4>)
100041fe:	881a      	ldrh	r2, [r3, #0]
10004200:	4b0f      	ldr	r3, [pc, #60]	; (10004240 <__aeabi_double_init+0xb8>)
10004202:	429a      	cmp	r2, r3
10004204:	d0c7      	beq.n	10004196 <__aeabi_double_init+0xe>
10004206:	2000      	movs	r0, #0
10004208:	f7fe fb2e 	bl	10002868 <panic>
1000420c:	4b0d      	ldr	r3, [pc, #52]	; (10004244 <__aeabi_double_init+0xbc>)
1000420e:	4a0e      	ldr	r2, [pc, #56]	; (10004248 <__aeabi_double_init+0xc0>)
10004210:	2132      	movs	r1, #50	; 0x32
10004212:	480e      	ldr	r0, [pc, #56]	; (1000424c <__aeabi_double_init+0xc4>)
10004214:	f7fe fa8e 	bl	10002734 <__assert_func>
10004218:	10004429 	.word	0x10004429
1000421c:	20002250 	.word	0x20002250
10004220:	0000334c 	.word	0x0000334c
10004224:	20002350 	.word	0x20002350
10004228:	00004453 	.word	0x00004453
1000422c:	00004653 	.word	0x00004653
10004230:	00003854 	.word	0x00003854
10004234:	000038d8 	.word	0x000038d8
10004238:	00004649 	.word	0x00004649
1000423c:	0000389c 	.word	0x0000389c
10004240:	00004659 	.word	0x00004659
10004244:	1000b5a8 	.word	0x1000b5a8
10004248:	1000b660 	.word	0x1000b660
1000424c:	1000b5fc 	.word	0x1000b5fc

10004250 <drem_0>:
10004250:	b5f0      	push	{r4, r5, r6, r7, lr}
10004252:	46de      	mov	lr, fp
10004254:	4657      	mov	r7, sl
10004256:	464e      	mov	r6, r9
10004258:	4645      	mov	r5, r8
1000425a:	b5e0      	push	{r5, r6, r7, lr}
1000425c:	b085      	sub	sp, #20
1000425e:	0004      	movs	r4, r0
10004260:	000d      	movs	r5, r1
10004262:	9200      	str	r2, [sp, #0]
10004264:	9301      	str	r3, [sp, #4]
10004266:	9b0e      	ldr	r3, [sp, #56]	; 0x38
10004268:	469a      	mov	sl, r3
1000426a:	2b00      	cmp	r3, #0
1000426c:	dd45      	ble.n	100042fa <drem_0+0xaa>
1000426e:	9b01      	ldr	r3, [sp, #4]
10004270:	1119      	asrs	r1, r3, #4
10004272:	2001      	movs	r0, #1
10004274:	4240      	negs	r0, r0
10004276:	f7ff fc0b 	bl	10003a90 <__wrap___aeabi_uidiv>
1000427a:	9003      	str	r0, [sp, #12]
1000427c:	2300      	movs	r3, #0
1000427e:	469b      	mov	fp, r3
10004280:	e029      	b.n	100042d6 <drem_0+0x86>
10004282:	230c      	movs	r3, #12
10004284:	4699      	mov	r9, r3
10004286:	11ab      	asrs	r3, r5, #6
10004288:	9a03      	ldr	r2, [sp, #12]
1000428a:	4353      	muls	r3, r2
1000428c:	221d      	movs	r2, #29
1000428e:	4649      	mov	r1, r9
10004290:	1a52      	subs	r2, r2, r1
10004292:	4113      	asrs	r3, r2
10004294:	3301      	adds	r3, #1
10004296:	105b      	asrs	r3, r3, #1
10004298:	4698      	mov	r8, r3
1000429a:	2220      	movs	r2, #32
1000429c:	4252      	negs	r2, r2
1000429e:	188b      	adds	r3, r1, r2
100042a0:	d421      	bmi.n	100042e6 <drem_0+0x96>
100042a2:	0022      	movs	r2, r4
100042a4:	409a      	lsls	r2, r3
100042a6:	0017      	movs	r7, r2
100042a8:	0023      	movs	r3, r4
100042aa:	464a      	mov	r2, r9
100042ac:	4093      	lsls	r3, r2
100042ae:	001e      	movs	r6, r3
100042b0:	4643      	mov	r3, r8
100042b2:	17d9      	asrs	r1, r3, #31
100042b4:	9a00      	ldr	r2, [sp, #0]
100042b6:	9b01      	ldr	r3, [sp, #4]
100042b8:	4640      	mov	r0, r8
100042ba:	f000 fbeb 	bl	10004a94 <__wrap___aeabi_lmul>
100042be:	0034      	movs	r4, r6
100042c0:	003d      	movs	r5, r7
100042c2:	1a24      	subs	r4, r4, r0
100042c4:	418d      	sbcs	r5, r1
100042c6:	465b      	mov	r3, fp
100042c8:	464a      	mov	r2, r9
100042ca:	4093      	lsls	r3, r2
100042cc:	4443      	add	r3, r8
100042ce:	469b      	mov	fp, r3
100042d0:	4653      	mov	r3, sl
100042d2:	1a9b      	subs	r3, r3, r2
100042d4:	469a      	mov	sl, r3
100042d6:	4653      	mov	r3, sl
100042d8:	2b00      	cmp	r3, #0
100042da:	dd11      	ble.n	10004300 <drem_0+0xb0>
100042dc:	4653      	mov	r3, sl
100042de:	2b0c      	cmp	r3, #12
100042e0:	dccf      	bgt.n	10004282 <drem_0+0x32>
100042e2:	46d1      	mov	r9, sl
100042e4:	e7cf      	b.n	10004286 <drem_0+0x36>
100042e6:	2320      	movs	r3, #32
100042e8:	1a5b      	subs	r3, r3, r1
100042ea:	0022      	movs	r2, r4
100042ec:	40da      	lsrs	r2, r3
100042ee:	0013      	movs	r3, r2
100042f0:	002a      	movs	r2, r5
100042f2:	408a      	lsls	r2, r1
100042f4:	0017      	movs	r7, r2
100042f6:	431f      	orrs	r7, r3
100042f8:	e7d6      	b.n	100042a8 <drem_0+0x58>
100042fa:	2300      	movs	r3, #0
100042fc:	9303      	str	r3, [sp, #12]
100042fe:	e7bd      	b.n	1000427c <drem_0+0x2c>
10004300:	9a00      	ldr	r2, [sp, #0]
10004302:	9b01      	ldr	r3, [sp, #4]
10004304:	42ab      	cmp	r3, r5
10004306:	dc09      	bgt.n	1000431c <drem_0+0xcc>
10004308:	d101      	bne.n	1000430e <drem_0+0xbe>
1000430a:	42a2      	cmp	r2, r4
1000430c:	d806      	bhi.n	1000431c <drem_0+0xcc>
1000430e:	9a00      	ldr	r2, [sp, #0]
10004310:	9b01      	ldr	r3, [sp, #4]
10004312:	1aa4      	subs	r4, r4, r2
10004314:	419d      	sbcs	r5, r3
10004316:	2301      	movs	r3, #1
10004318:	469c      	mov	ip, r3
1000431a:	44e3      	add	fp, ip
1000431c:	9a00      	ldr	r2, [sp, #0]
1000431e:	9b01      	ldr	r3, [sp, #4]
10004320:	42ab      	cmp	r3, r5
10004322:	dc09      	bgt.n	10004338 <drem_0+0xe8>
10004324:	d101      	bne.n	1000432a <drem_0+0xda>
10004326:	42a2      	cmp	r2, r4
10004328:	d806      	bhi.n	10004338 <drem_0+0xe8>
1000432a:	9a00      	ldr	r2, [sp, #0]
1000432c:	9b01      	ldr	r3, [sp, #4]
1000432e:	1aa4      	subs	r4, r4, r2
10004330:	419d      	sbcs	r5, r3
10004332:	2301      	movs	r3, #1
10004334:	469c      	mov	ip, r3
10004336:	44e3      	add	fp, ip
10004338:	2d00      	cmp	r5, #0
1000433a:	db0f      	blt.n	1000435c <drem_0+0x10c>
1000433c:	2d00      	cmp	r5, #0
1000433e:	db16      	blt.n	1000436e <drem_0+0x11e>
10004340:	9b0f      	ldr	r3, [sp, #60]	; 0x3c
10004342:	2b00      	cmp	r3, #0
10004344:	d001      	beq.n	1000434a <drem_0+0xfa>
10004346:	465a      	mov	r2, fp
10004348:	601a      	str	r2, [r3, #0]
1000434a:	0020      	movs	r0, r4
1000434c:	0029      	movs	r1, r5
1000434e:	b005      	add	sp, #20
10004350:	bcf0      	pop	{r4, r5, r6, r7}
10004352:	46bb      	mov	fp, r7
10004354:	46b2      	mov	sl, r6
10004356:	46a9      	mov	r9, r5
10004358:	46a0      	mov	r8, r4
1000435a:	bdf0      	pop	{r4, r5, r6, r7, pc}
1000435c:	9a00      	ldr	r2, [sp, #0]
1000435e:	9b01      	ldr	r3, [sp, #4]
10004360:	18a4      	adds	r4, r4, r2
10004362:	415d      	adcs	r5, r3
10004364:	2301      	movs	r3, #1
10004366:	425b      	negs	r3, r3
10004368:	469c      	mov	ip, r3
1000436a:	44e3      	add	fp, ip
1000436c:	e7e6      	b.n	1000433c <drem_0+0xec>
1000436e:	9a00      	ldr	r2, [sp, #0]
10004370:	9b01      	ldr	r3, [sp, #4]
10004372:	18a4      	adds	r4, r4, r2
10004374:	415d      	adcs	r5, r3
10004376:	2301      	movs	r3, #1
10004378:	425b      	negs	r3, r3
1000437a:	469c      	mov	ip, r3
1000437c:	44e3      	add	fp, ip
1000437e:	e7df      	b.n	10004340 <drem_0+0xf0>

10004380 <__wrap_fmod>:
10004380:	b5f0      	push	{r4, r5, r6, r7, lr}
10004382:	b087      	sub	sp, #28
10004384:	0004      	movs	r4, r0
10004386:	9003      	str	r0, [sp, #12]
10004388:	0008      	movs	r0, r1
1000438a:	9405      	str	r4, [sp, #20]
1000438c:	9204      	str	r2, [sp, #16]
1000438e:	0fcf      	lsrs	r7, r1, #31
10004390:	0d0c      	lsrs	r4, r1, #20
10004392:	0564      	lsls	r4, r4, #21
10004394:	0d64      	lsrs	r4, r4, #21
10004396:	0309      	lsls	r1, r1, #12
10004398:	0b09      	lsrs	r1, r1, #12
1000439a:	2280      	movs	r2, #128	; 0x80
1000439c:	0352      	lsls	r2, r2, #13
1000439e:	4311      	orrs	r1, r2
100043a0:	0d1e      	lsrs	r6, r3, #20
100043a2:	0576      	lsls	r6, r6, #21
100043a4:	0d76      	lsrs	r6, r6, #21
100043a6:	031d      	lsls	r5, r3, #12
100043a8:	0b2b      	lsrs	r3, r5, #12
100043aa:	4313      	orrs	r3, r2
100043ac:	4d1b      	ldr	r5, [pc, #108]	; (1000441c <__wrap_fmod+0x9c>)
100043ae:	42ac      	cmp	r4, r5
100043b0:	d026      	beq.n	10004400 <__wrap_fmod+0x80>
100043b2:	2e00      	cmp	r6, #0
100043b4:	d027      	beq.n	10004406 <__wrap_fmod+0x86>
100043b6:	2c00      	cmp	r4, #0
100043b8:	d103      	bne.n	100043c2 <__wrap_fmod+0x42>
100043ba:	2f00      	cmp	r7, #0
100043bc:	d129      	bne.n	10004412 <__wrap_fmod+0x92>
100043be:	2300      	movs	r3, #0
100043c0:	e023      	b.n	1000440a <__wrap_fmod+0x8a>
100043c2:	42b4      	cmp	r4, r6
100043c4:	da02      	bge.n	100043cc <__wrap_fmod+0x4c>
100043c6:	9f03      	ldr	r7, [sp, #12]
100043c8:	0003      	movs	r3, r0
100043ca:	e01e      	b.n	1000440a <__wrap_fmod+0x8a>
100043cc:	2500      	movs	r5, #0
100043ce:	9501      	str	r5, [sp, #4]
100043d0:	1ba4      	subs	r4, r4, r6
100043d2:	9400      	str	r4, [sp, #0]
100043d4:	9a04      	ldr	r2, [sp, #16]
100043d6:	9805      	ldr	r0, [sp, #20]
100043d8:	f7ff ff3a 	bl	10004250 <drem_0>
100043dc:	0004      	movs	r4, r0
100043de:	000d      	movs	r5, r1
100043e0:	2f00      	cmp	r7, #0
100043e2:	d004      	beq.n	100043ee <__wrap_fmod+0x6e>
100043e4:	0002      	movs	r2, r0
100043e6:	000b      	movs	r3, r1
100043e8:	2500      	movs	r5, #0
100043ea:	4254      	negs	r4, r2
100043ec:	419d      	sbcs	r5, r3
100043ee:	4a0c      	ldr	r2, [pc, #48]	; (10004420 <__wrap_fmod+0xa0>)
100043f0:	1b92      	subs	r2, r2, r6
100043f2:	0020      	movs	r0, r4
100043f4:	0029      	movs	r1, r5
100043f6:	f7ff fe77 	bl	100040e8 <fix642double>
100043fa:	0007      	movs	r7, r0
100043fc:	000b      	movs	r3, r1
100043fe:	e004      	b.n	1000440a <__wrap_fmod+0x8a>
10004400:	2700      	movs	r7, #0
10004402:	4b08      	ldr	r3, [pc, #32]	; (10004424 <__wrap_fmod+0xa4>)
10004404:	e001      	b.n	1000440a <__wrap_fmod+0x8a>
10004406:	2700      	movs	r7, #0
10004408:	4b06      	ldr	r3, [pc, #24]	; (10004424 <__wrap_fmod+0xa4>)
1000440a:	0038      	movs	r0, r7
1000440c:	0019      	movs	r1, r3
1000440e:	b007      	add	sp, #28
10004410:	bdf0      	pop	{r4, r5, r6, r7, pc}
10004412:	2700      	movs	r7, #0
10004414:	2380      	movs	r3, #128	; 0x80
10004416:	061b      	lsls	r3, r3, #24
10004418:	e7f7      	b.n	1000440a <__wrap_fmod+0x8a>
1000441a:	46c0      	nop			; (mov r8, r8)
1000441c:	000007ff 	.word	0x000007ff
10004420:	00000433 	.word	0x00000433
10004424:	7ff00000 	.word	0x7ff00000

10004428 <double_table_shim_on_use_helper>:
10004428:	b507      	push	{r0, r1, r2, lr}
1000442a:	4660      	mov	r0, ip
1000442c:	2800      	cmp	r0, #0
1000442e:	d100      	bne.n	10004432 <double_table_shim_on_use_helper+0xa>
10004430:	be00      	bkpt	0x0000
10004432:	8801      	ldrh	r1, [r0, #0]
10004434:	0a0a      	lsrs	r2, r1, #8
10004436:	3002      	adds	r0, #2
10004438:	2adf      	cmp	r2, #223	; 0xdf
1000443a:	d1fa      	bne.n	10004432 <double_table_shim_on_use_helper+0xa>
1000443c:	b2c9      	uxtb	r1, r1
1000443e:	0882      	lsrs	r2, r0, #2
10004440:	d304      	bcc.n	1000444c <double_table_shim_on_use_helper+0x24>
10004442:	8802      	ldrh	r2, [r0, #0]
10004444:	8840      	ldrh	r0, [r0, #2]
10004446:	0400      	lsls	r0, r0, #16
10004448:	4310      	orrs	r0, r2
1000444a:	e000      	b.n	1000444e <double_table_shim_on_use_helper+0x26>
1000444c:	6800      	ldr	r0, [r0, #0]
1000444e:	4a02      	ldr	r2, [pc, #8]	; (10004458 <double_table_shim_on_use_helper+0x30>)
10004450:	5050      	str	r0, [r2, r1]
10004452:	9003      	str	r0, [sp, #12]
10004454:	bd07      	pop	{r0, r1, r2, pc}
10004456:	0000      	.short	0x0000
10004458:	20002250 	.word	0x20002250

1000445c <drsub_shim>:
1000445c:	b40f      	push	{r0, r1, r2, r3}
1000445e:	bc03      	pop	{r0, r1}
10004460:	bc0c      	pop	{r2, r3}

10004462 <dsub_shim>:
10004462:	b5f0      	push	{r4, r5, r6, r7, lr}
10004464:	2401      	movs	r4, #1
10004466:	07e4      	lsls	r4, r4, #31
10004468:	4063      	eors	r3, r4
1000446a:	e000      	b.n	1000446e <da_entry>

1000446c <dadd_shim>:
1000446c:	b5f0      	push	{r4, r5, r6, r7, lr}

1000446e <da_entry>:
1000446e:	0d0c      	lsrs	r4, r1, #20
10004470:	0fcf      	lsrs	r7, r1, #31
10004472:	1e66      	subs	r6, r4, #1
10004474:	0536      	lsls	r6, r6, #20
10004476:	1b89      	subs	r1, r1, r6
10004478:	0564      	lsls	r4, r4, #21
1000447a:	d303      	bcc.n	10004484 <l8_1>
1000447c:	43c9      	mvns	r1, r1
1000447e:	4240      	negs	r0, r0
10004480:	d300      	bcc.n	10004484 <l8_1>
10004482:	3101      	adds	r1, #1

10004484 <l8_1>:
10004484:	0d64      	lsrs	r4, r4, #21
10004486:	d003      	beq.n	10004490 <l8_2>
10004488:	1c66      	adds	r6, r4, #1
1000448a:	0af6      	lsrs	r6, r6, #11
1000448c:	d007      	beq.n	1000449e <l8_3>
1000448e:	1be4      	subs	r4, r4, r7

10004490 <l8_2>:
10004490:	2000      	movs	r0, #0
10004492:	007f      	lsls	r7, r7, #1
10004494:	1c79      	adds	r1, r7, #1
10004496:	0789      	lsls	r1, r1, #30
10004498:	1289      	asrs	r1, r1, #10
1000449a:	3c80      	subs	r4, #128	; 0x80
1000449c:	0324      	lsls	r4, r4, #12

1000449e <l8_3>:
1000449e:	0d1d      	lsrs	r5, r3, #20
100044a0:	0fdf      	lsrs	r7, r3, #31
100044a2:	1e6e      	subs	r6, r5, #1
100044a4:	0536      	lsls	r6, r6, #20
100044a6:	1b9b      	subs	r3, r3, r6
100044a8:	056d      	lsls	r5, r5, #21
100044aa:	d303      	bcc.n	100044b4 <l9_1>
100044ac:	43db      	mvns	r3, r3
100044ae:	4252      	negs	r2, r2
100044b0:	d300      	bcc.n	100044b4 <l9_1>
100044b2:	3301      	adds	r3, #1

100044b4 <l9_1>:
100044b4:	0d6d      	lsrs	r5, r5, #21
100044b6:	d003      	beq.n	100044c0 <l9_2>
100044b8:	1c6e      	adds	r6, r5, #1
100044ba:	0af6      	lsrs	r6, r6, #11
100044bc:	d007      	beq.n	100044ce <l9_3>
100044be:	1bed      	subs	r5, r5, r7

100044c0 <l9_2>:
100044c0:	2200      	movs	r2, #0
100044c2:	007f      	lsls	r7, r7, #1
100044c4:	1c7b      	adds	r3, r7, #1
100044c6:	079b      	lsls	r3, r3, #30
100044c8:	129b      	asrs	r3, r3, #10
100044ca:	3d80      	subs	r5, #128	; 0x80
100044cc:	032d      	lsls	r5, r5, #12

100044ce <l9_3>:
100044ce:	1b2f      	subs	r7, r5, r4
100044d0:	1b66      	subs	r6, r4, r5
100044d2:	d458      	bmi.n	10004586 <da_ygtx>
100044d4:	46a4      	mov	ip, r4
100044d6:	2e20      	cmp	r6, #32
100044d8:	da46      	bge.n	10004568 <da_xrgty>
100044da:	3720      	adds	r7, #32
100044dc:	0014      	movs	r4, r2
100044de:	40bc      	lsls	r4, r7

100044e0 <da_xgty0>:
100044e0:	001d      	movs	r5, r3
100044e2:	40bd      	lsls	r5, r7
100044e4:	40f2      	lsrs	r2, r6
100044e6:	4133      	asrs	r3, r6
100044e8:	432a      	orrs	r2, r5

100044ea <da_add>:
100044ea:	1880      	adds	r0, r0, r2
100044ec:	4159      	adcs	r1, r3

100044ee <da_pack>:
100044ee:	0fcb      	lsrs	r3, r1, #31
100044f0:	d005      	beq.n	100044fe <da_pack+0x10>
100044f2:	43c9      	mvns	r1, r1
100044f4:	43c0      	mvns	r0, r0
100044f6:	2200      	movs	r2, #0
100044f8:	4264      	negs	r4, r4
100044fa:	4150      	adcs	r0, r2
100044fc:	4151      	adcs	r1, r2
100044fe:	4662      	mov	r2, ip
10004500:	0d4d      	lsrs	r5, r1, #21
10004502:	d128      	bne.n	10004556 <da_0>
10004504:	0d0d      	lsrs	r5, r1, #20
10004506:	d107      	bne.n	10004518 <da_1>
10004508:	2800      	cmp	r0, #0
1000450a:	d01f      	beq.n	1000454c <da_5>

1000450c <da_2>:
1000450c:	1924      	adds	r4, r4, r4
1000450e:	4140      	adcs	r0, r0
10004510:	4149      	adcs	r1, r1
10004512:	3a01      	subs	r2, #1
10004514:	0d0d      	lsrs	r5, r1, #20
10004516:	d0f9      	beq.n	1000450c <da_2>

10004518 <da_1>:
10004518:	0064      	lsls	r4, r4, #1
1000451a:	d306      	bcc.n	1000452a <da_3>

1000451c <da_4>:
1000451c:	3001      	adds	r0, #1
1000451e:	d300      	bcc.n	10004522 <da_4+0x6>
10004520:	3101      	adds	r1, #1
10004522:	2c00      	cmp	r4, #0
10004524:	d101      	bne.n	1000452a <da_3>
10004526:	0840      	lsrs	r0, r0, #1
10004528:	0040      	lsls	r0, r0, #1

1000452a <da_3>:
1000452a:	3a01      	subs	r2, #1
1000452c:	d40b      	bmi.n	10004546 <da_6>
1000452e:	1c94      	adds	r4, r2, #2
10004530:	0ae4      	lsrs	r4, r4, #11
10004532:	d104      	bne.n	1000453e <da_7>
10004534:	0512      	lsls	r2, r2, #20
10004536:	4411      	add	r1, r2
10004538:	07db      	lsls	r3, r3, #31
1000453a:	4419      	add	r1, r3
1000453c:	bdf0      	pop	{r4, r5, r6, r7, pc}

1000453e <da_7>:
1000453e:	07d9      	lsls	r1, r3, #31
10004540:	4b20      	ldr	r3, [pc, #128]	; (100045c4 <da_xmgty+0x4>)
10004542:	4319      	orrs	r1, r3
10004544:	e000      	b.n	10004548 <da_6+0x2>

10004546 <da_6>:
10004546:	07d9      	lsls	r1, r3, #31
10004548:	2000      	movs	r0, #0
1000454a:	bdf0      	pop	{r4, r5, r6, r7, pc}

1000454c <da_5>:
1000454c:	2900      	cmp	r1, #0
1000454e:	d1dd      	bne.n	1000450c <da_2>
10004550:	2c00      	cmp	r4, #0
10004552:	d1db      	bne.n	1000450c <da_2>
10004554:	bdf0      	pop	{r4, r5, r6, r7, pc}

10004556 <da_0>:
10004556:	3201      	adds	r2, #1
10004558:	07c6      	lsls	r6, r0, #31
1000455a:	0840      	lsrs	r0, r0, #1
1000455c:	07cd      	lsls	r5, r1, #31
1000455e:	4328      	orrs	r0, r5
10004560:	0849      	lsrs	r1, r1, #1
10004562:	2e00      	cmp	r6, #0
10004564:	d0e1      	beq.n	1000452a <da_3>
10004566:	e7d9      	b.n	1000451c <da_4>

10004568 <da_xrgty>:
10004568:	2e3c      	cmp	r6, #60	; 0x3c
1000456a:	da29      	bge.n	100045c0 <da_xmgty>
1000456c:	3e20      	subs	r6, #32
1000456e:	3740      	adds	r7, #64	; 0x40
10004570:	0014      	movs	r4, r2
10004572:	40bc      	lsls	r4, r7
10004574:	d000      	beq.n	10004578 <da_xrgty+0x10>
10004576:	2401      	movs	r4, #1
10004578:	40f2      	lsrs	r2, r6
1000457a:	4314      	orrs	r4, r2
1000457c:	001a      	movs	r2, r3
1000457e:	40bb      	lsls	r3, r7
10004580:	431c      	orrs	r4, r3
10004582:	17d3      	asrs	r3, r2, #31
10004584:	e7ac      	b.n	100044e0 <da_xgty0>

10004586 <da_ygtx>:
10004586:	46ac      	mov	ip, r5
10004588:	2f20      	cmp	r7, #32
1000458a:	da08      	bge.n	1000459e <da_yrgtx>
1000458c:	3620      	adds	r6, #32
1000458e:	0004      	movs	r4, r0
10004590:	40b4      	lsls	r4, r6

10004592 <da_ygtx0>:
10004592:	000d      	movs	r5, r1
10004594:	40b5      	lsls	r5, r6
10004596:	40f8      	lsrs	r0, r7
10004598:	4139      	asrs	r1, r7
1000459a:	4328      	orrs	r0, r5
1000459c:	e7a5      	b.n	100044ea <da_add>

1000459e <da_yrgtx>:
1000459e:	2f3c      	cmp	r7, #60	; 0x3c
100045a0:	da0c      	bge.n	100045bc <da_ymgtx>
100045a2:	3f20      	subs	r7, #32
100045a4:	3640      	adds	r6, #64	; 0x40
100045a6:	0004      	movs	r4, r0
100045a8:	40b4      	lsls	r4, r6
100045aa:	d000      	beq.n	100045ae <da_yrgtx+0x10>
100045ac:	2401      	movs	r4, #1
100045ae:	40f8      	lsrs	r0, r7
100045b0:	4304      	orrs	r4, r0
100045b2:	0008      	movs	r0, r1
100045b4:	40b1      	lsls	r1, r6
100045b6:	430c      	orrs	r4, r1
100045b8:	17c1      	asrs	r1, r0, #31
100045ba:	e7ea      	b.n	10004592 <da_ygtx0>

100045bc <da_ymgtx>:
100045bc:	0010      	movs	r0, r2
100045be:	0019      	movs	r1, r3

100045c0 <da_xmgty>:
100045c0:	2400      	movs	r4, #0
100045c2:	e794      	b.n	100044ee <da_pack>
100045c4:	7ff00000 	.word	0x7ff00000

100045c8 <dmul_shim>:
100045c8:	b5f0      	push	{r4, r5, r6, r7, lr}
100045ca:	0d0c      	lsrs	r4, r1, #20
100045cc:	1e66      	subs	r6, r4, #1
100045ce:	0536      	lsls	r6, r6, #20
100045d0:	1b89      	subs	r1, r1, r6
100045d2:	0ae6      	lsrs	r6, r4, #11
100045d4:	0564      	lsls	r4, r4, #21
100045d6:	0d64      	lsrs	r4, r4, #21
100045d8:	d002      	beq.n	100045e0 <l12_1>
100045da:	1c65      	adds	r5, r4, #1
100045dc:	0aed      	lsrs	r5, r5, #11
100045de:	d004      	beq.n	100045ea <l12_2>

100045e0 <l12_1>:
100045e0:	2000      	movs	r0, #0
100045e2:	2101      	movs	r1, #1
100045e4:	0509      	lsls	r1, r1, #20
100045e6:	3c80      	subs	r4, #128	; 0x80
100045e8:	0324      	lsls	r4, r4, #12

100045ea <l12_2>:
100045ea:	46a4      	mov	ip, r4
100045ec:	0d1c      	lsrs	r4, r3, #20
100045ee:	1e67      	subs	r7, r4, #1
100045f0:	053f      	lsls	r7, r7, #20
100045f2:	1bdb      	subs	r3, r3, r7
100045f4:	0ae7      	lsrs	r7, r4, #11
100045f6:	0564      	lsls	r4, r4, #21
100045f8:	0d64      	lsrs	r4, r4, #21
100045fa:	d002      	beq.n	10004602 <l13_1>
100045fc:	1c65      	adds	r5, r4, #1
100045fe:	0aed      	lsrs	r5, r5, #11
10004600:	d004      	beq.n	1000460c <l13_2>

10004602 <l13_1>:
10004602:	2200      	movs	r2, #0
10004604:	2301      	movs	r3, #1
10004606:	051b      	lsls	r3, r3, #20
10004608:	3c80      	subs	r4, #128	; 0x80
1000460a:	0324      	lsls	r4, r4, #12

1000460c <l13_2>:
1000460c:	4077      	eors	r7, r6
1000460e:	4464      	add	r4, ip
10004610:	b497      	push	{r0, r1, r2, r4, r7}
10004612:	b284      	uxth	r4, r0
10004614:	b296      	uxth	r6, r2
10004616:	4374      	muls	r4, r6
10004618:	0c07      	lsrs	r7, r0, #16
1000461a:	437e      	muls	r6, r7
1000461c:	0c15      	lsrs	r5, r2, #16
1000461e:	436f      	muls	r7, r5
10004620:	b280      	uxth	r0, r0
10004622:	4368      	muls	r0, r5
10004624:	1836      	adds	r6, r6, r0
10004626:	d302      	bcc.n	1000462e <l14_1>
10004628:	2001      	movs	r0, #1
1000462a:	0400      	lsls	r0, r0, #16
1000462c:	183f      	adds	r7, r7, r0

1000462e <l14_1>:
1000462e:	0430      	lsls	r0, r6, #16
10004630:	0c35      	lsrs	r5, r6, #16
10004632:	1900      	adds	r0, r0, r4
10004634:	417d      	adcs	r5, r7
10004636:	4684      	mov	ip, r0
10004638:	b288      	uxth	r0, r1
1000463a:	b29a      	uxth	r2, r3
1000463c:	4350      	muls	r0, r2
1000463e:	0c0c      	lsrs	r4, r1, #16
10004640:	4362      	muls	r2, r4
10004642:	0c1f      	lsrs	r7, r3, #16
10004644:	437c      	muls	r4, r7
10004646:	b28e      	uxth	r6, r1
10004648:	437e      	muls	r6, r7
1000464a:	1992      	adds	r2, r2, r6
1000464c:	d302      	bcc.n	10004654 <l15_1>
1000464e:	2601      	movs	r6, #1
10004650:	0436      	lsls	r6, r6, #16
10004652:	19a4      	adds	r4, r4, r6

10004654 <l15_1>:
10004654:	0416      	lsls	r6, r2, #16
10004656:	0c17      	lsrs	r7, r2, #16
10004658:	1836      	adds	r6, r6, r0
1000465a:	4167      	adcs	r7, r4
1000465c:	bc01      	pop	{r0}
1000465e:	b281      	uxth	r1, r0
10004660:	b29a      	uxth	r2, r3
10004662:	4351      	muls	r1, r2
10004664:	0c04      	lsrs	r4, r0, #16
10004666:	4362      	muls	r2, r4
10004668:	0c1b      	lsrs	r3, r3, #16
1000466a:	435c      	muls	r4, r3
1000466c:	b280      	uxth	r0, r0
1000466e:	4358      	muls	r0, r3
10004670:	1812      	adds	r2, r2, r0
10004672:	d302      	bcc.n	1000467a <l16_1>
10004674:	2001      	movs	r0, #1
10004676:	0400      	lsls	r0, r0, #16
10004678:	1824      	adds	r4, r4, r0

1000467a <l16_1>:
1000467a:	0410      	lsls	r0, r2, #16
1000467c:	0c13      	lsrs	r3, r2, #16
1000467e:	1840      	adds	r0, r0, r1
10004680:	4163      	adcs	r3, r4
10004682:	182d      	adds	r5, r5, r0
10004684:	415e      	adcs	r6, r3
10004686:	2000      	movs	r0, #0
10004688:	4147      	adcs	r7, r0
1000468a:	bc06      	pop	{r1, r2}
1000468c:	b288      	uxth	r0, r1
1000468e:	b293      	uxth	r3, r2
10004690:	4358      	muls	r0, r3
10004692:	0c0c      	lsrs	r4, r1, #16
10004694:	4363      	muls	r3, r4
10004696:	0c12      	lsrs	r2, r2, #16
10004698:	4354      	muls	r4, r2
1000469a:	b289      	uxth	r1, r1
1000469c:	4351      	muls	r1, r2
1000469e:	185b      	adds	r3, r3, r1
100046a0:	d302      	bcc.n	100046a8 <l17_1>
100046a2:	2101      	movs	r1, #1
100046a4:	0409      	lsls	r1, r1, #16
100046a6:	1864      	adds	r4, r4, r1

100046a8 <l17_1>:
100046a8:	0419      	lsls	r1, r3, #16
100046aa:	0c1a      	lsrs	r2, r3, #16
100046ac:	1809      	adds	r1, r1, r0
100046ae:	4162      	adcs	r2, r4
100046b0:	186d      	adds	r5, r5, r1
100046b2:	4156      	adcs	r6, r2
100046b4:	2000      	movs	r0, #0
100046b6:	4147      	adcs	r7, r0
100046b8:	bc18      	pop	{r3, r4}
100046ba:	02f9      	lsls	r1, r7, #11
100046bc:	0d72      	lsrs	r2, r6, #21
100046be:	4311      	orrs	r1, r2
100046c0:	02f0      	lsls	r0, r6, #11
100046c2:	0d6a      	lsrs	r2, r5, #21
100046c4:	4310      	orrs	r0, r2
100046c6:	02ed      	lsls	r5, r5, #11
100046c8:	0d0a      	lsrs	r2, r1, #20
100046ca:	d103      	bne.n	100046d4 <l17_1+0x2c>
100046cc:	196d      	adds	r5, r5, r5
100046ce:	4140      	adcs	r0, r0
100046d0:	4149      	adcs	r1, r1
100046d2:	3b01      	subs	r3, #1
100046d4:	4e12      	ldr	r6, [pc, #72]	; (10004720 <dm_1+0xa>)
100046d6:	1b9b      	subs	r3, r3, r6
100046d8:	0076      	lsls	r6, r6, #1
100046da:	42b3      	cmp	r3, r6
100046dc:	d20e      	bcs.n	100046fc <dm_0>
100046de:	006d      	lsls	r5, r5, #1
100046e0:	d307      	bcc.n	100046f2 <l17_1+0x4a>
100046e2:	3001      	adds	r0, #1
100046e4:	2600      	movs	r6, #0
100046e6:	4171      	adcs	r1, r6
100046e8:	4666      	mov	r6, ip
100046ea:	4335      	orrs	r5, r6
100046ec:	d101      	bne.n	100046f2 <l17_1+0x4a>
100046ee:	0840      	lsrs	r0, r0, #1
100046f0:	0040      	lsls	r0, r0, #1
100046f2:	051b      	lsls	r3, r3, #20
100046f4:	18c9      	adds	r1, r1, r3

100046f6 <dm_2>:
100046f6:	07e4      	lsls	r4, r4, #31
100046f8:	4421      	add	r1, r4
100046fa:	bdf0      	pop	{r4, r5, r6, r7, pc}

100046fc <dm_0>:
100046fc:	da0b      	bge.n	10004716 <dm_1>
100046fe:	3301      	adds	r3, #1
10004700:	d106      	bne.n	10004710 <dm_0+0x14>
10004702:	3001      	adds	r0, #1
10004704:	d104      	bne.n	10004710 <dm_0+0x14>
10004706:	3101      	adds	r1, #1
10004708:	0d4f      	lsrs	r7, r1, #21
1000470a:	d001      	beq.n	10004710 <dm_0+0x14>
1000470c:	0849      	lsrs	r1, r1, #1
1000470e:	e7f2      	b.n	100046f6 <dm_2>
10004710:	07e1      	lsls	r1, r4, #31
10004712:	2000      	movs	r0, #0
10004714:	bdf0      	pop	{r4, r5, r6, r7, pc}

10004716 <dm_1>:
10004716:	3601      	adds	r6, #1
10004718:	0531      	lsls	r1, r6, #20
1000471a:	2000      	movs	r0, #0
1000471c:	e7eb      	b.n	100046f6 <dm_2>
1000471e:	0000      	.short	0x0000
10004720:	000003ff 	.word	0x000003ff

10004724 <ddiv_shim>:
10004724:	b5f0      	push	{r4, r5, r6, r7, lr}

10004726 <ddiv0>:
10004726:	0d1c      	lsrs	r4, r3, #20
10004728:	1e67      	subs	r7, r4, #1
1000472a:	053f      	lsls	r7, r7, #20
1000472c:	1bdb      	subs	r3, r3, r7
1000472e:	0ae7      	lsrs	r7, r4, #11
10004730:	0564      	lsls	r4, r4, #21
10004732:	0d64      	lsrs	r4, r4, #21
10004734:	d002      	beq.n	1000473c <l20_1>
10004736:	1c66      	adds	r6, r4, #1
10004738:	0af6      	lsrs	r6, r6, #11
1000473a:	d004      	beq.n	10004746 <l20_2>

1000473c <l20_1>:
1000473c:	2200      	movs	r2, #0
1000473e:	2301      	movs	r3, #1
10004740:	051b      	lsls	r3, r3, #20
10004742:	3c80      	subs	r4, #128	; 0x80
10004744:	0324      	lsls	r4, r4, #12

10004746 <l20_2>:
10004746:	25d0      	movs	r5, #208	; 0xd0
10004748:	062d      	lsls	r5, r5, #24
1000474a:	2600      	movs	r6, #0
1000474c:	43f6      	mvns	r6, r6
1000474e:	662e      	str	r6, [r5, #96]	; 0x60
10004750:	091e      	lsrs	r6, r3, #4
10004752:	666e      	str	r6, [r5, #100]	; 0x64
10004754:	0fce      	lsrs	r6, r1, #31
10004756:	19f6      	adds	r6, r6, r7
10004758:	46b4      	mov	ip, r6
1000475a:	0049      	lsls	r1, r1, #1
1000475c:	0d4f      	lsrs	r7, r1, #21
1000475e:	d002      	beq.n	10004766 <l20_2+0x20>
10004760:	1c7e      	adds	r6, r7, #1
10004762:	0af6      	lsrs	r6, r6, #11
10004764:	d003      	beq.n	1000476e <l20_2+0x28>
10004766:	2000      	movs	r0, #0
10004768:	2100      	movs	r1, #0
1000476a:	3f40      	subs	r7, #64	; 0x40
1000476c:	033f      	lsls	r7, r7, #12
1000476e:	1b3e      	subs	r6, r7, r4
10004770:	00b6      	lsls	r6, r6, #2
10004772:	44b4      	add	ip, r6
10004774:	3f01      	subs	r7, #1
10004776:	057f      	lsls	r7, r7, #21
10004778:	1bc9      	subs	r1, r1, r7
1000477a:	0849      	lsrs	r1, r1, #1
1000477c:	6f2e      	ldr	r6, [r5, #112]	; 0x70
1000477e:	3601      	adds	r6, #1
10004780:	0876      	lsrs	r6, r6, #1
10004782:	029c      	lsls	r4, r3, #10
10004784:	0d95      	lsrs	r5, r2, #22
10004786:	4325      	orrs	r5, r4
10004788:	4375      	muls	r5, r6
1000478a:	13ed      	asrs	r5, r5, #15
1000478c:	4375      	muls	r5, r6
1000478e:	13ad      	asrs	r5, r5, #14
10004790:	3501      	adds	r5, #1
10004792:	106d      	asrs	r5, r5, #1
10004794:	03f6      	lsls	r6, r6, #15
10004796:	1b76      	subs	r6, r6, r5
10004798:	b40c      	push	{r2, r3}
1000479a:	02cc      	lsls	r4, r1, #11
1000479c:	0d45      	lsrs	r5, r0, #21
1000479e:	432c      	orrs	r4, r5
100047a0:	b2a2      	uxth	r2, r4
100047a2:	b2b3      	uxth	r3, r6
100047a4:	435a      	muls	r2, r3
100047a6:	0c27      	lsrs	r7, r4, #16
100047a8:	437b      	muls	r3, r7
100047aa:	0c35      	lsrs	r5, r6, #16
100047ac:	436f      	muls	r7, r5
100047ae:	b2a4      	uxth	r4, r4
100047b0:	436c      	muls	r4, r5
100047b2:	191b      	adds	r3, r3, r4
100047b4:	d302      	bcc.n	100047bc <l21_1>
100047b6:	2401      	movs	r4, #1
100047b8:	0424      	lsls	r4, r4, #16
100047ba:	193f      	adds	r7, r7, r4

100047bc <l21_1>:
100047bc:	041c      	lsls	r4, r3, #16
100047be:	0c1d      	lsrs	r5, r3, #16
100047c0:	18a4      	adds	r4, r4, r2
100047c2:	417d      	adcs	r5, r7
100047c4:	1924      	adds	r4, r4, r4
100047c6:	416d      	adcs	r5, r5
100047c8:	9a00      	ldr	r2, [sp, #0]
100047ca:	b291      	uxth	r1, r2
100047cc:	b2ac      	uxth	r4, r5
100047ce:	4361      	muls	r1, r4
100047d0:	0c17      	lsrs	r7, r2, #16
100047d2:	437c      	muls	r4, r7
100047d4:	0c2b      	lsrs	r3, r5, #16
100047d6:	435f      	muls	r7, r3
100047d8:	b292      	uxth	r2, r2
100047da:	435a      	muls	r2, r3
100047dc:	18a4      	adds	r4, r4, r2
100047de:	d302      	bcc.n	100047e6 <l22_1>
100047e0:	2201      	movs	r2, #1
100047e2:	0412      	lsls	r2, r2, #16
100047e4:	18bf      	adds	r7, r7, r2

100047e6 <l22_1>:
100047e6:	0422      	lsls	r2, r4, #16
100047e8:	0c23      	lsrs	r3, r4, #16
100047ea:	1852      	adds	r2, r2, r1
100047ec:	417b      	adcs	r3, r7
100047ee:	9c01      	ldr	r4, [sp, #4]
100047f0:	436c      	muls	r4, r5
100047f2:	191b      	adds	r3, r3, r4
100047f4:	0e52      	lsrs	r2, r2, #25
100047f6:	01d9      	lsls	r1, r3, #7
100047f8:	430a      	orrs	r2, r1
100047fa:	0144      	lsls	r4, r0, #5
100047fc:	1aa0      	subs	r0, r4, r2
100047fe:	b281      	uxth	r1, r0
10004800:	b2b2      	uxth	r2, r6
10004802:	4351      	muls	r1, r2
10004804:	1403      	asrs	r3, r0, #16
10004806:	435a      	muls	r2, r3
10004808:	0c36      	lsrs	r6, r6, #16
1000480a:	4373      	muls	r3, r6
1000480c:	b287      	uxth	r7, r0
1000480e:	4377      	muls	r7, r6
10004810:	17d6      	asrs	r6, r2, #31
10004812:	19d2      	adds	r2, r2, r7
10004814:	2700      	movs	r7, #0
10004816:	417e      	adcs	r6, r7
10004818:	0436      	lsls	r6, r6, #16
1000481a:	199b      	adds	r3, r3, r6
1000481c:	0417      	lsls	r7, r2, #16
1000481e:	0c16      	lsrs	r6, r2, #16
10004820:	187f      	adds	r7, r7, r1
10004822:	415e      	adcs	r6, r3
10004824:	1673      	asrs	r3, r6, #25
10004826:	18ed      	adds	r5, r5, r3
10004828:	01f3      	lsls	r3, r6, #7
1000482a:	2600      	movs	r6, #0
1000482c:	3380      	adds	r3, #128	; 0x80
1000482e:	4175      	adcs	r5, r6
10004830:	0fa9      	lsrs	r1, r5, #30
10004832:	d106      	bne.n	10004842 <dd_0>
10004834:	0064      	lsls	r4, r4, #1
10004836:	0a69      	lsrs	r1, r5, #9
10004838:	05e8      	lsls	r0, r5, #23
1000483a:	0a5b      	lsrs	r3, r3, #9
1000483c:	4318      	orrs	r0, r3
1000483e:	d209      	bcs.n	10004854 <dd_1>
10004840:	e02f      	b.n	100048a2 <dd_2>

10004842 <dd_0>:
10004842:	2204      	movs	r2, #4
10004844:	4494      	add	ip, r2
10004846:	3380      	adds	r3, #128	; 0x80
10004848:	4175      	adcs	r5, r6
1000484a:	0aa9      	lsrs	r1, r5, #10
1000484c:	05a8      	lsls	r0, r5, #22
1000484e:	0a9b      	lsrs	r3, r3, #10
10004850:	4318      	orrs	r0, r3
10004852:	d326      	bcc.n	100048a2 <dd_2>

10004854 <dd_1>:
10004854:	4140      	adcs	r0, r0
10004856:	4149      	adcs	r1, r1
10004858:	0424      	lsls	r4, r4, #16
1000485a:	9a00      	ldr	r2, [sp, #0]
1000485c:	9b01      	ldr	r3, [sp, #4]
1000485e:	000d      	movs	r5, r1
10004860:	4355      	muls	r5, r2
10004862:	1b64      	subs	r4, r4, r5
10004864:	4343      	muls	r3, r0
10004866:	1ae4      	subs	r4, r4, r3
10004868:	b295      	uxth	r5, r2
1000486a:	b286      	uxth	r6, r0
1000486c:	4375      	muls	r5, r6
1000486e:	0c17      	lsrs	r7, r2, #16
10004870:	437e      	muls	r6, r7
10004872:	0c03      	lsrs	r3, r0, #16
10004874:	435f      	muls	r7, r3
10004876:	b292      	uxth	r2, r2
10004878:	435a      	muls	r2, r3
1000487a:	18b6      	adds	r6, r6, r2
1000487c:	d302      	bcc.n	10004884 <l24_1>
1000487e:	2201      	movs	r2, #1
10004880:	0412      	lsls	r2, r2, #16
10004882:	18bf      	adds	r7, r7, r2

10004884 <l24_1>:
10004884:	0432      	lsls	r2, r6, #16
10004886:	0c33      	lsrs	r3, r6, #16
10004888:	1952      	adds	r2, r2, r5
1000488a:	417b      	adcs	r3, r7
1000488c:	4252      	negs	r2, r2
1000488e:	419c      	sbcs	r4, r3
10004890:	2c00      	cmp	r4, #0
10004892:	d402      	bmi.n	1000489a <l24_1+0x16>
10004894:	2200      	movs	r2, #0
10004896:	3001      	adds	r0, #1
10004898:	4151      	adcs	r1, r2
1000489a:	0840      	lsrs	r0, r0, #1
1000489c:	07ca      	lsls	r2, r1, #31
1000489e:	4310      	orrs	r0, r2
100048a0:	0849      	lsrs	r1, r1, #1

100048a2 <dd_2>:
100048a2:	b002      	add	sp, #8
100048a4:	4662      	mov	r2, ip
100048a6:	07d7      	lsls	r7, r2, #31
100048a8:	1092      	asrs	r2, r2, #2
100048aa:	4b08      	ldr	r3, [pc, #32]	; (100048cc <dd_4+0x6>)
100048ac:	18d2      	adds	r2, r2, r3
100048ae:	4b08      	ldr	r3, [pc, #32]	; (100048d0 <dd_4+0xa>)
100048b0:	429a      	cmp	r2, r3
100048b2:	d203      	bcs.n	100048bc <dd_3>
100048b4:	0512      	lsls	r2, r2, #20
100048b6:	1889      	adds	r1, r1, r2

100048b8 <dd_5>:
100048b8:	19c9      	adds	r1, r1, r7
100048ba:	bdf0      	pop	{r4, r5, r6, r7, pc}

100048bc <dd_3>:
100048bc:	2000      	movs	r0, #0
100048be:	2a00      	cmp	r2, #0
100048c0:	dc01      	bgt.n	100048c6 <dd_4>
100048c2:	0039      	movs	r1, r7
100048c4:	bdf0      	pop	{r4, r5, r6, r7, pc}

100048c6 <dd_4>:
100048c6:	3301      	adds	r3, #1
100048c8:	0519      	lsls	r1, r3, #20
100048ca:	e7f5      	b.n	100048b8 <dd_5>
100048cc:	000003fd 	.word	0x000003fd
100048d0:	000007fe 	.word	0x000007fe

100048d4 <double2uint_shim>:
100048d4:	2200      	movs	r2, #0

100048d6 <double2ufix_shim>:
100048d6:	b500      	push	{lr}
100048d8:	3220      	adds	r2, #32
100048da:	f000 f810 	bl	100048fe <double2ufix64_shim>
100048de:	0008      	movs	r0, r1
100048e0:	bd00      	pop	{pc}

100048e2 <double2int64_shim>:
100048e2:	2200      	movs	r2, #0

100048e4 <double2fix64_shim>:
100048e4:	b500      	push	{lr}
100048e6:	f000 f80c 	bl	10004902 <d2fix>
100048ea:	17ca      	asrs	r2, r1, #31
100048ec:	429a      	cmp	r2, r3
100048ee:	d100      	bne.n	100048f2 <double2fix64_shim+0xe>
100048f0:	bd00      	pop	{pc}
100048f2:	43d8      	mvns	r0, r3
100048f4:	2101      	movs	r1, #1
100048f6:	07c9      	lsls	r1, r1, #31
100048f8:	4041      	eors	r1, r0
100048fa:	bd00      	pop	{pc}

100048fc <double2uint64_shim>:
100048fc:	2200      	movs	r2, #0

100048fe <double2ufix64_shim>:
100048fe:	150b      	asrs	r3, r1, #20
10004900:	d40a      	bmi.n	10004918 <ret_dzero>

10004902 <d2fix>:
10004902:	b510      	push	{r4, lr}
10004904:	4694      	mov	ip, r2
10004906:	f000 f8a7 	bl	10004a58 <dunpacks>
1000490a:	1414      	asrs	r4, r2, #16
1000490c:	3401      	adds	r4, #1
1000490e:	da00      	bge.n	10004912 <d2fix+0x10>
10004910:	2100      	movs	r1, #0
10004912:	17cb      	asrs	r3, r1, #31
10004914:	4c14      	ldr	r4, [pc, #80]	; (10004968 <d2fix_a+0x4a>)
10004916:	4720      	bx	r4

10004918 <ret_dzero>:
10004918:	2000      	movs	r0, #0
1000491a:	2100      	movs	r1, #0
1000491c:	4770      	bx	lr

1000491e <d2fix_a>:
1000491e:	4462      	add	r2, ip
10004920:	3a34      	subs	r2, #52	; 0x34
10004922:	d40c      	bmi.n	1000493e <d2fix_a+0x20>
10004924:	2a0c      	cmp	r2, #12
10004926:	da07      	bge.n	10004938 <d2fix_a+0x1a>
10004928:	0004      	movs	r4, r0
1000492a:	4091      	lsls	r1, r2
1000492c:	4090      	lsls	r0, r2
1000492e:	4252      	negs	r2, r2
10004930:	3220      	adds	r2, #32
10004932:	40d4      	lsrs	r4, r2
10004934:	4321      	orrs	r1, r4
10004936:	bd10      	pop	{r4, pc}
10004938:	43d8      	mvns	r0, r3
1000493a:	43d9      	mvns	r1, r3
1000493c:	bd10      	pop	{r4, pc}
1000493e:	3220      	adds	r2, #32
10004940:	d407      	bmi.n	10004952 <d2fix_a+0x34>
10004942:	460c      	mov	r4, r1
10004944:	4094      	lsls	r4, r2
10004946:	4252      	negs	r2, r2
10004948:	3220      	adds	r2, #32
1000494a:	4111      	asrs	r1, r2
1000494c:	40d0      	lsrs	r0, r2
1000494e:	4320      	orrs	r0, r4
10004950:	bd10      	pop	{r4, pc}
10004952:	0008      	movs	r0, r1
10004954:	17c9      	asrs	r1, r1, #31
10004956:	3220      	adds	r2, #32
10004958:	d403      	bmi.n	10004962 <d2fix_a+0x44>
1000495a:	4252      	negs	r2, r2
1000495c:	3220      	adds	r2, #32
1000495e:	4110      	asrs	r0, r2
10004960:	bd10      	pop	{r4, pc}
10004962:	0018      	movs	r0, r3
10004964:	0019      	movs	r1, r3
10004966:	bd10      	pop	{r4, pc}
10004968:	1000491f 	.word	0x1000491f

1000496c <double2float_shim>:
1000496c:	004a      	lsls	r2, r1, #1
1000496e:	0d52      	lsrs	r2, r2, #21
10004970:	4b14      	ldr	r3, [pc, #80]	; (100049c4 <double2float_shim+0x58>)
10004972:	1ad2      	subs	r2, r2, r3
10004974:	dd13      	ble.n	1000499e <double2float_shim+0x32>
10004976:	2aff      	cmp	r2, #255	; 0xff
10004978:	da1e      	bge.n	100049b8 <double2float_shim+0x4c>
1000497a:	05d2      	lsls	r2, r2, #23
1000497c:	0fcb      	lsrs	r3, r1, #31
1000497e:	07db      	lsls	r3, r3, #31
10004980:	431a      	orrs	r2, r3
10004982:	00c3      	lsls	r3, r0, #3
10004984:	0f40      	lsrs	r0, r0, #29
10004986:	0309      	lsls	r1, r1, #12
10004988:	0a49      	lsrs	r1, r1, #9
1000498a:	4308      	orrs	r0, r1
1000498c:	4310      	orrs	r0, r2
1000498e:	005b      	lsls	r3, r3, #1
10004990:	d301      	bcc.n	10004996 <double2float_shim+0x2a>
10004992:	d001      	beq.n	10004998 <double2float_shim+0x2c>
10004994:	3001      	adds	r0, #1
10004996:	4770      	bx	lr
10004998:	0843      	lsrs	r3, r0, #1
1000499a:	d2fb      	bcs.n	10004994 <double2float_shim+0x28>
1000499c:	4770      	bx	lr
1000499e:	d002      	beq.n	100049a6 <double2float_shim+0x3a>
100049a0:	0fc8      	lsrs	r0, r1, #31
100049a2:	07c0      	lsls	r0, r0, #31
100049a4:	4770      	bx	lr
100049a6:	030a      	lsls	r2, r1, #12
100049a8:	1312      	asrs	r2, r2, #12
100049aa:	3201      	adds	r2, #1
100049ac:	d1f8      	bne.n	100049a0 <double2float_shim+0x34>
100049ae:	0f42      	lsrs	r2, r0, #29
100049b0:	2a07      	cmp	r2, #7
100049b2:	d1f5      	bne.n	100049a0 <double2float_shim+0x34>
100049b4:	2201      	movs	r2, #1
100049b6:	e000      	b.n	100049ba <double2float_shim+0x4e>
100049b8:	22ff      	movs	r2, #255	; 0xff
100049ba:	0fc8      	lsrs	r0, r1, #31
100049bc:	0200      	lsls	r0, r0, #8
100049be:	1880      	adds	r0, r0, r2
100049c0:	05c0      	lsls	r0, r0, #23
100049c2:	4770      	bx	lr
100049c4:	00000380 	.word	0x00000380

100049c8 <uint2double_shim>:
100049c8:	2100      	movs	r1, #0

100049ca <ufix2double_shim>:
100049ca:	000a      	movs	r2, r1
100049cc:	2100      	movs	r1, #0
100049ce:	e004      	b.n	100049da <ufix642double_shim>

100049d0 <int2double_shim>:
100049d0:	2100      	movs	r1, #0

100049d2 <fix2double_shim>:
100049d2:	000a      	movs	r2, r1
100049d4:	17c1      	asrs	r1, r0, #31
100049d6:	e004      	b.n	100049e2 <fix642double_shim>

100049d8 <uint642double_shim>:
100049d8:	2200      	movs	r2, #0

100049da <ufix642double_shim>:
100049da:	2300      	movs	r3, #0
100049dc:	e006      	b.n	100049ec <uf2d>
100049de:	46c0      	nop			; (mov r8, r8)

100049e0 <int642double_shim>:
100049e0:	2200      	movs	r2, #0

100049e2 <fix642double_shim>:
100049e2:	17cb      	asrs	r3, r1, #31
100049e4:	4058      	eors	r0, r3
100049e6:	4059      	eors	r1, r3
100049e8:	1ac0      	subs	r0, r0, r3
100049ea:	4199      	sbcs	r1, r3

100049ec <uf2d>:
100049ec:	b530      	push	{r4, r5, lr}
100049ee:	4c18      	ldr	r4, [pc, #96]	; (10004a50 <uf2d+0x64>)
100049f0:	1aa2      	subs	r2, r4, r2
100049f2:	2900      	cmp	r1, #0
100049f4:	d103      	bne.n	100049fe <uf2d+0x12>
100049f6:	0001      	movs	r1, r0
100049f8:	d010      	beq.n	10004a1c <uf2d+0x30>
100049fa:	2000      	movs	r0, #0
100049fc:	3a20      	subs	r2, #32
100049fe:	154c      	asrs	r4, r1, #21
10004a00:	d112      	bne.n	10004a28 <uf2d+0x3c>
10004a02:	d204      	bcs.n	10004a0e <uf2d+0x22>
10004a04:	3a01      	subs	r2, #1
10004a06:	1800      	adds	r0, r0, r0
10004a08:	4149      	adcs	r1, r1
10004a0a:	0d4c      	lsrs	r4, r1, #21
10004a0c:	d3fa      	bcc.n	10004a04 <uf2d+0x18>
10004a0e:	4c11      	ldr	r4, [pc, #68]	; (10004a54 <uf2d+0x68>)
10004a10:	42a2      	cmp	r2, r4
10004a12:	d204      	bcs.n	10004a1e <uf2d+0x32>
10004a14:	0512      	lsls	r2, r2, #20
10004a16:	1889      	adds	r1, r1, r2
10004a18:	07db      	lsls	r3, r3, #31
10004a1a:	18c9      	adds	r1, r1, r3
10004a1c:	bd30      	pop	{r4, r5, pc}
10004a1e:	43d2      	mvns	r2, r2
10004a20:	0d52      	lsrs	r2, r2, #21
10004a22:	2000      	movs	r0, #0
10004a24:	2100      	movs	r1, #0
10004a26:	e7f5      	b.n	10004a14 <uf2d+0x28>
10004a28:	d403      	bmi.n	10004a32 <uf2d+0x46>
10004a2a:	3a01      	subs	r2, #1
10004a2c:	1800      	adds	r0, r0, r0
10004a2e:	4149      	adcs	r1, r1
10004a30:	d5fb      	bpl.n	10004a2a <uf2d+0x3e>
10004a32:	320b      	adds	r2, #11
10004a34:	0544      	lsls	r4, r0, #21
10004a36:	0ac0      	lsrs	r0, r0, #11
10004a38:	054d      	lsls	r5, r1, #21
10004a3a:	4328      	orrs	r0, r5
10004a3c:	0ac9      	lsrs	r1, r1, #11
10004a3e:	0064      	lsls	r4, r4, #1
10004a40:	d003      	beq.n	10004a4a <uf2d+0x5e>
10004a42:	2400      	movs	r4, #0
10004a44:	4160      	adcs	r0, r4
10004a46:	4161      	adcs	r1, r4
10004a48:	e7e1      	b.n	10004a0e <uf2d+0x22>
10004a4a:	d3e0      	bcc.n	10004a0e <uf2d+0x22>
10004a4c:	0844      	lsrs	r4, r0, #1
10004a4e:	e7f8      	b.n	10004a42 <uf2d+0x56>
10004a50:	00000432 	.word	0x00000432
10004a54:	000007fe 	.word	0x000007fe

10004a58 <dunpacks>:
10004a58:	0d0a      	lsrs	r2, r1, #20
10004a5a:	0fcc      	lsrs	r4, r1, #31
10004a5c:	1e53      	subs	r3, r2, #1
10004a5e:	051b      	lsls	r3, r3, #20
10004a60:	1ac9      	subs	r1, r1, r3
10004a62:	0552      	lsls	r2, r2, #21
10004a64:	d303      	bcc.n	10004a6e <l60_1>
10004a66:	43c9      	mvns	r1, r1
10004a68:	4240      	negs	r0, r0
10004a6a:	d300      	bcc.n	10004a6e <l60_1>
10004a6c:	3101      	adds	r1, #1

10004a6e <l60_1>:
10004a6e:	0d52      	lsrs	r2, r2, #21
10004a70:	d003      	beq.n	10004a7a <l60_2>
10004a72:	1c53      	adds	r3, r2, #1
10004a74:	0adb      	lsrs	r3, r3, #11
10004a76:	d007      	beq.n	10004a88 <l60_3>
10004a78:	1b12      	subs	r2, r2, r4

10004a7a <l60_2>:
10004a7a:	2000      	movs	r0, #0
10004a7c:	0064      	lsls	r4, r4, #1
10004a7e:	1c61      	adds	r1, r4, #1
10004a80:	0789      	lsls	r1, r1, #30
10004a82:	1289      	asrs	r1, r1, #10
10004a84:	3a80      	subs	r2, #128	; 0x80
10004a86:	0312      	lsls	r2, r2, #12

10004a88 <l60_3>:
10004a88:	4b01      	ldr	r3, [pc, #4]	; (10004a90 <l60_3+0x8>)
10004a8a:	1ad2      	subs	r2, r2, r3
10004a8c:	4770      	bx	lr
10004a8e:	0000      	.short	0x0000
10004a90:	000003ff 	.word	0x000003ff

10004a94 <__wrap___aeabi_lmul>:
10004a94:	4351      	muls	r1, r2
10004a96:	4343      	muls	r3, r0
10004a98:	18c9      	adds	r1, r1, r3
10004a9a:	468c      	mov	ip, r1
10004a9c:	0c11      	lsrs	r1, r2, #16
10004a9e:	b283      	uxth	r3, r0
10004aa0:	434b      	muls	r3, r1
10004aa2:	b410      	push	{r4}
10004aa4:	0c04      	lsrs	r4, r0, #16
10004aa6:	4361      	muls	r1, r4
10004aa8:	b292      	uxth	r2, r2
10004aaa:	b280      	uxth	r0, r0
10004aac:	4350      	muls	r0, r2
10004aae:	4362      	muls	r2, r4
10004ab0:	041c      	lsls	r4, r3, #16
10004ab2:	0c1b      	lsrs	r3, r3, #16
10004ab4:	1900      	adds	r0, r0, r4
10004ab6:	bc10      	pop	{r4}
10004ab8:	4159      	adcs	r1, r3
10004aba:	0413      	lsls	r3, r2, #16
10004abc:	0c12      	lsrs	r2, r2, #16
10004abe:	18c0      	adds	r0, r0, r3
10004ac0:	4151      	adcs	r1, r2
10004ac2:	4461      	add	r1, ip
10004ac4:	4770      	bx	lr
	...

10004ac8 <__wrap___aeabi_frsub>:
10004ac8:	4048      	eors	r0, r1
10004aca:	4041      	eors	r1, r0
10004acc:	4048      	eors	r0, r1

10004ace <__wrap___aeabi_fsub>:
10004ace:	2300      	movs	r3, #0
10004ad0:	469c      	mov	ip, r3
10004ad2:	4b11      	ldr	r3, [pc, #68]	; (10004b18 <__wrap___aeabi_fmul+0xa>)
10004ad4:	685b      	ldr	r3, [r3, #4]
10004ad6:	4718      	bx	r3

10004ad8 <__wrap___aeabi_fadd>:
10004ad8:	2300      	movs	r3, #0
10004ada:	469c      	mov	ip, r3
10004adc:	4b0e      	ldr	r3, [pc, #56]	; (10004b18 <__wrap___aeabi_fmul+0xa>)
10004ade:	681b      	ldr	r3, [r3, #0]
10004ae0:	4718      	bx	r3

10004ae2 <__wrap___aeabi_fdiv>:
10004ae2:	4a0e      	ldr	r2, [pc, #56]	; (10004b1c <__wrap___aeabi_fmul+0xe>)
10004ae4:	6f93      	ldr	r3, [r2, #120]	; 0x78
10004ae6:	089b      	lsrs	r3, r3, #2
10004ae8:	d204      	bcs.n	10004af4 <fdiv_save_state>

10004aea <fdiv_shim_call>:
10004aea:	2300      	movs	r3, #0
10004aec:	469c      	mov	ip, r3
10004aee:	4b0a      	ldr	r3, [pc, #40]	; (10004b18 <__wrap___aeabi_fmul+0xa>)
10004af0:	68db      	ldr	r3, [r3, #12]
10004af2:	4718      	bx	r3

10004af4 <fdiv_save_state>:
10004af4:	b5f0      	push	{r4, r5, r6, r7, lr}
10004af6:	6e14      	ldr	r4, [r2, #96]	; 0x60
10004af8:	6e55      	ldr	r5, [r2, #100]	; 0x64
10004afa:	6f57      	ldr	r7, [r2, #116]	; 0x74
10004afc:	6f16      	ldr	r6, [r2, #112]	; 0x70
10004afe:	f7ff fff4 	bl	10004aea <fdiv_shim_call>
10004b02:	4a06      	ldr	r2, [pc, #24]	; (10004b1c <__wrap___aeabi_fmul+0xe>)
10004b04:	6614      	str	r4, [r2, #96]	; 0x60
10004b06:	6655      	str	r5, [r2, #100]	; 0x64
10004b08:	6757      	str	r7, [r2, #116]	; 0x74
10004b0a:	6716      	str	r6, [r2, #112]	; 0x70
10004b0c:	bdf0      	pop	{r4, r5, r6, r7, pc}

10004b0e <__wrap___aeabi_fmul>:
10004b0e:	2300      	movs	r3, #0
10004b10:	469c      	mov	ip, r3
10004b12:	4b01      	ldr	r3, [pc, #4]	; (10004b18 <__wrap___aeabi_fmul+0xa>)
10004b14:	689b      	ldr	r3, [r3, #8]
10004b16:	4718      	bx	r3
10004b18:	20002354 	.word	0x20002354
10004b1c:	d0000000 	.word	0xd0000000

10004b20 <__wrap___aeabi_cfrcmple>:
10004b20:	b507      	push	{r0, r1, r2, lr}
10004b22:	4048      	eors	r0, r1
10004b24:	4041      	eors	r1, r0
10004b26:	4048      	eors	r0, r1
10004b28:	e001      	b.n	10004b2e <__aeabi_cfcmple_guts>
10004b2a:	46c0      	nop			; (mov r8, r8)

10004b2c <__wrap___aeabi_cfcmpeq>:
10004b2c:	b507      	push	{r0, r1, r2, lr}

10004b2e <__aeabi_cfcmple_guts>:
10004b2e:	0042      	lsls	r2, r0, #1
10004b30:	0e12      	lsrs	r2, r2, #24
10004b32:	d003      	beq.n	10004b3c <__aeabi_cfcmple_guts+0xe>
10004b34:	2aff      	cmp	r2, #255	; 0xff
10004b36:	d103      	bne.n	10004b40 <__aeabi_cfcmple_guts+0x12>
10004b38:	0242      	lsls	r2, r0, #9
10004b3a:	d818      	bhi.n	10004b6e <__aeabi_cfcmple_guts+0x40>
10004b3c:	0dc0      	lsrs	r0, r0, #23
10004b3e:	05c0      	lsls	r0, r0, #23
10004b40:	004a      	lsls	r2, r1, #1
10004b42:	0e12      	lsrs	r2, r2, #24
10004b44:	d003      	beq.n	10004b4e <__aeabi_cfcmple_guts+0x20>
10004b46:	2aff      	cmp	r2, #255	; 0xff
10004b48:	d103      	bne.n	10004b52 <__aeabi_cfcmple_guts+0x24>
10004b4a:	024a      	lsls	r2, r1, #9
10004b4c:	d80f      	bhi.n	10004b6e <__aeabi_cfcmple_guts+0x40>
10004b4e:	0dc9      	lsrs	r1, r1, #23
10004b50:	05c9      	lsls	r1, r1, #23
10004b52:	2201      	movs	r2, #1
10004b54:	4041      	eors	r1, r0
10004b56:	d405      	bmi.n	10004b64 <__aeabi_cfcmple_guts+0x36>
10004b58:	4041      	eors	r1, r0
10004b5a:	d501      	bpl.n	10004b60 <__aeabi_cfcmple_guts+0x32>
10004b5c:	4281      	cmp	r1, r0
10004b5e:	bd07      	pop	{r0, r1, r2, pc}
10004b60:	4288      	cmp	r0, r1
10004b62:	bd07      	pop	{r0, r1, r2, pc}
10004b64:	4301      	orrs	r1, r0
10004b66:	1849      	adds	r1, r1, r1
10004b68:	d001      	beq.n	10004b6e <__aeabi_cfcmple_guts+0x40>
10004b6a:	43c0      	mvns	r0, r0
10004b6c:	1800      	adds	r0, r0, r0
10004b6e:	bd07      	pop	{r0, r1, r2, pc}

10004b70 <__wrap___aeabi_fcmple>:
10004b70:	b500      	push	{lr}
10004b72:	f7ff ffdb 	bl	10004b2c <__wrap___aeabi_cfcmpeq>
10004b76:	d901      	bls.n	10004b7c <__wrap___aeabi_fcmple+0xc>
10004b78:	2000      	movs	r0, #0
10004b7a:	bd00      	pop	{pc}
10004b7c:	2001      	movs	r0, #1
10004b7e:	bd00      	pop	{pc}

10004b80 <__wrap___aeabi_fcmpgt>:
10004b80:	b500      	push	{lr}
10004b82:	f7ff ffcd 	bl	10004b20 <__wrap___aeabi_cfrcmple>
10004b86:	4180      	sbcs	r0, r0
10004b88:	bd00      	pop	{pc}

10004b8a <__wrap___aeabi_fcmpun>:
10004b8a:	2301      	movs	r3, #1
10004b8c:	061b      	lsls	r3, r3, #24
10004b8e:	0042      	lsls	r2, r0, #1
10004b90:	18d2      	adds	r2, r2, r3
10004b92:	d804      	bhi.n	10004b9e <__wrap___aeabi_fcmpun+0x14>
10004b94:	004a      	lsls	r2, r1, #1
10004b96:	18d2      	adds	r2, r2, r3
10004b98:	d801      	bhi.n	10004b9e <__wrap___aeabi_fcmpun+0x14>
10004b9a:	2000      	movs	r0, #0
10004b9c:	4770      	bx	lr
10004b9e:	2001      	movs	r0, #1
10004ba0:	4770      	bx	lr

10004ba2 <__wrap___aeabi_ui2f>:
10004ba2:	1a49      	subs	r1, r1, r1
10004ba4:	2800      	cmp	r0, #0
10004ba6:	d107      	bne.n	10004bb8 <__aeabi_i2f_main>
10004ba8:	4608      	mov	r0, r1
10004baa:	4770      	bx	lr

10004bac <__wrap___aeabi_i2f>:
10004bac:	0fc1      	lsrs	r1, r0, #31
10004bae:	07c9      	lsls	r1, r1, #31
10004bb0:	d500      	bpl.n	10004bb4 <__wrap___aeabi_i2f+0x8>
10004bb2:	4240      	negs	r0, r0
10004bb4:	2800      	cmp	r0, #0
10004bb6:	d017      	beq.n	10004be8 <__aeabi_i2f_main+0x30>

10004bb8 <__aeabi_i2f_main>:
10004bb8:	46f4      	mov	ip, lr
10004bba:	b403      	push	{r0, r1}
10004bbc:	4b0b      	ldr	r3, [pc, #44]	; (10004bec <__aeabi_i2f_main+0x34>)
10004bbe:	681b      	ldr	r3, [r3, #0]
10004bc0:	4798      	blx	r3
10004bc2:	bc06      	pop	{r1, r2}
10004bc4:	4081      	lsls	r1, r0
10004bc6:	389e      	subs	r0, #158	; 0x9e
10004bc8:	4240      	negs	r0, r0
10004bca:	3180      	adds	r1, #128	; 0x80
10004bcc:	d207      	bcs.n	10004bde <__aeabi_i2f_main+0x26>
10004bce:	060b      	lsls	r3, r1, #24
10004bd0:	d007      	beq.n	10004be2 <__aeabi_i2f_main+0x2a>
10004bd2:	0049      	lsls	r1, r1, #1
10004bd4:	0a49      	lsrs	r1, r1, #9
10004bd6:	05c0      	lsls	r0, r0, #23
10004bd8:	4310      	orrs	r0, r2
10004bda:	4308      	orrs	r0, r1
10004bdc:	4760      	bx	ip
10004bde:	3001      	adds	r0, #1
10004be0:	e7f8      	b.n	10004bd4 <__aeabi_i2f_main+0x1c>
10004be2:	0a49      	lsrs	r1, r1, #9
10004be4:	0289      	lsls	r1, r1, #10
10004be6:	e7f5      	b.n	10004bd4 <__aeabi_i2f_main+0x1c>
10004be8:	4770      	bx	lr
10004bea:	0000      	.short	0x0000
10004bec:	20002350 	.word	0x20002350

10004bf0 <fix2float>:
10004bf0:	2300      	movs	r3, #0
10004bf2:	469c      	mov	ip, r3
10004bf4:	4b01      	ldr	r3, [pc, #4]	; (10004bfc <fix2float+0xc>)
10004bf6:	6b1b      	ldr	r3, [r3, #48]	; 0x30
10004bf8:	4718      	bx	r3
10004bfa:	0000      	.short	0x0000
10004bfc:	20002354 	.word	0x20002354
10004c00:	4a05      	ldr	r2, [pc, #20]	; (10004c18 <__wrap___aeabi_ul2f+0x14>)
10004c02:	4710      	bx	r2

10004c04 <__wrap___aeabi_ul2f>:
10004c04:	2900      	cmp	r1, #0
10004c06:	d0fb      	beq.n	10004c00 <fix2float+0x10>
10004c08:	4b04      	ldr	r3, [pc, #16]	; (10004c1c <__wrap___aeabi_ul2f+0x18>)
10004c0a:	6e5b      	ldr	r3, [r3, #100]	; 0x64
10004c0c:	46fc      	mov	ip, pc
10004c0e:	4718      	bx	r3
10004c10:	4ef1df64 	.word	0x4ef1df64
10004c14:	00001000 	.word	0x00001000
10004c18:	10004ba3 	.word	0x10004ba3
10004c1c:	20002354 	.word	0x20002354

10004c20 <__wrap___aeabi_f2d>:
10004c20:	4b03      	ldr	r3, [pc, #12]	; (10004c30 <__wrap___aeabi_f2d+0x10>)
10004c22:	6fdb      	ldr	r3, [r3, #124]	; 0x7c
10004c24:	46fc      	mov	ip, pc
10004c26:	4718      	bx	r3
10004c28:	4f35df7c 	.word	0x4f35df7c
10004c2c:	00001000 	.word	0x00001000
10004c30:	20002354 	.word	0x20002354

10004c34 <__wrap_sinf>:
10004c34:	0041      	lsls	r1, r0, #1
10004c36:	0e09      	lsrs	r1, r1, #24
10004c38:	2986      	cmp	r1, #134	; 0x86
10004c3a:	da04      	bge.n	10004c46 <__wrap_sinf+0x12>
10004c3c:	2300      	movs	r3, #0
10004c3e:	469c      	mov	ip, r3
10004c40:	4b04      	ldr	r3, [pc, #16]	; (10004c54 <__wrap_sinf+0x20>)
10004c42:	6c1b      	ldr	r3, [r3, #64]	; 0x40
10004c44:	4718      	bx	r3
10004c46:	4904      	ldr	r1, [pc, #16]	; (10004c58 <__wrap_sinf+0x24>)
10004c48:	b500      	push	{lr}
10004c4a:	f000 f932 	bl	10004eb2 <__wrap_remainderf>
10004c4e:	bc02      	pop	{r1}
10004c50:	468e      	mov	lr, r1
10004c52:	e7f3      	b.n	10004c3c <__wrap_sinf+0x8>
10004c54:	20002354 	.word	0x20002354
10004c58:	40c90fdb 	.word	0x40c90fdb

10004c5c <__aeabi_float_init>:
10004c5c:	b570      	push	{r4, r5, r6, lr}
10004c5e:	2313      	movs	r3, #19
10004c60:	781d      	ldrb	r5, [r3, #0]
10004c62:	482a      	ldr	r0, [pc, #168]	; (10004d0c <__aeabi_float_init+0xb0>)
10004c64:	f7fe fec8 	bl	100039f8 <rom_data_lookup>
10004c68:	0004      	movs	r4, r0
10004c6a:	2d01      	cmp	r5, #1
10004c6c:	d011      	beq.n	10004c92 <__aeabi_float_init+0x36>
10004c6e:	2d01      	cmp	r5, #1
10004c70:	dd09      	ble.n	10004c86 <__aeabi_float_init+0x2a>
10004c72:	1ea3      	subs	r3, r4, #2
10004c74:	781b      	ldrb	r3, [r3, #0]
10004c76:	009b      	lsls	r3, r3, #2
10004c78:	2b7f      	cmp	r3, #127	; 0x7f
10004c7a:	dd40      	ble.n	10004cfe <__aeabi_float_init+0xa2>
10004c7c:	2280      	movs	r2, #128	; 0x80
10004c7e:	0021      	movs	r1, r4
10004c80:	4823      	ldr	r0, [pc, #140]	; (10004d10 <__aeabi_float_init+0xb4>)
10004c82:	f000 f97d 	bl	10004f80 <__wrap___aeabi_memcpy>
10004c86:	4823      	ldr	r0, [pc, #140]	; (10004d14 <__aeabi_float_init+0xb8>)
10004c88:	f7fe feae 	bl	100039e8 <rom_func_lookup>
10004c8c:	4b22      	ldr	r3, [pc, #136]	; (10004d18 <__aeabi_float_init+0xbc>)
10004c8e:	6018      	str	r0, [r3, #0]
10004c90:	bd70      	pop	{r4, r5, r6, pc}
10004c92:	2254      	movs	r2, #84	; 0x54
10004c94:	0001      	movs	r1, r0
10004c96:	481e      	ldr	r0, [pc, #120]	; (10004d10 <__aeabi_float_init+0xb4>)
10004c98:	f000 f972 	bl	10004f80 <__wrap___aeabi_memcpy>
10004c9c:	4b1f      	ldr	r3, [pc, #124]	; (10004d1c <__aeabi_float_init+0xc0>)
10004c9e:	881a      	ldrh	r2, [r3, #0]
10004ca0:	4b1f      	ldr	r3, [pc, #124]	; (10004d20 <__aeabi_float_init+0xc4>)
10004ca2:	429a      	cmp	r2, r3
10004ca4:	d11c      	bne.n	10004ce0 <__aeabi_float_init+0x84>
10004ca6:	23a7      	movs	r3, #167	; 0xa7
10004ca8:	019b      	lsls	r3, r3, #6
10004caa:	881a      	ldrh	r2, [r3, #0]
10004cac:	4b1d      	ldr	r3, [pc, #116]	; (10004d24 <__aeabi_float_init+0xc8>)
10004cae:	429a      	cmp	r2, r3
10004cb0:	d116      	bne.n	10004ce0 <__aeabi_float_init+0x84>
10004cb2:	4b1d      	ldr	r3, [pc, #116]	; (10004d28 <__aeabi_float_init+0xcc>)
10004cb4:	881a      	ldrh	r2, [r3, #0]
10004cb6:	4b1d      	ldr	r3, [pc, #116]	; (10004d2c <__aeabi_float_init+0xd0>)
10004cb8:	429a      	cmp	r2, r3
10004cba:	d111      	bne.n	10004ce0 <__aeabi_float_init+0x84>
10004cbc:	4b1c      	ldr	r3, [pc, #112]	; (10004d30 <__aeabi_float_init+0xd4>)
10004cbe:	881a      	ldrh	r2, [r3, #0]
10004cc0:	2394      	movs	r3, #148	; 0x94
10004cc2:	019b      	lsls	r3, r3, #6
10004cc4:	429a      	cmp	r2, r3
10004cc6:	d10b      	bne.n	10004ce0 <__aeabi_float_init+0x84>
10004cc8:	4b1a      	ldr	r3, [pc, #104]	; (10004d34 <__aeabi_float_init+0xd8>)
10004cca:	881a      	ldrh	r2, [r3, #0]
10004ccc:	4b1a      	ldr	r3, [pc, #104]	; (10004d38 <__aeabi_float_init+0xdc>)
10004cce:	429a      	cmp	r2, r3
10004cd0:	d106      	bne.n	10004ce0 <__aeabi_float_init+0x84>
10004cd2:	4b1a      	ldr	r3, [pc, #104]	; (10004d3c <__aeabi_float_init+0xe0>)
10004cd4:	681a      	ldr	r2, [r3, #0]
10004cd6:	4b1a      	ldr	r3, [pc, #104]	; (10004d40 <__aeabi_float_init+0xe4>)
10004cd8:	429a      	cmp	r2, r3
10004cda:	d101      	bne.n	10004ce0 <__aeabi_float_init+0x84>
10004cdc:	2315      	movs	r3, #21
10004cde:	e007      	b.n	10004cf0 <__aeabi_float_init+0x94>
10004ce0:	4818      	ldr	r0, [pc, #96]	; (10004d44 <__aeabi_float_init+0xe8>)
10004ce2:	f7fd fdc1 	bl	10002868 <panic>
10004ce6:	0099      	lsls	r1, r3, #2
10004ce8:	4817      	ldr	r0, [pc, #92]	; (10004d48 <__aeabi_float_init+0xec>)
10004cea:	4a09      	ldr	r2, [pc, #36]	; (10004d10 <__aeabi_float_init+0xb4>)
10004cec:	5088      	str	r0, [r1, r2]
10004cee:	3301      	adds	r3, #1
10004cf0:	2b1f      	cmp	r3, #31
10004cf2:	d9f8      	bls.n	10004ce6 <__aeabi_float_init+0x8a>
10004cf4:	4a14      	ldr	r2, [pc, #80]	; (10004d48 <__aeabi_float_init+0xec>)
10004cf6:	4b06      	ldr	r3, [pc, #24]	; (10004d10 <__aeabi_float_init+0xb4>)
10004cf8:	621a      	str	r2, [r3, #32]
10004cfa:	61da      	str	r2, [r3, #28]
10004cfc:	e7b7      	b.n	10004c6e <__aeabi_float_init+0x12>
10004cfe:	4b13      	ldr	r3, [pc, #76]	; (10004d4c <__aeabi_float_init+0xf0>)
10004d00:	4a13      	ldr	r2, [pc, #76]	; (10004d50 <__aeabi_float_init+0xf4>)
10004d02:	2142      	movs	r1, #66	; 0x42
10004d04:	4813      	ldr	r0, [pc, #76]	; (10004d54 <__aeabi_float_init+0xf8>)
10004d06:	f7fd fd15 	bl	10002734 <__assert_func>
10004d0a:	46c0      	nop			; (mov r8, r8)
10004d0c:	00004653 	.word	0x00004653
10004d10:	20002354 	.word	0x20002354
10004d14:	0000334c 	.word	0x0000334c
10004d18:	20002350 	.word	0x20002350
10004d1c:	000029ee 	.word	0x000029ee
10004d20:	00000fc4 	.word	0x00000fc4
10004d24:	00000dc2 	.word	0x00000dc2
10004d28:	00002b96 	.word	0x00002b96
10004d2c:	0000b5c0 	.word	0x0000b5c0
10004d30:	00002b18 	.word	0x00002b18
10004d34:	00002acc 	.word	0x00002acc
10004d38:	0000b510 	.word	0x0000b510
10004d3c:	00002cfc 	.word	0x00002cfc
10004d40:	6487ed51 	.word	0x6487ed51
10004d44:	1000a7b0 	.word	0x1000a7b0
10004d48:	10004ebd 	.word	0x10004ebd
10004d4c:	1000b674 	.word	0x1000b674
10004d50:	1000b70c 	.word	0x1000b70c
10004d54:	1000b6a8 	.word	0x1000b6a8

10004d58 <frem_0>:
10004d58:	b5f0      	push	{r4, r5, r6, r7, lr}
10004d5a:	46c6      	mov	lr, r8
10004d5c:	b500      	push	{lr}
10004d5e:	0005      	movs	r5, r0
10004d60:	000f      	movs	r7, r1
10004d62:	1e16      	subs	r6, r2, #0
10004d64:	4698      	mov	r8, r3
10004d66:	dd1b      	ble.n	10004da0 <frem_0+0x48>
10004d68:	11c9      	asrs	r1, r1, #7
10004d6a:	2001      	movs	r0, #1
10004d6c:	4240      	negs	r0, r0
10004d6e:	f7fe fe8f 	bl	10003a90 <__wrap___aeabi_uidiv>
10004d72:	2200      	movs	r2, #0
10004d74:	e00e      	b.n	10004d94 <frem_0+0x3c>
10004d76:	230c      	movs	r3, #12
10004d78:	126c      	asrs	r4, r5, #9
10004d7a:	4344      	muls	r4, r0
10004d7c:	211d      	movs	r1, #29
10004d7e:	1ac9      	subs	r1, r1, r3
10004d80:	410c      	asrs	r4, r1
10004d82:	3401      	adds	r4, #1
10004d84:	1064      	asrs	r4, r4, #1
10004d86:	409d      	lsls	r5, r3
10004d88:	0021      	movs	r1, r4
10004d8a:	4379      	muls	r1, r7
10004d8c:	1a6d      	subs	r5, r5, r1
10004d8e:	409a      	lsls	r2, r3
10004d90:	1912      	adds	r2, r2, r4
10004d92:	1af6      	subs	r6, r6, r3
10004d94:	2e00      	cmp	r6, #0
10004d96:	dd05      	ble.n	10004da4 <frem_0+0x4c>
10004d98:	2e0c      	cmp	r6, #12
10004d9a:	dcec      	bgt.n	10004d76 <frem_0+0x1e>
10004d9c:	0033      	movs	r3, r6
10004d9e:	e7eb      	b.n	10004d78 <frem_0+0x20>
10004da0:	2000      	movs	r0, #0
10004da2:	e7e6      	b.n	10004d72 <frem_0+0x1a>
10004da4:	42bd      	cmp	r5, r7
10004da6:	db01      	blt.n	10004dac <frem_0+0x54>
10004da8:	1bed      	subs	r5, r5, r7
10004daa:	3201      	adds	r2, #1
10004dac:	42bd      	cmp	r5, r7
10004dae:	db01      	blt.n	10004db4 <frem_0+0x5c>
10004db0:	1bed      	subs	r5, r5, r7
10004db2:	3201      	adds	r2, #1
10004db4:	2d00      	cmp	r5, #0
10004db6:	db09      	blt.n	10004dcc <frem_0+0x74>
10004db8:	2d00      	cmp	r5, #0
10004dba:	db0a      	blt.n	10004dd2 <frem_0+0x7a>
10004dbc:	4643      	mov	r3, r8
10004dbe:	2b00      	cmp	r3, #0
10004dc0:	d000      	beq.n	10004dc4 <frem_0+0x6c>
10004dc2:	601a      	str	r2, [r3, #0]
10004dc4:	0028      	movs	r0, r5
10004dc6:	bc80      	pop	{r7}
10004dc8:	46b8      	mov	r8, r7
10004dca:	bdf0      	pop	{r4, r5, r6, r7, pc}
10004dcc:	19ed      	adds	r5, r5, r7
10004dce:	3a01      	subs	r2, #1
10004dd0:	e7f2      	b.n	10004db8 <frem_0+0x60>
10004dd2:	19ed      	adds	r5, r5, r7
10004dd4:	3a01      	subs	r2, #1
10004dd6:	e7f1      	b.n	10004dbc <frem_0+0x64>

10004dd8 <__wrap_remquof>:
10004dd8:	b5f0      	push	{r4, r5, r6, r7, lr}
10004dda:	46ce      	mov	lr, r9
10004ddc:	4647      	mov	r7, r8
10004dde:	b580      	push	{r7, lr}
10004de0:	b083      	sub	sp, #12
10004de2:	0016      	movs	r6, r2
10004de4:	0fc3      	lsrs	r3, r0, #31
10004de6:	4699      	mov	r9, r3
10004de8:	0dc3      	lsrs	r3, r0, #23
10004dea:	24ff      	movs	r4, #255	; 0xff
10004dec:	4023      	ands	r3, r4
10004dee:	0245      	lsls	r5, r0, #9
10004df0:	0a6d      	lsrs	r5, r5, #9
10004df2:	2280      	movs	r2, #128	; 0x80
10004df4:	0412      	lsls	r2, r2, #16
10004df6:	4690      	mov	r8, r2
10004df8:	4315      	orrs	r5, r2
10004dfa:	0fcf      	lsrs	r7, r1, #31
10004dfc:	0dca      	lsrs	r2, r1, #23
10004dfe:	4014      	ands	r4, r2
10004e00:	0249      	lsls	r1, r1, #9
10004e02:	0a49      	lsrs	r1, r1, #9
10004e04:	4642      	mov	r2, r8
10004e06:	430a      	orrs	r2, r1
10004e08:	4690      	mov	r8, r2
10004e0a:	2e00      	cmp	r6, #0
10004e0c:	d001      	beq.n	10004e12 <__wrap_remquof+0x3a>
10004e0e:	2100      	movs	r1, #0
10004e10:	6031      	str	r1, [r6, #0]
10004e12:	2bff      	cmp	r3, #255	; 0xff
10004e14:	d041      	beq.n	10004e9a <__wrap_remquof+0xc2>
10004e16:	2c00      	cmp	r4, #0
10004e18:	d042      	beq.n	10004ea0 <__wrap_remquof+0xc8>
10004e1a:	2b00      	cmp	r3, #0
10004e1c:	d047      	beq.n	10004eae <__wrap_remquof+0xd6>
10004e1e:	2cff      	cmp	r4, #255	; 0xff
10004e20:	d040      	beq.n	10004ea4 <__wrap_remquof+0xcc>
10004e22:	1e61      	subs	r1, r4, #1
10004e24:	4299      	cmp	r1, r3
10004e26:	dc3d      	bgt.n	10004ea4 <__wrap_remquof+0xcc>
10004e28:	d023      	beq.n	10004e72 <__wrap_remquof+0x9a>
10004e2a:	464a      	mov	r2, r9
10004e2c:	2a00      	cmp	r2, #0
10004e2e:	d000      	beq.n	10004e32 <__wrap_remquof+0x5a>
10004e30:	426d      	negs	r5, r5
10004e32:	1b1a      	subs	r2, r3, r4
10004e34:	ab01      	add	r3, sp, #4
10004e36:	4641      	mov	r1, r8
10004e38:	0028      	movs	r0, r5
10004e3a:	f7ff ff8d 	bl	10004d58 <frem_0>
10004e3e:	0043      	lsls	r3, r0, #1
10004e40:	4543      	cmp	r3, r8
10004e42:	dc03      	bgt.n	10004e4c <__wrap_remquof+0x74>
10004e44:	d107      	bne.n	10004e56 <__wrap_remquof+0x7e>
10004e46:	9b01      	ldr	r3, [sp, #4]
10004e48:	07db      	lsls	r3, r3, #31
10004e4a:	d504      	bpl.n	10004e56 <__wrap_remquof+0x7e>
10004e4c:	4643      	mov	r3, r8
10004e4e:	1ac0      	subs	r0, r0, r3
10004e50:	9b01      	ldr	r3, [sp, #4]
10004e52:	3301      	adds	r3, #1
10004e54:	9301      	str	r3, [sp, #4]
10004e56:	2f00      	cmp	r7, #0
10004e58:	d002      	beq.n	10004e60 <__wrap_remquof+0x88>
10004e5a:	9b01      	ldr	r3, [sp, #4]
10004e5c:	425b      	negs	r3, r3
10004e5e:	9301      	str	r3, [sp, #4]
10004e60:	2e00      	cmp	r6, #0
10004e62:	d001      	beq.n	10004e68 <__wrap_remquof+0x90>
10004e64:	9b01      	ldr	r3, [sp, #4]
10004e66:	6033      	str	r3, [r6, #0]
10004e68:	2196      	movs	r1, #150	; 0x96
10004e6a:	1b09      	subs	r1, r1, r4
10004e6c:	f7ff fec0 	bl	10004bf0 <fix2float>
10004e70:	e018      	b.n	10004ea4 <__wrap_remquof+0xcc>
10004e72:	4545      	cmp	r5, r8
10004e74:	dd16      	ble.n	10004ea4 <__wrap_remquof+0xcc>
10004e76:	464b      	mov	r3, r9
10004e78:	2b00      	cmp	r3, #0
10004e7a:	d106      	bne.n	10004e8a <__wrap_remquof+0xb2>
10004e7c:	4643      	mov	r3, r8
10004e7e:	0058      	lsls	r0, r3, #1
10004e80:	1a28      	subs	r0, r5, r0
10004e82:	2301      	movs	r3, #1
10004e84:	9301      	str	r3, [sp, #4]
10004e86:	000c      	movs	r4, r1
10004e88:	e7e5      	b.n	10004e56 <__wrap_remquof+0x7e>
10004e8a:	4643      	mov	r3, r8
10004e8c:	0058      	lsls	r0, r3, #1
10004e8e:	1b40      	subs	r0, r0, r5
10004e90:	2301      	movs	r3, #1
10004e92:	425b      	negs	r3, r3
10004e94:	9301      	str	r3, [sp, #4]
10004e96:	000c      	movs	r4, r1
10004e98:	e7dd      	b.n	10004e56 <__wrap_remquof+0x7e>
10004e9a:	20ff      	movs	r0, #255	; 0xff
10004e9c:	05c0      	lsls	r0, r0, #23
10004e9e:	e001      	b.n	10004ea4 <__wrap_remquof+0xcc>
10004ea0:	20ff      	movs	r0, #255	; 0xff
10004ea2:	05c0      	lsls	r0, r0, #23
10004ea4:	b003      	add	sp, #12
10004ea6:	bcc0      	pop	{r6, r7}
10004ea8:	46b9      	mov	r9, r7
10004eaa:	46b0      	mov	r8, r6
10004eac:	bdf0      	pop	{r4, r5, r6, r7, pc}
10004eae:	2000      	movs	r0, #0
10004eb0:	e7f8      	b.n	10004ea4 <__wrap_remquof+0xcc>

10004eb2 <__wrap_remainderf>:
10004eb2:	b510      	push	{r4, lr}
10004eb4:	2200      	movs	r2, #0
10004eb6:	f7ff ff8f 	bl	10004dd8 <__wrap_remquof>
10004eba:	bd10      	pop	{r4, pc}

10004ebc <float_table_shim_on_use_helper>:
10004ebc:	b507      	push	{r0, r1, r2, lr}
10004ebe:	4660      	mov	r0, ip
10004ec0:	2800      	cmp	r0, #0
10004ec2:	d100      	bne.n	10004ec6 <float_table_shim_on_use_helper+0xa>
10004ec4:	be00      	bkpt	0x0000
10004ec6:	8801      	ldrh	r1, [r0, #0]
10004ec8:	0a0a      	lsrs	r2, r1, #8
10004eca:	3002      	adds	r0, #2
10004ecc:	2adf      	cmp	r2, #223	; 0xdf
10004ece:	d1fa      	bne.n	10004ec6 <float_table_shim_on_use_helper+0xa>
10004ed0:	b2c9      	uxtb	r1, r1
10004ed2:	0882      	lsrs	r2, r0, #2
10004ed4:	d304      	bcc.n	10004ee0 <float_table_shim_on_use_helper+0x24>
10004ed6:	8802      	ldrh	r2, [r0, #0]
10004ed8:	8840      	ldrh	r0, [r0, #2]
10004eda:	0400      	lsls	r0, r0, #16
10004edc:	4310      	orrs	r0, r2
10004ede:	e000      	b.n	10004ee2 <float_table_shim_on_use_helper+0x26>
10004ee0:	6800      	ldr	r0, [r0, #0]
10004ee2:	4a02      	ldr	r2, [pc, #8]	; (10004eec <float_table_shim_on_use_helper+0x30>)
10004ee4:	5050      	str	r0, [r2, r1]
10004ee6:	9003      	str	r0, [sp, #12]
10004ee8:	bd07      	pop	{r0, r1, r2, pc}
10004eea:	0000      	.short	0x0000
10004eec:	20002354 	.word	0x20002354

10004ef0 <uint642float_shim>:
10004ef0:	2200      	movs	r2, #0

10004ef2 <ufix642float_shim>:
10004ef2:	b530      	push	{r4, r5, lr}
10004ef4:	2900      	cmp	r1, #0
10004ef6:	d506      	bpl.n	10004f06 <fix642float_shim+0x2>
10004ef8:	07cd      	lsls	r5, r1, #31
10004efa:	4305      	orrs	r5, r0
10004efc:	0848      	lsrs	r0, r1, #1
10004efe:	3a01      	subs	r2, #1
10004f00:	e010      	b.n	10004f24 <fix642float_shim+0x20>

10004f02 <int642float_shim>:
10004f02:	2200      	movs	r2, #0

10004f04 <fix642float_shim>:
10004f04:	b530      	push	{r4, r5, lr}
10004f06:	0005      	movs	r5, r0
10004f08:	430d      	orrs	r5, r1
10004f0a:	d00f      	beq.n	10004f2c <ret_pop45>
10004f0c:	17cd      	asrs	r5, r1, #31
10004f0e:	160c      	asrs	r4, r1, #24
10004f10:	42ac      	cmp	r4, r5
10004f12:	d105      	bne.n	10004f20 <fix642float_shim+0x1c>
10004f14:	01c9      	lsls	r1, r1, #7
10004f16:	0e44      	lsrs	r4, r0, #25
10004f18:	4321      	orrs	r1, r4
10004f1a:	01c0      	lsls	r0, r0, #7
10004f1c:	3207      	adds	r2, #7
10004f1e:	e7f6      	b.n	10004f0e <fix642float_shim+0xa>
10004f20:	0005      	movs	r5, r0
10004f22:	0008      	movs	r0, r1
10004f24:	4252      	negs	r2, r2
10004f26:	323d      	adds	r2, #61	; 0x3d
10004f28:	4901      	ldr	r1, [pc, #4]	; (10004f30 <ret_pop45+0x4>)
10004f2a:	4788      	blx	r1

10004f2c <ret_pop45>:
10004f2c:	bd30      	pop	{r4, r5, pc}
10004f2e:	0000      	.short	0x0000
10004f30:	000029ef 	.word	0x000029ef

10004f34 <float2double_shim>:
10004f34:	0fc3      	lsrs	r3, r0, #31
10004f36:	07db      	lsls	r3, r3, #31
10004f38:	0041      	lsls	r1, r0, #1
10004f3a:	0e0a      	lsrs	r2, r1, #24
10004f3c:	d007      	beq.n	10004f4e <float2double_shim+0x1a>
10004f3e:	2aff      	cmp	r2, #255	; 0xff
10004f40:	d008      	beq.n	10004f54 <float2double_shim+0x20>
10004f42:	0909      	lsrs	r1, r1, #4
10004f44:	4a05      	ldr	r2, [pc, #20]	; (10004f5c <float2double_shim+0x28>)
10004f46:	1889      	adds	r1, r1, r2
10004f48:	4319      	orrs	r1, r3
10004f4a:	0740      	lsls	r0, r0, #29
10004f4c:	4770      	bx	lr
10004f4e:	0019      	movs	r1, r3
10004f50:	2000      	movs	r0, #0
10004f52:	4770      	bx	lr
10004f54:	4902      	ldr	r1, [pc, #8]	; (10004f60 <float2double_shim+0x2c>)
10004f56:	18c9      	adds	r1, r1, r3
10004f58:	e7fa      	b.n	10004f50 <float2double_shim+0x1c>
10004f5a:	0000      	.short	0x0000
10004f5c:	38000000 	.word	0x38000000
10004f60:	7ff00000 	.word	0x7ff00000

10004f64 <__aeabi_mem_init>:
10004f64:	4801      	ldr	r0, [pc, #4]	; (10004f6c <__aeabi_mem_init+0x8>)
10004f66:	2104      	movs	r1, #4
10004f68:	4b01      	ldr	r3, [pc, #4]	; (10004f70 <__aeabi_mem_init+0xc>)
10004f6a:	4718      	bx	r3
10004f6c:	20000c70 	.word	0x20000c70
10004f70:	10003a09 	.word	0x10003a09

10004f74 <__wrap_memset>:
10004f74:	4b01      	ldr	r3, [pc, #4]	; (10004f7c <__wrap_memset+0x8>)
10004f76:	681b      	ldr	r3, [r3, #0]
10004f78:	4718      	bx	r3
10004f7a:	0000      	.short	0x0000
10004f7c:	20000c70 	.word	0x20000c70

10004f80 <__wrap___aeabi_memcpy>:
10004f80:	4b01      	ldr	r3, [pc, #4]	; (10004f88 <__wrap___aeabi_memcpy+0x8>)
10004f82:	685b      	ldr	r3, [r3, #4]
10004f84:	4718      	bx	r3
10004f86:	0000      	.short	0x0000
10004f88:	20000c70 	.word	0x20000c70

10004f8c <stdio_out_chars_no_crlf>:
10004f8c:	b510      	push	{r4, lr}
10004f8e:	0003      	movs	r3, r0
10004f90:	0008      	movs	r0, r1
10004f92:	0011      	movs	r1, r2
10004f94:	681b      	ldr	r3, [r3, #0]
10004f96:	4798      	blx	r3
10004f98:	bd10      	pop	{r4, pc}
	...

10004f9c <stdio_out_chars_crlf>:
10004f9c:	b5f8      	push	{r3, r4, r5, r6, r7, lr}
10004f9e:	0007      	movs	r7, r0
10004fa0:	000d      	movs	r5, r1
10004fa2:	0016      	movs	r6, r2
10004fa4:	7d43      	ldrb	r3, [r0, #21]
10004fa6:	2b00      	cmp	r3, #0
10004fa8:	d002      	beq.n	10004fb0 <stdio_out_chars_crlf+0x14>
10004faa:	2400      	movs	r4, #0
10004fac:	2000      	movs	r0, #0
10004fae:	e00c      	b.n	10004fca <stdio_out_chars_crlf+0x2e>
10004fb0:	6803      	ldr	r3, [r0, #0]
10004fb2:	0011      	movs	r1, r2
10004fb4:	0028      	movs	r0, r5
10004fb6:	4798      	blx	r3
10004fb8:	e02d      	b.n	10005016 <stdio_out_chars_crlf+0x7a>
10004fba:	7d3b      	ldrb	r3, [r7, #20]
10004fbc:	e010      	b.n	10004fe0 <stdio_out_chars_crlf+0x44>
10004fbe:	2102      	movs	r1, #2
10004fc0:	4815      	ldr	r0, [pc, #84]	; (10005018 <stdio_out_chars_crlf+0x7c>)
10004fc2:	683b      	ldr	r3, [r7, #0]
10004fc4:	4798      	blx	r3
10004fc6:	1c60      	adds	r0, r4, #1
10004fc8:	3401      	adds	r4, #1
10004fca:	42b4      	cmp	r4, r6
10004fcc:	da14      	bge.n	10004ff8 <stdio_out_chars_crlf+0x5c>
10004fce:	2c00      	cmp	r4, #0
10004fd0:	ddf3      	ble.n	10004fba <stdio_out_chars_crlf+0x1e>
10004fd2:	192b      	adds	r3, r5, r4
10004fd4:	3b01      	subs	r3, #1
10004fd6:	781b      	ldrb	r3, [r3, #0]
10004fd8:	3b0d      	subs	r3, #13
10004fda:	425a      	negs	r2, r3
10004fdc:	4153      	adcs	r3, r2
10004fde:	b2db      	uxtb	r3, r3
10004fe0:	5d2a      	ldrb	r2, [r5, r4]
10004fe2:	2a0a      	cmp	r2, #10
10004fe4:	d1f0      	bne.n	10004fc8 <stdio_out_chars_crlf+0x2c>
10004fe6:	2b00      	cmp	r3, #0
10004fe8:	d1ee      	bne.n	10004fc8 <stdio_out_chars_crlf+0x2c>
10004fea:	42a0      	cmp	r0, r4
10004fec:	dae7      	bge.n	10004fbe <stdio_out_chars_crlf+0x22>
10004fee:	1a21      	subs	r1, r4, r0
10004ff0:	1828      	adds	r0, r5, r0
10004ff2:	683b      	ldr	r3, [r7, #0]
10004ff4:	4798      	blx	r3
10004ff6:	e7e2      	b.n	10004fbe <stdio_out_chars_crlf+0x22>
10004ff8:	42b0      	cmp	r0, r6
10004ffa:	da03      	bge.n	10005004 <stdio_out_chars_crlf+0x68>
10004ffc:	1a31      	subs	r1, r6, r0
10004ffe:	1828      	adds	r0, r5, r0
10005000:	683b      	ldr	r3, [r7, #0]
10005002:	4798      	blx	r3
10005004:	2e00      	cmp	r6, #0
10005006:	dd06      	ble.n	10005016 <stdio_out_chars_crlf+0x7a>
10005008:	19ad      	adds	r5, r5, r6
1000500a:	3d01      	subs	r5, #1
1000500c:	782b      	ldrb	r3, [r5, #0]
1000500e:	3b0d      	subs	r3, #13
10005010:	425a      	negs	r2, r3
10005012:	4153      	adcs	r3, r2
10005014:	753b      	strb	r3, [r7, #20]
10005016:	bdf8      	pop	{r3, r4, r5, r6, r7, pc}
10005018:	1000b798 	.word	0x1000b798

1000501c <stdio_stack_buffer_flush>:
1000501c:	b570      	push	{r4, r5, r6, lr}
1000501e:	0005      	movs	r5, r0
10005020:	6803      	ldr	r3, [r0, #0]
10005022:	2b00      	cmp	r3, #0
10005024:	d016      	beq.n	10005054 <stdio_stack_buffer_flush+0x38>
10005026:	4b0c      	ldr	r3, [pc, #48]	; (10005058 <stdio_stack_buffer_flush+0x3c>)
10005028:	681c      	ldr	r4, [r3, #0]
1000502a:	e005      	b.n	10005038 <stdio_stack_buffer_flush+0x1c>
1000502c:	0029      	movs	r1, r5
1000502e:	c904      	ldmia	r1!, {r2}
10005030:	0020      	movs	r0, r4
10005032:	f7ff ffb3 	bl	10004f9c <stdio_out_chars_crlf>
10005036:	6924      	ldr	r4, [r4, #16]
10005038:	2c00      	cmp	r4, #0
1000503a:	d009      	beq.n	10005050 <stdio_stack_buffer_flush+0x34>
1000503c:	6823      	ldr	r3, [r4, #0]
1000503e:	2b00      	cmp	r3, #0
10005040:	d0f9      	beq.n	10005036 <stdio_stack_buffer_flush+0x1a>
10005042:	4b06      	ldr	r3, [pc, #24]	; (1000505c <stdio_stack_buffer_flush+0x40>)
10005044:	681b      	ldr	r3, [r3, #0]
10005046:	2b00      	cmp	r3, #0
10005048:	d0f0      	beq.n	1000502c <stdio_stack_buffer_flush+0x10>
1000504a:	42a3      	cmp	r3, r4
1000504c:	d1f3      	bne.n	10005036 <stdio_stack_buffer_flush+0x1a>
1000504e:	e7ed      	b.n	1000502c <stdio_stack_buffer_flush+0x10>
10005050:	2300      	movs	r3, #0
10005052:	602b      	str	r3, [r5, #0]
10005054:	bd70      	pop	{r4, r5, r6, pc}
10005056:	46c0      	nop			; (mov r8, r8)
10005058:	20001df4 	.word	0x20001df4
1000505c:	20001e00 	.word	0x20001e00

10005060 <stdio_buffered_printer>:
10005060:	b570      	push	{r4, r5, r6, lr}
10005062:	0005      	movs	r5, r0
10005064:	000c      	movs	r4, r1
10005066:	680b      	ldr	r3, [r1, #0]
10005068:	2b80      	cmp	r3, #128	; 0x80
1000506a:	d005      	beq.n	10005078 <stdio_buffered_printer+0x18>
1000506c:	6821      	ldr	r1, [r4, #0]
1000506e:	1c4b      	adds	r3, r1, #1
10005070:	6023      	str	r3, [r4, #0]
10005072:	1864      	adds	r4, r4, r1
10005074:	7125      	strb	r5, [r4, #4]
10005076:	bd70      	pop	{r4, r5, r6, pc}
10005078:	0008      	movs	r0, r1
1000507a:	f7ff ffcf 	bl	1000501c <stdio_stack_buffer_flush>
1000507e:	e7f5      	b.n	1000506c <stdio_buffered_printer+0xc>

10005080 <stdout_serialize_begin>:
10005080:	b510      	push	{r4, lr}
10005082:	f7fc fe13 	bl	10001cac <time_us_64>
10005086:	0002      	movs	r2, r0
10005088:	1e0b      	subs	r3, r1, #0
1000508a:	db0b      	blt.n	100050a4 <stdout_serialize_begin+0x24>
1000508c:	480d      	ldr	r0, [pc, #52]	; (100050c4 <stdout_serialize_begin+0x44>)
1000508e:	2100      	movs	r1, #0
10005090:	1812      	adds	r2, r2, r0
10005092:	414b      	adcs	r3, r1
10005094:	2b00      	cmp	r3, #0
10005096:	db0b      	blt.n	100050b0 <stdout_serialize_begin+0x30>
10005098:	2b00      	cmp	r3, #0
1000509a:	db0d      	blt.n	100050b8 <stdout_serialize_begin+0x38>
1000509c:	480a      	ldr	r0, [pc, #40]	; (100050c8 <stdout_serialize_begin+0x48>)
1000509e:	f005 facb 	bl	1000a638 <__mutex_try_enter_block_until_veneer>
100050a2:	bd10      	pop	{r4, pc}
100050a4:	4b09      	ldr	r3, [pc, #36]	; (100050cc <stdout_serialize_begin+0x4c>)
100050a6:	4a0a      	ldr	r2, [pc, #40]	; (100050d0 <stdout_serialize_begin+0x50>)
100050a8:	213f      	movs	r1, #63	; 0x3f
100050aa:	480a      	ldr	r0, [pc, #40]	; (100050d4 <stdout_serialize_begin+0x54>)
100050ac:	f7fd fb42 	bl	10002734 <__assert_func>
100050b0:	2201      	movs	r2, #1
100050b2:	4252      	negs	r2, r2
100050b4:	4b08      	ldr	r3, [pc, #32]	; (100050d8 <stdout_serialize_begin+0x58>)
100050b6:	e7ef      	b.n	10005098 <stdout_serialize_begin+0x18>
100050b8:	4b04      	ldr	r3, [pc, #16]	; (100050cc <stdout_serialize_begin+0x4c>)
100050ba:	4a05      	ldr	r2, [pc, #20]	; (100050d0 <stdout_serialize_begin+0x50>)
100050bc:	213f      	movs	r1, #63	; 0x3f
100050be:	4805      	ldr	r0, [pc, #20]	; (100050d4 <stdout_serialize_begin+0x54>)
100050c0:	f7fd fb38 	bl	10002734 <__assert_func>
100050c4:	000f4240 	.word	0x000f4240
100050c8:	20001670 	.word	0x20001670
100050cc:	1000a708 	.word	0x1000a708
100050d0:	1000b780 	.word	0x1000b780
100050d4:	1000a724 	.word	0x1000a724
100050d8:	7fffffff 	.word	0x7fffffff

100050dc <stdout_serialize_end>:
100050dc:	b510      	push	{r4, lr}
100050de:	4802      	ldr	r0, [pc, #8]	; (100050e8 <stdout_serialize_end+0xc>)
100050e0:	f005 fa72 	bl	1000a5c8 <__mutex_exit_veneer>
100050e4:	bd10      	pop	{r4, pc}
100050e6:	46c0      	nop			; (mov r8, r8)
100050e8:	20001670 	.word	0x20001670

100050ec <stdio_put_string>:
100050ec:	b5f0      	push	{r4, r5, r6, r7, lr}
100050ee:	46ce      	mov	lr, r9
100050f0:	4647      	mov	r7, r8
100050f2:	b580      	push	{r7, lr}
100050f4:	b083      	sub	sp, #12
100050f6:	0006      	movs	r6, r0
100050f8:	000d      	movs	r5, r1
100050fa:	4690      	mov	r8, r2
100050fc:	001c      	movs	r4, r3
100050fe:	f7ff ffbf 	bl	10005080 <stdout_serialize_begin>
10005102:	4681      	mov	r9, r0
10005104:	1c6b      	adds	r3, r5, #1
10005106:	d005      	beq.n	10005114 <stdio_put_string+0x28>
10005108:	2c00      	cmp	r4, #0
1000510a:	d008      	beq.n	1000511e <stdio_put_string+0x32>
1000510c:	4f19      	ldr	r7, [pc, #100]	; (10005174 <stdio_put_string+0x88>)
1000510e:	4b1a      	ldr	r3, [pc, #104]	; (10005178 <stdio_put_string+0x8c>)
10005110:	681c      	ldr	r4, [r3, #0]
10005112:	e007      	b.n	10005124 <stdio_put_string+0x38>
10005114:	0030      	movs	r0, r6
10005116:	f002 fed1 	bl	10007ebc <strlen>
1000511a:	0005      	movs	r5, r0
1000511c:	e7f4      	b.n	10005108 <stdio_put_string+0x1c>
1000511e:	4f17      	ldr	r7, [pc, #92]	; (1000517c <stdio_put_string+0x90>)
10005120:	e7f5      	b.n	1000510e <stdio_put_string+0x22>
10005122:	6924      	ldr	r4, [r4, #16]
10005124:	2c00      	cmp	r4, #0
10005126:	d017      	beq.n	10005158 <stdio_put_string+0x6c>
10005128:	6823      	ldr	r3, [r4, #0]
1000512a:	2b00      	cmp	r3, #0
1000512c:	d0f9      	beq.n	10005122 <stdio_put_string+0x36>
1000512e:	4b14      	ldr	r3, [pc, #80]	; (10005180 <stdio_put_string+0x94>)
10005130:	681b      	ldr	r3, [r3, #0]
10005132:	2b00      	cmp	r3, #0
10005134:	d001      	beq.n	1000513a <stdio_put_string+0x4e>
10005136:	42a3      	cmp	r3, r4
10005138:	d1f3      	bne.n	10005122 <stdio_put_string+0x36>
1000513a:	002a      	movs	r2, r5
1000513c:	0031      	movs	r1, r6
1000513e:	0020      	movs	r0, r4
10005140:	47b8      	blx	r7
10005142:	4643      	mov	r3, r8
10005144:	2b00      	cmp	r3, #0
10005146:	d0ec      	beq.n	10005122 <stdio_put_string+0x36>
10005148:	466b      	mov	r3, sp
1000514a:	1dd9      	adds	r1, r3, #7
1000514c:	230a      	movs	r3, #10
1000514e:	700b      	strb	r3, [r1, #0]
10005150:	2201      	movs	r2, #1
10005152:	0020      	movs	r0, r4
10005154:	47b8      	blx	r7
10005156:	e7e4      	b.n	10005122 <stdio_put_string+0x36>
10005158:	464b      	mov	r3, r9
1000515a:	2b00      	cmp	r3, #0
1000515c:	d107      	bne.n	1000516e <stdio_put_string+0x82>
1000515e:	1e6b      	subs	r3, r5, #1
10005160:	419d      	sbcs	r5, r3
10005162:	b2e8      	uxtb	r0, r5
10005164:	b003      	add	sp, #12
10005166:	bcc0      	pop	{r6, r7}
10005168:	46b9      	mov	r9, r7
1000516a:	46b0      	mov	r8, r6
1000516c:	bdf0      	pop	{r4, r5, r6, r7, pc}
1000516e:	f7ff ffb5 	bl	100050dc <stdout_serialize_end>
10005172:	e7f4      	b.n	1000515e <stdio_put_string+0x72>
10005174:	10004f8d 	.word	0x10004f8d
10005178:	20001df4 	.word	0x20001df4
1000517c:	10004f9d 	.word	0x10004f9d
10005180:	20001e00 	.word	0x20001e00

10005184 <stdio_set_driver_enabled>:
10005184:	4a09      	ldr	r2, [pc, #36]	; (100051ac <stdio_set_driver_enabled+0x28>)
10005186:	e001      	b.n	1000518c <stdio_set_driver_enabled+0x8>
10005188:	3310      	adds	r3, #16
1000518a:	001a      	movs	r2, r3
1000518c:	6813      	ldr	r3, [r2, #0]
1000518e:	2b00      	cmp	r3, #0
10005190:	d008      	beq.n	100051a4 <stdio_set_driver_enabled+0x20>
10005192:	4283      	cmp	r3, r0
10005194:	d1f8      	bne.n	10005188 <stdio_set_driver_enabled+0x4>
10005196:	2900      	cmp	r1, #0
10005198:	d107      	bne.n	100051aa <stdio_set_driver_enabled+0x26>
1000519a:	6903      	ldr	r3, [r0, #16]
1000519c:	6013      	str	r3, [r2, #0]
1000519e:	2300      	movs	r3, #0
100051a0:	6103      	str	r3, [r0, #16]
100051a2:	e002      	b.n	100051aa <stdio_set_driver_enabled+0x26>
100051a4:	2900      	cmp	r1, #0
100051a6:	d000      	beq.n	100051aa <stdio_set_driver_enabled+0x26>
100051a8:	6010      	str	r0, [r2, #0]
100051aa:	4770      	bx	lr
100051ac:	20001df4 	.word	0x20001df4

100051b0 <stdio_flush>:
100051b0:	b510      	push	{r4, lr}
100051b2:	4b06      	ldr	r3, [pc, #24]	; (100051cc <stdio_flush+0x1c>)
100051b4:	681c      	ldr	r4, [r3, #0]
100051b6:	e001      	b.n	100051bc <stdio_flush+0xc>
100051b8:	4798      	blx	r3
100051ba:	6924      	ldr	r4, [r4, #16]
100051bc:	2c00      	cmp	r4, #0
100051be:	d003      	beq.n	100051c8 <stdio_flush+0x18>
100051c0:	6863      	ldr	r3, [r4, #4]
100051c2:	2b00      	cmp	r3, #0
100051c4:	d1f8      	bne.n	100051b8 <stdio_flush+0x8>
100051c6:	e7f8      	b.n	100051ba <stdio_flush+0xa>
100051c8:	bd10      	pop	{r4, pc}
100051ca:	46c0      	nop			; (mov r8, r8)
100051cc:	20001df4 	.word	0x20001df4

100051d0 <__wrap_puts>:
100051d0:	b570      	push	{r4, r5, r6, lr}
100051d2:	0005      	movs	r5, r0
100051d4:	f002 fe72 	bl	10007ebc <strlen>
100051d8:	0004      	movs	r4, r0
100051da:	2300      	movs	r3, #0
100051dc:	2201      	movs	r2, #1
100051de:	0001      	movs	r1, r0
100051e0:	0028      	movs	r0, r5
100051e2:	f7ff ff83 	bl	100050ec <stdio_put_string>
100051e6:	f7ff ffe3 	bl	100051b0 <stdio_flush>
100051ea:	0020      	movs	r0, r4
100051ec:	bd70      	pop	{r4, r5, r6, pc}
	...

100051f0 <__wrap_vprintf>:
100051f0:	b570      	push	{r4, r5, r6, lr}
100051f2:	b0a2      	sub	sp, #136	; 0x88
100051f4:	0004      	movs	r4, r0
100051f6:	000e      	movs	r6, r1
100051f8:	f7ff ff42 	bl	10005080 <stdout_serialize_begin>
100051fc:	0005      	movs	r5, r0
100051fe:	2300      	movs	r3, #0
10005200:	9301      	str	r3, [sp, #4]
10005202:	0033      	movs	r3, r6
10005204:	0022      	movs	r2, r4
10005206:	a901      	add	r1, sp, #4
10005208:	4808      	ldr	r0, [pc, #32]	; (1000522c <__wrap_vprintf+0x3c>)
1000520a:	f7fe fbd5 	bl	100039b8 <vfctprintf>
1000520e:	0004      	movs	r4, r0
10005210:	a801      	add	r0, sp, #4
10005212:	f7ff ff03 	bl	1000501c <stdio_stack_buffer_flush>
10005216:	f7ff ffcb 	bl	100051b0 <stdio_flush>
1000521a:	2d00      	cmp	r5, #0
1000521c:	d102      	bne.n	10005224 <__wrap_vprintf+0x34>
1000521e:	0020      	movs	r0, r4
10005220:	b022      	add	sp, #136	; 0x88
10005222:	bd70      	pop	{r4, r5, r6, pc}
10005224:	f7ff ff5a 	bl	100050dc <stdout_serialize_end>
10005228:	e7f9      	b.n	1000521e <__wrap_vprintf+0x2e>
1000522a:	46c0      	nop			; (mov r8, r8)
1000522c:	10005061 	.word	0x10005061

10005230 <__wrap_printf>:
10005230:	b40f      	push	{r0, r1, r2, r3}
10005232:	b500      	push	{lr}
10005234:	b083      	sub	sp, #12
10005236:	a904      	add	r1, sp, #16
10005238:	c901      	ldmia	r1!, {r0}
1000523a:	9101      	str	r1, [sp, #4]
1000523c:	f7ff ffd8 	bl	100051f0 <__wrap_vprintf>
10005240:	b003      	add	sp, #12
10005242:	bc08      	pop	{r3}
10005244:	b004      	add	sp, #16
10005246:	4718      	bx	r3

10005248 <stdio_init_all>:
10005248:	b510      	push	{r4, lr}
1000524a:	f000 f937 	bl	100054bc <stdio_usb_init>
1000524e:	bd10      	pop	{r4, pc}

10005250 <resetd_init>:
10005250:	4770      	bx	lr
	...

10005254 <resetd_reset>:
10005254:	4b01      	ldr	r3, [pc, #4]	; (1000525c <resetd_reset+0x8>)
10005256:	2200      	movs	r2, #0
10005258:	701a      	strb	r2, [r3, #0]
1000525a:	4770      	bx	lr
1000525c:	20002487 	.word	0x20002487

10005260 <resetd_open>:
10005260:	794b      	ldrb	r3, [r1, #5]
10005262:	2bff      	cmp	r3, #255	; 0xff
10005264:	d10c      	bne.n	10005280 <resetd_open+0x20>
10005266:	798b      	ldrb	r3, [r1, #6]
10005268:	2b00      	cmp	r3, #0
1000526a:	d10b      	bne.n	10005284 <resetd_open+0x24>
1000526c:	79cb      	ldrb	r3, [r1, #7]
1000526e:	2b01      	cmp	r3, #1
10005270:	d10a      	bne.n	10005288 <resetd_open+0x28>
10005272:	2a08      	cmp	r2, #8
10005274:	d90a      	bls.n	1000528c <resetd_open+0x2c>
10005276:	788a      	ldrb	r2, [r1, #2]
10005278:	4b05      	ldr	r3, [pc, #20]	; (10005290 <resetd_open+0x30>)
1000527a:	701a      	strb	r2, [r3, #0]
1000527c:	2009      	movs	r0, #9
1000527e:	e000      	b.n	10005282 <resetd_open+0x22>
10005280:	2000      	movs	r0, #0
10005282:	4770      	bx	lr
10005284:	2000      	movs	r0, #0
10005286:	e7fc      	b.n	10005282 <resetd_open+0x22>
10005288:	2000      	movs	r0, #0
1000528a:	e7fa      	b.n	10005282 <resetd_open+0x22>
1000528c:	2000      	movs	r0, #0
1000528e:	e7f8      	b.n	10005282 <resetd_open+0x22>
10005290:	20002487 	.word	0x20002487

10005294 <resetd_xfer_cb>:
10005294:	2001      	movs	r0, #1
10005296:	4770      	bx	lr

10005298 <reset_usb_boot>:
10005298:	b570      	push	{r4, r5, r6, lr}
1000529a:	0004      	movs	r4, r0
1000529c:	000d      	movs	r5, r1
1000529e:	4803      	ldr	r0, [pc, #12]	; (100052ac <reset_usb_boot+0x14>)
100052a0:	f7fe fba2 	bl	100039e8 <rom_func_lookup>
100052a4:	0003      	movs	r3, r0
100052a6:	0029      	movs	r1, r5
100052a8:	0020      	movs	r0, r4
100052aa:	4798      	blx	r3
100052ac:	00004255 	.word	0x00004255

100052b0 <resetd_control_xfer_cb>:
100052b0:	b510      	push	{r4, lr}
100052b2:	2901      	cmp	r1, #1
100052b4:	d126      	bne.n	10005304 <resetd_control_xfer_cb+0x54>
100052b6:	7911      	ldrb	r1, [r2, #4]
100052b8:	7953      	ldrb	r3, [r2, #5]
100052ba:	021b      	lsls	r3, r3, #8
100052bc:	430b      	orrs	r3, r1
100052be:	4912      	ldr	r1, [pc, #72]	; (10005308 <resetd_control_xfer_cb+0x58>)
100052c0:	7809      	ldrb	r1, [r1, #0]
100052c2:	428b      	cmp	r3, r1
100052c4:	d001      	beq.n	100052ca <resetd_control_xfer_cb+0x1a>
100052c6:	2000      	movs	r0, #0
100052c8:	e01d      	b.n	10005306 <resetd_control_xfer_cb+0x56>
100052ca:	7853      	ldrb	r3, [r2, #1]
100052cc:	2b01      	cmp	r3, #1
100052ce:	d003      	beq.n	100052d8 <resetd_control_xfer_cb+0x28>
100052d0:	2b02      	cmp	r3, #2
100052d2:	d010      	beq.n	100052f6 <resetd_control_xfer_cb+0x46>
100052d4:	2000      	movs	r0, #0
100052d6:	e016      	b.n	10005306 <resetd_control_xfer_cb+0x56>
100052d8:	7891      	ldrb	r1, [r2, #2]
100052da:	78d3      	ldrb	r3, [r2, #3]
100052dc:	021b      	lsls	r3, r3, #8
100052de:	4319      	orrs	r1, r3
100052e0:	05db      	lsls	r3, r3, #23
100052e2:	d506      	bpl.n	100052f2 <resetd_control_xfer_cb+0x42>
100052e4:	0a4b      	lsrs	r3, r1, #9
100052e6:	2001      	movs	r0, #1
100052e8:	4098      	lsls	r0, r3
100052ea:	237f      	movs	r3, #127	; 0x7f
100052ec:	4019      	ands	r1, r3
100052ee:	f7ff ffd3 	bl	10005298 <reset_usb_boot>
100052f2:	2000      	movs	r0, #0
100052f4:	e7f9      	b.n	100052ea <resetd_control_xfer_cb+0x3a>
100052f6:	2264      	movs	r2, #100	; 0x64
100052f8:	2100      	movs	r1, #0
100052fa:	2000      	movs	r0, #0
100052fc:	f7fd f9c0 	bl	10002680 <watchdog_reboot>
10005300:	2001      	movs	r0, #1
10005302:	e000      	b.n	10005306 <resetd_control_xfer_cb+0x56>
10005304:	2001      	movs	r0, #1
10005306:	bd10      	pop	{r4, pc}
10005308:	20002487 	.word	0x20002487

1000530c <usbd_app_driver_get_cb>:
1000530c:	2301      	movs	r3, #1
1000530e:	7003      	strb	r3, [r0, #0]
10005310:	4800      	ldr	r0, [pc, #0]	; (10005314 <usbd_app_driver_get_cb+0x8>)
10005312:	4770      	bx	lr
10005314:	1000b79c 	.word	0x1000b79c

10005318 <tud_cdc_line_coding_cb>:
10005318:	b510      	push	{r4, lr}
1000531a:	780b      	ldrb	r3, [r1, #0]
1000531c:	7848      	ldrb	r0, [r1, #1]
1000531e:	0200      	lsls	r0, r0, #8
10005320:	4318      	orrs	r0, r3
10005322:	788a      	ldrb	r2, [r1, #2]
10005324:	0412      	lsls	r2, r2, #16
10005326:	4310      	orrs	r0, r2
10005328:	78cb      	ldrb	r3, [r1, #3]
1000532a:	061b      	lsls	r3, r3, #24
1000532c:	4303      	orrs	r3, r0
1000532e:	2296      	movs	r2, #150	; 0x96
10005330:	00d2      	lsls	r2, r2, #3
10005332:	4293      	cmp	r3, r2
10005334:	d000      	beq.n	10005338 <tud_cdc_line_coding_cb+0x20>
10005336:	bd10      	pop	{r4, pc}
10005338:	2100      	movs	r1, #0
1000533a:	0008      	movs	r0, r1
1000533c:	f7ff ffac 	bl	10005298 <reset_usb_boot>

10005340 <stdio_usb_set_chars_available_callback>:
10005340:	4b02      	ldr	r3, [pc, #8]	; (1000534c <stdio_usb_set_chars_available_callback+0xc>)
10005342:	6018      	str	r0, [r3, #0]
10005344:	4b02      	ldr	r3, [pc, #8]	; (10005350 <stdio_usb_set_chars_available_callback+0x10>)
10005346:	6019      	str	r1, [r3, #0]
10005348:	4770      	bx	lr
1000534a:	46c0      	nop			; (mov r8, r8)
1000534c:	20001d58 	.word	0x20001d58
10005350:	20001d5c 	.word	0x20001d5c

10005354 <usb_irq>:
10005354:	b510      	push	{r4, lr}
10005356:	4b02      	ldr	r3, [pc, #8]	; (10005360 <usb_irq+0xc>)
10005358:	7818      	ldrb	r0, [r3, #0]
1000535a:	f7fb fc47 	bl	10000bec <irq_set_pending>
1000535e:	bd10      	pop	{r4, pc}
10005360:	20002488 	.word	0x20002488

10005364 <timer_task>:
10005364:	b570      	push	{r4, r5, r6, lr}
10005366:	4b13      	ldr	r3, [pc, #76]	; (100053b4 <timer_task+0x50>)
10005368:	681b      	ldr	r3, [r3, #0]
1000536a:	2b00      	cmp	r3, #0
1000536c:	d01d      	beq.n	100053aa <timer_task+0x46>
1000536e:	4b11      	ldr	r3, [pc, #68]	; (100053b4 <timer_task+0x50>)
10005370:	6819      	ldr	r1, [r3, #0]
10005372:	f3ef 8310 	mrs	r3, PRIMASK
10005376:	b672      	cpsid	i
10005378:	680a      	ldr	r2, [r1, #0]
1000537a:	2a00      	cmp	r2, #0
1000537c:	d0fc      	beq.n	10005378 <timer_task+0x14>
1000537e:	f3bf 8f5f 	dmb	sy
10005382:	490c      	ldr	r1, [pc, #48]	; (100053b4 <timer_task+0x50>)
10005384:	604b      	str	r3, [r1, #4]
10005386:	2200      	movs	r2, #0
10005388:	480b      	ldr	r0, [pc, #44]	; (100053b8 <timer_task+0x54>)
1000538a:	7002      	strb	r2, [r0, #0]
1000538c:	6809      	ldr	r1, [r1, #0]
1000538e:	f3bf 8f5f 	dmb	sy
10005392:	600a      	str	r2, [r1, #0]
10005394:	f383 8810 	msr	PRIMASK, r3
10005398:	2400      	movs	r4, #0
1000539a:	2500      	movs	r5, #0
1000539c:	4b07      	ldr	r3, [pc, #28]	; (100053bc <timer_task+0x58>)
1000539e:	7818      	ldrb	r0, [r3, #0]
100053a0:	f7fb fc24 	bl	10000bec <irq_set_pending>
100053a4:	0020      	movs	r0, r4
100053a6:	0029      	movs	r1, r5
100053a8:	bd70      	pop	{r4, r5, r6, pc}
100053aa:	24fa      	movs	r4, #250	; 0xfa
100053ac:	00a4      	lsls	r4, r4, #2
100053ae:	2500      	movs	r5, #0
100053b0:	e7f4      	b.n	1000539c <timer_task+0x38>
100053b2:	46c0      	nop			; (mov r8, r8)
100053b4:	20002228 	.word	0x20002228
100053b8:	20002489 	.word	0x20002489
100053bc:	20002488 	.word	0x20002488

100053c0 <low_priority_worker_irq>:
100053c0:	b510      	push	{r4, lr}
100053c2:	b084      	sub	sp, #16
100053c4:	2100      	movs	r1, #0
100053c6:	482d      	ldr	r0, [pc, #180]	; (1000547c <low_priority_worker_irq+0xbc>)
100053c8:	f005 f91e 	bl	1000a608 <__mutex_try_enter_veneer>
100053cc:	2800      	cmp	r0, #0
100053ce:	d13a      	bne.n	10005446 <low_priority_worker_irq+0x86>
100053d0:	4b2b      	ldr	r3, [pc, #172]	; (10005480 <low_priority_worker_irq+0xc0>)
100053d2:	681b      	ldr	r3, [r3, #0]
100053d4:	2b00      	cmp	r3, #0
100053d6:	d03e      	beq.n	10005456 <low_priority_worker_irq+0x96>
100053d8:	4b29      	ldr	r3, [pc, #164]	; (10005480 <low_priority_worker_irq+0xc0>)
100053da:	6819      	ldr	r1, [r3, #0]
100053dc:	f3ef 8210 	mrs	r2, PRIMASK
100053e0:	b672      	cpsid	i
100053e2:	680b      	ldr	r3, [r1, #0]
100053e4:	2b00      	cmp	r3, #0
100053e6:	d0fc      	beq.n	100053e2 <low_priority_worker_irq+0x22>
100053e8:	f3bf 8f5f 	dmb	sy
100053ec:	4924      	ldr	r1, [pc, #144]	; (10005480 <low_priority_worker_irq+0xc0>)
100053ee:	604a      	str	r2, [r1, #4]
100053f0:	4824      	ldr	r0, [pc, #144]	; (10005484 <low_priority_worker_irq+0xc4>)
100053f2:	7803      	ldrb	r3, [r0, #0]
100053f4:	2401      	movs	r4, #1
100053f6:	4063      	eors	r3, r4
100053f8:	b2db      	uxtb	r3, r3
100053fa:	2401      	movs	r4, #1
100053fc:	7004      	strb	r4, [r0, #0]
100053fe:	6809      	ldr	r1, [r1, #0]
10005400:	f3bf 8f5f 	dmb	sy
10005404:	2000      	movs	r0, #0
10005406:	6008      	str	r0, [r1, #0]
10005408:	f382 8810 	msr	PRIMASK, r2
1000540c:	2b00      	cmp	r3, #0
1000540e:	d022      	beq.n	10005456 <low_priority_worker_irq+0x96>
10005410:	f7fc fa5a 	bl	100018c8 <alarm_pool_get_default>
10005414:	0004      	movs	r4, r0
10005416:	f7fc fc49 	bl	10001cac <time_us_64>
1000541a:	0002      	movs	r2, r0
1000541c:	1e0b      	subs	r3, r1, #0
1000541e:	db1c      	blt.n	1000545a <low_priority_worker_irq+0x9a>
10005420:	20fa      	movs	r0, #250	; 0xfa
10005422:	0080      	lsls	r0, r0, #2
10005424:	2100      	movs	r1, #0
10005426:	1812      	adds	r2, r2, r0
10005428:	414b      	adcs	r3, r1
1000542a:	2b00      	cmp	r3, #0
1000542c:	db1b      	blt.n	10005466 <low_priority_worker_irq+0xa6>
1000542e:	2b00      	cmp	r3, #0
10005430:	db1d      	blt.n	1000546e <low_priority_worker_irq+0xae>
10005432:	2101      	movs	r1, #1
10005434:	9102      	str	r1, [sp, #8]
10005436:	2100      	movs	r1, #0
10005438:	9101      	str	r1, [sp, #4]
1000543a:	4913      	ldr	r1, [pc, #76]	; (10005488 <low_priority_worker_irq+0xc8>)
1000543c:	9100      	str	r1, [sp, #0]
1000543e:	0020      	movs	r0, r4
10005440:	f7fc fa58 	bl	100018f4 <alarm_pool_add_alarm_at>
10005444:	e007      	b.n	10005456 <low_priority_worker_irq+0x96>
10005446:	2001      	movs	r0, #1
10005448:	2100      	movs	r1, #0
1000544a:	4240      	negs	r0, r0
1000544c:	f001 f8f0 	bl	10006630 <tud_task_ext>
10005450:	480a      	ldr	r0, [pc, #40]	; (1000547c <low_priority_worker_irq+0xbc>)
10005452:	f005 f8b9 	bl	1000a5c8 <__mutex_exit_veneer>
10005456:	b004      	add	sp, #16
10005458:	bd10      	pop	{r4, pc}
1000545a:	4b0c      	ldr	r3, [pc, #48]	; (1000548c <low_priority_worker_irq+0xcc>)
1000545c:	4a0c      	ldr	r2, [pc, #48]	; (10005490 <low_priority_worker_irq+0xd0>)
1000545e:	213f      	movs	r1, #63	; 0x3f
10005460:	480c      	ldr	r0, [pc, #48]	; (10005494 <low_priority_worker_irq+0xd4>)
10005462:	f7fd f967 	bl	10002734 <__assert_func>
10005466:	2201      	movs	r2, #1
10005468:	4252      	negs	r2, r2
1000546a:	4b0b      	ldr	r3, [pc, #44]	; (10005498 <low_priority_worker_irq+0xd8>)
1000546c:	e7df      	b.n	1000542e <low_priority_worker_irq+0x6e>
1000546e:	4b07      	ldr	r3, [pc, #28]	; (1000548c <low_priority_worker_irq+0xcc>)
10005470:	4a07      	ldr	r2, [pc, #28]	; (10005490 <low_priority_worker_irq+0xd0>)
10005472:	213f      	movs	r1, #63	; 0x3f
10005474:	4807      	ldr	r0, [pc, #28]	; (10005494 <low_priority_worker_irq+0xd4>)
10005476:	f7fd f95d 	bl	10002734 <__assert_func>
1000547a:	46c0      	nop			; (mov r8, r8)
1000547c:	20002458 	.word	0x20002458
10005480:	20002228 	.word	0x20002228
10005484:	20002489 	.word	0x20002489
10005488:	10005365 	.word	0x10005365
1000548c:	1000a708 	.word	0x1000a708
10005490:	1000b848 	.word	0x1000b848
10005494:	1000a724 	.word	0x1000a724
10005498:	7fffffff 	.word	0x7fffffff

1000549c <tud_cdc_rx_cb>:
1000549c:	b510      	push	{r4, lr}
1000549e:	4b05      	ldr	r3, [pc, #20]	; (100054b4 <tud_cdc_rx_cb+0x18>)
100054a0:	6818      	ldr	r0, [r3, #0]
100054a2:	2800      	cmp	r0, #0
100054a4:	d004      	beq.n	100054b0 <tud_cdc_rx_cb+0x14>
100054a6:	4b04      	ldr	r3, [pc, #16]	; (100054b8 <tud_cdc_rx_cb+0x1c>)
100054a8:	6819      	ldr	r1, [r3, #0]
100054aa:	2200      	movs	r2, #0
100054ac:	f000 fde6 	bl	1000607c <usbd_defer_func>
100054b0:	bd10      	pop	{r4, pc}
100054b2:	46c0      	nop			; (mov r8, r8)
100054b4:	20001d58 	.word	0x20001d58
100054b8:	20001d5c 	.word	0x20001d5c

100054bc <stdio_usb_init>:
100054bc:	b510      	push	{r4, lr}
100054be:	b084      	sub	sp, #16
100054c0:	23d0      	movs	r3, #208	; 0xd0
100054c2:	061b      	lsls	r3, r3, #24
100054c4:	681c      	ldr	r4, [r3, #0]
100054c6:	f7fc f9ff 	bl	100018c8 <alarm_pool_get_default>
100054ca:	f7fc fb43 	bl	10001b54 <alarm_pool_core_num>
100054ce:	42a0      	cmp	r0, r4
100054d0:	d12a      	bne.n	10005528 <stdio_usb_init+0x6c>
100054d2:	4b32      	ldr	r3, [pc, #200]	; (1000559c <stdio_usb_init+0xe0>)
100054d4:	781b      	ldrb	r3, [r3, #0]
100054d6:	f001 fd93 	bl	10007000 <tusb_init>
100054da:	4831      	ldr	r0, [pc, #196]	; (100055a0 <stdio_usb_init+0xe4>)
100054dc:	f7fb fe64 	bl	100011a8 <mutex_init>
100054e0:	2001      	movs	r0, #1
100054e2:	f7fb fe45 	bl	10001170 <user_irq_claim_unused>
100054e6:	b2c0      	uxtb	r0, r0
100054e8:	4c2e      	ldr	r4, [pc, #184]	; (100055a4 <stdio_usb_init+0xe8>)
100054ea:	7020      	strb	r0, [r4, #0]
100054ec:	492e      	ldr	r1, [pc, #184]	; (100055a8 <stdio_usb_init+0xec>)
100054ee:	f7fb fb9f 	bl	10000c30 <irq_set_exclusive_handler>
100054f2:	7820      	ldrb	r0, [r4, #0]
100054f4:	2101      	movs	r1, #1
100054f6:	f7fb fb71 	bl	10000bdc <irq_set_enabled>
100054fa:	2005      	movs	r0, #5
100054fc:	f7fb fb86 	bl	10000c0c <irq_has_shared_handler>
10005500:	1e04      	subs	r4, r0, #0
10005502:	d017      	beq.n	10005534 <stdio_usb_init+0x78>
10005504:	2200      	movs	r2, #0
10005506:	4929      	ldr	r1, [pc, #164]	; (100055ac <stdio_usb_init+0xf0>)
10005508:	2005      	movs	r0, #5
1000550a:	f7fb fbbb 	bl	10000c84 <irq_add_shared_handler>
1000550e:	f7fb fad3 	bl	10000ab8 <next_striped_spin_lock_num>
10005512:	0001      	movs	r1, r0
10005514:	4826      	ldr	r0, [pc, #152]	; (100055b0 <stdio_usb_init+0xf4>)
10005516:	f7fb fe63 	bl	100011e0 <critical_section_init_with_lock_num>
1000551a:	2101      	movs	r1, #1
1000551c:	4825      	ldr	r0, [pc, #148]	; (100055b4 <stdio_usb_init+0xf8>)
1000551e:	f7ff fe31 	bl	10005184 <stdio_set_driver_enabled>
10005522:	0020      	movs	r0, r4
10005524:	b004      	add	sp, #16
10005526:	bd10      	pop	{r4, pc}
10005528:	4b23      	ldr	r3, [pc, #140]	; (100055b8 <stdio_usb_init+0xfc>)
1000552a:	4a24      	ldr	r2, [pc, #144]	; (100055bc <stdio_usb_init+0x100>)
1000552c:	21b2      	movs	r1, #178	; 0xb2
1000552e:	4824      	ldr	r0, [pc, #144]	; (100055c0 <stdio_usb_init+0x104>)
10005530:	f7fd f900 	bl	10002734 <__assert_func>
10005534:	f7fc f9c8 	bl	100018c8 <alarm_pool_get_default>
10005538:	0004      	movs	r4, r0
1000553a:	f7fc fbb7 	bl	10001cac <time_us_64>
1000553e:	0002      	movs	r2, r0
10005540:	1e0b      	subs	r3, r1, #0
10005542:	db1b      	blt.n	1000557c <stdio_usb_init+0xc0>
10005544:	20fa      	movs	r0, #250	; 0xfa
10005546:	0080      	lsls	r0, r0, #2
10005548:	2100      	movs	r1, #0
1000554a:	1812      	adds	r2, r2, r0
1000554c:	414b      	adcs	r3, r1
1000554e:	2b00      	cmp	r3, #0
10005550:	db1a      	blt.n	10005588 <stdio_usb_init+0xcc>
10005552:	2b00      	cmp	r3, #0
10005554:	db1c      	blt.n	10005590 <stdio_usb_init+0xd4>
10005556:	2101      	movs	r1, #1
10005558:	9102      	str	r1, [sp, #8]
1000555a:	2100      	movs	r1, #0
1000555c:	9101      	str	r1, [sp, #4]
1000555e:	4919      	ldr	r1, [pc, #100]	; (100055c4 <stdio_usb_init+0x108>)
10005560:	9100      	str	r1, [sp, #0]
10005562:	0020      	movs	r0, r4
10005564:	f7fc f9c6 	bl	100018f4 <alarm_pool_add_alarm_at>
10005568:	43c4      	mvns	r4, r0
1000556a:	0fe4      	lsrs	r4, r4, #31
1000556c:	2208      	movs	r2, #8
1000556e:	2100      	movs	r1, #0
10005570:	480f      	ldr	r0, [pc, #60]	; (100055b0 <stdio_usb_init+0xf4>)
10005572:	f7ff fcff 	bl	10004f74 <__wrap_memset>
10005576:	2c00      	cmp	r4, #0
10005578:	d0d3      	beq.n	10005522 <stdio_usb_init+0x66>
1000557a:	e7ce      	b.n	1000551a <stdio_usb_init+0x5e>
1000557c:	4b12      	ldr	r3, [pc, #72]	; (100055c8 <stdio_usb_init+0x10c>)
1000557e:	4a13      	ldr	r2, [pc, #76]	; (100055cc <stdio_usb_init+0x110>)
10005580:	213f      	movs	r1, #63	; 0x3f
10005582:	4813      	ldr	r0, [pc, #76]	; (100055d0 <stdio_usb_init+0x114>)
10005584:	f7fd f8d6 	bl	10002734 <__assert_func>
10005588:	2201      	movs	r2, #1
1000558a:	4252      	negs	r2, r2
1000558c:	4b11      	ldr	r3, [pc, #68]	; (100055d4 <stdio_usb_init+0x118>)
1000558e:	e7e0      	b.n	10005552 <stdio_usb_init+0x96>
10005590:	4b0d      	ldr	r3, [pc, #52]	; (100055c8 <stdio_usb_init+0x10c>)
10005592:	4a0e      	ldr	r2, [pc, #56]	; (100055cc <stdio_usb_init+0x110>)
10005594:	213f      	movs	r1, #63	; 0x3f
10005596:	480e      	ldr	r0, [pc, #56]	; (100055d0 <stdio_usb_init+0x114>)
10005598:	f7fd f8cc 	bl	10002734 <__assert_func>
1000559c:	1000c3a8 	.word	0x1000c3a8
100055a0:	20002458 	.word	0x20002458
100055a4:	20002488 	.word	0x20002488
100055a8:	100053c1 	.word	0x100053c1
100055ac:	10005355 	.word	0x10005355
100055b0:	20002228 	.word	0x20002228
100055b4:	20000c80 	.word	0x20000c80
100055b8:	1000a9cc 	.word	0x1000a9cc
100055bc:	1000b838 	.word	0x1000b838
100055c0:	1000b7b4 	.word	0x1000b7b4
100055c4:	10005365 	.word	0x10005365
100055c8:	1000a708 	.word	0x1000a708
100055cc:	1000b848 	.word	0x1000b848
100055d0:	1000a724 	.word	0x1000a724
100055d4:	7fffffff 	.word	0x7fffffff

100055d8 <stdio_usb_connected>:
100055d8:	b510      	push	{r4, lr}
100055da:	2000      	movs	r0, #0
100055dc:	f001 fa30 	bl	10006a40 <tud_cdc_n_connected>
100055e0:	bd10      	pop	{r4, pc}
	...

100055e4 <stdio_usb_in_chars>:
100055e4:	b570      	push	{r4, r5, r6, lr}
100055e6:	0005      	movs	r5, r0
100055e8:	000c      	movs	r4, r1
100055ea:	f7ff fff5 	bl	100055d8 <stdio_usb_connected>
100055ee:	2800      	cmp	r0, #0
100055f0:	d045      	beq.n	1000567e <stdio_usb_in_chars+0x9a>
100055f2:	2000      	movs	r0, #0
100055f4:	f001 fa46 	bl	10006a84 <tud_cdc_n_available>
100055f8:	2800      	cmp	r0, #0
100055fa:	d043      	beq.n	10005684 <stdio_usb_in_chars+0xa0>
100055fc:	f7fc fb56 	bl	10001cac <time_us_64>
10005600:	0002      	movs	r2, r0
10005602:	1e0b      	subs	r3, r1, #0
10005604:	db21      	blt.n	1000564a <stdio_usb_in_chars+0x66>
10005606:	4822      	ldr	r0, [pc, #136]	; (10005690 <stdio_usb_in_chars+0xac>)
10005608:	2100      	movs	r1, #0
1000560a:	1812      	adds	r2, r2, r0
1000560c:	414b      	adcs	r3, r1
1000560e:	2b00      	cmp	r3, #0
10005610:	db21      	blt.n	10005656 <stdio_usb_in_chars+0x72>
10005612:	2b00      	cmp	r3, #0
10005614:	db23      	blt.n	1000565e <stdio_usb_in_chars+0x7a>
10005616:	481f      	ldr	r0, [pc, #124]	; (10005694 <stdio_usb_in_chars+0xb0>)
10005618:	f005 f80e 	bl	1000a638 <__mutex_try_enter_block_until_veneer>
1000561c:	2800      	cmp	r0, #0
1000561e:	d034      	beq.n	1000568a <stdio_usb_in_chars+0xa6>
10005620:	f7ff ffda 	bl	100055d8 <stdio_usb_connected>
10005624:	2800      	cmp	r0, #0
10005626:	d004      	beq.n	10005632 <stdio_usb_in_chars+0x4e>
10005628:	2000      	movs	r0, #0
1000562a:	f001 fa2b 	bl	10006a84 <tud_cdc_n_available>
1000562e:	2800      	cmp	r0, #0
10005630:	d11b      	bne.n	1000566a <stdio_usb_in_chars+0x86>
10005632:	2001      	movs	r0, #1
10005634:	2100      	movs	r1, #0
10005636:	4240      	negs	r0, r0
10005638:	f000 fffa 	bl	10006630 <tud_task_ext>
1000563c:	2403      	movs	r4, #3
1000563e:	4264      	negs	r4, r4
10005640:	4814      	ldr	r0, [pc, #80]	; (10005694 <stdio_usb_in_chars+0xb0>)
10005642:	f004 ffc1 	bl	1000a5c8 <__mutex_exit_veneer>
10005646:	0020      	movs	r0, r4
10005648:	bd70      	pop	{r4, r5, r6, pc}
1000564a:	4b13      	ldr	r3, [pc, #76]	; (10005698 <stdio_usb_in_chars+0xb4>)
1000564c:	4a13      	ldr	r2, [pc, #76]	; (1000569c <stdio_usb_in_chars+0xb8>)
1000564e:	213f      	movs	r1, #63	; 0x3f
10005650:	4813      	ldr	r0, [pc, #76]	; (100056a0 <stdio_usb_in_chars+0xbc>)
10005652:	f7fd f86f 	bl	10002734 <__assert_func>
10005656:	2201      	movs	r2, #1
10005658:	4252      	negs	r2, r2
1000565a:	4b12      	ldr	r3, [pc, #72]	; (100056a4 <stdio_usb_in_chars+0xc0>)
1000565c:	e7d9      	b.n	10005612 <stdio_usb_in_chars+0x2e>
1000565e:	4b0e      	ldr	r3, [pc, #56]	; (10005698 <stdio_usb_in_chars+0xb4>)
10005660:	4a0e      	ldr	r2, [pc, #56]	; (1000569c <stdio_usb_in_chars+0xb8>)
10005662:	213f      	movs	r1, #63	; 0x3f
10005664:	480e      	ldr	r0, [pc, #56]	; (100056a0 <stdio_usb_in_chars+0xbc>)
10005666:	f7fd f865 	bl	10002734 <__assert_func>
1000566a:	0022      	movs	r2, r4
1000566c:	0029      	movs	r1, r5
1000566e:	2000      	movs	r0, #0
10005670:	f001 fa14 	bl	10006a9c <tud_cdc_n_read>
10005674:	1e04      	subs	r4, r0, #0
10005676:	d1e3      	bne.n	10005640 <stdio_usb_in_chars+0x5c>
10005678:	2403      	movs	r4, #3
1000567a:	4264      	negs	r4, r4
1000567c:	e7e0      	b.n	10005640 <stdio_usb_in_chars+0x5c>
1000567e:	2403      	movs	r4, #3
10005680:	4264      	negs	r4, r4
10005682:	e7e0      	b.n	10005646 <stdio_usb_in_chars+0x62>
10005684:	2403      	movs	r4, #3
10005686:	4264      	negs	r4, r4
10005688:	e7dd      	b.n	10005646 <stdio_usb_in_chars+0x62>
1000568a:	2403      	movs	r4, #3
1000568c:	4264      	negs	r4, r4
1000568e:	e7da      	b.n	10005646 <stdio_usb_in_chars+0x62>
10005690:	000f4240 	.word	0x000f4240
10005694:	20002458 	.word	0x20002458
10005698:	1000a708 	.word	0x1000a708
1000569c:	1000b848 	.word	0x1000b848
100056a0:	1000a724 	.word	0x1000a724
100056a4:	7fffffff 	.word	0x7fffffff

100056a8 <stdio_usb_out_chars>:
100056a8:	b5f0      	push	{r4, r5, r6, r7, lr}
100056aa:	46c6      	mov	lr, r8
100056ac:	b500      	push	{lr}
100056ae:	4680      	mov	r8, r0
100056b0:	000c      	movs	r4, r1
100056b2:	f7fc fafb 	bl	10001cac <time_us_64>
100056b6:	0002      	movs	r2, r0
100056b8:	1e0b      	subs	r3, r1, #0
100056ba:	db0f      	blt.n	100056dc <stdio_usb_out_chars+0x34>
100056bc:	4837      	ldr	r0, [pc, #220]	; (1000579c <stdio_usb_out_chars+0xf4>)
100056be:	2100      	movs	r1, #0
100056c0:	1812      	adds	r2, r2, r0
100056c2:	414b      	adcs	r3, r1
100056c4:	2b00      	cmp	r3, #0
100056c6:	db0f      	blt.n	100056e8 <stdio_usb_out_chars+0x40>
100056c8:	2b00      	cmp	r3, #0
100056ca:	db11      	blt.n	100056f0 <stdio_usb_out_chars+0x48>
100056cc:	4834      	ldr	r0, [pc, #208]	; (100057a0 <stdio_usb_out_chars+0xf8>)
100056ce:	f004 ffb3 	bl	1000a638 <__mutex_try_enter_block_until_veneer>
100056d2:	2800      	cmp	r0, #0
100056d4:	d112      	bne.n	100056fc <stdio_usb_out_chars+0x54>
100056d6:	bc80      	pop	{r7}
100056d8:	46b8      	mov	r8, r7
100056da:	bdf0      	pop	{r4, r5, r6, r7, pc}
100056dc:	4b31      	ldr	r3, [pc, #196]	; (100057a4 <stdio_usb_out_chars+0xfc>)
100056de:	4a32      	ldr	r2, [pc, #200]	; (100057a8 <stdio_usb_out_chars+0x100>)
100056e0:	213f      	movs	r1, #63	; 0x3f
100056e2:	4832      	ldr	r0, [pc, #200]	; (100057ac <stdio_usb_out_chars+0x104>)
100056e4:	f7fd f826 	bl	10002734 <__assert_func>
100056e8:	2201      	movs	r2, #1
100056ea:	4252      	negs	r2, r2
100056ec:	4b30      	ldr	r3, [pc, #192]	; (100057b0 <stdio_usb_out_chars+0x108>)
100056ee:	e7eb      	b.n	100056c8 <stdio_usb_out_chars+0x20>
100056f0:	4b2c      	ldr	r3, [pc, #176]	; (100057a4 <stdio_usb_out_chars+0xfc>)
100056f2:	4a2d      	ldr	r2, [pc, #180]	; (100057a8 <stdio_usb_out_chars+0x100>)
100056f4:	213f      	movs	r1, #63	; 0x3f
100056f6:	482d      	ldr	r0, [pc, #180]	; (100057ac <stdio_usb_out_chars+0x104>)
100056f8:	f7fd f81c 	bl	10002734 <__assert_func>
100056fc:	f7ff ff6c 	bl	100055d8 <stdio_usb_connected>
10005700:	2800      	cmp	r0, #0
10005702:	d149      	bne.n	10005798 <stdio_usb_out_chars+0xf0>
10005704:	4b2b      	ldr	r3, [pc, #172]	; (100057b4 <stdio_usb_out_chars+0x10c>)
10005706:	2000      	movs	r0, #0
10005708:	2100      	movs	r1, #0
1000570a:	6018      	str	r0, [r3, #0]
1000570c:	6059      	str	r1, [r3, #4]
1000570e:	4824      	ldr	r0, [pc, #144]	; (100057a0 <stdio_usb_out_chars+0xf8>)
10005710:	f004 ff5a 	bl	1000a5c8 <__mutex_exit_veneer>
10005714:	e7df      	b.n	100056d6 <stdio_usb_out_chars+0x2e>
10005716:	2001      	movs	r0, #1
10005718:	2100      	movs	r1, #0
1000571a:	4240      	negs	r0, r0
1000571c:	f000 ff88 	bl	10006630 <tud_task_ext>
10005720:	2000      	movs	r0, #0
10005722:	f001 f9cf 	bl	10006ac4 <tud_cdc_n_write_flush>
10005726:	f7ff ff57 	bl	100055d8 <stdio_usb_connected>
1000572a:	2800      	cmp	r0, #0
1000572c:	d0ef      	beq.n	1000570e <stdio_usb_out_chars+0x66>
1000572e:	2000      	movs	r0, #0
10005730:	f001 fa40 	bl	10006bb4 <tud_cdc_n_write_available>
10005734:	2800      	cmp	r0, #0
10005736:	d020      	beq.n	1000577a <stdio_usb_out_chars+0xd2>
10005738:	42a5      	cmp	r5, r4
1000573a:	dae8      	bge.n	1000570e <stdio_usb_out_chars+0x66>
1000573c:	1b66      	subs	r6, r4, r5
1000573e:	2000      	movs	r0, #0
10005740:	f001 fa38 	bl	10006bb4 <tud_cdc_n_write_available>
10005744:	0002      	movs	r2, r0
10005746:	4286      	cmp	r6, r0
10005748:	dc00      	bgt.n	1000574c <stdio_usb_out_chars+0xa4>
1000574a:	0032      	movs	r2, r6
1000574c:	2a00      	cmp	r2, #0
1000574e:	d0e2      	beq.n	10005716 <stdio_usb_out_chars+0x6e>
10005750:	4643      	mov	r3, r8
10005752:	1959      	adds	r1, r3, r5
10005754:	2000      	movs	r0, #0
10005756:	f001 fa11 	bl	10006b7c <tud_cdc_n_write>
1000575a:	0006      	movs	r6, r0
1000575c:	2001      	movs	r0, #1
1000575e:	2100      	movs	r1, #0
10005760:	4240      	negs	r0, r0
10005762:	f000 ff65 	bl	10006630 <tud_task_ext>
10005766:	2000      	movs	r0, #0
10005768:	f001 f9ac 	bl	10006ac4 <tud_cdc_n_write_flush>
1000576c:	19ad      	adds	r5, r5, r6
1000576e:	f7fc fa9d 	bl	10001cac <time_us_64>
10005772:	4b10      	ldr	r3, [pc, #64]	; (100057b4 <stdio_usb_out_chars+0x10c>)
10005774:	6018      	str	r0, [r3, #0]
10005776:	6059      	str	r1, [r3, #4]
10005778:	e7de      	b.n	10005738 <stdio_usb_out_chars+0x90>
1000577a:	f7fc fa97 	bl	10001cac <time_us_64>
1000577e:	4b0d      	ldr	r3, [pc, #52]	; (100057b4 <stdio_usb_out_chars+0x10c>)
10005780:	681e      	ldr	r6, [r3, #0]
10005782:	685f      	ldr	r7, [r3, #4]
10005784:	4a0c      	ldr	r2, [pc, #48]	; (100057b8 <stdio_usb_out_chars+0x110>)
10005786:	2300      	movs	r3, #0
10005788:	1992      	adds	r2, r2, r6
1000578a:	417b      	adcs	r3, r7
1000578c:	4299      	cmp	r1, r3
1000578e:	d8be      	bhi.n	1000570e <stdio_usb_out_chars+0x66>
10005790:	d1d2      	bne.n	10005738 <stdio_usb_out_chars+0x90>
10005792:	4290      	cmp	r0, r2
10005794:	d9d0      	bls.n	10005738 <stdio_usb_out_chars+0x90>
10005796:	e7ba      	b.n	1000570e <stdio_usb_out_chars+0x66>
10005798:	2500      	movs	r5, #0
1000579a:	e7cd      	b.n	10005738 <stdio_usb_out_chars+0x90>
1000579c:	000f4240 	.word	0x000f4240
100057a0:	20002458 	.word	0x20002458
100057a4:	1000a708 	.word	0x1000a708
100057a8:	1000b848 	.word	0x1000b848
100057ac:	1000a724 	.word	0x1000a724
100057b0:	7fffffff 	.word	0x7fffffff
100057b4:	20001790 	.word	0x20001790
100057b8:	0007a120 	.word	0x0007a120

100057bc <tud_descriptor_device_cb>:
100057bc:	4800      	ldr	r0, [pc, #0]	; (100057c0 <tud_descriptor_device_cb+0x4>)
100057be:	4770      	bx	lr
100057c0:	1000b8e0 	.word	0x1000b8e0

100057c4 <tud_descriptor_configuration_cb>:
100057c4:	4800      	ldr	r0, [pc, #0]	; (100057c8 <tud_descriptor_configuration_cb+0x4>)
100057c6:	4770      	bx	lr
100057c8:	1000b88c 	.word	0x1000b88c

100057cc <tud_descriptor_string_cb>:
100057cc:	b510      	push	{r4, lr}
100057ce:	0004      	movs	r4, r0
100057d0:	4b15      	ldr	r3, [pc, #84]	; (10005828 <tud_descriptor_string_cb+0x5c>)
100057d2:	781b      	ldrb	r3, [r3, #0]
100057d4:	2b00      	cmp	r3, #0
100057d6:	d00e      	beq.n	100057f6 <tud_descriptor_string_cb+0x2a>
100057d8:	2c00      	cmp	r4, #0
100057da:	d111      	bne.n	10005800 <tud_descriptor_string_cb+0x34>
100057dc:	4b13      	ldr	r3, [pc, #76]	; (1000582c <tud_descriptor_string_cb+0x60>)
100057de:	4a14      	ldr	r2, [pc, #80]	; (10005830 <tud_descriptor_string_cb+0x64>)
100057e0:	805a      	strh	r2, [r3, #2]
100057e2:	2301      	movs	r3, #1
100057e4:	3301      	adds	r3, #1
100057e6:	005b      	lsls	r3, r3, #1
100057e8:	b21b      	sxth	r3, r3
100057ea:	22c0      	movs	r2, #192	; 0xc0
100057ec:	0092      	lsls	r2, r2, #2
100057ee:	4313      	orrs	r3, r2
100057f0:	480e      	ldr	r0, [pc, #56]	; (1000582c <tud_descriptor_string_cb+0x60>)
100057f2:	8003      	strh	r3, [r0, #0]
100057f4:	bd10      	pop	{r4, pc}
100057f6:	2111      	movs	r1, #17
100057f8:	480b      	ldr	r0, [pc, #44]	; (10005828 <tud_descriptor_string_cb+0x5c>)
100057fa:	f000 f825 	bl	10005848 <pico_get_unique_board_id_string>
100057fe:	e7eb      	b.n	100057d8 <tud_descriptor_string_cb+0xc>
10005800:	2c05      	cmp	r4, #5
10005802:	d80e      	bhi.n	10005822 <tud_descriptor_string_cb+0x56>
10005804:	00a4      	lsls	r4, r4, #2
10005806:	4b0b      	ldr	r3, [pc, #44]	; (10005834 <tud_descriptor_string_cb+0x68>)
10005808:	58e4      	ldr	r4, [r4, r3]
1000580a:	2300      	movs	r3, #0
1000580c:	2b12      	cmp	r3, #18
1000580e:	d8e9      	bhi.n	100057e4 <tud_descriptor_string_cb+0x18>
10005810:	5ce2      	ldrb	r2, [r4, r3]
10005812:	2a00      	cmp	r2, #0
10005814:	d0e6      	beq.n	100057e4 <tud_descriptor_string_cb+0x18>
10005816:	3301      	adds	r3, #1
10005818:	0059      	lsls	r1, r3, #1
1000581a:	4804      	ldr	r0, [pc, #16]	; (1000582c <tud_descriptor_string_cb+0x60>)
1000581c:	5242      	strh	r2, [r0, r1]
1000581e:	b2db      	uxtb	r3, r3
10005820:	e7f4      	b.n	1000580c <tud_descriptor_string_cb+0x40>
10005822:	2000      	movs	r0, #0
10005824:	e7e6      	b.n	100057f4 <tud_descriptor_string_cb+0x28>
10005826:	46c0      	nop			; (mov r8, r8)
10005828:	20002470 	.word	0x20002470
1000582c:	20001dcc 	.word	0x20001dcc
10005830:	00000409 	.word	0x00000409
10005834:	1000b8f4 	.word	0x1000b8f4

10005838 <_retrieve_unique_id_on_boot>:
10005838:	b510      	push	{r4, lr}
1000583a:	4802      	ldr	r0, [pc, #8]	; (10005844 <_retrieve_unique_id_on_boot+0xc>)
1000583c:	f000 f834 	bl	100058a8 <flash_get_unique_id>
10005840:	bd10      	pop	{r4, pc}
10005842:	46c0      	nop			; (mov r8, r8)
10005844:	20002248 	.word	0x20002248

10005848 <pico_get_unique_board_id_string>:
10005848:	b510      	push	{r4, lr}
1000584a:	2900      	cmp	r1, #0
1000584c:	d001      	beq.n	10005852 <pico_get_unique_board_id_string+0xa>
1000584e:	2300      	movs	r3, #0
10005850:	e00a      	b.n	10005868 <pico_get_unique_board_id_string+0x20>
10005852:	4b11      	ldr	r3, [pc, #68]	; (10005898 <pico_get_unique_board_id_string+0x50>)
10005854:	4a11      	ldr	r2, [pc, #68]	; (1000589c <pico_get_unique_board_id_string+0x54>)
10005856:	311f      	adds	r1, #31
10005858:	4811      	ldr	r0, [pc, #68]	; (100058a0 <pico_get_unique_board_id_string+0x58>)
1000585a:	f7fc ff6b 	bl	10002734 <__assert_func>
1000585e:	2400      	movs	r4, #0
10005860:	e00d      	b.n	1000587e <pico_get_unique_board_id_string+0x36>
10005862:	3237      	adds	r2, #55	; 0x37
10005864:	54c2      	strb	r2, [r0, r3]
10005866:	3301      	adds	r3, #1
10005868:	1e4a      	subs	r2, r1, #1
1000586a:	429a      	cmp	r2, r3
1000586c:	d90f      	bls.n	1000588e <pico_get_unique_board_id_string+0x46>
1000586e:	2b0f      	cmp	r3, #15
10005870:	d80d      	bhi.n	1000588e <pico_get_unique_board_id_string+0x46>
10005872:	085a      	lsrs	r2, r3, #1
10005874:	4c0b      	ldr	r4, [pc, #44]	; (100058a4 <pico_get_unique_board_id_string+0x5c>)
10005876:	5ca2      	ldrb	r2, [r4, r2]
10005878:	07dc      	lsls	r4, r3, #31
1000587a:	d4f0      	bmi.n	1000585e <pico_get_unique_board_id_string+0x16>
1000587c:	2404      	movs	r4, #4
1000587e:	4122      	asrs	r2, r4
10005880:	0014      	movs	r4, r2
10005882:	220f      	movs	r2, #15
10005884:	4022      	ands	r2, r4
10005886:	2a09      	cmp	r2, #9
10005888:	dceb      	bgt.n	10005862 <pico_get_unique_board_id_string+0x1a>
1000588a:	3230      	adds	r2, #48	; 0x30
1000588c:	e7ea      	b.n	10005864 <pico_get_unique_board_id_string+0x1c>
1000588e:	18c0      	adds	r0, r0, r3
10005890:	2300      	movs	r3, #0
10005892:	7003      	strb	r3, [r0, #0]
10005894:	bd10      	pop	{r4, pc}
10005896:	46c0      	nop			; (mov r8, r8)
10005898:	1000b90c 	.word	0x1000b90c
1000589c:	1000b978 	.word	0x1000b978
100058a0:	1000b914 	.word	0x1000b914
100058a4:	20002248 	.word	0x20002248

100058a8 <flash_get_unique_id>:
100058a8:	b570      	push	{r4, r5, r6, lr}
100058aa:	b088      	sub	sp, #32
100058ac:	0004      	movs	r4, r0
100058ae:	ad04      	add	r5, sp, #16
100058b0:	2600      	movs	r6, #0
100058b2:	9604      	str	r6, [sp, #16]
100058b4:	2209      	movs	r2, #9
100058b6:	2100      	movs	r1, #0
100058b8:	a805      	add	r0, sp, #20
100058ba:	f7ff fb5b 	bl	10004f74 <__wrap_memset>
100058be:	9600      	str	r6, [sp, #0]
100058c0:	2209      	movs	r2, #9
100058c2:	2100      	movs	r1, #0
100058c4:	a801      	add	r0, sp, #4
100058c6:	f7ff fb55 	bl	10004f74 <__wrap_memset>
100058ca:	234b      	movs	r3, #75	; 0x4b
100058cc:	702b      	strb	r3, [r5, #0]
100058ce:	220d      	movs	r2, #13
100058d0:	4669      	mov	r1, sp
100058d2:	0028      	movs	r0, r5
100058d4:	f004 fe70 	bl	1000a5b8 <__flash_do_cmd_veneer>
100058d8:	2300      	movs	r3, #0
100058da:	e004      	b.n	100058e6 <flash_get_unique_id+0x3e>
100058dc:	1d5a      	adds	r2, r3, #5
100058de:	4669      	mov	r1, sp
100058e0:	5c8a      	ldrb	r2, [r1, r2]
100058e2:	54e2      	strb	r2, [r4, r3]
100058e4:	3301      	adds	r3, #1
100058e6:	2b07      	cmp	r3, #7
100058e8:	ddf8      	ble.n	100058dc <flash_get_unique_id+0x34>
100058ea:	b008      	add	sp, #32
100058ec:	bd70      	pop	{r4, r5, r6, pc}
	...

100058f0 <hw_endpoint_get_by_addr>:
100058f0:	0002      	movs	r2, r0
100058f2:	207f      	movs	r0, #127	; 0x7f
100058f4:	4010      	ands	r0, r2
100058f6:	09d2      	lsrs	r2, r2, #7
100058f8:	0040      	lsls	r0, r0, #1
100058fa:	1880      	adds	r0, r0, r2
100058fc:	0140      	lsls	r0, r0, #5
100058fe:	4b01      	ldr	r3, [pc, #4]	; (10005904 <hw_endpoint_get_by_addr+0x14>)
10005900:	18c0      	adds	r0, r0, r3
10005902:	4770      	bx	lr
10005904:	20001e08 	.word	0x20001e08

10005908 <_hw_endpoint_alloc>:
10005908:	b510      	push	{r4, lr}
1000590a:	8b03      	ldrh	r3, [r0, #24]
1000590c:	333f      	adds	r3, #63	; 0x3f
1000590e:	223f      	movs	r2, #63	; 0x3f
10005910:	4393      	bics	r3, r2
10005912:	2902      	cmp	r1, #2
10005914:	d015      	beq.n	10005942 <_hw_endpoint_alloc+0x3a>
10005916:	4c12      	ldr	r4, [pc, #72]	; (10005960 <_hw_endpoint_alloc+0x58>)
10005918:	6822      	ldr	r2, [r4, #0]
1000591a:	60c2      	str	r2, [r0, #12]
1000591c:	18d3      	adds	r3, r2, r3
1000591e:	6023      	str	r3, [r4, #0]
10005920:	069c      	lsls	r4, r3, #26
10005922:	d110      	bne.n	10005946 <_hw_endpoint_alloc+0x3e>
10005924:	4c0f      	ldr	r4, [pc, #60]	; (10005964 <_hw_endpoint_alloc+0x5c>)
10005926:	4062      	eors	r2, r4
10005928:	4063      	eors	r3, r4
1000592a:	2480      	movs	r4, #128	; 0x80
1000592c:	0164      	lsls	r4, r4, #5
1000592e:	42a3      	cmp	r3, r4
10005930:	d80f      	bhi.n	10005952 <_hw_endpoint_alloc+0x4a>
10005932:	0689      	lsls	r1, r1, #26
10005934:	4311      	orrs	r1, r2
10005936:	2380      	movs	r3, #128	; 0x80
10005938:	061b      	lsls	r3, r3, #24
1000593a:	4319      	orrs	r1, r3
1000593c:	6843      	ldr	r3, [r0, #4]
1000593e:	6019      	str	r1, [r3, #0]
10005940:	bd10      	pop	{r4, pc}
10005942:	005b      	lsls	r3, r3, #1
10005944:	e7e7      	b.n	10005916 <_hw_endpoint_alloc+0xe>
10005946:	4b08      	ldr	r3, [pc, #32]	; (10005968 <_hw_endpoint_alloc+0x60>)
10005948:	4a08      	ldr	r2, [pc, #32]	; (1000596c <_hw_endpoint_alloc+0x64>)
1000594a:	2154      	movs	r1, #84	; 0x54
1000594c:	4808      	ldr	r0, [pc, #32]	; (10005970 <_hw_endpoint_alloc+0x68>)
1000594e:	f7fc fef1 	bl	10002734 <__assert_func>
10005952:	4b08      	ldr	r3, [pc, #32]	; (10005974 <_hw_endpoint_alloc+0x6c>)
10005954:	4a05      	ldr	r2, [pc, #20]	; (1000596c <_hw_endpoint_alloc+0x64>)
10005956:	2156      	movs	r1, #86	; 0x56
10005958:	4805      	ldr	r0, [pc, #20]	; (10005970 <_hw_endpoint_alloc+0x68>)
1000595a:	f7fc feeb 	bl	10002734 <__assert_func>
1000595e:	46c0      	nop			; (mov r8, r8)
10005960:	20002224 	.word	0x20002224
10005964:	50100000 	.word	0x50100000
10005968:	1000bb20 	.word	0x1000bb20
1000596c:	1000bc54 	.word	0x1000bc54
10005970:	1000bb50 	.word	0x1000bb50
10005974:	1000bbc0 	.word	0x1000bbc0

10005978 <hw_endpoint_init>:
10005978:	b5f8      	push	{r3, r4, r5, r6, r7, lr}
1000597a:	0005      	movs	r5, r0
1000597c:	000e      	movs	r6, r1
1000597e:	0014      	movs	r4, r2
10005980:	f7ff ffb6 	bl	100058f0 <hw_endpoint_get_by_addr>
10005984:	237f      	movs	r3, #127	; 0x7f
10005986:	402b      	ands	r3, r5
10005988:	09ef      	lsrs	r7, r5, #7
1000598a:	7085      	strb	r5, [r0, #2]
1000598c:	427a      	negs	r2, r7
1000598e:	417a      	adcs	r2, r7
10005990:	7042      	strb	r2, [r0, #1]
10005992:	2200      	movs	r2, #0
10005994:	70c2      	strb	r2, [r0, #3]
10005996:	8306      	strh	r6, [r0, #24]
10005998:	76c4      	strb	r4, [r0, #27]
1000599a:	2f01      	cmp	r7, #1
1000599c:	d00d      	beq.n	100059ba <hw_endpoint_init+0x42>
1000599e:	00da      	lsls	r2, r3, #3
100059a0:	4912      	ldr	r1, [pc, #72]	; (100059ec <hw_endpoint_init+0x74>)
100059a2:	468c      	mov	ip, r1
100059a4:	4462      	add	r2, ip
100059a6:	6082      	str	r2, [r0, #8]
100059a8:	6882      	ldr	r2, [r0, #8]
100059aa:	2100      	movs	r1, #0
100059ac:	6011      	str	r1, [r2, #0]
100059ae:	2b00      	cmp	r3, #0
100059b0:	d109      	bne.n	100059c6 <hw_endpoint_init+0x4e>
100059b2:	6043      	str	r3, [r0, #4]
100059b4:	4b0e      	ldr	r3, [pc, #56]	; (100059f0 <hw_endpoint_init+0x78>)
100059b6:	60c3      	str	r3, [r0, #12]
100059b8:	bdf8      	pop	{r3, r4, r5, r6, r7, pc}
100059ba:	00da      	lsls	r2, r3, #3
100059bc:	490d      	ldr	r1, [pc, #52]	; (100059f4 <hw_endpoint_init+0x7c>)
100059be:	468c      	mov	ip, r1
100059c0:	4462      	add	r2, ip
100059c2:	6082      	str	r2, [r0, #8]
100059c4:	e7f0      	b.n	100059a8 <hw_endpoint_init+0x30>
100059c6:	2f01      	cmp	r7, #1
100059c8:	d009      	beq.n	100059de <hw_endpoint_init+0x66>
100059ca:	3b01      	subs	r3, #1
100059cc:	00db      	lsls	r3, r3, #3
100059ce:	4a0a      	ldr	r2, [pc, #40]	; (100059f8 <hw_endpoint_init+0x80>)
100059d0:	4694      	mov	ip, r2
100059d2:	4463      	add	r3, ip
100059d4:	6043      	str	r3, [r0, #4]
100059d6:	0021      	movs	r1, r4
100059d8:	f7ff ff96 	bl	10005908 <_hw_endpoint_alloc>
100059dc:	e7ec      	b.n	100059b8 <hw_endpoint_init+0x40>
100059de:	3b01      	subs	r3, #1
100059e0:	00db      	lsls	r3, r3, #3
100059e2:	4a06      	ldr	r2, [pc, #24]	; (100059fc <hw_endpoint_init+0x84>)
100059e4:	4694      	mov	ip, r2
100059e6:	4463      	add	r3, ip
100059e8:	6043      	str	r3, [r0, #4]
100059ea:	e7f4      	b.n	100059d6 <hw_endpoint_init+0x5e>
100059ec:	50100084 	.word	0x50100084
100059f0:	50100100 	.word	0x50100100
100059f4:	50100080 	.word	0x50100080
100059f8:	5010000c 	.word	0x5010000c
100059fc:	50100008 	.word	0x50100008

10005a00 <hw_endpoint_xfer>:
10005a00:	b570      	push	{r4, r5, r6, lr}
10005a02:	000c      	movs	r4, r1
10005a04:	0015      	movs	r5, r2
10005a06:	f7ff ff73 	bl	100058f0 <hw_endpoint_get_by_addr>
10005a0a:	002a      	movs	r2, r5
10005a0c:	0021      	movs	r1, r4
10005a0e:	f000 f90d 	bl	10005c2c <hw_endpoint_xfer_start>
10005a12:	bd70      	pop	{r4, r5, r6, pc}

10005a14 <dcd_int_enable>:
10005a14:	b510      	push	{r4, lr}
10005a16:	2800      	cmp	r0, #0
10005a18:	d104      	bne.n	10005a24 <dcd_int_enable+0x10>
10005a1a:	2101      	movs	r1, #1
10005a1c:	2005      	movs	r0, #5
10005a1e:	f7fb f8dd 	bl	10000bdc <irq_set_enabled>
10005a22:	bd10      	pop	{r4, pc}
10005a24:	21d5      	movs	r1, #213	; 0xd5
10005a26:	4b03      	ldr	r3, [pc, #12]	; (10005a34 <dcd_int_enable+0x20>)
10005a28:	4a03      	ldr	r2, [pc, #12]	; (10005a38 <dcd_int_enable+0x24>)
10005a2a:	0049      	lsls	r1, r1, #1
10005a2c:	4803      	ldr	r0, [pc, #12]	; (10005a3c <dcd_int_enable+0x28>)
10005a2e:	f7fc fe81 	bl	10002734 <__assert_func>
10005a32:	46c0      	nop			; (mov r8, r8)
10005a34:	1000bc08 	.word	0x1000bc08
10005a38:	1000bc44 	.word	0x1000bc44
10005a3c:	1000bb50 	.word	0x1000bb50

10005a40 <dcd_set_address>:
10005a40:	b510      	push	{r4, lr}
10005a42:	2800      	cmp	r0, #0
10005a44:	d105      	bne.n	10005a52 <dcd_set_address+0x12>
10005a46:	2200      	movs	r2, #0
10005a48:	2100      	movs	r1, #0
10005a4a:	2080      	movs	r0, #128	; 0x80
10005a4c:	f7ff ffd8 	bl	10005a00 <hw_endpoint_xfer>
10005a50:	bd10      	pop	{r4, pc}
10005a52:	21db      	movs	r1, #219	; 0xdb
10005a54:	4b02      	ldr	r3, [pc, #8]	; (10005a60 <dcd_set_address+0x20>)
10005a56:	4a03      	ldr	r2, [pc, #12]	; (10005a64 <dcd_set_address+0x24>)
10005a58:	0049      	lsls	r1, r1, #1
10005a5a:	4803      	ldr	r0, [pc, #12]	; (10005a68 <dcd_set_address+0x28>)
10005a5c:	f7fc fe6a 	bl	10002734 <__assert_func>
10005a60:	1000bc08 	.word	0x1000bc08
10005a64:	1000bc34 	.word	0x1000bc34
10005a68:	1000bb50 	.word	0x1000bb50

10005a6c <dcd_connect>:
10005a6c:	4b02      	ldr	r3, [pc, #8]	; (10005a78 <dcd_connect+0xc>)
10005a6e:	2280      	movs	r2, #128	; 0x80
10005a70:	0252      	lsls	r2, r2, #9
10005a72:	64da      	str	r2, [r3, #76]	; 0x4c
10005a74:	4770      	bx	lr
10005a76:	46c0      	nop			; (mov r8, r8)
10005a78:	50112000 	.word	0x50112000

10005a7c <dcd_init>:
10005a7c:	b570      	push	{r4, r5, r6, lr}
10005a7e:	1e04      	subs	r4, r0, #0
10005a80:	d126      	bne.n	10005ad0 <dcd_init+0x54>
10005a82:	f000 f8ad 	bl	10005be0 <rp2040_usb_init>
10005a86:	4d16      	ldr	r5, [pc, #88]	; (10005ae0 <dcd_init+0x64>)
10005a88:	230c      	movs	r3, #12
10005a8a:	67ab      	str	r3, [r5, #120]	; 0x78
10005a8c:	22ff      	movs	r2, #255	; 0xff
10005a8e:	4915      	ldr	r1, [pc, #84]	; (10005ae4 <dcd_init+0x68>)
10005a90:	2005      	movs	r0, #5
10005a92:	f7fb f8f7 	bl	10000c84 <irq_add_shared_handler>
10005a96:	2240      	movs	r2, #64	; 0x40
10005a98:	2100      	movs	r1, #0
10005a9a:	4813      	ldr	r0, [pc, #76]	; (10005ae8 <dcd_init+0x6c>)
10005a9c:	f7ff fa6a 	bl	10004f74 <__wrap_memset>
10005aa0:	2200      	movs	r2, #0
10005aa2:	2140      	movs	r1, #64	; 0x40
10005aa4:	2000      	movs	r0, #0
10005aa6:	f7ff ff67 	bl	10005978 <hw_endpoint_init>
10005aaa:	2200      	movs	r2, #0
10005aac:	2140      	movs	r1, #64	; 0x40
10005aae:	2080      	movs	r0, #128	; 0x80
10005ab0:	f7ff ff62 	bl	10005978 <hw_endpoint_init>
10005ab4:	f004 fdd8 	bl	1000a668 <__reset_non_control_endpoints_veneer>
10005ab8:	2301      	movs	r3, #1
10005aba:	642b      	str	r3, [r5, #64]	; 0x40
10005abc:	2380      	movs	r3, #128	; 0x80
10005abe:	059b      	lsls	r3, r3, #22
10005ac0:	64eb      	str	r3, [r5, #76]	; 0x4c
10005ac2:	2390      	movs	r3, #144	; 0x90
10005ac4:	4a09      	ldr	r2, [pc, #36]	; (10005aec <dcd_init+0x70>)
10005ac6:	50ea      	str	r2, [r5, r3]
10005ac8:	0020      	movs	r0, r4
10005aca:	f7ff ffcf 	bl	10005a6c <dcd_connect>
10005ace:	bd70      	pop	{r4, r5, r6, pc}
10005ad0:	2186      	movs	r1, #134	; 0x86
10005ad2:	4b07      	ldr	r3, [pc, #28]	; (10005af0 <dcd_init+0x74>)
10005ad4:	4a07      	ldr	r2, [pc, #28]	; (10005af4 <dcd_init+0x78>)
10005ad6:	31ff      	adds	r1, #255	; 0xff
10005ad8:	4807      	ldr	r0, [pc, #28]	; (10005af8 <dcd_init+0x7c>)
10005ada:	f7fc fe2b 	bl	10002734 <__assert_func>
10005ade:	46c0      	nop			; (mov r8, r8)
10005ae0:	50110000 	.word	0x50110000
10005ae4:	200004a1 	.word	0x200004a1
10005ae8:	20001e08 	.word	0x20001e08
10005aec:	0001d010 	.word	0x0001d010
10005af0:	1000bc08 	.word	0x1000bc08
10005af4:	1000bc68 	.word	0x1000bc68
10005af8:	1000bb50 	.word	0x1000bb50

10005afc <dcd_edpt0_status_complete>:
10005afc:	780b      	ldrb	r3, [r1, #0]
10005afe:	065b      	lsls	r3, r3, #25
10005b00:	d102      	bne.n	10005b08 <dcd_edpt0_status_complete+0xc>
10005b02:	784b      	ldrb	r3, [r1, #1]
10005b04:	2b05      	cmp	r3, #5
10005b06:	d000      	beq.n	10005b0a <dcd_edpt0_status_complete+0xe>
10005b08:	4770      	bx	lr
10005b0a:	788a      	ldrb	r2, [r1, #2]
10005b0c:	4b01      	ldr	r3, [pc, #4]	; (10005b14 <dcd_edpt0_status_complete+0x18>)
10005b0e:	601a      	str	r2, [r3, #0]
10005b10:	e7fa      	b.n	10005b08 <dcd_edpt0_status_complete+0xc>
10005b12:	46c0      	nop			; (mov r8, r8)
10005b14:	50110000 	.word	0x50110000

10005b18 <dcd_edpt_open>:
10005b18:	b510      	push	{r4, lr}
10005b1a:	000c      	movs	r4, r1
10005b1c:	2800      	cmp	r0, #0
10005b1e:	d10d      	bne.n	10005b3c <dcd_edpt_open+0x24>
10005b20:	7909      	ldrb	r1, [r1, #4]
10005b22:	7963      	ldrb	r3, [r4, #5]
10005b24:	021b      	lsls	r3, r3, #8
10005b26:	430b      	orrs	r3, r1
10005b28:	055b      	lsls	r3, r3, #21
10005b2a:	0d59      	lsrs	r1, r3, #21
10005b2c:	78e2      	ldrb	r2, [r4, #3]
10005b2e:	0792      	lsls	r2, r2, #30
10005b30:	0f92      	lsrs	r2, r2, #30
10005b32:	78a0      	ldrb	r0, [r4, #2]
10005b34:	f7ff ff20 	bl	10005978 <hw_endpoint_init>
10005b38:	2001      	movs	r0, #1
10005b3a:	bd10      	pop	{r4, pc}
10005b3c:	21fc      	movs	r1, #252	; 0xfc
10005b3e:	4b03      	ldr	r3, [pc, #12]	; (10005b4c <dcd_edpt_open+0x34>)
10005b40:	4a03      	ldr	r2, [pc, #12]	; (10005b50 <dcd_edpt_open+0x38>)
10005b42:	31ff      	adds	r1, #255	; 0xff
10005b44:	4803      	ldr	r0, [pc, #12]	; (10005b54 <dcd_edpt_open+0x3c>)
10005b46:	f7fc fdf5 	bl	10002734 <__assert_func>
10005b4a:	46c0      	nop			; (mov r8, r8)
10005b4c:	1000bc08 	.word	0x1000bc08
10005b50:	1000bc24 	.word	0x1000bc24
10005b54:	1000bb50 	.word	0x1000bb50

10005b58 <dcd_edpt_close_all>:
10005b58:	b510      	push	{r4, lr}
10005b5a:	f004 fd85 	bl	1000a668 <__reset_non_control_endpoints_veneer>
10005b5e:	bd10      	pop	{r4, pc}

10005b60 <dcd_edpt_xfer>:
10005b60:	b510      	push	{r4, lr}
10005b62:	0004      	movs	r4, r0
10005b64:	0008      	movs	r0, r1
10005b66:	0011      	movs	r1, r2
10005b68:	001a      	movs	r2, r3
10005b6a:	2c00      	cmp	r4, #0
10005b6c:	d103      	bne.n	10005b76 <dcd_edpt_xfer+0x16>
10005b6e:	f7ff ff47 	bl	10005a00 <hw_endpoint_xfer>
10005b72:	2001      	movs	r0, #1
10005b74:	bd10      	pop	{r4, pc}
10005b76:	4b03      	ldr	r3, [pc, #12]	; (10005b84 <dcd_edpt_xfer+0x24>)
10005b78:	4a03      	ldr	r2, [pc, #12]	; (10005b88 <dcd_edpt_xfer+0x28>)
10005b7a:	4904      	ldr	r1, [pc, #16]	; (10005b8c <dcd_edpt_xfer+0x2c>)
10005b7c:	4804      	ldr	r0, [pc, #16]	; (10005b90 <dcd_edpt_xfer+0x30>)
10005b7e:	f7fc fdd9 	bl	10002734 <__assert_func>
10005b82:	46c0      	nop			; (mov r8, r8)
10005b84:	1000bc08 	.word	0x1000bc08
10005b88:	1000bc14 	.word	0x1000bc14
10005b8c:	0000020a 	.word	0x0000020a
10005b90:	1000bb50 	.word	0x1000bb50

10005b94 <dcd_edpt_stall>:
10005b94:	b510      	push	{r4, lr}
10005b96:	0008      	movs	r0, r1
10005b98:	064b      	lsls	r3, r1, #25
10005b9a:	d105      	bne.n	10005ba8 <dcd_edpt_stall+0x14>
10005b9c:	09cb      	lsrs	r3, r1, #7
10005b9e:	2b01      	cmp	r3, #1
10005ba0:	d00a      	beq.n	10005bb8 <dcd_edpt_stall+0x24>
10005ba2:	2202      	movs	r2, #2
10005ba4:	4b05      	ldr	r3, [pc, #20]	; (10005bbc <dcd_edpt_stall+0x28>)
10005ba6:	669a      	str	r2, [r3, #104]	; 0x68
10005ba8:	f7ff fea2 	bl	100058f0 <hw_endpoint_get_by_addr>
10005bac:	2280      	movs	r2, #128	; 0x80
10005bae:	0112      	lsls	r2, r2, #4
10005bb0:	2100      	movs	r1, #0
10005bb2:	f004 fd61 	bl	1000a678 <___hw_endpoint_buffer_control_update32_veneer>
10005bb6:	bd10      	pop	{r4, pc}
10005bb8:	2201      	movs	r2, #1
10005bba:	e7f3      	b.n	10005ba4 <dcd_edpt_stall+0x10>
10005bbc:	50112000 	.word	0x50112000

10005bc0 <dcd_edpt_clear_stall>:
10005bc0:	b510      	push	{r4, lr}
10005bc2:	0008      	movs	r0, r1
10005bc4:	064b      	lsls	r3, r1, #25
10005bc6:	d100      	bne.n	10005bca <dcd_edpt_clear_stall+0xa>
10005bc8:	bd10      	pop	{r4, pc}
10005bca:	f7ff fe91 	bl	100058f0 <hw_endpoint_get_by_addr>
10005bce:	2300      	movs	r3, #0
10005bd0:	70c3      	strb	r3, [r0, #3]
10005bd2:	2200      	movs	r2, #0
10005bd4:	4901      	ldr	r1, [pc, #4]	; (10005bdc <dcd_edpt_clear_stall+0x1c>)
10005bd6:	f004 fd4f 	bl	1000a678 <___hw_endpoint_buffer_control_update32_veneer>
10005bda:	e7f5      	b.n	10005bc8 <dcd_edpt_clear_stall+0x8>
10005bdc:	fffff7ff 	.word	0xfffff7ff

10005be0 <rp2040_usb_init>:
10005be0:	b510      	push	{r4, lr}
10005be2:	2380      	movs	r3, #128	; 0x80
10005be4:	045b      	lsls	r3, r3, #17
10005be6:	4a0c      	ldr	r2, [pc, #48]	; (10005c18 <rp2040_usb_init+0x38>)
10005be8:	6013      	str	r3, [r2, #0]
10005bea:	4a0c      	ldr	r2, [pc, #48]	; (10005c1c <rp2040_usb_init+0x3c>)
10005bec:	6013      	str	r3, [r2, #0]
10005bee:	4b0c      	ldr	r3, [pc, #48]	; (10005c20 <rp2040_usb_init+0x40>)
10005bf0:	689a      	ldr	r2, [r3, #8]
10005bf2:	2380      	movs	r3, #128	; 0x80
10005bf4:	045b      	lsls	r3, r3, #17
10005bf6:	4393      	bics	r3, r2
10005bf8:	d1f9      	bne.n	10005bee <rp2040_usb_init+0xe>
10005bfa:	4c0a      	ldr	r4, [pc, #40]	; (10005c24 <rp2040_usb_init+0x44>)
10005bfc:	229c      	movs	r2, #156	; 0x9c
10005bfe:	2100      	movs	r1, #0
10005c00:	0020      	movs	r0, r4
10005c02:	f7ff f9b7 	bl	10004f74 <__wrap_memset>
10005c06:	2280      	movs	r2, #128	; 0x80
10005c08:	0152      	lsls	r2, r2, #5
10005c0a:	2100      	movs	r1, #0
10005c0c:	4806      	ldr	r0, [pc, #24]	; (10005c28 <rp2040_usb_init+0x48>)
10005c0e:	f7ff f9b1 	bl	10004f74 <__wrap_memset>
10005c12:	2309      	movs	r3, #9
10005c14:	6763      	str	r3, [r4, #116]	; 0x74
10005c16:	bd10      	pop	{r4, pc}
10005c18:	4000e000 	.word	0x4000e000
10005c1c:	4000f000 	.word	0x4000f000
10005c20:	4000c000 	.word	0x4000c000
10005c24:	50110000 	.word	0x50110000
10005c28:	50100000 	.word	0x50100000

10005c2c <hw_endpoint_xfer_start>:
10005c2c:	b570      	push	{r4, r5, r6, lr}
10005c2e:	0004      	movs	r4, r0
10005c30:	000d      	movs	r5, r1
10005c32:	0016      	movs	r6, r2
10005c34:	7e83      	ldrb	r3, [r0, #26]
10005c36:	2b00      	cmp	r3, #0
10005c38:	d117      	bne.n	10005c6a <hw_endpoint_xfer_start+0x3e>
10005c3a:	82a6      	strh	r6, [r4, #20]
10005c3c:	2300      	movs	r3, #0
10005c3e:	82e3      	strh	r3, [r4, #22]
10005c40:	3301      	adds	r3, #1
10005c42:	76a3      	strb	r3, [r4, #26]
10005c44:	6125      	str	r5, [r4, #16]
10005c46:	0020      	movs	r0, r4
10005c48:	f004 fcce 	bl	1000a5e8 <__e15_is_bulkin_ep_veneer>
10005c4c:	2800      	cmp	r0, #0
10005c4e:	d004      	beq.n	10005c5a <hw_endpoint_xfer_start+0x2e>
10005c50:	4a09      	ldr	r2, [pc, #36]	; (10005c78 <hw_endpoint_xfer_start+0x4c>)
10005c52:	2390      	movs	r3, #144	; 0x90
10005c54:	2180      	movs	r1, #128	; 0x80
10005c56:	0289      	lsls	r1, r1, #10
10005c58:	50d1      	str	r1, [r2, r3]
10005c5a:	0020      	movs	r0, r4
10005c5c:	f004 fd14 	bl	1000a688 <__e15_is_critical_frame_period_veneer>
10005c60:	2800      	cmp	r0, #0
10005c62:	d005      	beq.n	10005c70 <hw_endpoint_xfer_start+0x44>
10005c64:	2301      	movs	r3, #1
10005c66:	7723      	strb	r3, [r4, #28]
10005c68:	bd70      	pop	{r4, r5, r6, pc}
10005c6a:	f004 fcf5 	bl	1000a658 <__hw_endpoint_reset_transfer_veneer>
10005c6e:	e7e4      	b.n	10005c3a <hw_endpoint_xfer_start+0xe>
10005c70:	0020      	movs	r0, r4
10005c72:	f004 fce9 	bl	1000a648 <__hw_endpoint_start_next_buffer_veneer>
10005c76:	e7f7      	b.n	10005c68 <hw_endpoint_xfer_start+0x3c>
10005c78:	50112000 	.word	0x50112000

10005c7c <configuration_reset>:
10005c7c:	b570      	push	{r4, r5, r6, lr}
10005c7e:	0005      	movs	r5, r0
10005c80:	2400      	movs	r4, #0
10005c82:	e00c      	b.n	10005c9e <configuration_reset+0x22>
10005c84:	0063      	lsls	r3, r4, #1
10005c86:	191b      	adds	r3, r3, r4
10005c88:	00da      	lsls	r2, r3, #3
10005c8a:	4b18      	ldr	r3, [pc, #96]	; (10005cec <configuration_reset+0x70>)
10005c8c:	681b      	ldr	r3, [r3, #0]
10005c8e:	189b      	adds	r3, r3, r2
10005c90:	2b00      	cmp	r3, #0
10005c92:	d02a      	beq.n	10005cea <configuration_reset+0x6e>
10005c94:	685b      	ldr	r3, [r3, #4]
10005c96:	0028      	movs	r0, r5
10005c98:	4798      	blx	r3
10005c9a:	3401      	adds	r4, #1
10005c9c:	b2e4      	uxtb	r4, r4
10005c9e:	4b14      	ldr	r3, [pc, #80]	; (10005cf0 <configuration_reset+0x74>)
10005ca0:	781b      	ldrb	r3, [r3, #0]
10005ca2:	42a3      	cmp	r3, r4
10005ca4:	d310      	bcc.n	10005cc8 <configuration_reset+0x4c>
10005ca6:	4a13      	ldr	r2, [pc, #76]	; (10005cf4 <configuration_reset+0x78>)
10005ca8:	2a00      	cmp	r2, #0
10005caa:	d00b      	beq.n	10005cc4 <configuration_reset+0x48>
10005cac:	42a3      	cmp	r3, r4
10005cae:	d8e9      	bhi.n	10005c84 <configuration_reset+0x8>
10005cb0:	1ae3      	subs	r3, r4, r3
10005cb2:	b2db      	uxtb	r3, r3
10005cb4:	2b00      	cmp	r3, #0
10005cb6:	d118      	bne.n	10005cea <configuration_reset+0x6e>
10005cb8:	005a      	lsls	r2, r3, #1
10005cba:	18d2      	adds	r2, r2, r3
10005cbc:	00d2      	lsls	r2, r2, #3
10005cbe:	4b0e      	ldr	r3, [pc, #56]	; (10005cf8 <configuration_reset+0x7c>)
10005cc0:	189b      	adds	r3, r3, r2
10005cc2:	e7e5      	b.n	10005c90 <configuration_reset+0x14>
10005cc4:	0023      	movs	r3, r4
10005cc6:	e7f5      	b.n	10005cb4 <configuration_reset+0x38>
10005cc8:	4c0c      	ldr	r4, [pc, #48]	; (10005cfc <configuration_reset+0x80>)
10005cca:	2253      	movs	r2, #83	; 0x53
10005ccc:	2100      	movs	r1, #0
10005cce:	0020      	movs	r0, r4
10005cd0:	f7ff f950 	bl	10004f74 <__wrap_memset>
10005cd4:	1ce0      	adds	r0, r4, #3
10005cd6:	2210      	movs	r2, #16
10005cd8:	21ff      	movs	r1, #255	; 0xff
10005cda:	f7ff f94b 	bl	10004f74 <__wrap_memset>
10005cde:	0020      	movs	r0, r4
10005ce0:	3013      	adds	r0, #19
10005ce2:	2220      	movs	r2, #32
10005ce4:	21ff      	movs	r1, #255	; 0xff
10005ce6:	f7ff f945 	bl	10004f74 <__wrap_memset>
10005cea:	bd70      	pop	{r4, r5, r6, pc}
10005cec:	200017fc 	.word	0x200017fc
10005cf0:	20002481 	.word	0x20002481
10005cf4:	1000530d 	.word	0x1000530d
10005cf8:	1000be14 	.word	0x1000be14
10005cfc:	20001b24 	.word	0x20001b24

10005d00 <usbd_reset>:
10005d00:	b510      	push	{r4, lr}
10005d02:	f7ff ffbb 	bl	10005c7c <configuration_reset>
10005d06:	f000 fdf1 	bl	100068ec <usbd_control_reset>
10005d0a:	bd10      	pop	{r4, pc}

10005d0c <invoke_class_control>:
10005d0c:	b570      	push	{r4, r5, r6, lr}
10005d0e:	0005      	movs	r5, r0
10005d10:	000c      	movs	r4, r1
10005d12:	0016      	movs	r6, r2
10005d14:	68c8      	ldr	r0, [r1, #12]
10005d16:	f000 fdf3 	bl	10006900 <usbd_control_set_complete_callback>
10005d1a:	68e3      	ldr	r3, [r4, #12]
10005d1c:	0032      	movs	r2, r6
10005d1e:	2101      	movs	r1, #1
10005d20:	0028      	movs	r0, r5
10005d22:	4798      	blx	r3
10005d24:	bd70      	pop	{r4, r5, r6, pc}
	...

10005d28 <process_set_config>:
10005d28:	b5f0      	push	{r4, r5, r6, r7, lr}
10005d2a:	46de      	mov	lr, fp
10005d2c:	4657      	mov	r7, sl
10005d2e:	464e      	mov	r6, r9
10005d30:	b5c0      	push	{r6, r7, lr}
10005d32:	b082      	sub	sp, #8
10005d34:	9000      	str	r0, [sp, #0]
10005d36:	3901      	subs	r1, #1
10005d38:	b2c8      	uxtb	r0, r1
10005d3a:	f7ff fd43 	bl	100057c4 <tud_descriptor_configuration_cb>
10005d3e:	2800      	cmp	r0, #0
10005d40:	d100      	bne.n	10005d44 <process_set_config+0x1c>
10005d42:	e08c      	b.n	10005e5e <process_set_config+0x136>
10005d44:	7843      	ldrb	r3, [r0, #1]
10005d46:	469a      	mov	sl, r3
10005d48:	2b02      	cmp	r3, #2
10005d4a:	d000      	beq.n	10005d4e <process_set_config+0x26>
10005d4c:	e089      	b.n	10005e62 <process_set_config+0x13a>
10005d4e:	79c5      	ldrb	r5, [r0, #7]
10005d50:	116a      	asrs	r2, r5, #5
10005d52:	3b01      	subs	r3, #1
10005d54:	494b      	ldr	r1, [pc, #300]	; (10005e84 <process_set_config+0x15c>)
10005d56:	401a      	ands	r2, r3
10005d58:	0114      	lsls	r4, r2, #4
10005d5a:	780a      	ldrb	r2, [r1, #0]
10005d5c:	2710      	movs	r7, #16
10005d5e:	43ba      	bics	r2, r7
10005d60:	4322      	orrs	r2, r4
10005d62:	700a      	strb	r2, [r1, #0]
10005d64:	11ad      	asrs	r5, r5, #6
10005d66:	402b      	ands	r3, r5
10005d68:	015b      	lsls	r3, r3, #5
10005d6a:	b2d2      	uxtb	r2, r2
10005d6c:	2420      	movs	r4, #32
10005d6e:	43a2      	bics	r2, r4
10005d70:	4313      	orrs	r3, r2
10005d72:	700b      	strb	r3, [r1, #0]
10005d74:	0006      	movs	r6, r0
10005d76:	3609      	adds	r6, #9
10005d78:	7882      	ldrb	r2, [r0, #2]
10005d7a:	78c4      	ldrb	r4, [r0, #3]
10005d7c:	0224      	lsls	r4, r4, #8
10005d7e:	4314      	orrs	r4, r2
10005d80:	1904      	adds	r4, r0, r4
10005d82:	42a6      	cmp	r6, r4
10005d84:	d264      	bcs.n	10005e50 <process_set_config+0x128>
10005d86:	7873      	ldrb	r3, [r6, #1]
10005d88:	2b0b      	cmp	r3, #11
10005d8a:	d009      	beq.n	10005da0 <process_set_config+0x78>
10005d8c:	2301      	movs	r3, #1
10005d8e:	469b      	mov	fp, r3
10005d90:	7873      	ldrb	r3, [r6, #1]
10005d92:	2b04      	cmp	r3, #4
10005d94:	d16c      	bne.n	10005e70 <process_set_config+0x148>
10005d96:	1ba3      	subs	r3, r4, r6
10005d98:	b29b      	uxth	r3, r3
10005d9a:	4699      	mov	r9, r3
10005d9c:	2500      	movs	r5, #0
10005d9e:	e025      	b.n	10005dec <process_set_config+0xc4>
10005da0:	78f3      	ldrb	r3, [r6, #3]
10005da2:	469b      	mov	fp, r3
10005da4:	7833      	ldrb	r3, [r6, #0]
10005da6:	18f6      	adds	r6, r6, r3
10005da8:	e7f2      	b.n	10005d90 <process_set_config+0x68>
10005daa:	006f      	lsls	r7, r5, #1
10005dac:	197f      	adds	r7, r7, r5
10005dae:	00fb      	lsls	r3, r7, #3
10005db0:	4a35      	ldr	r2, [pc, #212]	; (10005e88 <process_set_config+0x160>)
10005db2:	6817      	ldr	r7, [r2, #0]
10005db4:	18ff      	adds	r7, r7, r3
10005db6:	e02b      	b.n	10005e10 <process_set_config+0xe8>
10005db8:	002b      	movs	r3, r5
10005dba:	e022      	b.n	10005e02 <process_set_config+0xda>
10005dbc:	68ba      	ldr	r2, [r7, #8]
10005dbe:	4b33      	ldr	r3, [pc, #204]	; (10005e8c <process_set_config+0x164>)
10005dc0:	429a      	cmp	r2, r3
10005dc2:	d134      	bne.n	10005e2e <process_set_config+0x106>
10005dc4:	46d3      	mov	fp, sl
10005dc6:	e032      	b.n	10005e2e <process_set_config+0x106>
10005dc8:	482e      	ldr	r0, [pc, #184]	; (10005e84 <process_set_config+0x15c>)
10005dca:	002b      	movs	r3, r5
10005dcc:	9f01      	ldr	r7, [sp, #4]
10005dce:	003a      	movs	r2, r7
10005dd0:	0031      	movs	r1, r6
10005dd2:	3013      	adds	r0, #19
10005dd4:	f001 f9a2 	bl	1000711c <tu_edpt_bind_driver>
10005dd8:	46bc      	mov	ip, r7
10005dda:	4466      	add	r6, ip
10005ddc:	4b2c      	ldr	r3, [pc, #176]	; (10005e90 <process_set_config+0x168>)
10005dde:	781b      	ldrb	r3, [r3, #0]
10005de0:	42ab      	cmp	r3, r5
10005de2:	d2ce      	bcs.n	10005d82 <process_set_config+0x5a>
10005de4:	2000      	movs	r0, #0
10005de6:	e03d      	b.n	10005e64 <process_set_config+0x13c>
10005de8:	3501      	adds	r5, #1
10005dea:	b2ed      	uxtb	r5, r5
10005dec:	4b28      	ldr	r3, [pc, #160]	; (10005e90 <process_set_config+0x168>)
10005dee:	781b      	ldrb	r3, [r3, #0]
10005df0:	42ab      	cmp	r3, r5
10005df2:	d3f3      	bcc.n	10005ddc <process_set_config+0xb4>
10005df4:	4a27      	ldr	r2, [pc, #156]	; (10005e94 <process_set_config+0x16c>)
10005df6:	2a00      	cmp	r2, #0
10005df8:	d0de      	beq.n	10005db8 <process_set_config+0x90>
10005dfa:	42ab      	cmp	r3, r5
10005dfc:	d8d5      	bhi.n	10005daa <process_set_config+0x82>
10005dfe:	1aeb      	subs	r3, r5, r3
10005e00:	b2db      	uxtb	r3, r3
10005e02:	2b00      	cmp	r3, #0
10005e04:	d136      	bne.n	10005e74 <process_set_config+0x14c>
10005e06:	005f      	lsls	r7, r3, #1
10005e08:	18fb      	adds	r3, r7, r3
10005e0a:	00db      	lsls	r3, r3, #3
10005e0c:	4f22      	ldr	r7, [pc, #136]	; (10005e98 <process_set_config+0x170>)
10005e0e:	18ff      	adds	r7, r7, r3
10005e10:	2f00      	cmp	r7, #0
10005e12:	d031      	beq.n	10005e78 <process_set_config+0x150>
10005e14:	464a      	mov	r2, r9
10005e16:	0031      	movs	r1, r6
10005e18:	9800      	ldr	r0, [sp, #0]
10005e1a:	68bb      	ldr	r3, [r7, #8]
10005e1c:	4798      	blx	r3
10005e1e:	9001      	str	r0, [sp, #4]
10005e20:	2808      	cmp	r0, #8
10005e22:	d9e1      	bls.n	10005de8 <process_set_config+0xc0>
10005e24:	4581      	cmp	r9, r0
10005e26:	d3df      	bcc.n	10005de8 <process_set_config+0xc0>
10005e28:	465b      	mov	r3, fp
10005e2a:	2b01      	cmp	r3, #1
10005e2c:	d0c6      	beq.n	10005dbc <process_set_config+0x94>
10005e2e:	2200      	movs	r2, #0
10005e30:	4593      	cmp	fp, r2
10005e32:	d9c9      	bls.n	10005dc8 <process_set_config+0xa0>
10005e34:	78b3      	ldrb	r3, [r6, #2]
10005e36:	189b      	adds	r3, r3, r2
10005e38:	b2db      	uxtb	r3, r3
10005e3a:	4912      	ldr	r1, [pc, #72]	; (10005e84 <process_set_config+0x15c>)
10005e3c:	18c9      	adds	r1, r1, r3
10005e3e:	78c9      	ldrb	r1, [r1, #3]
10005e40:	29ff      	cmp	r1, #255	; 0xff
10005e42:	d11b      	bne.n	10005e7c <process_set_config+0x154>
10005e44:	490f      	ldr	r1, [pc, #60]	; (10005e84 <process_set_config+0x15c>)
10005e46:	18cb      	adds	r3, r1, r3
10005e48:	70dd      	strb	r5, [r3, #3]
10005e4a:	3201      	adds	r2, #1
10005e4c:	b2d2      	uxtb	r2, r2
10005e4e:	e7ef      	b.n	10005e30 <process_set_config+0x108>
10005e50:	4b12      	ldr	r3, [pc, #72]	; (10005e9c <process_set_config+0x174>)
10005e52:	2b00      	cmp	r3, #0
10005e54:	d014      	beq.n	10005e80 <process_set_config+0x158>
10005e56:	e000      	b.n	10005e5a <process_set_config+0x132>
10005e58:	bf00      	nop
10005e5a:	2001      	movs	r0, #1
10005e5c:	e002      	b.n	10005e64 <process_set_config+0x13c>
10005e5e:	2000      	movs	r0, #0
10005e60:	e000      	b.n	10005e64 <process_set_config+0x13c>
10005e62:	2000      	movs	r0, #0
10005e64:	b002      	add	sp, #8
10005e66:	bce0      	pop	{r5, r6, r7}
10005e68:	46bb      	mov	fp, r7
10005e6a:	46b2      	mov	sl, r6
10005e6c:	46a9      	mov	r9, r5
10005e6e:	bdf0      	pop	{r4, r5, r6, r7, pc}
10005e70:	2000      	movs	r0, #0
10005e72:	e7f7      	b.n	10005e64 <process_set_config+0x13c>
10005e74:	2000      	movs	r0, #0
10005e76:	e7f5      	b.n	10005e64 <process_set_config+0x13c>
10005e78:	2000      	movs	r0, #0
10005e7a:	e7f3      	b.n	10005e64 <process_set_config+0x13c>
10005e7c:	2000      	movs	r0, #0
10005e7e:	e7f1      	b.n	10005e64 <process_set_config+0x13c>
10005e80:	2001      	movs	r0, #1
10005e82:	e7ef      	b.n	10005e64 <process_set_config+0x13c>
10005e84:	20001b24 	.word	0x20001b24
10005e88:	200017fc 	.word	0x200017fc
10005e8c:	10006cd1 	.word	0x10006cd1
10005e90:	20002481 	.word	0x20002481
10005e94:	1000530d 	.word	0x1000530d
10005e98:	1000be14 	.word	0x1000be14
10005e9c:	00000000 	.word	0x00000000

10005ea0 <process_get_descriptor>:
10005ea0:	b570      	push	{r4, r5, r6, lr}
10005ea2:	0005      	movs	r5, r0
10005ea4:	000c      	movs	r4, r1
10005ea6:	78cb      	ldrb	r3, [r1, #3]
10005ea8:	7888      	ldrb	r0, [r1, #2]
10005eaa:	2b0f      	cmp	r3, #15
10005eac:	d850      	bhi.n	10005f50 <process_get_descriptor+0xb0>
10005eae:	009a      	lsls	r2, r3, #2
10005eb0:	492e      	ldr	r1, [pc, #184]	; (10005f6c <process_get_descriptor+0xcc>)
10005eb2:	588a      	ldr	r2, [r1, r2]
10005eb4:	4697      	mov	pc, r2
10005eb6:	f7ff fc81 	bl	100057bc <tud_descriptor_device_cb>
10005eba:	0002      	movs	r2, r0
10005ebc:	2312      	movs	r3, #18
10005ebe:	0021      	movs	r1, r4
10005ec0:	0028      	movs	r0, r5
10005ec2:	f000 fcd9 	bl	10006878 <tud_control_xfer>
10005ec6:	e044      	b.n	10005f52 <process_get_descriptor+0xb2>
10005ec8:	4b29      	ldr	r3, [pc, #164]	; (10005f70 <process_get_descriptor+0xd0>)
10005eca:	2b00      	cmp	r3, #0
10005ecc:	d042      	beq.n	10005f54 <process_get_descriptor+0xb4>
10005ece:	e000      	b.n	10005ed2 <process_get_descriptor+0x32>
10005ed0:	bf00      	nop
10005ed2:	1e02      	subs	r2, r0, #0
10005ed4:	d040      	beq.n	10005f58 <process_get_descriptor+0xb8>
10005ed6:	7881      	ldrb	r1, [r0, #2]
10005ed8:	78c3      	ldrb	r3, [r0, #3]
10005eda:	021b      	lsls	r3, r3, #8
10005edc:	430b      	orrs	r3, r1
10005ede:	0021      	movs	r1, r4
10005ee0:	0028      	movs	r0, r5
10005ee2:	f000 fcc9 	bl	10006878 <tud_control_xfer>
10005ee6:	e034      	b.n	10005f52 <process_get_descriptor+0xb2>
10005ee8:	2b02      	cmp	r3, #2
10005eea:	d009      	beq.n	10005f00 <process_get_descriptor+0x60>
10005eec:	4b21      	ldr	r3, [pc, #132]	; (10005f74 <process_get_descriptor+0xd4>)
10005eee:	2b00      	cmp	r3, #0
10005ef0:	d034      	beq.n	10005f5c <process_get_descriptor+0xbc>
10005ef2:	e000      	b.n	10005ef6 <process_get_descriptor+0x56>
10005ef4:	bf00      	nop
10005ef6:	0002      	movs	r2, r0
10005ef8:	2a00      	cmp	r2, #0
10005efa:	d105      	bne.n	10005f08 <process_get_descriptor+0x68>
10005efc:	2000      	movs	r0, #0
10005efe:	e028      	b.n	10005f52 <process_get_descriptor+0xb2>
10005f00:	f7ff fc60 	bl	100057c4 <tud_descriptor_configuration_cb>
10005f04:	0002      	movs	r2, r0
10005f06:	e7f7      	b.n	10005ef8 <process_get_descriptor+0x58>
10005f08:	7891      	ldrb	r1, [r2, #2]
10005f0a:	78d3      	ldrb	r3, [r2, #3]
10005f0c:	021b      	lsls	r3, r3, #8
10005f0e:	430b      	orrs	r3, r1
10005f10:	0021      	movs	r1, r4
10005f12:	0028      	movs	r0, r5
10005f14:	f000 fcb0 	bl	10006878 <tud_control_xfer>
10005f18:	e01b      	b.n	10005f52 <process_get_descriptor+0xb2>
10005f1a:	7923      	ldrb	r3, [r4, #4]
10005f1c:	7961      	ldrb	r1, [r4, #5]
10005f1e:	0209      	lsls	r1, r1, #8
10005f20:	4319      	orrs	r1, r3
10005f22:	f7ff fc53 	bl	100057cc <tud_descriptor_string_cb>
10005f26:	1e02      	subs	r2, r0, #0
10005f28:	d01a      	beq.n	10005f60 <process_get_descriptor+0xc0>
10005f2a:	7803      	ldrb	r3, [r0, #0]
10005f2c:	0021      	movs	r1, r4
10005f2e:	0028      	movs	r0, r5
10005f30:	f000 fca2 	bl	10006878 <tud_control_xfer>
10005f34:	e00d      	b.n	10005f52 <process_get_descriptor+0xb2>
10005f36:	4b10      	ldr	r3, [pc, #64]	; (10005f78 <process_get_descriptor+0xd8>)
10005f38:	2b00      	cmp	r3, #0
10005f3a:	d013      	beq.n	10005f64 <process_get_descriptor+0xc4>
10005f3c:	e000      	b.n	10005f40 <process_get_descriptor+0xa0>
10005f3e:	bf00      	nop
10005f40:	1e02      	subs	r2, r0, #0
10005f42:	d011      	beq.n	10005f68 <process_get_descriptor+0xc8>
10005f44:	7803      	ldrb	r3, [r0, #0]
10005f46:	0021      	movs	r1, r4
10005f48:	0028      	movs	r0, r5
10005f4a:	f000 fc95 	bl	10006878 <tud_control_xfer>
10005f4e:	e000      	b.n	10005f52 <process_get_descriptor+0xb2>
10005f50:	2000      	movs	r0, #0
10005f52:	bd70      	pop	{r4, r5, r6, pc}
10005f54:	2000      	movs	r0, #0
10005f56:	e7fc      	b.n	10005f52 <process_get_descriptor+0xb2>
10005f58:	2000      	movs	r0, #0
10005f5a:	e7fa      	b.n	10005f52 <process_get_descriptor+0xb2>
10005f5c:	2000      	movs	r0, #0
10005f5e:	e7f8      	b.n	10005f52 <process_get_descriptor+0xb2>
10005f60:	2000      	movs	r0, #0
10005f62:	e7f6      	b.n	10005f52 <process_get_descriptor+0xb2>
10005f64:	2000      	movs	r0, #0
10005f66:	e7f4      	b.n	10005f52 <process_get_descriptor+0xb2>
10005f68:	2000      	movs	r0, #0
10005f6a:	e7f2      	b.n	10005f52 <process_get_descriptor+0xb2>
10005f6c:	1000bd88 	.word	0x1000bd88
	...

10005f7c <tud_mounted>:
10005f7c:	4b02      	ldr	r3, [pc, #8]	; (10005f88 <tud_mounted+0xc>)
10005f7e:	7858      	ldrb	r0, [r3, #1]
10005f80:	1e43      	subs	r3, r0, #1
10005f82:	4198      	sbcs	r0, r3
10005f84:	b2c0      	uxtb	r0, r0
10005f86:	4770      	bx	lr
10005f88:	20001b24 	.word	0x20001b24

10005f8c <tud_suspended>:
10005f8c:	4b02      	ldr	r3, [pc, #8]	; (10005f98 <tud_suspended+0xc>)
10005f8e:	7818      	ldrb	r0, [r3, #0]
10005f90:	0740      	lsls	r0, r0, #29
10005f92:	0fc0      	lsrs	r0, r0, #31
10005f94:	4770      	bx	lr
10005f96:	46c0      	nop			; (mov r8, r8)
10005f98:	20001b24 	.word	0x20001b24

10005f9c <tud_inited>:
10005f9c:	4b03      	ldr	r3, [pc, #12]	; (10005fac <tud_inited+0x10>)
10005f9e:	7818      	ldrb	r0, [r3, #0]
10005fa0:	38ff      	subs	r0, #255	; 0xff
10005fa2:	1e43      	subs	r3, r0, #1
10005fa4:	4198      	sbcs	r0, r3
10005fa6:	b2c0      	uxtb	r0, r0
10005fa8:	4770      	bx	lr
10005faa:	46c0      	nop			; (mov r8, r8)
10005fac:	20000cbc 	.word	0x20000cbc

10005fb0 <tud_init>:
10005fb0:	b570      	push	{r4, r5, r6, lr}
10005fb2:	0004      	movs	r4, r0
10005fb4:	f7ff fff2 	bl	10005f9c <tud_inited>
10005fb8:	1e06      	subs	r6, r0, #0
10005fba:	d001      	beq.n	10005fc0 <tud_init+0x10>
10005fbc:	0030      	movs	r0, r6
10005fbe:	bd70      	pop	{r4, r5, r6, pc}
10005fc0:	2253      	movs	r2, #83	; 0x53
10005fc2:	2100      	movs	r1, #0
10005fc4:	4823      	ldr	r0, [pc, #140]	; (10006054 <tud_init+0xa4>)
10005fc6:	f7fe ffd5 	bl	10004f74 <__wrap_memset>
10005fca:	4d23      	ldr	r5, [pc, #140]	; (10006058 <tud_init+0xa8>)
10005fcc:	0028      	movs	r0, r5
10005fce:	f7fb f8eb 	bl	100011a8 <mutex_init>
10005fd2:	4b22      	ldr	r3, [pc, #136]	; (1000605c <tud_init+0xac>)
10005fd4:	601d      	str	r5, [r3, #0]
10005fd6:	4d22      	ldr	r5, [pc, #136]	; (10006060 <tud_init+0xb0>)
10005fd8:	0028      	movs	r0, r5
10005fda:	3014      	adds	r0, #20
10005fdc:	f7fb f90a 	bl	100011f4 <critical_section_init>
10005fe0:	0028      	movs	r0, r5
10005fe2:	f001 fbf0 	bl	100077c6 <tu_fifo_clear>
10005fe6:	4b1f      	ldr	r3, [pc, #124]	; (10006064 <tud_init+0xb4>)
10005fe8:	601d      	str	r5, [r3, #0]
10005fea:	4b1f      	ldr	r3, [pc, #124]	; (10006068 <tud_init+0xb8>)
10005fec:	2b00      	cmp	r3, #0
10005fee:	d004      	beq.n	10005ffa <tud_init+0x4a>
10005ff0:	481e      	ldr	r0, [pc, #120]	; (1000606c <tud_init+0xbc>)
10005ff2:	f7ff f98b 	bl	1000530c <usbd_app_driver_get_cb>
10005ff6:	4b1e      	ldr	r3, [pc, #120]	; (10006070 <tud_init+0xc0>)
10005ff8:	6018      	str	r0, [r3, #0]
10005ffa:	2500      	movs	r5, #0
10005ffc:	e00b      	b.n	10006016 <tud_init+0x66>
10005ffe:	006b      	lsls	r3, r5, #1
10006000:	195b      	adds	r3, r3, r5
10006002:	00da      	lsls	r2, r3, #3
10006004:	4b1a      	ldr	r3, [pc, #104]	; (10006070 <tud_init+0xc0>)
10006006:	681b      	ldr	r3, [r3, #0]
10006008:	189b      	adds	r3, r3, r2
1000600a:	2b00      	cmp	r3, #0
1000600c:	d0d6      	beq.n	10005fbc <tud_init+0xc>
1000600e:	681b      	ldr	r3, [r3, #0]
10006010:	4798      	blx	r3
10006012:	3501      	adds	r5, #1
10006014:	b2ed      	uxtb	r5, r5
10006016:	4b15      	ldr	r3, [pc, #84]	; (1000606c <tud_init+0xbc>)
10006018:	781b      	ldrb	r3, [r3, #0]
1000601a:	42ab      	cmp	r3, r5
1000601c:	d310      	bcc.n	10006040 <tud_init+0x90>
1000601e:	4a12      	ldr	r2, [pc, #72]	; (10006068 <tud_init+0xb8>)
10006020:	2a00      	cmp	r2, #0
10006022:	d00b      	beq.n	1000603c <tud_init+0x8c>
10006024:	42ab      	cmp	r3, r5
10006026:	d8ea      	bhi.n	10005ffe <tud_init+0x4e>
10006028:	1aeb      	subs	r3, r5, r3
1000602a:	b2db      	uxtb	r3, r3
1000602c:	2b00      	cmp	r3, #0
1000602e:	d1c5      	bne.n	10005fbc <tud_init+0xc>
10006030:	005a      	lsls	r2, r3, #1
10006032:	18d2      	adds	r2, r2, r3
10006034:	00d2      	lsls	r2, r2, #3
10006036:	4b0f      	ldr	r3, [pc, #60]	; (10006074 <tud_init+0xc4>)
10006038:	189b      	adds	r3, r3, r2
1000603a:	e7e6      	b.n	1000600a <tud_init+0x5a>
1000603c:	002b      	movs	r3, r5
1000603e:	e7f5      	b.n	1000602c <tud_init+0x7c>
10006040:	4b0d      	ldr	r3, [pc, #52]	; (10006078 <tud_init+0xc8>)
10006042:	701c      	strb	r4, [r3, #0]
10006044:	0020      	movs	r0, r4
10006046:	f7ff fd19 	bl	10005a7c <dcd_init>
1000604a:	0020      	movs	r0, r4
1000604c:	f7ff fce2 	bl	10005a14 <dcd_int_enable>
10006050:	2601      	movs	r6, #1
10006052:	e7b3      	b.n	10005fbc <tud_init+0xc>
10006054:	20001b24 	.word	0x20001b24
10006058:	20001adc 	.word	0x20001adc
1000605c:	20001b78 	.word	0x20001b78
10006060:	20000ca0 	.word	0x20000ca0
10006064:	20001b7c 	.word	0x20001b7c
10006068:	1000530d 	.word	0x1000530d
1000606c:	20002481 	.word	0x20002481
10006070:	200017fc 	.word	0x200017fc
10006074:	1000be14 	.word	0x1000be14
10006078:	20000cbc 	.word	0x20000cbc

1000607c <usbd_defer_func>:
1000607c:	b5f0      	push	{r4, r5, r6, r7, lr}
1000607e:	b085      	sub	sp, #20
10006080:	0007      	movs	r7, r0
10006082:	000e      	movs	r6, r1
10006084:	0015      	movs	r5, r2
10006086:	ac01      	add	r4, sp, #4
10006088:	220c      	movs	r2, #12
1000608a:	2100      	movs	r1, #0
1000608c:	0020      	movs	r0, r4
1000608e:	f7fe ff71 	bl	10004f74 <__wrap_memset>
10006092:	2308      	movs	r3, #8
10006094:	7063      	strb	r3, [r4, #1]
10006096:	9702      	str	r7, [sp, #8]
10006098:	9603      	str	r6, [sp, #12]
1000609a:	0029      	movs	r1, r5
1000609c:	0020      	movs	r0, r4
1000609e:	f004 fac3 	bl	1000a628 <__dcd_event_handler_veneer>
100060a2:	b005      	add	sp, #20
100060a4:	bdf0      	pop	{r4, r5, r6, r7, pc}
	...

100060a8 <usbd_edpt_open>:
100060a8:	b570      	push	{r4, r5, r6, lr}
100060aa:	000c      	movs	r4, r1
100060ac:	4b09      	ldr	r3, [pc, #36]	; (100060d4 <usbd_edpt_open+0x2c>)
100060ae:	781d      	ldrb	r5, [r3, #0]
100060b0:	788b      	ldrb	r3, [r1, #2]
100060b2:	2270      	movs	r2, #112	; 0x70
100060b4:	421a      	tst	r2, r3
100060b6:	d001      	beq.n	100060bc <usbd_edpt_open+0x14>
100060b8:	2000      	movs	r0, #0
100060ba:	bd70      	pop	{r4, r5, r6, pc}
100060bc:	4b06      	ldr	r3, [pc, #24]	; (100060d8 <usbd_edpt_open+0x30>)
100060be:	7899      	ldrb	r1, [r3, #2]
100060c0:	0020      	movs	r0, r4
100060c2:	f000 ffef 	bl	100070a4 <tu_edpt_validate>
100060c6:	2800      	cmp	r0, #0
100060c8:	d0f7      	beq.n	100060ba <usbd_edpt_open+0x12>
100060ca:	0021      	movs	r1, r4
100060cc:	0028      	movs	r0, r5
100060ce:	f7ff fd23 	bl	10005b18 <dcd_edpt_open>
100060d2:	e7f2      	b.n	100060ba <usbd_edpt_open+0x12>
100060d4:	20000cbc 	.word	0x20000cbc
100060d8:	20001b24 	.word	0x20001b24

100060dc <usbd_open_edpt_pair>:
100060dc:	b5f8      	push	{r3, r4, r5, r6, r7, lr}
100060de:	46ce      	mov	lr, r9
100060e0:	4647      	mov	r7, r8
100060e2:	b580      	push	{r7, lr}
100060e4:	4681      	mov	r9, r0
100060e6:	000c      	movs	r4, r1
100060e8:	0017      	movs	r7, r2
100060ea:	001e      	movs	r6, r3
100060ec:	9b08      	ldr	r3, [sp, #32]
100060ee:	4698      	mov	r8, r3
100060f0:	2500      	movs	r5, #0
100060f2:	e004      	b.n	100060fe <usbd_open_edpt_pair+0x22>
100060f4:	9a09      	ldr	r2, [sp, #36]	; 0x24
100060f6:	7013      	strb	r3, [r2, #0]
100060f8:	7823      	ldrb	r3, [r4, #0]
100060fa:	18e4      	adds	r4, r4, r3
100060fc:	3501      	adds	r5, #1
100060fe:	42af      	cmp	r7, r5
10006100:	dd14      	ble.n	1000612c <usbd_open_edpt_pair+0x50>
10006102:	7863      	ldrb	r3, [r4, #1]
10006104:	2b05      	cmp	r3, #5
10006106:	d116      	bne.n	10006136 <usbd_open_edpt_pair+0x5a>
10006108:	78e1      	ldrb	r1, [r4, #3]
1000610a:	0789      	lsls	r1, r1, #30
1000610c:	0f89      	lsrs	r1, r1, #30
1000610e:	42b1      	cmp	r1, r6
10006110:	d113      	bne.n	1000613a <usbd_open_edpt_pair+0x5e>
10006112:	0021      	movs	r1, r4
10006114:	4648      	mov	r0, r9
10006116:	f7ff ffc7 	bl	100060a8 <usbd_edpt_open>
1000611a:	2800      	cmp	r0, #0
1000611c:	d007      	beq.n	1000612e <usbd_open_edpt_pair+0x52>
1000611e:	78a3      	ldrb	r3, [r4, #2]
10006120:	09da      	lsrs	r2, r3, #7
10006122:	2a01      	cmp	r2, #1
10006124:	d0e6      	beq.n	100060f4 <usbd_open_edpt_pair+0x18>
10006126:	4642      	mov	r2, r8
10006128:	7013      	strb	r3, [r2, #0]
1000612a:	e7e5      	b.n	100060f8 <usbd_open_edpt_pair+0x1c>
1000612c:	2001      	movs	r0, #1
1000612e:	bcc0      	pop	{r6, r7}
10006130:	46b9      	mov	r9, r7
10006132:	46b0      	mov	r8, r6
10006134:	bdf8      	pop	{r3, r4, r5, r6, r7, pc}
10006136:	2000      	movs	r0, #0
10006138:	e7f9      	b.n	1000612e <usbd_open_edpt_pair+0x52>
1000613a:	2000      	movs	r0, #0
1000613c:	e7f7      	b.n	1000612e <usbd_open_edpt_pair+0x52>
	...

10006140 <usbd_edpt_claim>:
10006140:	b510      	push	{r4, lr}
10006142:	207f      	movs	r0, #127	; 0x7f
10006144:	4008      	ands	r0, r1
10006146:	09c9      	lsrs	r1, r1, #7
10006148:	0040      	lsls	r0, r0, #1
1000614a:	1840      	adds	r0, r0, r1
1000614c:	3030      	adds	r0, #48	; 0x30
1000614e:	4904      	ldr	r1, [pc, #16]	; (10006160 <usbd_edpt_claim+0x20>)
10006150:	1808      	adds	r0, r1, r0
10006152:	3003      	adds	r0, #3
10006154:	4b03      	ldr	r3, [pc, #12]	; (10006164 <usbd_edpt_claim+0x24>)
10006156:	6819      	ldr	r1, [r3, #0]
10006158:	f000 ff5e 	bl	10007018 <tu_edpt_claim>
1000615c:	bd10      	pop	{r4, pc}
1000615e:	46c0      	nop			; (mov r8, r8)
10006160:	20001b24 	.word	0x20001b24
10006164:	20001b78 	.word	0x20001b78

10006168 <usbd_edpt_release>:
10006168:	b510      	push	{r4, lr}
1000616a:	207f      	movs	r0, #127	; 0x7f
1000616c:	4008      	ands	r0, r1
1000616e:	09c9      	lsrs	r1, r1, #7
10006170:	0040      	lsls	r0, r0, #1
10006172:	1840      	adds	r0, r0, r1
10006174:	3030      	adds	r0, #48	; 0x30
10006176:	4904      	ldr	r1, [pc, #16]	; (10006188 <usbd_edpt_release+0x20>)
10006178:	1808      	adds	r0, r1, r0
1000617a:	3003      	adds	r0, #3
1000617c:	4b03      	ldr	r3, [pc, #12]	; (1000618c <usbd_edpt_release+0x24>)
1000617e:	6819      	ldr	r1, [r3, #0]
10006180:	f000 ff72 	bl	10007068 <tu_edpt_release>
10006184:	bd10      	pop	{r4, pc}
10006186:	46c0      	nop			; (mov r8, r8)
10006188:	20001b24 	.word	0x20001b24
1000618c:	20001b78 	.word	0x20001b78

10006190 <usbd_edpt_xfer>:
10006190:	b5f8      	push	{r3, r4, r5, r6, r7, lr}
10006192:	46ce      	mov	lr, r9
10006194:	4647      	mov	r7, r8
10006196:	b580      	push	{r7, lr}
10006198:	4819      	ldr	r0, [pc, #100]	; (10006200 <usbd_edpt_xfer+0x70>)
1000619a:	7800      	ldrb	r0, [r0, #0]
1000619c:	257f      	movs	r5, #127	; 0x7f
1000619e:	400d      	ands	r5, r1
100061a0:	09ce      	lsrs	r6, r1, #7
100061a2:	006f      	lsls	r7, r5, #1
100061a4:	4c17      	ldr	r4, [pc, #92]	; (10006204 <usbd_edpt_xfer+0x74>)
100061a6:	19e4      	adds	r4, r4, r7
100061a8:	19a4      	adds	r4, r4, r6
100061aa:	3430      	adds	r4, #48	; 0x30
100061ac:	78e4      	ldrb	r4, [r4, #3]
100061ae:	07e4      	lsls	r4, r4, #31
100061b0:	d504      	bpl.n	100061bc <usbd_edpt_xfer+0x2c>
100061b2:	2000      	movs	r0, #0
100061b4:	bcc0      	pop	{r6, r7}
100061b6:	46b9      	mov	r9, r7
100061b8:	46b0      	mov	r8, r6
100061ba:	bdf8      	pop	{r3, r4, r5, r6, r7, pc}
100061bc:	4c11      	ldr	r4, [pc, #68]	; (10006204 <usbd_edpt_xfer+0x74>)
100061be:	19e4      	adds	r4, r4, r7
100061c0:	19a4      	adds	r4, r4, r6
100061c2:	2730      	movs	r7, #48	; 0x30
100061c4:	46b9      	mov	r9, r7
100061c6:	44a1      	add	r9, r4
100061c8:	464c      	mov	r4, r9
100061ca:	78e4      	ldrb	r4, [r4, #3]
100061cc:	2701      	movs	r7, #1
100061ce:	46bc      	mov	ip, r7
100061d0:	4667      	mov	r7, ip
100061d2:	433c      	orrs	r4, r7
100061d4:	0027      	movs	r7, r4
100061d6:	464c      	mov	r4, r9
100061d8:	70e7      	strb	r7, [r4, #3]
100061da:	f7ff fcc1 	bl	10005b60 <dcd_edpt_xfer>
100061de:	2800      	cmp	r0, #0
100061e0:	d1e8      	bne.n	100061b4 <usbd_edpt_xfer+0x24>
100061e2:	006d      	lsls	r5, r5, #1
100061e4:	4b07      	ldr	r3, [pc, #28]	; (10006204 <usbd_edpt_xfer+0x74>)
100061e6:	195d      	adds	r5, r3, r5
100061e8:	19ae      	adds	r6, r5, r6
100061ea:	3630      	adds	r6, #48	; 0x30
100061ec:	78f3      	ldrb	r3, [r6, #3]
100061ee:	2201      	movs	r2, #1
100061f0:	4393      	bics	r3, r2
100061f2:	70f3      	strb	r3, [r6, #3]
100061f4:	78f3      	ldrb	r3, [r6, #3]
100061f6:	3203      	adds	r2, #3
100061f8:	4393      	bics	r3, r2
100061fa:	70f3      	strb	r3, [r6, #3]
100061fc:	e7da      	b.n	100061b4 <usbd_edpt_xfer+0x24>
100061fe:	46c0      	nop			; (mov r8, r8)
10006200:	20000cbc 	.word	0x20000cbc
10006204:	20001b24 	.word	0x20001b24

10006208 <usbd_edpt_stall>:
10006208:	b570      	push	{r4, r5, r6, lr}
1000620a:	4b0f      	ldr	r3, [pc, #60]	; (10006248 <usbd_edpt_stall+0x40>)
1000620c:	7818      	ldrb	r0, [r3, #0]
1000620e:	247f      	movs	r4, #127	; 0x7f
10006210:	400c      	ands	r4, r1
10006212:	09cd      	lsrs	r5, r1, #7
10006214:	0062      	lsls	r2, r4, #1
10006216:	4b0d      	ldr	r3, [pc, #52]	; (1000624c <usbd_edpt_stall+0x44>)
10006218:	189b      	adds	r3, r3, r2
1000621a:	195b      	adds	r3, r3, r5
1000621c:	3330      	adds	r3, #48	; 0x30
1000621e:	78db      	ldrb	r3, [r3, #3]
10006220:	079b      	lsls	r3, r3, #30
10006222:	d500      	bpl.n	10006226 <usbd_edpt_stall+0x1e>
10006224:	bd70      	pop	{r4, r5, r6, pc}
10006226:	f7ff fcb5 	bl	10005b94 <dcd_edpt_stall>
1000622a:	0063      	lsls	r3, r4, #1
1000622c:	4c07      	ldr	r4, [pc, #28]	; (1000624c <usbd_edpt_stall+0x44>)
1000622e:	18e4      	adds	r4, r4, r3
10006230:	1964      	adds	r4, r4, r5
10006232:	3430      	adds	r4, #48	; 0x30
10006234:	78e3      	ldrb	r3, [r4, #3]
10006236:	2202      	movs	r2, #2
10006238:	4313      	orrs	r3, r2
1000623a:	70e3      	strb	r3, [r4, #3]
1000623c:	78e3      	ldrb	r3, [r4, #3]
1000623e:	2201      	movs	r2, #1
10006240:	4313      	orrs	r3, r2
10006242:	70e3      	strb	r3, [r4, #3]
10006244:	e7ee      	b.n	10006224 <usbd_edpt_stall+0x1c>
10006246:	46c0      	nop			; (mov r8, r8)
10006248:	20000cbc 	.word	0x20000cbc
1000624c:	20001b24 	.word	0x20001b24

10006250 <usbd_edpt_clear_stall>:
10006250:	b570      	push	{r4, r5, r6, lr}
10006252:	4b0f      	ldr	r3, [pc, #60]	; (10006290 <usbd_edpt_clear_stall+0x40>)
10006254:	7818      	ldrb	r0, [r3, #0]
10006256:	247f      	movs	r4, #127	; 0x7f
10006258:	400c      	ands	r4, r1
1000625a:	09cd      	lsrs	r5, r1, #7
1000625c:	0062      	lsls	r2, r4, #1
1000625e:	4b0d      	ldr	r3, [pc, #52]	; (10006294 <usbd_edpt_clear_stall+0x44>)
10006260:	189b      	adds	r3, r3, r2
10006262:	195b      	adds	r3, r3, r5
10006264:	3330      	adds	r3, #48	; 0x30
10006266:	78db      	ldrb	r3, [r3, #3]
10006268:	079b      	lsls	r3, r3, #30
1000626a:	d400      	bmi.n	1000626e <usbd_edpt_clear_stall+0x1e>
1000626c:	bd70      	pop	{r4, r5, r6, pc}
1000626e:	f7ff fca7 	bl	10005bc0 <dcd_edpt_clear_stall>
10006272:	0063      	lsls	r3, r4, #1
10006274:	4c07      	ldr	r4, [pc, #28]	; (10006294 <usbd_edpt_clear_stall+0x44>)
10006276:	18e4      	adds	r4, r4, r3
10006278:	1964      	adds	r4, r4, r5
1000627a:	3430      	adds	r4, #48	; 0x30
1000627c:	78e3      	ldrb	r3, [r4, #3]
1000627e:	2202      	movs	r2, #2
10006280:	4393      	bics	r3, r2
10006282:	70e3      	strb	r3, [r4, #3]
10006284:	78e3      	ldrb	r3, [r4, #3]
10006286:	3a01      	subs	r2, #1
10006288:	4393      	bics	r3, r2
1000628a:	70e3      	strb	r3, [r4, #3]
1000628c:	e7ee      	b.n	1000626c <usbd_edpt_clear_stall+0x1c>
1000628e:	46c0      	nop			; (mov r8, r8)
10006290:	20000cbc 	.word	0x20000cbc
10006294:	20001b24 	.word	0x20001b24

10006298 <usbd_edpt_stalled>:
10006298:	227f      	movs	r2, #127	; 0x7f
1000629a:	400a      	ands	r2, r1
1000629c:	09cb      	lsrs	r3, r1, #7
1000629e:	0052      	lsls	r2, r2, #1
100062a0:	4903      	ldr	r1, [pc, #12]	; (100062b0 <usbd_edpt_stalled+0x18>)
100062a2:	1889      	adds	r1, r1, r2
100062a4:	18c9      	adds	r1, r1, r3
100062a6:	3130      	adds	r1, #48	; 0x30
100062a8:	78c8      	ldrb	r0, [r1, #3]
100062aa:	0780      	lsls	r0, r0, #30
100062ac:	0fc0      	lsrs	r0, r0, #31
100062ae:	4770      	bx	lr
100062b0:	20001b24 	.word	0x20001b24

100062b4 <process_control_request>:
100062b4:	b5f0      	push	{r4, r5, r6, r7, lr}
100062b6:	46c6      	mov	lr, r8
100062b8:	b500      	push	{lr}
100062ba:	b082      	sub	sp, #8
100062bc:	0005      	movs	r5, r0
100062be:	000c      	movs	r4, r1
100062c0:	2000      	movs	r0, #0
100062c2:	f000 fb1d 	bl	10006900 <usbd_control_set_complete_callback>
100062c6:	7823      	ldrb	r3, [r4, #0]
100062c8:	2260      	movs	r2, #96	; 0x60
100062ca:	4013      	ands	r3, r2
100062cc:	2b60      	cmp	r3, #96	; 0x60
100062ce:	d100      	bne.n	100062d2 <process_control_request+0x1e>
100062d0:	e185      	b.n	100065de <process_control_request+0x32a>
100062d2:	2b40      	cmp	r3, #64	; 0x40
100062d4:	d00f      	beq.n	100062f6 <process_control_request+0x42>
100062d6:	7822      	ldrb	r2, [r4, #0]
100062d8:	06d2      	lsls	r2, r2, #27
100062da:	0ed2      	lsrs	r2, r2, #27
100062dc:	2a01      	cmp	r2, #1
100062de:	d100      	bne.n	100062e2 <process_control_request+0x2e>
100062e0:	e0c9      	b.n	10006476 <process_control_request+0x1c2>
100062e2:	2a02      	cmp	r2, #2
100062e4:	d100      	bne.n	100062e8 <process_control_request+0x34>
100062e6:	e10f      	b.n	10006508 <process_control_request+0x254>
100062e8:	2a00      	cmp	r2, #0
100062ea:	d011      	beq.n	10006310 <process_control_request+0x5c>
100062ec:	2000      	movs	r0, #0
100062ee:	b002      	add	sp, #8
100062f0:	bc80      	pop	{r7}
100062f2:	46b8      	mov	r8, r7
100062f4:	bdf0      	pop	{r4, r5, r6, r7, pc}
100062f6:	4bc7      	ldr	r3, [pc, #796]	; (10006614 <process_control_request+0x360>)
100062f8:	2b00      	cmp	r3, #0
100062fa:	d100      	bne.n	100062fe <process_control_request+0x4a>
100062fc:	e171      	b.n	100065e2 <process_control_request+0x32e>
100062fe:	0018      	movs	r0, r3
10006300:	f000 fafe 	bl	10006900 <usbd_control_set_complete_callback>
10006304:	0022      	movs	r2, r4
10006306:	2101      	movs	r1, #1
10006308:	0028      	movs	r0, r5
1000630a:	e000      	b.n	1000630e <process_control_request+0x5a>
1000630c:	bf00      	nop
1000630e:	e7ee      	b.n	100062ee <process_control_request+0x3a>
10006310:	2b20      	cmp	r3, #32
10006312:	d00a      	beq.n	1000632a <process_control_request+0x76>
10006314:	2b00      	cmp	r3, #0
10006316:	d000      	beq.n	1000631a <process_control_request+0x66>
10006318:	e16b      	b.n	100065f2 <process_control_request+0x33e>
1000631a:	7863      	ldrb	r3, [r4, #1]
1000631c:	2b09      	cmp	r3, #9
1000631e:	d900      	bls.n	10006322 <process_control_request+0x6e>
10006320:	e169      	b.n	100065f6 <process_control_request+0x342>
10006322:	009b      	lsls	r3, r3, #2
10006324:	4abc      	ldr	r2, [pc, #752]	; (10006618 <process_control_request+0x364>)
10006326:	58d3      	ldr	r3, [r2, r3]
10006328:	469f      	mov	pc, r3
1000632a:	7923      	ldrb	r3, [r4, #4]
1000632c:	2b0f      	cmp	r3, #15
1000632e:	d900      	bls.n	10006332 <process_control_request+0x7e>
10006330:	e159      	b.n	100065e6 <process_control_request+0x332>
10006332:	4aba      	ldr	r2, [pc, #744]	; (1000661c <process_control_request+0x368>)
10006334:	18d3      	adds	r3, r2, r3
10006336:	78db      	ldrb	r3, [r3, #3]
10006338:	4ab9      	ldr	r2, [pc, #740]	; (10006620 <process_control_request+0x36c>)
1000633a:	2a00      	cmp	r2, #0
1000633c:	d005      	beq.n	1000634a <process_control_request+0x96>
1000633e:	4ab9      	ldr	r2, [pc, #740]	; (10006624 <process_control_request+0x370>)
10006340:	7812      	ldrb	r2, [r2, #0]
10006342:	4293      	cmp	r3, r2
10006344:	d311      	bcc.n	1000636a <process_control_request+0xb6>
10006346:	1a9b      	subs	r3, r3, r2
10006348:	b2db      	uxtb	r3, r3
1000634a:	2b00      	cmp	r3, #0
1000634c:	d000      	beq.n	10006350 <process_control_request+0x9c>
1000634e:	e14c      	b.n	100065ea <process_control_request+0x336>
10006350:	0059      	lsls	r1, r3, #1
10006352:	18cb      	adds	r3, r1, r3
10006354:	00db      	lsls	r3, r3, #3
10006356:	49b4      	ldr	r1, [pc, #720]	; (10006628 <process_control_request+0x374>)
10006358:	18c9      	adds	r1, r1, r3
1000635a:	2900      	cmp	r1, #0
1000635c:	d100      	bne.n	10006360 <process_control_request+0xac>
1000635e:	e146      	b.n	100065ee <process_control_request+0x33a>
10006360:	0022      	movs	r2, r4
10006362:	0028      	movs	r0, r5
10006364:	f7ff fcd2 	bl	10005d0c <invoke_class_control>
10006368:	e7c1      	b.n	100062ee <process_control_request+0x3a>
1000636a:	0059      	lsls	r1, r3, #1
1000636c:	18cb      	adds	r3, r1, r3
1000636e:	00db      	lsls	r3, r3, #3
10006370:	4aae      	ldr	r2, [pc, #696]	; (1000662c <process_control_request+0x378>)
10006372:	6811      	ldr	r1, [r2, #0]
10006374:	18c9      	adds	r1, r1, r3
10006376:	e7f0      	b.n	1000635a <process_control_request+0xa6>
10006378:	0020      	movs	r0, r4
1000637a:	f000 fac7 	bl	1000690c <usbd_control_set_request>
1000637e:	78a1      	ldrb	r1, [r4, #2]
10006380:	0028      	movs	r0, r5
10006382:	f7ff fb5d 	bl	10005a40 <dcd_set_address>
10006386:	4aa5      	ldr	r2, [pc, #660]	; (1000661c <process_control_request+0x368>)
10006388:	7813      	ldrb	r3, [r2, #0]
1000638a:	2102      	movs	r1, #2
1000638c:	430b      	orrs	r3, r1
1000638e:	7013      	strb	r3, [r2, #0]
10006390:	2001      	movs	r0, #1
10006392:	e7ac      	b.n	100062ee <process_control_request+0x3a>
10006394:	4ba1      	ldr	r3, [pc, #644]	; (1000661c <process_control_request+0x368>)
10006396:	785b      	ldrb	r3, [r3, #1]
10006398:	466a      	mov	r2, sp
1000639a:	3206      	adds	r2, #6
1000639c:	7013      	strb	r3, [r2, #0]
1000639e:	2301      	movs	r3, #1
100063a0:	0021      	movs	r1, r4
100063a2:	0028      	movs	r0, r5
100063a4:	f000 fa68 	bl	10006878 <tud_control_xfer>
100063a8:	2001      	movs	r0, #1
100063aa:	e7a0      	b.n	100062ee <process_control_request+0x3a>
100063ac:	78a6      	ldrb	r6, [r4, #2]
100063ae:	4b9b      	ldr	r3, [pc, #620]	; (1000661c <process_control_request+0x368>)
100063b0:	785b      	ldrb	r3, [r3, #1]
100063b2:	b2db      	uxtb	r3, r3
100063b4:	42b3      	cmp	r3, r6
100063b6:	d005      	beq.n	100063c4 <process_control_request+0x110>
100063b8:	4b98      	ldr	r3, [pc, #608]	; (1000661c <process_control_request+0x368>)
100063ba:	785b      	ldrb	r3, [r3, #1]
100063bc:	2b00      	cmp	r3, #0
100063be:	d109      	bne.n	100063d4 <process_control_request+0x120>
100063c0:	2e00      	cmp	r6, #0
100063c2:	d113      	bne.n	100063ec <process_control_request+0x138>
100063c4:	4b95      	ldr	r3, [pc, #596]	; (1000661c <process_control_request+0x368>)
100063c6:	705e      	strb	r6, [r3, #1]
100063c8:	0021      	movs	r1, r4
100063ca:	0028      	movs	r0, r5
100063cc:	f000 fa38 	bl	10006840 <tud_control_status>
100063d0:	2001      	movs	r0, #1
100063d2:	e78c      	b.n	100062ee <process_control_request+0x3a>
100063d4:	0028      	movs	r0, r5
100063d6:	f7ff fbbf 	bl	10005b58 <dcd_edpt_close_all>
100063da:	4f90      	ldr	r7, [pc, #576]	; (1000661c <process_control_request+0x368>)
100063dc:	78bb      	ldrb	r3, [r7, #2]
100063de:	4698      	mov	r8, r3
100063e0:	0028      	movs	r0, r5
100063e2:	f7ff fc4b 	bl	10005c7c <configuration_reset>
100063e6:	4643      	mov	r3, r8
100063e8:	70bb      	strb	r3, [r7, #2]
100063ea:	e7e9      	b.n	100063c0 <process_control_request+0x10c>
100063ec:	0031      	movs	r1, r6
100063ee:	0028      	movs	r0, r5
100063f0:	f7ff fc9a 	bl	10005d28 <process_set_config>
100063f4:	2800      	cmp	r0, #0
100063f6:	d1e5      	bne.n	100063c4 <process_control_request+0x110>
100063f8:	e779      	b.n	100062ee <process_control_request+0x3a>
100063fa:	0021      	movs	r1, r4
100063fc:	0028      	movs	r0, r5
100063fe:	f7ff fd4f 	bl	10005ea0 <process_get_descriptor>
10006402:	e774      	b.n	100062ee <process_control_request+0x3a>
10006404:	78a2      	ldrb	r2, [r4, #2]
10006406:	78e3      	ldrb	r3, [r4, #3]
10006408:	021b      	lsls	r3, r3, #8
1000640a:	4313      	orrs	r3, r2
1000640c:	2b01      	cmp	r3, #1
1000640e:	d001      	beq.n	10006414 <process_control_request+0x160>
10006410:	2000      	movs	r0, #0
10006412:	e76c      	b.n	100062ee <process_control_request+0x3a>
10006414:	4a81      	ldr	r2, [pc, #516]	; (1000661c <process_control_request+0x368>)
10006416:	7813      	ldrb	r3, [r2, #0]
10006418:	2108      	movs	r1, #8
1000641a:	430b      	orrs	r3, r1
1000641c:	7013      	strb	r3, [r2, #0]
1000641e:	0021      	movs	r1, r4
10006420:	0028      	movs	r0, r5
10006422:	f000 fa0d 	bl	10006840 <tud_control_status>
10006426:	2001      	movs	r0, #1
10006428:	e761      	b.n	100062ee <process_control_request+0x3a>
1000642a:	78a2      	ldrb	r2, [r4, #2]
1000642c:	78e3      	ldrb	r3, [r4, #3]
1000642e:	021b      	lsls	r3, r3, #8
10006430:	4313      	orrs	r3, r2
10006432:	2b01      	cmp	r3, #1
10006434:	d001      	beq.n	1000643a <process_control_request+0x186>
10006436:	2000      	movs	r0, #0
10006438:	e759      	b.n	100062ee <process_control_request+0x3a>
1000643a:	4a78      	ldr	r2, [pc, #480]	; (1000661c <process_control_request+0x368>)
1000643c:	7813      	ldrb	r3, [r2, #0]
1000643e:	2108      	movs	r1, #8
10006440:	438b      	bics	r3, r1
10006442:	7013      	strb	r3, [r2, #0]
10006444:	0021      	movs	r1, r4
10006446:	0028      	movs	r0, r5
10006448:	f000 f9fa 	bl	10006840 <tud_control_status>
1000644c:	2001      	movs	r0, #1
1000644e:	e74e      	b.n	100062ee <process_control_request+0x3a>
10006450:	4b72      	ldr	r3, [pc, #456]	; (1000661c <process_control_request+0x368>)
10006452:	781a      	ldrb	r2, [r3, #0]
10006454:	0951      	lsrs	r1, r2, #5
10006456:	0892      	lsrs	r2, r2, #2
10006458:	2301      	movs	r3, #1
1000645a:	400b      	ands	r3, r1
1000645c:	2102      	movs	r1, #2
1000645e:	400a      	ands	r2, r1
10006460:	4313      	orrs	r3, r2
10006462:	466a      	mov	r2, sp
10006464:	3206      	adds	r2, #6
10006466:	8013      	strh	r3, [r2, #0]
10006468:	2302      	movs	r3, #2
1000646a:	0021      	movs	r1, r4
1000646c:	0028      	movs	r0, r5
1000646e:	f000 fa03 	bl	10006878 <tud_control_xfer>
10006472:	2001      	movs	r0, #1
10006474:	e73b      	b.n	100062ee <process_control_request+0x3a>
10006476:	7923      	ldrb	r3, [r4, #4]
10006478:	2b0f      	cmp	r3, #15
1000647a:	d900      	bls.n	1000647e <process_control_request+0x1ca>
1000647c:	e0bd      	b.n	100065fa <process_control_request+0x346>
1000647e:	4a67      	ldr	r2, [pc, #412]	; (1000661c <process_control_request+0x368>)
10006480:	18d3      	adds	r3, r2, r3
10006482:	78d9      	ldrb	r1, [r3, #3]
10006484:	4b66      	ldr	r3, [pc, #408]	; (10006620 <process_control_request+0x36c>)
10006486:	2b00      	cmp	r3, #0
10006488:	d005      	beq.n	10006496 <process_control_request+0x1e2>
1000648a:	4b66      	ldr	r3, [pc, #408]	; (10006624 <process_control_request+0x370>)
1000648c:	781b      	ldrb	r3, [r3, #0]
1000648e:	4299      	cmp	r1, r3
10006490:	d328      	bcc.n	100064e4 <process_control_request+0x230>
10006492:	1ac9      	subs	r1, r1, r3
10006494:	b2c9      	uxtb	r1, r1
10006496:	2900      	cmp	r1, #0
10006498:	d000      	beq.n	1000649c <process_control_request+0x1e8>
1000649a:	e0b0      	b.n	100065fe <process_control_request+0x34a>
1000649c:	004b      	lsls	r3, r1, #1
1000649e:	185b      	adds	r3, r3, r1
100064a0:	00db      	lsls	r3, r3, #3
100064a2:	4961      	ldr	r1, [pc, #388]	; (10006628 <process_control_request+0x374>)
100064a4:	18c9      	adds	r1, r1, r3
100064a6:	2900      	cmp	r1, #0
100064a8:	d100      	bne.n	100064ac <process_control_request+0x1f8>
100064aa:	e0aa      	b.n	10006602 <process_control_request+0x34e>
100064ac:	0022      	movs	r2, r4
100064ae:	0028      	movs	r0, r5
100064b0:	f7ff fc2c 	bl	10005d0c <invoke_class_control>
100064b4:	2800      	cmp	r0, #0
100064b6:	d000      	beq.n	100064ba <process_control_request+0x206>
100064b8:	e719      	b.n	100062ee <process_control_request+0x3a>
100064ba:	7823      	ldrb	r3, [r4, #0]
100064bc:	2260      	movs	r2, #96	; 0x60
100064be:	421a      	tst	r2, r3
100064c0:	d000      	beq.n	100064c4 <process_control_request+0x210>
100064c2:	e714      	b.n	100062ee <process_control_request+0x3a>
100064c4:	7863      	ldrb	r3, [r4, #1]
100064c6:	3b0a      	subs	r3, #10
100064c8:	2b01      	cmp	r3, #1
100064ca:	d900      	bls.n	100064ce <process_control_request+0x21a>
100064cc:	e70f      	b.n	100062ee <process_control_request+0x3a>
100064ce:	f000 fa17 	bl	10006900 <usbd_control_set_complete_callback>
100064d2:	7863      	ldrb	r3, [r4, #1]
100064d4:	2b0a      	cmp	r3, #10
100064d6:	d00c      	beq.n	100064f2 <process_control_request+0x23e>
100064d8:	0021      	movs	r1, r4
100064da:	0028      	movs	r0, r5
100064dc:	f000 f9b0 	bl	10006840 <tud_control_status>
100064e0:	2001      	movs	r0, #1
100064e2:	e704      	b.n	100062ee <process_control_request+0x3a>
100064e4:	004b      	lsls	r3, r1, #1
100064e6:	185b      	adds	r3, r3, r1
100064e8:	00db      	lsls	r3, r3, #3
100064ea:	4a50      	ldr	r2, [pc, #320]	; (1000662c <process_control_request+0x378>)
100064ec:	6811      	ldr	r1, [r2, #0]
100064ee:	18c9      	adds	r1, r1, r3
100064f0:	e7d9      	b.n	100064a6 <process_control_request+0x1f2>
100064f2:	466b      	mov	r3, sp
100064f4:	1d9a      	adds	r2, r3, #6
100064f6:	2300      	movs	r3, #0
100064f8:	7013      	strb	r3, [r2, #0]
100064fa:	3301      	adds	r3, #1
100064fc:	0021      	movs	r1, r4
100064fe:	0028      	movs	r0, r5
10006500:	f000 f9ba 	bl	10006878 <tud_control_xfer>
10006504:	2001      	movs	r0, #1
10006506:	e6f2      	b.n	100062ee <process_control_request+0x3a>
10006508:	7921      	ldrb	r1, [r4, #4]
1000650a:	227f      	movs	r2, #127	; 0x7f
1000650c:	400a      	ands	r2, r1
1000650e:	09ce      	lsrs	r6, r1, #7
10006510:	2070      	movs	r0, #112	; 0x70
10006512:	4208      	tst	r0, r1
10006514:	d177      	bne.n	10006606 <process_control_request+0x352>
10006516:	0052      	lsls	r2, r2, #1
10006518:	4840      	ldr	r0, [pc, #256]	; (1000661c <process_control_request+0x368>)
1000651a:	1882      	adds	r2, r0, r2
1000651c:	1992      	adds	r2, r2, r6
1000651e:	7cd2      	ldrb	r2, [r2, #19]
10006520:	483f      	ldr	r0, [pc, #252]	; (10006620 <process_control_request+0x36c>)
10006522:	2800      	cmp	r0, #0
10006524:	d005      	beq.n	10006532 <process_control_request+0x27e>
10006526:	483f      	ldr	r0, [pc, #252]	; (10006624 <process_control_request+0x370>)
10006528:	7800      	ldrb	r0, [r0, #0]
1000652a:	4282      	cmp	r2, r0
1000652c:	d312      	bcc.n	10006554 <process_control_request+0x2a0>
1000652e:	1a12      	subs	r2, r2, r0
10006530:	b2d2      	uxtb	r2, r2
10006532:	2a00      	cmp	r2, #0
10006534:	d115      	bne.n	10006562 <process_control_request+0x2ae>
10006536:	0056      	lsls	r6, r2, #1
10006538:	18b2      	adds	r2, r6, r2
1000653a:	00d2      	lsls	r2, r2, #3
1000653c:	4e3a      	ldr	r6, [pc, #232]	; (10006628 <process_control_request+0x374>)
1000653e:	18b6      	adds	r6, r6, r2
10006540:	2b00      	cmp	r3, #0
10006542:	d010      	beq.n	10006566 <process_control_request+0x2b2>
10006544:	2e00      	cmp	r6, #0
10006546:	d060      	beq.n	1000660a <process_control_request+0x356>
10006548:	0022      	movs	r2, r4
1000654a:	0031      	movs	r1, r6
1000654c:	0028      	movs	r0, r5
1000654e:	f7ff fbdd 	bl	10005d0c <invoke_class_control>
10006552:	e6cc      	b.n	100062ee <process_control_request+0x3a>
10006554:	0056      	lsls	r6, r2, #1
10006556:	18b2      	adds	r2, r6, r2
10006558:	00d2      	lsls	r2, r2, #3
1000655a:	4834      	ldr	r0, [pc, #208]	; (1000662c <process_control_request+0x378>)
1000655c:	6806      	ldr	r6, [r0, #0]
1000655e:	18b6      	adds	r6, r6, r2
10006560:	e7ee      	b.n	10006540 <process_control_request+0x28c>
10006562:	2600      	movs	r6, #0
10006564:	e7ec      	b.n	10006540 <process_control_request+0x28c>
10006566:	7863      	ldrb	r3, [r4, #1]
10006568:	2b01      	cmp	r3, #1
1000656a:	d012      	beq.n	10006592 <process_control_request+0x2de>
1000656c:	2b03      	cmp	r3, #3
1000656e:	d010      	beq.n	10006592 <process_control_request+0x2de>
10006570:	2b00      	cmp	r3, #0
10006572:	d001      	beq.n	10006578 <process_control_request+0x2c4>
10006574:	2000      	movs	r0, #0
10006576:	e6ba      	b.n	100062ee <process_control_request+0x3a>
10006578:	0028      	movs	r0, r5
1000657a:	f7ff fe8d 	bl	10006298 <usbd_edpt_stalled>
1000657e:	466b      	mov	r3, sp
10006580:	1d9a      	adds	r2, r3, #6
10006582:	8010      	strh	r0, [r2, #0]
10006584:	2302      	movs	r3, #2
10006586:	0021      	movs	r1, r4
10006588:	0028      	movs	r0, r5
1000658a:	f000 f975 	bl	10006878 <tud_control_xfer>
1000658e:	2001      	movs	r0, #1
10006590:	e6ad      	b.n	100062ee <process_control_request+0x3a>
10006592:	78a7      	ldrb	r7, [r4, #2]
10006594:	78e2      	ldrb	r2, [r4, #3]
10006596:	0212      	lsls	r2, r2, #8
10006598:	433a      	orrs	r2, r7
1000659a:	d104      	bne.n	100065a6 <process_control_request+0x2f2>
1000659c:	2b01      	cmp	r3, #1
1000659e:	d01a      	beq.n	100065d6 <process_control_request+0x322>
100065a0:	0028      	movs	r0, r5
100065a2:	f7ff fe31 	bl	10006208 <usbd_edpt_stall>
100065a6:	2e00      	cmp	r6, #0
100065a8:	d031      	beq.n	1000660e <process_control_request+0x35a>
100065aa:	0022      	movs	r2, r4
100065ac:	0031      	movs	r1, r6
100065ae:	0028      	movs	r0, r5
100065b0:	f7ff fbac 	bl	10005d0c <invoke_class_control>
100065b4:	2000      	movs	r0, #0
100065b6:	f000 f9a3 	bl	10006900 <usbd_control_set_complete_callback>
100065ba:	4a18      	ldr	r2, [pc, #96]	; (1000661c <process_control_request+0x368>)
100065bc:	2334      	movs	r3, #52	; 0x34
100065be:	5cd3      	ldrb	r3, [r2, r3]
100065c0:	07db      	lsls	r3, r3, #31
100065c2:	0fd8      	lsrs	r0, r3, #31
100065c4:	2b00      	cmp	r3, #0
100065c6:	d000      	beq.n	100065ca <process_control_request+0x316>
100065c8:	e691      	b.n	100062ee <process_control_request+0x3a>
100065ca:	0021      	movs	r1, r4
100065cc:	0028      	movs	r0, r5
100065ce:	f000 f937 	bl	10006840 <tud_control_status>
100065d2:	2001      	movs	r0, #1
100065d4:	e68b      	b.n	100062ee <process_control_request+0x3a>
100065d6:	0028      	movs	r0, r5
100065d8:	f7ff fe3a 	bl	10006250 <usbd_edpt_clear_stall>
100065dc:	e7e3      	b.n	100065a6 <process_control_request+0x2f2>
100065de:	2000      	movs	r0, #0
100065e0:	e685      	b.n	100062ee <process_control_request+0x3a>
100065e2:	2000      	movs	r0, #0
100065e4:	e683      	b.n	100062ee <process_control_request+0x3a>
100065e6:	2000      	movs	r0, #0
100065e8:	e681      	b.n	100062ee <process_control_request+0x3a>
100065ea:	2000      	movs	r0, #0
100065ec:	e67f      	b.n	100062ee <process_control_request+0x3a>
100065ee:	2000      	movs	r0, #0
100065f0:	e67d      	b.n	100062ee <process_control_request+0x3a>
100065f2:	2000      	movs	r0, #0
100065f4:	e67b      	b.n	100062ee <process_control_request+0x3a>
100065f6:	2000      	movs	r0, #0
100065f8:	e679      	b.n	100062ee <process_control_request+0x3a>
100065fa:	2000      	movs	r0, #0
100065fc:	e677      	b.n	100062ee <process_control_request+0x3a>
100065fe:	2000      	movs	r0, #0
10006600:	e675      	b.n	100062ee <process_control_request+0x3a>
10006602:	2000      	movs	r0, #0
10006604:	e673      	b.n	100062ee <process_control_request+0x3a>
10006606:	2000      	movs	r0, #0
10006608:	e671      	b.n	100062ee <process_control_request+0x3a>
1000660a:	2000      	movs	r0, #0
1000660c:	e66f      	b.n	100062ee <process_control_request+0x3a>
1000660e:	2001      	movs	r0, #1
10006610:	e66d      	b.n	100062ee <process_control_request+0x3a>
10006612:	46c0      	nop			; (mov r8, r8)
10006614:	00000000 	.word	0x00000000
10006618:	1000bdc8 	.word	0x1000bdc8
1000661c:	20001b24 	.word	0x20001b24
10006620:	1000530d 	.word	0x1000530d
10006624:	20002481 	.word	0x20002481
10006628:	1000be14 	.word	0x1000be14
1000662c:	200017fc 	.word	0x200017fc

10006630 <tud_task_ext>:
10006630:	b530      	push	{r4, r5, lr}
10006632:	b085      	sub	sp, #20
10006634:	f000 fce9 	bl	1000700a <tusb_inited>
10006638:	2800      	cmp	r0, #0
1000663a:	d108      	bne.n	1000664e <tud_task_ext+0x1e>
1000663c:	b005      	add	sp, #20
1000663e:	bd30      	pop	{r4, r5, pc}
10006640:	ac01      	add	r4, sp, #4
10006642:	7820      	ldrb	r0, [r4, #0]
10006644:	f7ff fb5c 	bl	10005d00 <usbd_reset>
10006648:	7922      	ldrb	r2, [r4, #4]
1000664a:	4b5d      	ldr	r3, [pc, #372]	; (100067c0 <tud_task_ext+0x190>)
1000664c:	709a      	strb	r2, [r3, #2]
1000664e:	4b5d      	ldr	r3, [pc, #372]	; (100067c4 <tud_task_ext+0x194>)
10006650:	681c      	ldr	r4, [r3, #0]
10006652:	0021      	movs	r1, r4
10006654:	3114      	adds	r1, #20
10006656:	6962      	ldr	r2, [r4, #20]
10006658:	f3ef 8010 	mrs	r0, PRIMASK
1000665c:	b672      	cpsid	i
1000665e:	6813      	ldr	r3, [r2, #0]
10006660:	2b00      	cmp	r3, #0
10006662:	d0fc      	beq.n	1000665e <tud_task_ext+0x2e>
10006664:	f3bf 8f5f 	dmb	sy
10006668:	6048      	str	r0, [r1, #4]
1000666a:	a901      	add	r1, sp, #4
1000666c:	0020      	movs	r0, r4
1000666e:	f001 f84d 	bl	1000770c <tu_fifo_read>
10006672:	6962      	ldr	r2, [r4, #20]
10006674:	69a3      	ldr	r3, [r4, #24]
10006676:	f3bf 8f5f 	dmb	sy
1000667a:	2100      	movs	r1, #0
1000667c:	6011      	str	r1, [r2, #0]
1000667e:	f383 8810 	msr	PRIMASK, r3
10006682:	2800      	cmp	r0, #0
10006684:	d0da      	beq.n	1000663c <tud_task_ext+0xc>
10006686:	ab01      	add	r3, sp, #4
10006688:	785b      	ldrb	r3, [r3, #1]
1000668a:	2b08      	cmp	r3, #8
1000668c:	d8df      	bhi.n	1000664e <tud_task_ext+0x1e>
1000668e:	009b      	lsls	r3, r3, #2
10006690:	4a4d      	ldr	r2, [pc, #308]	; (100067c8 <tud_task_ext+0x198>)
10006692:	58d3      	ldr	r3, [r2, r3]
10006694:	469f      	mov	pc, r3
10006696:	ab01      	add	r3, sp, #4
10006698:	7818      	ldrb	r0, [r3, #0]
1000669a:	f7ff fb31 	bl	10005d00 <usbd_reset>
1000669e:	4b4b      	ldr	r3, [pc, #300]	; (100067cc <tud_task_ext+0x19c>)
100066a0:	2b00      	cmp	r3, #0
100066a2:	d0d4      	beq.n	1000664e <tud_task_ext+0x1e>
100066a4:	e000      	b.n	100066a8 <tud_task_ext+0x78>
100066a6:	bf00      	nop
100066a8:	e7d1      	b.n	1000664e <tud_task_ext+0x1e>
100066aa:	4b45      	ldr	r3, [pc, #276]	; (100067c0 <tud_task_ext+0x190>)
100066ac:	781a      	ldrb	r2, [r3, #0]
100066ae:	2401      	movs	r4, #1
100066b0:	2101      	movs	r1, #1
100066b2:	430a      	orrs	r2, r1
100066b4:	701a      	strb	r2, [r3, #0]
100066b6:	2233      	movs	r2, #51	; 0x33
100066b8:	5c99      	ldrb	r1, [r3, r2]
100066ba:	43a1      	bics	r1, r4
100066bc:	5499      	strb	r1, [r3, r2]
100066be:	5c99      	ldrb	r1, [r3, r2]
100066c0:	2004      	movs	r0, #4
100066c2:	4381      	bics	r1, r0
100066c4:	5499      	strb	r1, [r3, r2]
100066c6:	3201      	adds	r2, #1
100066c8:	5c99      	ldrb	r1, [r3, r2]
100066ca:	43a1      	bics	r1, r4
100066cc:	5499      	strb	r1, [r3, r2]
100066ce:	5c99      	ldrb	r1, [r3, r2]
100066d0:	4381      	bics	r1, r0
100066d2:	5499      	strb	r1, [r3, r2]
100066d4:	ab01      	add	r3, sp, #4
100066d6:	7818      	ldrb	r0, [r3, #0]
100066d8:	a902      	add	r1, sp, #8
100066da:	f7ff fdeb 	bl	100062b4 <process_control_request>
100066de:	2800      	cmp	r0, #0
100066e0:	d1b5      	bne.n	1000664e <tud_task_ext+0x1e>
100066e2:	ac01      	add	r4, sp, #4
100066e4:	7820      	ldrb	r0, [r4, #0]
100066e6:	2100      	movs	r1, #0
100066e8:	f7ff fa54 	bl	10005b94 <dcd_edpt_stall>
100066ec:	7820      	ldrb	r0, [r4, #0]
100066ee:	2180      	movs	r1, #128	; 0x80
100066f0:	f7ff fa50 	bl	10005b94 <dcd_edpt_stall>
100066f4:	e7ab      	b.n	1000664e <tud_task_ext+0x1e>
100066f6:	ab01      	add	r3, sp, #4
100066f8:	7919      	ldrb	r1, [r3, #4]
100066fa:	227f      	movs	r2, #127	; 0x7f
100066fc:	400a      	ands	r2, r1
100066fe:	09cc      	lsrs	r4, r1, #7
10006700:	0050      	lsls	r0, r2, #1
10006702:	4b2f      	ldr	r3, [pc, #188]	; (100067c0 <tud_task_ext+0x190>)
10006704:	181b      	adds	r3, r3, r0
10006706:	191b      	adds	r3, r3, r4
10006708:	3330      	adds	r3, #48	; 0x30
1000670a:	78d8      	ldrb	r0, [r3, #3]
1000670c:	2501      	movs	r5, #1
1000670e:	43a8      	bics	r0, r5
10006710:	70d8      	strb	r0, [r3, #3]
10006712:	78d8      	ldrb	r0, [r3, #3]
10006714:	3503      	adds	r5, #3
10006716:	43a8      	bics	r0, r5
10006718:	70d8      	strb	r0, [r3, #3]
1000671a:	2a00      	cmp	r2, #0
1000671c:	d01f      	beq.n	1000675e <tud_task_ext+0x12e>
1000671e:	0052      	lsls	r2, r2, #1
10006720:	4b27      	ldr	r3, [pc, #156]	; (100067c0 <tud_task_ext+0x190>)
10006722:	189a      	adds	r2, r3, r2
10006724:	1912      	adds	r2, r2, r4
10006726:	7cd3      	ldrb	r3, [r2, #19]
10006728:	4a29      	ldr	r2, [pc, #164]	; (100067d0 <tud_task_ext+0x1a0>)
1000672a:	2a00      	cmp	r2, #0
1000672c:	d005      	beq.n	1000673a <tud_task_ext+0x10a>
1000672e:	4a29      	ldr	r2, [pc, #164]	; (100067d4 <tud_task_ext+0x1a4>)
10006730:	7812      	ldrb	r2, [r2, #0]
10006732:	4293      	cmp	r3, r2
10006734:	d31a      	bcc.n	1000676c <tud_task_ext+0x13c>
10006736:	1a9b      	subs	r3, r3, r2
10006738:	b2db      	uxtb	r3, r3
1000673a:	2b00      	cmp	r3, #0
1000673c:	d000      	beq.n	10006740 <tud_task_ext+0x110>
1000673e:	e77d      	b.n	1000663c <tud_task_ext+0xc>
10006740:	005a      	lsls	r2, r3, #1
10006742:	18d2      	adds	r2, r2, r3
10006744:	00d2      	lsls	r2, r2, #3
10006746:	4b24      	ldr	r3, [pc, #144]	; (100067d8 <tud_task_ext+0x1a8>)
10006748:	189b      	adds	r3, r3, r2
1000674a:	2b00      	cmp	r3, #0
1000674c:	d100      	bne.n	10006750 <tud_task_ext+0x120>
1000674e:	e775      	b.n	1000663c <tud_task_ext+0xc>
10006750:	691c      	ldr	r4, [r3, #16]
10006752:	a801      	add	r0, sp, #4
10006754:	7942      	ldrb	r2, [r0, #5]
10006756:	9b03      	ldr	r3, [sp, #12]
10006758:	7800      	ldrb	r0, [r0, #0]
1000675a:	47a0      	blx	r4
1000675c:	e777      	b.n	1000664e <tud_task_ext+0x1e>
1000675e:	a801      	add	r0, sp, #4
10006760:	7942      	ldrb	r2, [r0, #5]
10006762:	9b03      	ldr	r3, [sp, #12]
10006764:	7800      	ldrb	r0, [r0, #0]
10006766:	f000 f8df 	bl	10006928 <usbd_control_xfer_cb>
1000676a:	e770      	b.n	1000664e <tud_task_ext+0x1e>
1000676c:	005a      	lsls	r2, r3, #1
1000676e:	18d2      	adds	r2, r2, r3
10006770:	00d2      	lsls	r2, r2, #3
10006772:	4b1a      	ldr	r3, [pc, #104]	; (100067dc <tud_task_ext+0x1ac>)
10006774:	681b      	ldr	r3, [r3, #0]
10006776:	189b      	adds	r3, r3, r2
10006778:	e7e7      	b.n	1000674a <tud_task_ext+0x11a>
1000677a:	4b11      	ldr	r3, [pc, #68]	; (100067c0 <tud_task_ext+0x190>)
1000677c:	781b      	ldrb	r3, [r3, #0]
1000677e:	07db      	lsls	r3, r3, #31
10006780:	d400      	bmi.n	10006784 <tud_task_ext+0x154>
10006782:	e764      	b.n	1000664e <tud_task_ext+0x1e>
10006784:	4b16      	ldr	r3, [pc, #88]	; (100067e0 <tud_task_ext+0x1b0>)
10006786:	2b00      	cmp	r3, #0
10006788:	d100      	bne.n	1000678c <tud_task_ext+0x15c>
1000678a:	e760      	b.n	1000664e <tud_task_ext+0x1e>
1000678c:	4b0c      	ldr	r3, [pc, #48]	; (100067c0 <tud_task_ext+0x190>)
1000678e:	7818      	ldrb	r0, [r3, #0]
10006790:	0700      	lsls	r0, r0, #28
10006792:	0fc0      	lsrs	r0, r0, #31
10006794:	e000      	b.n	10006798 <tud_task_ext+0x168>
10006796:	bf00      	nop
10006798:	e759      	b.n	1000664e <tud_task_ext+0x1e>
1000679a:	4b09      	ldr	r3, [pc, #36]	; (100067c0 <tud_task_ext+0x190>)
1000679c:	781b      	ldrb	r3, [r3, #0]
1000679e:	07db      	lsls	r3, r3, #31
100067a0:	d400      	bmi.n	100067a4 <tud_task_ext+0x174>
100067a2:	e754      	b.n	1000664e <tud_task_ext+0x1e>
100067a4:	4b0f      	ldr	r3, [pc, #60]	; (100067e4 <tud_task_ext+0x1b4>)
100067a6:	2b00      	cmp	r3, #0
100067a8:	d100      	bne.n	100067ac <tud_task_ext+0x17c>
100067aa:	e750      	b.n	1000664e <tud_task_ext+0x1e>
100067ac:	e000      	b.n	100067b0 <tud_task_ext+0x180>
100067ae:	bf00      	nop
100067b0:	e74d      	b.n	1000664e <tud_task_ext+0x1e>
100067b2:	9b02      	ldr	r3, [sp, #8]
100067b4:	2b00      	cmp	r3, #0
100067b6:	d100      	bne.n	100067ba <tud_task_ext+0x18a>
100067b8:	e749      	b.n	1000664e <tud_task_ext+0x1e>
100067ba:	9803      	ldr	r0, [sp, #12]
100067bc:	4798      	blx	r3
100067be:	e746      	b.n	1000664e <tud_task_ext+0x1e>
100067c0:	20001b24 	.word	0x20001b24
100067c4:	20001b7c 	.word	0x20001b7c
100067c8:	1000bdf0 	.word	0x1000bdf0
100067cc:	00000000 	.word	0x00000000
100067d0:	1000530d 	.word	0x1000530d
100067d4:	20002481 	.word	0x20002481
100067d8:	1000be14 	.word	0x1000be14
100067dc:	200017fc 	.word	0x200017fc
	...

100067e8 <_data_stage_xact>:
100067e8:	b5f8      	push	{r3, r4, r5, r6, r7, lr}
100067ea:	0005      	movs	r5, r0
100067ec:	4b12      	ldr	r3, [pc, #72]	; (10006838 <_data_stage_xact+0x50>)
100067ee:	899f      	ldrh	r7, [r3, #12]
100067f0:	89de      	ldrh	r6, [r3, #14]
100067f2:	1bb9      	subs	r1, r7, r6
100067f4:	b289      	uxth	r1, r1
100067f6:	1c0b      	adds	r3, r1, #0
100067f8:	2940      	cmp	r1, #64	; 0x40
100067fa:	d900      	bls.n	100067fe <_data_stage_xact+0x16>
100067fc:	2340      	movs	r3, #64	; 0x40
100067fe:	b29c      	uxth	r4, r3
10006800:	4b0d      	ldr	r3, [pc, #52]	; (10006838 <_data_stage_xact+0x50>)
10006802:	781b      	ldrb	r3, [r3, #0]
10006804:	b25b      	sxtb	r3, r3
10006806:	2b00      	cmp	r3, #0
10006808:	db08      	blt.n	1000681c <_data_stage_xact+0x34>
1000680a:	2100      	movs	r1, #0
1000680c:	42b7      	cmp	r7, r6
1000680e:	d011      	beq.n	10006834 <_data_stage_xact+0x4c>
10006810:	4a0a      	ldr	r2, [pc, #40]	; (1000683c <_data_stage_xact+0x54>)
10006812:	0023      	movs	r3, r4
10006814:	0028      	movs	r0, r5
10006816:	f7ff fcbb 	bl	10006190 <usbd_edpt_xfer>
1000681a:	bdf8      	pop	{r3, r4, r5, r6, r7, pc}
1000681c:	42b7      	cmp	r7, r6
1000681e:	d101      	bne.n	10006824 <_data_stage_xact+0x3c>
10006820:	2180      	movs	r1, #128	; 0x80
10006822:	e7f3      	b.n	1000680c <_data_stage_xact+0x24>
10006824:	4b04      	ldr	r3, [pc, #16]	; (10006838 <_data_stage_xact+0x50>)
10006826:	6899      	ldr	r1, [r3, #8]
10006828:	0022      	movs	r2, r4
1000682a:	4804      	ldr	r0, [pc, #16]	; (1000683c <_data_stage_xact+0x54>)
1000682c:	f7fe fba8 	bl	10004f80 <__wrap___aeabi_memcpy>
10006830:	2180      	movs	r1, #128	; 0x80
10006832:	e7eb      	b.n	1000680c <_data_stage_xact+0x24>
10006834:	2200      	movs	r2, #0
10006836:	e7ec      	b.n	10006812 <_data_stage_xact+0x2a>
10006838:	20001ac8 	.word	0x20001ac8
1000683c:	20001ae4 	.word	0x20001ae4

10006840 <tud_control_status>:
10006840:	b570      	push	{r4, r5, r6, lr}
10006842:	0006      	movs	r6, r0
10006844:	000c      	movs	r4, r1
10006846:	4d0b      	ldr	r5, [pc, #44]	; (10006874 <tud_control_status+0x34>)
10006848:	2208      	movs	r2, #8
1000684a:	0028      	movs	r0, r5
1000684c:	f7fe fb98 	bl	10004f80 <__wrap___aeabi_memcpy>
10006850:	2300      	movs	r3, #0
10006852:	60ab      	str	r3, [r5, #8]
10006854:	81eb      	strh	r3, [r5, #14]
10006856:	81ab      	strh	r3, [r5, #12]
10006858:	2300      	movs	r3, #0
1000685a:	56e3      	ldrsb	r3, [r4, r3]
1000685c:	2b00      	cmp	r3, #0
1000685e:	db06      	blt.n	1000686e <tud_control_status+0x2e>
10006860:	2180      	movs	r1, #128	; 0x80
10006862:	2300      	movs	r3, #0
10006864:	2200      	movs	r2, #0
10006866:	0030      	movs	r0, r6
10006868:	f7ff fc92 	bl	10006190 <usbd_edpt_xfer>
1000686c:	bd70      	pop	{r4, r5, r6, pc}
1000686e:	2100      	movs	r1, #0
10006870:	e7f7      	b.n	10006862 <tud_control_status+0x22>
10006872:	46c0      	nop			; (mov r8, r8)
10006874:	20001ac8 	.word	0x20001ac8

10006878 <tud_control_xfer>:
10006878:	b5f0      	push	{r4, r5, r6, r7, lr}
1000687a:	46c6      	mov	lr, r8
1000687c:	b500      	push	{lr}
1000687e:	4680      	mov	r8, r0
10006880:	000c      	movs	r4, r1
10006882:	0016      	movs	r6, r2
10006884:	001d      	movs	r5, r3
10006886:	4f18      	ldr	r7, [pc, #96]	; (100068e8 <tud_control_xfer+0x70>)
10006888:	2208      	movs	r2, #8
1000688a:	0038      	movs	r0, r7
1000688c:	f7fe fb78 	bl	10004f80 <__wrap___aeabi_memcpy>
10006890:	60be      	str	r6, [r7, #8]
10006892:	2300      	movs	r3, #0
10006894:	81fb      	strh	r3, [r7, #14]
10006896:	79a3      	ldrb	r3, [r4, #6]
10006898:	79e1      	ldrb	r1, [r4, #7]
1000689a:	0209      	lsls	r1, r1, #8
1000689c:	4319      	orrs	r1, r3
1000689e:	1c0b      	adds	r3, r1, #0
100068a0:	42a9      	cmp	r1, r5
100068a2:	d900      	bls.n	100068a6 <tud_control_xfer+0x2e>
100068a4:	1c2b      	adds	r3, r5, #0
100068a6:	b299      	uxth	r1, r3
100068a8:	4a0f      	ldr	r2, [pc, #60]	; (100068e8 <tud_control_xfer+0x70>)
100068aa:	8193      	strh	r3, [r2, #12]
100068ac:	79a2      	ldrb	r2, [r4, #6]
100068ae:	79e3      	ldrb	r3, [r4, #7]
100068b0:	021b      	lsls	r3, r3, #8
100068b2:	4313      	orrs	r3, r2
100068b4:	d009      	beq.n	100068ca <tud_control_xfer+0x52>
100068b6:	2900      	cmp	r1, #0
100068b8:	d001      	beq.n	100068be <tud_control_xfer+0x46>
100068ba:	2e00      	cmp	r6, #0
100068bc:	d012      	beq.n	100068e4 <tud_control_xfer+0x6c>
100068be:	4640      	mov	r0, r8
100068c0:	f7ff ff92 	bl	100067e8 <_data_stage_xact>
100068c4:	bc80      	pop	{r7}
100068c6:	46b8      	mov	r8, r7
100068c8:	bdf0      	pop	{r4, r5, r6, r7, pc}
100068ca:	2300      	movs	r3, #0
100068cc:	56e3      	ldrsb	r3, [r4, r3]
100068ce:	2b00      	cmp	r3, #0
100068d0:	db06      	blt.n	100068e0 <tud_control_xfer+0x68>
100068d2:	2180      	movs	r1, #128	; 0x80
100068d4:	2300      	movs	r3, #0
100068d6:	2200      	movs	r2, #0
100068d8:	4640      	mov	r0, r8
100068da:	f7ff fc59 	bl	10006190 <usbd_edpt_xfer>
100068de:	e7f1      	b.n	100068c4 <tud_control_xfer+0x4c>
100068e0:	2100      	movs	r1, #0
100068e2:	e7f7      	b.n	100068d4 <tud_control_xfer+0x5c>
100068e4:	2000      	movs	r0, #0
100068e6:	e7ed      	b.n	100068c4 <tud_control_xfer+0x4c>
100068e8:	20001ac8 	.word	0x20001ac8

100068ec <usbd_control_reset>:
100068ec:	b510      	push	{r4, lr}
100068ee:	2214      	movs	r2, #20
100068f0:	2100      	movs	r1, #0
100068f2:	4802      	ldr	r0, [pc, #8]	; (100068fc <usbd_control_reset+0x10>)
100068f4:	f7fe fb3e 	bl	10004f74 <__wrap_memset>
100068f8:	bd10      	pop	{r4, pc}
100068fa:	46c0      	nop			; (mov r8, r8)
100068fc:	20001ac8 	.word	0x20001ac8

10006900 <usbd_control_set_complete_callback>:
10006900:	4b01      	ldr	r3, [pc, #4]	; (10006908 <usbd_control_set_complete_callback+0x8>)
10006902:	6118      	str	r0, [r3, #16]
10006904:	4770      	bx	lr
10006906:	46c0      	nop			; (mov r8, r8)
10006908:	20001ac8 	.word	0x20001ac8

1000690c <usbd_control_set_request>:
1000690c:	b510      	push	{r4, lr}
1000690e:	0001      	movs	r1, r0
10006910:	4c04      	ldr	r4, [pc, #16]	; (10006924 <usbd_control_set_request+0x18>)
10006912:	2208      	movs	r2, #8
10006914:	0020      	movs	r0, r4
10006916:	f7fe fb33 	bl	10004f80 <__wrap___aeabi_memcpy>
1000691a:	2300      	movs	r3, #0
1000691c:	60a3      	str	r3, [r4, #8]
1000691e:	81e3      	strh	r3, [r4, #14]
10006920:	81a3      	strh	r3, [r4, #12]
10006922:	bd10      	pop	{r4, pc}
10006924:	20001ac8 	.word	0x20001ac8

10006928 <usbd_control_xfer_cb>:
10006928:	b570      	push	{r4, r5, r6, lr}
1000692a:	0005      	movs	r5, r0
1000692c:	001c      	movs	r4, r3
1000692e:	09c9      	lsrs	r1, r1, #7
10006930:	4b2d      	ldr	r3, [pc, #180]	; (100069e8 <usbd_control_xfer_cb+0xc0>)
10006932:	781b      	ldrb	r3, [r3, #0]
10006934:	09db      	lsrs	r3, r3, #7
10006936:	428b      	cmp	r3, r1
10006938:	d011      	beq.n	1000695e <usbd_control_xfer_cb+0x36>
1000693a:	2c00      	cmp	r4, #0
1000693c:	d150      	bne.n	100069e0 <usbd_control_xfer_cb+0xb8>
1000693e:	4b2b      	ldr	r3, [pc, #172]	; (100069ec <usbd_control_xfer_cb+0xc4>)
10006940:	2b00      	cmp	r3, #0
10006942:	d002      	beq.n	1000694a <usbd_control_xfer_cb+0x22>
10006944:	4928      	ldr	r1, [pc, #160]	; (100069e8 <usbd_control_xfer_cb+0xc0>)
10006946:	f7ff f8d9 	bl	10005afc <dcd_edpt0_status_complete>
1000694a:	4b27      	ldr	r3, [pc, #156]	; (100069e8 <usbd_control_xfer_cb+0xc0>)
1000694c:	691b      	ldr	r3, [r3, #16]
1000694e:	2b00      	cmp	r3, #0
10006950:	d003      	beq.n	1000695a <usbd_control_xfer_cb+0x32>
10006952:	4a25      	ldr	r2, [pc, #148]	; (100069e8 <usbd_control_xfer_cb+0xc0>)
10006954:	2103      	movs	r1, #3
10006956:	0028      	movs	r0, r5
10006958:	4798      	blx	r3
1000695a:	2001      	movs	r0, #1
1000695c:	bd70      	pop	{r4, r5, r6, pc}
1000695e:	4b22      	ldr	r3, [pc, #136]	; (100069e8 <usbd_control_xfer_cb+0xc0>)
10006960:	781b      	ldrb	r3, [r3, #0]
10006962:	b25b      	sxtb	r3, r3
10006964:	2b00      	cmp	r3, #0
10006966:	db07      	blt.n	10006978 <usbd_control_xfer_cb+0x50>
10006968:	4b1f      	ldr	r3, [pc, #124]	; (100069e8 <usbd_control_xfer_cb+0xc0>)
1000696a:	6898      	ldr	r0, [r3, #8]
1000696c:	2800      	cmp	r0, #0
1000696e:	d039      	beq.n	100069e4 <usbd_control_xfer_cb+0xbc>
10006970:	0022      	movs	r2, r4
10006972:	491f      	ldr	r1, [pc, #124]	; (100069f0 <usbd_control_xfer_cb+0xc8>)
10006974:	f7fe fb04 	bl	10004f80 <__wrap___aeabi_memcpy>
10006978:	b2a2      	uxth	r2, r4
1000697a:	491b      	ldr	r1, [pc, #108]	; (100069e8 <usbd_control_xfer_cb+0xc0>)
1000697c:	89cb      	ldrh	r3, [r1, #14]
1000697e:	18d3      	adds	r3, r2, r3
10006980:	b29b      	uxth	r3, r3
10006982:	81cb      	strh	r3, [r1, #14]
10006984:	688a      	ldr	r2, [r1, #8]
10006986:	1912      	adds	r2, r2, r4
10006988:	608a      	str	r2, [r1, #8]
1000698a:	88ca      	ldrh	r2, [r1, #6]
1000698c:	4293      	cmp	r3, r2
1000698e:	d001      	beq.n	10006994 <usbd_control_xfer_cb+0x6c>
10006990:	2c3f      	cmp	r4, #63	; 0x3f
10006992:	d821      	bhi.n	100069d8 <usbd_control_xfer_cb+0xb0>
10006994:	4b14      	ldr	r3, [pc, #80]	; (100069e8 <usbd_control_xfer_cb+0xc0>)
10006996:	691b      	ldr	r3, [r3, #16]
10006998:	2b00      	cmp	r3, #0
1000699a:	d005      	beq.n	100069a8 <usbd_control_xfer_cb+0x80>
1000699c:	4a12      	ldr	r2, [pc, #72]	; (100069e8 <usbd_control_xfer_cb+0xc0>)
1000699e:	2102      	movs	r1, #2
100069a0:	0028      	movs	r0, r5
100069a2:	4798      	blx	r3
100069a4:	2800      	cmp	r0, #0
100069a6:	d00d      	beq.n	100069c4 <usbd_control_xfer_cb+0x9c>
100069a8:	4b0f      	ldr	r3, [pc, #60]	; (100069e8 <usbd_control_xfer_cb+0xc0>)
100069aa:	781b      	ldrb	r3, [r3, #0]
100069ac:	b25b      	sxtb	r3, r3
100069ae:	2b00      	cmp	r3, #0
100069b0:	db06      	blt.n	100069c0 <usbd_control_xfer_cb+0x98>
100069b2:	2180      	movs	r1, #128	; 0x80
100069b4:	2300      	movs	r3, #0
100069b6:	2200      	movs	r2, #0
100069b8:	0028      	movs	r0, r5
100069ba:	f7ff fbe9 	bl	10006190 <usbd_edpt_xfer>
100069be:	e7cd      	b.n	1000695c <usbd_control_xfer_cb+0x34>
100069c0:	2100      	movs	r1, #0
100069c2:	e7f7      	b.n	100069b4 <usbd_control_xfer_cb+0x8c>
100069c4:	2100      	movs	r1, #0
100069c6:	0028      	movs	r0, r5
100069c8:	f7ff f8e4 	bl	10005b94 <dcd_edpt_stall>
100069cc:	2180      	movs	r1, #128	; 0x80
100069ce:	0028      	movs	r0, r5
100069d0:	f7ff f8e0 	bl	10005b94 <dcd_edpt_stall>
100069d4:	2001      	movs	r0, #1
100069d6:	e7c1      	b.n	1000695c <usbd_control_xfer_cb+0x34>
100069d8:	0028      	movs	r0, r5
100069da:	f7ff ff05 	bl	100067e8 <_data_stage_xact>
100069de:	e7bd      	b.n	1000695c <usbd_control_xfer_cb+0x34>
100069e0:	2000      	movs	r0, #0
100069e2:	e7bb      	b.n	1000695c <usbd_control_xfer_cb+0x34>
100069e4:	2000      	movs	r0, #0
100069e6:	e7b9      	b.n	1000695c <usbd_control_xfer_cb+0x34>
100069e8:	20001ac8 	.word	0x20001ac8
100069ec:	10005afd 	.word	0x10005afd
100069f0:	20001ae4 	.word	0x20001ae4

100069f4 <_prep_out_transaction>:
100069f4:	b570      	push	{r4, r5, r6, lr}
100069f6:	0004      	movs	r4, r0
100069f8:	0005      	movs	r5, r0
100069fa:	3510      	adds	r5, #16
100069fc:	0028      	movs	r0, r5
100069fe:	f000 fe6f 	bl	100076e0 <tu_fifo_remaining>
10006a02:	283f      	cmp	r0, #63	; 0x3f
10006a04:	d801      	bhi.n	10006a0a <_prep_out_transaction+0x16>
10006a06:	2000      	movs	r0, #0
10006a08:	bd70      	pop	{r4, r5, r6, pc}
10006a0a:	78e1      	ldrb	r1, [r4, #3]
10006a0c:	2000      	movs	r0, #0
10006a0e:	f7ff fb97 	bl	10006140 <usbd_edpt_claim>
10006a12:	2800      	cmp	r0, #0
10006a14:	d0f8      	beq.n	10006a08 <_prep_out_transaction+0x14>
10006a16:	0028      	movs	r0, r5
10006a18:	f000 fe62 	bl	100076e0 <tu_fifo_remaining>
10006a1c:	283f      	cmp	r0, #63	; 0x3f
10006a1e:	d908      	bls.n	10006a32 <_prep_out_transaction+0x3e>
10006a20:	2392      	movs	r3, #146	; 0x92
10006a22:	009b      	lsls	r3, r3, #2
10006a24:	18e2      	adds	r2, r4, r3
10006a26:	78e1      	ldrb	r1, [r4, #3]
10006a28:	2340      	movs	r3, #64	; 0x40
10006a2a:	2000      	movs	r0, #0
10006a2c:	f7ff fbb0 	bl	10006190 <usbd_edpt_xfer>
10006a30:	e7ea      	b.n	10006a08 <_prep_out_transaction+0x14>
10006a32:	78e1      	ldrb	r1, [r4, #3]
10006a34:	2000      	movs	r0, #0
10006a36:	f7ff fb97 	bl	10006168 <usbd_edpt_release>
10006a3a:	2000      	movs	r0, #0
10006a3c:	e7e4      	b.n	10006a08 <_prep_out_transaction+0x14>
	...

10006a40 <tud_cdc_n_connected>:
10006a40:	b510      	push	{r4, lr}
10006a42:	0004      	movs	r4, r0
10006a44:	f7ff fa9a 	bl	10005f7c <tud_mounted>
10006a48:	2800      	cmp	r0, #0
10006a4a:	d10c      	bne.n	10006a66 <tud_cdc_n_connected+0x26>
10006a4c:	2200      	movs	r2, #0
10006a4e:	2a00      	cmp	r2, #0
10006a50:	d011      	beq.n	10006a76 <tud_cdc_n_connected+0x36>
10006a52:	23b2      	movs	r3, #178	; 0xb2
10006a54:	009b      	lsls	r3, r3, #2
10006a56:	4363      	muls	r3, r4
10006a58:	4809      	ldr	r0, [pc, #36]	; (10006a80 <tud_cdc_n_connected+0x40>)
10006a5a:	18c0      	adds	r0, r0, r3
10006a5c:	7903      	ldrb	r3, [r0, #4]
10006a5e:	07db      	lsls	r3, r3, #31
10006a60:	d50b      	bpl.n	10006a7a <tud_cdc_n_connected+0x3a>
10006a62:	2001      	movs	r0, #1
10006a64:	e008      	b.n	10006a78 <tud_cdc_n_connected+0x38>
10006a66:	f7ff fa91 	bl	10005f8c <tud_suspended>
10006a6a:	2800      	cmp	r0, #0
10006a6c:	d101      	bne.n	10006a72 <tud_cdc_n_connected+0x32>
10006a6e:	2201      	movs	r2, #1
10006a70:	e7ed      	b.n	10006a4e <tud_cdc_n_connected+0xe>
10006a72:	2200      	movs	r2, #0
10006a74:	e7eb      	b.n	10006a4e <tud_cdc_n_connected+0xe>
10006a76:	2000      	movs	r0, #0
10006a78:	bd10      	pop	{r4, pc}
10006a7a:	2000      	movs	r0, #0
10006a7c:	e7fc      	b.n	10006a78 <tud_cdc_n_connected+0x38>
10006a7e:	46c0      	nop			; (mov r8, r8)
10006a80:	20001800 	.word	0x20001800

10006a84 <tud_cdc_n_available>:
10006a84:	b510      	push	{r4, lr}
10006a86:	23b2      	movs	r3, #178	; 0xb2
10006a88:	009b      	lsls	r3, r3, #2
10006a8a:	4358      	muls	r0, r3
10006a8c:	3010      	adds	r0, #16
10006a8e:	4b02      	ldr	r3, [pc, #8]	; (10006a98 <tud_cdc_n_available+0x14>)
10006a90:	18c0      	adds	r0, r0, r3
10006a92:	f000 fdf4 	bl	1000767e <tu_fifo_count>
10006a96:	bd10      	pop	{r4, pc}
10006a98:	20001800 	.word	0x20001800

10006a9c <tud_cdc_n_read>:
10006a9c:	b570      	push	{r4, r5, r6, lr}
10006a9e:	23b2      	movs	r3, #178	; 0xb2
10006aa0:	009b      	lsls	r3, r3, #2
10006aa2:	4358      	muls	r0, r3
10006aa4:	4b06      	ldr	r3, [pc, #24]	; (10006ac0 <tud_cdc_n_read+0x24>)
10006aa6:	18c5      	adds	r5, r0, r3
10006aa8:	b292      	uxth	r2, r2
10006aaa:	3010      	adds	r0, #16
10006aac:	18c0      	adds	r0, r0, r3
10006aae:	f000 fe4e 	bl	1000774e <tu_fifo_read_n>
10006ab2:	0004      	movs	r4, r0
10006ab4:	0028      	movs	r0, r5
10006ab6:	f7ff ff9d 	bl	100069f4 <_prep_out_transaction>
10006aba:	0020      	movs	r0, r4
10006abc:	bd70      	pop	{r4, r5, r6, pc}
10006abe:	46c0      	nop			; (mov r8, r8)
10006ac0:	20001800 	.word	0x20001800

10006ac4 <tud_cdc_n_write_flush>:
10006ac4:	b570      	push	{r4, r5, r6, lr}
10006ac6:	0005      	movs	r5, r0
10006ac8:	f7ff fa58 	bl	10005f7c <tud_mounted>
10006acc:	2800      	cmp	r0, #0
10006ace:	d104      	bne.n	10006ada <tud_cdc_n_write_flush+0x16>
10006ad0:	2300      	movs	r3, #0
10006ad2:	2b00      	cmp	r3, #0
10006ad4:	d109      	bne.n	10006aea <tud_cdc_n_write_flush+0x26>
10006ad6:	2000      	movs	r0, #0
10006ad8:	bd70      	pop	{r4, r5, r6, pc}
10006ada:	f7ff fa57 	bl	10005f8c <tud_suspended>
10006ade:	2800      	cmp	r0, #0
10006ae0:	d101      	bne.n	10006ae6 <tud_cdc_n_write_flush+0x22>
10006ae2:	2301      	movs	r3, #1
10006ae4:	e7f5      	b.n	10006ad2 <tud_cdc_n_write_flush+0xe>
10006ae6:	2300      	movs	r3, #0
10006ae8:	e7f3      	b.n	10006ad2 <tud_cdc_n_write_flush+0xe>
10006aea:	24b2      	movs	r4, #178	; 0xb2
10006aec:	00a4      	lsls	r4, r4, #2
10006aee:	436c      	muls	r4, r5
10006af0:	3420      	adds	r4, #32
10006af2:	4b21      	ldr	r3, [pc, #132]	; (10006b78 <tud_cdc_n_write_flush+0xb4>)
10006af4:	18e4      	adds	r4, r4, r3
10006af6:	3404      	adds	r4, #4
10006af8:	0020      	movs	r0, r4
10006afa:	f000 fdc0 	bl	1000767e <tu_fifo_count>
10006afe:	2800      	cmp	r0, #0
10006b00:	d101      	bne.n	10006b06 <tud_cdc_n_write_flush+0x42>
10006b02:	2000      	movs	r0, #0
10006b04:	e7e8      	b.n	10006ad8 <tud_cdc_n_write_flush+0x14>
10006b06:	22b2      	movs	r2, #178	; 0xb2
10006b08:	0092      	lsls	r2, r2, #2
10006b0a:	436a      	muls	r2, r5
10006b0c:	4b1a      	ldr	r3, [pc, #104]	; (10006b78 <tud_cdc_n_write_flush+0xb4>)
10006b0e:	189b      	adds	r3, r3, r2
10006b10:	7899      	ldrb	r1, [r3, #2]
10006b12:	2000      	movs	r0, #0
10006b14:	f7ff fb14 	bl	10006140 <usbd_edpt_claim>
10006b18:	2800      	cmp	r0, #0
10006b1a:	d101      	bne.n	10006b20 <tud_cdc_n_write_flush+0x5c>
10006b1c:	2000      	movs	r0, #0
10006b1e:	e7db      	b.n	10006ad8 <tud_cdc_n_write_flush+0x14>
10006b20:	26b2      	movs	r6, #178	; 0xb2
10006b22:	00b6      	lsls	r6, r6, #2
10006b24:	436e      	muls	r6, r5
10006b26:	23a2      	movs	r3, #162	; 0xa2
10006b28:	009b      	lsls	r3, r3, #2
10006b2a:	469c      	mov	ip, r3
10006b2c:	4466      	add	r6, ip
10006b2e:	4b12      	ldr	r3, [pc, #72]	; (10006b78 <tud_cdc_n_write_flush+0xb4>)
10006b30:	18f6      	adds	r6, r6, r3
10006b32:	2240      	movs	r2, #64	; 0x40
10006b34:	0031      	movs	r1, r6
10006b36:	0020      	movs	r0, r4
10006b38:	f000 fe09 	bl	1000774e <tu_fifo_read_n>
10006b3c:	1e04      	subs	r4, r0, #0
10006b3e:	d00e      	beq.n	10006b5e <tud_cdc_n_write_flush+0x9a>
10006b40:	20b2      	movs	r0, #178	; 0xb2
10006b42:	0080      	lsls	r0, r0, #2
10006b44:	4368      	muls	r0, r5
10006b46:	4d0c      	ldr	r5, [pc, #48]	; (10006b78 <tud_cdc_n_write_flush+0xb4>)
10006b48:	182d      	adds	r5, r5, r0
10006b4a:	78a9      	ldrb	r1, [r5, #2]
10006b4c:	0023      	movs	r3, r4
10006b4e:	0032      	movs	r2, r6
10006b50:	2000      	movs	r0, #0
10006b52:	f7ff fb1d 	bl	10006190 <usbd_edpt_xfer>
10006b56:	2800      	cmp	r0, #0
10006b58:	d00c      	beq.n	10006b74 <tud_cdc_n_write_flush+0xb0>
10006b5a:	0020      	movs	r0, r4
10006b5c:	e7bc      	b.n	10006ad8 <tud_cdc_n_write_flush+0x14>
10006b5e:	20b2      	movs	r0, #178	; 0xb2
10006b60:	0080      	lsls	r0, r0, #2
10006b62:	4368      	muls	r0, r5
10006b64:	4d04      	ldr	r5, [pc, #16]	; (10006b78 <tud_cdc_n_write_flush+0xb4>)
10006b66:	182d      	adds	r5, r5, r0
10006b68:	78a9      	ldrb	r1, [r5, #2]
10006b6a:	2000      	movs	r0, #0
10006b6c:	f7ff fafc 	bl	10006168 <usbd_edpt_release>
10006b70:	2000      	movs	r0, #0
10006b72:	e7b1      	b.n	10006ad8 <tud_cdc_n_write_flush+0x14>
10006b74:	2000      	movs	r0, #0
10006b76:	e7af      	b.n	10006ad8 <tud_cdc_n_write_flush+0x14>
10006b78:	20001800 	.word	0x20001800

10006b7c <tud_cdc_n_write>:
10006b7c:	b570      	push	{r4, r5, r6, lr}
10006b7e:	0005      	movs	r5, r0
10006b80:	24b2      	movs	r4, #178	; 0xb2
10006b82:	00a4      	lsls	r4, r4, #2
10006b84:	4344      	muls	r4, r0
10006b86:	3420      	adds	r4, #32
10006b88:	4b09      	ldr	r3, [pc, #36]	; (10006bb0 <tud_cdc_n_write+0x34>)
10006b8a:	18e4      	adds	r4, r4, r3
10006b8c:	3404      	adds	r4, #4
10006b8e:	b292      	uxth	r2, r2
10006b90:	0020      	movs	r0, r4
10006b92:	f000 fe13 	bl	100077bc <tu_fifo_write_n>
10006b96:	0006      	movs	r6, r0
10006b98:	0020      	movs	r0, r4
10006b9a:	f000 fd70 	bl	1000767e <tu_fifo_count>
10006b9e:	283f      	cmp	r0, #63	; 0x3f
10006ba0:	d801      	bhi.n	10006ba6 <tud_cdc_n_write+0x2a>
10006ba2:	0030      	movs	r0, r6
10006ba4:	bd70      	pop	{r4, r5, r6, pc}
10006ba6:	0028      	movs	r0, r5
10006ba8:	f7ff ff8c 	bl	10006ac4 <tud_cdc_n_write_flush>
10006bac:	e7f9      	b.n	10006ba2 <tud_cdc_n_write+0x26>
10006bae:	46c0      	nop			; (mov r8, r8)
10006bb0:	20001800 	.word	0x20001800

10006bb4 <tud_cdc_n_write_available>:
10006bb4:	b510      	push	{r4, lr}
10006bb6:	23b2      	movs	r3, #178	; 0xb2
10006bb8:	009b      	lsls	r3, r3, #2
10006bba:	4358      	muls	r0, r3
10006bbc:	3020      	adds	r0, #32
10006bbe:	4b03      	ldr	r3, [pc, #12]	; (10006bcc <tud_cdc_n_write_available+0x18>)
10006bc0:	18c0      	adds	r0, r0, r3
10006bc2:	3004      	adds	r0, #4
10006bc4:	f000 fd8c 	bl	100076e0 <tu_fifo_remaining>
10006bc8:	bd10      	pop	{r4, pc}
10006bca:	46c0      	nop			; (mov r8, r8)
10006bcc:	20001800 	.word	0x20001800

10006bd0 <cdcd_init>:
10006bd0:	b5f0      	push	{r4, r5, r6, r7, lr}
10006bd2:	46ce      	mov	lr, r9
10006bd4:	4647      	mov	r7, r8
10006bd6:	b580      	push	{r7, lr}
10006bd8:	b083      	sub	sp, #12
10006bda:	22b2      	movs	r2, #178	; 0xb2
10006bdc:	0092      	lsls	r2, r2, #2
10006bde:	2100      	movs	r1, #0
10006be0:	4828      	ldr	r0, [pc, #160]	; (10006c84 <cdcd_init+0xb4>)
10006be2:	f7fe f9c7 	bl	10004f74 <__wrap_memset>
10006be6:	2600      	movs	r6, #0
10006be8:	2e00      	cmp	r6, #0
10006bea:	d004      	beq.n	10006bf6 <cdcd_init+0x26>
10006bec:	b003      	add	sp, #12
10006bee:	bcc0      	pop	{r6, r7}
10006bf0:	46b9      	mov	r9, r7
10006bf2:	46b0      	mov	r8, r6
10006bf4:	bdf0      	pop	{r4, r5, r6, r7, pc}
10006bf6:	4f23      	ldr	r7, [pc, #140]	; (10006c84 <cdcd_init+0xb4>)
10006bf8:	24b2      	movs	r4, #178	; 0xb2
10006bfa:	00a4      	lsls	r4, r4, #2
10006bfc:	4374      	muls	r4, r6
10006bfe:	193d      	adds	r5, r7, r4
10006c00:	23ff      	movs	r3, #255	; 0xff
10006c02:	716b      	strb	r3, [r5, #5]
10006c04:	2300      	movs	r3, #0
10006c06:	4698      	mov	r8, r3
10006c08:	4a1f      	ldr	r2, [pc, #124]	; (10006c88 <cdcd_init+0xb8>)
10006c0a:	80ea      	strh	r2, [r5, #6]
10006c0c:	2201      	movs	r2, #1
10006c0e:	812a      	strh	r2, [r5, #8]
10006c10:	72ab      	strb	r3, [r5, #10]
10006c12:	72eb      	strb	r3, [r5, #11]
10006c14:	2308      	movs	r3, #8
10006c16:	732b      	strb	r3, [r5, #12]
10006c18:	0021      	movs	r1, r4
10006c1a:	3138      	adds	r1, #56	; 0x38
10006c1c:	19c9      	adds	r1, r1, r7
10006c1e:	33f8      	adds	r3, #248	; 0xf8
10006c20:	4699      	mov	r9, r3
10006c22:	0020      	movs	r0, r4
10006c24:	3010      	adds	r0, #16
10006c26:	19c0      	adds	r0, r0, r7
10006c28:	4643      	mov	r3, r8
10006c2a:	9300      	str	r3, [sp, #0]
10006c2c:	3301      	adds	r3, #1
10006c2e:	464a      	mov	r2, r9
10006c30:	f000 fce7 	bl	10007602 <tu_fifo_config>
10006c34:	0021      	movs	r1, r4
10006c36:	3139      	adds	r1, #57	; 0x39
10006c38:	31ff      	adds	r1, #255	; 0xff
10006c3a:	19c9      	adds	r1, r1, r7
10006c3c:	0020      	movs	r0, r4
10006c3e:	3020      	adds	r0, #32
10006c40:	19c0      	adds	r0, r0, r7
10006c42:	3004      	adds	r0, #4
10006c44:	2301      	movs	r3, #1
10006c46:	9300      	str	r3, [sp, #0]
10006c48:	464a      	mov	r2, r9
10006c4a:	f000 fcda 	bl	10007602 <tu_fifo_config>
10006c4e:	238e      	movs	r3, #142	; 0x8e
10006c50:	009b      	lsls	r3, r3, #2
10006c52:	18e3      	adds	r3, r4, r3
10006c54:	4699      	mov	r9, r3
10006c56:	44b9      	add	r9, r7
10006c58:	4648      	mov	r0, r9
10006c5a:	f7fa faa5 	bl	100011a8 <mutex_init>
10006c5e:	4643      	mov	r3, r8
10006c60:	61eb      	str	r3, [r5, #28]
10006c62:	464b      	mov	r3, r9
10006c64:	622b      	str	r3, [r5, #32]
10006c66:	2390      	movs	r3, #144	; 0x90
10006c68:	009b      	lsls	r3, r3, #2
10006c6a:	469c      	mov	ip, r3
10006c6c:	4464      	add	r4, ip
10006c6e:	19e4      	adds	r4, r4, r7
10006c70:	0020      	movs	r0, r4
10006c72:	f7fa fa99 	bl	100011a8 <mutex_init>
10006c76:	632c      	str	r4, [r5, #48]	; 0x30
10006c78:	4643      	mov	r3, r8
10006c7a:	636b      	str	r3, [r5, #52]	; 0x34
10006c7c:	3601      	adds	r6, #1
10006c7e:	b2f6      	uxtb	r6, r6
10006c80:	e7b2      	b.n	10006be8 <cdcd_init+0x18>
10006c82:	46c0      	nop			; (mov r8, r8)
10006c84:	20001800 	.word	0x20001800
10006c88:	ffffc200 	.word	0xffffc200

10006c8c <cdcd_reset>:
10006c8c:	b570      	push	{r4, r5, r6, lr}
10006c8e:	2500      	movs	r5, #0
10006c90:	2d00      	cmp	r5, #0
10006c92:	d000      	beq.n	10006c96 <cdcd_reset+0xa>
10006c94:	bd70      	pop	{r4, r5, r6, pc}
10006c96:	24b2      	movs	r4, #178	; 0xb2
10006c98:	00a4      	lsls	r4, r4, #2
10006c9a:	436c      	muls	r4, r5
10006c9c:	4e0b      	ldr	r6, [pc, #44]	; (10006ccc <cdcd_reset+0x40>)
10006c9e:	19a0      	adds	r0, r4, r6
10006ca0:	2205      	movs	r2, #5
10006ca2:	2100      	movs	r1, #0
10006ca4:	f7fe f966 	bl	10004f74 <__wrap_memset>
10006ca8:	0020      	movs	r0, r4
10006caa:	3010      	adds	r0, #16
10006cac:	1980      	adds	r0, r0, r6
10006cae:	f000 fd8a 	bl	100077c6 <tu_fifo_clear>
10006cb2:	3420      	adds	r4, #32
10006cb4:	19a4      	adds	r4, r4, r6
10006cb6:	3404      	adds	r4, #4
10006cb8:	0020      	movs	r0, r4
10006cba:	f000 fd84 	bl	100077c6 <tu_fifo_clear>
10006cbe:	2101      	movs	r1, #1
10006cc0:	0020      	movs	r0, r4
10006cc2:	f000 fd9f 	bl	10007804 <tu_fifo_set_overwritable>
10006cc6:	3501      	adds	r5, #1
10006cc8:	b2ed      	uxtb	r5, r5
10006cca:	e7e1      	b.n	10006c90 <cdcd_reset+0x4>
10006ccc:	20001800 	.word	0x20001800

10006cd0 <cdcd_open>:
10006cd0:	b5f0      	push	{r4, r5, r6, r7, lr}
10006cd2:	b083      	sub	sp, #12
10006cd4:	0006      	movs	r6, r0
10006cd6:	794b      	ldrb	r3, [r1, #5]
10006cd8:	2b02      	cmp	r3, #2
10006cda:	d150      	bne.n	10006d7e <cdcd_open+0xae>
10006cdc:	798b      	ldrb	r3, [r1, #6]
10006cde:	2b02      	cmp	r3, #2
10006ce0:	d151      	bne.n	10006d86 <cdcd_open+0xb6>
10006ce2:	2300      	movs	r3, #0
10006ce4:	2b00      	cmp	r3, #0
10006ce6:	d008      	beq.n	10006cfa <cdcd_open+0x2a>
10006ce8:	2700      	movs	r7, #0
10006cea:	2f00      	cmp	r7, #0
10006cec:	d04d      	beq.n	10006d8a <cdcd_open+0xba>
10006cee:	788b      	ldrb	r3, [r1, #2]
10006cf0:	703b      	strb	r3, [r7, #0]
10006cf2:	780c      	ldrb	r4, [r1, #0]
10006cf4:	190c      	adds	r4, r1, r4
10006cf6:	2509      	movs	r5, #9
10006cf8:	e011      	b.n	10006d1e <cdcd_open+0x4e>
10006cfa:	24b2      	movs	r4, #178	; 0xb2
10006cfc:	00a4      	lsls	r4, r4, #2
10006cfe:	435c      	muls	r4, r3
10006d00:	4825      	ldr	r0, [pc, #148]	; (10006d98 <cdcd_open+0xc8>)
10006d02:	1900      	adds	r0, r0, r4
10006d04:	7880      	ldrb	r0, [r0, #2]
10006d06:	2800      	cmp	r0, #0
10006d08:	d002      	beq.n	10006d10 <cdcd_open+0x40>
10006d0a:	3301      	adds	r3, #1
10006d0c:	b2db      	uxtb	r3, r3
10006d0e:	e7e9      	b.n	10006ce4 <cdcd_open+0x14>
10006d10:	4f21      	ldr	r7, [pc, #132]	; (10006d98 <cdcd_open+0xc8>)
10006d12:	19e7      	adds	r7, r4, r7
10006d14:	e7e9      	b.n	10006cea <cdcd_open+0x1a>
10006d16:	7821      	ldrb	r1, [r4, #0]
10006d18:	194d      	adds	r5, r1, r5
10006d1a:	b2ad      	uxth	r5, r5
10006d1c:	1864      	adds	r4, r4, r1
10006d1e:	7863      	ldrb	r3, [r4, #1]
10006d20:	2b24      	cmp	r3, #36	; 0x24
10006d22:	d101      	bne.n	10006d28 <cdcd_open+0x58>
10006d24:	4295      	cmp	r5, r2
10006d26:	d9f6      	bls.n	10006d16 <cdcd_open+0x46>
10006d28:	2b05      	cmp	r3, #5
10006d2a:	d009      	beq.n	10006d40 <cdcd_open+0x70>
10006d2c:	7863      	ldrb	r3, [r4, #1]
10006d2e:	2b04      	cmp	r3, #4
10006d30:	d102      	bne.n	10006d38 <cdcd_open+0x68>
10006d32:	7963      	ldrb	r3, [r4, #5]
10006d34:	2b0a      	cmp	r3, #10
10006d36:	d010      	beq.n	10006d5a <cdcd_open+0x8a>
10006d38:	0038      	movs	r0, r7
10006d3a:	f7ff fe5b 	bl	100069f4 <_prep_out_transaction>
10006d3e:	e01f      	b.n	10006d80 <cdcd_open+0xb0>
10006d40:	0021      	movs	r1, r4
10006d42:	0030      	movs	r0, r6
10006d44:	f7ff f9b0 	bl	100060a8 <usbd_edpt_open>
10006d48:	2800      	cmp	r0, #0
10006d4a:	d020      	beq.n	10006d8e <cdcd_open+0xbe>
10006d4c:	78a3      	ldrb	r3, [r4, #2]
10006d4e:	707b      	strb	r3, [r7, #1]
10006d50:	7822      	ldrb	r2, [r4, #0]
10006d52:	1955      	adds	r5, r2, r5
10006d54:	b2ad      	uxth	r5, r5
10006d56:	18a4      	adds	r4, r4, r2
10006d58:	e7e8      	b.n	10006d2c <cdcd_open+0x5c>
10006d5a:	7821      	ldrb	r1, [r4, #0]
10006d5c:	194d      	adds	r5, r1, r5
10006d5e:	b2ad      	uxth	r5, r5
10006d60:	1861      	adds	r1, r4, r1
10006d62:	1cbb      	adds	r3, r7, #2
10006d64:	9301      	str	r3, [sp, #4]
10006d66:	1cfb      	adds	r3, r7, #3
10006d68:	9300      	str	r3, [sp, #0]
10006d6a:	2302      	movs	r3, #2
10006d6c:	2202      	movs	r2, #2
10006d6e:	0030      	movs	r0, r6
10006d70:	f7ff f9b4 	bl	100060dc <usbd_open_edpt_pair>
10006d74:	2800      	cmp	r0, #0
10006d76:	d00c      	beq.n	10006d92 <cdcd_open+0xc2>
10006d78:	350e      	adds	r5, #14
10006d7a:	b2ad      	uxth	r5, r5
10006d7c:	e7dc      	b.n	10006d38 <cdcd_open+0x68>
10006d7e:	2500      	movs	r5, #0
10006d80:	0028      	movs	r0, r5
10006d82:	b003      	add	sp, #12
10006d84:	bdf0      	pop	{r4, r5, r6, r7, pc}
10006d86:	2500      	movs	r5, #0
10006d88:	e7fa      	b.n	10006d80 <cdcd_open+0xb0>
10006d8a:	2500      	movs	r5, #0
10006d8c:	e7f8      	b.n	10006d80 <cdcd_open+0xb0>
10006d8e:	2500      	movs	r5, #0
10006d90:	e7f6      	b.n	10006d80 <cdcd_open+0xb0>
10006d92:	2500      	movs	r5, #0
10006d94:	e7f4      	b.n	10006d80 <cdcd_open+0xb0>
10006d96:	46c0      	nop			; (mov r8, r8)
10006d98:	20001800 	.word	0x20001800

10006d9c <cdcd_control_xfer_cb>:
10006d9c:	b5f8      	push	{r3, r4, r5, r6, r7, lr}
10006d9e:	0014      	movs	r4, r2
10006da0:	7812      	ldrb	r2, [r2, #0]
10006da2:	2360      	movs	r3, #96	; 0x60
10006da4:	4013      	ands	r3, r2
10006da6:	2b20      	cmp	r3, #32
10006da8:	d000      	beq.n	10006dac <cdcd_control_xfer_cb+0x10>
10006daa:	e07f      	b.n	10006eac <cdcd_control_xfer_cb+0x110>
10006dac:	4a44      	ldr	r2, [pc, #272]	; (10006ec0 <cdcd_control_xfer_cb+0x124>)
10006dae:	2500      	movs	r5, #0
10006db0:	2d00      	cmp	r5, #0
10006db2:	d000      	beq.n	10006db6 <cdcd_control_xfer_cb+0x1a>
10006db4:	e07c      	b.n	10006eb0 <cdcd_control_xfer_cb+0x114>
10006db6:	7816      	ldrb	r6, [r2, #0]
10006db8:	7927      	ldrb	r7, [r4, #4]
10006dba:	7963      	ldrb	r3, [r4, #5]
10006dbc:	021b      	lsls	r3, r3, #8
10006dbe:	433b      	orrs	r3, r7
10006dc0:	429e      	cmp	r6, r3
10006dc2:	d006      	beq.n	10006dd2 <cdcd_control_xfer_cb+0x36>
10006dc4:	3501      	adds	r5, #1
10006dc6:	b2ed      	uxtb	r5, r5
10006dc8:	23b2      	movs	r3, #178	; 0xb2
10006dca:	009b      	lsls	r3, r3, #2
10006dcc:	469c      	mov	ip, r3
10006dce:	4462      	add	r2, ip
10006dd0:	e7ee      	b.n	10006db0 <cdcd_control_xfer_cb+0x14>
10006dd2:	7863      	ldrb	r3, [r4, #1]
10006dd4:	2b22      	cmp	r3, #34	; 0x22
10006dd6:	d031      	beq.n	10006e3c <cdcd_control_xfer_cb+0xa0>
10006dd8:	d809      	bhi.n	10006dee <cdcd_control_xfer_cb+0x52>
10006dda:	2b20      	cmp	r3, #32
10006ddc:	d011      	beq.n	10006e02 <cdcd_control_xfer_cb+0x66>
10006dde:	2b21      	cmp	r3, #33	; 0x21
10006de0:	d103      	bne.n	10006dea <cdcd_control_xfer_cb+0x4e>
10006de2:	2901      	cmp	r1, #1
10006de4:	d023      	beq.n	10006e2e <cdcd_control_xfer_cb+0x92>
10006de6:	2001      	movs	r0, #1
10006de8:	e061      	b.n	10006eae <cdcd_control_xfer_cb+0x112>
10006dea:	2000      	movs	r0, #0
10006dec:	e05f      	b.n	10006eae <cdcd_control_xfer_cb+0x112>
10006dee:	2b23      	cmp	r3, #35	; 0x23
10006df0:	d105      	bne.n	10006dfe <cdcd_control_xfer_cb+0x62>
10006df2:	2901      	cmp	r1, #1
10006df4:	d049      	beq.n	10006e8a <cdcd_control_xfer_cb+0xee>
10006df6:	2903      	cmp	r1, #3
10006df8:	d04c      	beq.n	10006e94 <cdcd_control_xfer_cb+0xf8>
10006dfa:	2001      	movs	r0, #1
10006dfc:	e057      	b.n	10006eae <cdcd_control_xfer_cb+0x112>
10006dfe:	2000      	movs	r0, #0
10006e00:	e055      	b.n	10006eae <cdcd_control_xfer_cb+0x112>
10006e02:	2901      	cmp	r1, #1
10006e04:	d003      	beq.n	10006e0e <cdcd_control_xfer_cb+0x72>
10006e06:	2903      	cmp	r1, #3
10006e08:	d008      	beq.n	10006e1c <cdcd_control_xfer_cb+0x80>
10006e0a:	2001      	movs	r0, #1
10006e0c:	e04f      	b.n	10006eae <cdcd_control_xfer_cb+0x112>
10006e0e:	3206      	adds	r2, #6
10006e10:	2307      	movs	r3, #7
10006e12:	0021      	movs	r1, r4
10006e14:	f7ff fd30 	bl	10006878 <tud_control_xfer>
10006e18:	2001      	movs	r0, #1
10006e1a:	e048      	b.n	10006eae <cdcd_control_xfer_cb+0x112>
10006e1c:	4b29      	ldr	r3, [pc, #164]	; (10006ec4 <cdcd_control_xfer_cb+0x128>)
10006e1e:	2b00      	cmp	r3, #0
10006e20:	d048      	beq.n	10006eb4 <cdcd_control_xfer_cb+0x118>
10006e22:	1d91      	adds	r1, r2, #6
10006e24:	0028      	movs	r0, r5
10006e26:	f7fe fa77 	bl	10005318 <tud_cdc_line_coding_cb>
10006e2a:	2001      	movs	r0, #1
10006e2c:	e03f      	b.n	10006eae <cdcd_control_xfer_cb+0x112>
10006e2e:	3206      	adds	r2, #6
10006e30:	2307      	movs	r3, #7
10006e32:	0021      	movs	r1, r4
10006e34:	f7ff fd20 	bl	10006878 <tud_control_xfer>
10006e38:	2001      	movs	r0, #1
10006e3a:	e038      	b.n	10006eae <cdcd_control_xfer_cb+0x112>
10006e3c:	2901      	cmp	r1, #1
10006e3e:	d003      	beq.n	10006e48 <cdcd_control_xfer_cb+0xac>
10006e40:	2903      	cmp	r1, #3
10006e42:	d006      	beq.n	10006e52 <cdcd_control_xfer_cb+0xb6>
10006e44:	2001      	movs	r0, #1
10006e46:	e032      	b.n	10006eae <cdcd_control_xfer_cb+0x112>
10006e48:	0021      	movs	r1, r4
10006e4a:	f7ff fcf9 	bl	10006840 <tud_control_status>
10006e4e:	2001      	movs	r0, #1
10006e50:	e02d      	b.n	10006eae <cdcd_control_xfer_cb+0x112>
10006e52:	78a1      	ldrb	r1, [r4, #2]
10006e54:	78e3      	ldrb	r3, [r4, #3]
10006e56:	021b      	lsls	r3, r3, #8
10006e58:	430b      	orrs	r3, r1
10006e5a:	2001      	movs	r0, #1
10006e5c:	0019      	movs	r1, r3
10006e5e:	4001      	ands	r1, r0
10006e60:	000e      	movs	r6, r1
10006e62:	085c      	lsrs	r4, r3, #1
10006e64:	4004      	ands	r4, r0
10006e66:	7113      	strb	r3, [r2, #4]
10006e68:	424b      	negs	r3, r1
10006e6a:	4159      	adcs	r1, r3
10006e6c:	b2c9      	uxtb	r1, r1
10006e6e:	3224      	adds	r2, #36	; 0x24
10006e70:	0010      	movs	r0, r2
10006e72:	f000 fcc7 	bl	10007804 <tu_fifo_set_overwritable>
10006e76:	4b14      	ldr	r3, [pc, #80]	; (10006ec8 <cdcd_control_xfer_cb+0x12c>)
10006e78:	2b00      	cmp	r3, #0
10006e7a:	d01d      	beq.n	10006eb8 <cdcd_control_xfer_cb+0x11c>
10006e7c:	0022      	movs	r2, r4
10006e7e:	0031      	movs	r1, r6
10006e80:	0028      	movs	r0, r5
10006e82:	e000      	b.n	10006e86 <cdcd_control_xfer_cb+0xea>
10006e84:	bf00      	nop
10006e86:	2001      	movs	r0, #1
10006e88:	e011      	b.n	10006eae <cdcd_control_xfer_cb+0x112>
10006e8a:	0021      	movs	r1, r4
10006e8c:	f7ff fcd8 	bl	10006840 <tud_control_status>
10006e90:	2001      	movs	r0, #1
10006e92:	e00c      	b.n	10006eae <cdcd_control_xfer_cb+0x112>
10006e94:	4b0d      	ldr	r3, [pc, #52]	; (10006ecc <cdcd_control_xfer_cb+0x130>)
10006e96:	2b00      	cmp	r3, #0
10006e98:	d010      	beq.n	10006ebc <cdcd_control_xfer_cb+0x120>
10006e9a:	78a3      	ldrb	r3, [r4, #2]
10006e9c:	78e1      	ldrb	r1, [r4, #3]
10006e9e:	0209      	lsls	r1, r1, #8
10006ea0:	4319      	orrs	r1, r3
10006ea2:	0028      	movs	r0, r5
10006ea4:	e000      	b.n	10006ea8 <cdcd_control_xfer_cb+0x10c>
10006ea6:	bf00      	nop
10006ea8:	2001      	movs	r0, #1
10006eaa:	e000      	b.n	10006eae <cdcd_control_xfer_cb+0x112>
10006eac:	2000      	movs	r0, #0
10006eae:	bdf8      	pop	{r3, r4, r5, r6, r7, pc}
10006eb0:	2000      	movs	r0, #0
10006eb2:	e7fc      	b.n	10006eae <cdcd_control_xfer_cb+0x112>
10006eb4:	2001      	movs	r0, #1
10006eb6:	e7fa      	b.n	10006eae <cdcd_control_xfer_cb+0x112>
10006eb8:	2001      	movs	r0, #1
10006eba:	e7f8      	b.n	10006eae <cdcd_control_xfer_cb+0x112>
10006ebc:	2001      	movs	r0, #1
10006ebe:	e7f6      	b.n	10006eae <cdcd_control_xfer_cb+0x112>
10006ec0:	20001800 	.word	0x20001800
10006ec4:	10005319 	.word	0x10005319
	...

10006ed0 <cdcd_xfer_cb>:
10006ed0:	b5f0      	push	{r4, r5, r6, r7, lr}
10006ed2:	46d6      	mov	lr, sl
10006ed4:	b500      	push	{lr}
10006ed6:	b082      	sub	sp, #8
10006ed8:	9001      	str	r0, [sp, #4]
10006eda:	000f      	movs	r7, r1
10006edc:	9300      	str	r3, [sp, #0]
10006ede:	2400      	movs	r4, #0
10006ee0:	2c00      	cmp	r4, #0
10006ee2:	d00e      	beq.n	10006f02 <cdcd_xfer_cb+0x32>
10006ee4:	2c00      	cmp	r4, #0
10006ee6:	d000      	beq.n	10006eea <cdcd_xfer_cb+0x1a>
10006ee8:	e07c      	b.n	10006fe4 <cdcd_xfer_cb+0x114>
10006eea:	78eb      	ldrb	r3, [r5, #3]
10006eec:	42bb      	cmp	r3, r7
10006eee:	d016      	beq.n	10006f1e <cdcd_xfer_cb+0x4e>
10006ef0:	78ab      	ldrb	r3, [r5, #2]
10006ef2:	42bb      	cmp	r3, r7
10006ef4:	d04d      	beq.n	10006f92 <cdcd_xfer_cb+0xc2>
10006ef6:	2401      	movs	r4, #1
10006ef8:	0020      	movs	r0, r4
10006efa:	b002      	add	sp, #8
10006efc:	bc80      	pop	{r7}
10006efe:	46ba      	mov	sl, r7
10006f00:	bdf0      	pop	{r4, r5, r6, r7, pc}
10006f02:	25b2      	movs	r5, #178	; 0xb2
10006f04:	00ad      	lsls	r5, r5, #2
10006f06:	4365      	muls	r5, r4
10006f08:	4b39      	ldr	r3, [pc, #228]	; (10006ff0 <cdcd_xfer_cb+0x120>)
10006f0a:	18ed      	adds	r5, r5, r3
10006f0c:	78eb      	ldrb	r3, [r5, #3]
10006f0e:	42bb      	cmp	r3, r7
10006f10:	d0e8      	beq.n	10006ee4 <cdcd_xfer_cb+0x14>
10006f12:	78ab      	ldrb	r3, [r5, #2]
10006f14:	42bb      	cmp	r3, r7
10006f16:	d0e5      	beq.n	10006ee4 <cdcd_xfer_cb+0x14>
10006f18:	3401      	adds	r4, #1
10006f1a:	b2e4      	uxtb	r4, r4
10006f1c:	e7e0      	b.n	10006ee0 <cdcd_xfer_cb+0x10>
10006f1e:	2310      	movs	r3, #16
10006f20:	469a      	mov	sl, r3
10006f22:	44aa      	add	sl, r5
10006f24:	2392      	movs	r3, #146	; 0x92
10006f26:	009b      	lsls	r3, r3, #2
10006f28:	18e9      	adds	r1, r5, r3
10006f2a:	466b      	mov	r3, sp
10006f2c:	881a      	ldrh	r2, [r3, #0]
10006f2e:	4650      	mov	r0, sl
10006f30:	f000 fc44 	bl	100077bc <tu_fifo_write_n>
10006f34:	4b2f      	ldr	r3, [pc, #188]	; (10006ff4 <cdcd_xfer_cb+0x124>)
10006f36:	2b00      	cmp	r3, #0
10006f38:	d01b      	beq.n	10006f72 <cdcd_xfer_cb+0xa2>
10006f3a:	796b      	ldrb	r3, [r5, #5]
10006f3c:	2bff      	cmp	r3, #255	; 0xff
10006f3e:	d018      	beq.n	10006f72 <cdcd_xfer_cb+0xa2>
10006f40:	2600      	movs	r6, #0
10006f42:	e000      	b.n	10006f46 <cdcd_xfer_cb+0x76>
10006f44:	3601      	adds	r6, #1
10006f46:	9b00      	ldr	r3, [sp, #0]
10006f48:	429e      	cmp	r6, r3
10006f4a:	d212      	bcs.n	10006f72 <cdcd_xfer_cb+0xa2>
10006f4c:	796a      	ldrb	r2, [r5, #5]
10006f4e:	19ab      	adds	r3, r5, r6
10006f50:	2192      	movs	r1, #146	; 0x92
10006f52:	0089      	lsls	r1, r1, #2
10006f54:	468c      	mov	ip, r1
10006f56:	4463      	add	r3, ip
10006f58:	781b      	ldrb	r3, [r3, #0]
10006f5a:	429a      	cmp	r2, r3
10006f5c:	d1f2      	bne.n	10006f44 <cdcd_xfer_cb+0x74>
10006f5e:	4650      	mov	r0, sl
10006f60:	f000 fba2 	bl	100076a8 <tu_fifo_empty>
10006f64:	2800      	cmp	r0, #0
10006f66:	d1ed      	bne.n	10006f44 <cdcd_xfer_cb+0x74>
10006f68:	7969      	ldrb	r1, [r5, #5]
10006f6a:	0020      	movs	r0, r4
10006f6c:	e000      	b.n	10006f70 <cdcd_xfer_cb+0xa0>
10006f6e:	bf00      	nop
10006f70:	e7e8      	b.n	10006f44 <cdcd_xfer_cb+0x74>
10006f72:	4b21      	ldr	r3, [pc, #132]	; (10006ff8 <cdcd_xfer_cb+0x128>)
10006f74:	2b00      	cmp	r3, #0
10006f76:	d004      	beq.n	10006f82 <cdcd_xfer_cb+0xb2>
10006f78:	4650      	mov	r0, sl
10006f7a:	f000 fb95 	bl	100076a8 <tu_fifo_empty>
10006f7e:	2800      	cmp	r0, #0
10006f80:	d003      	beq.n	10006f8a <cdcd_xfer_cb+0xba>
10006f82:	0028      	movs	r0, r5
10006f84:	f7ff fd36 	bl	100069f4 <_prep_out_transaction>
10006f88:	e7b2      	b.n	10006ef0 <cdcd_xfer_cb+0x20>
10006f8a:	0020      	movs	r0, r4
10006f8c:	f7fe fa86 	bl	1000549c <tud_cdc_rx_cb>
10006f90:	e7f7      	b.n	10006f82 <cdcd_xfer_cb+0xb2>
10006f92:	4b1a      	ldr	r3, [pc, #104]	; (10006ffc <cdcd_xfer_cb+0x12c>)
10006f94:	2b00      	cmp	r3, #0
10006f96:	d002      	beq.n	10006f9e <cdcd_xfer_cb+0xce>
10006f98:	0020      	movs	r0, r4
10006f9a:	e000      	b.n	10006f9e <cdcd_xfer_cb+0xce>
10006f9c:	bf00      	nop
10006f9e:	0020      	movs	r0, r4
10006fa0:	f7ff fd90 	bl	10006ac4 <tud_cdc_n_write_flush>
10006fa4:	2800      	cmp	r0, #0
10006fa6:	d001      	beq.n	10006fac <cdcd_xfer_cb+0xdc>
10006fa8:	2401      	movs	r4, #1
10006faa:	e7a5      	b.n	10006ef8 <cdcd_xfer_cb+0x28>
10006fac:	0028      	movs	r0, r5
10006fae:	3024      	adds	r0, #36	; 0x24
10006fb0:	f000 fb65 	bl	1000767e <tu_fifo_count>
10006fb4:	2800      	cmp	r0, #0
10006fb6:	d117      	bne.n	10006fe8 <cdcd_xfer_cb+0x118>
10006fb8:	9b00      	ldr	r3, [sp, #0]
10006fba:	2b00      	cmp	r3, #0
10006fbc:	d016      	beq.n	10006fec <cdcd_xfer_cb+0x11c>
10006fbe:	069b      	lsls	r3, r3, #26
10006fc0:	d001      	beq.n	10006fc6 <cdcd_xfer_cb+0xf6>
10006fc2:	2401      	movs	r4, #1
10006fc4:	e798      	b.n	10006ef8 <cdcd_xfer_cb+0x28>
10006fc6:	78a9      	ldrb	r1, [r5, #2]
10006fc8:	9801      	ldr	r0, [sp, #4]
10006fca:	f7ff f8b9 	bl	10006140 <usbd_edpt_claim>
10006fce:	1e04      	subs	r4, r0, #0
10006fd0:	d101      	bne.n	10006fd6 <cdcd_xfer_cb+0x106>
10006fd2:	2401      	movs	r4, #1
10006fd4:	e790      	b.n	10006ef8 <cdcd_xfer_cb+0x28>
10006fd6:	78a9      	ldrb	r1, [r5, #2]
10006fd8:	2300      	movs	r3, #0
10006fda:	2200      	movs	r2, #0
10006fdc:	9801      	ldr	r0, [sp, #4]
10006fde:	f7ff f8d7 	bl	10006190 <usbd_edpt_xfer>
10006fe2:	e789      	b.n	10006ef8 <cdcd_xfer_cb+0x28>
10006fe4:	2400      	movs	r4, #0
10006fe6:	e787      	b.n	10006ef8 <cdcd_xfer_cb+0x28>
10006fe8:	2401      	movs	r4, #1
10006fea:	e785      	b.n	10006ef8 <cdcd_xfer_cb+0x28>
10006fec:	2401      	movs	r4, #1
10006fee:	e783      	b.n	10006ef8 <cdcd_xfer_cb+0x28>
10006ff0:	20001800 	.word	0x20001800
10006ff4:	00000000 	.word	0x00000000
10006ff8:	1000549d 	.word	0x1000549d
10006ffc:	00000000 	.word	0x00000000

10007000 <tusb_init>:
10007000:	b510      	push	{r4, lr}
10007002:	2000      	movs	r0, #0
10007004:	f7fe ffd4 	bl	10005fb0 <tud_init>
10007008:	bd10      	pop	{r4, pc}

1000700a <tusb_inited>:
1000700a:	b510      	push	{r4, lr}
1000700c:	f7fe ffc6 	bl	10005f9c <tud_inited>
10007010:	2800      	cmp	r0, #0
10007012:	d000      	beq.n	10007016 <tusb_inited+0xc>
10007014:	2001      	movs	r0, #1
10007016:	bd10      	pop	{r4, pc}

10007018 <tu_edpt_claim>:
10007018:	b570      	push	{r4, r5, r6, lr}
1000701a:	0004      	movs	r4, r0
1000701c:	000d      	movs	r5, r1
1000701e:	7803      	ldrb	r3, [r0, #0]
10007020:	07db      	lsls	r3, r3, #31
10007022:	0fde      	lsrs	r6, r3, #31
10007024:	2b00      	cmp	r3, #0
10007026:	d11c      	bne.n	10007062 <tu_edpt_claim+0x4a>
10007028:	7803      	ldrb	r3, [r0, #0]
1000702a:	075b      	lsls	r3, r3, #29
1000702c:	d41a      	bmi.n	10007064 <tu_edpt_claim+0x4c>
1000702e:	2101      	movs	r1, #1
10007030:	4249      	negs	r1, r1
10007032:	0028      	movs	r0, r5
10007034:	f003 faf0 	bl	1000a618 <__mutex_enter_timeout_ms_veneer>
10007038:	7823      	ldrb	r3, [r4, #0]
1000703a:	07db      	lsls	r3, r3, #31
1000703c:	d404      	bmi.n	10007048 <tu_edpt_claim+0x30>
1000703e:	7823      	ldrb	r3, [r4, #0]
10007040:	075b      	lsls	r3, r3, #29
10007042:	d50c      	bpl.n	1000705e <tu_edpt_claim+0x46>
10007044:	2600      	movs	r6, #0
10007046:	e000      	b.n	1000704a <tu_edpt_claim+0x32>
10007048:	2600      	movs	r6, #0
1000704a:	2e00      	cmp	r6, #0
1000704c:	d003      	beq.n	10007056 <tu_edpt_claim+0x3e>
1000704e:	7823      	ldrb	r3, [r4, #0]
10007050:	2204      	movs	r2, #4
10007052:	4313      	orrs	r3, r2
10007054:	7023      	strb	r3, [r4, #0]
10007056:	0028      	movs	r0, r5
10007058:	f003 fab6 	bl	1000a5c8 <__mutex_exit_veneer>
1000705c:	e002      	b.n	10007064 <tu_edpt_claim+0x4c>
1000705e:	2601      	movs	r6, #1
10007060:	e7f3      	b.n	1000704a <tu_edpt_claim+0x32>
10007062:	2600      	movs	r6, #0
10007064:	0030      	movs	r0, r6
10007066:	bd70      	pop	{r4, r5, r6, pc}

10007068 <tu_edpt_release>:
10007068:	b570      	push	{r4, r5, r6, lr}
1000706a:	0004      	movs	r4, r0
1000706c:	000e      	movs	r6, r1
1000706e:	2101      	movs	r1, #1
10007070:	4249      	negs	r1, r1
10007072:	0030      	movs	r0, r6
10007074:	f003 fad0 	bl	1000a618 <__mutex_enter_timeout_ms_veneer>
10007078:	7823      	ldrb	r3, [r4, #0]
1000707a:	075b      	lsls	r3, r3, #29
1000707c:	d40b      	bmi.n	10007096 <tu_edpt_release+0x2e>
1000707e:	2500      	movs	r5, #0
10007080:	2d00      	cmp	r5, #0
10007082:	d003      	beq.n	1000708c <tu_edpt_release+0x24>
10007084:	7823      	ldrb	r3, [r4, #0]
10007086:	2204      	movs	r2, #4
10007088:	4393      	bics	r3, r2
1000708a:	7023      	strb	r3, [r4, #0]
1000708c:	0030      	movs	r0, r6
1000708e:	f003 fa9b 	bl	1000a5c8 <__mutex_exit_veneer>
10007092:	0028      	movs	r0, r5
10007094:	bd70      	pop	{r4, r5, r6, pc}
10007096:	7823      	ldrb	r3, [r4, #0]
10007098:	07db      	lsls	r3, r3, #31
1000709a:	d501      	bpl.n	100070a0 <tu_edpt_release+0x38>
1000709c:	2500      	movs	r5, #0
1000709e:	e7ef      	b.n	10007080 <tu_edpt_release+0x18>
100070a0:	2501      	movs	r5, #1
100070a2:	e7ed      	b.n	10007080 <tu_edpt_release+0x18>

100070a4 <tu_edpt_validate>:
100070a4:	b510      	push	{r4, lr}
100070a6:	7904      	ldrb	r4, [r0, #4]
100070a8:	7943      	ldrb	r3, [r0, #5]
100070aa:	021b      	lsls	r3, r3, #8
100070ac:	4323      	orrs	r3, r4
100070ae:	055b      	lsls	r3, r3, #21
100070b0:	0d5b      	lsrs	r3, r3, #21
100070b2:	78c2      	ldrb	r2, [r0, #3]
100070b4:	0792      	lsls	r2, r2, #30
100070b6:	0f92      	lsrs	r2, r2, #30
100070b8:	2a02      	cmp	r2, #2
100070ba:	d00f      	beq.n	100070dc <tu_edpt_validate+0x38>
100070bc:	2a03      	cmp	r2, #3
100070be:	d019      	beq.n	100070f4 <tu_edpt_validate+0x50>
100070c0:	2a01      	cmp	r2, #1
100070c2:	d001      	beq.n	100070c8 <tu_edpt_validate+0x24>
100070c4:	2000      	movs	r0, #0
100070c6:	bd10      	pop	{r4, pc}
100070c8:	2902      	cmp	r1, #2
100070ca:	d004      	beq.n	100070d6 <tu_edpt_validate+0x32>
100070cc:	4a12      	ldr	r2, [pc, #72]	; (10007118 <tu_edpt_validate+0x74>)
100070ce:	429a      	cmp	r2, r3
100070d0:	d31a      	bcc.n	10007108 <tu_edpt_validate+0x64>
100070d2:	2001      	movs	r0, #1
100070d4:	e7f7      	b.n	100070c6 <tu_edpt_validate+0x22>
100070d6:	2280      	movs	r2, #128	; 0x80
100070d8:	00d2      	lsls	r2, r2, #3
100070da:	e7f8      	b.n	100070ce <tu_edpt_validate+0x2a>
100070dc:	2902      	cmp	r1, #2
100070de:	d003      	beq.n	100070e8 <tu_edpt_validate+0x44>
100070e0:	2b40      	cmp	r3, #64	; 0x40
100070e2:	d815      	bhi.n	10007110 <tu_edpt_validate+0x6c>
100070e4:	2001      	movs	r0, #1
100070e6:	e7ee      	b.n	100070c6 <tu_edpt_validate+0x22>
100070e8:	2280      	movs	r2, #128	; 0x80
100070ea:	0092      	lsls	r2, r2, #2
100070ec:	4293      	cmp	r3, r2
100070ee:	d10d      	bne.n	1000710c <tu_edpt_validate+0x68>
100070f0:	2001      	movs	r0, #1
100070f2:	e7e8      	b.n	100070c6 <tu_edpt_validate+0x22>
100070f4:	2902      	cmp	r1, #2
100070f6:	d004      	beq.n	10007102 <tu_edpt_validate+0x5e>
100070f8:	2240      	movs	r2, #64	; 0x40
100070fa:	429a      	cmp	r2, r3
100070fc:	d30a      	bcc.n	10007114 <tu_edpt_validate+0x70>
100070fe:	2001      	movs	r0, #1
10007100:	e7e1      	b.n	100070c6 <tu_edpt_validate+0x22>
10007102:	2280      	movs	r2, #128	; 0x80
10007104:	00d2      	lsls	r2, r2, #3
10007106:	e7f8      	b.n	100070fa <tu_edpt_validate+0x56>
10007108:	2000      	movs	r0, #0
1000710a:	e7dc      	b.n	100070c6 <tu_edpt_validate+0x22>
1000710c:	2000      	movs	r0, #0
1000710e:	e7da      	b.n	100070c6 <tu_edpt_validate+0x22>
10007110:	2000      	movs	r0, #0
10007112:	e7d8      	b.n	100070c6 <tu_edpt_validate+0x22>
10007114:	2000      	movs	r0, #0
10007116:	e7d6      	b.n	100070c6 <tu_edpt_validate+0x22>
10007118:	000003ff 	.word	0x000003ff

1000711c <tu_edpt_bind_driver>:
1000711c:	b530      	push	{r4, r5, lr}
1000711e:	188a      	adds	r2, r1, r2
10007120:	e001      	b.n	10007126 <tu_edpt_bind_driver+0xa>
10007122:	780c      	ldrb	r4, [r1, #0]
10007124:	1909      	adds	r1, r1, r4
10007126:	4291      	cmp	r1, r2
10007128:	d20a      	bcs.n	10007140 <tu_edpt_bind_driver+0x24>
1000712a:	784c      	ldrb	r4, [r1, #1]
1000712c:	2c05      	cmp	r4, #5
1000712e:	d1f8      	bne.n	10007122 <tu_edpt_bind_driver+0x6>
10007130:	788d      	ldrb	r5, [r1, #2]
10007132:	347a      	adds	r4, #122	; 0x7a
10007134:	402c      	ands	r4, r5
10007136:	0064      	lsls	r4, r4, #1
10007138:	1904      	adds	r4, r0, r4
1000713a:	09ed      	lsrs	r5, r5, #7
1000713c:	5563      	strb	r3, [r4, r5]
1000713e:	e7f0      	b.n	10007122 <tu_edpt_bind_driver+0x6>
10007140:	bd30      	pop	{r4, r5, pc}

10007142 <advance_index>:
10007142:	0003      	movs	r3, r0
10007144:	188a      	adds	r2, r1, r2
10007146:	b290      	uxth	r0, r2
10007148:	4281      	cmp	r1, r0
1000714a:	d802      	bhi.n	10007152 <advance_index+0x10>
1000714c:	005a      	lsls	r2, r3, #1
1000714e:	4290      	cmp	r0, r2
10007150:	db03      	blt.n	1000715a <advance_index+0x18>
10007152:	005b      	lsls	r3, r3, #1
10007154:	b29b      	uxth	r3, r3
10007156:	1ac0      	subs	r0, r0, r3
10007158:	b280      	uxth	r0, r0
1000715a:	4770      	bx	lr

1000715c <_tu_fifo_peek>:
1000715c:	b570      	push	{r4, r5, r6, lr}
1000715e:	0005      	movs	r5, r0
10007160:	0008      	movs	r0, r1
10007162:	88ac      	ldrh	r4, [r5, #4]
10007164:	429a      	cmp	r2, r3
10007166:	d30b      	bcc.n	10007180 <_tu_fifo_peek+0x24>
10007168:	1ad1      	subs	r1, r2, r3
1000716a:	b289      	uxth	r1, r1
1000716c:	2900      	cmp	r1, #0
1000716e:	d01e      	beq.n	100071ae <_tu_fifo_peek+0x52>
10007170:	428c      	cmp	r4, r1
10007172:	d210      	bcs.n	10007196 <_tu_fifo_peek+0x3a>
10007174:	4294      	cmp	r4, r2
10007176:	d809      	bhi.n	1000718c <_tu_fifo_peek+0x30>
10007178:	1b13      	subs	r3, r2, r4
1000717a:	b29b      	uxth	r3, r3
1000717c:	816b      	strh	r3, [r5, #10]
1000717e:	e00a      	b.n	10007196 <_tu_fifo_peek+0x3a>
10007180:	1ad1      	subs	r1, r2, r3
10007182:	b289      	uxth	r1, r1
10007184:	0066      	lsls	r6, r4, #1
10007186:	1989      	adds	r1, r1, r6
10007188:	b289      	uxth	r1, r1
1000718a:	e7ef      	b.n	1000716c <_tu_fifo_peek+0x10>
1000718c:	18a2      	adds	r2, r4, r2
1000718e:	b293      	uxth	r3, r2
10007190:	e7f4      	b.n	1000717c <_tu_fifo_peek+0x20>
10007192:	1b1b      	subs	r3, r3, r4
10007194:	b29b      	uxth	r3, r3
10007196:	429c      	cmp	r4, r3
10007198:	d9fb      	bls.n	10007192 <_tu_fifo_peek+0x36>
1000719a:	6829      	ldr	r1, [r5, #0]
1000719c:	88ea      	ldrh	r2, [r5, #6]
1000719e:	0452      	lsls	r2, r2, #17
100071a0:	0c52      	lsrs	r2, r2, #17
100071a2:	4353      	muls	r3, r2
100071a4:	18c9      	adds	r1, r1, r3
100071a6:	f7fd feeb 	bl	10004f80 <__wrap___aeabi_memcpy>
100071aa:	2001      	movs	r0, #1
100071ac:	bd70      	pop	{r4, r5, r6, pc}
100071ae:	2000      	movs	r0, #0
100071b0:	e7fc      	b.n	100071ac <_tu_fifo_peek+0x50>

100071b2 <_ff_pull_const_addr>:
100071b2:	b5f0      	push	{r4, r5, r6, r7, lr}
100071b4:	b083      	sub	sp, #12
100071b6:	0006      	movs	r6, r0
100071b8:	0893      	lsrs	r3, r2, #2
100071ba:	e00c      	b.n	100071d6 <_ff_pull_const_addr+0x24>
100071bc:	780b      	ldrb	r3, [r1, #0]
100071be:	784d      	ldrb	r5, [r1, #1]
100071c0:	022d      	lsls	r5, r5, #8
100071c2:	431d      	orrs	r5, r3
100071c4:	788c      	ldrb	r4, [r1, #2]
100071c6:	0424      	lsls	r4, r4, #16
100071c8:	4325      	orrs	r5, r4
100071ca:	78cb      	ldrb	r3, [r1, #3]
100071cc:	061b      	lsls	r3, r3, #24
100071ce:	432b      	orrs	r3, r5
100071d0:	6033      	str	r3, [r6, #0]
100071d2:	3104      	adds	r1, #4
100071d4:	003b      	movs	r3, r7
100071d6:	1e5f      	subs	r7, r3, #1
100071d8:	b2bf      	uxth	r7, r7
100071da:	2b00      	cmp	r3, #0
100071dc:	d1ee      	bne.n	100071bc <_ff_pull_const_addr+0xa>
100071de:	3303      	adds	r3, #3
100071e0:	0010      	movs	r0, r2
100071e2:	4018      	ands	r0, r3
100071e4:	421a      	tst	r2, r3
100071e6:	d101      	bne.n	100071ec <_ff_pull_const_addr+0x3a>
100071e8:	b003      	add	sp, #12
100071ea:	bdf0      	pop	{r4, r5, r6, r7, pc}
100071ec:	2300      	movs	r3, #0
100071ee:	9301      	str	r3, [sp, #4]
100071f0:	0002      	movs	r2, r0
100071f2:	a801      	add	r0, sp, #4
100071f4:	f7fd fec4 	bl	10004f80 <__wrap___aeabi_memcpy>
100071f8:	9b01      	ldr	r3, [sp, #4]
100071fa:	6033      	str	r3, [r6, #0]
100071fc:	e7f4      	b.n	100071e8 <_ff_pull_const_addr+0x36>

100071fe <_ff_pull_n>:
100071fe:	b5f0      	push	{r4, r5, r6, r7, lr}
10007200:	46de      	mov	lr, fp
10007202:	4657      	mov	r7, sl
10007204:	464e      	mov	r6, r9
10007206:	4645      	mov	r5, r8
10007208:	b5e0      	push	{r5, r6, r7, lr}
1000720a:	b083      	sub	sp, #12
1000720c:	0005      	movs	r5, r0
1000720e:	468a      	mov	sl, r1
10007210:	a90c      	add	r1, sp, #48	; 0x30
10007212:	7809      	ldrb	r1, [r1, #0]
10007214:	8884      	ldrh	r4, [r0, #4]
10007216:	1ae0      	subs	r0, r4, r3
10007218:	b280      	uxth	r0, r0
1000721a:	1b1c      	subs	r4, r3, r4
1000721c:	1914      	adds	r4, r2, r4
1000721e:	b2a4      	uxth	r4, r4
10007220:	88ef      	ldrh	r7, [r5, #6]
10007222:	047f      	lsls	r7, r7, #17
10007224:	0c7e      	lsrs	r6, r7, #17
10007226:	0007      	movs	r7, r0
10007228:	4377      	muls	r7, r6
1000722a:	b2bf      	uxth	r7, r7
1000722c:	4374      	muls	r4, r6
1000722e:	b2a4      	uxth	r4, r4
10007230:	46a3      	mov	fp, r4
10007232:	4373      	muls	r3, r6
10007234:	682c      	ldr	r4, [r5, #0]
10007236:	46a0      	mov	r8, r4
10007238:	4498      	add	r8, r3
1000723a:	2900      	cmp	r1, #0
1000723c:	d008      	beq.n	10007250 <_ff_pull_n+0x52>
1000723e:	2901      	cmp	r1, #1
10007240:	d01a      	beq.n	10007278 <_ff_pull_n+0x7a>
10007242:	b003      	add	sp, #12
10007244:	bcf0      	pop	{r4, r5, r6, r7}
10007246:	46bb      	mov	fp, r7
10007248:	46b2      	mov	sl, r6
1000724a:	46a9      	mov	r9, r5
1000724c:	46a0      	mov	r8, r4
1000724e:	bdf0      	pop	{r4, r5, r6, r7, pc}
10007250:	4290      	cmp	r0, r2
10007252:	d305      	bcc.n	10007260 <_ff_pull_n+0x62>
10007254:	4372      	muls	r2, r6
10007256:	4641      	mov	r1, r8
10007258:	4650      	mov	r0, sl
1000725a:	f7fd fe91 	bl	10004f80 <__wrap___aeabi_memcpy>
1000725e:	e7f0      	b.n	10007242 <_ff_pull_n+0x44>
10007260:	003a      	movs	r2, r7
10007262:	4641      	mov	r1, r8
10007264:	4650      	mov	r0, sl
10007266:	f7fd fe8b 	bl	10004f80 <__wrap___aeabi_memcpy>
1000726a:	6829      	ldr	r1, [r5, #0]
1000726c:	0038      	movs	r0, r7
1000726e:	4450      	add	r0, sl
10007270:	465a      	mov	r2, fp
10007272:	f7fd fe85 	bl	10004f80 <__wrap___aeabi_memcpy>
10007276:	e7e4      	b.n	10007242 <_ff_pull_n+0x44>
10007278:	4290      	cmp	r0, r2
1000727a:	d306      	bcc.n	1000728a <_ff_pull_n+0x8c>
1000727c:	4372      	muls	r2, r6
1000727e:	b292      	uxth	r2, r2
10007280:	4641      	mov	r1, r8
10007282:	4650      	mov	r0, sl
10007284:	f7ff ff95 	bl	100071b2 <_ff_pull_const_addr>
10007288:	e7db      	b.n	10007242 <_ff_pull_n+0x44>
1000728a:	2303      	movs	r3, #3
1000728c:	003a      	movs	r2, r7
1000728e:	439a      	bics	r2, r3
10007290:	4691      	mov	r9, r2
10007292:	4641      	mov	r1, r8
10007294:	4650      	mov	r0, sl
10007296:	f7ff ff8c 	bl	100071b2 <_ff_pull_const_addr>
1000729a:	4643      	mov	r3, r8
1000729c:	444b      	add	r3, r9
1000729e:	2103      	movs	r1, #3
100072a0:	003a      	movs	r2, r7
100072a2:	400a      	ands	r2, r1
100072a4:	420f      	tst	r7, r1
100072a6:	d030      	beq.n	1000730a <_ff_pull_n+0x10c>
100072a8:	2104      	movs	r1, #4
100072aa:	1a89      	subs	r1, r1, r2
100072ac:	b289      	uxth	r1, r1
100072ae:	1c08      	adds	r0, r1, #0
100072b0:	4559      	cmp	r1, fp
100072b2:	d900      	bls.n	100072b6 <_ff_pull_n+0xb8>
100072b4:	4658      	mov	r0, fp
100072b6:	b2c7      	uxtb	r7, r0
100072b8:	21ff      	movs	r1, #255	; 0xff
100072ba:	4001      	ands	r1, r0
100072bc:	4658      	mov	r0, fp
100072be:	1a44      	subs	r4, r0, r1
100072c0:	b2a1      	uxth	r1, r4
100072c2:	468b      	mov	fp, r1
100072c4:	2100      	movs	r1, #0
100072c6:	9101      	str	r1, [sp, #4]
100072c8:	a801      	add	r0, sp, #4
100072ca:	e004      	b.n	100072d6 <_ff_pull_n+0xd8>
100072cc:	781a      	ldrb	r2, [r3, #0]
100072ce:	7002      	strb	r2, [r0, #0]
100072d0:	3001      	adds	r0, #1
100072d2:	000a      	movs	r2, r1
100072d4:	3301      	adds	r3, #1
100072d6:	1e51      	subs	r1, r2, #1
100072d8:	b2c9      	uxtb	r1, r1
100072da:	2a00      	cmp	r2, #0
100072dc:	d1f6      	bne.n	100072cc <_ff_pull_n+0xce>
100072de:	6829      	ldr	r1, [r5, #0]
100072e0:	e004      	b.n	100072ec <_ff_pull_n+0xee>
100072e2:	780a      	ldrb	r2, [r1, #0]
100072e4:	7002      	strb	r2, [r0, #0]
100072e6:	3001      	adds	r0, #1
100072e8:	001f      	movs	r7, r3
100072ea:	3101      	adds	r1, #1
100072ec:	1e7b      	subs	r3, r7, #1
100072ee:	b2db      	uxtb	r3, r3
100072f0:	2f00      	cmp	r7, #0
100072f2:	d1f6      	bne.n	100072e2 <_ff_pull_n+0xe4>
100072f4:	4653      	mov	r3, sl
100072f6:	9a01      	ldr	r2, [sp, #4]
100072f8:	601a      	str	r2, [r3, #0]
100072fa:	465b      	mov	r3, fp
100072fc:	2b00      	cmp	r3, #0
100072fe:	d0a0      	beq.n	10007242 <_ff_pull_n+0x44>
10007300:	465a      	mov	r2, fp
10007302:	4650      	mov	r0, sl
10007304:	f7ff ff55 	bl	100071b2 <_ff_pull_const_addr>
10007308:	e79b      	b.n	10007242 <_ff_pull_n+0x44>
1000730a:	6829      	ldr	r1, [r5, #0]
1000730c:	e7f5      	b.n	100072fa <_ff_pull_n+0xfc>

1000730e <_tu_fifo_peek_n>:
1000730e:	b5f0      	push	{r4, r5, r6, r7, lr}
10007310:	46c6      	mov	lr, r8
10007312:	b500      	push	{lr}
10007314:	b082      	sub	sp, #8
10007316:	001e      	movs	r6, r3
10007318:	ab08      	add	r3, sp, #32
1000731a:	881b      	ldrh	r3, [r3, #0]
1000731c:	ac09      	add	r4, sp, #36	; 0x24
1000731e:	7827      	ldrb	r7, [r4, #0]
10007320:	8884      	ldrh	r4, [r0, #4]
10007322:	429e      	cmp	r6, r3
10007324:	d30f      	bcc.n	10007346 <_tu_fifo_peek_n+0x38>
10007326:	1af5      	subs	r5, r6, r3
10007328:	b2ad      	uxth	r5, r5
1000732a:	2d00      	cmp	r5, #0
1000732c:	d01f      	beq.n	1000736e <_tu_fifo_peek_n+0x60>
1000732e:	42ac      	cmp	r4, r5
10007330:	d205      	bcs.n	1000733e <_tu_fifo_peek_n+0x30>
10007332:	42b4      	cmp	r4, r6
10007334:	d810      	bhi.n	10007358 <_tu_fifo_peek_n+0x4a>
10007336:	1b33      	subs	r3, r6, r4
10007338:	b29b      	uxth	r3, r3
1000733a:	8143      	strh	r3, [r0, #10]
1000733c:	0025      	movs	r5, r4
1000733e:	4295      	cmp	r5, r2
10007340:	d30f      	bcc.n	10007362 <_tu_fifo_peek_n+0x54>
10007342:	0015      	movs	r5, r2
10007344:	e00d      	b.n	10007362 <_tu_fifo_peek_n+0x54>
10007346:	1af5      	subs	r5, r6, r3
10007348:	b2ad      	uxth	r5, r5
1000734a:	46a8      	mov	r8, r5
1000734c:	0065      	lsls	r5, r4, #1
1000734e:	46ac      	mov	ip, r5
10007350:	4645      	mov	r5, r8
10007352:	4465      	add	r5, ip
10007354:	b2ad      	uxth	r5, r5
10007356:	e7e8      	b.n	1000732a <_tu_fifo_peek_n+0x1c>
10007358:	19a6      	adds	r6, r4, r6
1000735a:	b2b3      	uxth	r3, r6
1000735c:	e7ed      	b.n	1000733a <_tu_fifo_peek_n+0x2c>
1000735e:	1b1b      	subs	r3, r3, r4
10007360:	b29b      	uxth	r3, r3
10007362:	429c      	cmp	r4, r3
10007364:	d9fb      	bls.n	1000735e <_tu_fifo_peek_n+0x50>
10007366:	9700      	str	r7, [sp, #0]
10007368:	002a      	movs	r2, r5
1000736a:	f7ff ff48 	bl	100071fe <_ff_pull_n>
1000736e:	0028      	movs	r0, r5
10007370:	b002      	add	sp, #8
10007372:	bc80      	pop	{r7}
10007374:	46b8      	mov	r8, r7
10007376:	bdf0      	pop	{r4, r5, r6, r7, pc}

10007378 <_tu_fifo_read_n>:
10007378:	b5f0      	push	{r4, r5, r6, r7, lr}
1000737a:	b083      	sub	sp, #12
1000737c:	0004      	movs	r4, r0
1000737e:	000d      	movs	r5, r1
10007380:	0016      	movs	r6, r2
10007382:	001f      	movs	r7, r3
10007384:	6900      	ldr	r0, [r0, #16]
10007386:	2800      	cmp	r0, #0
10007388:	d003      	beq.n	10007392 <_tu_fifo_read_n+0x1a>
1000738a:	2101      	movs	r1, #1
1000738c:	4249      	negs	r1, r1
1000738e:	f003 f943 	bl	1000a618 <__mutex_enter_timeout_ms_veneer>
10007392:	8923      	ldrh	r3, [r4, #8]
10007394:	b29b      	uxth	r3, r3
10007396:	8962      	ldrh	r2, [r4, #10]
10007398:	9701      	str	r7, [sp, #4]
1000739a:	9200      	str	r2, [sp, #0]
1000739c:	0032      	movs	r2, r6
1000739e:	0029      	movs	r1, r5
100073a0:	0020      	movs	r0, r4
100073a2:	f7ff ffb4 	bl	1000730e <_tu_fifo_peek_n>
100073a6:	0005      	movs	r5, r0
100073a8:	8961      	ldrh	r1, [r4, #10]
100073aa:	b289      	uxth	r1, r1
100073ac:	88a0      	ldrh	r0, [r4, #4]
100073ae:	002a      	movs	r2, r5
100073b0:	f7ff fec7 	bl	10007142 <advance_index>
100073b4:	8160      	strh	r0, [r4, #10]
100073b6:	6920      	ldr	r0, [r4, #16]
100073b8:	2800      	cmp	r0, #0
100073ba:	d001      	beq.n	100073c0 <_tu_fifo_read_n+0x48>
100073bc:	f003 f904 	bl	1000a5c8 <__mutex_exit_veneer>
100073c0:	0028      	movs	r0, r5
100073c2:	b003      	add	sp, #12
100073c4:	bdf0      	pop	{r4, r5, r6, r7, pc}

100073c6 <_ff_push_const_addr>:
100073c6:	b570      	push	{r4, r5, r6, lr}
100073c8:	b082      	sub	sp, #8
100073ca:	0016      	movs	r6, r2
100073cc:	0895      	lsrs	r5, r2, #2
100073ce:	e009      	b.n	100073e4 <_ff_push_const_addr+0x1e>
100073d0:	680b      	ldr	r3, [r1, #0]
100073d2:	7003      	strb	r3, [r0, #0]
100073d4:	0a1d      	lsrs	r5, r3, #8
100073d6:	7045      	strb	r5, [r0, #1]
100073d8:	0c1d      	lsrs	r5, r3, #16
100073da:	7085      	strb	r5, [r0, #2]
100073dc:	0e1b      	lsrs	r3, r3, #24
100073de:	70c3      	strb	r3, [r0, #3]
100073e0:	3004      	adds	r0, #4
100073e2:	0025      	movs	r5, r4
100073e4:	1e6c      	subs	r4, r5, #1
100073e6:	b2a4      	uxth	r4, r4
100073e8:	2d00      	cmp	r5, #0
100073ea:	d1f1      	bne.n	100073d0 <_ff_push_const_addr+0xa>
100073ec:	2303      	movs	r3, #3
100073ee:	0032      	movs	r2, r6
100073f0:	401a      	ands	r2, r3
100073f2:	421e      	tst	r6, r3
100073f4:	d101      	bne.n	100073fa <_ff_push_const_addr+0x34>
100073f6:	b002      	add	sp, #8
100073f8:	bd70      	pop	{r4, r5, r6, pc}
100073fa:	680b      	ldr	r3, [r1, #0]
100073fc:	9301      	str	r3, [sp, #4]
100073fe:	a901      	add	r1, sp, #4
10007400:	f7fd fdbe 	bl	10004f80 <__wrap___aeabi_memcpy>
10007404:	e7f7      	b.n	100073f6 <_ff_push_const_addr+0x30>

10007406 <_ff_push_n>:
10007406:	b5f0      	push	{r4, r5, r6, r7, lr}
10007408:	46de      	mov	lr, fp
1000740a:	4657      	mov	r7, sl
1000740c:	464e      	mov	r6, r9
1000740e:	4645      	mov	r5, r8
10007410:	b5e0      	push	{r5, r6, r7, lr}
10007412:	b083      	sub	sp, #12
10007414:	0005      	movs	r5, r0
10007416:	468a      	mov	sl, r1
10007418:	a90c      	add	r1, sp, #48	; 0x30
1000741a:	7808      	ldrb	r0, [r1, #0]
1000741c:	88ac      	ldrh	r4, [r5, #4]
1000741e:	1ae1      	subs	r1, r4, r3
10007420:	b289      	uxth	r1, r1
10007422:	1b1c      	subs	r4, r3, r4
10007424:	1914      	adds	r4, r2, r4
10007426:	b2a4      	uxth	r4, r4
10007428:	88ef      	ldrh	r7, [r5, #6]
1000742a:	047f      	lsls	r7, r7, #17
1000742c:	0c7e      	lsrs	r6, r7, #17
1000742e:	000f      	movs	r7, r1
10007430:	4377      	muls	r7, r6
10007432:	b2bf      	uxth	r7, r7
10007434:	4374      	muls	r4, r6
10007436:	b2a4      	uxth	r4, r4
10007438:	46a3      	mov	fp, r4
1000743a:	4373      	muls	r3, r6
1000743c:	682c      	ldr	r4, [r5, #0]
1000743e:	46a0      	mov	r8, r4
10007440:	4498      	add	r8, r3
10007442:	2800      	cmp	r0, #0
10007444:	d008      	beq.n	10007458 <_ff_push_n+0x52>
10007446:	2801      	cmp	r0, #1
10007448:	d01a      	beq.n	10007480 <_ff_push_n+0x7a>
1000744a:	b003      	add	sp, #12
1000744c:	bcf0      	pop	{r4, r5, r6, r7}
1000744e:	46bb      	mov	fp, r7
10007450:	46b2      	mov	sl, r6
10007452:	46a9      	mov	r9, r5
10007454:	46a0      	mov	r8, r4
10007456:	bdf0      	pop	{r4, r5, r6, r7, pc}
10007458:	4291      	cmp	r1, r2
1000745a:	d305      	bcc.n	10007468 <_ff_push_n+0x62>
1000745c:	4372      	muls	r2, r6
1000745e:	4651      	mov	r1, sl
10007460:	4640      	mov	r0, r8
10007462:	f7fd fd8d 	bl	10004f80 <__wrap___aeabi_memcpy>
10007466:	e7f0      	b.n	1000744a <_ff_push_n+0x44>
10007468:	003a      	movs	r2, r7
1000746a:	4651      	mov	r1, sl
1000746c:	4640      	mov	r0, r8
1000746e:	f7fd fd87 	bl	10004f80 <__wrap___aeabi_memcpy>
10007472:	6828      	ldr	r0, [r5, #0]
10007474:	0039      	movs	r1, r7
10007476:	4451      	add	r1, sl
10007478:	465a      	mov	r2, fp
1000747a:	f7fd fd81 	bl	10004f80 <__wrap___aeabi_memcpy>
1000747e:	e7e4      	b.n	1000744a <_ff_push_n+0x44>
10007480:	4291      	cmp	r1, r2
10007482:	d306      	bcc.n	10007492 <_ff_push_n+0x8c>
10007484:	4372      	muls	r2, r6
10007486:	b292      	uxth	r2, r2
10007488:	4651      	mov	r1, sl
1000748a:	4640      	mov	r0, r8
1000748c:	f7ff ff9b 	bl	100073c6 <_ff_push_const_addr>
10007490:	e7db      	b.n	1000744a <_ff_push_n+0x44>
10007492:	2303      	movs	r3, #3
10007494:	003a      	movs	r2, r7
10007496:	439a      	bics	r2, r3
10007498:	4691      	mov	r9, r2
1000749a:	4651      	mov	r1, sl
1000749c:	4640      	mov	r0, r8
1000749e:	f7ff ff92 	bl	100073c6 <_ff_push_const_addr>
100074a2:	4643      	mov	r3, r8
100074a4:	444b      	add	r3, r9
100074a6:	2103      	movs	r1, #3
100074a8:	003a      	movs	r2, r7
100074aa:	400a      	ands	r2, r1
100074ac:	420f      	tst	r7, r1
100074ae:	d02e      	beq.n	1000750e <_ff_push_n+0x108>
100074b0:	2104      	movs	r1, #4
100074b2:	1a89      	subs	r1, r1, r2
100074b4:	b289      	uxth	r1, r1
100074b6:	1c08      	adds	r0, r1, #0
100074b8:	4559      	cmp	r1, fp
100074ba:	d900      	bls.n	100074be <_ff_push_n+0xb8>
100074bc:	4658      	mov	r0, fp
100074be:	b2c7      	uxtb	r7, r0
100074c0:	21ff      	movs	r1, #255	; 0xff
100074c2:	4001      	ands	r1, r0
100074c4:	4658      	mov	r0, fp
100074c6:	1a44      	subs	r4, r0, r1
100074c8:	b2a1      	uxth	r1, r4
100074ca:	468b      	mov	fp, r1
100074cc:	4651      	mov	r1, sl
100074ce:	6809      	ldr	r1, [r1, #0]
100074d0:	9101      	str	r1, [sp, #4]
100074d2:	a901      	add	r1, sp, #4
100074d4:	e004      	b.n	100074e0 <_ff_push_n+0xda>
100074d6:	780a      	ldrb	r2, [r1, #0]
100074d8:	701a      	strb	r2, [r3, #0]
100074da:	3101      	adds	r1, #1
100074dc:	0002      	movs	r2, r0
100074de:	3301      	adds	r3, #1
100074e0:	1e50      	subs	r0, r2, #1
100074e2:	b2c0      	uxtb	r0, r0
100074e4:	2a00      	cmp	r2, #0
100074e6:	d1f6      	bne.n	100074d6 <_ff_push_n+0xd0>
100074e8:	6828      	ldr	r0, [r5, #0]
100074ea:	e004      	b.n	100074f6 <_ff_push_n+0xf0>
100074ec:	780a      	ldrb	r2, [r1, #0]
100074ee:	7002      	strb	r2, [r0, #0]
100074f0:	3101      	adds	r1, #1
100074f2:	001f      	movs	r7, r3
100074f4:	3001      	adds	r0, #1
100074f6:	1e7b      	subs	r3, r7, #1
100074f8:	b2db      	uxtb	r3, r3
100074fa:	2f00      	cmp	r7, #0
100074fc:	d1f6      	bne.n	100074ec <_ff_push_n+0xe6>
100074fe:	465b      	mov	r3, fp
10007500:	2b00      	cmp	r3, #0
10007502:	d0a2      	beq.n	1000744a <_ff_push_n+0x44>
10007504:	465a      	mov	r2, fp
10007506:	4651      	mov	r1, sl
10007508:	f7ff ff5d 	bl	100073c6 <_ff_push_const_addr>
1000750c:	e79d      	b.n	1000744a <_ff_push_n+0x44>
1000750e:	6828      	ldr	r0, [r5, #0]
10007510:	e7f5      	b.n	100074fe <_ff_push_n+0xf8>

10007512 <_tu_fifo_write_n>:
10007512:	b5f0      	push	{r4, r5, r6, r7, lr}
10007514:	b085      	sub	sp, #20
10007516:	0006      	movs	r6, r0
10007518:	9103      	str	r1, [sp, #12]
1000751a:	1e15      	subs	r5, r2, #0
1000751c:	9302      	str	r3, [sp, #8]
1000751e:	d100      	bne.n	10007522 <_tu_fifo_write_n+0x10>
10007520:	e06d      	b.n	100075fe <_tu_fifo_write_n+0xec>
10007522:	68c0      	ldr	r0, [r0, #12]
10007524:	2800      	cmp	r0, #0
10007526:	d003      	beq.n	10007530 <_tu_fifo_write_n+0x1e>
10007528:	2101      	movs	r1, #1
1000752a:	4249      	negs	r1, r1
1000752c:	f003 f874 	bl	1000a618 <__mutex_enter_timeout_ms_veneer>
10007530:	8934      	ldrh	r4, [r6, #8]
10007532:	b2a4      	uxth	r4, r4
10007534:	8971      	ldrh	r1, [r6, #10]
10007536:	b289      	uxth	r1, r1
10007538:	79f3      	ldrb	r3, [r6, #7]
1000753a:	09db      	lsrs	r3, r3, #7
1000753c:	d11a      	bne.n	10007574 <_tu_fifo_write_n+0x62>
1000753e:	88b3      	ldrh	r3, [r6, #4]
10007540:	428c      	cmp	r4, r1
10007542:	d30f      	bcc.n	10007564 <_tu_fifo_write_n+0x52>
10007544:	1a61      	subs	r1, r4, r1
10007546:	b289      	uxth	r1, r1
10007548:	428b      	cmp	r3, r1
1000754a:	d911      	bls.n	10007570 <_tu_fifo_write_n+0x5e>
1000754c:	1a5b      	subs	r3, r3, r1
1000754e:	b29b      	uxth	r3, r3
10007550:	1c2f      	adds	r7, r5, #0
10007552:	429d      	cmp	r5, r3
10007554:	d900      	bls.n	10007558 <_tu_fifo_write_n+0x46>
10007556:	1c1f      	adds	r7, r3, #0
10007558:	b2bf      	uxth	r7, r7
1000755a:	2f00      	cmp	r7, #0
1000755c:	d047      	beq.n	100075ee <_tu_fifo_write_n+0xdc>
1000755e:	88b2      	ldrh	r2, [r6, #4]
10007560:	0023      	movs	r3, r4
10007562:	e035      	b.n	100075d0 <_tu_fifo_write_n+0xbe>
10007564:	1a61      	subs	r1, r4, r1
10007566:	b289      	uxth	r1, r1
10007568:	005a      	lsls	r2, r3, #1
1000756a:	1889      	adds	r1, r1, r2
1000756c:	b289      	uxth	r1, r1
1000756e:	e7eb      	b.n	10007548 <_tu_fifo_write_n+0x36>
10007570:	2300      	movs	r3, #0
10007572:	e7ed      	b.n	10007550 <_tu_fifo_write_n+0x3e>
10007574:	88b7      	ldrh	r7, [r6, #4]
10007576:	42af      	cmp	r7, r5
10007578:	d80e      	bhi.n	10007598 <_tu_fifo_write_n+0x86>
1000757a:	9b02      	ldr	r3, [sp, #8]
1000757c:	2b00      	cmp	r3, #0
1000757e:	d121      	bne.n	100075c4 <_tu_fifo_write_n+0xb2>
10007580:	1bed      	subs	r5, r5, r7
10007582:	88f3      	ldrh	r3, [r6, #6]
10007584:	045b      	lsls	r3, r3, #17
10007586:	0c5a      	lsrs	r2, r3, #17
10007588:	436a      	muls	r2, r5
1000758a:	9b03      	ldr	r3, [sp, #12]
1000758c:	469c      	mov	ip, r3
1000758e:	4494      	add	ip, r2
10007590:	4663      	mov	r3, ip
10007592:	9303      	str	r3, [sp, #12]
10007594:	000c      	movs	r4, r1
10007596:	e7e0      	b.n	1000755a <_tu_fifo_write_n+0x48>
10007598:	428c      	cmp	r4, r1
1000759a:	d30d      	bcc.n	100075b8 <_tu_fifo_write_n+0xa6>
1000759c:	1a63      	subs	r3, r4, r1
1000759e:	b29b      	uxth	r3, r3
100075a0:	195b      	adds	r3, r3, r5
100075a2:	007a      	lsls	r2, r7, #1
100075a4:	4293      	cmp	r3, r2
100075a6:	db0f      	blt.n	100075c8 <_tu_fifo_write_n+0xb6>
100075a8:	1b7a      	subs	r2, r7, r5
100075aa:	b292      	uxth	r2, r2
100075ac:	0038      	movs	r0, r7
100075ae:	f7ff fdc8 	bl	10007142 <advance_index>
100075b2:	0004      	movs	r4, r0
100075b4:	002f      	movs	r7, r5
100075b6:	e7d0      	b.n	1000755a <_tu_fifo_write_n+0x48>
100075b8:	1a63      	subs	r3, r4, r1
100075ba:	b29b      	uxth	r3, r3
100075bc:	007a      	lsls	r2, r7, #1
100075be:	189b      	adds	r3, r3, r2
100075c0:	b29b      	uxth	r3, r3
100075c2:	e7ed      	b.n	100075a0 <_tu_fifo_write_n+0x8e>
100075c4:	000c      	movs	r4, r1
100075c6:	e7c8      	b.n	1000755a <_tu_fifo_write_n+0x48>
100075c8:	002f      	movs	r7, r5
100075ca:	e7c6      	b.n	1000755a <_tu_fifo_write_n+0x48>
100075cc:	1a9b      	subs	r3, r3, r2
100075ce:	b29b      	uxth	r3, r3
100075d0:	429a      	cmp	r2, r3
100075d2:	d9fb      	bls.n	100075cc <_tu_fifo_write_n+0xba>
100075d4:	9a02      	ldr	r2, [sp, #8]
100075d6:	9200      	str	r2, [sp, #0]
100075d8:	003a      	movs	r2, r7
100075da:	9903      	ldr	r1, [sp, #12]
100075dc:	0030      	movs	r0, r6
100075de:	f7ff ff12 	bl	10007406 <_ff_push_n>
100075e2:	88b0      	ldrh	r0, [r6, #4]
100075e4:	003a      	movs	r2, r7
100075e6:	0021      	movs	r1, r4
100075e8:	f7ff fdab 	bl	10007142 <advance_index>
100075ec:	8130      	strh	r0, [r6, #8]
100075ee:	68f0      	ldr	r0, [r6, #12]
100075f0:	2800      	cmp	r0, #0
100075f2:	d001      	beq.n	100075f8 <_tu_fifo_write_n+0xe6>
100075f4:	f002 ffe8 	bl	1000a5c8 <__mutex_exit_veneer>
100075f8:	0038      	movs	r0, r7
100075fa:	b005      	add	sp, #20
100075fc:	bdf0      	pop	{r4, r5, r6, r7, pc}
100075fe:	0017      	movs	r7, r2
10007600:	e7fa      	b.n	100075f8 <_tu_fifo_write_n+0xe6>

10007602 <tu_fifo_config>:
10007602:	b5f0      	push	{r4, r5, r6, r7, lr}
10007604:	b083      	sub	sp, #12
10007606:	0004      	movs	r4, r0
10007608:	9101      	str	r1, [sp, #4]
1000760a:	0016      	movs	r6, r2
1000760c:	001d      	movs	r5, r3
1000760e:	ab08      	add	r3, sp, #32
10007610:	781f      	ldrb	r7, [r3, #0]
10007612:	2380      	movs	r3, #128	; 0x80
10007614:	021b      	lsls	r3, r3, #8
10007616:	429a      	cmp	r2, r3
10007618:	d82d      	bhi.n	10007676 <tu_fifo_config+0x74>
1000761a:	68c0      	ldr	r0, [r0, #12]
1000761c:	2800      	cmp	r0, #0
1000761e:	d003      	beq.n	10007628 <tu_fifo_config+0x26>
10007620:	2101      	movs	r1, #1
10007622:	4249      	negs	r1, r1
10007624:	f002 fff8 	bl	1000a618 <__mutex_enter_timeout_ms_veneer>
10007628:	6920      	ldr	r0, [r4, #16]
1000762a:	2800      	cmp	r0, #0
1000762c:	d003      	beq.n	10007636 <tu_fifo_config+0x34>
1000762e:	2101      	movs	r1, #1
10007630:	4249      	negs	r1, r1
10007632:	f002 fff1 	bl	1000a618 <__mutex_enter_timeout_ms_veneer>
10007636:	9b01      	ldr	r3, [sp, #4]
10007638:	6023      	str	r3, [r4, #0]
1000763a:	80a6      	strh	r6, [r4, #4]
1000763c:	046d      	lsls	r5, r5, #17
1000763e:	0c6b      	lsrs	r3, r5, #17
10007640:	88e2      	ldrh	r2, [r4, #6]
10007642:	0bd2      	lsrs	r2, r2, #15
10007644:	03d5      	lsls	r5, r2, #15
10007646:	431d      	orrs	r5, r3
10007648:	80e5      	strh	r5, [r4, #6]
1000764a:	01fb      	lsls	r3, r7, #7
1000764c:	79e2      	ldrb	r2, [r4, #7]
1000764e:	277f      	movs	r7, #127	; 0x7f
10007650:	4017      	ands	r7, r2
10007652:	431f      	orrs	r7, r3
10007654:	71e7      	strb	r7, [r4, #7]
10007656:	2300      	movs	r3, #0
10007658:	8163      	strh	r3, [r4, #10]
1000765a:	8123      	strh	r3, [r4, #8]
1000765c:	68e0      	ldr	r0, [r4, #12]
1000765e:	2800      	cmp	r0, #0
10007660:	d001      	beq.n	10007666 <tu_fifo_config+0x64>
10007662:	f002 ffb1 	bl	1000a5c8 <__mutex_exit_veneer>
10007666:	6920      	ldr	r0, [r4, #16]
10007668:	2800      	cmp	r0, #0
1000766a:	d006      	beq.n	1000767a <tu_fifo_config+0x78>
1000766c:	f002 ffac 	bl	1000a5c8 <__mutex_exit_veneer>
10007670:	2001      	movs	r0, #1
10007672:	b003      	add	sp, #12
10007674:	bdf0      	pop	{r4, r5, r6, r7, pc}
10007676:	2000      	movs	r0, #0
10007678:	e7fb      	b.n	10007672 <tu_fifo_config+0x70>
1000767a:	2001      	movs	r0, #1
1000767c:	e7f9      	b.n	10007672 <tu_fifo_config+0x70>

1000767e <tu_fifo_count>:
1000767e:	8881      	ldrh	r1, [r0, #4]
10007680:	8903      	ldrh	r3, [r0, #8]
10007682:	b29b      	uxth	r3, r3
10007684:	8942      	ldrh	r2, [r0, #10]
10007686:	b292      	uxth	r2, r2
10007688:	4293      	cmp	r3, r2
1000768a:	d307      	bcc.n	1000769c <tu_fifo_count+0x1e>
1000768c:	1a9b      	subs	r3, r3, r2
1000768e:	b29b      	uxth	r3, r3
10007690:	1c08      	adds	r0, r1, #0
10007692:	4299      	cmp	r1, r3
10007694:	d900      	bls.n	10007698 <tu_fifo_count+0x1a>
10007696:	1c18      	adds	r0, r3, #0
10007698:	b280      	uxth	r0, r0
1000769a:	4770      	bx	lr
1000769c:	1a9b      	subs	r3, r3, r2
1000769e:	b29b      	uxth	r3, r3
100076a0:	004a      	lsls	r2, r1, #1
100076a2:	189b      	adds	r3, r3, r2
100076a4:	b29b      	uxth	r3, r3
100076a6:	e7f3      	b.n	10007690 <tu_fifo_count+0x12>

100076a8 <tu_fifo_empty>:
100076a8:	0003      	movs	r3, r0
100076aa:	8900      	ldrh	r0, [r0, #8]
100076ac:	895b      	ldrh	r3, [r3, #10]
100076ae:	1ac0      	subs	r0, r0, r3
100076b0:	4243      	negs	r3, r0
100076b2:	4158      	adcs	r0, r3
100076b4:	b2c0      	uxtb	r0, r0
100076b6:	4770      	bx	lr

100076b8 <tu_fifo_full>:
100076b8:	8881      	ldrh	r1, [r0, #4]
100076ba:	8903      	ldrh	r3, [r0, #8]
100076bc:	b29b      	uxth	r3, r3
100076be:	8942      	ldrh	r2, [r0, #10]
100076c0:	b292      	uxth	r2, r2
100076c2:	4293      	cmp	r3, r2
100076c4:	d306      	bcc.n	100076d4 <tu_fifo_full+0x1c>
100076c6:	1a9b      	subs	r3, r3, r2
100076c8:	b29b      	uxth	r3, r3
100076ca:	2000      	movs	r0, #0
100076cc:	428b      	cmp	r3, r1
100076ce:	4140      	adcs	r0, r0
100076d0:	b2c0      	uxtb	r0, r0
100076d2:	4770      	bx	lr
100076d4:	1a9b      	subs	r3, r3, r2
100076d6:	b29b      	uxth	r3, r3
100076d8:	004a      	lsls	r2, r1, #1
100076da:	189b      	adds	r3, r3, r2
100076dc:	b29b      	uxth	r3, r3
100076de:	e7f4      	b.n	100076ca <tu_fifo_full+0x12>

100076e0 <tu_fifo_remaining>:
100076e0:	8882      	ldrh	r2, [r0, #4]
100076e2:	8903      	ldrh	r3, [r0, #8]
100076e4:	b29b      	uxth	r3, r3
100076e6:	8940      	ldrh	r0, [r0, #10]
100076e8:	b280      	uxth	r0, r0
100076ea:	4283      	cmp	r3, r0
100076ec:	d306      	bcc.n	100076fc <tu_fifo_remaining+0x1c>
100076ee:	1a1b      	subs	r3, r3, r0
100076f0:	b29b      	uxth	r3, r3
100076f2:	429a      	cmp	r2, r3
100076f4:	d908      	bls.n	10007708 <tu_fifo_remaining+0x28>
100076f6:	1ad3      	subs	r3, r2, r3
100076f8:	b298      	uxth	r0, r3
100076fa:	4770      	bx	lr
100076fc:	1a1b      	subs	r3, r3, r0
100076fe:	b29b      	uxth	r3, r3
10007700:	0050      	lsls	r0, r2, #1
10007702:	181b      	adds	r3, r3, r0
10007704:	b29b      	uxth	r3, r3
10007706:	e7f4      	b.n	100076f2 <tu_fifo_remaining+0x12>
10007708:	2000      	movs	r0, #0
1000770a:	e7f6      	b.n	100076fa <tu_fifo_remaining+0x1a>

1000770c <tu_fifo_read>:
1000770c:	b570      	push	{r4, r5, r6, lr}
1000770e:	0004      	movs	r4, r0
10007710:	000d      	movs	r5, r1
10007712:	6900      	ldr	r0, [r0, #16]
10007714:	2800      	cmp	r0, #0
10007716:	d003      	beq.n	10007720 <tu_fifo_read+0x14>
10007718:	2101      	movs	r1, #1
1000771a:	4249      	negs	r1, r1
1000771c:	f002 ff7c 	bl	1000a618 <__mutex_enter_timeout_ms_veneer>
10007720:	8922      	ldrh	r2, [r4, #8]
10007722:	b292      	uxth	r2, r2
10007724:	8963      	ldrh	r3, [r4, #10]
10007726:	b29b      	uxth	r3, r3
10007728:	0029      	movs	r1, r5
1000772a:	0020      	movs	r0, r4
1000772c:	f7ff fd16 	bl	1000715c <_tu_fifo_peek>
10007730:	0005      	movs	r5, r0
10007732:	8961      	ldrh	r1, [r4, #10]
10007734:	b289      	uxth	r1, r1
10007736:	b282      	uxth	r2, r0
10007738:	88a0      	ldrh	r0, [r4, #4]
1000773a:	f7ff fd02 	bl	10007142 <advance_index>
1000773e:	8160      	strh	r0, [r4, #10]
10007740:	6920      	ldr	r0, [r4, #16]
10007742:	2800      	cmp	r0, #0
10007744:	d001      	beq.n	1000774a <tu_fifo_read+0x3e>
10007746:	f002 ff3f 	bl	1000a5c8 <__mutex_exit_veneer>
1000774a:	0028      	movs	r0, r5
1000774c:	bd70      	pop	{r4, r5, r6, pc}

1000774e <tu_fifo_read_n>:
1000774e:	b510      	push	{r4, lr}
10007750:	2300      	movs	r3, #0
10007752:	f7ff fe11 	bl	10007378 <_tu_fifo_read_n>
10007756:	bd10      	pop	{r4, pc}

10007758 <tu_fifo_write>:
10007758:	b5f8      	push	{r3, r4, r5, r6, r7, lr}
1000775a:	0004      	movs	r4, r0
1000775c:	000e      	movs	r6, r1
1000775e:	68c0      	ldr	r0, [r0, #12]
10007760:	2800      	cmp	r0, #0
10007762:	d003      	beq.n	1000776c <tu_fifo_write+0x14>
10007764:	2101      	movs	r1, #1
10007766:	4249      	negs	r1, r1
10007768:	f002 ff56 	bl	1000a618 <__mutex_enter_timeout_ms_veneer>
1000776c:	8925      	ldrh	r5, [r4, #8]
1000776e:	b2ad      	uxth	r5, r5
10007770:	0020      	movs	r0, r4
10007772:	f7ff ffa1 	bl	100076b8 <tu_fifo_full>
10007776:	2800      	cmp	r0, #0
10007778:	d002      	beq.n	10007780 <tu_fifo_write+0x28>
1000777a:	79e7      	ldrb	r7, [r4, #7]
1000777c:	09ff      	lsrs	r7, r7, #7
1000777e:	d016      	beq.n	100077ae <tu_fifo_write+0x56>
10007780:	88a2      	ldrh	r2, [r4, #4]
10007782:	002b      	movs	r3, r5
10007784:	e001      	b.n	1000778a <tu_fifo_write+0x32>
10007786:	1a9b      	subs	r3, r3, r2
10007788:	b29b      	uxth	r3, r3
1000778a:	429a      	cmp	r2, r3
1000778c:	d9fb      	bls.n	10007786 <tu_fifo_write+0x2e>
1000778e:	88e2      	ldrh	r2, [r4, #6]
10007790:	0452      	lsls	r2, r2, #17
10007792:	0c52      	lsrs	r2, r2, #17
10007794:	4353      	muls	r3, r2
10007796:	6821      	ldr	r1, [r4, #0]
10007798:	18c8      	adds	r0, r1, r3
1000779a:	0031      	movs	r1, r6
1000779c:	f7fd fbf0 	bl	10004f80 <__wrap___aeabi_memcpy>
100077a0:	88a0      	ldrh	r0, [r4, #4]
100077a2:	2201      	movs	r2, #1
100077a4:	0029      	movs	r1, r5
100077a6:	f7ff fccc 	bl	10007142 <advance_index>
100077aa:	8120      	strh	r0, [r4, #8]
100077ac:	2701      	movs	r7, #1
100077ae:	68e0      	ldr	r0, [r4, #12]
100077b0:	2800      	cmp	r0, #0
100077b2:	d001      	beq.n	100077b8 <tu_fifo_write+0x60>
100077b4:	f002 ff08 	bl	1000a5c8 <__mutex_exit_veneer>
100077b8:	0038      	movs	r0, r7
100077ba:	bdf8      	pop	{r3, r4, r5, r6, r7, pc}

100077bc <tu_fifo_write_n>:
100077bc:	b510      	push	{r4, lr}
100077be:	2300      	movs	r3, #0
100077c0:	f7ff fea7 	bl	10007512 <_tu_fifo_write_n>
100077c4:	bd10      	pop	{r4, pc}

100077c6 <tu_fifo_clear>:
100077c6:	b510      	push	{r4, lr}
100077c8:	0004      	movs	r4, r0
100077ca:	68c0      	ldr	r0, [r0, #12]
100077cc:	2800      	cmp	r0, #0
100077ce:	d003      	beq.n	100077d8 <tu_fifo_clear+0x12>
100077d0:	2101      	movs	r1, #1
100077d2:	4249      	negs	r1, r1
100077d4:	f002 ff20 	bl	1000a618 <__mutex_enter_timeout_ms_veneer>
100077d8:	6920      	ldr	r0, [r4, #16]
100077da:	2800      	cmp	r0, #0
100077dc:	d003      	beq.n	100077e6 <tu_fifo_clear+0x20>
100077de:	2101      	movs	r1, #1
100077e0:	4249      	negs	r1, r1
100077e2:	f002 ff19 	bl	1000a618 <__mutex_enter_timeout_ms_veneer>
100077e6:	2300      	movs	r3, #0
100077e8:	8163      	strh	r3, [r4, #10]
100077ea:	8123      	strh	r3, [r4, #8]
100077ec:	68e0      	ldr	r0, [r4, #12]
100077ee:	2800      	cmp	r0, #0
100077f0:	d001      	beq.n	100077f6 <tu_fifo_clear+0x30>
100077f2:	f002 fee9 	bl	1000a5c8 <__mutex_exit_veneer>
100077f6:	6920      	ldr	r0, [r4, #16]
100077f8:	2800      	cmp	r0, #0
100077fa:	d001      	beq.n	10007800 <tu_fifo_clear+0x3a>
100077fc:	f002 fee4 	bl	1000a5c8 <__mutex_exit_veneer>
10007800:	2001      	movs	r0, #1
10007802:	bd10      	pop	{r4, pc}

10007804 <tu_fifo_set_overwritable>:
10007804:	b570      	push	{r4, r5, r6, lr}
10007806:	0004      	movs	r4, r0
10007808:	000d      	movs	r5, r1
1000780a:	68c0      	ldr	r0, [r0, #12]
1000780c:	2800      	cmp	r0, #0
1000780e:	d003      	beq.n	10007818 <tu_fifo_set_overwritable+0x14>
10007810:	2101      	movs	r1, #1
10007812:	4249      	negs	r1, r1
10007814:	f002 ff00 	bl	1000a618 <__mutex_enter_timeout_ms_veneer>
10007818:	6920      	ldr	r0, [r4, #16]
1000781a:	2800      	cmp	r0, #0
1000781c:	d003      	beq.n	10007826 <tu_fifo_set_overwritable+0x22>
1000781e:	2101      	movs	r1, #1
10007820:	4249      	negs	r1, r1
10007822:	f002 fef9 	bl	1000a618 <__mutex_enter_timeout_ms_veneer>
10007826:	01ed      	lsls	r5, r5, #7
10007828:	79e3      	ldrb	r3, [r4, #7]
1000782a:	217f      	movs	r1, #127	; 0x7f
1000782c:	4019      	ands	r1, r3
1000782e:	4329      	orrs	r1, r5
10007830:	71e1      	strb	r1, [r4, #7]
10007832:	68e0      	ldr	r0, [r4, #12]
10007834:	2800      	cmp	r0, #0
10007836:	d001      	beq.n	1000783c <tu_fifo_set_overwritable+0x38>
10007838:	f002 fec6 	bl	1000a5c8 <__mutex_exit_veneer>
1000783c:	6920      	ldr	r0, [r4, #16]
1000783e:	2800      	cmp	r0, #0
10007840:	d001      	beq.n	10007846 <tu_fifo_set_overwritable+0x42>
10007842:	f002 fec1 	bl	1000a5c8 <__mutex_exit_veneer>
10007846:	2001      	movs	r0, #1
10007848:	bd70      	pop	{r4, r5, r6, pc}
	...

1000784c <_calloc_r>:
1000784c:	b570      	push	{r4, r5, r6, lr}
1000784e:	0c0b      	lsrs	r3, r1, #16
10007850:	2400      	movs	r4, #0
10007852:	0c15      	lsrs	r5, r2, #16
10007854:	2b00      	cmp	r3, #0
10007856:	d128      	bne.n	100078aa <_calloc_r+0x5e>
10007858:	2d00      	cmp	r5, #0
1000785a:	d137      	bne.n	100078cc <_calloc_r+0x80>
1000785c:	b28b      	uxth	r3, r1
1000785e:	b291      	uxth	r1, r2
10007860:	4359      	muls	r1, r3
10007862:	f000 f847 	bl	100078f4 <_malloc_r>
10007866:	1e05      	subs	r5, r0, #0
10007868:	d019      	beq.n	1000789e <_calloc_r+0x52>
1000786a:	0003      	movs	r3, r0
1000786c:	3b08      	subs	r3, #8
1000786e:	685a      	ldr	r2, [r3, #4]
10007870:	2303      	movs	r3, #3
10007872:	439a      	bics	r2, r3
10007874:	3a04      	subs	r2, #4
10007876:	2a24      	cmp	r2, #36	; 0x24
10007878:	d813      	bhi.n	100078a2 <_calloc_r+0x56>
1000787a:	0003      	movs	r3, r0
1000787c:	2a13      	cmp	r2, #19
1000787e:	d90a      	bls.n	10007896 <_calloc_r+0x4a>
10007880:	6004      	str	r4, [r0, #0]
10007882:	6044      	str	r4, [r0, #4]
10007884:	3308      	adds	r3, #8
10007886:	2a1b      	cmp	r2, #27
10007888:	d905      	bls.n	10007896 <_calloc_r+0x4a>
1000788a:	6084      	str	r4, [r0, #8]
1000788c:	60c4      	str	r4, [r0, #12]
1000788e:	2a24      	cmp	r2, #36	; 0x24
10007890:	d025      	beq.n	100078de <_calloc_r+0x92>
10007892:	0003      	movs	r3, r0
10007894:	3310      	adds	r3, #16
10007896:	2200      	movs	r2, #0
10007898:	601a      	str	r2, [r3, #0]
1000789a:	605a      	str	r2, [r3, #4]
1000789c:	609a      	str	r2, [r3, #8]
1000789e:	0028      	movs	r0, r5
100078a0:	bd70      	pop	{r4, r5, r6, pc}
100078a2:	2100      	movs	r1, #0
100078a4:	f7fd fb66 	bl	10004f74 <__wrap_memset>
100078a8:	e7f9      	b.n	1000789e <_calloc_r+0x52>
100078aa:	2d00      	cmp	r5, #0
100078ac:	d111      	bne.n	100078d2 <_calloc_r+0x86>
100078ae:	1c15      	adds	r5, r2, #0
100078b0:	b289      	uxth	r1, r1
100078b2:	b292      	uxth	r2, r2
100078b4:	434a      	muls	r2, r1
100078b6:	b2ad      	uxth	r5, r5
100078b8:	b29b      	uxth	r3, r3
100078ba:	436b      	muls	r3, r5
100078bc:	0c11      	lsrs	r1, r2, #16
100078be:	185b      	adds	r3, r3, r1
100078c0:	0c19      	lsrs	r1, r3, #16
100078c2:	d106      	bne.n	100078d2 <_calloc_r+0x86>
100078c4:	0419      	lsls	r1, r3, #16
100078c6:	b292      	uxth	r2, r2
100078c8:	4311      	orrs	r1, r2
100078ca:	e7ca      	b.n	10007862 <_calloc_r+0x16>
100078cc:	1c2b      	adds	r3, r5, #0
100078ce:	1c0d      	adds	r5, r1, #0
100078d0:	e7ee      	b.n	100078b0 <_calloc_r+0x64>
100078d2:	f000 f809 	bl	100078e8 <__errno>
100078d6:	230c      	movs	r3, #12
100078d8:	2500      	movs	r5, #0
100078da:	6003      	str	r3, [r0, #0]
100078dc:	e7df      	b.n	1000789e <_calloc_r+0x52>
100078de:	0003      	movs	r3, r0
100078e0:	6104      	str	r4, [r0, #16]
100078e2:	3318      	adds	r3, #24
100078e4:	6144      	str	r4, [r0, #20]
100078e6:	e7d6      	b.n	10007896 <_calloc_r+0x4a>

100078e8 <__errno>:
100078e8:	4b01      	ldr	r3, [pc, #4]	; (100078f0 <__errno+0x8>)
100078ea:	6818      	ldr	r0, [r3, #0]
100078ec:	4770      	bx	lr
100078ee:	46c0      	nop			; (mov r8, r8)
100078f0:	20000cc0 	.word	0x20000cc0

100078f4 <_malloc_r>:
100078f4:	b5f0      	push	{r4, r5, r6, r7, lr}
100078f6:	464e      	mov	r6, r9
100078f8:	4645      	mov	r5, r8
100078fa:	46de      	mov	lr, fp
100078fc:	4657      	mov	r7, sl
100078fe:	b5e0      	push	{r5, r6, r7, lr}
10007900:	000d      	movs	r5, r1
10007902:	350b      	adds	r5, #11
10007904:	0006      	movs	r6, r0
10007906:	b083      	sub	sp, #12
10007908:	2d16      	cmp	r5, #22
1000790a:	d822      	bhi.n	10007952 <_malloc_r+0x5e>
1000790c:	2910      	cmp	r1, #16
1000790e:	d900      	bls.n	10007912 <_malloc_r+0x1e>
10007910:	e0b2      	b.n	10007a78 <_malloc_r+0x184>
10007912:	f000 fab1 	bl	10007e78 <__malloc_lock>
10007916:	2510      	movs	r5, #16
10007918:	2318      	movs	r3, #24
1000791a:	2002      	movs	r0, #2
1000791c:	4fcc      	ldr	r7, [pc, #816]	; (10007c50 <_malloc_r+0x35c>)
1000791e:	18fb      	adds	r3, r7, r3
10007920:	001a      	movs	r2, r3
10007922:	685c      	ldr	r4, [r3, #4]
10007924:	3a08      	subs	r2, #8
10007926:	4294      	cmp	r4, r2
10007928:	d100      	bne.n	1000792c <_malloc_r+0x38>
1000792a:	e0b5      	b.n	10007a98 <_malloc_r+0x1a4>
1000792c:	2303      	movs	r3, #3
1000792e:	6862      	ldr	r2, [r4, #4]
10007930:	439a      	bics	r2, r3
10007932:	0013      	movs	r3, r2
10007934:	68e2      	ldr	r2, [r4, #12]
10007936:	68a1      	ldr	r1, [r4, #8]
10007938:	60ca      	str	r2, [r1, #12]
1000793a:	6091      	str	r1, [r2, #8]
1000793c:	2201      	movs	r2, #1
1000793e:	18e3      	adds	r3, r4, r3
10007940:	6859      	ldr	r1, [r3, #4]
10007942:	0030      	movs	r0, r6
10007944:	430a      	orrs	r2, r1
10007946:	605a      	str	r2, [r3, #4]
10007948:	f000 fa9e 	bl	10007e88 <__malloc_unlock>
1000794c:	0020      	movs	r0, r4
1000794e:	3008      	adds	r0, #8
10007950:	e095      	b.n	10007a7e <_malloc_r+0x18a>
10007952:	2307      	movs	r3, #7
10007954:	439d      	bics	r5, r3
10007956:	d500      	bpl.n	1000795a <_malloc_r+0x66>
10007958:	e08e      	b.n	10007a78 <_malloc_r+0x184>
1000795a:	42a9      	cmp	r1, r5
1000795c:	d900      	bls.n	10007960 <_malloc_r+0x6c>
1000795e:	e08b      	b.n	10007a78 <_malloc_r+0x184>
10007960:	f000 fa8a 	bl	10007e78 <__malloc_lock>
10007964:	23fc      	movs	r3, #252	; 0xfc
10007966:	005b      	lsls	r3, r3, #1
10007968:	429d      	cmp	r5, r3
1000796a:	d200      	bcs.n	1000796e <_malloc_r+0x7a>
1000796c:	e1a7      	b.n	10007cbe <_malloc_r+0x3ca>
1000796e:	0a68      	lsrs	r0, r5, #9
10007970:	d100      	bne.n	10007974 <_malloc_r+0x80>
10007972:	e08b      	b.n	10007a8c <_malloc_r+0x198>
10007974:	2804      	cmp	r0, #4
10007976:	d900      	bls.n	1000797a <_malloc_r+0x86>
10007978:	e17a      	b.n	10007c70 <_malloc_r+0x37c>
1000797a:	2338      	movs	r3, #56	; 0x38
1000797c:	4698      	mov	r8, r3
1000797e:	09a8      	lsrs	r0, r5, #6
10007980:	4480      	add	r8, r0
10007982:	3039      	adds	r0, #57	; 0x39
10007984:	00c1      	lsls	r1, r0, #3
10007986:	4fb2      	ldr	r7, [pc, #712]	; (10007c50 <_malloc_r+0x35c>)
10007988:	1879      	adds	r1, r7, r1
1000798a:	684c      	ldr	r4, [r1, #4]
1000798c:	3908      	subs	r1, #8
1000798e:	42a1      	cmp	r1, r4
10007990:	d00e      	beq.n	100079b0 <_malloc_r+0xbc>
10007992:	2303      	movs	r3, #3
10007994:	469c      	mov	ip, r3
10007996:	e004      	b.n	100079a2 <_malloc_r+0xae>
10007998:	2a00      	cmp	r2, #0
1000799a:	dacb      	bge.n	10007934 <_malloc_r+0x40>
1000799c:	68e4      	ldr	r4, [r4, #12]
1000799e:	42a1      	cmp	r1, r4
100079a0:	d006      	beq.n	100079b0 <_malloc_r+0xbc>
100079a2:	4662      	mov	r2, ip
100079a4:	6863      	ldr	r3, [r4, #4]
100079a6:	4393      	bics	r3, r2
100079a8:	1b5a      	subs	r2, r3, r5
100079aa:	2a0f      	cmp	r2, #15
100079ac:	ddf4      	ble.n	10007998 <_malloc_r+0xa4>
100079ae:	4640      	mov	r0, r8
100079b0:	003a      	movs	r2, r7
100079b2:	693c      	ldr	r4, [r7, #16]
100079b4:	3208      	adds	r2, #8
100079b6:	4294      	cmp	r4, r2
100079b8:	d100      	bne.n	100079bc <_malloc_r+0xc8>
100079ba:	e078      	b.n	10007aae <_malloc_r+0x1ba>
100079bc:	2303      	movs	r3, #3
100079be:	6861      	ldr	r1, [r4, #4]
100079c0:	4399      	bics	r1, r3
100079c2:	4689      	mov	r9, r1
100079c4:	000b      	movs	r3, r1
100079c6:	1b49      	subs	r1, r1, r5
100079c8:	290f      	cmp	r1, #15
100079ca:	dd00      	ble.n	100079ce <_malloc_r+0xda>
100079cc:	e17b      	b.n	10007cc6 <_malloc_r+0x3d2>
100079ce:	617a      	str	r2, [r7, #20]
100079d0:	613a      	str	r2, [r7, #16]
100079d2:	2900      	cmp	r1, #0
100079d4:	dab2      	bge.n	1000793c <_malloc_r+0x48>
100079d6:	2280      	movs	r2, #128	; 0x80
100079d8:	0092      	lsls	r2, r2, #2
100079da:	4591      	cmp	r9, r2
100079dc:	d300      	bcc.n	100079e0 <_malloc_r+0xec>
100079de:	e10f      	b.n	10007c00 <_malloc_r+0x30c>
100079e0:	0959      	lsrs	r1, r3, #5
100079e2:	08da      	lsrs	r2, r3, #3
100079e4:	2301      	movs	r3, #1
100079e6:	408b      	lsls	r3, r1
100079e8:	00d2      	lsls	r2, r2, #3
100079ea:	6879      	ldr	r1, [r7, #4]
100079ec:	19d2      	adds	r2, r2, r7
100079ee:	430b      	orrs	r3, r1
100079f0:	6891      	ldr	r1, [r2, #8]
100079f2:	607b      	str	r3, [r7, #4]
100079f4:	60e2      	str	r2, [r4, #12]
100079f6:	60a1      	str	r1, [r4, #8]
100079f8:	6094      	str	r4, [r2, #8]
100079fa:	60cc      	str	r4, [r1, #12]
100079fc:	2101      	movs	r1, #1
100079fe:	1082      	asrs	r2, r0, #2
10007a00:	4091      	lsls	r1, r2
10007a02:	4299      	cmp	r1, r3
10007a04:	d859      	bhi.n	10007aba <_malloc_r+0x1c6>
10007a06:	420b      	tst	r3, r1
10007a08:	d105      	bne.n	10007a16 <_malloc_r+0x122>
10007a0a:	2203      	movs	r2, #3
10007a0c:	4390      	bics	r0, r2
10007a0e:	0049      	lsls	r1, r1, #1
10007a10:	3004      	adds	r0, #4
10007a12:	420b      	tst	r3, r1
10007a14:	d0fb      	beq.n	10007a0e <_malloc_r+0x11a>
10007a16:	2303      	movs	r3, #3
10007a18:	4698      	mov	r8, r3
10007a1a:	00c3      	lsls	r3, r0, #3
10007a1c:	4699      	mov	r9, r3
10007a1e:	44b9      	add	r9, r7
10007a20:	46cc      	mov	ip, r9
10007a22:	4682      	mov	sl, r0
10007a24:	4663      	mov	r3, ip
10007a26:	68dc      	ldr	r4, [r3, #12]
10007a28:	45a4      	cmp	ip, r4
10007a2a:	d107      	bne.n	10007a3c <_malloc_r+0x148>
10007a2c:	e12c      	b.n	10007c88 <_malloc_r+0x394>
10007a2e:	2a00      	cmp	r2, #0
10007a30:	db00      	blt.n	10007a34 <_malloc_r+0x140>
10007a32:	e135      	b.n	10007ca0 <_malloc_r+0x3ac>
10007a34:	68e4      	ldr	r4, [r4, #12]
10007a36:	45a4      	cmp	ip, r4
10007a38:	d100      	bne.n	10007a3c <_malloc_r+0x148>
10007a3a:	e125      	b.n	10007c88 <_malloc_r+0x394>
10007a3c:	4642      	mov	r2, r8
10007a3e:	6863      	ldr	r3, [r4, #4]
10007a40:	4393      	bics	r3, r2
10007a42:	1b5a      	subs	r2, r3, r5
10007a44:	2a0f      	cmp	r2, #15
10007a46:	ddf2      	ble.n	10007a2e <_malloc_r+0x13a>
10007a48:	2001      	movs	r0, #1
10007a4a:	4680      	mov	r8, r0
10007a4c:	1961      	adds	r1, r4, r5
10007a4e:	4305      	orrs	r5, r0
10007a50:	6065      	str	r5, [r4, #4]
10007a52:	68a0      	ldr	r0, [r4, #8]
10007a54:	68e5      	ldr	r5, [r4, #12]
10007a56:	3708      	adds	r7, #8
10007a58:	60c5      	str	r5, [r0, #12]
10007a5a:	60a8      	str	r0, [r5, #8]
10007a5c:	4640      	mov	r0, r8
10007a5e:	4310      	orrs	r0, r2
10007a60:	60f9      	str	r1, [r7, #12]
10007a62:	60b9      	str	r1, [r7, #8]
10007a64:	6048      	str	r0, [r1, #4]
10007a66:	60cf      	str	r7, [r1, #12]
10007a68:	0030      	movs	r0, r6
10007a6a:	608f      	str	r7, [r1, #8]
10007a6c:	50e2      	str	r2, [r4, r3]
10007a6e:	f000 fa0b 	bl	10007e88 <__malloc_unlock>
10007a72:	0020      	movs	r0, r4
10007a74:	3008      	adds	r0, #8
10007a76:	e002      	b.n	10007a7e <_malloc_r+0x18a>
10007a78:	230c      	movs	r3, #12
10007a7a:	2000      	movs	r0, #0
10007a7c:	6033      	str	r3, [r6, #0]
10007a7e:	b003      	add	sp, #12
10007a80:	bcf0      	pop	{r4, r5, r6, r7}
10007a82:	46bb      	mov	fp, r7
10007a84:	46b2      	mov	sl, r6
10007a86:	46a9      	mov	r9, r5
10007a88:	46a0      	mov	r8, r4
10007a8a:	bdf0      	pop	{r4, r5, r6, r7, pc}
10007a8c:	2180      	movs	r1, #128	; 0x80
10007a8e:	233f      	movs	r3, #63	; 0x3f
10007a90:	2040      	movs	r0, #64	; 0x40
10007a92:	4698      	mov	r8, r3
10007a94:	0089      	lsls	r1, r1, #2
10007a96:	e776      	b.n	10007986 <_malloc_r+0x92>
10007a98:	68dc      	ldr	r4, [r3, #12]
10007a9a:	3002      	adds	r0, #2
10007a9c:	42a3      	cmp	r3, r4
10007a9e:	d000      	beq.n	10007aa2 <_malloc_r+0x1ae>
10007aa0:	e744      	b.n	1000792c <_malloc_r+0x38>
10007aa2:	003a      	movs	r2, r7
10007aa4:	693c      	ldr	r4, [r7, #16]
10007aa6:	3208      	adds	r2, #8
10007aa8:	4294      	cmp	r4, r2
10007aaa:	d000      	beq.n	10007aae <_malloc_r+0x1ba>
10007aac:	e786      	b.n	100079bc <_malloc_r+0xc8>
10007aae:	2101      	movs	r1, #1
10007ab0:	687b      	ldr	r3, [r7, #4]
10007ab2:	1082      	asrs	r2, r0, #2
10007ab4:	4091      	lsls	r1, r2
10007ab6:	4299      	cmp	r1, r3
10007ab8:	d9a5      	bls.n	10007a06 <_malloc_r+0x112>
10007aba:	2303      	movs	r3, #3
10007abc:	68bc      	ldr	r4, [r7, #8]
10007abe:	6862      	ldr	r2, [r4, #4]
10007ac0:	439a      	bics	r2, r3
10007ac2:	4691      	mov	r9, r2
10007ac4:	4295      	cmp	r5, r2
10007ac6:	d803      	bhi.n	10007ad0 <_malloc_r+0x1dc>
10007ac8:	1b53      	subs	r3, r2, r5
10007aca:	2b0f      	cmp	r3, #15
10007acc:	dd00      	ble.n	10007ad0 <_malloc_r+0x1dc>
10007ace:	e089      	b.n	10007be4 <_malloc_r+0x2f0>
10007ad0:	0023      	movs	r3, r4
10007ad2:	444b      	add	r3, r9
10007ad4:	4a5f      	ldr	r2, [pc, #380]	; (10007c54 <_malloc_r+0x360>)
10007ad6:	9301      	str	r3, [sp, #4]
10007ad8:	4b5f      	ldr	r3, [pc, #380]	; (10007c58 <_malloc_r+0x364>)
10007ada:	4693      	mov	fp, r2
10007adc:	681b      	ldr	r3, [r3, #0]
10007ade:	6812      	ldr	r2, [r2, #0]
10007ae0:	18eb      	adds	r3, r5, r3
10007ae2:	3201      	adds	r2, #1
10007ae4:	d100      	bne.n	10007ae8 <_malloc_r+0x1f4>
10007ae6:	e13d      	b.n	10007d64 <_malloc_r+0x470>
10007ae8:	4a5c      	ldr	r2, [pc, #368]	; (10007c5c <_malloc_r+0x368>)
10007aea:	4694      	mov	ip, r2
10007aec:	4463      	add	r3, ip
10007aee:	0b1b      	lsrs	r3, r3, #12
10007af0:	031b      	lsls	r3, r3, #12
10007af2:	9300      	str	r3, [sp, #0]
10007af4:	0030      	movs	r0, r6
10007af6:	9900      	ldr	r1, [sp, #0]
10007af8:	f000 f9ce 	bl	10007e98 <_sbrk_r>
10007afc:	0003      	movs	r3, r0
10007afe:	4680      	mov	r8, r0
10007b00:	3301      	adds	r3, #1
10007b02:	d100      	bne.n	10007b06 <_malloc_r+0x212>
10007b04:	e0fa      	b.n	10007cfc <_malloc_r+0x408>
10007b06:	9b01      	ldr	r3, [sp, #4]
10007b08:	4283      	cmp	r3, r0
10007b0a:	d900      	bls.n	10007b0e <_malloc_r+0x21a>
10007b0c:	e0f4      	b.n	10007cf8 <_malloc_r+0x404>
10007b0e:	4b54      	ldr	r3, [pc, #336]	; (10007c60 <_malloc_r+0x36c>)
10007b10:	9800      	ldr	r0, [sp, #0]
10007b12:	001a      	movs	r2, r3
10007b14:	469a      	mov	sl, r3
10007b16:	6812      	ldr	r2, [r2, #0]
10007b18:	0003      	movs	r3, r0
10007b1a:	4694      	mov	ip, r2
10007b1c:	4651      	mov	r1, sl
10007b1e:	4463      	add	r3, ip
10007b20:	600b      	str	r3, [r1, #0]
10007b22:	9901      	ldr	r1, [sp, #4]
10007b24:	001a      	movs	r2, r3
10007b26:	4541      	cmp	r1, r8
10007b28:	d100      	bne.n	10007b2c <_malloc_r+0x238>
10007b2a:	e151      	b.n	10007dd0 <_malloc_r+0x4dc>
10007b2c:	465b      	mov	r3, fp
10007b2e:	681b      	ldr	r3, [r3, #0]
10007b30:	3301      	adds	r3, #1
10007b32:	d100      	bne.n	10007b36 <_malloc_r+0x242>
10007b34:	e156      	b.n	10007de4 <_malloc_r+0x4f0>
10007b36:	4643      	mov	r3, r8
10007b38:	9901      	ldr	r1, [sp, #4]
10007b3a:	1a5b      	subs	r3, r3, r1
10007b3c:	189a      	adds	r2, r3, r2
10007b3e:	4653      	mov	r3, sl
10007b40:	601a      	str	r2, [r3, #0]
10007b42:	2307      	movs	r3, #7
10007b44:	4642      	mov	r2, r8
10007b46:	4641      	mov	r1, r8
10007b48:	401a      	ands	r2, r3
10007b4a:	9201      	str	r2, [sp, #4]
10007b4c:	4219      	tst	r1, r3
10007b4e:	d100      	bne.n	10007b52 <_malloc_r+0x25e>
10007b50:	e112      	b.n	10007d78 <_malloc_r+0x484>
10007b52:	2308      	movs	r3, #8
10007b54:	4698      	mov	r8, r3
10007b56:	1a88      	subs	r0, r1, r2
10007b58:	4b42      	ldr	r3, [pc, #264]	; (10007c64 <_malloc_r+0x370>)
10007b5a:	9900      	ldr	r1, [sp, #0]
10007b5c:	4480      	add	r8, r0
10007b5e:	4441      	add	r1, r8
10007b60:	1a9b      	subs	r3, r3, r2
10007b62:	1a5b      	subs	r3, r3, r1
10007b64:	051b      	lsls	r3, r3, #20
10007b66:	0d1b      	lsrs	r3, r3, #20
10007b68:	9100      	str	r1, [sp, #0]
10007b6a:	0030      	movs	r0, r6
10007b6c:	0019      	movs	r1, r3
10007b6e:	469b      	mov	fp, r3
10007b70:	f000 f992 	bl	10007e98 <_sbrk_r>
10007b74:	1c43      	adds	r3, r0, #1
10007b76:	d100      	bne.n	10007b7a <_malloc_r+0x286>
10007b78:	e150      	b.n	10007e1c <_malloc_r+0x528>
10007b7a:	4643      	mov	r3, r8
10007b7c:	1ac0      	subs	r0, r0, r3
10007b7e:	0003      	movs	r3, r0
10007b80:	445b      	add	r3, fp
10007b82:	9300      	str	r3, [sp, #0]
10007b84:	4653      	mov	r3, sl
10007b86:	4652      	mov	r2, sl
10007b88:	681b      	ldr	r3, [r3, #0]
10007b8a:	2101      	movs	r1, #1
10007b8c:	445b      	add	r3, fp
10007b8e:	6013      	str	r3, [r2, #0]
10007b90:	4642      	mov	r2, r8
10007b92:	4640      	mov	r0, r8
10007b94:	60ba      	str	r2, [r7, #8]
10007b96:	9a00      	ldr	r2, [sp, #0]
10007b98:	430a      	orrs	r2, r1
10007b9a:	6042      	str	r2, [r0, #4]
10007b9c:	42bc      	cmp	r4, r7
10007b9e:	d100      	bne.n	10007ba2 <_malloc_r+0x2ae>
10007ba0:	e124      	b.n	10007dec <_malloc_r+0x4f8>
10007ba2:	464a      	mov	r2, r9
10007ba4:	2a0f      	cmp	r2, #15
10007ba6:	d800      	bhi.n	10007baa <_malloc_r+0x2b6>
10007ba8:	e122      	b.n	10007df0 <_malloc_r+0x4fc>
10007baa:	2007      	movs	r0, #7
10007bac:	3a0c      	subs	r2, #12
10007bae:	4382      	bics	r2, r0
10007bb0:	6860      	ldr	r0, [r4, #4]
10007bb2:	4001      	ands	r1, r0
10007bb4:	2005      	movs	r0, #5
10007bb6:	4311      	orrs	r1, r2
10007bb8:	6061      	str	r1, [r4, #4]
10007bba:	18a1      	adds	r1, r4, r2
10007bbc:	6048      	str	r0, [r1, #4]
10007bbe:	6088      	str	r0, [r1, #8]
10007bc0:	2a0f      	cmp	r2, #15
10007bc2:	d900      	bls.n	10007bc6 <_malloc_r+0x2d2>
10007bc4:	e135      	b.n	10007e32 <_malloc_r+0x53e>
10007bc6:	4642      	mov	r2, r8
10007bc8:	4644      	mov	r4, r8
10007bca:	6852      	ldr	r2, [r2, #4]
10007bcc:	4926      	ldr	r1, [pc, #152]	; (10007c68 <_malloc_r+0x374>)
10007bce:	6808      	ldr	r0, [r1, #0]
10007bd0:	4298      	cmp	r0, r3
10007bd2:	d200      	bcs.n	10007bd6 <_malloc_r+0x2e2>
10007bd4:	600b      	str	r3, [r1, #0]
10007bd6:	4925      	ldr	r1, [pc, #148]	; (10007c6c <_malloc_r+0x378>)
10007bd8:	6808      	ldr	r0, [r1, #0]
10007bda:	4298      	cmp	r0, r3
10007bdc:	d300      	bcc.n	10007be0 <_malloc_r+0x2ec>
10007bde:	e08f      	b.n	10007d00 <_malloc_r+0x40c>
10007be0:	600b      	str	r3, [r1, #0]
10007be2:	e08d      	b.n	10007d00 <_malloc_r+0x40c>
10007be4:	2201      	movs	r2, #1
10007be6:	0029      	movs	r1, r5
10007be8:	4313      	orrs	r3, r2
10007bea:	4311      	orrs	r1, r2
10007bec:	1965      	adds	r5, r4, r5
10007bee:	6061      	str	r1, [r4, #4]
10007bf0:	0030      	movs	r0, r6
10007bf2:	60bd      	str	r5, [r7, #8]
10007bf4:	606b      	str	r3, [r5, #4]
10007bf6:	f000 f947 	bl	10007e88 <__malloc_unlock>
10007bfa:	0020      	movs	r0, r4
10007bfc:	3008      	adds	r0, #8
10007bfe:	e73e      	b.n	10007a7e <_malloc_r+0x18a>
10007c00:	0a5a      	lsrs	r2, r3, #9
10007c02:	2a04      	cmp	r2, #4
10007c04:	d972      	bls.n	10007cec <_malloc_r+0x3f8>
10007c06:	2a14      	cmp	r2, #20
10007c08:	d900      	bls.n	10007c0c <_malloc_r+0x318>
10007c0a:	e0c5      	b.n	10007d98 <_malloc_r+0x4a4>
10007c0c:	0011      	movs	r1, r2
10007c0e:	325c      	adds	r2, #92	; 0x5c
10007c10:	315b      	adds	r1, #91	; 0x5b
10007c12:	00d2      	lsls	r2, r2, #3
10007c14:	2308      	movs	r3, #8
10007c16:	425b      	negs	r3, r3
10007c18:	469c      	mov	ip, r3
10007c1a:	18ba      	adds	r2, r7, r2
10007c1c:	4494      	add	ip, r2
10007c1e:	4663      	mov	r3, ip
10007c20:	689a      	ldr	r2, [r3, #8]
10007c22:	2303      	movs	r3, #3
10007c24:	4698      	mov	r8, r3
10007c26:	4594      	cmp	ip, r2
10007c28:	d100      	bne.n	10007c2c <_malloc_r+0x338>
10007c2a:	e09e      	b.n	10007d6a <_malloc_r+0x476>
10007c2c:	4643      	mov	r3, r8
10007c2e:	6851      	ldr	r1, [r2, #4]
10007c30:	4399      	bics	r1, r3
10007c32:	4549      	cmp	r1, r9
10007c34:	d902      	bls.n	10007c3c <_malloc_r+0x348>
10007c36:	6892      	ldr	r2, [r2, #8]
10007c38:	4594      	cmp	ip, r2
10007c3a:	d1f7      	bne.n	10007c2c <_malloc_r+0x338>
10007c3c:	68d3      	ldr	r3, [r2, #12]
10007c3e:	469c      	mov	ip, r3
10007c40:	687b      	ldr	r3, [r7, #4]
10007c42:	4661      	mov	r1, ip
10007c44:	60a2      	str	r2, [r4, #8]
10007c46:	60e1      	str	r1, [r4, #12]
10007c48:	608c      	str	r4, [r1, #8]
10007c4a:	60d4      	str	r4, [r2, #12]
10007c4c:	e6d6      	b.n	100079fc <_malloc_r+0x108>
10007c4e:	46c0      	nop			; (mov r8, r8)
10007c50:	200010f0 	.word	0x200010f0
10007c54:	200014f8 	.word	0x200014f8
10007c58:	200017f8 	.word	0x200017f8
10007c5c:	0000100f 	.word	0x0000100f
10007c60:	200017c8 	.word	0x200017c8
10007c64:	00001008 	.word	0x00001008
10007c68:	200017f0 	.word	0x200017f0
10007c6c:	200017f4 	.word	0x200017f4
10007c70:	2814      	cmp	r0, #20
10007c72:	d952      	bls.n	10007d1a <_malloc_r+0x426>
10007c74:	2854      	cmp	r0, #84	; 0x54
10007c76:	d900      	bls.n	10007c7a <_malloc_r+0x386>
10007c78:	e096      	b.n	10007da8 <_malloc_r+0x4b4>
10007c7a:	236e      	movs	r3, #110	; 0x6e
10007c7c:	4698      	mov	r8, r3
10007c7e:	0b28      	lsrs	r0, r5, #12
10007c80:	4480      	add	r8, r0
10007c82:	306f      	adds	r0, #111	; 0x6f
10007c84:	00c1      	lsls	r1, r0, #3
10007c86:	e67e      	b.n	10007986 <_malloc_r+0x92>
10007c88:	2308      	movs	r3, #8
10007c8a:	469b      	mov	fp, r3
10007c8c:	3b07      	subs	r3, #7
10007c8e:	44dc      	add	ip, fp
10007c90:	469b      	mov	fp, r3
10007c92:	44da      	add	sl, fp
10007c94:	4643      	mov	r3, r8
10007c96:	4652      	mov	r2, sl
10007c98:	4213      	tst	r3, r2
10007c9a:	d000      	beq.n	10007c9e <_malloc_r+0x3aa>
10007c9c:	e6c2      	b.n	10007a24 <_malloc_r+0x130>
10007c9e:	e04c      	b.n	10007d3a <_malloc_r+0x446>
10007ca0:	2201      	movs	r2, #1
10007ca2:	18e3      	adds	r3, r4, r3
10007ca4:	6859      	ldr	r1, [r3, #4]
10007ca6:	0030      	movs	r0, r6
10007ca8:	430a      	orrs	r2, r1
10007caa:	605a      	str	r2, [r3, #4]
10007cac:	68e3      	ldr	r3, [r4, #12]
10007cae:	68a2      	ldr	r2, [r4, #8]
10007cb0:	60d3      	str	r3, [r2, #12]
10007cb2:	609a      	str	r2, [r3, #8]
10007cb4:	f000 f8e8 	bl	10007e88 <__malloc_unlock>
10007cb8:	0020      	movs	r0, r4
10007cba:	3008      	adds	r0, #8
10007cbc:	e6df      	b.n	10007a7e <_malloc_r+0x18a>
10007cbe:	002b      	movs	r3, r5
10007cc0:	08e8      	lsrs	r0, r5, #3
10007cc2:	3308      	adds	r3, #8
10007cc4:	e62a      	b.n	1000791c <_malloc_r+0x28>
10007cc6:	2301      	movs	r3, #1
10007cc8:	1960      	adds	r0, r4, r5
10007cca:	431d      	orrs	r5, r3
10007ccc:	6065      	str	r5, [r4, #4]
10007cce:	6178      	str	r0, [r7, #20]
10007cd0:	6138      	str	r0, [r7, #16]
10007cd2:	60c2      	str	r2, [r0, #12]
10007cd4:	6082      	str	r2, [r0, #8]
10007cd6:	001a      	movs	r2, r3
10007cd8:	464b      	mov	r3, r9
10007cda:	430a      	orrs	r2, r1
10007cdc:	6042      	str	r2, [r0, #4]
10007cde:	0030      	movs	r0, r6
10007ce0:	50e1      	str	r1, [r4, r3]
10007ce2:	f000 f8d1 	bl	10007e88 <__malloc_unlock>
10007ce6:	0020      	movs	r0, r4
10007ce8:	3008      	adds	r0, #8
10007cea:	e6c8      	b.n	10007a7e <_malloc_r+0x18a>
10007cec:	099a      	lsrs	r2, r3, #6
10007cee:	0011      	movs	r1, r2
10007cf0:	3239      	adds	r2, #57	; 0x39
10007cf2:	3138      	adds	r1, #56	; 0x38
10007cf4:	00d2      	lsls	r2, r2, #3
10007cf6:	e78d      	b.n	10007c14 <_malloc_r+0x320>
10007cf8:	42bc      	cmp	r4, r7
10007cfa:	d060      	beq.n	10007dbe <_malloc_r+0x4ca>
10007cfc:	68bc      	ldr	r4, [r7, #8]
10007cfe:	6862      	ldr	r2, [r4, #4]
10007d00:	2303      	movs	r3, #3
10007d02:	439a      	bics	r2, r3
10007d04:	1b53      	subs	r3, r2, r5
10007d06:	4295      	cmp	r5, r2
10007d08:	d802      	bhi.n	10007d10 <_malloc_r+0x41c>
10007d0a:	2b0f      	cmp	r3, #15
10007d0c:	dd00      	ble.n	10007d10 <_malloc_r+0x41c>
10007d0e:	e769      	b.n	10007be4 <_malloc_r+0x2f0>
10007d10:	0030      	movs	r0, r6
10007d12:	f000 f8b9 	bl	10007e88 <__malloc_unlock>
10007d16:	2000      	movs	r0, #0
10007d18:	e6b1      	b.n	10007a7e <_malloc_r+0x18a>
10007d1a:	235b      	movs	r3, #91	; 0x5b
10007d1c:	4698      	mov	r8, r3
10007d1e:	4480      	add	r8, r0
10007d20:	305c      	adds	r0, #92	; 0x5c
10007d22:	00c1      	lsls	r1, r0, #3
10007d24:	e62f      	b.n	10007986 <_malloc_r+0x92>
10007d26:	2308      	movs	r3, #8
10007d28:	425b      	negs	r3, r3
10007d2a:	469c      	mov	ip, r3
10007d2c:	44e1      	add	r9, ip
10007d2e:	464b      	mov	r3, r9
10007d30:	689b      	ldr	r3, [r3, #8]
10007d32:	3801      	subs	r0, #1
10007d34:	454b      	cmp	r3, r9
10007d36:	d000      	beq.n	10007d3a <_malloc_r+0x446>
10007d38:	e098      	b.n	10007e6c <_malloc_r+0x578>
10007d3a:	4643      	mov	r3, r8
10007d3c:	4203      	tst	r3, r0
10007d3e:	d1f2      	bne.n	10007d26 <_malloc_r+0x432>
10007d40:	687b      	ldr	r3, [r7, #4]
10007d42:	438b      	bics	r3, r1
10007d44:	607b      	str	r3, [r7, #4]
10007d46:	0049      	lsls	r1, r1, #1
10007d48:	4299      	cmp	r1, r3
10007d4a:	d900      	bls.n	10007d4e <_malloc_r+0x45a>
10007d4c:	e6b5      	b.n	10007aba <_malloc_r+0x1c6>
10007d4e:	2900      	cmp	r1, #0
10007d50:	d104      	bne.n	10007d5c <_malloc_r+0x468>
10007d52:	e6b2      	b.n	10007aba <_malloc_r+0x1c6>
10007d54:	2204      	movs	r2, #4
10007d56:	4694      	mov	ip, r2
10007d58:	0049      	lsls	r1, r1, #1
10007d5a:	44e2      	add	sl, ip
10007d5c:	420b      	tst	r3, r1
10007d5e:	d0f9      	beq.n	10007d54 <_malloc_r+0x460>
10007d60:	4650      	mov	r0, sl
10007d62:	e65a      	b.n	10007a1a <_malloc_r+0x126>
10007d64:	3310      	adds	r3, #16
10007d66:	9300      	str	r3, [sp, #0]
10007d68:	e6c4      	b.n	10007af4 <_malloc_r+0x200>
10007d6a:	1089      	asrs	r1, r1, #2
10007d6c:	3b02      	subs	r3, #2
10007d6e:	408b      	lsls	r3, r1
10007d70:	6879      	ldr	r1, [r7, #4]
10007d72:	430b      	orrs	r3, r1
10007d74:	607b      	str	r3, [r7, #4]
10007d76:	e764      	b.n	10007c42 <_malloc_r+0x34e>
10007d78:	9b00      	ldr	r3, [sp, #0]
10007d7a:	0030      	movs	r0, r6
10007d7c:	4443      	add	r3, r8
10007d7e:	425b      	negs	r3, r3
10007d80:	051b      	lsls	r3, r3, #20
10007d82:	0d1b      	lsrs	r3, r3, #20
10007d84:	0019      	movs	r1, r3
10007d86:	469b      	mov	fp, r3
10007d88:	f000 f886 	bl	10007e98 <_sbrk_r>
10007d8c:	1c43      	adds	r3, r0, #1
10007d8e:	d000      	beq.n	10007d92 <_malloc_r+0x49e>
10007d90:	e6f3      	b.n	10007b7a <_malloc_r+0x286>
10007d92:	2300      	movs	r3, #0
10007d94:	469b      	mov	fp, r3
10007d96:	e6f5      	b.n	10007b84 <_malloc_r+0x290>
10007d98:	2a54      	cmp	r2, #84	; 0x54
10007d9a:	d82b      	bhi.n	10007df4 <_malloc_r+0x500>
10007d9c:	0b1a      	lsrs	r2, r3, #12
10007d9e:	0011      	movs	r1, r2
10007da0:	326f      	adds	r2, #111	; 0x6f
10007da2:	316e      	adds	r1, #110	; 0x6e
10007da4:	00d2      	lsls	r2, r2, #3
10007da6:	e735      	b.n	10007c14 <_malloc_r+0x320>
10007da8:	23aa      	movs	r3, #170	; 0xaa
10007daa:	005b      	lsls	r3, r3, #1
10007dac:	4298      	cmp	r0, r3
10007dae:	d82b      	bhi.n	10007e08 <_malloc_r+0x514>
10007db0:	3bdd      	subs	r3, #221	; 0xdd
10007db2:	4698      	mov	r8, r3
10007db4:	0be8      	lsrs	r0, r5, #15
10007db6:	4480      	add	r8, r0
10007db8:	3078      	adds	r0, #120	; 0x78
10007dba:	00c1      	lsls	r1, r0, #3
10007dbc:	e5e3      	b.n	10007986 <_malloc_r+0x92>
10007dbe:	4b2c      	ldr	r3, [pc, #176]	; (10007e70 <_malloc_r+0x57c>)
10007dc0:	9a00      	ldr	r2, [sp, #0]
10007dc2:	469a      	mov	sl, r3
10007dc4:	681b      	ldr	r3, [r3, #0]
10007dc6:	469c      	mov	ip, r3
10007dc8:	4653      	mov	r3, sl
10007dca:	4462      	add	r2, ip
10007dcc:	601a      	str	r2, [r3, #0]
10007dce:	e6ad      	b.n	10007b2c <_malloc_r+0x238>
10007dd0:	0509      	lsls	r1, r1, #20
10007dd2:	d000      	beq.n	10007dd6 <_malloc_r+0x4e2>
10007dd4:	e6aa      	b.n	10007b2c <_malloc_r+0x238>
10007dd6:	0002      	movs	r2, r0
10007dd8:	68bc      	ldr	r4, [r7, #8]
10007dda:	444a      	add	r2, r9
10007ddc:	3101      	adds	r1, #1
10007dde:	430a      	orrs	r2, r1
10007de0:	6062      	str	r2, [r4, #4]
10007de2:	e6f3      	b.n	10007bcc <_malloc_r+0x2d8>
10007de4:	465b      	mov	r3, fp
10007de6:	4642      	mov	r2, r8
10007de8:	601a      	str	r2, [r3, #0]
10007dea:	e6aa      	b.n	10007b42 <_malloc_r+0x24e>
10007dec:	4644      	mov	r4, r8
10007dee:	e6ed      	b.n	10007bcc <_malloc_r+0x2d8>
10007df0:	6041      	str	r1, [r0, #4]
10007df2:	e78d      	b.n	10007d10 <_malloc_r+0x41c>
10007df4:	21aa      	movs	r1, #170	; 0xaa
10007df6:	0049      	lsls	r1, r1, #1
10007df8:	428a      	cmp	r2, r1
10007dfa:	d824      	bhi.n	10007e46 <_malloc_r+0x552>
10007dfc:	0bda      	lsrs	r2, r3, #15
10007dfe:	0011      	movs	r1, r2
10007e00:	3278      	adds	r2, #120	; 0x78
10007e02:	3177      	adds	r1, #119	; 0x77
10007e04:	00d2      	lsls	r2, r2, #3
10007e06:	e705      	b.n	10007c14 <_malloc_r+0x320>
10007e08:	4b1a      	ldr	r3, [pc, #104]	; (10007e74 <_malloc_r+0x580>)
10007e0a:	4298      	cmp	r0, r3
10007e0c:	d824      	bhi.n	10007e58 <_malloc_r+0x564>
10007e0e:	237c      	movs	r3, #124	; 0x7c
10007e10:	4698      	mov	r8, r3
10007e12:	0ca8      	lsrs	r0, r5, #18
10007e14:	4480      	add	r8, r0
10007e16:	307d      	adds	r0, #125	; 0x7d
10007e18:	00c1      	lsls	r1, r0, #3
10007e1a:	e5b4      	b.n	10007986 <_malloc_r+0x92>
10007e1c:	9a00      	ldr	r2, [sp, #0]
10007e1e:	9b01      	ldr	r3, [sp, #4]
10007e20:	4694      	mov	ip, r2
10007e22:	4642      	mov	r2, r8
10007e24:	3b08      	subs	r3, #8
10007e26:	4463      	add	r3, ip
10007e28:	1a9b      	subs	r3, r3, r2
10007e2a:	9300      	str	r3, [sp, #0]
10007e2c:	2300      	movs	r3, #0
10007e2e:	469b      	mov	fp, r3
10007e30:	e6a8      	b.n	10007b84 <_malloc_r+0x290>
10007e32:	0021      	movs	r1, r4
10007e34:	0030      	movs	r0, r6
10007e36:	3108      	adds	r1, #8
10007e38:	f001 f8d2 	bl	10008fe0 <_free_r>
10007e3c:	4653      	mov	r3, sl
10007e3e:	68bc      	ldr	r4, [r7, #8]
10007e40:	681b      	ldr	r3, [r3, #0]
10007e42:	6862      	ldr	r2, [r4, #4]
10007e44:	e6c2      	b.n	10007bcc <_malloc_r+0x2d8>
10007e46:	490b      	ldr	r1, [pc, #44]	; (10007e74 <_malloc_r+0x580>)
10007e48:	428a      	cmp	r2, r1
10007e4a:	d80b      	bhi.n	10007e64 <_malloc_r+0x570>
10007e4c:	0c9a      	lsrs	r2, r3, #18
10007e4e:	0011      	movs	r1, r2
10007e50:	327d      	adds	r2, #125	; 0x7d
10007e52:	317c      	adds	r1, #124	; 0x7c
10007e54:	00d2      	lsls	r2, r2, #3
10007e56:	e6dd      	b.n	10007c14 <_malloc_r+0x320>
10007e58:	21fe      	movs	r1, #254	; 0xfe
10007e5a:	237e      	movs	r3, #126	; 0x7e
10007e5c:	207f      	movs	r0, #127	; 0x7f
10007e5e:	4698      	mov	r8, r3
10007e60:	0089      	lsls	r1, r1, #2
10007e62:	e590      	b.n	10007986 <_malloc_r+0x92>
10007e64:	22fe      	movs	r2, #254	; 0xfe
10007e66:	217e      	movs	r1, #126	; 0x7e
10007e68:	0092      	lsls	r2, r2, #2
10007e6a:	e6d3      	b.n	10007c14 <_malloc_r+0x320>
10007e6c:	687b      	ldr	r3, [r7, #4]
10007e6e:	e76a      	b.n	10007d46 <_malloc_r+0x452>
10007e70:	200017c8 	.word	0x200017c8
10007e74:	00000554 	.word	0x00000554

10007e78 <__malloc_lock>:
10007e78:	b510      	push	{r4, lr}
10007e7a:	4802      	ldr	r0, [pc, #8]	; (10007e84 <__malloc_lock+0xc>)
10007e7c:	f001 fdc8 	bl	10009a10 <__retarget_lock_acquire_recursive>
10007e80:	bd10      	pop	{r4, pc}
10007e82:	46c0      	nop			; (mov r8, r8)
10007e84:	200017c4 	.word	0x200017c4

10007e88 <__malloc_unlock>:
10007e88:	b510      	push	{r4, lr}
10007e8a:	4802      	ldr	r0, [pc, #8]	; (10007e94 <__malloc_unlock+0xc>)
10007e8c:	f001 fdc2 	bl	10009a14 <__retarget_lock_release_recursive>
10007e90:	bd10      	pop	{r4, pc}
10007e92:	46c0      	nop			; (mov r8, r8)
10007e94:	200017c4 	.word	0x200017c4

10007e98 <_sbrk_r>:
10007e98:	2300      	movs	r3, #0
10007e9a:	b570      	push	{r4, r5, r6, lr}
10007e9c:	4d06      	ldr	r5, [pc, #24]	; (10007eb8 <_sbrk_r+0x20>)
10007e9e:	0004      	movs	r4, r0
10007ea0:	0008      	movs	r0, r1
10007ea2:	602b      	str	r3, [r5, #0]
10007ea4:	f7fa fc26 	bl	100026f4 <_sbrk>
10007ea8:	1c43      	adds	r3, r0, #1
10007eaa:	d000      	beq.n	10007eae <_sbrk_r+0x16>
10007eac:	bd70      	pop	{r4, r5, r6, pc}
10007eae:	682b      	ldr	r3, [r5, #0]
10007eb0:	2b00      	cmp	r3, #0
10007eb2:	d0fb      	beq.n	10007eac <_sbrk_r+0x14>
10007eb4:	6023      	str	r3, [r4, #0]
10007eb6:	e7f9      	b.n	10007eac <_sbrk_r+0x14>
10007eb8:	20001dfc 	.word	0x20001dfc

10007ebc <strlen>:
10007ebc:	b510      	push	{r4, lr}
10007ebe:	0783      	lsls	r3, r0, #30
10007ec0:	d00a      	beq.n	10007ed8 <strlen+0x1c>
10007ec2:	0003      	movs	r3, r0
10007ec4:	2103      	movs	r1, #3
10007ec6:	e002      	b.n	10007ece <strlen+0x12>
10007ec8:	3301      	adds	r3, #1
10007eca:	420b      	tst	r3, r1
10007ecc:	d005      	beq.n	10007eda <strlen+0x1e>
10007ece:	781a      	ldrb	r2, [r3, #0]
10007ed0:	2a00      	cmp	r2, #0
10007ed2:	d1f9      	bne.n	10007ec8 <strlen+0xc>
10007ed4:	1a18      	subs	r0, r3, r0
10007ed6:	bd10      	pop	{r4, pc}
10007ed8:	0003      	movs	r3, r0
10007eda:	6819      	ldr	r1, [r3, #0]
10007edc:	4a0c      	ldr	r2, [pc, #48]	; (10007f10 <strlen+0x54>)
10007ede:	4c0d      	ldr	r4, [pc, #52]	; (10007f14 <strlen+0x58>)
10007ee0:	188a      	adds	r2, r1, r2
10007ee2:	438a      	bics	r2, r1
10007ee4:	4222      	tst	r2, r4
10007ee6:	d10f      	bne.n	10007f08 <strlen+0x4c>
10007ee8:	6859      	ldr	r1, [r3, #4]
10007eea:	4a09      	ldr	r2, [pc, #36]	; (10007f10 <strlen+0x54>)
10007eec:	3304      	adds	r3, #4
10007eee:	188a      	adds	r2, r1, r2
10007ef0:	438a      	bics	r2, r1
10007ef2:	4222      	tst	r2, r4
10007ef4:	d108      	bne.n	10007f08 <strlen+0x4c>
10007ef6:	6859      	ldr	r1, [r3, #4]
10007ef8:	4a05      	ldr	r2, [pc, #20]	; (10007f10 <strlen+0x54>)
10007efa:	3304      	adds	r3, #4
10007efc:	188a      	adds	r2, r1, r2
10007efe:	438a      	bics	r2, r1
10007f00:	4222      	tst	r2, r4
10007f02:	d0f1      	beq.n	10007ee8 <strlen+0x2c>
10007f04:	e000      	b.n	10007f08 <strlen+0x4c>
10007f06:	3301      	adds	r3, #1
10007f08:	781a      	ldrb	r2, [r3, #0]
10007f0a:	2a00      	cmp	r2, #0
10007f0c:	d1fb      	bne.n	10007f06 <strlen+0x4a>
10007f0e:	e7e1      	b.n	10007ed4 <strlen+0x18>
10007f10:	fefefeff 	.word	0xfefefeff
10007f14:	80808080 	.word	0x80808080

10007f18 <_strtod_l>:
10007f18:	b5f0      	push	{r4, r5, r6, r7, lr}
10007f1a:	46de      	mov	lr, fp
10007f1c:	4657      	mov	r7, sl
10007f1e:	4645      	mov	r5, r8
10007f20:	464e      	mov	r6, r9
10007f22:	001c      	movs	r4, r3
10007f24:	2300      	movs	r3, #0
10007f26:	b5e0      	push	{r5, r6, r7, lr}
10007f28:	b0a1      	sub	sp, #132	; 0x84
10007f2a:	931c      	str	r3, [sp, #112]	; 0x70
10007f2c:	4bbb      	ldr	r3, [pc, #748]	; (1000821c <_strtod_l+0x304>)
10007f2e:	4682      	mov	sl, r0
10007f30:	681b      	ldr	r3, [r3, #0]
10007f32:	000d      	movs	r5, r1
10007f34:	0018      	movs	r0, r3
10007f36:	9208      	str	r2, [sp, #32]
10007f38:	9307      	str	r3, [sp, #28]
10007f3a:	f7ff ffbf 	bl	10007ebc <strlen>
10007f3e:	2200      	movs	r2, #0
10007f40:	2300      	movs	r3, #0
10007f42:	4683      	mov	fp, r0
10007f44:	002f      	movs	r7, r5
10007f46:	9204      	str	r2, [sp, #16]
10007f48:	9305      	str	r3, [sp, #20]
10007f4a:	4ab5      	ldr	r2, [pc, #724]	; (10008220 <_strtod_l+0x308>)
10007f4c:	951b      	str	r5, [sp, #108]	; 0x6c
10007f4e:	783b      	ldrb	r3, [r7, #0]
10007f50:	2b2d      	cmp	r3, #45	; 0x2d
10007f52:	d802      	bhi.n	10007f5a <_strtod_l+0x42>
10007f54:	0099      	lsls	r1, r3, #2
10007f56:	5851      	ldr	r1, [r2, r1]
10007f58:	468f      	mov	pc, r1
10007f5a:	2200      	movs	r2, #0
10007f5c:	9209      	str	r2, [sp, #36]	; 0x24
10007f5e:	2200      	movs	r2, #0
10007f60:	920a      	str	r2, [sp, #40]	; 0x28
10007f62:	2b30      	cmp	r3, #48	; 0x30
10007f64:	d100      	bne.n	10007f68 <_strtod_l+0x50>
10007f66:	e0e5      	b.n	10008134 <_strtod_l+0x21c>
10007f68:	001c      	movs	r4, r3
10007f6a:	2b2f      	cmp	r3, #47	; 0x2f
10007f6c:	d801      	bhi.n	10007f72 <_strtod_l+0x5a>
10007f6e:	f000 fd7a 	bl	10008a66 <_strtod_l+0xb4e>
10007f72:	2200      	movs	r2, #0
10007f74:	46ac      	mov	ip, r5
10007f76:	0038      	movs	r0, r7
10007f78:	2600      	movs	r6, #0
10007f7a:	0019      	movs	r1, r3
10007f7c:	0015      	movs	r5, r2
10007f7e:	e00b      	b.n	10007f98 <_strtod_l+0x80>
10007f80:	3001      	adds	r0, #1
10007f82:	0093      	lsls	r3, r2, #2
10007f84:	189a      	adds	r2, r3, r2
10007f86:	901b      	str	r0, [sp, #108]	; 0x6c
10007f88:	7804      	ldrb	r4, [r0, #0]
10007f8a:	0052      	lsls	r2, r2, #1
10007f8c:	1852      	adds	r2, r2, r1
10007f8e:	3a30      	subs	r2, #48	; 0x30
10007f90:	0021      	movs	r1, r4
10007f92:	3601      	adds	r6, #1
10007f94:	2c2f      	cmp	r4, #47	; 0x2f
10007f96:	dd10      	ble.n	10007fba <_strtod_l+0xa2>
10007f98:	2c39      	cmp	r4, #57	; 0x39
10007f9a:	dc5b      	bgt.n	10008054 <_strtod_l+0x13c>
10007f9c:	2e08      	cmp	r6, #8
10007f9e:	ddef      	ble.n	10007f80 <_strtod_l+0x68>
10007fa0:	00ab      	lsls	r3, r5, #2
10007fa2:	195b      	adds	r3, r3, r5
10007fa4:	3001      	adds	r0, #1
10007fa6:	005b      	lsls	r3, r3, #1
10007fa8:	901b      	str	r0, [sp, #108]	; 0x6c
10007faa:	185b      	adds	r3, r3, r1
10007fac:	7804      	ldrb	r4, [r0, #0]
10007fae:	3b30      	subs	r3, #48	; 0x30
10007fb0:	001d      	movs	r5, r3
10007fb2:	0021      	movs	r1, r4
10007fb4:	3601      	adds	r6, #1
10007fb6:	2c2f      	cmp	r4, #47	; 0x2f
10007fb8:	dcee      	bgt.n	10007f98 <_strtod_l+0x80>
10007fba:	4690      	mov	r8, r2
10007fbc:	9907      	ldr	r1, [sp, #28]
10007fbe:	465a      	mov	r2, fp
10007fc0:	46a9      	mov	r9, r5
10007fc2:	4665      	mov	r5, ip
10007fc4:	f002 faac 	bl	1000a520 <strncmp>
10007fc8:	2800      	cmp	r0, #0
10007fca:	d100      	bne.n	10007fce <_strtod_l+0xb6>
10007fcc:	e2ba      	b.n	10008544 <_strtod_l+0x62c>
10007fce:	960d      	str	r6, [sp, #52]	; 0x34
10007fd0:	2300      	movs	r3, #0
10007fd2:	2000      	movs	r0, #0
10007fd4:	469c      	mov	ip, r3
10007fd6:	9310      	str	r3, [sp, #64]	; 0x40
10007fd8:	930b      	str	r3, [sp, #44]	; 0x2c
10007fda:	2e00      	cmp	r6, #0
10007fdc:	d000      	beq.n	10007fe0 <_strtod_l+0xc8>
10007fde:	e127      	b.n	10008230 <_strtod_l+0x318>
10007fe0:	9b0a      	ldr	r3, [sp, #40]	; 0x28
10007fe2:	4303      	orrs	r3, r0
10007fe4:	d000      	beq.n	10007fe8 <_strtod_l+0xd0>
10007fe6:	e29c      	b.n	10008522 <_strtod_l+0x60a>
10007fe8:	4663      	mov	r3, ip
10007fea:	2b00      	cmp	r3, #0
10007fec:	d11e      	bne.n	1000802c <_strtod_l+0x114>
10007fee:	2c69      	cmp	r4, #105	; 0x69
10007ff0:	d101      	bne.n	10007ff6 <_strtod_l+0xde>
10007ff2:	f000 fcb2 	bl	1000895a <_strtod_l+0xa42>
10007ff6:	dc17      	bgt.n	10008028 <_strtod_l+0x110>
10007ff8:	2c49      	cmp	r4, #73	; 0x49
10007ffa:	d101      	bne.n	10008000 <_strtod_l+0xe8>
10007ffc:	f000 fcad 	bl	1000895a <_strtod_l+0xa42>
10008000:	2c4e      	cmp	r4, #78	; 0x4e
10008002:	d113      	bne.n	1000802c <_strtod_l+0x114>
10008004:	4987      	ldr	r1, [pc, #540]	; (10008224 <_strtod_l+0x30c>)
10008006:	a81b      	add	r0, sp, #108	; 0x6c
10008008:	f001 fc04 	bl	10009814 <__match>
1000800c:	2800      	cmp	r0, #0
1000800e:	d00d      	beq.n	1000802c <_strtod_l+0x114>
10008010:	9b1b      	ldr	r3, [sp, #108]	; 0x6c
10008012:	781b      	ldrb	r3, [r3, #0]
10008014:	2b28      	cmp	r3, #40	; 0x28
10008016:	d101      	bne.n	1000801c <_strtod_l+0x104>
10008018:	f000 fe52 	bl	10008cc0 <_strtod_l+0xda8>
1000801c:	4882      	ldr	r0, [pc, #520]	; (10008228 <_strtod_l+0x310>)
1000801e:	f002 fa75 	bl	1000a50c <nan>
10008022:	4683      	mov	fp, r0
10008024:	000f      	movs	r7, r1
10008026:	e27f      	b.n	10008528 <_strtod_l+0x610>
10008028:	2c6e      	cmp	r4, #110	; 0x6e
1000802a:	d0eb      	beq.n	10008004 <_strtod_l+0xec>
1000802c:	9b08      	ldr	r3, [sp, #32]
1000802e:	2b00      	cmp	r3, #0
10008030:	d002      	beq.n	10008038 <_strtod_l+0x120>
10008032:	9b08      	ldr	r3, [sp, #32]
10008034:	601d      	str	r5, [r3, #0]
10008036:	2300      	movs	r3, #0
10008038:	469b      	mov	fp, r3
1000803a:	2700      	movs	r7, #0
1000803c:	4658      	mov	r0, fp
1000803e:	0039      	movs	r1, r7
10008040:	b021      	add	sp, #132	; 0x84
10008042:	bcf0      	pop	{r4, r5, r6, r7}
10008044:	46bb      	mov	fp, r7
10008046:	46b2      	mov	sl, r6
10008048:	46a9      	mov	r9, r5
1000804a:	46a0      	mov	r8, r4
1000804c:	bdf0      	pop	{r4, r5, r6, r7, pc}
1000804e:	3701      	adds	r7, #1
10008050:	971b      	str	r7, [sp, #108]	; 0x6c
10008052:	e77c      	b.n	10007f4e <_strtod_l+0x36>
10008054:	4690      	mov	r8, r2
10008056:	9907      	ldr	r1, [sp, #28]
10008058:	465a      	mov	r2, fp
1000805a:	46a9      	mov	r9, r5
1000805c:	4665      	mov	r5, ip
1000805e:	f002 fa5f 	bl	1000a520 <strncmp>
10008062:	2800      	cmp	r0, #0
10008064:	d17a      	bne.n	1000815c <_strtod_l+0x244>
10008066:	9b1b      	ldr	r3, [sp, #108]	; 0x6c
10008068:	445b      	add	r3, fp
1000806a:	931b      	str	r3, [sp, #108]	; 0x6c
1000806c:	781c      	ldrb	r4, [r3, #0]
1000806e:	2e00      	cmp	r6, #0
10008070:	d001      	beq.n	10008076 <_strtod_l+0x15e>
10008072:	f000 fd7d 	bl	10008b70 <_strtod_l+0xc58>
10008076:	2c30      	cmp	r4, #48	; 0x30
10008078:	d001      	beq.n	1000807e <_strtod_l+0x166>
1000807a:	f000 fd6a 	bl	10008b52 <_strtod_l+0xc3a>
1000807e:	2201      	movs	r2, #1
10008080:	1ad2      	subs	r2, r2, r3
10008082:	1898      	adds	r0, r3, r2
10008084:	3301      	adds	r3, #1
10008086:	931b      	str	r3, [sp, #108]	; 0x6c
10008088:	781c      	ldrb	r4, [r3, #0]
1000808a:	2c30      	cmp	r4, #48	; 0x30
1000808c:	d0f9      	beq.n	10008082 <_strtod_l+0x16a>
1000808e:	0023      	movs	r3, r4
10008090:	3b31      	subs	r3, #49	; 0x31
10008092:	2b08      	cmp	r3, #8
10008094:	d900      	bls.n	10008098 <_strtod_l+0x180>
10008096:	e3b9      	b.n	1000880c <_strtod_l+0x8f4>
10008098:	9b1b      	ldr	r3, [sp, #108]	; 0x6c
1000809a:	2601      	movs	r6, #1
1000809c:	469c      	mov	ip, r3
1000809e:	2330      	movs	r3, #48	; 0x30
100080a0:	425b      	negs	r3, r3
100080a2:	469b      	mov	fp, r3
100080a4:	44a3      	add	fp, r4
100080a6:	465b      	mov	r3, fp
100080a8:	9307      	str	r3, [sp, #28]
100080aa:	1c43      	adds	r3, r0, #1
100080ac:	9310      	str	r3, [sp, #64]	; 0x40
100080ae:	2300      	movs	r3, #0
100080b0:	4667      	mov	r7, ip
100080b2:	930d      	str	r3, [sp, #52]	; 0x34
100080b4:	4643      	mov	r3, r8
100080b6:	9a07      	ldr	r2, [sp, #28]
100080b8:	009b      	lsls	r3, r3, #2
100080ba:	4443      	add	r3, r8
100080bc:	4690      	mov	r8, r2
100080be:	005b      	lsls	r3, r3, #1
100080c0:	4443      	add	r3, r8
100080c2:	4698      	mov	r8, r3
100080c4:	2000      	movs	r0, #0
100080c6:	4663      	mov	r3, ip
100080c8:	3301      	adds	r3, #1
100080ca:	931b      	str	r3, [sp, #108]	; 0x6c
100080cc:	4663      	mov	r3, ip
100080ce:	785c      	ldrb	r4, [r3, #1]
100080d0:	0021      	movs	r1, r4
100080d2:	3930      	subs	r1, #48	; 0x30
100080d4:	2909      	cmp	r1, #9
100080d6:	d900      	bls.n	100080da <_strtod_l+0x1c2>
100080d8:	e337      	b.n	1000874a <_strtod_l+0x832>
100080da:	9b1b      	ldr	r3, [sp, #108]	; 0x6c
100080dc:	3001      	adds	r0, #1
100080de:	469c      	mov	ip, r3
100080e0:	9107      	str	r1, [sp, #28]
100080e2:	2900      	cmp	r1, #0
100080e4:	d0ef      	beq.n	100080c6 <_strtod_l+0x1ae>
100080e6:	9c10      	ldr	r4, [sp, #64]	; 0x40
100080e8:	1c73      	adds	r3, r6, #1
100080ea:	46a3      	mov	fp, r4
100080ec:	4483      	add	fp, r0
100080ee:	465c      	mov	r4, fp
100080f0:	001a      	movs	r2, r3
100080f2:	9410      	str	r4, [sp, #64]	; 0x40
100080f4:	2801      	cmp	r0, #1
100080f6:	d101      	bne.n	100080fc <_strtod_l+0x1e4>
100080f8:	f000 fcb0 	bl	10008a5c <_strtod_l+0xb44>
100080fc:	000a      	movs	r2, r1
100080fe:	002c      	movs	r4, r5
10008100:	1980      	adds	r0, r0, r6
10008102:	468b      	mov	fp, r1
10008104:	4645      	mov	r5, r8
10008106:	4649      	mov	r1, r9
10008108:	46a0      	mov	r8, r4
1000810a:	4691      	mov	r9, r2
1000810c:	3801      	subs	r0, #1
1000810e:	e007      	b.n	10008120 <_strtod_l+0x208>
10008110:	00ac      	lsls	r4, r5, #2
10008112:	1965      	adds	r5, r4, r5
10008114:	006d      	lsls	r5, r5, #1
10008116:	4298      	cmp	r0, r3
10008118:	d101      	bne.n	1000811e <_strtod_l+0x206>
1000811a:	f000 fc96 	bl	10008a4a <_strtod_l+0xb32>
1000811e:	3301      	adds	r3, #1
10008120:	0032      	movs	r2, r6
10008122:	001e      	movs	r6, r3
10008124:	2a08      	cmp	r2, #8
10008126:	d9f3      	bls.n	10008110 <_strtod_l+0x1f8>
10008128:	2b10      	cmp	r3, #16
1000812a:	dcf4      	bgt.n	10008116 <_strtod_l+0x1fe>
1000812c:	008c      	lsls	r4, r1, #2
1000812e:	1861      	adds	r1, r4, r1
10008130:	0049      	lsls	r1, r1, #1
10008132:	e7f0      	b.n	10008116 <_strtod_l+0x1fe>
10008134:	787b      	ldrb	r3, [r7, #1]
10008136:	3220      	adds	r2, #32
10008138:	4393      	bics	r3, r2
1000813a:	1c7e      	adds	r6, r7, #1
1000813c:	2b58      	cmp	r3, #88	; 0x58
1000813e:	d101      	bne.n	10008144 <_strtod_l+0x22c>
10008140:	f000 fc5e 	bl	10008a00 <_strtod_l+0xae8>
10008144:	0037      	movs	r7, r6
10008146:	961b      	str	r6, [sp, #108]	; 0x6c
10008148:	783b      	ldrb	r3, [r7, #0]
1000814a:	3601      	adds	r6, #1
1000814c:	2b30      	cmp	r3, #48	; 0x30
1000814e:	d0f9      	beq.n	10008144 <_strtod_l+0x22c>
10008150:	2b00      	cmp	r3, #0
10008152:	d100      	bne.n	10008156 <_strtod_l+0x23e>
10008154:	e1e5      	b.n	10008522 <_strtod_l+0x60a>
10008156:	2201      	movs	r2, #1
10008158:	920a      	str	r2, [sp, #40]	; 0x28
1000815a:	e705      	b.n	10007f68 <_strtod_l+0x50>
1000815c:	2300      	movs	r3, #0
1000815e:	2000      	movs	r0, #0
10008160:	469c      	mov	ip, r3
10008162:	960d      	str	r6, [sp, #52]	; 0x34
10008164:	9310      	str	r3, [sp, #64]	; 0x40
10008166:	2320      	movs	r3, #32
10008168:	0022      	movs	r2, r4
1000816a:	439a      	bics	r2, r3
1000816c:	0013      	movs	r3, r2
1000816e:	2200      	movs	r2, #0
10008170:	920b      	str	r2, [sp, #44]	; 0x2c
10008172:	2b45      	cmp	r3, #69	; 0x45
10008174:	d000      	beq.n	10008178 <_strtod_l+0x260>
10008176:	e730      	b.n	10007fda <_strtod_l+0xc2>
10008178:	0033      	movs	r3, r6
1000817a:	9a0a      	ldr	r2, [sp, #40]	; 0x28
1000817c:	4303      	orrs	r3, r0
1000817e:	4313      	orrs	r3, r2
10008180:	d100      	bne.n	10008184 <_strtod_l+0x26c>
10008182:	e753      	b.n	1000802c <_strtod_l+0x114>
10008184:	9d1b      	ldr	r5, [sp, #108]	; 0x6c
10008186:	1c6b      	adds	r3, r5, #1
10008188:	931b      	str	r3, [sp, #108]	; 0x6c
1000818a:	786c      	ldrb	r4, [r5, #1]
1000818c:	2c2b      	cmp	r4, #43	; 0x2b
1000818e:	d101      	bne.n	10008194 <_strtod_l+0x27c>
10008190:	f000 fc24 	bl	100089dc <_strtod_l+0xac4>
10008194:	2c2d      	cmp	r4, #45	; 0x2d
10008196:	d100      	bne.n	1000819a <_strtod_l+0x282>
10008198:	e306      	b.n	100087a8 <_strtod_l+0x890>
1000819a:	2300      	movs	r3, #0
1000819c:	469b      	mov	fp, r3
1000819e:	0023      	movs	r3, r4
100081a0:	3b30      	subs	r3, #48	; 0x30
100081a2:	2b09      	cmp	r3, #9
100081a4:	d900      	bls.n	100081a8 <_strtod_l+0x290>
100081a6:	e2fa      	b.n	1000879e <_strtod_l+0x886>
100081a8:	2c30      	cmp	r4, #48	; 0x30
100081aa:	d106      	bne.n	100081ba <_strtod_l+0x2a2>
100081ac:	9b1b      	ldr	r3, [sp, #108]	; 0x6c
100081ae:	3301      	adds	r3, #1
100081b0:	931b      	str	r3, [sp, #108]	; 0x6c
100081b2:	781c      	ldrb	r4, [r3, #0]
100081b4:	3301      	adds	r3, #1
100081b6:	2c30      	cmp	r4, #48	; 0x30
100081b8:	d0fa      	beq.n	100081b0 <_strtod_l+0x298>
100081ba:	2300      	movs	r3, #0
100081bc:	930b      	str	r3, [sp, #44]	; 0x2c
100081be:	0023      	movs	r3, r4
100081c0:	3b31      	subs	r3, #49	; 0x31
100081c2:	2b08      	cmp	r3, #8
100081c4:	d900      	bls.n	100081c8 <_strtod_l+0x2b0>
100081c6:	e708      	b.n	10007fda <_strtod_l+0xc2>
100081c8:	9a1b      	ldr	r2, [sp, #108]	; 0x6c
100081ca:	3301      	adds	r3, #1
100081cc:	1c51      	adds	r1, r2, #1
100081ce:	911b      	str	r1, [sp, #108]	; 0x6c
100081d0:	7854      	ldrb	r4, [r2, #1]
100081d2:	9207      	str	r2, [sp, #28]
100081d4:	0022      	movs	r2, r4
100081d6:	2c2f      	cmp	r4, #47	; 0x2f
100081d8:	dc0d      	bgt.n	100081f6 <_strtod_l+0x2de>
100081da:	f000 fc77 	bl	10008acc <_strtod_l+0xbb4>
100081de:	009c      	lsls	r4, r3, #2
100081e0:	18e4      	adds	r4, r4, r3
100081e2:	0064      	lsls	r4, r4, #1
100081e4:	18a4      	adds	r4, r4, r2
100081e6:	000a      	movs	r2, r1
100081e8:	0023      	movs	r3, r4
100081ea:	3101      	adds	r1, #1
100081ec:	911b      	str	r1, [sp, #108]	; 0x6c
100081ee:	7852      	ldrb	r2, [r2, #1]
100081f0:	3b30      	subs	r3, #48	; 0x30
100081f2:	2a2f      	cmp	r2, #47	; 0x2f
100081f4:	dd01      	ble.n	100081fa <_strtod_l+0x2e2>
100081f6:	2a39      	cmp	r2, #57	; 0x39
100081f8:	ddf1      	ble.n	100081de <_strtod_l+0x2c6>
100081fa:	0014      	movs	r4, r2
100081fc:	9a07      	ldr	r2, [sp, #28]
100081fe:	1a89      	subs	r1, r1, r2
10008200:	2908      	cmp	r1, #8
10008202:	dc01      	bgt.n	10008208 <_strtod_l+0x2f0>
10008204:	f000 fc62 	bl	10008acc <_strtod_l+0xbb4>
10008208:	4b08      	ldr	r3, [pc, #32]	; (1000822c <_strtod_l+0x314>)
1000820a:	930b      	str	r3, [sp, #44]	; 0x2c
1000820c:	465b      	mov	r3, fp
1000820e:	2b00      	cmp	r3, #0
10008210:	d100      	bne.n	10008214 <_strtod_l+0x2fc>
10008212:	e6e2      	b.n	10007fda <_strtod_l+0xc2>
10008214:	9b0b      	ldr	r3, [sp, #44]	; 0x2c
10008216:	425b      	negs	r3, r3
10008218:	930b      	str	r3, [sp, #44]	; 0x2c
1000821a:	e6de      	b.n	10007fda <_strtod_l+0xc2>
1000821c:	1000c1fc 	.word	0x1000c1fc
10008220:	1000bf40 	.word	0x1000bf40
10008224:	1000bf3c 	.word	0x1000bf3c
10008228:	1000a7b0 	.word	0x1000a7b0
1000822c:	00004e1f 	.word	0x00004e1f
10008230:	9b0b      	ldr	r3, [sp, #44]	; 0x2c
10008232:	9a10      	ldr	r2, [sp, #64]	; 0x40
10008234:	1a9b      	subs	r3, r3, r2
10008236:	930c      	str	r3, [sp, #48]	; 0x30
10008238:	9b0d      	ldr	r3, [sp, #52]	; 0x34
1000823a:	2b00      	cmp	r3, #0
1000823c:	d100      	bne.n	10008240 <_strtod_l+0x328>
1000823e:	960d      	str	r6, [sp, #52]	; 0x34
10008240:	46b3      	mov	fp, r6
10008242:	2e10      	cmp	r6, #16
10008244:	dd01      	ble.n	1000824a <_strtod_l+0x332>
10008246:	2310      	movs	r3, #16
10008248:	469b      	mov	fp, r3
1000824a:	4640      	mov	r0, r8
1000824c:	f7fb ff00 	bl	10004050 <__wrap___aeabi_ui2d>
10008250:	9004      	str	r0, [sp, #16]
10008252:	9105      	str	r1, [sp, #20]
10008254:	2e09      	cmp	r6, #9
10008256:	dd15      	ble.n	10008284 <_strtod_l+0x36c>
10008258:	465a      	mov	r2, fp
1000825a:	4bbe      	ldr	r3, [pc, #760]	; (10008554 <_strtod_l+0x63c>)
1000825c:	3a09      	subs	r2, #9
1000825e:	00d2      	lsls	r2, r2, #3
10008260:	189b      	adds	r3, r3, r2
10008262:	681a      	ldr	r2, [r3, #0]
10008264:	685b      	ldr	r3, [r3, #4]
10008266:	f7fb fe7e 	bl	10003f66 <__wrap___aeabi_dmul>
1000826a:	0004      	movs	r4, r0
1000826c:	4648      	mov	r0, r9
1000826e:	000d      	movs	r5, r1
10008270:	f7fb feee 	bl	10004050 <__wrap___aeabi_ui2d>
10008274:	0002      	movs	r2, r0
10008276:	000b      	movs	r3, r1
10008278:	0020      	movs	r0, r4
1000827a:	0029      	movs	r1, r5
1000827c:	f7fb fe4c 	bl	10003f18 <__wrap___aeabi_dadd>
10008280:	9004      	str	r0, [sp, #16]
10008282:	9105      	str	r1, [sp, #20]
10008284:	2e0f      	cmp	r6, #15
10008286:	dd00      	ble.n	1000828a <_strtod_l+0x372>
10008288:	e172      	b.n	10008570 <_strtod_l+0x658>
1000828a:	9b0c      	ldr	r3, [sp, #48]	; 0x30
1000828c:	2b00      	cmp	r3, #0
1000828e:	d100      	bne.n	10008292 <_strtod_l+0x37a>
10008290:	e35e      	b.n	10008950 <_strtod_l+0xa38>
10008292:	9b0c      	ldr	r3, [sp, #48]	; 0x30
10008294:	2b00      	cmp	r3, #0
10008296:	dc01      	bgt.n	1000829c <_strtod_l+0x384>
10008298:	f000 fbf3 	bl	10008a82 <_strtod_l+0xb6a>
1000829c:	2b16      	cmp	r3, #22
1000829e:	dc01      	bgt.n	100082a4 <_strtod_l+0x38c>
100082a0:	f000 fc5a 	bl	10008b58 <_strtod_l+0xc40>
100082a4:	2325      	movs	r3, #37	; 0x25
100082a6:	9a0c      	ldr	r2, [sp, #48]	; 0x30
100082a8:	1b9b      	subs	r3, r3, r6
100082aa:	4293      	cmp	r3, r2
100082ac:	db01      	blt.n	100082b2 <_strtod_l+0x39a>
100082ae:	f000 fc71 	bl	10008b94 <_strtod_l+0xc7c>
100082b2:	465b      	mov	r3, fp
100082b4:	1af4      	subs	r4, r6, r3
100082b6:	9b0c      	ldr	r3, [sp, #48]	; 0x30
100082b8:	469c      	mov	ip, r3
100082ba:	4464      	add	r4, ip
100082bc:	230f      	movs	r3, #15
100082be:	001a      	movs	r2, r3
100082c0:	4022      	ands	r2, r4
100082c2:	4223      	tst	r3, r4
100082c4:	d00a      	beq.n	100082dc <_strtod_l+0x3c4>
100082c6:	49a3      	ldr	r1, [pc, #652]	; (10008554 <_strtod_l+0x63c>)
100082c8:	00d2      	lsls	r2, r2, #3
100082ca:	1889      	adds	r1, r1, r2
100082cc:	6808      	ldr	r0, [r1, #0]
100082ce:	6849      	ldr	r1, [r1, #4]
100082d0:	9a04      	ldr	r2, [sp, #16]
100082d2:	9b05      	ldr	r3, [sp, #20]
100082d4:	f7fb fe47 	bl	10003f66 <__wrap___aeabi_dmul>
100082d8:	9004      	str	r0, [sp, #16]
100082da:	9105      	str	r1, [sp, #20]
100082dc:	230f      	movs	r3, #15
100082de:	439c      	bics	r4, r3
100082e0:	1e23      	subs	r3, r4, #0
100082e2:	d000      	beq.n	100082e6 <_strtod_l+0x3ce>
100082e4:	e2aa      	b.n	1000883c <_strtod_l+0x924>
100082e6:	2300      	movs	r3, #0
100082e8:	9307      	str	r3, [sp, #28]
100082ea:	4643      	mov	r3, r8
100082ec:	0039      	movs	r1, r7
100082ee:	9300      	str	r3, [sp, #0]
100082f0:	4650      	mov	r0, sl
100082f2:	0033      	movs	r3, r6
100082f4:	9a0d      	ldr	r2, [sp, #52]	; 0x34
100082f6:	f001 fc2b 	bl	10009b50 <__s2b>
100082fa:	4680      	mov	r8, r0
100082fc:	2800      	cmp	r0, #0
100082fe:	d100      	bne.n	10008302 <_strtod_l+0x3ea>
10008300:	e39d      	b.n	10008a3e <_strtod_l+0xb26>
10008302:	990c      	ldr	r1, [sp, #48]	; 0x30
10008304:	9b10      	ldr	r3, [sp, #64]	; 0x40
10008306:	980b      	ldr	r0, [sp, #44]	; 0x2c
10008308:	17ca      	asrs	r2, r1, #31
1000830a:	1a1b      	subs	r3, r3, r0
1000830c:	401a      	ands	r2, r3
1000830e:	43cb      	mvns	r3, r1
10008310:	17db      	asrs	r3, r3, #31
10008312:	4019      	ands	r1, r3
10008314:	2600      	movs	r6, #0
10008316:	2300      	movs	r3, #0
10008318:	46c3      	mov	fp, r8
1000831a:	4699      	mov	r9, r3
1000831c:	46b0      	mov	r8, r6
1000831e:	4657      	mov	r7, sl
10008320:	920d      	str	r2, [sp, #52]	; 0x34
10008322:	9113      	str	r1, [sp, #76]	; 0x4c
10008324:	465b      	mov	r3, fp
10008326:	0038      	movs	r0, r7
10008328:	6859      	ldr	r1, [r3, #4]
1000832a:	f001 fb8b 	bl	10009a44 <_Balloc>
1000832e:	4682      	mov	sl, r0
10008330:	2800      	cmp	r0, #0
10008332:	d100      	bne.n	10008336 <_strtod_l+0x41e>
10008334:	e387      	b.n	10008a46 <_strtod_l+0xb2e>
10008336:	465b      	mov	r3, fp
10008338:	4659      	mov	r1, fp
1000833a:	691b      	ldr	r3, [r3, #16]
1000833c:	310c      	adds	r1, #12
1000833e:	1c9a      	adds	r2, r3, #2
10008340:	0092      	lsls	r2, r2, #2
10008342:	300c      	adds	r0, #12
10008344:	f7fc fe1c 	bl	10004f80 <__wrap___aeabi_memcpy>
10008348:	9b04      	ldr	r3, [sp, #16]
1000834a:	9c05      	ldr	r4, [sp, #20]
1000834c:	0019      	movs	r1, r3
1000834e:	930b      	str	r3, [sp, #44]	; 0x2c
10008350:	ab1e      	add	r3, sp, #120	; 0x78
10008352:	9301      	str	r3, [sp, #4]
10008354:	ab1d      	add	r3, sp, #116	; 0x74
10008356:	9300      	str	r3, [sp, #0]
10008358:	000a      	movs	r2, r1
1000835a:	0023      	movs	r3, r4
1000835c:	0038      	movs	r0, r7
1000835e:	940a      	str	r4, [sp, #40]	; 0x28
10008360:	f001 ffec 	bl	1000a33c <__d2b>
10008364:	901c      	str	r0, [sp, #112]	; 0x70
10008366:	2800      	cmp	r0, #0
10008368:	d100      	bne.n	1000836c <_strtod_l+0x454>
1000836a:	e1a9      	b.n	100086c0 <_strtod_l+0x7a8>
1000836c:	2101      	movs	r1, #1
1000836e:	0038      	movs	r0, r7
10008370:	f001 fc90 	bl	10009c94 <__i2b>
10008374:	4681      	mov	r9, r0
10008376:	2800      	cmp	r0, #0
10008378:	d100      	bne.n	1000837c <_strtod_l+0x464>
1000837a:	e364      	b.n	10008a46 <_strtod_l+0xb2e>
1000837c:	9b1d      	ldr	r3, [sp, #116]	; 0x74
1000837e:	2b00      	cmp	r3, #0
10008380:	da00      	bge.n	10008384 <_strtod_l+0x46c>
10008382:	e1bd      	b.n	10008700 <_strtod_l+0x7e8>
10008384:	9a0d      	ldr	r2, [sp, #52]	; 0x34
10008386:	9c13      	ldr	r4, [sp, #76]	; 0x4c
10008388:	189d      	adds	r5, r3, r2
1000838a:	9907      	ldr	r1, [sp, #28]
1000838c:	9a1e      	ldr	r2, [sp, #120]	; 0x78
1000838e:	1a5b      	subs	r3, r3, r1
10008390:	2136      	movs	r1, #54	; 0x36
10008392:	189b      	adds	r3, r3, r2
10008394:	1a8a      	subs	r2, r1, r2
10008396:	4970      	ldr	r1, [pc, #448]	; (10008558 <_strtod_l+0x640>)
10008398:	3b01      	subs	r3, #1
1000839a:	428b      	cmp	r3, r1
1000839c:	db00      	blt.n	100083a0 <_strtod_l+0x488>
1000839e:	e14e      	b.n	1000863e <_strtod_l+0x726>
100083a0:	1ac9      	subs	r1, r1, r3
100083a2:	1a52      	subs	r2, r2, r1
100083a4:	291f      	cmp	r1, #31
100083a6:	dd00      	ble.n	100083aa <_strtod_l+0x492>
100083a8:	e1c7      	b.n	1000873a <_strtod_l+0x822>
100083aa:	2301      	movs	r3, #1
100083ac:	408b      	lsls	r3, r1
100083ae:	930e      	str	r3, [sp, #56]	; 0x38
100083b0:	2300      	movs	r3, #0
100083b2:	9311      	str	r3, [sp, #68]	; 0x44
100083b4:	9b07      	ldr	r3, [sp, #28]
100083b6:	18a4      	adds	r4, r4, r2
100083b8:	469c      	mov	ip, r3
100083ba:	18ae      	adds	r6, r5, r2
100083bc:	002b      	movs	r3, r5
100083be:	4464      	add	r4, ip
100083c0:	42b5      	cmp	r5, r6
100083c2:	dd00      	ble.n	100083c6 <_strtod_l+0x4ae>
100083c4:	0033      	movs	r3, r6
100083c6:	42a3      	cmp	r3, r4
100083c8:	dd00      	ble.n	100083cc <_strtod_l+0x4b4>
100083ca:	0023      	movs	r3, r4
100083cc:	2b00      	cmp	r3, #0
100083ce:	dd02      	ble.n	100083d6 <_strtod_l+0x4be>
100083d0:	1af6      	subs	r6, r6, r3
100083d2:	1ae4      	subs	r4, r4, r3
100083d4:	1aed      	subs	r5, r5, r3
100083d6:	9b0d      	ldr	r3, [sp, #52]	; 0x34
100083d8:	2b00      	cmp	r3, #0
100083da:	dd00      	ble.n	100083de <_strtod_l+0x4c6>
100083dc:	e14c      	b.n	10008678 <_strtod_l+0x760>
100083de:	2e00      	cmp	r6, #0
100083e0:	dd00      	ble.n	100083e4 <_strtod_l+0x4cc>
100083e2:	e164      	b.n	100086ae <_strtod_l+0x796>
100083e4:	9b0c      	ldr	r3, [sp, #48]	; 0x30
100083e6:	2b00      	cmp	r3, #0
100083e8:	dd00      	ble.n	100083ec <_strtod_l+0x4d4>
100083ea:	e18d      	b.n	10008708 <_strtod_l+0x7f0>
100083ec:	2c00      	cmp	r4, #0
100083ee:	dd00      	ble.n	100083f2 <_strtod_l+0x4da>
100083f0:	e199      	b.n	10008726 <_strtod_l+0x80e>
100083f2:	2d00      	cmp	r5, #0
100083f4:	dd08      	ble.n	10008408 <_strtod_l+0x4f0>
100083f6:	4649      	mov	r1, r9
100083f8:	002a      	movs	r2, r5
100083fa:	0038      	movs	r0, r7
100083fc:	f001 fdb8 	bl	10009f70 <__lshift>
10008400:	4681      	mov	r9, r0
10008402:	2800      	cmp	r0, #0
10008404:	d100      	bne.n	10008408 <_strtod_l+0x4f0>
10008406:	e31e      	b.n	10008a46 <_strtod_l+0xb2e>
10008408:	4652      	mov	r2, sl
1000840a:	0038      	movs	r0, r7
1000840c:	991c      	ldr	r1, [sp, #112]	; 0x70
1000840e:	f001 fe47 	bl	1000a0a0 <__mdiff>
10008412:	4680      	mov	r8, r0
10008414:	2800      	cmp	r0, #0
10008416:	d100      	bne.n	1000841a <_strtod_l+0x502>
10008418:	e315      	b.n	10008a46 <_strtod_l+0xb2e>
1000841a:	68c3      	ldr	r3, [r0, #12]
1000841c:	4649      	mov	r1, r9
1000841e:	9310      	str	r3, [sp, #64]	; 0x40
10008420:	2300      	movs	r3, #0
10008422:	60c3      	str	r3, [r0, #12]
10008424:	f001 fe22 	bl	1000a06c <__mcmp>
10008428:	2800      	cmp	r0, #0
1000842a:	da01      	bge.n	10008430 <_strtod_l+0x518>
1000842c:	f000 fc5d 	bl	10008cea <_strtod_l+0xdd2>
10008430:	d100      	bne.n	10008434 <_strtod_l+0x51c>
10008432:	e3c5      	b.n	10008bc0 <_strtod_l+0xca8>
10008434:	4649      	mov	r1, r9
10008436:	4640      	mov	r0, r8
10008438:	f001 ffec 	bl	1000a414 <__ratio>
1000843c:	2380      	movs	r3, #128	; 0x80
1000843e:	2200      	movs	r2, #0
10008440:	05db      	lsls	r3, r3, #23
10008442:	0004      	movs	r4, r0
10008444:	000d      	movs	r5, r1
10008446:	f7fb fddf 	bl	10004008 <__wrap___aeabi_dcmple>
1000844a:	2800      	cmp	r0, #0
1000844c:	d100      	bne.n	10008450 <_strtod_l+0x538>
1000844e:	e0fb      	b.n	10008648 <_strtod_l+0x730>
10008450:	9b10      	ldr	r3, [sp, #64]	; 0x40
10008452:	2b00      	cmp	r3, #0
10008454:	d100      	bne.n	10008458 <_strtod_l+0x540>
10008456:	e180      	b.n	1000875a <_strtod_l+0x842>
10008458:	9b05      	ldr	r3, [sp, #20]
1000845a:	2400      	movs	r4, #0
1000845c:	930e      	str	r3, [sp, #56]	; 0x38
1000845e:	2300      	movs	r3, #0
10008460:	9311      	str	r3, [sp, #68]	; 0x44
10008462:	4b3e      	ldr	r3, [pc, #248]	; (1000855c <_strtod_l+0x644>)
10008464:	4d3d      	ldr	r5, [pc, #244]	; (1000855c <_strtod_l+0x644>)
10008466:	9312      	str	r3, [sp, #72]	; 0x48
10008468:	4b3d      	ldr	r3, [pc, #244]	; (10008560 <_strtod_l+0x648>)
1000846a:	9e0e      	ldr	r6, [sp, #56]	; 0x38
1000846c:	401e      	ands	r6, r3
1000846e:	4b3d      	ldr	r3, [pc, #244]	; (10008564 <_strtod_l+0x64c>)
10008470:	429e      	cmp	r6, r3
10008472:	d100      	bne.n	10008476 <_strtod_l+0x55e>
10008474:	e19e      	b.n	100087b4 <_strtod_l+0x89c>
10008476:	9b07      	ldr	r3, [sp, #28]
10008478:	2b00      	cmp	r3, #0
1000847a:	d028      	beq.n	100084ce <_strtod_l+0x5b6>
1000847c:	23d4      	movs	r3, #212	; 0xd4
1000847e:	04db      	lsls	r3, r3, #19
10008480:	429e      	cmp	r6, r3
10008482:	d824      	bhi.n	100084ce <_strtod_l+0x5b6>
10008484:	4a38      	ldr	r2, [pc, #224]	; (10008568 <_strtod_l+0x650>)
10008486:	4b39      	ldr	r3, [pc, #228]	; (1000856c <_strtod_l+0x654>)
10008488:	9811      	ldr	r0, [sp, #68]	; 0x44
1000848a:	9912      	ldr	r1, [sp, #72]	; 0x48
1000848c:	f7fb fdbc 	bl	10004008 <__wrap___aeabi_dcmple>
10008490:	2800      	cmp	r0, #0
10008492:	d018      	beq.n	100084c6 <_strtod_l+0x5ae>
10008494:	9811      	ldr	r0, [sp, #68]	; 0x44
10008496:	9912      	ldr	r1, [sp, #72]	; 0x48
10008498:	f7fb fe1a 	bl	100040d0 <__wrap___aeabi_d2uiz>
1000849c:	2800      	cmp	r0, #0
1000849e:	d100      	bne.n	100084a2 <_strtod_l+0x58a>
100084a0:	3001      	adds	r0, #1
100084a2:	f7fb fdd5 	bl	10004050 <__wrap___aeabi_ui2d>
100084a6:	000b      	movs	r3, r1
100084a8:	9112      	str	r1, [sp, #72]	; 0x48
100084aa:	9910      	ldr	r1, [sp, #64]	; 0x40
100084ac:	0002      	movs	r2, r0
100084ae:	9011      	str	r0, [sp, #68]	; 0x44
100084b0:	2900      	cmp	r1, #0
100084b2:	d000      	beq.n	100084b6 <_strtod_l+0x59e>
100084b4:	e313      	b.n	10008ade <_strtod_l+0xbc6>
100084b6:	9216      	str	r2, [sp, #88]	; 0x58
100084b8:	2280      	movs	r2, #128	; 0x80
100084ba:	0612      	lsls	r2, r2, #24
100084bc:	4694      	mov	ip, r2
100084be:	4463      	add	r3, ip
100084c0:	9317      	str	r3, [sp, #92]	; 0x5c
100084c2:	9c16      	ldr	r4, [sp, #88]	; 0x58
100084c4:	9d17      	ldr	r5, [sp, #92]	; 0x5c
100084c6:	23d6      	movs	r3, #214	; 0xd6
100084c8:	04db      	lsls	r3, r3, #19
100084ca:	18eb      	adds	r3, r5, r3
100084cc:	1b9d      	subs	r5, r3, r6
100084ce:	980b      	ldr	r0, [sp, #44]	; 0x2c
100084d0:	990a      	ldr	r1, [sp, #40]	; 0x28
100084d2:	f001 feab 	bl	1000a22c <__ulp>
100084d6:	0002      	movs	r2, r0
100084d8:	000b      	movs	r3, r1
100084da:	0020      	movs	r0, r4
100084dc:	0029      	movs	r1, r5
100084de:	f7fb fd42 	bl	10003f66 <__wrap___aeabi_dmul>
100084e2:	9a0b      	ldr	r2, [sp, #44]	; 0x2c
100084e4:	9b0a      	ldr	r3, [sp, #40]	; 0x28
100084e6:	f7fb fd17 	bl	10003f18 <__wrap___aeabi_dadd>
100084ea:	000c      	movs	r4, r1
100084ec:	9004      	str	r0, [sp, #16]
100084ee:	9105      	str	r1, [sp, #20]
100084f0:	9b07      	ldr	r3, [sp, #28]
100084f2:	2b00      	cmp	r3, #0
100084f4:	d104      	bne.n	10008500 <_strtod_l+0x5e8>
100084f6:	4b1a      	ldr	r3, [pc, #104]	; (10008560 <_strtod_l+0x648>)
100084f8:	4023      	ands	r3, r4
100084fa:	429e      	cmp	r6, r3
100084fc:	d100      	bne.n	10008500 <_strtod_l+0x5e8>
100084fe:	e244      	b.n	1000898a <_strtod_l+0xa72>
10008500:	0038      	movs	r0, r7
10008502:	991c      	ldr	r1, [sp, #112]	; 0x70
10008504:	f001 fac6 	bl	10009a94 <_Bfree>
10008508:	4651      	mov	r1, sl
1000850a:	0038      	movs	r0, r7
1000850c:	f001 fac2 	bl	10009a94 <_Bfree>
10008510:	4649      	mov	r1, r9
10008512:	0038      	movs	r0, r7
10008514:	f001 fabe 	bl	10009a94 <_Bfree>
10008518:	4641      	mov	r1, r8
1000851a:	0038      	movs	r0, r7
1000851c:	f001 faba 	bl	10009a94 <_Bfree>
10008520:	e700      	b.n	10008324 <_strtod_l+0x40c>
10008522:	2300      	movs	r3, #0
10008524:	2700      	movs	r7, #0
10008526:	469b      	mov	fp, r3
10008528:	9b08      	ldr	r3, [sp, #32]
1000852a:	2b00      	cmp	r3, #0
1000852c:	d001      	beq.n	10008532 <_strtod_l+0x61a>
1000852e:	9a1b      	ldr	r2, [sp, #108]	; 0x6c
10008530:	601a      	str	r2, [r3, #0]
10008532:	9b09      	ldr	r3, [sp, #36]	; 0x24
10008534:	2b00      	cmp	r3, #0
10008536:	d100      	bne.n	1000853a <_strtod_l+0x622>
10008538:	e580      	b.n	1000803c <_strtod_l+0x124>
1000853a:	2180      	movs	r1, #128	; 0x80
1000853c:	0609      	lsls	r1, r1, #24
1000853e:	187b      	adds	r3, r7, r1
10008540:	001f      	movs	r7, r3
10008542:	e57b      	b.n	1000803c <_strtod_l+0x124>
10008544:	9b1b      	ldr	r3, [sp, #108]	; 0x6c
10008546:	960d      	str	r6, [sp, #52]	; 0x34
10008548:	445b      	add	r3, fp
1000854a:	931b      	str	r3, [sp, #108]	; 0x6c
1000854c:	781c      	ldrb	r4, [r3, #0]
1000854e:	2300      	movs	r3, #0
10008550:	9310      	str	r3, [sp, #64]	; 0x40
10008552:	e5bd      	b.n	100080d0 <_strtod_l+0x1b8>
10008554:	1000c2b8 	.word	0x1000c2b8
10008558:	fffffc02 	.word	0xfffffc02
1000855c:	3ff00000 	.word	0x3ff00000
10008560:	7ff00000 	.word	0x7ff00000
10008564:	7fe00000 	.word	0x7fe00000
10008568:	ffc00000 	.word	0xffc00000
1000856c:	41dfffff 	.word	0x41dfffff
10008570:	465b      	mov	r3, fp
10008572:	1af4      	subs	r4, r6, r3
10008574:	9b0c      	ldr	r3, [sp, #48]	; 0x30
10008576:	469c      	mov	ip, r3
10008578:	4464      	add	r4, ip
1000857a:	2c00      	cmp	r4, #0
1000857c:	dd00      	ble.n	10008580 <_strtod_l+0x668>
1000857e:	e69d      	b.n	100082bc <_strtod_l+0x3a4>
10008580:	d100      	bne.n	10008584 <_strtod_l+0x66c>
10008582:	e6b0      	b.n	100082e6 <_strtod_l+0x3ce>
10008584:	230f      	movs	r3, #15
10008586:	001a      	movs	r2, r3
10008588:	4264      	negs	r4, r4
1000858a:	4022      	ands	r2, r4
1000858c:	4223      	tst	r3, r4
1000858e:	d00a      	beq.n	100085a6 <_strtod_l+0x68e>
10008590:	9804      	ldr	r0, [sp, #16]
10008592:	9905      	ldr	r1, [sp, #20]
10008594:	4bd0      	ldr	r3, [pc, #832]	; (100088d8 <_strtod_l+0x9c0>)
10008596:	00d2      	lsls	r2, r2, #3
10008598:	189a      	adds	r2, r3, r2
1000859a:	6853      	ldr	r3, [r2, #4]
1000859c:	6812      	ldr	r2, [r2, #0]
1000859e:	f7fb fcc4 	bl	10003f2a <__wrap___aeabi_ddiv>
100085a2:	9004      	str	r0, [sp, #16]
100085a4:	9105      	str	r1, [sp, #20]
100085a6:	1124      	asrs	r4, r4, #4
100085a8:	d100      	bne.n	100085ac <_strtod_l+0x694>
100085aa:	e69c      	b.n	100082e6 <_strtod_l+0x3ce>
100085ac:	2c1f      	cmp	r4, #31
100085ae:	dc3f      	bgt.n	10008630 <_strtod_l+0x718>
100085b0:	2310      	movs	r3, #16
100085b2:	001a      	movs	r2, r3
100085b4:	4022      	ands	r2, r4
100085b6:	9207      	str	r2, [sp, #28]
100085b8:	4223      	tst	r3, r4
100085ba:	d001      	beq.n	100085c0 <_strtod_l+0x6a8>
100085bc:	335a      	adds	r3, #90	; 0x5a
100085be:	9307      	str	r3, [sp, #28]
100085c0:	2201      	movs	r2, #1
100085c2:	9804      	ldr	r0, [sp, #16]
100085c4:	9905      	ldr	r1, [sp, #20]
100085c6:	2300      	movs	r3, #0
100085c8:	4691      	mov	r9, r2
100085ca:	4dc4      	ldr	r5, [pc, #784]	; (100088dc <_strtod_l+0x9c4>)
100085cc:	464a      	mov	r2, r9
100085ce:	4222      	tst	r2, r4
100085d0:	d004      	beq.n	100085dc <_strtod_l+0x6c4>
100085d2:	682a      	ldr	r2, [r5, #0]
100085d4:	686b      	ldr	r3, [r5, #4]
100085d6:	f7fb fcc6 	bl	10003f66 <__wrap___aeabi_dmul>
100085da:	2301      	movs	r3, #1
100085dc:	1064      	asrs	r4, r4, #1
100085de:	3508      	adds	r5, #8
100085e0:	2c00      	cmp	r4, #0
100085e2:	d1f3      	bne.n	100085cc <_strtod_l+0x6b4>
100085e4:	2b00      	cmp	r3, #0
100085e6:	d001      	beq.n	100085ec <_strtod_l+0x6d4>
100085e8:	9004      	str	r0, [sp, #16]
100085ea:	9105      	str	r1, [sp, #20]
100085ec:	9b07      	ldr	r3, [sp, #28]
100085ee:	2b00      	cmp	r3, #0
100085f0:	d015      	beq.n	1000861e <_strtod_l+0x706>
100085f2:	9b04      	ldr	r3, [sp, #16]
100085f4:	9c05      	ldr	r4, [sp, #20]
100085f6:	236b      	movs	r3, #107	; 0x6b
100085f8:	0062      	lsls	r2, r4, #1
100085fa:	0d52      	lsrs	r2, r2, #21
100085fc:	0021      	movs	r1, r4
100085fe:	1a9b      	subs	r3, r3, r2
10008600:	2b00      	cmp	r3, #0
10008602:	dd0c      	ble.n	1000861e <_strtod_l+0x706>
10008604:	2b1f      	cmp	r3, #31
10008606:	dc01      	bgt.n	1000860c <_strtod_l+0x6f4>
10008608:	f000 fbdc 	bl	10008dc4 <_strtod_l+0xeac>
1000860c:	2000      	movs	r0, #0
1000860e:	9004      	str	r0, [sp, #16]
10008610:	2b34      	cmp	r3, #52	; 0x34
10008612:	dc01      	bgt.n	10008618 <_strtod_l+0x700>
10008614:	f000 fc22 	bl	10008e5c <_strtod_l+0xf44>
10008618:	23dc      	movs	r3, #220	; 0xdc
1000861a:	049b      	lsls	r3, r3, #18
1000861c:	9305      	str	r3, [sp, #20]
1000861e:	2200      	movs	r2, #0
10008620:	9804      	ldr	r0, [sp, #16]
10008622:	9905      	ldr	r1, [sp, #20]
10008624:	2300      	movs	r3, #0
10008626:	f7fb fce1 	bl	10003fec <__wrap___aeabi_dcmpeq>
1000862a:	2800      	cmp	r0, #0
1000862c:	d100      	bne.n	10008630 <_strtod_l+0x718>
1000862e:	e65c      	b.n	100082ea <_strtod_l+0x3d2>
10008630:	2322      	movs	r3, #34	; 0x22
10008632:	4652      	mov	r2, sl
10008634:	6013      	str	r3, [r2, #0]
10008636:	2300      	movs	r3, #0
10008638:	2700      	movs	r7, #0
1000863a:	469b      	mov	fp, r3
1000863c:	e774      	b.n	10008528 <_strtod_l+0x610>
1000863e:	2300      	movs	r3, #0
10008640:	9311      	str	r3, [sp, #68]	; 0x44
10008642:	3301      	adds	r3, #1
10008644:	930e      	str	r3, [sp, #56]	; 0x38
10008646:	e6b5      	b.n	100083b4 <_strtod_l+0x49c>
10008648:	2200      	movs	r2, #0
1000864a:	4ba5      	ldr	r3, [pc, #660]	; (100088e0 <_strtod_l+0x9c8>)
1000864c:	0020      	movs	r0, r4
1000864e:	0029      	movs	r1, r5
10008650:	f7fb fc89 	bl	10003f66 <__wrap___aeabi_dmul>
10008654:	000b      	movs	r3, r1
10008656:	9112      	str	r1, [sp, #72]	; 0x48
10008658:	9910      	ldr	r1, [sp, #64]	; 0x40
1000865a:	0002      	movs	r2, r0
1000865c:	9011      	str	r0, [sp, #68]	; 0x44
1000865e:	2900      	cmp	r1, #0
10008660:	d176      	bne.n	10008750 <_strtod_l+0x838>
10008662:	9214      	str	r2, [sp, #80]	; 0x50
10008664:	2280      	movs	r2, #128	; 0x80
10008666:	0612      	lsls	r2, r2, #24
10008668:	4694      	mov	ip, r2
1000866a:	4463      	add	r3, ip
1000866c:	9315      	str	r3, [sp, #84]	; 0x54
1000866e:	9b05      	ldr	r3, [sp, #20]
10008670:	9c14      	ldr	r4, [sp, #80]	; 0x50
10008672:	9d15      	ldr	r5, [sp, #84]	; 0x54
10008674:	930e      	str	r3, [sp, #56]	; 0x38
10008676:	e6f7      	b.n	10008468 <_strtod_l+0x550>
10008678:	4649      	mov	r1, r9
1000867a:	001a      	movs	r2, r3
1000867c:	0038      	movs	r0, r7
1000867e:	f001 fc0b 	bl	10009e98 <__pow5mult>
10008682:	4681      	mov	r9, r0
10008684:	2800      	cmp	r0, #0
10008686:	d100      	bne.n	1000868a <_strtod_l+0x772>
10008688:	e1dd      	b.n	10008a46 <_strtod_l+0xb2e>
1000868a:	0001      	movs	r1, r0
1000868c:	9a1c      	ldr	r2, [sp, #112]	; 0x70
1000868e:	0038      	movs	r0, r7
10008690:	f001 fb30 	bl	10009cf4 <__multiply>
10008694:	9010      	str	r0, [sp, #64]	; 0x40
10008696:	2800      	cmp	r0, #0
10008698:	d100      	bne.n	1000869c <_strtod_l+0x784>
1000869a:	e1d4      	b.n	10008a46 <_strtod_l+0xb2e>
1000869c:	0038      	movs	r0, r7
1000869e:	991c      	ldr	r1, [sp, #112]	; 0x70
100086a0:	f001 f9f8 	bl	10009a94 <_Bfree>
100086a4:	9b10      	ldr	r3, [sp, #64]	; 0x40
100086a6:	931c      	str	r3, [sp, #112]	; 0x70
100086a8:	2e00      	cmp	r6, #0
100086aa:	dc00      	bgt.n	100086ae <_strtod_l+0x796>
100086ac:	e69a      	b.n	100083e4 <_strtod_l+0x4cc>
100086ae:	0032      	movs	r2, r6
100086b0:	0038      	movs	r0, r7
100086b2:	991c      	ldr	r1, [sp, #112]	; 0x70
100086b4:	f001 fc5c 	bl	10009f70 <__lshift>
100086b8:	901c      	str	r0, [sp, #112]	; 0x70
100086ba:	2800      	cmp	r0, #0
100086bc:	d000      	beq.n	100086c0 <_strtod_l+0x7a8>
100086be:	e691      	b.n	100083e4 <_strtod_l+0x4cc>
100086c0:	4653      	mov	r3, sl
100086c2:	4646      	mov	r6, r8
100086c4:	46ba      	mov	sl, r7
100086c6:	46d8      	mov	r8, fp
100086c8:	930c      	str	r3, [sp, #48]	; 0x30
100086ca:	2322      	movs	r3, #34	; 0x22
100086cc:	4652      	mov	r2, sl
100086ce:	6013      	str	r3, [r2, #0]
100086d0:	2300      	movs	r3, #0
100086d2:	469b      	mov	fp, r3
100086d4:	4f83      	ldr	r7, [pc, #524]	; (100088e4 <_strtod_l+0x9cc>)
100086d6:	0001      	movs	r1, r0
100086d8:	4650      	mov	r0, sl
100086da:	f001 f9db 	bl	10009a94 <_Bfree>
100086de:	4650      	mov	r0, sl
100086e0:	990c      	ldr	r1, [sp, #48]	; 0x30
100086e2:	f001 f9d7 	bl	10009a94 <_Bfree>
100086e6:	4649      	mov	r1, r9
100086e8:	4650      	mov	r0, sl
100086ea:	f001 f9d3 	bl	10009a94 <_Bfree>
100086ee:	4641      	mov	r1, r8
100086f0:	4650      	mov	r0, sl
100086f2:	f001 f9cf 	bl	10009a94 <_Bfree>
100086f6:	0031      	movs	r1, r6
100086f8:	4650      	mov	r0, sl
100086fa:	f001 f9cb 	bl	10009a94 <_Bfree>
100086fe:	e713      	b.n	10008528 <_strtod_l+0x610>
10008700:	9a13      	ldr	r2, [sp, #76]	; 0x4c
10008702:	9d0d      	ldr	r5, [sp, #52]	; 0x34
10008704:	1ad4      	subs	r4, r2, r3
10008706:	e640      	b.n	1000838a <_strtod_l+0x472>
10008708:	4651      	mov	r1, sl
1000870a:	0038      	movs	r0, r7
1000870c:	9a13      	ldr	r2, [sp, #76]	; 0x4c
1000870e:	f001 fbc3 	bl	10009e98 <__pow5mult>
10008712:	4682      	mov	sl, r0
10008714:	1e03      	subs	r3, r0, #0
10008716:	d000      	beq.n	1000871a <_strtod_l+0x802>
10008718:	e668      	b.n	100083ec <_strtod_l+0x4d4>
1000871a:	4646      	mov	r6, r8
1000871c:	46ba      	mov	sl, r7
1000871e:	46d8      	mov	r8, fp
10008720:	981c      	ldr	r0, [sp, #112]	; 0x70
10008722:	930c      	str	r3, [sp, #48]	; 0x30
10008724:	e7d1      	b.n	100086ca <_strtod_l+0x7b2>
10008726:	4651      	mov	r1, sl
10008728:	0022      	movs	r2, r4
1000872a:	0038      	movs	r0, r7
1000872c:	f001 fc20 	bl	10009f70 <__lshift>
10008730:	4682      	mov	sl, r0
10008732:	1e03      	subs	r3, r0, #0
10008734:	d000      	beq.n	10008738 <_strtod_l+0x820>
10008736:	e65c      	b.n	100083f2 <_strtod_l+0x4da>
10008738:	e7ef      	b.n	1000871a <_strtod_l+0x802>
1000873a:	496b      	ldr	r1, [pc, #428]	; (100088e8 <_strtod_l+0x9d0>)
1000873c:	1acb      	subs	r3, r1, r3
1000873e:	2101      	movs	r1, #1
10008740:	4099      	lsls	r1, r3
10008742:	2301      	movs	r3, #1
10008744:	9111      	str	r1, [sp, #68]	; 0x44
10008746:	930e      	str	r3, [sp, #56]	; 0x38
10008748:	e634      	b.n	100083b4 <_strtod_l+0x49c>
1000874a:	2301      	movs	r3, #1
1000874c:	469c      	mov	ip, r3
1000874e:	e50a      	b.n	10008166 <_strtod_l+0x24e>
10008750:	9a11      	ldr	r2, [sp, #68]	; 0x44
10008752:	9b12      	ldr	r3, [sp, #72]	; 0x48
10008754:	9214      	str	r2, [sp, #80]	; 0x50
10008756:	9315      	str	r3, [sp, #84]	; 0x54
10008758:	e789      	b.n	1000866e <_strtod_l+0x756>
1000875a:	9904      	ldr	r1, [sp, #16]
1000875c:	9a05      	ldr	r2, [sp, #20]
1000875e:	2900      	cmp	r1, #0
10008760:	d15b      	bne.n	1000881a <_strtod_l+0x902>
10008762:	920e      	str	r2, [sp, #56]	; 0x38
10008764:	0313      	lsls	r3, r2, #12
10008766:	d15d      	bne.n	10008824 <_strtod_l+0x90c>
10008768:	2200      	movs	r2, #0
1000876a:	0020      	movs	r0, r4
1000876c:	0029      	movs	r1, r5
1000876e:	4b5f      	ldr	r3, [pc, #380]	; (100088ec <_strtod_l+0x9d4>)
10008770:	f7fb fc44 	bl	10003ffc <__wrap___aeabi_dcmplt>
10008774:	2800      	cmp	r0, #0
10008776:	d000      	beq.n	1000877a <_strtod_l+0x862>
10008778:	e1ff      	b.n	10008b7a <_strtod_l+0xc62>
1000877a:	2200      	movs	r2, #0
1000877c:	4b58      	ldr	r3, [pc, #352]	; (100088e0 <_strtod_l+0x9c8>)
1000877e:	0020      	movs	r0, r4
10008780:	0029      	movs	r1, r5
10008782:	f7fb fbf0 	bl	10003f66 <__wrap___aeabi_dmul>
10008786:	2280      	movs	r2, #128	; 0x80
10008788:	0612      	lsls	r2, r2, #24
1000878a:	000b      	movs	r3, r1
1000878c:	4694      	mov	ip, r2
1000878e:	4463      	add	r3, ip
10008790:	9011      	str	r0, [sp, #68]	; 0x44
10008792:	9112      	str	r1, [sp, #72]	; 0x48
10008794:	9018      	str	r0, [sp, #96]	; 0x60
10008796:	9319      	str	r3, [sp, #100]	; 0x64
10008798:	9c18      	ldr	r4, [sp, #96]	; 0x60
1000879a:	9d19      	ldr	r5, [sp, #100]	; 0x64
1000879c:	e664      	b.n	10008468 <_strtod_l+0x550>
1000879e:	2300      	movs	r3, #0
100087a0:	951b      	str	r5, [sp, #108]	; 0x6c
100087a2:	930b      	str	r3, [sp, #44]	; 0x2c
100087a4:	f7ff fc19 	bl	10007fda <_strtod_l+0xc2>
100087a8:	2301      	movs	r3, #1
100087aa:	469b      	mov	fp, r3
100087ac:	1cab      	adds	r3, r5, #2
100087ae:	931b      	str	r3, [sp, #108]	; 0x6c
100087b0:	78ac      	ldrb	r4, [r5, #2]
100087b2:	e4f4      	b.n	1000819e <_strtod_l+0x286>
100087b4:	4a4e      	ldr	r2, [pc, #312]	; (100088f0 <_strtod_l+0x9d8>)
100087b6:	9b0e      	ldr	r3, [sp, #56]	; 0x38
100087b8:	4694      	mov	ip, r2
100087ba:	4463      	add	r3, ip
100087bc:	9305      	str	r3, [sp, #20]
100087be:	940e      	str	r4, [sp, #56]	; 0x38
100087c0:	950f      	str	r5, [sp, #60]	; 0x3c
100087c2:	9c04      	ldr	r4, [sp, #16]
100087c4:	9d05      	ldr	r5, [sp, #20]
100087c6:	0020      	movs	r0, r4
100087c8:	0029      	movs	r1, r5
100087ca:	f001 fd2f 	bl	1000a22c <__ulp>
100087ce:	0002      	movs	r2, r0
100087d0:	000b      	movs	r3, r1
100087d2:	980e      	ldr	r0, [sp, #56]	; 0x38
100087d4:	990f      	ldr	r1, [sp, #60]	; 0x3c
100087d6:	f7fb fbc6 	bl	10003f66 <__wrap___aeabi_dmul>
100087da:	0022      	movs	r2, r4
100087dc:	002b      	movs	r3, r5
100087de:	f7fb fb9b 	bl	10003f18 <__wrap___aeabi_dadd>
100087e2:	4b40      	ldr	r3, [pc, #256]	; (100088e4 <_strtod_l+0x9cc>)
100087e4:	4a43      	ldr	r2, [pc, #268]	; (100088f4 <_strtod_l+0x9dc>)
100087e6:	9004      	str	r0, [sp, #16]
100087e8:	9105      	str	r1, [sp, #20]
100087ea:	400b      	ands	r3, r1
100087ec:	4293      	cmp	r3, r2
100087ee:	d920      	bls.n	10008832 <_strtod_l+0x91a>
100087f0:	9a0a      	ldr	r2, [sp, #40]	; 0x28
100087f2:	4b41      	ldr	r3, [pc, #260]	; (100088f8 <_strtod_l+0x9e0>)
100087f4:	429a      	cmp	r2, r3
100087f6:	d103      	bne.n	10008800 <_strtod_l+0x8e8>
100087f8:	9b0b      	ldr	r3, [sp, #44]	; 0x2c
100087fa:	3301      	adds	r3, #1
100087fc:	d100      	bne.n	10008800 <_strtod_l+0x8e8>
100087fe:	e122      	b.n	10008a46 <_strtod_l+0xb2e>
10008800:	4b3d      	ldr	r3, [pc, #244]	; (100088f8 <_strtod_l+0x9e0>)
10008802:	9305      	str	r3, [sp, #20]
10008804:	2301      	movs	r3, #1
10008806:	425b      	negs	r3, r3
10008808:	9304      	str	r3, [sp, #16]
1000880a:	e679      	b.n	10008500 <_strtod_l+0x5e8>
1000880c:	2300      	movs	r3, #0
1000880e:	930d      	str	r3, [sp, #52]	; 0x34
10008810:	9310      	str	r3, [sp, #64]	; 0x40
10008812:	3301      	adds	r3, #1
10008814:	2600      	movs	r6, #0
10008816:	469c      	mov	ip, r3
10008818:	e4a5      	b.n	10008166 <_strtod_l+0x24e>
1000881a:	2901      	cmp	r1, #1
1000881c:	d100      	bne.n	10008820 <_strtod_l+0x908>
1000881e:	e143      	b.n	10008aa8 <_strtod_l+0xb90>
10008820:	9b05      	ldr	r3, [sp, #20]
10008822:	930e      	str	r3, [sp, #56]	; 0x38
10008824:	2300      	movs	r3, #0
10008826:	9311      	str	r3, [sp, #68]	; 0x44
10008828:	4b30      	ldr	r3, [pc, #192]	; (100088ec <_strtod_l+0x9d4>)
1000882a:	2400      	movs	r4, #0
1000882c:	4d33      	ldr	r5, [pc, #204]	; (100088fc <_strtod_l+0x9e4>)
1000882e:	9312      	str	r3, [sp, #72]	; 0x48
10008830:	e61a      	b.n	10008468 <_strtod_l+0x550>
10008832:	23d4      	movs	r3, #212	; 0xd4
10008834:	049b      	lsls	r3, r3, #18
10008836:	18cc      	adds	r4, r1, r3
10008838:	9405      	str	r4, [sp, #20]
1000883a:	e659      	b.n	100084f0 <_strtod_l+0x5d8>
1000883c:	229a      	movs	r2, #154	; 0x9a
1000883e:	0052      	lsls	r2, r2, #1
10008840:	4294      	cmp	r4, r2
10008842:	dd00      	ble.n	10008846 <_strtod_l+0x92e>
10008844:	e0fb      	b.n	10008a3e <_strtod_l+0xb26>
10008846:	1124      	asrs	r4, r4, #4
10008848:	2b1f      	cmp	r3, #31
1000884a:	dc00      	bgt.n	1000884e <_strtod_l+0x936>
1000884c:	e294      	b.n	10008d78 <_strtod_l+0xe60>
1000884e:	9804      	ldr	r0, [sp, #16]
10008850:	9905      	ldr	r1, [sp, #20]
10008852:	2200      	movs	r2, #0
10008854:	4691      	mov	r9, r2
10008856:	3201      	adds	r2, #1
10008858:	4693      	mov	fp, r2
1000885a:	464a      	mov	r2, r9
1000885c:	4b28      	ldr	r3, [pc, #160]	; (10008900 <_strtod_l+0x9e8>)
1000885e:	46b1      	mov	r9, r6
10008860:	001d      	movs	r5, r3
10008862:	9307      	str	r3, [sp, #28]
10008864:	0016      	movs	r6, r2
10008866:	2300      	movs	r3, #0
10008868:	465a      	mov	r2, fp
1000886a:	4222      	tst	r2, r4
1000886c:	d004      	beq.n	10008878 <_strtod_l+0x960>
1000886e:	682a      	ldr	r2, [r5, #0]
10008870:	686b      	ldr	r3, [r5, #4]
10008872:	f7fb fb78 	bl	10003f66 <__wrap___aeabi_dmul>
10008876:	2301      	movs	r3, #1
10008878:	3601      	adds	r6, #1
1000887a:	1064      	asrs	r4, r4, #1
1000887c:	3508      	adds	r5, #8
1000887e:	2c01      	cmp	r4, #1
10008880:	d1f2      	bne.n	10008868 <_strtod_l+0x950>
10008882:	0032      	movs	r2, r6
10008884:	464e      	mov	r6, r9
10008886:	4691      	mov	r9, r2
10008888:	2b00      	cmp	r3, #0
1000888a:	d001      	beq.n	10008890 <_strtod_l+0x978>
1000888c:	9004      	str	r0, [sp, #16]
1000888e:	9105      	str	r1, [sp, #20]
10008890:	4a17      	ldr	r2, [pc, #92]	; (100088f0 <_strtod_l+0x9d8>)
10008892:	9b05      	ldr	r3, [sp, #20]
10008894:	4694      	mov	ip, r2
10008896:	4463      	add	r3, ip
10008898:	9305      	str	r3, [sp, #20]
1000889a:	464b      	mov	r3, r9
1000889c:	00d9      	lsls	r1, r3, #3
1000889e:	9b07      	ldr	r3, [sp, #28]
100088a0:	469c      	mov	ip, r3
100088a2:	9a04      	ldr	r2, [sp, #16]
100088a4:	9b05      	ldr	r3, [sp, #20]
100088a6:	4461      	add	r1, ip
100088a8:	6808      	ldr	r0, [r1, #0]
100088aa:	6849      	ldr	r1, [r1, #4]
100088ac:	f7fb fb5b 	bl	10003f66 <__wrap___aeabi_dmul>
100088b0:	4b0c      	ldr	r3, [pc, #48]	; (100088e4 <_strtod_l+0x9cc>)
100088b2:	4a14      	ldr	r2, [pc, #80]	; (10008904 <_strtod_l+0x9ec>)
100088b4:	9004      	str	r0, [sp, #16]
100088b6:	9105      	str	r1, [sp, #20]
100088b8:	400b      	ands	r3, r1
100088ba:	4293      	cmp	r3, r2
100088bc:	d900      	bls.n	100088c0 <_strtod_l+0x9a8>
100088be:	e0be      	b.n	10008a3e <_strtod_l+0xb26>
100088c0:	4a11      	ldr	r2, [pc, #68]	; (10008908 <_strtod_l+0x9f0>)
100088c2:	4293      	cmp	r3, r2
100088c4:	d800      	bhi.n	100088c8 <_strtod_l+0x9b0>
100088c6:	e1cb      	b.n	10008c60 <_strtod_l+0xd48>
100088c8:	4b0b      	ldr	r3, [pc, #44]	; (100088f8 <_strtod_l+0x9e0>)
100088ca:	9305      	str	r3, [sp, #20]
100088cc:	2301      	movs	r3, #1
100088ce:	425b      	negs	r3, r3
100088d0:	9304      	str	r3, [sp, #16]
100088d2:	2300      	movs	r3, #0
100088d4:	9307      	str	r3, [sp, #28]
100088d6:	e508      	b.n	100082ea <_strtod_l+0x3d2>
100088d8:	1000c2b8 	.word	0x1000c2b8
100088dc:	1000c038 	.word	0x1000c038
100088e0:	3fe00000 	.word	0x3fe00000
100088e4:	7ff00000 	.word	0x7ff00000
100088e8:	fffffbe2 	.word	0xfffffbe2
100088ec:	3ff00000 	.word	0x3ff00000
100088f0:	fcb00000 	.word	0xfcb00000
100088f4:	7c9fffff 	.word	0x7c9fffff
100088f8:	7fefffff 	.word	0x7fefffff
100088fc:	bff00000 	.word	0xbff00000
10008900:	1000c290 	.word	0x1000c290
10008904:	7ca00000 	.word	0x7ca00000
10008908:	7c900000 	.word	0x7c900000
1000890c:	2301      	movs	r3, #1
1000890e:	9309      	str	r3, [sp, #36]	; 0x24
10008910:	1c7a      	adds	r2, r7, #1
10008912:	921b      	str	r2, [sp, #108]	; 0x6c
10008914:	787b      	ldrb	r3, [r7, #1]
10008916:	2b00      	cmp	r3, #0
10008918:	d101      	bne.n	1000891e <_strtod_l+0xa06>
1000891a:	f7ff fb87 	bl	1000802c <_strtod_l+0x114>
1000891e:	0017      	movs	r7, r2
10008920:	f7ff fb1d 	bl	10007f5e <_strtod_l+0x46>
10008924:	2300      	movs	r3, #0
10008926:	9309      	str	r3, [sp, #36]	; 0x24
10008928:	e7f2      	b.n	10008910 <_strtod_l+0x9f8>
1000892a:	49d2      	ldr	r1, [pc, #840]	; (10008c74 <_strtod_l+0xd5c>)
1000892c:	9b1e      	ldr	r3, [sp, #120]	; 0x78
1000892e:	468c      	mov	ip, r1
10008930:	4ad1      	ldr	r2, [pc, #836]	; (10008c78 <_strtod_l+0xd60>)
10008932:	9304      	str	r3, [sp, #16]
10008934:	9b1f      	ldr	r3, [sp, #124]	; 0x7c
10008936:	401a      	ands	r2, r3
10008938:	9b1d      	ldr	r3, [sp, #116]	; 0x74
1000893a:	4463      	add	r3, ip
1000893c:	051b      	lsls	r3, r3, #20
1000893e:	431a      	orrs	r2, r3
10008940:	9205      	str	r2, [sp, #20]
10008942:	0723      	lsls	r3, r4, #28
10008944:	d504      	bpl.n	10008950 <_strtod_l+0xa38>
10008946:	2380      	movs	r3, #128	; 0x80
10008948:	9a05      	ldr	r2, [sp, #20]
1000894a:	061b      	lsls	r3, r3, #24
1000894c:	431a      	orrs	r2, r3
1000894e:	9205      	str	r2, [sp, #20]
10008950:	9b04      	ldr	r3, [sp, #16]
10008952:	9c05      	ldr	r4, [sp, #20]
10008954:	469b      	mov	fp, r3
10008956:	0027      	movs	r7, r4
10008958:	e5e6      	b.n	10008528 <_strtod_l+0x610>
1000895a:	49c8      	ldr	r1, [pc, #800]	; (10008c7c <_strtod_l+0xd64>)
1000895c:	a81b      	add	r0, sp, #108	; 0x6c
1000895e:	f000 ff59 	bl	10009814 <__match>
10008962:	2800      	cmp	r0, #0
10008964:	d101      	bne.n	1000896a <_strtod_l+0xa52>
10008966:	f7ff fb61 	bl	1000802c <_strtod_l+0x114>
1000896a:	9b1b      	ldr	r3, [sp, #108]	; 0x6c
1000896c:	49c4      	ldr	r1, [pc, #784]	; (10008c80 <_strtod_l+0xd68>)
1000896e:	3b01      	subs	r3, #1
10008970:	a81b      	add	r0, sp, #108	; 0x6c
10008972:	931b      	str	r3, [sp, #108]	; 0x6c
10008974:	f000 ff4e 	bl	10009814 <__match>
10008978:	2800      	cmp	r0, #0
1000897a:	d102      	bne.n	10008982 <_strtod_l+0xa6a>
1000897c:	9b1b      	ldr	r3, [sp, #108]	; 0x6c
1000897e:	3301      	adds	r3, #1
10008980:	931b      	str	r3, [sp, #108]	; 0x6c
10008982:	2300      	movs	r3, #0
10008984:	4fbf      	ldr	r7, [pc, #764]	; (10008c84 <_strtod_l+0xd6c>)
10008986:	469b      	mov	fp, r3
10008988:	e5ce      	b.n	10008528 <_strtod_l+0x610>
1000898a:	9e11      	ldr	r6, [sp, #68]	; 0x44
1000898c:	9d12      	ldr	r5, [sp, #72]	; 0x48
1000898e:	0030      	movs	r0, r6
10008990:	0029      	movs	r1, r5
10008992:	f7fb fbc1 	bl	10004118 <__wrap___aeabi_d2lz>
10008996:	f7fb fbb3 	bl	10004100 <__wrap___aeabi_l2d>
1000899a:	0002      	movs	r2, r0
1000899c:	000b      	movs	r3, r1
1000899e:	0030      	movs	r0, r6
100089a0:	0029      	movs	r1, r5
100089a2:	f7fb fab0 	bl	10003f06 <__wrap___aeabi_dsub>
100089a6:	9a04      	ldr	r2, [sp, #16]
100089a8:	9b10      	ldr	r3, [sp, #64]	; 0x40
100089aa:	0324      	lsls	r4, r4, #12
100089ac:	4313      	orrs	r3, r2
100089ae:	0b24      	lsrs	r4, r4, #12
100089b0:	0005      	movs	r5, r0
100089b2:	000e      	movs	r6, r1
100089b4:	4ab4      	ldr	r2, [pc, #720]	; (10008c88 <_strtod_l+0xd70>)
100089b6:	431c      	orrs	r4, r3
100089b8:	d113      	bne.n	100089e2 <_strtod_l+0xaca>
100089ba:	4bb4      	ldr	r3, [pc, #720]	; (10008c8c <_strtod_l+0xd74>)
100089bc:	f7fb fb1e 	bl	10003ffc <__wrap___aeabi_dcmplt>
100089c0:	2800      	cmp	r0, #0
100089c2:	d100      	bne.n	100089c6 <_strtod_l+0xaae>
100089c4:	e59c      	b.n	10008500 <_strtod_l+0x5e8>
100089c6:	4653      	mov	r3, sl
100089c8:	4646      	mov	r6, r8
100089ca:	46ba      	mov	sl, r7
100089cc:	46d8      	mov	r8, fp
100089ce:	930c      	str	r3, [sp, #48]	; 0x30
100089d0:	981c      	ldr	r0, [sp, #112]	; 0x70
100089d2:	9b04      	ldr	r3, [sp, #16]
100089d4:	9c05      	ldr	r4, [sp, #20]
100089d6:	469b      	mov	fp, r3
100089d8:	0027      	movs	r7, r4
100089da:	e67c      	b.n	100086d6 <_strtod_l+0x7be>
100089dc:	2300      	movs	r3, #0
100089de:	469b      	mov	fp, r3
100089e0:	e6e4      	b.n	100087ac <_strtod_l+0x894>
100089e2:	4bab      	ldr	r3, [pc, #684]	; (10008c90 <_strtod_l+0xd78>)
100089e4:	f7fb fb0a 	bl	10003ffc <__wrap___aeabi_dcmplt>
100089e8:	2800      	cmp	r0, #0
100089ea:	d1ec      	bne.n	100089c6 <_strtod_l+0xaae>
100089ec:	0028      	movs	r0, r5
100089ee:	0031      	movs	r1, r6
100089f0:	4aa8      	ldr	r2, [pc, #672]	; (10008c94 <_strtod_l+0xd7c>)
100089f2:	4ba9      	ldr	r3, [pc, #676]	; (10008c98 <_strtod_l+0xd80>)
100089f4:	f7fb fb18 	bl	10004028 <__wrap___aeabi_dcmpgt>
100089f8:	2800      	cmp	r0, #0
100089fa:	d100      	bne.n	100089fe <_strtod_l+0xae6>
100089fc:	e580      	b.n	10008500 <_strtod_l+0x5e8>
100089fe:	e7e2      	b.n	100089c6 <_strtod_l+0xaae>
10008a00:	9b09      	ldr	r3, [sp, #36]	; 0x24
10008a02:	9402      	str	r4, [sp, #8]
10008a04:	9301      	str	r3, [sp, #4]
10008a06:	ab1c      	add	r3, sp, #112	; 0x70
10008a08:	9300      	str	r3, [sp, #0]
10008a0a:	4650      	mov	r0, sl
10008a0c:	ab1d      	add	r3, sp, #116	; 0x74
10008a0e:	4aa3      	ldr	r2, [pc, #652]	; (10008c9c <_strtod_l+0xd84>)
10008a10:	a91b      	add	r1, sp, #108	; 0x6c
10008a12:	f000 fc19 	bl	10009248 <__gethex>
10008a16:	2307      	movs	r3, #7
10008a18:	001d      	movs	r5, r3
10008a1a:	0004      	movs	r4, r0
10008a1c:	4005      	ands	r5, r0
10008a1e:	4203      	tst	r3, r0
10008a20:	d100      	bne.n	10008a24 <_strtod_l+0xb0c>
10008a22:	e57e      	b.n	10008522 <_strtod_l+0x60a>
10008a24:	2d06      	cmp	r5, #6
10008a26:	d174      	bne.n	10008b12 <_strtod_l+0xbfa>
10008a28:	9b08      	ldr	r3, [sp, #32]
10008a2a:	2b00      	cmp	r3, #0
10008a2c:	d101      	bne.n	10008a32 <_strtod_l+0xb1a>
10008a2e:	f7ff fb02 	bl	10008036 <_strtod_l+0x11e>
10008a32:	601e      	str	r6, [r3, #0]
10008a34:	2300      	movs	r3, #0
10008a36:	2700      	movs	r7, #0
10008a38:	469b      	mov	fp, r3
10008a3a:	f7ff faff 	bl	1000803c <_strtod_l+0x124>
10008a3e:	2322      	movs	r3, #34	; 0x22
10008a40:	4652      	mov	r2, sl
10008a42:	6013      	str	r3, [r2, #0]
10008a44:	e79d      	b.n	10008982 <_strtod_l+0xa6a>
10008a46:	4653      	mov	r3, sl
10008a48:	e667      	b.n	1000871a <_strtod_l+0x802>
10008a4a:	465b      	mov	r3, fp
10008a4c:	4648      	mov	r0, r9
10008a4e:	9307      	str	r3, [sp, #28]
10008a50:	4643      	mov	r3, r8
10008a52:	4689      	mov	r9, r1
10008a54:	46a8      	mov	r8, r5
10008a56:	0001      	movs	r1, r0
10008a58:	001d      	movs	r5, r3
10008a5a:	3202      	adds	r2, #2
10008a5c:	2e08      	cmp	r6, #8
10008a5e:	dc43      	bgt.n	10008ae8 <_strtod_l+0xbd0>
10008a60:	0016      	movs	r6, r2
10008a62:	f7ff fb27 	bl	100080b4 <_strtod_l+0x19c>
10008a66:	465a      	mov	r2, fp
10008a68:	0038      	movs	r0, r7
10008a6a:	9907      	ldr	r1, [sp, #28]
10008a6c:	f001 fd58 	bl	1000a520 <strncmp>
10008a70:	2800      	cmp	r0, #0
10008a72:	d045      	beq.n	10008b00 <_strtod_l+0xbe8>
10008a74:	2300      	movs	r3, #0
10008a76:	2600      	movs	r6, #0
10008a78:	4699      	mov	r9, r3
10008a7a:	4698      	mov	r8, r3
10008a7c:	930d      	str	r3, [sp, #52]	; 0x34
10008a7e:	f7ff faa7 	bl	10007fd0 <_strtod_l+0xb8>
10008a82:	9b0c      	ldr	r3, [sp, #48]	; 0x30
10008a84:	3316      	adds	r3, #22
10008a86:	da00      	bge.n	10008a8a <_strtod_l+0xb72>
10008a88:	e572      	b.n	10008570 <_strtod_l+0x658>
10008a8a:	9804      	ldr	r0, [sp, #16]
10008a8c:	9905      	ldr	r1, [sp, #20]
10008a8e:	9b10      	ldr	r3, [sp, #64]	; 0x40
10008a90:	9a0b      	ldr	r2, [sp, #44]	; 0x2c
10008a92:	1a9a      	subs	r2, r3, r2
10008a94:	4b82      	ldr	r3, [pc, #520]	; (10008ca0 <_strtod_l+0xd88>)
10008a96:	00d2      	lsls	r2, r2, #3
10008a98:	189b      	adds	r3, r3, r2
10008a9a:	681a      	ldr	r2, [r3, #0]
10008a9c:	685b      	ldr	r3, [r3, #4]
10008a9e:	f7fb fa44 	bl	10003f2a <__wrap___aeabi_ddiv>
10008aa2:	4683      	mov	fp, r0
10008aa4:	000f      	movs	r7, r1
10008aa6:	e53f      	b.n	10008528 <_strtod_l+0x610>
10008aa8:	9b05      	ldr	r3, [sp, #20]
10008aaa:	930e      	str	r3, [sp, #56]	; 0x38
10008aac:	2b00      	cmp	r3, #0
10008aae:	d000      	beq.n	10008ab2 <_strtod_l+0xb9a>
10008ab0:	e6b8      	b.n	10008824 <_strtod_l+0x90c>
10008ab2:	4653      	mov	r3, sl
10008ab4:	4646      	mov	r6, r8
10008ab6:	46ba      	mov	sl, r7
10008ab8:	46d8      	mov	r8, fp
10008aba:	930c      	str	r3, [sp, #48]	; 0x30
10008abc:	2322      	movs	r3, #34	; 0x22
10008abe:	4652      	mov	r2, sl
10008ac0:	6013      	str	r3, [r2, #0]
10008ac2:	2300      	movs	r3, #0
10008ac4:	981c      	ldr	r0, [sp, #112]	; 0x70
10008ac6:	469b      	mov	fp, r3
10008ac8:	001f      	movs	r7, r3
10008aca:	e604      	b.n	100086d6 <_strtod_l+0x7be>
10008acc:	001a      	movs	r2, r3
10008ace:	930b      	str	r3, [sp, #44]	; 0x2c
10008ad0:	4b74      	ldr	r3, [pc, #464]	; (10008ca4 <_strtod_l+0xd8c>)
10008ad2:	429a      	cmp	r2, r3
10008ad4:	dc01      	bgt.n	10008ada <_strtod_l+0xbc2>
10008ad6:	f7ff fb99 	bl	1000820c <_strtod_l+0x2f4>
10008ada:	f7ff fb96 	bl	1000820a <_strtod_l+0x2f2>
10008ade:	9a11      	ldr	r2, [sp, #68]	; 0x44
10008ae0:	9b12      	ldr	r3, [sp, #72]	; 0x48
10008ae2:	9216      	str	r2, [sp, #88]	; 0x58
10008ae4:	9317      	str	r3, [sp, #92]	; 0x5c
10008ae6:	e4ec      	b.n	100084c2 <_strtod_l+0x5aa>
10008ae8:	2a10      	cmp	r2, #16
10008aea:	dc4f      	bgt.n	10008b8c <_strtod_l+0xc74>
10008aec:	464b      	mov	r3, r9
10008aee:	009b      	lsls	r3, r3, #2
10008af0:	444b      	add	r3, r9
10008af2:	4689      	mov	r9, r1
10008af4:	005b      	lsls	r3, r3, #1
10008af6:	0016      	movs	r6, r2
10008af8:	2000      	movs	r0, #0
10008afa:	4499      	add	r9, r3
10008afc:	f7ff fae3 	bl	100080c6 <_strtod_l+0x1ae>
10008b00:	2200      	movs	r2, #0
10008b02:	9b1b      	ldr	r3, [sp, #108]	; 0x6c
10008b04:	4690      	mov	r8, r2
10008b06:	445b      	add	r3, fp
10008b08:	931b      	str	r3, [sp, #108]	; 0x6c
10008b0a:	4691      	mov	r9, r2
10008b0c:	781c      	ldrb	r4, [r3, #0]
10008b0e:	f7ff fab2 	bl	10008076 <_strtod_l+0x15e>
10008b12:	9a1c      	ldr	r2, [sp, #112]	; 0x70
10008b14:	2a00      	cmp	r2, #0
10008b16:	d007      	beq.n	10008b28 <_strtod_l+0xc10>
10008b18:	2135      	movs	r1, #53	; 0x35
10008b1a:	a81e      	add	r0, sp, #120	; 0x78
10008b1c:	f001 fcae 	bl	1000a47c <__copybits>
10008b20:	4650      	mov	r0, sl
10008b22:	991c      	ldr	r1, [sp, #112]	; 0x70
10008b24:	f000 ffb6 	bl	10009a94 <_Bfree>
10008b28:	2d05      	cmp	r5, #5
10008b2a:	d900      	bls.n	10008b2e <_strtod_l+0xc16>
10008b2c:	e709      	b.n	10008942 <_strtod_l+0xa2a>
10008b2e:	4b5e      	ldr	r3, [pc, #376]	; (10008ca8 <_strtod_l+0xd90>)
10008b30:	00ad      	lsls	r5, r5, #2
10008b32:	595b      	ldr	r3, [r3, r5]
10008b34:	469f      	mov	pc, r3
10008b36:	4b5d      	ldr	r3, [pc, #372]	; (10008cac <_strtod_l+0xd94>)
10008b38:	9305      	str	r3, [sp, #20]
10008b3a:	2301      	movs	r3, #1
10008b3c:	425b      	negs	r3, r3
10008b3e:	9304      	str	r3, [sp, #16]
10008b40:	e6ff      	b.n	10008942 <_strtod_l+0xa2a>
10008b42:	4b50      	ldr	r3, [pc, #320]	; (10008c84 <_strtod_l+0xd6c>)
10008b44:	9305      	str	r3, [sp, #20]
10008b46:	e6fc      	b.n	10008942 <_strtod_l+0xa2a>
10008b48:	9b1e      	ldr	r3, [sp, #120]	; 0x78
10008b4a:	9304      	str	r3, [sp, #16]
10008b4c:	9b1f      	ldr	r3, [sp, #124]	; 0x7c
10008b4e:	9305      	str	r3, [sp, #20]
10008b50:	e6f7      	b.n	10008942 <_strtod_l+0xa2a>
10008b52:	2000      	movs	r0, #0
10008b54:	f7ff fa9b 	bl	1000808e <_strtod_l+0x176>
10008b58:	4951      	ldr	r1, [pc, #324]	; (10008ca0 <_strtod_l+0xd88>)
10008b5a:	00db      	lsls	r3, r3, #3
10008b5c:	18c9      	adds	r1, r1, r3
10008b5e:	6808      	ldr	r0, [r1, #0]
10008b60:	6849      	ldr	r1, [r1, #4]
10008b62:	9a04      	ldr	r2, [sp, #16]
10008b64:	9b05      	ldr	r3, [sp, #20]
10008b66:	f7fb f9fe 	bl	10003f66 <__wrap___aeabi_dmul>
10008b6a:	4683      	mov	fp, r0
10008b6c:	000f      	movs	r7, r1
10008b6e:	e4db      	b.n	10008528 <_strtod_l+0x610>
10008b70:	2300      	movs	r3, #0
10008b72:	960d      	str	r6, [sp, #52]	; 0x34
10008b74:	9310      	str	r3, [sp, #64]	; 0x40
10008b76:	f7ff faab 	bl	100080d0 <_strtod_l+0x1b8>
10008b7a:	2300      	movs	r3, #0
10008b7c:	4c4c      	ldr	r4, [pc, #304]	; (10008cb0 <_strtod_l+0xd98>)
10008b7e:	9318      	str	r3, [sp, #96]	; 0x60
10008b80:	9419      	str	r4, [sp, #100]	; 0x64
10008b82:	2300      	movs	r3, #0
10008b84:	9311      	str	r3, [sp, #68]	; 0x44
10008b86:	4b44      	ldr	r3, [pc, #272]	; (10008c98 <_strtod_l+0xd80>)
10008b88:	9312      	str	r3, [sp, #72]	; 0x48
10008b8a:	e605      	b.n	10008798 <_strtod_l+0x880>
10008b8c:	0016      	movs	r6, r2
10008b8e:	2000      	movs	r0, #0
10008b90:	f7ff fa99 	bl	100080c6 <_strtod_l+0x1ae>
10008b94:	230f      	movs	r3, #15
10008b96:	4c42      	ldr	r4, [pc, #264]	; (10008ca0 <_strtod_l+0xd88>)
10008b98:	1b9e      	subs	r6, r3, r6
10008b9a:	00f1      	lsls	r1, r6, #3
10008b9c:	1861      	adds	r1, r4, r1
10008b9e:	9a04      	ldr	r2, [sp, #16]
10008ba0:	9b05      	ldr	r3, [sp, #20]
10008ba2:	6808      	ldr	r0, [r1, #0]
10008ba4:	6849      	ldr	r1, [r1, #4]
10008ba6:	f7fb f9de 	bl	10003f66 <__wrap___aeabi_dmul>
10008baa:	9b0c      	ldr	r3, [sp, #48]	; 0x30
10008bac:	1b9e      	subs	r6, r3, r6
10008bae:	00f6      	lsls	r6, r6, #3
10008bb0:	19a6      	adds	r6, r4, r6
10008bb2:	6832      	ldr	r2, [r6, #0]
10008bb4:	6873      	ldr	r3, [r6, #4]
10008bb6:	f7fb f9d6 	bl	10003f66 <__wrap___aeabi_dmul>
10008bba:	4683      	mov	fp, r0
10008bbc:	000f      	movs	r7, r1
10008bbe:	e4b3      	b.n	10008528 <_strtod_l+0x610>
10008bc0:	4653      	mov	r3, sl
10008bc2:	930c      	str	r3, [sp, #48]	; 0x30
10008bc4:	9b0b      	ldr	r3, [sp, #44]	; 0x2c
10008bc6:	4646      	mov	r6, r8
10008bc8:	46d8      	mov	r8, fp
10008bca:	469b      	mov	fp, r3
10008bcc:	9b10      	ldr	r3, [sp, #64]	; 0x40
10008bce:	46ba      	mov	sl, r7
10008bd0:	9f0a      	ldr	r7, [sp, #40]	; 0x28
10008bd2:	2b00      	cmp	r3, #0
10008bd4:	d100      	bne.n	10008bd8 <_strtod_l+0xcc0>
10008bd6:	e0bf      	b.n	10008d58 <_strtod_l+0xe40>
10008bd8:	9b04      	ldr	r3, [sp, #16]
10008bda:	9c05      	ldr	r4, [sp, #20]
10008bdc:	4935      	ldr	r1, [pc, #212]	; (10008cb4 <_strtod_l+0xd9c>)
10008bde:	0323      	lsls	r3, r4, #12
10008be0:	0022      	movs	r2, r4
10008be2:	0b1b      	lsrs	r3, r3, #12
10008be4:	428b      	cmp	r3, r1
10008be6:	d100      	bne.n	10008bea <_strtod_l+0xcd2>
10008be8:	e0f4      	b.n	10008dd4 <_strtod_l+0xebc>
10008bea:	9911      	ldr	r1, [sp, #68]	; 0x44
10008bec:	2900      	cmp	r1, #0
10008bee:	d100      	bne.n	10008bf2 <_strtod_l+0xcda>
10008bf0:	e0bb      	b.n	10008d6a <_strtod_l+0xe52>
10008bf2:	9a04      	ldr	r2, [sp, #16]
10008bf4:	9b05      	ldr	r3, [sp, #20]
10008bf6:	001c      	movs	r4, r3
10008bf8:	4219      	tst	r1, r3
10008bfa:	d01e      	beq.n	10008c3a <_strtod_l+0xd22>
10008bfc:	9b10      	ldr	r3, [sp, #64]	; 0x40
10008bfe:	4658      	mov	r0, fp
10008c00:	0039      	movs	r1, r7
10008c02:	2b00      	cmp	r3, #0
10008c04:	d100      	bne.n	10008c08 <_strtod_l+0xcf0>
10008c06:	e0bc      	b.n	10008d82 <_strtod_l+0xe6a>
10008c08:	f001 fb10 	bl	1000a22c <__ulp>
10008c0c:	9b07      	ldr	r3, [sp, #28]
10008c0e:	2b00      	cmp	r3, #0
10008c10:	d00b      	beq.n	10008c2a <_strtod_l+0xd12>
10008c12:	236b      	movs	r3, #107	; 0x6b
10008c14:	0064      	lsls	r4, r4, #1
10008c16:	0d64      	lsrs	r4, r4, #21
10008c18:	1b1c      	subs	r4, r3, r4
10008c1a:	2c00      	cmp	r4, #0
10008c1c:	dd05      	ble.n	10008c2a <_strtod_l+0xd12>
10008c1e:	4d26      	ldr	r5, [pc, #152]	; (10008cb8 <_strtod_l+0xda0>)
10008c20:	0524      	lsls	r4, r4, #20
10008c22:	2200      	movs	r2, #0
10008c24:	1963      	adds	r3, r4, r5
10008c26:	f7fb f99e 	bl	10003f66 <__wrap___aeabi_dmul>
10008c2a:	0002      	movs	r2, r0
10008c2c:	000b      	movs	r3, r1
10008c2e:	4658      	mov	r0, fp
10008c30:	0039      	movs	r1, r7
10008c32:	f7fb f971 	bl	10003f18 <__wrap___aeabi_dadd>
10008c36:	4683      	mov	fp, r0
10008c38:	000f      	movs	r7, r1
10008c3a:	9b07      	ldr	r3, [sp, #28]
10008c3c:	2b00      	cmp	r3, #0
10008c3e:	d00d      	beq.n	10008c5c <_strtod_l+0xd44>
10008c40:	4658      	mov	r0, fp
10008c42:	0039      	movs	r1, r7
10008c44:	4b1d      	ldr	r3, [pc, #116]	; (10008cbc <_strtod_l+0xda4>)
10008c46:	2200      	movs	r2, #0
10008c48:	f7fb f98d 	bl	10003f66 <__wrap___aeabi_dmul>
10008c4c:	0003      	movs	r3, r0
10008c4e:	4683      	mov	fp, r0
10008c50:	000f      	movs	r7, r1
10008c52:	430b      	orrs	r3, r1
10008c54:	d102      	bne.n	10008c5c <_strtod_l+0xd44>
10008c56:	2322      	movs	r3, #34	; 0x22
10008c58:	4652      	mov	r2, sl
10008c5a:	6013      	str	r3, [r2, #0]
10008c5c:	981c      	ldr	r0, [sp, #112]	; 0x70
10008c5e:	e53a      	b.n	100086d6 <_strtod_l+0x7be>
10008c60:	22d4      	movs	r2, #212	; 0xd4
10008c62:	0492      	lsls	r2, r2, #18
10008c64:	000b      	movs	r3, r1
10008c66:	4694      	mov	ip, r2
10008c68:	4463      	add	r3, ip
10008c6a:	9305      	str	r3, [sp, #20]
10008c6c:	2300      	movs	r3, #0
10008c6e:	9307      	str	r3, [sp, #28]
10008c70:	f7ff fb3b 	bl	100082ea <_strtod_l+0x3d2>
10008c74:	00000433 	.word	0x00000433
10008c78:	ffefffff 	.word	0xffefffff
10008c7c:	1000bf30 	.word	0x1000bf30
10008c80:	1000bf34 	.word	0x1000bf34
10008c84:	7ff00000 	.word	0x7ff00000
10008c88:	94a03595 	.word	0x94a03595
10008c8c:	3fcfffff 	.word	0x3fcfffff
10008c90:	3fdfffff 	.word	0x3fdfffff
10008c94:	35afe535 	.word	0x35afe535
10008c98:	3fe00000 	.word	0x3fe00000
10008c9c:	1000c010 	.word	0x1000c010
10008ca0:	1000c2b8 	.word	0x1000c2b8
10008ca4:	00004e1f 	.word	0x00004e1f
10008ca8:	1000bff8 	.word	0x1000bff8
10008cac:	7fffffff 	.word	0x7fffffff
10008cb0:	bfe00000 	.word	0xbfe00000
10008cb4:	000fffff 	.word	0x000fffff
10008cb8:	3ff00000 	.word	0x3ff00000
10008cbc:	39500000 	.word	0x39500000
10008cc0:	496c      	ldr	r1, [pc, #432]	; (10008e74 <_strtod_l+0xf5c>)
10008cc2:	aa1e      	add	r2, sp, #120	; 0x78
10008cc4:	a81b      	add	r0, sp, #108	; 0x6c
10008cc6:	f000 fdbb 	bl	10009840 <__hexnan>
10008cca:	2805      	cmp	r0, #5
10008ccc:	d001      	beq.n	10008cd2 <_strtod_l+0xdba>
10008cce:	f7ff f9a5 	bl	1000801c <_strtod_l+0x104>
10008cd2:	9b1f      	ldr	r3, [sp, #124]	; 0x7c
10008cd4:	4a68      	ldr	r2, [pc, #416]	; (10008e78 <_strtod_l+0xf60>)
10008cd6:	431a      	orrs	r2, r3
10008cd8:	9b1e      	ldr	r3, [sp, #120]	; 0x78
10008cda:	9205      	str	r2, [sp, #20]
10008cdc:	9304      	str	r3, [sp, #16]
10008cde:	9b04      	ldr	r3, [sp, #16]
10008ce0:	9c05      	ldr	r4, [sp, #20]
10008ce2:	469b      	mov	fp, r3
10008ce4:	0027      	movs	r7, r4
10008ce6:	f7ff fc1f 	bl	10008528 <_strtod_l+0x610>
10008cea:	4653      	mov	r3, sl
10008cec:	9904      	ldr	r1, [sp, #16]
10008cee:	9a05      	ldr	r2, [sp, #20]
10008cf0:	930c      	str	r3, [sp, #48]	; 0x30
10008cf2:	9b0b      	ldr	r3, [sp, #44]	; 0x2c
10008cf4:	4646      	mov	r6, r8
10008cf6:	46d8      	mov	r8, fp
10008cf8:	469b      	mov	fp, r3
10008cfa:	9b10      	ldr	r3, [sp, #64]	; 0x40
10008cfc:	46ba      	mov	sl, r7
10008cfe:	430b      	orrs	r3, r1
10008d00:	9f0a      	ldr	r7, [sp, #40]	; 0x28
10008d02:	d19a      	bne.n	10008c3a <_strtod_l+0xd22>
10008d04:	0014      	movs	r4, r2
10008d06:	0313      	lsls	r3, r2, #12
10008d08:	d197      	bne.n	10008c3a <_strtod_l+0xd22>
10008d0a:	4b5b      	ldr	r3, [pc, #364]	; (10008e78 <_strtod_l+0xf60>)
10008d0c:	4013      	ands	r3, r2
10008d0e:	22d6      	movs	r2, #214	; 0xd6
10008d10:	04d2      	lsls	r2, r2, #19
10008d12:	4293      	cmp	r3, r2
10008d14:	d991      	bls.n	10008c3a <_strtod_l+0xd22>
10008d16:	6973      	ldr	r3, [r6, #20]
10008d18:	2b00      	cmp	r3, #0
10008d1a:	d102      	bne.n	10008d22 <_strtod_l+0xe0a>
10008d1c:	6933      	ldr	r3, [r6, #16]
10008d1e:	2b01      	cmp	r3, #1
10008d20:	dd8b      	ble.n	10008c3a <_strtod_l+0xd22>
10008d22:	0031      	movs	r1, r6
10008d24:	2201      	movs	r2, #1
10008d26:	4650      	mov	r0, sl
10008d28:	f001 f922 	bl	10009f70 <__lshift>
10008d2c:	4649      	mov	r1, r9
10008d2e:	0006      	movs	r6, r0
10008d30:	f001 f99c 	bl	1000a06c <__mcmp>
10008d34:	2800      	cmp	r0, #0
10008d36:	dc00      	bgt.n	10008d3a <_strtod_l+0xe22>
10008d38:	e77f      	b.n	10008c3a <_strtod_l+0xd22>
10008d3a:	9b07      	ldr	r3, [sp, #28]
10008d3c:	2b00      	cmp	r3, #0
10008d3e:	d06e      	beq.n	10008e1e <_strtod_l+0xf06>
10008d40:	22d6      	movs	r2, #214	; 0xd6
10008d42:	4b4d      	ldr	r3, [pc, #308]	; (10008e78 <_strtod_l+0xf60>)
10008d44:	04d2      	lsls	r2, r2, #19
10008d46:	4023      	ands	r3, r4
10008d48:	4293      	cmp	r3, r2
10008d4a:	dc68      	bgt.n	10008e1e <_strtod_l+0xf06>
10008d4c:	22dc      	movs	r2, #220	; 0xdc
10008d4e:	0492      	lsls	r2, r2, #18
10008d50:	4293      	cmp	r3, r2
10008d52:	dd00      	ble.n	10008d56 <_strtod_l+0xe3e>
10008d54:	e774      	b.n	10008c40 <_strtod_l+0xd28>
10008d56:	e6b1      	b.n	10008abc <_strtod_l+0xba4>
10008d58:	9904      	ldr	r1, [sp, #16]
10008d5a:	9a05      	ldr	r2, [sp, #20]
10008d5c:	0313      	lsls	r3, r2, #12
10008d5e:	0b1b      	lsrs	r3, r3, #12
10008d60:	0014      	movs	r4, r2
10008d62:	430b      	orrs	r3, r1
10008d64:	d000      	beq.n	10008d68 <_strtod_l+0xe50>
10008d66:	e740      	b.n	10008bea <_strtod_l+0xcd2>
10008d68:	e7e7      	b.n	10008d3a <_strtod_l+0xe22>
10008d6a:	9a0e      	ldr	r2, [sp, #56]	; 0x38
10008d6c:	9b04      	ldr	r3, [sp, #16]
10008d6e:	9c05      	ldr	r4, [sp, #20]
10008d70:	421a      	tst	r2, r3
10008d72:	d100      	bne.n	10008d76 <_strtod_l+0xe5e>
10008d74:	e761      	b.n	10008c3a <_strtod_l+0xd22>
10008d76:	e741      	b.n	10008bfc <_strtod_l+0xce4>
10008d78:	2300      	movs	r3, #0
10008d7a:	4699      	mov	r9, r3
10008d7c:	4b3f      	ldr	r3, [pc, #252]	; (10008e7c <_strtod_l+0xf64>)
10008d7e:	9307      	str	r3, [sp, #28]
10008d80:	e586      	b.n	10008890 <_strtod_l+0x978>
10008d82:	f001 fa53 	bl	1000a22c <__ulp>
10008d86:	9b07      	ldr	r3, [sp, #28]
10008d88:	2b00      	cmp	r3, #0
10008d8a:	d056      	beq.n	10008e3a <_strtod_l+0xf22>
10008d8c:	236b      	movs	r3, #107	; 0x6b
10008d8e:	0064      	lsls	r4, r4, #1
10008d90:	0d64      	lsrs	r4, r4, #21
10008d92:	1b1c      	subs	r4, r3, r4
10008d94:	2c00      	cmp	r4, #0
10008d96:	dd05      	ble.n	10008da4 <_strtod_l+0xe8c>
10008d98:	4d39      	ldr	r5, [pc, #228]	; (10008e80 <_strtod_l+0xf68>)
10008d9a:	0524      	lsls	r4, r4, #20
10008d9c:	2200      	movs	r2, #0
10008d9e:	1963      	adds	r3, r4, r5
10008da0:	f7fb f8e1 	bl	10003f66 <__wrap___aeabi_dmul>
10008da4:	0002      	movs	r2, r0
10008da6:	000b      	movs	r3, r1
10008da8:	4658      	mov	r0, fp
10008daa:	0039      	movs	r1, r7
10008dac:	f7fb f8ab 	bl	10003f06 <__wrap___aeabi_dsub>
10008db0:	2200      	movs	r2, #0
10008db2:	2300      	movs	r3, #0
10008db4:	4683      	mov	fp, r0
10008db6:	000f      	movs	r7, r1
10008db8:	f7fb f918 	bl	10003fec <__wrap___aeabi_dcmpeq>
10008dbc:	2800      	cmp	r0, #0
10008dbe:	d100      	bne.n	10008dc2 <_strtod_l+0xeaa>
10008dc0:	e73e      	b.n	10008c40 <_strtod_l+0xd28>
10008dc2:	e67b      	b.n	10008abc <_strtod_l+0xba4>
10008dc4:	2201      	movs	r2, #1
10008dc6:	4252      	negs	r2, r2
10008dc8:	409a      	lsls	r2, r3
10008dca:	9b04      	ldr	r3, [sp, #16]
10008dcc:	4013      	ands	r3, r2
10008dce:	9304      	str	r3, [sp, #16]
10008dd0:	f7ff fc25 	bl	1000861e <_strtod_l+0x706>
10008dd4:	9b07      	ldr	r3, [sp, #28]
10008dd6:	9904      	ldr	r1, [sp, #16]
10008dd8:	2b00      	cmp	r3, #0
10008dda:	d02b      	beq.n	10008e34 <_strtod_l+0xf1c>
10008ddc:	20d4      	movs	r0, #212	; 0xd4
10008dde:	4b26      	ldr	r3, [pc, #152]	; (10008e78 <_strtod_l+0xf60>)
10008de0:	04c0      	lsls	r0, r0, #19
10008de2:	4023      	ands	r3, r4
10008de4:	4283      	cmp	r3, r0
10008de6:	d825      	bhi.n	10008e34 <_strtod_l+0xf1c>
10008de8:	206b      	movs	r0, #107	; 0x6b
10008dea:	0d1b      	lsrs	r3, r3, #20
10008dec:	1ac0      	subs	r0, r0, r3
10008dee:	2301      	movs	r3, #1
10008df0:	425b      	negs	r3, r3
10008df2:	4083      	lsls	r3, r0
10008df4:	4299      	cmp	r1, r3
10008df6:	d000      	beq.n	10008dfa <_strtod_l+0xee2>
10008df8:	e6f7      	b.n	10008bea <_strtod_l+0xcd2>
10008dfa:	4b22      	ldr	r3, [pc, #136]	; (10008e84 <_strtod_l+0xf6c>)
10008dfc:	429a      	cmp	r2, r3
10008dfe:	d035      	beq.n	10008e6c <_strtod_l+0xf54>
10008e00:	2180      	movs	r1, #128	; 0x80
10008e02:	4b1d      	ldr	r3, [pc, #116]	; (10008e78 <_strtod_l+0xf60>)
10008e04:	0349      	lsls	r1, r1, #13
10008e06:	401a      	ands	r2, r3
10008e08:	0013      	movs	r3, r2
10008e0a:	468c      	mov	ip, r1
10008e0c:	4463      	add	r3, ip
10008e0e:	9305      	str	r3, [sp, #20]
10008e10:	2300      	movs	r3, #0
10008e12:	9304      	str	r3, [sp, #16]
10008e14:	9b04      	ldr	r3, [sp, #16]
10008e16:	9c05      	ldr	r4, [sp, #20]
10008e18:	469b      	mov	fp, r3
10008e1a:	0027      	movs	r7, r4
10008e1c:	e70d      	b.n	10008c3a <_strtod_l+0xd22>
10008e1e:	4b16      	ldr	r3, [pc, #88]	; (10008e78 <_strtod_l+0xf60>)
10008e20:	401c      	ands	r4, r3
10008e22:	4b19      	ldr	r3, [pc, #100]	; (10008e88 <_strtod_l+0xf70>)
10008e24:	469c      	mov	ip, r3
10008e26:	4b19      	ldr	r3, [pc, #100]	; (10008e8c <_strtod_l+0xf74>)
10008e28:	4464      	add	r4, ip
10008e2a:	4323      	orrs	r3, r4
10008e2c:	9305      	str	r3, [sp, #20]
10008e2e:	2301      	movs	r3, #1
10008e30:	425b      	negs	r3, r3
10008e32:	e7ee      	b.n	10008e12 <_strtod_l+0xefa>
10008e34:	2301      	movs	r3, #1
10008e36:	425b      	negs	r3, r3
10008e38:	e7dc      	b.n	10008df4 <_strtod_l+0xedc>
10008e3a:	0002      	movs	r2, r0
10008e3c:	000b      	movs	r3, r1
10008e3e:	4658      	mov	r0, fp
10008e40:	0039      	movs	r1, r7
10008e42:	f7fb f860 	bl	10003f06 <__wrap___aeabi_dsub>
10008e46:	2200      	movs	r2, #0
10008e48:	2300      	movs	r3, #0
10008e4a:	4683      	mov	fp, r0
10008e4c:	000f      	movs	r7, r1
10008e4e:	f7fb f8cd 	bl	10003fec <__wrap___aeabi_dcmpeq>
10008e52:	2800      	cmp	r0, #0
10008e54:	d000      	beq.n	10008e58 <_strtod_l+0xf40>
10008e56:	e631      	b.n	10008abc <_strtod_l+0xba4>
10008e58:	981c      	ldr	r0, [sp, #112]	; 0x70
10008e5a:	e43c      	b.n	100086d6 <_strtod_l+0x7be>
10008e5c:	234b      	movs	r3, #75	; 0x4b
10008e5e:	1a9a      	subs	r2, r3, r2
10008e60:	3b4c      	subs	r3, #76	; 0x4c
10008e62:	4093      	lsls	r3, r2
10008e64:	4019      	ands	r1, r3
10008e66:	9105      	str	r1, [sp, #20]
10008e68:	f7ff fbd9 	bl	1000861e <_strtod_l+0x706>
10008e6c:	1c4b      	adds	r3, r1, #1
10008e6e:	d1c7      	bne.n	10008e00 <_strtod_l+0xee8>
10008e70:	981c      	ldr	r0, [sp, #112]	; 0x70
10008e72:	e42a      	b.n	100086ca <_strtod_l+0x7b2>
10008e74:	1000c024 	.word	0x1000c024
10008e78:	7ff00000 	.word	0x7ff00000
10008e7c:	1000c290 	.word	0x1000c290
10008e80:	3ff00000 	.word	0x3ff00000
10008e84:	7fefffff 	.word	0x7fefffff
10008e88:	fff00000 	.word	0xfff00000
10008e8c:	000fffff 	.word	0x000fffff

10008e90 <strtof>:
10008e90:	4b27      	ldr	r3, [pc, #156]	; (10008f30 <strtof+0xa0>)
10008e92:	b5f0      	push	{r4, r5, r6, r7, lr}
10008e94:	46c6      	mov	lr, r8
10008e96:	4698      	mov	r8, r3
10008e98:	000a      	movs	r2, r1
10008e9a:	0001      	movs	r1, r0
10008e9c:	4640      	mov	r0, r8
10008e9e:	b500      	push	{lr}
10008ea0:	4b24      	ldr	r3, [pc, #144]	; (10008f34 <strtof+0xa4>)
10008ea2:	6800      	ldr	r0, [r0, #0]
10008ea4:	f7ff f838 	bl	10007f18 <_strtod_l>
10008ea8:	0002      	movs	r2, r0
10008eaa:	000b      	movs	r3, r1
10008eac:	0005      	movs	r5, r0
10008eae:	000c      	movs	r4, r1
10008eb0:	f7fb f8bf 	bl	10004032 <__wrap___aeabi_dcmpun>
10008eb4:	2800      	cmp	r0, #0
10008eb6:	d12e      	bne.n	10008f16 <strtof+0x86>
10008eb8:	0021      	movs	r1, r4
10008eba:	0028      	movs	r0, r5
10008ebc:	f7fb f958 	bl	10004170 <__wrap___aeabi_d2f>
10008ec0:	0047      	lsls	r7, r0, #1
10008ec2:	087f      	lsrs	r7, r7, #1
10008ec4:	1c06      	adds	r6, r0, #0
10008ec6:	491c      	ldr	r1, [pc, #112]	; (10008f38 <strtof+0xa8>)
10008ec8:	1c38      	adds	r0, r7, #0
10008eca:	f7fb fe5e 	bl	10004b8a <__wrap___aeabi_fcmpun>
10008ece:	2800      	cmp	r0, #0
10008ed0:	d11d      	bne.n	10008f0e <strtof+0x7e>
10008ed2:	4919      	ldr	r1, [pc, #100]	; (10008f38 <strtof+0xa8>)
10008ed4:	1c38      	adds	r0, r7, #0
10008ed6:	f7fb fe4b 	bl	10004b70 <__wrap___aeabi_fcmple>
10008eda:	2800      	cmp	r0, #0
10008edc:	d117      	bne.n	10008f0e <strtof+0x7e>
10008ede:	2201      	movs	r2, #1
10008ee0:	0064      	lsls	r4, r4, #1
10008ee2:	0864      	lsrs	r4, r4, #1
10008ee4:	0028      	movs	r0, r5
10008ee6:	0021      	movs	r1, r4
10008ee8:	4b14      	ldr	r3, [pc, #80]	; (10008f3c <strtof+0xac>)
10008eea:	4252      	negs	r2, r2
10008eec:	f7fb f8a1 	bl	10004032 <__wrap___aeabi_dcmpun>
10008ef0:	2800      	cmp	r0, #0
10008ef2:	d108      	bne.n	10008f06 <strtof+0x76>
10008ef4:	2201      	movs	r2, #1
10008ef6:	0028      	movs	r0, r5
10008ef8:	0021      	movs	r1, r4
10008efa:	4b10      	ldr	r3, [pc, #64]	; (10008f3c <strtof+0xac>)
10008efc:	4252      	negs	r2, r2
10008efe:	f7fb f883 	bl	10004008 <__wrap___aeabi_dcmple>
10008f02:	2800      	cmp	r0, #0
10008f04:	d003      	beq.n	10008f0e <strtof+0x7e>
10008f06:	4643      	mov	r3, r8
10008f08:	2222      	movs	r2, #34	; 0x22
10008f0a:	681b      	ldr	r3, [r3, #0]
10008f0c:	601a      	str	r2, [r3, #0]
10008f0e:	1c30      	adds	r0, r6, #0
10008f10:	bc80      	pop	{r7}
10008f12:	46b8      	mov	r8, r7
10008f14:	bdf0      	pop	{r4, r5, r6, r7, pc}
10008f16:	480a      	ldr	r0, [pc, #40]	; (10008f40 <strtof+0xb0>)
10008f18:	2c00      	cmp	r4, #0
10008f1a:	da05      	bge.n	10008f28 <strtof+0x98>
10008f1c:	f001 fafc 	bl	1000a518 <nanf>
10008f20:	2380      	movs	r3, #128	; 0x80
10008f22:	061b      	lsls	r3, r3, #24
10008f24:	18c6      	adds	r6, r0, r3
10008f26:	e7f2      	b.n	10008f0e <strtof+0x7e>
10008f28:	f001 faf6 	bl	1000a518 <nanf>
10008f2c:	1c06      	adds	r6, r0, #0
10008f2e:	e7ee      	b.n	10008f0e <strtof+0x7e>
10008f30:	20000cc0 	.word	0x20000cc0
10008f34:	20001504 	.word	0x20001504
10008f38:	7f7fffff 	.word	0x7f7fffff
10008f3c:	7fefffff 	.word	0x7fefffff
10008f40:	1000a7b0 	.word	0x1000a7b0

10008f44 <_malloc_trim_r>:
10008f44:	b5f8      	push	{r3, r4, r5, r6, r7, lr}
10008f46:	000c      	movs	r4, r1
10008f48:	0005      	movs	r5, r0
10008f4a:	f7fe ff95 	bl	10007e78 <__malloc_lock>
10008f4e:	4f20      	ldr	r7, [pc, #128]	; (10008fd0 <_malloc_trim_r+0x8c>)
10008f50:	68bb      	ldr	r3, [r7, #8]
10008f52:	685e      	ldr	r6, [r3, #4]
10008f54:	2303      	movs	r3, #3
10008f56:	439e      	bics	r6, r3
10008f58:	4b1e      	ldr	r3, [pc, #120]	; (10008fd4 <_malloc_trim_r+0x90>)
10008f5a:	1b34      	subs	r4, r6, r4
10008f5c:	469c      	mov	ip, r3
10008f5e:	4464      	add	r4, ip
10008f60:	0b24      	lsrs	r4, r4, #12
10008f62:	3c01      	subs	r4, #1
10008f64:	3311      	adds	r3, #17
10008f66:	0324      	lsls	r4, r4, #12
10008f68:	429c      	cmp	r4, r3
10008f6a:	db07      	blt.n	10008f7c <_malloc_trim_r+0x38>
10008f6c:	2100      	movs	r1, #0
10008f6e:	0028      	movs	r0, r5
10008f70:	f7fe ff92 	bl	10007e98 <_sbrk_r>
10008f74:	68bb      	ldr	r3, [r7, #8]
10008f76:	199b      	adds	r3, r3, r6
10008f78:	4298      	cmp	r0, r3
10008f7a:	d004      	beq.n	10008f86 <_malloc_trim_r+0x42>
10008f7c:	0028      	movs	r0, r5
10008f7e:	f7fe ff83 	bl	10007e88 <__malloc_unlock>
10008f82:	2000      	movs	r0, #0
10008f84:	bdf8      	pop	{r3, r4, r5, r6, r7, pc}
10008f86:	0028      	movs	r0, r5
10008f88:	4261      	negs	r1, r4
10008f8a:	f7fe ff85 	bl	10007e98 <_sbrk_r>
10008f8e:	1c43      	adds	r3, r0, #1
10008f90:	d00d      	beq.n	10008fae <_malloc_trim_r+0x6a>
10008f92:	2201      	movs	r2, #1
10008f94:	68bb      	ldr	r3, [r7, #8]
10008f96:	1b36      	subs	r6, r6, r4
10008f98:	4316      	orrs	r6, r2
10008f9a:	605e      	str	r6, [r3, #4]
10008f9c:	4b0e      	ldr	r3, [pc, #56]	; (10008fd8 <_malloc_trim_r+0x94>)
10008f9e:	0028      	movs	r0, r5
10008fa0:	681a      	ldr	r2, [r3, #0]
10008fa2:	1b14      	subs	r4, r2, r4
10008fa4:	601c      	str	r4, [r3, #0]
10008fa6:	f7fe ff6f 	bl	10007e88 <__malloc_unlock>
10008faa:	2001      	movs	r0, #1
10008fac:	e7ea      	b.n	10008f84 <_malloc_trim_r+0x40>
10008fae:	2100      	movs	r1, #0
10008fb0:	0028      	movs	r0, r5
10008fb2:	f7fe ff71 	bl	10007e98 <_sbrk_r>
10008fb6:	68ba      	ldr	r2, [r7, #8]
10008fb8:	1a83      	subs	r3, r0, r2
10008fba:	2b0f      	cmp	r3, #15
10008fbc:	ddde      	ble.n	10008f7c <_malloc_trim_r+0x38>
10008fbe:	4907      	ldr	r1, [pc, #28]	; (10008fdc <_malloc_trim_r+0x98>)
10008fc0:	6809      	ldr	r1, [r1, #0]
10008fc2:	1a40      	subs	r0, r0, r1
10008fc4:	4904      	ldr	r1, [pc, #16]	; (10008fd8 <_malloc_trim_r+0x94>)
10008fc6:	6008      	str	r0, [r1, #0]
10008fc8:	2101      	movs	r1, #1
10008fca:	430b      	orrs	r3, r1
10008fcc:	6053      	str	r3, [r2, #4]
10008fce:	e7d5      	b.n	10008f7c <_malloc_trim_r+0x38>
10008fd0:	200010f0 	.word	0x200010f0
10008fd4:	00000fef 	.word	0x00000fef
10008fd8:	200017c8 	.word	0x200017c8
10008fdc:	200014f8 	.word	0x200014f8

10008fe0 <_free_r>:
10008fe0:	b5f0      	push	{r4, r5, r6, r7, lr}
10008fe2:	46c6      	mov	lr, r8
10008fe4:	0005      	movs	r5, r0
10008fe6:	000c      	movs	r4, r1
10008fe8:	b500      	push	{lr}
10008fea:	2900      	cmp	r1, #0
10008fec:	d04f      	beq.n	1000908e <_free_r+0xae>
10008fee:	f7fe ff43 	bl	10007e78 <__malloc_lock>
10008ff2:	0021      	movs	r1, r4
10008ff4:	3908      	subs	r1, #8
10008ff6:	684c      	ldr	r4, [r1, #4]
10008ff8:	2601      	movs	r6, #1
10008ffa:	0022      	movs	r2, r4
10008ffc:	2003      	movs	r0, #3
10008ffe:	43b2      	bics	r2, r6
10009000:	188f      	adds	r7, r1, r2
10009002:	687b      	ldr	r3, [r7, #4]
10009004:	4383      	bics	r3, r0
10009006:	4862      	ldr	r0, [pc, #392]	; (10009190 <_free_r+0x1b0>)
10009008:	4698      	mov	r8, r3
1000900a:	6883      	ldr	r3, [r0, #8]
1000900c:	42bb      	cmp	r3, r7
1000900e:	d06a      	beq.n	100090e6 <_free_r+0x106>
10009010:	4643      	mov	r3, r8
10009012:	607b      	str	r3, [r7, #4]
10009014:	4226      	tst	r6, r4
10009016:	d11e      	bne.n	10009056 <_free_r+0x76>
10009018:	2308      	movs	r3, #8
1000901a:	469c      	mov	ip, r3
1000901c:	680c      	ldr	r4, [r1, #0]
1000901e:	4484      	add	ip, r0
10009020:	1b09      	subs	r1, r1, r4
10009022:	1912      	adds	r2, r2, r4
10009024:	688c      	ldr	r4, [r1, #8]
10009026:	4564      	cmp	r4, ip
10009028:	d04f      	beq.n	100090ca <_free_r+0xea>
1000902a:	68cb      	ldr	r3, [r1, #12]
1000902c:	60e3      	str	r3, [r4, #12]
1000902e:	609c      	str	r4, [r3, #8]
10009030:	4643      	mov	r3, r8
10009032:	18fc      	adds	r4, r7, r3
10009034:	6864      	ldr	r4, [r4, #4]
10009036:	4234      	tst	r4, r6
10009038:	d111      	bne.n	1000905e <_free_r+0x7e>
1000903a:	68bb      	ldr	r3, [r7, #8]
1000903c:	4c55      	ldr	r4, [pc, #340]	; (10009194 <_free_r+0x1b4>)
1000903e:	4442      	add	r2, r8
10009040:	42a3      	cmp	r3, r4
10009042:	d100      	bne.n	10009046 <_free_r+0x66>
10009044:	e07e      	b.n	10009144 <_free_r+0x164>
10009046:	68fc      	ldr	r4, [r7, #12]
10009048:	60dc      	str	r4, [r3, #12]
1000904a:	60a3      	str	r3, [r4, #8]
1000904c:	2301      	movs	r3, #1
1000904e:	4313      	orrs	r3, r2
10009050:	604b      	str	r3, [r1, #4]
10009052:	508a      	str	r2, [r1, r2]
10009054:	e006      	b.n	10009064 <_free_r+0x84>
10009056:	18fc      	adds	r4, r7, r3
10009058:	6864      	ldr	r4, [r4, #4]
1000905a:	4234      	tst	r4, r6
1000905c:	d0ed      	beq.n	1000903a <_free_r+0x5a>
1000905e:	4316      	orrs	r6, r2
10009060:	604e      	str	r6, [r1, #4]
10009062:	603a      	str	r2, [r7, #0]
10009064:	2380      	movs	r3, #128	; 0x80
10009066:	009b      	lsls	r3, r3, #2
10009068:	429a      	cmp	r2, r3
1000906a:	d213      	bcs.n	10009094 <_free_r+0xb4>
1000906c:	0954      	lsrs	r4, r2, #5
1000906e:	08d3      	lsrs	r3, r2, #3
10009070:	2201      	movs	r2, #1
10009072:	40a2      	lsls	r2, r4
10009074:	6844      	ldr	r4, [r0, #4]
10009076:	00db      	lsls	r3, r3, #3
10009078:	4322      	orrs	r2, r4
1000907a:	6042      	str	r2, [r0, #4]
1000907c:	1818      	adds	r0, r3, r0
1000907e:	6883      	ldr	r3, [r0, #8]
10009080:	60c8      	str	r0, [r1, #12]
10009082:	608b      	str	r3, [r1, #8]
10009084:	6081      	str	r1, [r0, #8]
10009086:	60d9      	str	r1, [r3, #12]
10009088:	0028      	movs	r0, r5
1000908a:	f7fe fefd 	bl	10007e88 <__malloc_unlock>
1000908e:	bc80      	pop	{r7}
10009090:	46b8      	mov	r8, r7
10009092:	bdf0      	pop	{r4, r5, r6, r7, pc}
10009094:	0a53      	lsrs	r3, r2, #9
10009096:	2b04      	cmp	r3, #4
10009098:	d83e      	bhi.n	10009118 <_free_r+0x138>
1000909a:	0994      	lsrs	r4, r2, #6
1000909c:	0026      	movs	r6, r4
1000909e:	3439      	adds	r4, #57	; 0x39
100090a0:	3638      	adds	r6, #56	; 0x38
100090a2:	00e4      	lsls	r4, r4, #3
100090a4:	1904      	adds	r4, r0, r4
100090a6:	6823      	ldr	r3, [r4, #0]
100090a8:	3c08      	subs	r4, #8
100090aa:	2703      	movs	r7, #3
100090ac:	429c      	cmp	r4, r3
100090ae:	d042      	beq.n	10009136 <_free_r+0x156>
100090b0:	6858      	ldr	r0, [r3, #4]
100090b2:	43b8      	bics	r0, r7
100090b4:	4290      	cmp	r0, r2
100090b6:	d902      	bls.n	100090be <_free_r+0xde>
100090b8:	689b      	ldr	r3, [r3, #8]
100090ba:	429c      	cmp	r4, r3
100090bc:	d1f8      	bne.n	100090b0 <_free_r+0xd0>
100090be:	68dc      	ldr	r4, [r3, #12]
100090c0:	60cc      	str	r4, [r1, #12]
100090c2:	608b      	str	r3, [r1, #8]
100090c4:	60a1      	str	r1, [r4, #8]
100090c6:	60d9      	str	r1, [r3, #12]
100090c8:	e7de      	b.n	10009088 <_free_r+0xa8>
100090ca:	4643      	mov	r3, r8
100090cc:	18f8      	adds	r0, r7, r3
100090ce:	6840      	ldr	r0, [r0, #4]
100090d0:	4230      	tst	r0, r6
100090d2:	d157      	bne.n	10009184 <_free_r+0x1a4>
100090d4:	68fb      	ldr	r3, [r7, #12]
100090d6:	68b8      	ldr	r0, [r7, #8]
100090d8:	4442      	add	r2, r8
100090da:	4316      	orrs	r6, r2
100090dc:	60c3      	str	r3, [r0, #12]
100090de:	6098      	str	r0, [r3, #8]
100090e0:	604e      	str	r6, [r1, #4]
100090e2:	508a      	str	r2, [r1, r2]
100090e4:	e7d0      	b.n	10009088 <_free_r+0xa8>
100090e6:	0013      	movs	r3, r2
100090e8:	4443      	add	r3, r8
100090ea:	4226      	tst	r6, r4
100090ec:	d106      	bne.n	100090fc <_free_r+0x11c>
100090ee:	680a      	ldr	r2, [r1, #0]
100090f0:	1a89      	subs	r1, r1, r2
100090f2:	688c      	ldr	r4, [r1, #8]
100090f4:	189b      	adds	r3, r3, r2
100090f6:	68ca      	ldr	r2, [r1, #12]
100090f8:	60e2      	str	r2, [r4, #12]
100090fa:	6094      	str	r4, [r2, #8]
100090fc:	2201      	movs	r2, #1
100090fe:	431a      	orrs	r2, r3
10009100:	604a      	str	r2, [r1, #4]
10009102:	4a25      	ldr	r2, [pc, #148]	; (10009198 <_free_r+0x1b8>)
10009104:	6081      	str	r1, [r0, #8]
10009106:	6812      	ldr	r2, [r2, #0]
10009108:	429a      	cmp	r2, r3
1000910a:	d8bd      	bhi.n	10009088 <_free_r+0xa8>
1000910c:	4b23      	ldr	r3, [pc, #140]	; (1000919c <_free_r+0x1bc>)
1000910e:	0028      	movs	r0, r5
10009110:	6819      	ldr	r1, [r3, #0]
10009112:	f7ff ff17 	bl	10008f44 <_malloc_trim_r>
10009116:	e7b7      	b.n	10009088 <_free_r+0xa8>
10009118:	2b14      	cmp	r3, #20
1000911a:	d907      	bls.n	1000912c <_free_r+0x14c>
1000911c:	2b54      	cmp	r3, #84	; 0x54
1000911e:	d81a      	bhi.n	10009156 <_free_r+0x176>
10009120:	0b14      	lsrs	r4, r2, #12
10009122:	0026      	movs	r6, r4
10009124:	346f      	adds	r4, #111	; 0x6f
10009126:	366e      	adds	r6, #110	; 0x6e
10009128:	00e4      	lsls	r4, r4, #3
1000912a:	e7bb      	b.n	100090a4 <_free_r+0xc4>
1000912c:	001e      	movs	r6, r3
1000912e:	335c      	adds	r3, #92	; 0x5c
10009130:	365b      	adds	r6, #91	; 0x5b
10009132:	00dc      	lsls	r4, r3, #3
10009134:	e7b6      	b.n	100090a4 <_free_r+0xc4>
10009136:	2201      	movs	r2, #1
10009138:	10b6      	asrs	r6, r6, #2
1000913a:	40b2      	lsls	r2, r6
1000913c:	6846      	ldr	r6, [r0, #4]
1000913e:	4332      	orrs	r2, r6
10009140:	6042      	str	r2, [r0, #4]
10009142:	e7bd      	b.n	100090c0 <_free_r+0xe0>
10009144:	60d9      	str	r1, [r3, #12]
10009146:	6099      	str	r1, [r3, #8]
10009148:	60cb      	str	r3, [r1, #12]
1000914a:	608b      	str	r3, [r1, #8]
1000914c:	2301      	movs	r3, #1
1000914e:	4313      	orrs	r3, r2
10009150:	604b      	str	r3, [r1, #4]
10009152:	508a      	str	r2, [r1, r2]
10009154:	e798      	b.n	10009088 <_free_r+0xa8>
10009156:	24aa      	movs	r4, #170	; 0xaa
10009158:	0064      	lsls	r4, r4, #1
1000915a:	42a3      	cmp	r3, r4
1000915c:	d805      	bhi.n	1000916a <_free_r+0x18a>
1000915e:	0bd4      	lsrs	r4, r2, #15
10009160:	0026      	movs	r6, r4
10009162:	3478      	adds	r4, #120	; 0x78
10009164:	3677      	adds	r6, #119	; 0x77
10009166:	00e4      	lsls	r4, r4, #3
10009168:	e79c      	b.n	100090a4 <_free_r+0xc4>
1000916a:	4c0d      	ldr	r4, [pc, #52]	; (100091a0 <_free_r+0x1c0>)
1000916c:	42a3      	cmp	r3, r4
1000916e:	d805      	bhi.n	1000917c <_free_r+0x19c>
10009170:	0c94      	lsrs	r4, r2, #18
10009172:	0026      	movs	r6, r4
10009174:	347d      	adds	r4, #125	; 0x7d
10009176:	367c      	adds	r6, #124	; 0x7c
10009178:	00e4      	lsls	r4, r4, #3
1000917a:	e793      	b.n	100090a4 <_free_r+0xc4>
1000917c:	24fe      	movs	r4, #254	; 0xfe
1000917e:	267e      	movs	r6, #126	; 0x7e
10009180:	00a4      	lsls	r4, r4, #2
10009182:	e78f      	b.n	100090a4 <_free_r+0xc4>
10009184:	0033      	movs	r3, r6
10009186:	4313      	orrs	r3, r2
10009188:	604b      	str	r3, [r1, #4]
1000918a:	603a      	str	r2, [r7, #0]
1000918c:	e77c      	b.n	10009088 <_free_r+0xa8>
1000918e:	46c0      	nop			; (mov r8, r8)
10009190:	200010f0 	.word	0x200010f0
10009194:	200010f8 	.word	0x200010f8
10009198:	200014fc 	.word	0x200014fc
1000919c:	200017f8 	.word	0x200017f8
100091a0:	00000554 	.word	0x00000554

100091a4 <rshift>:
100091a4:	b5f0      	push	{r4, r5, r6, r7, lr}
100091a6:	46d6      	mov	lr, sl
100091a8:	464f      	mov	r7, r9
100091aa:	4646      	mov	r6, r8
100091ac:	6903      	ldr	r3, [r0, #16]
100091ae:	b5c0      	push	{r6, r7, lr}
100091b0:	469a      	mov	sl, r3
100091b2:	114f      	asrs	r7, r1, #5
100091b4:	42bb      	cmp	r3, r7
100091b6:	dd2d      	ble.n	10009214 <rshift+0x70>
100091b8:	221f      	movs	r2, #31
100091ba:	0005      	movs	r5, r0
100091bc:	0014      	movs	r4, r2
100091be:	3514      	adds	r5, #20
100091c0:	009e      	lsls	r6, r3, #2
100091c2:	400c      	ands	r4, r1
100091c4:	00bb      	lsls	r3, r7, #2
100091c6:	46a4      	mov	ip, r4
100091c8:	19ae      	adds	r6, r5, r6
100091ca:	18eb      	adds	r3, r5, r3
100091cc:	420a      	tst	r2, r1
100091ce:	d02a      	beq.n	10009226 <rshift+0x82>
100091d0:	2220      	movs	r2, #32
100091d2:	cb02      	ldmia	r3!, {r1}
100091d4:	1b12      	subs	r2, r2, r4
100091d6:	4690      	mov	r8, r2
100091d8:	40e1      	lsrs	r1, r4
100091da:	429e      	cmp	r6, r3
100091dc:	d916      	bls.n	1000920c <rshift+0x68>
100091de:	46a9      	mov	r9, r5
100091e0:	4644      	mov	r4, r8
100091e2:	681a      	ldr	r2, [r3, #0]
100091e4:	40a2      	lsls	r2, r4
100091e6:	430a      	orrs	r2, r1
100091e8:	4649      	mov	r1, r9
100091ea:	c104      	stmia	r1!, {r2}
100091ec:	4662      	mov	r2, ip
100091ee:	4689      	mov	r9, r1
100091f0:	cb02      	ldmia	r3!, {r1}
100091f2:	40d1      	lsrs	r1, r2
100091f4:	429e      	cmp	r6, r3
100091f6:	d8f3      	bhi.n	100091e0 <rshift+0x3c>
100091f8:	4653      	mov	r3, sl
100091fa:	1bdc      	subs	r4, r3, r7
100091fc:	00a4      	lsls	r4, r4, #2
100091fe:	3c04      	subs	r4, #4
10009200:	192c      	adds	r4, r5, r4
10009202:	6021      	str	r1, [r4, #0]
10009204:	2900      	cmp	r1, #0
10009206:	d019      	beq.n	1000923c <rshift+0x98>
10009208:	3404      	adds	r4, #4
1000920a:	e017      	b.n	1000923c <rshift+0x98>
1000920c:	002c      	movs	r4, r5
1000920e:	6141      	str	r1, [r0, #20]
10009210:	2900      	cmp	r1, #0
10009212:	d1f9      	bne.n	10009208 <rshift+0x64>
10009214:	2300      	movs	r3, #0
10009216:	6103      	str	r3, [r0, #16]
10009218:	2300      	movs	r3, #0
1000921a:	6143      	str	r3, [r0, #20]
1000921c:	bce0      	pop	{r5, r6, r7}
1000921e:	46ba      	mov	sl, r7
10009220:	46b1      	mov	r9, r6
10009222:	46a8      	mov	r8, r5
10009224:	bdf0      	pop	{r4, r5, r6, r7, pc}
10009226:	002a      	movs	r2, r5
10009228:	429e      	cmp	r6, r3
1000922a:	d9f3      	bls.n	10009214 <rshift+0x70>
1000922c:	cb02      	ldmia	r3!, {r1}
1000922e:	c202      	stmia	r2!, {r1}
10009230:	429e      	cmp	r6, r3
10009232:	d8fb      	bhi.n	1000922c <rshift+0x88>
10009234:	4653      	mov	r3, sl
10009236:	1bdc      	subs	r4, r3, r7
10009238:	00a4      	lsls	r4, r4, #2
1000923a:	192c      	adds	r4, r5, r4
1000923c:	1b63      	subs	r3, r4, r5
1000923e:	109b      	asrs	r3, r3, #2
10009240:	6103      	str	r3, [r0, #16]
10009242:	42ac      	cmp	r4, r5
10009244:	d1ea      	bne.n	1000921c <rshift+0x78>
10009246:	e7e7      	b.n	10009218 <rshift+0x74>

10009248 <__gethex>:
10009248:	b5f0      	push	{r4, r5, r6, r7, lr}
1000924a:	46de      	mov	lr, fp
1000924c:	464e      	mov	r6, r9
1000924e:	4645      	mov	r5, r8
10009250:	4657      	mov	r7, sl
10009252:	b5e0      	push	{r5, r6, r7, lr}
10009254:	b08b      	sub	sp, #44	; 0x2c
10009256:	9309      	str	r3, [sp, #36]	; 0x24
10009258:	4bb9      	ldr	r3, [pc, #740]	; (10009540 <__gethex+0x2f8>)
1000925a:	9007      	str	r0, [sp, #28]
1000925c:	681b      	ldr	r3, [r3, #0]
1000925e:	4689      	mov	r9, r1
10009260:	0018      	movs	r0, r3
10009262:	001c      	movs	r4, r3
10009264:	4693      	mov	fp, r2
10009266:	9305      	str	r3, [sp, #20]
10009268:	f7fe fe28 	bl	10007ebc <strlen>
1000926c:	46a4      	mov	ip, r4
1000926e:	0002      	movs	r2, r0
10009270:	4462      	add	r2, ip
10009272:	0013      	movs	r3, r2
10009274:	3b01      	subs	r3, #1
10009276:	781b      	ldrb	r3, [r3, #0]
10009278:	9004      	str	r0, [sp, #16]
1000927a:	9301      	str	r3, [sp, #4]
1000927c:	464b      	mov	r3, r9
1000927e:	681d      	ldr	r5, [r3, #0]
10009280:	78aa      	ldrb	r2, [r5, #2]
10009282:	2a30      	cmp	r2, #48	; 0x30
10009284:	d000      	beq.n	10009288 <__gethex+0x40>
10009286:	e216      	b.n	100096b6 <__gethex+0x46e>
10009288:	2102      	movs	r1, #2
1000928a:	4249      	negs	r1, r1
1000928c:	1ceb      	adds	r3, r5, #3
1000928e:	1b49      	subs	r1, r1, r5
10009290:	001d      	movs	r5, r3
10009292:	18cf      	adds	r7, r1, r3
10009294:	3301      	adds	r3, #1
10009296:	1e5a      	subs	r2, r3, #1
10009298:	7812      	ldrb	r2, [r2, #0]
1000929a:	2a30      	cmp	r2, #48	; 0x30
1000929c:	d0f8      	beq.n	10009290 <__gethex+0x48>
1000929e:	4ba9      	ldr	r3, [pc, #676]	; (10009544 <__gethex+0x2fc>)
100092a0:	4698      	mov	r8, r3
100092a2:	5c9b      	ldrb	r3, [r3, r2]
100092a4:	2b00      	cmp	r3, #0
100092a6:	d100      	bne.n	100092aa <__gethex+0x62>
100092a8:	e0f3      	b.n	10009492 <__gethex+0x24a>
100092aa:	4642      	mov	r2, r8
100092ac:	782b      	ldrb	r3, [r5, #0]
100092ae:	2400      	movs	r4, #0
100092b0:	5cd3      	ldrb	r3, [r2, r3]
100092b2:	2200      	movs	r2, #0
100092b4:	4692      	mov	sl, r2
100092b6:	002e      	movs	r6, r5
100092b8:	2b00      	cmp	r3, #0
100092ba:	d005      	beq.n	100092c8 <__gethex+0x80>
100092bc:	4642      	mov	r2, r8
100092be:	7873      	ldrb	r3, [r6, #1]
100092c0:	3601      	adds	r6, #1
100092c2:	5cd3      	ldrb	r3, [r2, r3]
100092c4:	2b00      	cmp	r3, #0
100092c6:	d1f9      	bne.n	100092bc <__gethex+0x74>
100092c8:	0030      	movs	r0, r6
100092ca:	9a04      	ldr	r2, [sp, #16]
100092cc:	9905      	ldr	r1, [sp, #20]
100092ce:	f001 f927 	bl	1000a520 <strncmp>
100092d2:	9003      	str	r0, [sp, #12]
100092d4:	2800      	cmp	r0, #0
100092d6:	d057      	beq.n	10009388 <__gethex+0x140>
100092d8:	2c00      	cmp	r4, #0
100092da:	d158      	bne.n	1000938e <__gethex+0x146>
100092dc:	2200      	movs	r2, #0
100092de:	7833      	ldrb	r3, [r6, #0]
100092e0:	9203      	str	r2, [sp, #12]
100092e2:	2220      	movs	r2, #32
100092e4:	0034      	movs	r4, r6
100092e6:	4393      	bics	r3, r2
100092e8:	2b50      	cmp	r3, #80	; 0x50
100092ea:	d059      	beq.n	100093a0 <__gethex+0x158>
100092ec:	464b      	mov	r3, r9
100092ee:	601e      	str	r6, [r3, #0]
100092f0:	4653      	mov	r3, sl
100092f2:	2b00      	cmp	r3, #0
100092f4:	d177      	bne.n	100093e6 <__gethex+0x19e>
100092f6:	1b63      	subs	r3, r4, r5
100092f8:	3b01      	subs	r3, #1
100092fa:	2100      	movs	r1, #0
100092fc:	2b07      	cmp	r3, #7
100092fe:	dd03      	ble.n	10009308 <__gethex+0xc0>
10009300:	3101      	adds	r1, #1
10009302:	105b      	asrs	r3, r3, #1
10009304:	2b07      	cmp	r3, #7
10009306:	dcfb      	bgt.n	10009300 <__gethex+0xb8>
10009308:	9807      	ldr	r0, [sp, #28]
1000930a:	f000 fb9b 	bl	10009a44 <_Balloc>
1000930e:	4682      	mov	sl, r0
10009310:	2800      	cmp	r0, #0
10009312:	d100      	bne.n	10009316 <__gethex+0xce>
10009314:	e270      	b.n	100097f8 <__gethex+0x5b0>
10009316:	2314      	movs	r3, #20
10009318:	4453      	add	r3, sl
1000931a:	9308      	str	r3, [sp, #32]
1000931c:	42a5      	cmp	r5, r4
1000931e:	d300      	bcc.n	10009322 <__gethex+0xda>
10009320:	e1d5      	b.n	100096ce <__gethex+0x486>
10009322:	9302      	str	r3, [sp, #8]
10009324:	2300      	movs	r3, #0
10009326:	9a04      	ldr	r2, [sp, #16]
10009328:	4699      	mov	r9, r3
1000932a:	3301      	adds	r3, #1
1000932c:	1a9b      	subs	r3, r3, r2
1000932e:	9306      	str	r3, [sp, #24]
10009330:	002b      	movs	r3, r5
10009332:	2700      	movs	r7, #0
10009334:	464d      	mov	r5, r9
10009336:	4699      	mov	r9, r3
10009338:	e00d      	b.n	10009356 <__gethex+0x10e>
1000933a:	2f20      	cmp	r7, #32
1000933c:	d01d      	beq.n	1000937a <__gethex+0x132>
1000933e:	003a      	movs	r2, r7
10009340:	3704      	adds	r7, #4
10009342:	4641      	mov	r1, r8
10009344:	7833      	ldrb	r3, [r6, #0]
10009346:	0034      	movs	r4, r6
10009348:	5ccb      	ldrb	r3, [r1, r3]
1000934a:	210f      	movs	r1, #15
1000934c:	400b      	ands	r3, r1
1000934e:	4093      	lsls	r3, r2
10009350:	431d      	orrs	r5, r3
10009352:	454c      	cmp	r4, r9
10009354:	d955      	bls.n	10009402 <__gethex+0x1ba>
10009356:	1e66      	subs	r6, r4, #1
10009358:	7833      	ldrb	r3, [r6, #0]
1000935a:	9a01      	ldr	r2, [sp, #4]
1000935c:	4293      	cmp	r3, r2
1000935e:	d1ec      	bne.n	1000933a <__gethex+0xf2>
10009360:	9b06      	ldr	r3, [sp, #24]
10009362:	18f4      	adds	r4, r6, r3
10009364:	454c      	cmp	r4, r9
10009366:	d3e8      	bcc.n	1000933a <__gethex+0xf2>
10009368:	0020      	movs	r0, r4
1000936a:	9a04      	ldr	r2, [sp, #16]
1000936c:	9905      	ldr	r1, [sp, #20]
1000936e:	f001 f8d7 	bl	1000a520 <strncmp>
10009372:	2800      	cmp	r0, #0
10009374:	d0ed      	beq.n	10009352 <__gethex+0x10a>
10009376:	2f20      	cmp	r7, #32
10009378:	d1e1      	bne.n	1000933e <__gethex+0xf6>
1000937a:	9b02      	ldr	r3, [sp, #8]
1000937c:	2200      	movs	r2, #0
1000937e:	c320      	stmia	r3!, {r5}
10009380:	2704      	movs	r7, #4
10009382:	2500      	movs	r5, #0
10009384:	9302      	str	r3, [sp, #8]
10009386:	e7dc      	b.n	10009342 <__gethex+0xfa>
10009388:	2c00      	cmp	r4, #0
1000938a:	d100      	bne.n	1000938e <__gethex+0x146>
1000938c:	e180      	b.n	10009690 <__gethex+0x448>
1000938e:	2220      	movs	r2, #32
10009390:	1ba4      	subs	r4, r4, r6
10009392:	00a3      	lsls	r3, r4, #2
10009394:	9303      	str	r3, [sp, #12]
10009396:	7833      	ldrb	r3, [r6, #0]
10009398:	0034      	movs	r4, r6
1000939a:	4393      	bics	r3, r2
1000939c:	2b50      	cmp	r3, #80	; 0x50
1000939e:	d1a5      	bne.n	100092ec <__gethex+0xa4>
100093a0:	7863      	ldrb	r3, [r4, #1]
100093a2:	2b2b      	cmp	r3, #43	; 0x2b
100093a4:	d100      	bne.n	100093a8 <__gethex+0x160>
100093a6:	e163      	b.n	10009670 <__gethex+0x428>
100093a8:	2b2d      	cmp	r3, #45	; 0x2d
100093aa:	d100      	bne.n	100093ae <__gethex+0x166>
100093ac:	e0a3      	b.n	100094f6 <__gethex+0x2ae>
100093ae:	2200      	movs	r2, #0
100093b0:	1c61      	adds	r1, r4, #1
100093b2:	4640      	mov	r0, r8
100093b4:	5cc3      	ldrb	r3, [r0, r3]
100093b6:	0026      	movs	r6, r4
100093b8:	1e58      	subs	r0, r3, #1
100093ba:	2818      	cmp	r0, #24
100093bc:	d896      	bhi.n	100092ec <__gethex+0xa4>
100093be:	4640      	mov	r0, r8
100093c0:	1c4e      	adds	r6, r1, #1
100093c2:	7849      	ldrb	r1, [r1, #1]
100093c4:	3b10      	subs	r3, #16
100093c6:	5c41      	ldrb	r1, [r0, r1]
100093c8:	1e08      	subs	r0, r1, #0
100093ca:	d15f      	bne.n	1000948c <__gethex+0x244>
100093cc:	2a00      	cmp	r2, #0
100093ce:	d000      	beq.n	100093d2 <__gethex+0x18a>
100093d0:	425b      	negs	r3, r3
100093d2:	9a03      	ldr	r2, [sp, #12]
100093d4:	4694      	mov	ip, r2
100093d6:	449c      	add	ip, r3
100093d8:	4663      	mov	r3, ip
100093da:	9303      	str	r3, [sp, #12]
100093dc:	464b      	mov	r3, r9
100093de:	601e      	str	r6, [r3, #0]
100093e0:	4653      	mov	r3, sl
100093e2:	2b00      	cmp	r3, #0
100093e4:	d087      	beq.n	100092f6 <__gethex+0xae>
100093e6:	1e7b      	subs	r3, r7, #1
100093e8:	419f      	sbcs	r7, r3
100093ea:	2305      	movs	r3, #5
100093ec:	427f      	negs	r7, r7
100093ee:	439f      	bics	r7, r3
100093f0:	3706      	adds	r7, #6
100093f2:	0038      	movs	r0, r7
100093f4:	b00b      	add	sp, #44	; 0x2c
100093f6:	bcf0      	pop	{r4, r5, r6, r7}
100093f8:	46bb      	mov	fp, r7
100093fa:	46b2      	mov	sl, r6
100093fc:	46a9      	mov	r9, r5
100093fe:	46a0      	mov	r8, r4
10009400:	bdf0      	pop	{r4, r5, r6, r7, pc}
10009402:	46a9      	mov	r9, r5
10009404:	464a      	mov	r2, r9
10009406:	9b02      	ldr	r3, [sp, #8]
10009408:	4648      	mov	r0, r9
1000940a:	c304      	stmia	r3!, {r2}
1000940c:	9a08      	ldr	r2, [sp, #32]
1000940e:	1a9b      	subs	r3, r3, r2
10009410:	4652      	mov	r2, sl
10009412:	109b      	asrs	r3, r3, #2
10009414:	6113      	str	r3, [r2, #16]
10009416:	015e      	lsls	r6, r3, #5
10009418:	f000 fbf2 	bl	10009c00 <__hi0bits>
1000941c:	465b      	mov	r3, fp
1000941e:	681c      	ldr	r4, [r3, #0]
10009420:	1a36      	subs	r6, r6, r0
10009422:	42a6      	cmp	r6, r4
10009424:	dc6b      	bgt.n	100094fe <__gethex+0x2b6>
10009426:	2500      	movs	r5, #0
10009428:	42a6      	cmp	r6, r4
1000942a:	da00      	bge.n	1000942e <__gethex+0x1e6>
1000942c:	e122      	b.n	10009674 <__gethex+0x42c>
1000942e:	465b      	mov	r3, fp
10009430:	9a03      	ldr	r2, [sp, #12]
10009432:	689b      	ldr	r3, [r3, #8]
10009434:	4293      	cmp	r3, r2
10009436:	da00      	bge.n	1000943a <__gethex+0x1f2>
10009438:	e140      	b.n	100096bc <__gethex+0x474>
1000943a:	465b      	mov	r3, fp
1000943c:	9a03      	ldr	r2, [sp, #12]
1000943e:	685b      	ldr	r3, [r3, #4]
10009440:	4293      	cmp	r3, r2
10009442:	dd43      	ble.n	100094cc <__gethex+0x284>
10009444:	1a9e      	subs	r6, r3, r2
10009446:	42b4      	cmp	r4, r6
10009448:	dd00      	ble.n	1000944c <__gethex+0x204>
1000944a:	e07d      	b.n	10009548 <__gethex+0x300>
1000944c:	465a      	mov	r2, fp
1000944e:	68d2      	ldr	r2, [r2, #12]
10009450:	2a02      	cmp	r2, #2
10009452:	d100      	bne.n	10009456 <__gethex+0x20e>
10009454:	e175      	b.n	10009742 <__gethex+0x4fa>
10009456:	2a03      	cmp	r2, #3
10009458:	d100      	bne.n	1000945c <__gethex+0x214>
1000945a:	e16d      	b.n	10009738 <__gethex+0x4f0>
1000945c:	2a01      	cmp	r2, #1
1000945e:	d100      	bne.n	10009462 <__gethex+0x21a>
10009460:	e150      	b.n	10009704 <__gethex+0x4bc>
10009462:	4651      	mov	r1, sl
10009464:	9807      	ldr	r0, [sp, #28]
10009466:	f000 fb15 	bl	10009a94 <_Bfree>
1000946a:	2300      	movs	r3, #0
1000946c:	9a14      	ldr	r2, [sp, #80]	; 0x50
1000946e:	2750      	movs	r7, #80	; 0x50
10009470:	6013      	str	r3, [r2, #0]
10009472:	e7be      	b.n	100093f2 <__gethex+0x1aa>
10009474:	0099      	lsls	r1, r3, #2
10009476:	18c9      	adds	r1, r1, r3
10009478:	0049      	lsls	r1, r1, #1
1000947a:	1809      	adds	r1, r1, r0
1000947c:	4640      	mov	r0, r8
1000947e:	000b      	movs	r3, r1
10009480:	7871      	ldrb	r1, [r6, #1]
10009482:	3601      	adds	r6, #1
10009484:	5c40      	ldrb	r0, [r0, r1]
10009486:	3b10      	subs	r3, #16
10009488:	2800      	cmp	r0, #0
1000948a:	d09f      	beq.n	100093cc <__gethex+0x184>
1000948c:	2819      	cmp	r0, #25
1000948e:	ddf1      	ble.n	10009474 <__gethex+0x22c>
10009490:	e79c      	b.n	100093cc <__gethex+0x184>
10009492:	9c04      	ldr	r4, [sp, #16]
10009494:	0028      	movs	r0, r5
10009496:	0022      	movs	r2, r4
10009498:	9905      	ldr	r1, [sp, #20]
1000949a:	f001 f841 	bl	1000a520 <strncmp>
1000949e:	2800      	cmp	r0, #0
100094a0:	d16f      	bne.n	10009582 <__gethex+0x33a>
100094a2:	0023      	movs	r3, r4
100094a4:	5cea      	ldrb	r2, [r5, r3]
100094a6:	4643      	mov	r3, r8
100094a8:	5c9b      	ldrb	r3, [r3, r2]
100094aa:	192c      	adds	r4, r5, r4
100094ac:	2b00      	cmp	r3, #0
100094ae:	d06a      	beq.n	10009586 <__gethex+0x33e>
100094b0:	0025      	movs	r5, r4
100094b2:	2a30      	cmp	r2, #48	; 0x30
100094b4:	d105      	bne.n	100094c2 <__gethex+0x27a>
100094b6:	786b      	ldrb	r3, [r5, #1]
100094b8:	3501      	adds	r5, #1
100094ba:	2b30      	cmp	r3, #48	; 0x30
100094bc:	d0fb      	beq.n	100094b6 <__gethex+0x26e>
100094be:	4642      	mov	r2, r8
100094c0:	5cd3      	ldrb	r3, [r2, r3]
100094c2:	4259      	negs	r1, r3
100094c4:	4159      	adcs	r1, r3
100094c6:	2701      	movs	r7, #1
100094c8:	468a      	mov	sl, r1
100094ca:	e6f4      	b.n	100092b6 <__gethex+0x6e>
100094cc:	2701      	movs	r7, #1
100094ce:	2d00      	cmp	r5, #0
100094d0:	d00a      	beq.n	100094e8 <__gethex+0x2a0>
100094d2:	465b      	mov	r3, fp
100094d4:	68db      	ldr	r3, [r3, #12]
100094d6:	2b02      	cmp	r3, #2
100094d8:	d05d      	beq.n	10009596 <__gethex+0x34e>
100094da:	2b03      	cmp	r3, #3
100094dc:	d05f      	beq.n	1000959e <__gethex+0x356>
100094de:	2b01      	cmp	r3, #1
100094e0:	d100      	bne.n	100094e4 <__gethex+0x29c>
100094e2:	e0bb      	b.n	1000965c <__gethex+0x414>
100094e4:	2310      	movs	r3, #16
100094e6:	431f      	orrs	r7, r3
100094e8:	4652      	mov	r2, sl
100094ea:	9b14      	ldr	r3, [sp, #80]	; 0x50
100094ec:	601a      	str	r2, [r3, #0]
100094ee:	9b09      	ldr	r3, [sp, #36]	; 0x24
100094f0:	9a03      	ldr	r2, [sp, #12]
100094f2:	601a      	str	r2, [r3, #0]
100094f4:	e77d      	b.n	100093f2 <__gethex+0x1aa>
100094f6:	2201      	movs	r2, #1
100094f8:	78a3      	ldrb	r3, [r4, #2]
100094fa:	1ca1      	adds	r1, r4, #2
100094fc:	e759      	b.n	100093b2 <__gethex+0x16a>
100094fe:	1b36      	subs	r6, r6, r4
10009500:	0031      	movs	r1, r6
10009502:	4650      	mov	r0, sl
10009504:	f000 ffda 	bl	1000a4bc <__any_on>
10009508:	1e05      	subs	r5, r0, #0
1000950a:	d00f      	beq.n	1000952c <__gethex+0x2e4>
1000950c:	211f      	movs	r1, #31
1000950e:	2301      	movs	r3, #1
10009510:	1e70      	subs	r0, r6, #1
10009512:	4001      	ands	r1, r0
10009514:	408b      	lsls	r3, r1
10009516:	1142      	asrs	r2, r0, #5
10009518:	9908      	ldr	r1, [sp, #32]
1000951a:	0092      	lsls	r2, r2, #2
1000951c:	588a      	ldr	r2, [r1, r2]
1000951e:	2501      	movs	r5, #1
10009520:	421a      	tst	r2, r3
10009522:	d003      	beq.n	1000952c <__gethex+0x2e4>
10009524:	2801      	cmp	r0, #1
10009526:	dd00      	ble.n	1000952a <__gethex+0x2e2>
10009528:	e0de      	b.n	100096e8 <__gethex+0x4a0>
1000952a:	2502      	movs	r5, #2
1000952c:	0031      	movs	r1, r6
1000952e:	4650      	mov	r0, sl
10009530:	f7ff fe38 	bl	100091a4 <rshift>
10009534:	9b03      	ldr	r3, [sp, #12]
10009536:	469c      	mov	ip, r3
10009538:	44b4      	add	ip, r6
1000953a:	4663      	mov	r3, ip
1000953c:	9303      	str	r3, [sp, #12]
1000953e:	e776      	b.n	1000942e <__gethex+0x1e6>
10009540:	1000c1fc 	.word	0x1000c1fc
10009544:	1000c0fc 	.word	0x1000c0fc
10009548:	1e77      	subs	r7, r6, #1
1000954a:	2d00      	cmp	r5, #0
1000954c:	d000      	beq.n	10009550 <__gethex+0x308>
1000954e:	e0c3      	b.n	100096d8 <__gethex+0x490>
10009550:	2f00      	cmp	r7, #0
10009552:	d000      	beq.n	10009556 <__gethex+0x30e>
10009554:	e0c2      	b.n	100096dc <__gethex+0x494>
10009556:	231f      	movs	r3, #31
10009558:	117a      	asrs	r2, r7, #5
1000955a:	401f      	ands	r7, r3
1000955c:	3b1e      	subs	r3, #30
1000955e:	40bb      	lsls	r3, r7
10009560:	9908      	ldr	r1, [sp, #32]
10009562:	0092      	lsls	r2, r2, #2
10009564:	588a      	ldr	r2, [r1, r2]
10009566:	421a      	tst	r2, r3
10009568:	d001      	beq.n	1000956e <__gethex+0x326>
1000956a:	2302      	movs	r3, #2
1000956c:	431d      	orrs	r5, r3
1000956e:	0031      	movs	r1, r6
10009570:	4650      	mov	r0, sl
10009572:	f7ff fe17 	bl	100091a4 <rshift>
10009576:	465b      	mov	r3, fp
10009578:	685b      	ldr	r3, [r3, #4]
1000957a:	2702      	movs	r7, #2
1000957c:	1ba4      	subs	r4, r4, r6
1000957e:	9303      	str	r3, [sp, #12]
10009580:	e7a5      	b.n	100094ce <__gethex+0x286>
10009582:	002c      	movs	r4, r5
10009584:	782a      	ldrb	r2, [r5, #0]
10009586:	2320      	movs	r3, #32
10009588:	439a      	bics	r2, r3
1000958a:	2a50      	cmp	r2, #80	; 0x50
1000958c:	d100      	bne.n	10009590 <__gethex+0x348>
1000958e:	e0b4      	b.n	100096fa <__gethex+0x4b2>
10009590:	464b      	mov	r3, r9
10009592:	601c      	str	r4, [r3, #0]
10009594:	e727      	b.n	100093e6 <__gethex+0x19e>
10009596:	2301      	movs	r3, #1
10009598:	9a15      	ldr	r2, [sp, #84]	; 0x54
1000959a:	1a9b      	subs	r3, r3, r2
1000959c:	9315      	str	r3, [sp, #84]	; 0x54
1000959e:	9b15      	ldr	r3, [sp, #84]	; 0x54
100095a0:	2b00      	cmp	r3, #0
100095a2:	d09f      	beq.n	100094e4 <__gethex+0x29c>
100095a4:	4653      	mov	r3, sl
100095a6:	691e      	ldr	r6, [r3, #16]
100095a8:	9d08      	ldr	r5, [sp, #32]
100095aa:	00b3      	lsls	r3, r6, #2
100095ac:	4699      	mov	r9, r3
100095ae:	18e8      	adds	r0, r5, r3
100095b0:	2100      	movs	r1, #0
100095b2:	002b      	movs	r3, r5
100095b4:	46b4      	mov	ip, r6
100095b6:	e003      	b.n	100095c0 <__gethex+0x378>
100095b8:	c302      	stmia	r3!, {r1}
100095ba:	4298      	cmp	r0, r3
100095bc:	d800      	bhi.n	100095c0 <__gethex+0x378>
100095be:	e0c5      	b.n	1000974c <__gethex+0x504>
100095c0:	681a      	ldr	r2, [r3, #0]
100095c2:	1c56      	adds	r6, r2, #1
100095c4:	d0f8      	beq.n	100095b8 <__gethex+0x370>
100095c6:	3201      	adds	r2, #1
100095c8:	601a      	str	r2, [r3, #0]
100095ca:	2f02      	cmp	r7, #2
100095cc:	d100      	bne.n	100095d0 <__gethex+0x388>
100095ce:	e0d1      	b.n	10009774 <__gethex+0x52c>
100095d0:	231f      	movs	r3, #31
100095d2:	001e      	movs	r6, r3
100095d4:	2721      	movs	r7, #33	; 0x21
100095d6:	4026      	ands	r6, r4
100095d8:	4223      	tst	r3, r4
100095da:	d085      	beq.n	100094e8 <__gethex+0x2a0>
100095dc:	464b      	mov	r3, r9
100095de:	18eb      	adds	r3, r5, r3
100095e0:	3b04      	subs	r3, #4
100095e2:	6818      	ldr	r0, [r3, #0]
100095e4:	f000 fb0c 	bl	10009c00 <__hi0bits>
100095e8:	2320      	movs	r3, #32
100095ea:	1b9e      	subs	r6, r3, r6
100095ec:	42b0      	cmp	r0, r6
100095ee:	db00      	blt.n	100095f2 <__gethex+0x3aa>
100095f0:	e77a      	b.n	100094e8 <__gethex+0x2a0>
100095f2:	4653      	mov	r3, sl
100095f4:	691a      	ldr	r2, [r3, #16]
100095f6:	2a00      	cmp	r2, #0
100095f8:	dc00      	bgt.n	100095fc <__gethex+0x3b4>
100095fa:	e0ea      	b.n	100097d2 <__gethex+0x58a>
100095fc:	4653      	mov	r3, sl
100095fe:	4650      	mov	r0, sl
10009600:	695b      	ldr	r3, [r3, #20]
10009602:	0092      	lsls	r2, r2, #2
10009604:	18aa      	adds	r2, r5, r2
10009606:	3018      	adds	r0, #24
10009608:	085b      	lsrs	r3, r3, #1
1000960a:	4282      	cmp	r2, r0
1000960c:	d800      	bhi.n	10009610 <__gethex+0x3c8>
1000960e:	e0e7      	b.n	100097e0 <__gethex+0x598>
10009610:	002c      	movs	r4, r5
10009612:	0019      	movs	r1, r3
10009614:	6803      	ldr	r3, [r0, #0]
10009616:	07db      	lsls	r3, r3, #31
10009618:	430b      	orrs	r3, r1
1000961a:	c408      	stmia	r4!, {r3}
1000961c:	c802      	ldmia	r0!, {r1}
1000961e:	0849      	lsrs	r1, r1, #1
10009620:	4282      	cmp	r2, r0
10009622:	d8f7      	bhi.n	10009614 <__gethex+0x3cc>
10009624:	000b      	movs	r3, r1
10009626:	4651      	mov	r1, sl
10009628:	1a52      	subs	r2, r2, r1
1000962a:	3a19      	subs	r2, #25
1000962c:	0892      	lsrs	r2, r2, #2
1000962e:	3201      	adds	r2, #1
10009630:	0092      	lsls	r2, r2, #2
10009632:	18aa      	adds	r2, r5, r2
10009634:	6013      	str	r3, [r2, #0]
10009636:	2b00      	cmp	r3, #0
10009638:	d000      	beq.n	1000963c <__gethex+0x3f4>
1000963a:	e0d5      	b.n	100097e8 <__gethex+0x5a0>
1000963c:	4651      	mov	r1, sl
1000963e:	1b53      	subs	r3, r2, r5
10009640:	109b      	asrs	r3, r3, #2
10009642:	610b      	str	r3, [r1, #16]
10009644:	42aa      	cmp	r2, r5
10009646:	d100      	bne.n	1000964a <__gethex+0x402>
10009648:	e0c6      	b.n	100097d8 <__gethex+0x590>
1000964a:	465b      	mov	r3, fp
1000964c:	9a03      	ldr	r2, [sp, #12]
1000964e:	689b      	ldr	r3, [r3, #8]
10009650:	3201      	adds	r2, #1
10009652:	9203      	str	r2, [sp, #12]
10009654:	4293      	cmp	r3, r2
10009656:	db31      	blt.n	100096bc <__gethex+0x474>
10009658:	2721      	movs	r7, #33	; 0x21
1000965a:	e745      	b.n	100094e8 <__gethex+0x2a0>
1000965c:	07aa      	lsls	r2, r5, #30
1000965e:	d400      	bmi.n	10009662 <__gethex+0x41a>
10009660:	e740      	b.n	100094e4 <__gethex+0x29c>
10009662:	9a08      	ldr	r2, [sp, #32]
10009664:	6812      	ldr	r2, [r2, #0]
10009666:	4315      	orrs	r5, r2
10009668:	9201      	str	r2, [sp, #4]
1000966a:	422b      	tst	r3, r5
1000966c:	d19a      	bne.n	100095a4 <__gethex+0x35c>
1000966e:	e739      	b.n	100094e4 <__gethex+0x29c>
10009670:	2200      	movs	r2, #0
10009672:	e741      	b.n	100094f8 <__gethex+0x2b0>
10009674:	1ba6      	subs	r6, r4, r6
10009676:	4651      	mov	r1, sl
10009678:	0032      	movs	r2, r6
1000967a:	9807      	ldr	r0, [sp, #28]
1000967c:	f000 fc78 	bl	10009f70 <__lshift>
10009680:	9b03      	ldr	r3, [sp, #12]
10009682:	4682      	mov	sl, r0
10009684:	1b9b      	subs	r3, r3, r6
10009686:	9303      	str	r3, [sp, #12]
10009688:	2314      	movs	r3, #20
1000968a:	4453      	add	r3, sl
1000968c:	9308      	str	r3, [sp, #32]
1000968e:	e6ce      	b.n	1000942e <__gethex+0x1e6>
10009690:	4642      	mov	r2, r8
10009692:	9b04      	ldr	r3, [sp, #16]
10009694:	18f1      	adds	r1, r6, r3
10009696:	5cf3      	ldrb	r3, [r6, r3]
10009698:	000e      	movs	r6, r1
1000969a:	5cd2      	ldrb	r2, [r2, r3]
1000969c:	2a00      	cmp	r2, #0
1000969e:	d100      	bne.n	100096a2 <__gethex+0x45a>
100096a0:	e61f      	b.n	100092e2 <__gethex+0x9a>
100096a2:	4642      	mov	r2, r8
100096a4:	7873      	ldrb	r3, [r6, #1]
100096a6:	3601      	adds	r6, #1
100096a8:	5cd2      	ldrb	r2, [r2, r3]
100096aa:	2a00      	cmp	r2, #0
100096ac:	d1f9      	bne.n	100096a2 <__gethex+0x45a>
100096ae:	1b89      	subs	r1, r1, r6
100096b0:	008a      	lsls	r2, r1, #2
100096b2:	9203      	str	r2, [sp, #12]
100096b4:	e615      	b.n	100092e2 <__gethex+0x9a>
100096b6:	2700      	movs	r7, #0
100096b8:	3502      	adds	r5, #2
100096ba:	e5f0      	b.n	1000929e <__gethex+0x56>
100096bc:	4651      	mov	r1, sl
100096be:	9807      	ldr	r0, [sp, #28]
100096c0:	f000 f9e8 	bl	10009a94 <_Bfree>
100096c4:	2300      	movs	r3, #0
100096c6:	9a14      	ldr	r2, [sp, #80]	; 0x50
100096c8:	27a3      	movs	r7, #163	; 0xa3
100096ca:	6013      	str	r3, [r2, #0]
100096cc:	e691      	b.n	100093f2 <__gethex+0x1aa>
100096ce:	9b08      	ldr	r3, [sp, #32]
100096d0:	9302      	str	r3, [sp, #8]
100096d2:	2300      	movs	r3, #0
100096d4:	4699      	mov	r9, r3
100096d6:	e695      	b.n	10009404 <__gethex+0x1bc>
100096d8:	2501      	movs	r5, #1
100096da:	e73c      	b.n	10009556 <__gethex+0x30e>
100096dc:	0039      	movs	r1, r7
100096de:	4650      	mov	r0, sl
100096e0:	f000 feec 	bl	1000a4bc <__any_on>
100096e4:	0005      	movs	r5, r0
100096e6:	e736      	b.n	10009556 <__gethex+0x30e>
100096e8:	4650      	mov	r0, sl
100096ea:	1eb1      	subs	r1, r6, #2
100096ec:	f000 fee6 	bl	1000a4bc <__any_on>
100096f0:	3502      	adds	r5, #2
100096f2:	2800      	cmp	r0, #0
100096f4:	d000      	beq.n	100096f8 <__gethex+0x4b0>
100096f6:	e719      	b.n	1000952c <__gethex+0x2e4>
100096f8:	e717      	b.n	1000952a <__gethex+0x2e2>
100096fa:	2300      	movs	r3, #0
100096fc:	9303      	str	r3, [sp, #12]
100096fe:	3301      	adds	r3, #1
10009700:	469a      	mov	sl, r3
10009702:	e64d      	b.n	100093a0 <__gethex+0x158>
10009704:	42b4      	cmp	r4, r6
10009706:	d000      	beq.n	1000970a <__gethex+0x4c2>
10009708:	e6ab      	b.n	10009462 <__gethex+0x21a>
1000970a:	2c01      	cmp	r4, #1
1000970c:	d008      	beq.n	10009720 <__gethex+0x4d8>
1000970e:	4650      	mov	r0, sl
10009710:	1e61      	subs	r1, r4, #1
10009712:	f000 fed3 	bl	1000a4bc <__any_on>
10009716:	2800      	cmp	r0, #0
10009718:	d100      	bne.n	1000971c <__gethex+0x4d4>
1000971a:	e6a2      	b.n	10009462 <__gethex+0x21a>
1000971c:	465b      	mov	r3, fp
1000971e:	685b      	ldr	r3, [r3, #4]
10009720:	9a09      	ldr	r2, [sp, #36]	; 0x24
10009722:	2762      	movs	r7, #98	; 0x62
10009724:	6013      	str	r3, [r2, #0]
10009726:	2301      	movs	r3, #1
10009728:	4652      	mov	r2, sl
1000972a:	6113      	str	r3, [r2, #16]
1000972c:	9a08      	ldr	r2, [sp, #32]
1000972e:	6013      	str	r3, [r2, #0]
10009730:	4652      	mov	r2, sl
10009732:	9b14      	ldr	r3, [sp, #80]	; 0x50
10009734:	601a      	str	r2, [r3, #0]
10009736:	e65c      	b.n	100093f2 <__gethex+0x1aa>
10009738:	9a15      	ldr	r2, [sp, #84]	; 0x54
1000973a:	2a00      	cmp	r2, #0
1000973c:	d100      	bne.n	10009740 <__gethex+0x4f8>
1000973e:	e690      	b.n	10009462 <__gethex+0x21a>
10009740:	e7ee      	b.n	10009720 <__gethex+0x4d8>
10009742:	9a15      	ldr	r2, [sp, #84]	; 0x54
10009744:	2a00      	cmp	r2, #0
10009746:	d000      	beq.n	1000974a <__gethex+0x502>
10009748:	e68b      	b.n	10009462 <__gethex+0x21a>
1000974a:	e7e9      	b.n	10009720 <__gethex+0x4d8>
1000974c:	4652      	mov	r2, sl
1000974e:	4666      	mov	r6, ip
10009750:	6892      	ldr	r2, [r2, #8]
10009752:	4663      	mov	r3, ip
10009754:	4296      	cmp	r6, r2
10009756:	da20      	bge.n	1000979a <__gethex+0x552>
10009758:	4651      	mov	r1, sl
1000975a:	1c5a      	adds	r2, r3, #1
1000975c:	610a      	str	r2, [r1, #16]
1000975e:	2101      	movs	r1, #1
10009760:	3304      	adds	r3, #4
10009762:	009b      	lsls	r3, r3, #2
10009764:	4453      	add	r3, sl
10009766:	6059      	str	r1, [r3, #4]
10009768:	2f02      	cmp	r7, #2
1000976a:	d003      	beq.n	10009774 <__gethex+0x52c>
1000976c:	4296      	cmp	r6, r2
1000976e:	da00      	bge.n	10009772 <__gethex+0x52a>
10009770:	e741      	b.n	100095f6 <__gethex+0x3ae>
10009772:	e72d      	b.n	100095d0 <__gethex+0x388>
10009774:	465b      	mov	r3, fp
10009776:	681b      	ldr	r3, [r3, #0]
10009778:	2722      	movs	r7, #34	; 0x22
1000977a:	3b01      	subs	r3, #1
1000977c:	42a3      	cmp	r3, r4
1000977e:	d000      	beq.n	10009782 <__gethex+0x53a>
10009780:	e6b2      	b.n	100094e8 <__gethex+0x2a0>
10009782:	231f      	movs	r3, #31
10009784:	1162      	asrs	r2, r4, #5
10009786:	401c      	ands	r4, r3
10009788:	3b1e      	subs	r3, #30
1000978a:	40a3      	lsls	r3, r4
1000978c:	0092      	lsls	r2, r2, #2
1000978e:	5957      	ldr	r7, [r2, r5]
10009790:	401f      	ands	r7, r3
10009792:	427b      	negs	r3, r7
10009794:	415f      	adcs	r7, r3
10009796:	3721      	adds	r7, #33	; 0x21
10009798:	e6a6      	b.n	100094e8 <__gethex+0x2a0>
1000979a:	4653      	mov	r3, sl
1000979c:	685b      	ldr	r3, [r3, #4]
1000979e:	9807      	ldr	r0, [sp, #28]
100097a0:	1c59      	adds	r1, r3, #1
100097a2:	f000 f94f 	bl	10009a44 <_Balloc>
100097a6:	4680      	mov	r8, r0
100097a8:	2800      	cmp	r0, #0
100097aa:	d01f      	beq.n	100097ec <__gethex+0x5a4>
100097ac:	4653      	mov	r3, sl
100097ae:	4651      	mov	r1, sl
100097b0:	691b      	ldr	r3, [r3, #16]
100097b2:	310c      	adds	r1, #12
100097b4:	1c9a      	adds	r2, r3, #2
100097b6:	0092      	lsls	r2, r2, #2
100097b8:	300c      	adds	r0, #12
100097ba:	f7fb fbe1 	bl	10004f80 <__wrap___aeabi_memcpy>
100097be:	4651      	mov	r1, sl
100097c0:	9807      	ldr	r0, [sp, #28]
100097c2:	f000 f967 	bl	10009a94 <_Bfree>
100097c6:	4645      	mov	r5, r8
100097c8:	4643      	mov	r3, r8
100097ca:	46c2      	mov	sl, r8
100097cc:	691b      	ldr	r3, [r3, #16]
100097ce:	3514      	adds	r5, #20
100097d0:	e7c2      	b.n	10009758 <__gethex+0x510>
100097d2:	2300      	movs	r3, #0
100097d4:	4652      	mov	r2, sl
100097d6:	6113      	str	r3, [r2, #16]
100097d8:	2300      	movs	r3, #0
100097da:	4652      	mov	r2, sl
100097dc:	6153      	str	r3, [r2, #20]
100097de:	e734      	b.n	1000964a <__gethex+0x402>
100097e0:	002a      	movs	r2, r5
100097e2:	602b      	str	r3, [r5, #0]
100097e4:	2b00      	cmp	r3, #0
100097e6:	d00d      	beq.n	10009804 <__gethex+0x5bc>
100097e8:	3204      	adds	r2, #4
100097ea:	e727      	b.n	1000963c <__gethex+0x3f4>
100097ec:	2200      	movs	r2, #0
100097ee:	2184      	movs	r1, #132	; 0x84
100097f0:	4b06      	ldr	r3, [pc, #24]	; (1000980c <__gethex+0x5c4>)
100097f2:	4807      	ldr	r0, [pc, #28]	; (10009810 <__gethex+0x5c8>)
100097f4:	f7f8 ff9e 	bl	10002734 <__assert_func>
100097f8:	2200      	movs	r2, #0
100097fa:	21de      	movs	r1, #222	; 0xde
100097fc:	4b03      	ldr	r3, [pc, #12]	; (1000980c <__gethex+0x5c4>)
100097fe:	4804      	ldr	r0, [pc, #16]	; (10009810 <__gethex+0x5c8>)
10009800:	f7f8 ff98 	bl	10002734 <__assert_func>
10009804:	4652      	mov	r2, sl
10009806:	6113      	str	r3, [r2, #16]
10009808:	e7e6      	b.n	100097d8 <__gethex+0x590>
1000980a:	46c0      	nop			; (mov r8, r8)
1000980c:	1000c060 	.word	0x1000c060
10009810:	1000c074 	.word	0x1000c074

10009814 <__match>:
10009814:	b530      	push	{r4, r5, lr}
10009816:	6802      	ldr	r2, [r0, #0]
10009818:	e008      	b.n	1000982c <__match+0x18>
1000981a:	7813      	ldrb	r3, [r2, #0]
1000981c:	001d      	movs	r5, r3
1000981e:	3d41      	subs	r5, #65	; 0x41
10009820:	2d19      	cmp	r5, #25
10009822:	d800      	bhi.n	10009826 <__match+0x12>
10009824:	3320      	adds	r3, #32
10009826:	3101      	adds	r1, #1
10009828:	42a3      	cmp	r3, r4
1000982a:	d106      	bne.n	1000983a <__match+0x26>
1000982c:	780c      	ldrb	r4, [r1, #0]
1000982e:	3201      	adds	r2, #1
10009830:	2c00      	cmp	r4, #0
10009832:	d1f2      	bne.n	1000981a <__match+0x6>
10009834:	6002      	str	r2, [r0, #0]
10009836:	2001      	movs	r0, #1
10009838:	bd30      	pop	{r4, r5, pc}
1000983a:	2000      	movs	r0, #0
1000983c:	e7fc      	b.n	10009838 <__match+0x24>
1000983e:	46c0      	nop			; (mov r8, r8)

10009840 <__hexnan>:
10009840:	b5f0      	push	{r4, r5, r6, r7, lr}
10009842:	4645      	mov	r5, r8
10009844:	46de      	mov	lr, fp
10009846:	4657      	mov	r7, sl
10009848:	464e      	mov	r6, r9
1000984a:	4690      	mov	r8, r2
1000984c:	680a      	ldr	r2, [r1, #0]
1000984e:	211f      	movs	r1, #31
10009850:	b5e0      	push	{r5, r6, r7, lr}
10009852:	b085      	sub	sp, #20
10009854:	9000      	str	r0, [sp, #0]
10009856:	0008      	movs	r0, r1
10009858:	1153      	asrs	r3, r2, #5
1000985a:	009b      	lsls	r3, r3, #2
1000985c:	4010      	ands	r0, r2
1000985e:	4443      	add	r3, r8
10009860:	9001      	str	r0, [sp, #4]
10009862:	4211      	tst	r1, r2
10009864:	d000      	beq.n	10009868 <__hexnan+0x28>
10009866:	e092      	b.n	1000998e <__hexnan+0x14e>
10009868:	001a      	movs	r2, r3
1000986a:	1f1f      	subs	r7, r3, #4
1000986c:	1f13      	subs	r3, r2, #4
1000986e:	469a      	mov	sl, r3
10009870:	2300      	movs	r3, #0
10009872:	4652      	mov	r2, sl
10009874:	6013      	str	r3, [r2, #0]
10009876:	9b00      	ldr	r3, [sp, #0]
10009878:	6818      	ldr	r0, [r3, #0]
1000987a:	7841      	ldrb	r1, [r0, #1]
1000987c:	2900      	cmp	r1, #0
1000987e:	d100      	bne.n	10009882 <__hexnan+0x42>
10009880:	e09a      	b.n	100099b8 <__hexnan+0x178>
10009882:	2300      	movs	r3, #0
10009884:	46bc      	mov	ip, r7
10009886:	469b      	mov	fp, r3
10009888:	4b60      	ldr	r3, [pc, #384]	; (10009a0c <__hexnan+0x1cc>)
1000988a:	003d      	movs	r5, r7
1000988c:	2400      	movs	r4, #0
1000988e:	465f      	mov	r7, fp
10009890:	2200      	movs	r2, #0
10009892:	4699      	mov	r9, r3
10009894:	46e3      	mov	fp, ip
10009896:	e016      	b.n	100098c6 <__hexnan+0x86>
10009898:	2920      	cmp	r1, #32
1000989a:	d900      	bls.n	1000989e <__hexnan+0x5e>
1000989c:	e089      	b.n	100099b2 <__hexnan+0x172>
1000989e:	4297      	cmp	r7, r2
100098a0:	da0d      	bge.n	100098be <__hexnan+0x7e>
100098a2:	4565      	cmp	r5, ip
100098a4:	d201      	bcs.n	100098aa <__hexnan+0x6a>
100098a6:	2c07      	cmp	r4, #7
100098a8:	dd56      	ble.n	10009958 <__hexnan+0x118>
100098aa:	2408      	movs	r4, #8
100098ac:	45a8      	cmp	r8, r5
100098ae:	d206      	bcs.n	100098be <__hexnan+0x7e>
100098b0:	1f2b      	subs	r3, r5, #4
100098b2:	2100      	movs	r1, #0
100098b4:	469c      	mov	ip, r3
100098b6:	0017      	movs	r7, r2
100098b8:	001d      	movs	r5, r3
100098ba:	2400      	movs	r4, #0
100098bc:	6019      	str	r1, [r3, #0]
100098be:	7881      	ldrb	r1, [r0, #2]
100098c0:	3001      	adds	r0, #1
100098c2:	2900      	cmp	r1, #0
100098c4:	d011      	beq.n	100098ea <__hexnan+0xaa>
100098c6:	464b      	mov	r3, r9
100098c8:	5c5b      	ldrb	r3, [r3, r1]
100098ca:	2b00      	cmp	r3, #0
100098cc:	d0e4      	beq.n	10009898 <__hexnan+0x58>
100098ce:	3401      	adds	r4, #1
100098d0:	3201      	adds	r2, #1
100098d2:	2c08      	cmp	r4, #8
100098d4:	dc39      	bgt.n	1000994a <__hexnan+0x10a>
100098d6:	6829      	ldr	r1, [r5, #0]
100098d8:	0109      	lsls	r1, r1, #4
100098da:	260f      	movs	r6, #15
100098dc:	4033      	ands	r3, r6
100098de:	430b      	orrs	r3, r1
100098e0:	602b      	str	r3, [r5, #0]
100098e2:	7881      	ldrb	r1, [r0, #2]
100098e4:	3001      	adds	r0, #1
100098e6:	2900      	cmp	r1, #0
100098e8:	d1ed      	bne.n	100098c6 <__hexnan+0x86>
100098ea:	465f      	mov	r7, fp
100098ec:	2a00      	cmp	r2, #0
100098ee:	d063      	beq.n	100099b8 <__hexnan+0x178>
100098f0:	45ac      	cmp	ip, r5
100098f2:	d901      	bls.n	100098f8 <__hexnan+0xb8>
100098f4:	2c07      	cmp	r4, #7
100098f6:	dd6e      	ble.n	100099d6 <__hexnan+0x196>
100098f8:	45a8      	cmp	r8, r5
100098fa:	d24b      	bcs.n	10009994 <__hexnan+0x154>
100098fc:	4642      	mov	r2, r8
100098fe:	002b      	movs	r3, r5
10009900:	cb02      	ldmia	r3!, {r1}
10009902:	c202      	stmia	r2!, {r1}
10009904:	429f      	cmp	r7, r3
10009906:	d2fb      	bcs.n	10009900 <__hexnan+0xc0>
10009908:	1c79      	adds	r1, r7, #1
1000990a:	1c6a      	adds	r2, r5, #1
1000990c:	2304      	movs	r3, #4
1000990e:	4291      	cmp	r1, r2
10009910:	d25c      	bcs.n	100099cc <__hexnan+0x18c>
10009912:	4443      	add	r3, r8
10009914:	001d      	movs	r5, r3
10009916:	2300      	movs	r3, #0
10009918:	c508      	stmia	r5!, {r3}
1000991a:	42af      	cmp	r7, r5
1000991c:	d2fc      	bcs.n	10009918 <__hexnan+0xd8>
1000991e:	4653      	mov	r3, sl
10009920:	681b      	ldr	r3, [r3, #0]
10009922:	2b00      	cmp	r3, #0
10009924:	d109      	bne.n	1000993a <__hexnan+0xfa>
10009926:	4643      	mov	r3, r8
10009928:	45b8      	cmp	r8, r7
1000992a:	d102      	bne.n	10009932 <__hexnan+0xf2>
1000992c:	e046      	b.n	100099bc <__hexnan+0x17c>
1000992e:	42bb      	cmp	r3, r7
10009930:	d044      	beq.n	100099bc <__hexnan+0x17c>
10009932:	3f04      	subs	r7, #4
10009934:	683a      	ldr	r2, [r7, #0]
10009936:	2a00      	cmp	r2, #0
10009938:	d0f9      	beq.n	1000992e <__hexnan+0xee>
1000993a:	2005      	movs	r0, #5
1000993c:	b005      	add	sp, #20
1000993e:	bcf0      	pop	{r4, r5, r6, r7}
10009940:	46bb      	mov	fp, r7
10009942:	46b2      	mov	sl, r6
10009944:	46a9      	mov	r9, r5
10009946:	46a0      	mov	r8, r4
10009948:	bdf0      	pop	{r4, r5, r6, r7, pc}
1000994a:	45a8      	cmp	r8, r5
1000994c:	d2b7      	bcs.n	100098be <__hexnan+0x7e>
1000994e:	2100      	movs	r1, #0
10009950:	3d04      	subs	r5, #4
10009952:	2401      	movs	r4, #1
10009954:	6029      	str	r1, [r5, #0]
10009956:	e7c0      	b.n	100098da <__hexnan+0x9a>
10009958:	2308      	movs	r3, #8
1000995a:	1b1c      	subs	r4, r3, r4
1000995c:	00a4      	lsls	r4, r4, #2
1000995e:	3318      	adds	r3, #24
10009960:	1b19      	subs	r1, r3, r4
10009962:	9002      	str	r0, [sp, #8]
10009964:	002e      	movs	r6, r5
10009966:	0008      	movs	r0, r1
10009968:	9403      	str	r4, [sp, #12]
1000996a:	682b      	ldr	r3, [r5, #0]
1000996c:	4664      	mov	r4, ip
1000996e:	4694      	mov	ip, r2
10009970:	9a03      	ldr	r2, [sp, #12]
10009972:	6871      	ldr	r1, [r6, #4]
10009974:	4081      	lsls	r1, r0
10009976:	430b      	orrs	r3, r1
10009978:	6033      	str	r3, [r6, #0]
1000997a:	6873      	ldr	r3, [r6, #4]
1000997c:	3604      	adds	r6, #4
1000997e:	40d3      	lsrs	r3, r2
10009980:	6033      	str	r3, [r6, #0]
10009982:	42a6      	cmp	r6, r4
10009984:	d3f5      	bcc.n	10009972 <__hexnan+0x132>
10009986:	4662      	mov	r2, ip
10009988:	9802      	ldr	r0, [sp, #8]
1000998a:	46a4      	mov	ip, r4
1000998c:	e78d      	b.n	100098aa <__hexnan+0x6a>
1000998e:	001f      	movs	r7, r3
10009990:	1d1a      	adds	r2, r3, #4
10009992:	e76b      	b.n	1000986c <__hexnan+0x2c>
10009994:	9b01      	ldr	r3, [sp, #4]
10009996:	2b00      	cmp	r3, #0
10009998:	d0c1      	beq.n	1000991e <__hexnan+0xde>
1000999a:	2220      	movs	r2, #32
1000999c:	9b01      	ldr	r3, [sp, #4]
1000999e:	1ad2      	subs	r2, r2, r3
100099a0:	2301      	movs	r3, #1
100099a2:	425b      	negs	r3, r3
100099a4:	40d3      	lsrs	r3, r2
100099a6:	4652      	mov	r2, sl
100099a8:	6812      	ldr	r2, [r2, #0]
100099aa:	4013      	ands	r3, r2
100099ac:	4652      	mov	r2, sl
100099ae:	6013      	str	r3, [r2, #0]
100099b0:	e7b7      	b.n	10009922 <__hexnan+0xe2>
100099b2:	465f      	mov	r7, fp
100099b4:	2929      	cmp	r1, #41	; 0x29
100099b6:	d005      	beq.n	100099c4 <__hexnan+0x184>
100099b8:	2004      	movs	r0, #4
100099ba:	e7bf      	b.n	1000993c <__hexnan+0xfc>
100099bc:	2301      	movs	r3, #1
100099be:	2005      	movs	r0, #5
100099c0:	603b      	str	r3, [r7, #0]
100099c2:	e7bb      	b.n	1000993c <__hexnan+0xfc>
100099c4:	9b00      	ldr	r3, [sp, #0]
100099c6:	3002      	adds	r0, #2
100099c8:	6018      	str	r0, [r3, #0]
100099ca:	e78f      	b.n	100098ec <__hexnan+0xac>
100099cc:	1b7d      	subs	r5, r7, r5
100099ce:	08ad      	lsrs	r5, r5, #2
100099d0:	3501      	adds	r5, #1
100099d2:	00ab      	lsls	r3, r5, #2
100099d4:	e79d      	b.n	10009912 <__hexnan+0xd2>
100099d6:	2308      	movs	r3, #8
100099d8:	2620      	movs	r6, #32
100099da:	1b1c      	subs	r4, r3, r4
100099dc:	00a4      	lsls	r4, r4, #2
100099de:	682b      	ldr	r3, [r5, #0]
100099e0:	1b36      	subs	r6, r6, r4
100099e2:	001a      	movs	r2, r3
100099e4:	0033      	movs	r3, r6
100099e6:	0028      	movs	r0, r5
100099e8:	0026      	movs	r6, r4
100099ea:	4664      	mov	r4, ip
100099ec:	46ac      	mov	ip, r5
100099ee:	001d      	movs	r5, r3
100099f0:	6841      	ldr	r1, [r0, #4]
100099f2:	000b      	movs	r3, r1
100099f4:	40ab      	lsls	r3, r5
100099f6:	4313      	orrs	r3, r2
100099f8:	000a      	movs	r2, r1
100099fa:	40f2      	lsrs	r2, r6
100099fc:	6003      	str	r3, [r0, #0]
100099fe:	6042      	str	r2, [r0, #4]
10009a00:	3004      	adds	r0, #4
10009a02:	4284      	cmp	r4, r0
10009a04:	d8f4      	bhi.n	100099f0 <__hexnan+0x1b0>
10009a06:	4665      	mov	r5, ip
10009a08:	e776      	b.n	100098f8 <__hexnan+0xb8>
10009a0a:	46c0      	nop			; (mov r8, r8)
10009a0c:	1000c0fc 	.word	0x1000c0fc

10009a10 <__retarget_lock_acquire_recursive>:
10009a10:	4770      	bx	lr
10009a12:	46c0      	nop			; (mov r8, r8)

10009a14 <__retarget_lock_release_recursive>:
10009a14:	4770      	bx	lr
10009a16:	46c0      	nop			; (mov r8, r8)

10009a18 <__ascii_mbtowc>:
10009a18:	b082      	sub	sp, #8
10009a1a:	2900      	cmp	r1, #0
10009a1c:	d00a      	beq.n	10009a34 <__ascii_mbtowc+0x1c>
10009a1e:	2a00      	cmp	r2, #0
10009a20:	d00b      	beq.n	10009a3a <__ascii_mbtowc+0x22>
10009a22:	2b00      	cmp	r3, #0
10009a24:	d00b      	beq.n	10009a3e <__ascii_mbtowc+0x26>
10009a26:	7813      	ldrb	r3, [r2, #0]
10009a28:	600b      	str	r3, [r1, #0]
10009a2a:	7810      	ldrb	r0, [r2, #0]
10009a2c:	1e43      	subs	r3, r0, #1
10009a2e:	4198      	sbcs	r0, r3
10009a30:	b002      	add	sp, #8
10009a32:	4770      	bx	lr
10009a34:	a901      	add	r1, sp, #4
10009a36:	2a00      	cmp	r2, #0
10009a38:	d1f3      	bne.n	10009a22 <__ascii_mbtowc+0xa>
10009a3a:	2000      	movs	r0, #0
10009a3c:	e7f8      	b.n	10009a30 <__ascii_mbtowc+0x18>
10009a3e:	2002      	movs	r0, #2
10009a40:	4240      	negs	r0, r0
10009a42:	e7f5      	b.n	10009a30 <__ascii_mbtowc+0x18>

10009a44 <_Balloc>:
10009a44:	6cc3      	ldr	r3, [r0, #76]	; 0x4c
10009a46:	b570      	push	{r4, r5, r6, lr}
10009a48:	0004      	movs	r4, r0
10009a4a:	000d      	movs	r5, r1
10009a4c:	2b00      	cmp	r3, #0
10009a4e:	d00a      	beq.n	10009a66 <_Balloc+0x22>
10009a50:	00a8      	lsls	r0, r5, #2
10009a52:	181b      	adds	r3, r3, r0
10009a54:	6818      	ldr	r0, [r3, #0]
10009a56:	2800      	cmp	r0, #0
10009a58:	d00e      	beq.n	10009a78 <_Balloc+0x34>
10009a5a:	6802      	ldr	r2, [r0, #0]
10009a5c:	601a      	str	r2, [r3, #0]
10009a5e:	2300      	movs	r3, #0
10009a60:	6103      	str	r3, [r0, #16]
10009a62:	60c3      	str	r3, [r0, #12]
10009a64:	bd70      	pop	{r4, r5, r6, pc}
10009a66:	2221      	movs	r2, #33	; 0x21
10009a68:	2104      	movs	r1, #4
10009a6a:	f7fd feef 	bl	1000784c <_calloc_r>
10009a6e:	1e03      	subs	r3, r0, #0
10009a70:	64e0      	str	r0, [r4, #76]	; 0x4c
10009a72:	d1ed      	bne.n	10009a50 <_Balloc+0xc>
10009a74:	2000      	movs	r0, #0
10009a76:	e7f5      	b.n	10009a64 <_Balloc+0x20>
10009a78:	2601      	movs	r6, #1
10009a7a:	40ae      	lsls	r6, r5
10009a7c:	1d72      	adds	r2, r6, #5
10009a7e:	2101      	movs	r1, #1
10009a80:	0020      	movs	r0, r4
10009a82:	0092      	lsls	r2, r2, #2
10009a84:	f7fd fee2 	bl	1000784c <_calloc_r>
10009a88:	2800      	cmp	r0, #0
10009a8a:	d0f3      	beq.n	10009a74 <_Balloc+0x30>
10009a8c:	6045      	str	r5, [r0, #4]
10009a8e:	6086      	str	r6, [r0, #8]
10009a90:	e7e5      	b.n	10009a5e <_Balloc+0x1a>
10009a92:	46c0      	nop			; (mov r8, r8)

10009a94 <_Bfree>:
10009a94:	2900      	cmp	r1, #0
10009a96:	d006      	beq.n	10009aa6 <_Bfree+0x12>
10009a98:	684b      	ldr	r3, [r1, #4]
10009a9a:	009a      	lsls	r2, r3, #2
10009a9c:	6cc3      	ldr	r3, [r0, #76]	; 0x4c
10009a9e:	189b      	adds	r3, r3, r2
10009aa0:	681a      	ldr	r2, [r3, #0]
10009aa2:	600a      	str	r2, [r1, #0]
10009aa4:	6019      	str	r1, [r3, #0]
10009aa6:	4770      	bx	lr

10009aa8 <__multadd>:
10009aa8:	b5f0      	push	{r4, r5, r6, r7, lr}
10009aaa:	46c6      	mov	lr, r8
10009aac:	001f      	movs	r7, r3
10009aae:	4680      	mov	r8, r0
10009ab0:	2300      	movs	r3, #0
10009ab2:	b500      	push	{lr}
10009ab4:	000e      	movs	r6, r1
10009ab6:	690d      	ldr	r5, [r1, #16]
10009ab8:	3114      	adds	r1, #20
10009aba:	680c      	ldr	r4, [r1, #0]
10009abc:	3301      	adds	r3, #1
10009abe:	0420      	lsls	r0, r4, #16
10009ac0:	0c00      	lsrs	r0, r0, #16
10009ac2:	4350      	muls	r0, r2
10009ac4:	0c24      	lsrs	r4, r4, #16
10009ac6:	4354      	muls	r4, r2
10009ac8:	19c0      	adds	r0, r0, r7
10009aca:	0c07      	lsrs	r7, r0, #16
10009acc:	19e4      	adds	r4, r4, r7
10009ace:	0400      	lsls	r0, r0, #16
10009ad0:	0c27      	lsrs	r7, r4, #16
10009ad2:	0c00      	lsrs	r0, r0, #16
10009ad4:	0424      	lsls	r4, r4, #16
10009ad6:	1824      	adds	r4, r4, r0
10009ad8:	c110      	stmia	r1!, {r4}
10009ada:	429d      	cmp	r5, r3
10009adc:	dced      	bgt.n	10009aba <__multadd+0x12>
10009ade:	2f00      	cmp	r7, #0
10009ae0:	d008      	beq.n	10009af4 <__multadd+0x4c>
10009ae2:	68b3      	ldr	r3, [r6, #8]
10009ae4:	42ab      	cmp	r3, r5
10009ae6:	dd09      	ble.n	10009afc <__multadd+0x54>
10009ae8:	1d2b      	adds	r3, r5, #4
10009aea:	009b      	lsls	r3, r3, #2
10009aec:	18f3      	adds	r3, r6, r3
10009aee:	3501      	adds	r5, #1
10009af0:	605f      	str	r7, [r3, #4]
10009af2:	6135      	str	r5, [r6, #16]
10009af4:	0030      	movs	r0, r6
10009af6:	bc80      	pop	{r7}
10009af8:	46b8      	mov	r8, r7
10009afa:	bdf0      	pop	{r4, r5, r6, r7, pc}
10009afc:	6873      	ldr	r3, [r6, #4]
10009afe:	4640      	mov	r0, r8
10009b00:	1c59      	adds	r1, r3, #1
10009b02:	f7ff ff9f 	bl	10009a44 <_Balloc>
10009b06:	1e04      	subs	r4, r0, #0
10009b08:	d017      	beq.n	10009b3a <__multadd+0x92>
10009b0a:	0031      	movs	r1, r6
10009b0c:	6933      	ldr	r3, [r6, #16]
10009b0e:	310c      	adds	r1, #12
10009b10:	1c9a      	adds	r2, r3, #2
10009b12:	0092      	lsls	r2, r2, #2
10009b14:	300c      	adds	r0, #12
10009b16:	f7fb fa33 	bl	10004f80 <__wrap___aeabi_memcpy>
10009b1a:	6873      	ldr	r3, [r6, #4]
10009b1c:	009a      	lsls	r2, r3, #2
10009b1e:	4643      	mov	r3, r8
10009b20:	6cdb      	ldr	r3, [r3, #76]	; 0x4c
10009b22:	189b      	adds	r3, r3, r2
10009b24:	681a      	ldr	r2, [r3, #0]
10009b26:	6032      	str	r2, [r6, #0]
10009b28:	601e      	str	r6, [r3, #0]
10009b2a:	0026      	movs	r6, r4
10009b2c:	1d2b      	adds	r3, r5, #4
10009b2e:	009b      	lsls	r3, r3, #2
10009b30:	18f3      	adds	r3, r6, r3
10009b32:	3501      	adds	r5, #1
10009b34:	605f      	str	r7, [r3, #4]
10009b36:	6135      	str	r5, [r6, #16]
10009b38:	e7dc      	b.n	10009af4 <__multadd+0x4c>
10009b3a:	2200      	movs	r2, #0
10009b3c:	21b5      	movs	r1, #181	; 0xb5
10009b3e:	4b02      	ldr	r3, [pc, #8]	; (10009b48 <__multadd+0xa0>)
10009b40:	4802      	ldr	r0, [pc, #8]	; (10009b4c <__multadd+0xa4>)
10009b42:	f7f8 fdf7 	bl	10002734 <__assert_func>
10009b46:	46c0      	nop			; (mov r8, r8)
10009b48:	1000c060 	.word	0x1000c060
10009b4c:	1000c210 	.word	0x1000c210

10009b50 <__s2b>:
10009b50:	b5f8      	push	{r3, r4, r5, r6, r7, lr}
10009b52:	4647      	mov	r7, r8
10009b54:	46ce      	mov	lr, r9
10009b56:	0006      	movs	r6, r0
10009b58:	0018      	movs	r0, r3
10009b5a:	b580      	push	{r7, lr}
10009b5c:	000c      	movs	r4, r1
10009b5e:	3008      	adds	r0, #8
10009b60:	2109      	movs	r1, #9
10009b62:	001f      	movs	r7, r3
10009b64:	4690      	mov	r8, r2
10009b66:	f7f9 ff6b 	bl	10003a40 <__wrap___aeabi_idiv>
10009b6a:	2f09      	cmp	r7, #9
10009b6c:	dd3b      	ble.n	10009be6 <__s2b+0x96>
10009b6e:	2501      	movs	r5, #1
10009b70:	2100      	movs	r1, #0
10009b72:	006d      	lsls	r5, r5, #1
10009b74:	3101      	adds	r1, #1
10009b76:	42a8      	cmp	r0, r5
10009b78:	dcfb      	bgt.n	10009b72 <__s2b+0x22>
10009b7a:	0030      	movs	r0, r6
10009b7c:	f7ff ff62 	bl	10009a44 <_Balloc>
10009b80:	1e01      	subs	r1, r0, #0
10009b82:	d032      	beq.n	10009bea <__s2b+0x9a>
10009b84:	9b08      	ldr	r3, [sp, #32]
10009b86:	6143      	str	r3, [r0, #20]
10009b88:	2301      	movs	r3, #1
10009b8a:	6103      	str	r3, [r0, #16]
10009b8c:	4643      	mov	r3, r8
10009b8e:	2b09      	cmp	r3, #9
10009b90:	dc16      	bgt.n	10009bc0 <__s2b+0x70>
10009b92:	2309      	movs	r3, #9
10009b94:	4698      	mov	r8, r3
10009b96:	340a      	adds	r4, #10
10009b98:	4547      	cmp	r7, r8
10009b9a:	dd0c      	ble.n	10009bb6 <__s2b+0x66>
10009b9c:	4643      	mov	r3, r8
10009b9e:	19e7      	adds	r7, r4, r7
10009ba0:	1aff      	subs	r7, r7, r3
10009ba2:	7823      	ldrb	r3, [r4, #0]
10009ba4:	220a      	movs	r2, #10
10009ba6:	0030      	movs	r0, r6
10009ba8:	3b30      	subs	r3, #48	; 0x30
10009baa:	f7ff ff7d 	bl	10009aa8 <__multadd>
10009bae:	3401      	adds	r4, #1
10009bb0:	0001      	movs	r1, r0
10009bb2:	42bc      	cmp	r4, r7
10009bb4:	d1f5      	bne.n	10009ba2 <__s2b+0x52>
10009bb6:	0008      	movs	r0, r1
10009bb8:	bcc0      	pop	{r6, r7}
10009bba:	46b9      	mov	r9, r7
10009bbc:	46b0      	mov	r8, r6
10009bbe:	bdf8      	pop	{r3, r4, r5, r6, r7, pc}
10009bc0:	2309      	movs	r3, #9
10009bc2:	4699      	mov	r9, r3
10009bc4:	44a1      	add	r9, r4
10009bc6:	464d      	mov	r5, r9
10009bc8:	4444      	add	r4, r8
10009bca:	782b      	ldrb	r3, [r5, #0]
10009bcc:	220a      	movs	r2, #10
10009bce:	0030      	movs	r0, r6
10009bd0:	3b30      	subs	r3, #48	; 0x30
10009bd2:	f7ff ff69 	bl	10009aa8 <__multadd>
10009bd6:	3501      	adds	r5, #1
10009bd8:	0001      	movs	r1, r0
10009bda:	42a5      	cmp	r5, r4
10009bdc:	d1f5      	bne.n	10009bca <__s2b+0x7a>
10009bde:	4644      	mov	r4, r8
10009be0:	3c08      	subs	r4, #8
10009be2:	444c      	add	r4, r9
10009be4:	e7d8      	b.n	10009b98 <__s2b+0x48>
10009be6:	2100      	movs	r1, #0
10009be8:	e7c7      	b.n	10009b7a <__s2b+0x2a>
10009bea:	2200      	movs	r2, #0
10009bec:	4b02      	ldr	r3, [pc, #8]	; (10009bf8 <__s2b+0xa8>)
10009bee:	4803      	ldr	r0, [pc, #12]	; (10009bfc <__s2b+0xac>)
10009bf0:	31ce      	adds	r1, #206	; 0xce
10009bf2:	f7f8 fd9f 	bl	10002734 <__assert_func>
10009bf6:	46c0      	nop			; (mov r8, r8)
10009bf8:	1000c060 	.word	0x1000c060
10009bfc:	1000c210 	.word	0x1000c210

10009c00 <__hi0bits>:
10009c00:	0003      	movs	r3, r0
10009c02:	0c02      	lsrs	r2, r0, #16
10009c04:	2000      	movs	r0, #0
10009c06:	2a00      	cmp	r2, #0
10009c08:	d101      	bne.n	10009c0e <__hi0bits+0xe>
10009c0a:	041b      	lsls	r3, r3, #16
10009c0c:	3010      	adds	r0, #16
10009c0e:	0e1a      	lsrs	r2, r3, #24
10009c10:	d101      	bne.n	10009c16 <__hi0bits+0x16>
10009c12:	3008      	adds	r0, #8
10009c14:	021b      	lsls	r3, r3, #8
10009c16:	0f1a      	lsrs	r2, r3, #28
10009c18:	d101      	bne.n	10009c1e <__hi0bits+0x1e>
10009c1a:	3004      	adds	r0, #4
10009c1c:	011b      	lsls	r3, r3, #4
10009c1e:	0f9a      	lsrs	r2, r3, #30
10009c20:	d101      	bne.n	10009c26 <__hi0bits+0x26>
10009c22:	3002      	adds	r0, #2
10009c24:	009b      	lsls	r3, r3, #2
10009c26:	2b00      	cmp	r3, #0
10009c28:	db02      	blt.n	10009c30 <__hi0bits+0x30>
10009c2a:	3001      	adds	r0, #1
10009c2c:	005b      	lsls	r3, r3, #1
10009c2e:	d500      	bpl.n	10009c32 <__hi0bits+0x32>
10009c30:	4770      	bx	lr
10009c32:	2020      	movs	r0, #32
10009c34:	e7fc      	b.n	10009c30 <__hi0bits+0x30>
10009c36:	46c0      	nop			; (mov r8, r8)

10009c38 <__lo0bits>:
10009c38:	6803      	ldr	r3, [r0, #0]
10009c3a:	0002      	movs	r2, r0
10009c3c:	0759      	lsls	r1, r3, #29
10009c3e:	d007      	beq.n	10009c50 <__lo0bits+0x18>
10009c40:	07d9      	lsls	r1, r3, #31
10009c42:	d41e      	bmi.n	10009c82 <__lo0bits+0x4a>
10009c44:	0799      	lsls	r1, r3, #30
10009c46:	d520      	bpl.n	10009c8a <__lo0bits+0x52>
10009c48:	085b      	lsrs	r3, r3, #1
10009c4a:	6003      	str	r3, [r0, #0]
10009c4c:	2001      	movs	r0, #1
10009c4e:	4770      	bx	lr
10009c50:	2000      	movs	r0, #0
10009c52:	0419      	lsls	r1, r3, #16
10009c54:	d101      	bne.n	10009c5a <__lo0bits+0x22>
10009c56:	0c1b      	lsrs	r3, r3, #16
10009c58:	3010      	adds	r0, #16
10009c5a:	21ff      	movs	r1, #255	; 0xff
10009c5c:	4219      	tst	r1, r3
10009c5e:	d101      	bne.n	10009c64 <__lo0bits+0x2c>
10009c60:	3008      	adds	r0, #8
10009c62:	0a1b      	lsrs	r3, r3, #8
10009c64:	0719      	lsls	r1, r3, #28
10009c66:	d101      	bne.n	10009c6c <__lo0bits+0x34>
10009c68:	3004      	adds	r0, #4
10009c6a:	091b      	lsrs	r3, r3, #4
10009c6c:	0799      	lsls	r1, r3, #30
10009c6e:	d101      	bne.n	10009c74 <__lo0bits+0x3c>
10009c70:	3002      	adds	r0, #2
10009c72:	089b      	lsrs	r3, r3, #2
10009c74:	07d9      	lsls	r1, r3, #31
10009c76:	d402      	bmi.n	10009c7e <__lo0bits+0x46>
10009c78:	3001      	adds	r0, #1
10009c7a:	085b      	lsrs	r3, r3, #1
10009c7c:	d003      	beq.n	10009c86 <__lo0bits+0x4e>
10009c7e:	6013      	str	r3, [r2, #0]
10009c80:	e7e5      	b.n	10009c4e <__lo0bits+0x16>
10009c82:	2000      	movs	r0, #0
10009c84:	e7e3      	b.n	10009c4e <__lo0bits+0x16>
10009c86:	2020      	movs	r0, #32
10009c88:	e7e1      	b.n	10009c4e <__lo0bits+0x16>
10009c8a:	089b      	lsrs	r3, r3, #2
10009c8c:	6003      	str	r3, [r0, #0]
10009c8e:	2002      	movs	r0, #2
10009c90:	e7dd      	b.n	10009c4e <__lo0bits+0x16>
10009c92:	46c0      	nop			; (mov r8, r8)

10009c94 <__i2b>:
10009c94:	6cc3      	ldr	r3, [r0, #76]	; 0x4c
10009c96:	b570      	push	{r4, r5, r6, lr}
10009c98:	0004      	movs	r4, r0
10009c9a:	000d      	movs	r5, r1
10009c9c:	2b00      	cmp	r3, #0
10009c9e:	d00a      	beq.n	10009cb6 <__i2b+0x22>
10009ca0:	6858      	ldr	r0, [r3, #4]
10009ca2:	2800      	cmp	r0, #0
10009ca4:	d015      	beq.n	10009cd2 <__i2b+0x3e>
10009ca6:	6802      	ldr	r2, [r0, #0]
10009ca8:	605a      	str	r2, [r3, #4]
10009caa:	2300      	movs	r3, #0
10009cac:	60c3      	str	r3, [r0, #12]
10009cae:	3301      	adds	r3, #1
10009cb0:	6145      	str	r5, [r0, #20]
10009cb2:	6103      	str	r3, [r0, #16]
10009cb4:	bd70      	pop	{r4, r5, r6, pc}
10009cb6:	2221      	movs	r2, #33	; 0x21
10009cb8:	2104      	movs	r1, #4
10009cba:	f7fd fdc7 	bl	1000784c <_calloc_r>
10009cbe:	1e03      	subs	r3, r0, #0
10009cc0:	64e0      	str	r0, [r4, #76]	; 0x4c
10009cc2:	d1ed      	bne.n	10009ca0 <__i2b+0xc>
10009cc4:	21a0      	movs	r1, #160	; 0xa0
10009cc6:	2200      	movs	r2, #0
10009cc8:	4b08      	ldr	r3, [pc, #32]	; (10009cec <__i2b+0x58>)
10009cca:	4809      	ldr	r0, [pc, #36]	; (10009cf0 <__i2b+0x5c>)
10009ccc:	0049      	lsls	r1, r1, #1
10009cce:	f7f8 fd31 	bl	10002734 <__assert_func>
10009cd2:	221c      	movs	r2, #28
10009cd4:	2101      	movs	r1, #1
10009cd6:	0020      	movs	r0, r4
10009cd8:	f7fd fdb8 	bl	1000784c <_calloc_r>
10009cdc:	2800      	cmp	r0, #0
10009cde:	d0f1      	beq.n	10009cc4 <__i2b+0x30>
10009ce0:	2301      	movs	r3, #1
10009ce2:	6043      	str	r3, [r0, #4]
10009ce4:	3301      	adds	r3, #1
10009ce6:	6083      	str	r3, [r0, #8]
10009ce8:	e7df      	b.n	10009caa <__i2b+0x16>
10009cea:	46c0      	nop			; (mov r8, r8)
10009cec:	1000c060 	.word	0x1000c060
10009cf0:	1000c210 	.word	0x1000c210

10009cf4 <__multiply>:
10009cf4:	b5f0      	push	{r4, r5, r6, r7, lr}
10009cf6:	464e      	mov	r6, r9
10009cf8:	4645      	mov	r5, r8
10009cfa:	46de      	mov	lr, fp
10009cfc:	4657      	mov	r7, sl
10009cfe:	b5e0      	push	{r5, r6, r7, lr}
10009d00:	690d      	ldr	r5, [r1, #16]
10009d02:	6916      	ldr	r6, [r2, #16]
10009d04:	4689      	mov	r9, r1
10009d06:	0014      	movs	r4, r2
10009d08:	b087      	sub	sp, #28
10009d0a:	42b5      	cmp	r5, r6
10009d0c:	db04      	blt.n	10009d18 <__multiply+0x24>
10009d0e:	0033      	movs	r3, r6
10009d10:	000c      	movs	r4, r1
10009d12:	002e      	movs	r6, r5
10009d14:	4691      	mov	r9, r2
10009d16:	001d      	movs	r5, r3
10009d18:	68a3      	ldr	r3, [r4, #8]
10009d1a:	1977      	adds	r7, r6, r5
10009d1c:	6861      	ldr	r1, [r4, #4]
10009d1e:	42bb      	cmp	r3, r7
10009d20:	da00      	bge.n	10009d24 <__multiply+0x30>
10009d22:	3101      	adds	r1, #1
10009d24:	f7ff fe8e 	bl	10009a44 <_Balloc>
10009d28:	9005      	str	r0, [sp, #20]
10009d2a:	2800      	cmp	r0, #0
10009d2c:	d100      	bne.n	10009d30 <__multiply+0x3c>
10009d2e:	e0a7      	b.n	10009e80 <__multiply+0x18c>
10009d30:	2214      	movs	r2, #20
10009d32:	4694      	mov	ip, r2
10009d34:	9b05      	ldr	r3, [sp, #20]
10009d36:	2200      	movs	r2, #0
10009d38:	4463      	add	r3, ip
10009d3a:	469b      	mov	fp, r3
10009d3c:	00bb      	lsls	r3, r7, #2
10009d3e:	445b      	add	r3, fp
10009d40:	469a      	mov	sl, r3
10009d42:	465b      	mov	r3, fp
10009d44:	4651      	mov	r1, sl
10009d46:	45d3      	cmp	fp, sl
10009d48:	d203      	bcs.n	10009d52 <__multiply+0x5e>
10009d4a:	c304      	stmia	r3!, {r2}
10009d4c:	4299      	cmp	r1, r3
10009d4e:	d8fc      	bhi.n	10009d4a <__multiply+0x56>
10009d50:	468a      	mov	sl, r1
10009d52:	2314      	movs	r3, #20
10009d54:	469c      	mov	ip, r3
10009d56:	44a4      	add	ip, r4
10009d58:	4663      	mov	r3, ip
10009d5a:	9304      	str	r3, [sp, #16]
10009d5c:	2314      	movs	r3, #20
10009d5e:	00b6      	lsls	r6, r6, #2
10009d60:	4466      	add	r6, ip
10009d62:	00ad      	lsls	r5, r5, #2
10009d64:	469c      	mov	ip, r3
10009d66:	002b      	movs	r3, r5
10009d68:	44e1      	add	r9, ip
10009d6a:	444b      	add	r3, r9
10009d6c:	9302      	str	r3, [sp, #8]
10009d6e:	4599      	cmp	r9, r3
10009d70:	d26e      	bcs.n	10009e50 <__multiply+0x15c>
10009d72:	2304      	movs	r3, #4
10009d74:	9303      	str	r3, [sp, #12]
10009d76:	0023      	movs	r3, r4
10009d78:	3315      	adds	r3, #21
10009d7a:	429e      	cmp	r6, r3
10009d7c:	d200      	bcs.n	10009d80 <__multiply+0x8c>
10009d7e:	e07c      	b.n	10009e7a <__multiply+0x186>
10009d80:	1b33      	subs	r3, r6, r4
10009d82:	3b15      	subs	r3, #21
10009d84:	089b      	lsrs	r3, r3, #2
10009d86:	3301      	adds	r3, #1
10009d88:	009b      	lsls	r3, r3, #2
10009d8a:	46b8      	mov	r8, r7
10009d8c:	9303      	str	r3, [sp, #12]
10009d8e:	9601      	str	r6, [sp, #4]
10009d90:	e008      	b.n	10009da4 <__multiply+0xb0>
10009d92:	0c00      	lsrs	r0, r0, #16
10009d94:	d131      	bne.n	10009dfa <__multiply+0x106>
10009d96:	2304      	movs	r3, #4
10009d98:	469c      	mov	ip, r3
10009d9a:	9b02      	ldr	r3, [sp, #8]
10009d9c:	44e1      	add	r9, ip
10009d9e:	44e3      	add	fp, ip
10009da0:	454b      	cmp	r3, r9
10009da2:	d954      	bls.n	10009e4e <__multiply+0x15a>
10009da4:	464b      	mov	r3, r9
10009da6:	6818      	ldr	r0, [r3, #0]
10009da8:	0403      	lsls	r3, r0, #16
10009daa:	0c1e      	lsrs	r6, r3, #16
10009dac:	2b00      	cmp	r3, #0
10009dae:	d0f0      	beq.n	10009d92 <__multiply+0x9e>
10009db0:	9b01      	ldr	r3, [sp, #4]
10009db2:	465d      	mov	r5, fp
10009db4:	2700      	movs	r7, #0
10009db6:	469c      	mov	ip, r3
10009db8:	9c04      	ldr	r4, [sp, #16]
10009dba:	cc04      	ldmia	r4!, {r2}
10009dbc:	6829      	ldr	r1, [r5, #0]
10009dbe:	0413      	lsls	r3, r2, #16
10009dc0:	0c1b      	lsrs	r3, r3, #16
10009dc2:	4373      	muls	r3, r6
10009dc4:	0408      	lsls	r0, r1, #16
10009dc6:	0c00      	lsrs	r0, r0, #16
10009dc8:	181b      	adds	r3, r3, r0
10009dca:	19d8      	adds	r0, r3, r7
10009dcc:	0c13      	lsrs	r3, r2, #16
10009dce:	4373      	muls	r3, r6
10009dd0:	0c09      	lsrs	r1, r1, #16
10009dd2:	0c02      	lsrs	r2, r0, #16
10009dd4:	185b      	adds	r3, r3, r1
10009dd6:	189b      	adds	r3, r3, r2
10009dd8:	0402      	lsls	r2, r0, #16
10009dda:	0c1f      	lsrs	r7, r3, #16
10009ddc:	0c12      	lsrs	r2, r2, #16
10009dde:	041b      	lsls	r3, r3, #16
10009de0:	4313      	orrs	r3, r2
10009de2:	c508      	stmia	r5!, {r3}
10009de4:	45a4      	cmp	ip, r4
10009de6:	d8e8      	bhi.n	10009dba <__multiply+0xc6>
10009de8:	4663      	mov	r3, ip
10009dea:	9301      	str	r3, [sp, #4]
10009dec:	465b      	mov	r3, fp
10009dee:	9a03      	ldr	r2, [sp, #12]
10009df0:	509f      	str	r7, [r3, r2]
10009df2:	464b      	mov	r3, r9
10009df4:	6818      	ldr	r0, [r3, #0]
10009df6:	0c00      	lsrs	r0, r0, #16
10009df8:	d0cd      	beq.n	10009d96 <__multiply+0xa2>
10009dfa:	465b      	mov	r3, fp
10009dfc:	2700      	movs	r7, #0
10009dfe:	681b      	ldr	r3, [r3, #0]
10009e00:	465c      	mov	r4, fp
10009e02:	0019      	movs	r1, r3
10009e04:	003e      	movs	r6, r7
10009e06:	9d04      	ldr	r5, [sp, #16]
10009e08:	9a01      	ldr	r2, [sp, #4]
10009e0a:	882f      	ldrh	r7, [r5, #0]
10009e0c:	0c09      	lsrs	r1, r1, #16
10009e0e:	4347      	muls	r7, r0
10009e10:	187f      	adds	r7, r7, r1
10009e12:	19bf      	adds	r7, r7, r6
10009e14:	041b      	lsls	r3, r3, #16
10009e16:	0439      	lsls	r1, r7, #16
10009e18:	0c1b      	lsrs	r3, r3, #16
10009e1a:	430b      	orrs	r3, r1
10009e1c:	6023      	str	r3, [r4, #0]
10009e1e:	cd08      	ldmia	r5!, {r3}
10009e20:	6861      	ldr	r1, [r4, #4]
10009e22:	0c1b      	lsrs	r3, r3, #16
10009e24:	4343      	muls	r3, r0
10009e26:	040e      	lsls	r6, r1, #16
10009e28:	0c36      	lsrs	r6, r6, #16
10009e2a:	199b      	adds	r3, r3, r6
10009e2c:	0c3f      	lsrs	r7, r7, #16
10009e2e:	19db      	adds	r3, r3, r7
10009e30:	0c1e      	lsrs	r6, r3, #16
10009e32:	3404      	adds	r4, #4
10009e34:	42aa      	cmp	r2, r5
10009e36:	d8e8      	bhi.n	10009e0a <__multiply+0x116>
10009e38:	9201      	str	r2, [sp, #4]
10009e3a:	465a      	mov	r2, fp
10009e3c:	9903      	ldr	r1, [sp, #12]
10009e3e:	5053      	str	r3, [r2, r1]
10009e40:	2304      	movs	r3, #4
10009e42:	469c      	mov	ip, r3
10009e44:	9b02      	ldr	r3, [sp, #8]
10009e46:	44e1      	add	r9, ip
10009e48:	44e3      	add	fp, ip
10009e4a:	454b      	cmp	r3, r9
10009e4c:	d8aa      	bhi.n	10009da4 <__multiply+0xb0>
10009e4e:	4647      	mov	r7, r8
10009e50:	4653      	mov	r3, sl
10009e52:	2f00      	cmp	r7, #0
10009e54:	dc03      	bgt.n	10009e5e <__multiply+0x16a>
10009e56:	e006      	b.n	10009e66 <__multiply+0x172>
10009e58:	3f01      	subs	r7, #1
10009e5a:	2f00      	cmp	r7, #0
10009e5c:	d003      	beq.n	10009e66 <__multiply+0x172>
10009e5e:	3b04      	subs	r3, #4
10009e60:	681a      	ldr	r2, [r3, #0]
10009e62:	2a00      	cmp	r2, #0
10009e64:	d0f8      	beq.n	10009e58 <__multiply+0x164>
10009e66:	9b05      	ldr	r3, [sp, #20]
10009e68:	0018      	movs	r0, r3
10009e6a:	611f      	str	r7, [r3, #16]
10009e6c:	b007      	add	sp, #28
10009e6e:	bcf0      	pop	{r4, r5, r6, r7}
10009e70:	46bb      	mov	fp, r7
10009e72:	46b2      	mov	sl, r6
10009e74:	46a9      	mov	r9, r5
10009e76:	46a0      	mov	r8, r4
10009e78:	bdf0      	pop	{r4, r5, r6, r7, pc}
10009e7a:	46b8      	mov	r8, r7
10009e7c:	9601      	str	r6, [sp, #4]
10009e7e:	e791      	b.n	10009da4 <__multiply+0xb0>
10009e80:	215e      	movs	r1, #94	; 0x5e
10009e82:	2200      	movs	r2, #0
10009e84:	4b02      	ldr	r3, [pc, #8]	; (10009e90 <__multiply+0x19c>)
10009e86:	4803      	ldr	r0, [pc, #12]	; (10009e94 <__multiply+0x1a0>)
10009e88:	31ff      	adds	r1, #255	; 0xff
10009e8a:	f7f8 fc53 	bl	10002734 <__assert_func>
10009e8e:	46c0      	nop			; (mov r8, r8)
10009e90:	1000c060 	.word	0x1000c060
10009e94:	1000c210 	.word	0x1000c210

10009e98 <__pow5mult>:
10009e98:	b5f8      	push	{r3, r4, r5, r6, r7, lr}
10009e9a:	2303      	movs	r3, #3
10009e9c:	4647      	mov	r7, r8
10009e9e:	0014      	movs	r4, r2
10009ea0:	46ce      	mov	lr, r9
10009ea2:	001a      	movs	r2, r3
10009ea4:	b580      	push	{r7, lr}
10009ea6:	000e      	movs	r6, r1
10009ea8:	0007      	movs	r7, r0
10009eaa:	4022      	ands	r2, r4
10009eac:	4223      	tst	r3, r4
10009eae:	d138      	bne.n	10009f22 <__pow5mult+0x8a>
10009eb0:	10a4      	asrs	r4, r4, #2
10009eb2:	d025      	beq.n	10009f00 <__pow5mult+0x68>
10009eb4:	6cbd      	ldr	r5, [r7, #72]	; 0x48
10009eb6:	2d00      	cmp	r5, #0
10009eb8:	d03c      	beq.n	10009f34 <__pow5mult+0x9c>
10009eba:	2301      	movs	r3, #1
10009ebc:	4698      	mov	r8, r3
10009ebe:	2300      	movs	r3, #0
10009ec0:	4699      	mov	r9, r3
10009ec2:	4643      	mov	r3, r8
10009ec4:	4223      	tst	r3, r4
10009ec6:	d108      	bne.n	10009eda <__pow5mult+0x42>
10009ec8:	1064      	asrs	r4, r4, #1
10009eca:	d019      	beq.n	10009f00 <__pow5mult+0x68>
10009ecc:	6828      	ldr	r0, [r5, #0]
10009ece:	2800      	cmp	r0, #0
10009ed0:	d01b      	beq.n	10009f0a <__pow5mult+0x72>
10009ed2:	0005      	movs	r5, r0
10009ed4:	4643      	mov	r3, r8
10009ed6:	4223      	tst	r3, r4
10009ed8:	d0f6      	beq.n	10009ec8 <__pow5mult+0x30>
10009eda:	002a      	movs	r2, r5
10009edc:	0031      	movs	r1, r6
10009ede:	0038      	movs	r0, r7
10009ee0:	f7ff ff08 	bl	10009cf4 <__multiply>
10009ee4:	2e00      	cmp	r6, #0
10009ee6:	d01a      	beq.n	10009f1e <__pow5mult+0x86>
10009ee8:	6cfa      	ldr	r2, [r7, #76]	; 0x4c
10009eea:	6873      	ldr	r3, [r6, #4]
10009eec:	4694      	mov	ip, r2
10009eee:	009b      	lsls	r3, r3, #2
10009ef0:	4463      	add	r3, ip
10009ef2:	681a      	ldr	r2, [r3, #0]
10009ef4:	1064      	asrs	r4, r4, #1
10009ef6:	6032      	str	r2, [r6, #0]
10009ef8:	601e      	str	r6, [r3, #0]
10009efa:	0006      	movs	r6, r0
10009efc:	2c00      	cmp	r4, #0
10009efe:	d1e5      	bne.n	10009ecc <__pow5mult+0x34>
10009f00:	0030      	movs	r0, r6
10009f02:	bcc0      	pop	{r6, r7}
10009f04:	46b9      	mov	r9, r7
10009f06:	46b0      	mov	r8, r6
10009f08:	bdf8      	pop	{r3, r4, r5, r6, r7, pc}
10009f0a:	002a      	movs	r2, r5
10009f0c:	0029      	movs	r1, r5
10009f0e:	0038      	movs	r0, r7
10009f10:	f7ff fef0 	bl	10009cf4 <__multiply>
10009f14:	464b      	mov	r3, r9
10009f16:	6028      	str	r0, [r5, #0]
10009f18:	0005      	movs	r5, r0
10009f1a:	6003      	str	r3, [r0, #0]
10009f1c:	e7da      	b.n	10009ed4 <__pow5mult+0x3c>
10009f1e:	0006      	movs	r6, r0
10009f20:	e7d2      	b.n	10009ec8 <__pow5mult+0x30>
10009f22:	4b0f      	ldr	r3, [pc, #60]	; (10009f60 <__pow5mult+0xc8>)
10009f24:	3a01      	subs	r2, #1
10009f26:	0092      	lsls	r2, r2, #2
10009f28:	58d2      	ldr	r2, [r2, r3]
10009f2a:	2300      	movs	r3, #0
10009f2c:	f7ff fdbc 	bl	10009aa8 <__multadd>
10009f30:	0006      	movs	r6, r0
10009f32:	e7bd      	b.n	10009eb0 <__pow5mult+0x18>
10009f34:	2101      	movs	r1, #1
10009f36:	0038      	movs	r0, r7
10009f38:	f7ff fd84 	bl	10009a44 <_Balloc>
10009f3c:	1e05      	subs	r5, r0, #0
10009f3e:	d007      	beq.n	10009f50 <__pow5mult+0xb8>
10009f40:	4b08      	ldr	r3, [pc, #32]	; (10009f64 <__pow5mult+0xcc>)
10009f42:	6143      	str	r3, [r0, #20]
10009f44:	2301      	movs	r3, #1
10009f46:	6103      	str	r3, [r0, #16]
10009f48:	2300      	movs	r3, #0
10009f4a:	64b8      	str	r0, [r7, #72]	; 0x48
10009f4c:	6003      	str	r3, [r0, #0]
10009f4e:	e7b4      	b.n	10009eba <__pow5mult+0x22>
10009f50:	21a0      	movs	r1, #160	; 0xa0
10009f52:	2200      	movs	r2, #0
10009f54:	4b04      	ldr	r3, [pc, #16]	; (10009f68 <__pow5mult+0xd0>)
10009f56:	4805      	ldr	r0, [pc, #20]	; (10009f6c <__pow5mult+0xd4>)
10009f58:	0049      	lsls	r1, r1, #1
10009f5a:	f7f8 fbeb 	bl	10002734 <__assert_func>
10009f5e:	46c0      	nop			; (mov r8, r8)
10009f60:	1000c380 	.word	0x1000c380
10009f64:	00000271 	.word	0x00000271
10009f68:	1000c060 	.word	0x1000c060
10009f6c:	1000c210 	.word	0x1000c210

10009f70 <__lshift>:
10009f70:	b5f0      	push	{r4, r5, r6, r7, lr}
10009f72:	000c      	movs	r4, r1
10009f74:	6923      	ldr	r3, [r4, #16]
10009f76:	4645      	mov	r5, r8
10009f78:	46de      	mov	lr, fp
10009f7a:	4657      	mov	r7, sl
10009f7c:	464e      	mov	r6, r9
10009f7e:	4698      	mov	r8, r3
10009f80:	b5e0      	push	{r5, r6, r7, lr}
10009f82:	1157      	asrs	r7, r2, #5
10009f84:	44b8      	add	r8, r7
10009f86:	4643      	mov	r3, r8
10009f88:	1c5d      	adds	r5, r3, #1
10009f8a:	68a3      	ldr	r3, [r4, #8]
10009f8c:	4683      	mov	fp, r0
10009f8e:	0016      	movs	r6, r2
10009f90:	6849      	ldr	r1, [r1, #4]
10009f92:	b083      	sub	sp, #12
10009f94:	429d      	cmp	r5, r3
10009f96:	dd03      	ble.n	10009fa0 <__lshift+0x30>
10009f98:	3101      	adds	r1, #1
10009f9a:	005b      	lsls	r3, r3, #1
10009f9c:	429d      	cmp	r5, r3
10009f9e:	dcfb      	bgt.n	10009f98 <__lshift+0x28>
10009fa0:	4658      	mov	r0, fp
10009fa2:	f7ff fd4f 	bl	10009a44 <_Balloc>
10009fa6:	4684      	mov	ip, r0
10009fa8:	2800      	cmp	r0, #0
10009faa:	d053      	beq.n	1000a054 <__lshift+0xe4>
10009fac:	3014      	adds	r0, #20
10009fae:	0003      	movs	r3, r0
10009fb0:	9001      	str	r0, [sp, #4]
10009fb2:	2f00      	cmp	r7, #0
10009fb4:	dd0c      	ble.n	10009fd0 <__lshift+0x60>
10009fb6:	00bf      	lsls	r7, r7, #2
10009fb8:	003a      	movs	r2, r7
10009fba:	2100      	movs	r1, #0
10009fbc:	3214      	adds	r2, #20
10009fbe:	4462      	add	r2, ip
10009fc0:	c302      	stmia	r3!, {r1}
10009fc2:	4293      	cmp	r3, r2
10009fc4:	d1fc      	bne.n	10009fc0 <__lshift+0x50>
10009fc6:	9b01      	ldr	r3, [sp, #4]
10009fc8:	4699      	mov	r9, r3
10009fca:	44b9      	add	r9, r7
10009fcc:	464b      	mov	r3, r9
10009fce:	9301      	str	r3, [sp, #4]
10009fd0:	6922      	ldr	r2, [r4, #16]
10009fd2:	0023      	movs	r3, r4
10009fd4:	0091      	lsls	r1, r2, #2
10009fd6:	221f      	movs	r2, #31
10009fd8:	0010      	movs	r0, r2
10009fda:	3314      	adds	r3, #20
10009fdc:	4030      	ands	r0, r6
10009fde:	4681      	mov	r9, r0
10009fe0:	1859      	adds	r1, r3, r1
10009fe2:	4232      	tst	r2, r6
10009fe4:	d030      	beq.n	1000a048 <__lshift+0xd8>
10009fe6:	3201      	adds	r2, #1
10009fe8:	1a12      	subs	r2, r2, r0
10009fea:	4692      	mov	sl, r2
10009fec:	2600      	movs	r6, #0
10009fee:	9f01      	ldr	r7, [sp, #4]
10009ff0:	4648      	mov	r0, r9
10009ff2:	681a      	ldr	r2, [r3, #0]
10009ff4:	4082      	lsls	r2, r0
10009ff6:	4332      	orrs	r2, r6
10009ff8:	c704      	stmia	r7!, {r2}
10009ffa:	4652      	mov	r2, sl
10009ffc:	cb40      	ldmia	r3!, {r6}
10009ffe:	40d6      	lsrs	r6, r2
1000a000:	4299      	cmp	r1, r3
1000a002:	d8f5      	bhi.n	10009ff0 <__lshift+0x80>
1000a004:	0022      	movs	r2, r4
1000a006:	3215      	adds	r2, #21
1000a008:	2304      	movs	r3, #4
1000a00a:	4291      	cmp	r1, r2
1000a00c:	d304      	bcc.n	1000a018 <__lshift+0xa8>
1000a00e:	1b0b      	subs	r3, r1, r4
1000a010:	3b15      	subs	r3, #21
1000a012:	089b      	lsrs	r3, r3, #2
1000a014:	3301      	adds	r3, #1
1000a016:	009b      	lsls	r3, r3, #2
1000a018:	9a01      	ldr	r2, [sp, #4]
1000a01a:	50d6      	str	r6, [r2, r3]
1000a01c:	2e00      	cmp	r6, #0
1000a01e:	d000      	beq.n	1000a022 <__lshift+0xb2>
1000a020:	46a8      	mov	r8, r5
1000a022:	4663      	mov	r3, ip
1000a024:	4642      	mov	r2, r8
1000a026:	611a      	str	r2, [r3, #16]
1000a028:	6863      	ldr	r3, [r4, #4]
1000a02a:	4660      	mov	r0, ip
1000a02c:	009a      	lsls	r2, r3, #2
1000a02e:	465b      	mov	r3, fp
1000a030:	6cdb      	ldr	r3, [r3, #76]	; 0x4c
1000a032:	189b      	adds	r3, r3, r2
1000a034:	681a      	ldr	r2, [r3, #0]
1000a036:	6022      	str	r2, [r4, #0]
1000a038:	601c      	str	r4, [r3, #0]
1000a03a:	b003      	add	sp, #12
1000a03c:	bcf0      	pop	{r4, r5, r6, r7}
1000a03e:	46bb      	mov	fp, r7
1000a040:	46b2      	mov	sl, r6
1000a042:	46a9      	mov	r9, r5
1000a044:	46a0      	mov	r8, r4
1000a046:	bdf0      	pop	{r4, r5, r6, r7, pc}
1000a048:	9801      	ldr	r0, [sp, #4]
1000a04a:	cb04      	ldmia	r3!, {r2}
1000a04c:	c004      	stmia	r0!, {r2}
1000a04e:	4299      	cmp	r1, r3
1000a050:	d8fb      	bhi.n	1000a04a <__lshift+0xda>
1000a052:	e7e6      	b.n	1000a022 <__lshift+0xb2>
1000a054:	21da      	movs	r1, #218	; 0xda
1000a056:	2200      	movs	r2, #0
1000a058:	4b02      	ldr	r3, [pc, #8]	; (1000a064 <__lshift+0xf4>)
1000a05a:	4803      	ldr	r0, [pc, #12]	; (1000a068 <__lshift+0xf8>)
1000a05c:	31ff      	adds	r1, #255	; 0xff
1000a05e:	f7f8 fb69 	bl	10002734 <__assert_func>
1000a062:	46c0      	nop			; (mov r8, r8)
1000a064:	1000c060 	.word	0x1000c060
1000a068:	1000c210 	.word	0x1000c210

1000a06c <__mcmp>:
1000a06c:	6903      	ldr	r3, [r0, #16]
1000a06e:	690a      	ldr	r2, [r1, #16]
1000a070:	b530      	push	{r4, r5, lr}
1000a072:	0005      	movs	r5, r0
1000a074:	1a98      	subs	r0, r3, r2
1000a076:	4293      	cmp	r3, r2
1000a078:	d111      	bne.n	1000a09e <__mcmp+0x32>
1000a07a:	0092      	lsls	r2, r2, #2
1000a07c:	3514      	adds	r5, #20
1000a07e:	3114      	adds	r1, #20
1000a080:	18ab      	adds	r3, r5, r2
1000a082:	1889      	adds	r1, r1, r2
1000a084:	e001      	b.n	1000a08a <__mcmp+0x1e>
1000a086:	429d      	cmp	r5, r3
1000a088:	d209      	bcs.n	1000a09e <__mcmp+0x32>
1000a08a:	3b04      	subs	r3, #4
1000a08c:	3904      	subs	r1, #4
1000a08e:	681a      	ldr	r2, [r3, #0]
1000a090:	680c      	ldr	r4, [r1, #0]
1000a092:	42a2      	cmp	r2, r4
1000a094:	d0f7      	beq.n	1000a086 <__mcmp+0x1a>
1000a096:	42a2      	cmp	r2, r4
1000a098:	4192      	sbcs	r2, r2
1000a09a:	2001      	movs	r0, #1
1000a09c:	4310      	orrs	r0, r2
1000a09e:	bd30      	pop	{r4, r5, pc}

1000a0a0 <__mdiff>:
1000a0a0:	b5f0      	push	{r4, r5, r6, r7, lr}
1000a0a2:	464e      	mov	r6, r9
1000a0a4:	4645      	mov	r5, r8
1000a0a6:	46de      	mov	lr, fp
1000a0a8:	4657      	mov	r7, sl
1000a0aa:	b5e0      	push	{r5, r6, r7, lr}
1000a0ac:	690b      	ldr	r3, [r1, #16]
1000a0ae:	4688      	mov	r8, r1
1000a0b0:	6911      	ldr	r1, [r2, #16]
1000a0b2:	4691      	mov	r9, r2
1000a0b4:	b083      	sub	sp, #12
1000a0b6:	1a5c      	subs	r4, r3, r1
1000a0b8:	428b      	cmp	r3, r1
1000a0ba:	d000      	beq.n	1000a0be <__mdiff+0x1e>
1000a0bc:	e095      	b.n	1000a1ea <__mdiff+0x14a>
1000a0be:	4646      	mov	r6, r8
1000a0c0:	0089      	lsls	r1, r1, #2
1000a0c2:	3614      	adds	r6, #20
1000a0c4:	3214      	adds	r2, #20
1000a0c6:	1873      	adds	r3, r6, r1
1000a0c8:	1852      	adds	r2, r2, r1
1000a0ca:	e002      	b.n	1000a0d2 <__mdiff+0x32>
1000a0cc:	429e      	cmp	r6, r3
1000a0ce:	d300      	bcc.n	1000a0d2 <__mdiff+0x32>
1000a0d0:	e08f      	b.n	1000a1f2 <__mdiff+0x152>
1000a0d2:	3b04      	subs	r3, #4
1000a0d4:	3a04      	subs	r2, #4
1000a0d6:	681d      	ldr	r5, [r3, #0]
1000a0d8:	6811      	ldr	r1, [r2, #0]
1000a0da:	428d      	cmp	r5, r1
1000a0dc:	d0f6      	beq.n	1000a0cc <__mdiff+0x2c>
1000a0de:	d200      	bcs.n	1000a0e2 <__mdiff+0x42>
1000a0e0:	e07e      	b.n	1000a1e0 <__mdiff+0x140>
1000a0e2:	4643      	mov	r3, r8
1000a0e4:	6859      	ldr	r1, [r3, #4]
1000a0e6:	f7ff fcad 	bl	10009a44 <_Balloc>
1000a0ea:	2800      	cmp	r0, #0
1000a0ec:	d100      	bne.n	1000a0f0 <__mdiff+0x50>
1000a0ee:	e08a      	b.n	1000a206 <__mdiff+0x166>
1000a0f0:	4643      	mov	r3, r8
1000a0f2:	691a      	ldr	r2, [r3, #16]
1000a0f4:	2314      	movs	r3, #20
1000a0f6:	4443      	add	r3, r8
1000a0f8:	469c      	mov	ip, r3
1000a0fa:	60c4      	str	r4, [r0, #12]
1000a0fc:	001c      	movs	r4, r3
1000a0fe:	464b      	mov	r3, r9
1000a100:	691b      	ldr	r3, [r3, #16]
1000a102:	0091      	lsls	r1, r2, #2
1000a104:	009b      	lsls	r3, r3, #2
1000a106:	4461      	add	r1, ip
1000a108:	469c      	mov	ip, r3
1000a10a:	2314      	movs	r3, #20
1000a10c:	464f      	mov	r7, r9
1000a10e:	469a      	mov	sl, r3
1000a110:	3714      	adds	r7, #20
1000a112:	4482      	add	sl, r0
1000a114:	4653      	mov	r3, sl
1000a116:	44bc      	add	ip, r7
1000a118:	468b      	mov	fp, r1
1000a11a:	46a2      	mov	sl, r4
1000a11c:	2614      	movs	r6, #20
1000a11e:	4664      	mov	r4, ip
1000a120:	2100      	movs	r1, #0
1000a122:	4694      	mov	ip, r2
1000a124:	4642      	mov	r2, r8
1000a126:	4680      	mov	r8, r0
1000a128:	9301      	str	r3, [sp, #4]
1000a12a:	5993      	ldr	r3, [r2, r6]
1000a12c:	cf01      	ldmia	r7!, {r0}
1000a12e:	041d      	lsls	r5, r3, #16
1000a130:	0c2d      	lsrs	r5, r5, #16
1000a132:	1869      	adds	r1, r5, r1
1000a134:	0405      	lsls	r5, r0, #16
1000a136:	0c2d      	lsrs	r5, r5, #16
1000a138:	1b4d      	subs	r5, r1, r5
1000a13a:	0c01      	lsrs	r1, r0, #16
1000a13c:	4640      	mov	r0, r8
1000a13e:	0c1b      	lsrs	r3, r3, #16
1000a140:	1a5b      	subs	r3, r3, r1
1000a142:	1429      	asrs	r1, r5, #16
1000a144:	185b      	adds	r3, r3, r1
1000a146:	042d      	lsls	r5, r5, #16
1000a148:	1419      	asrs	r1, r3, #16
1000a14a:	0c2d      	lsrs	r5, r5, #16
1000a14c:	041b      	lsls	r3, r3, #16
1000a14e:	432b      	orrs	r3, r5
1000a150:	5183      	str	r3, [r0, r6]
1000a152:	3604      	adds	r6, #4
1000a154:	42bc      	cmp	r4, r7
1000a156:	d8e8      	bhi.n	1000a12a <__mdiff+0x8a>
1000a158:	4662      	mov	r2, ip
1000a15a:	46a4      	mov	ip, r4
1000a15c:	464d      	mov	r5, r9
1000a15e:	001c      	movs	r4, r3
1000a160:	4663      	mov	r3, ip
1000a162:	464e      	mov	r6, r9
1000a164:	1b5d      	subs	r5, r3, r5
1000a166:	3d15      	subs	r5, #21
1000a168:	3615      	adds	r6, #21
1000a16a:	2300      	movs	r3, #0
1000a16c:	08ad      	lsrs	r5, r5, #2
1000a16e:	45b4      	cmp	ip, r6
1000a170:	d300      	bcc.n	1000a174 <__mdiff+0xd4>
1000a172:	00ab      	lsls	r3, r5, #2
1000a174:	9f01      	ldr	r7, [sp, #4]
1000a176:	46b8      	mov	r8, r7
1000a178:	2704      	movs	r7, #4
1000a17a:	4443      	add	r3, r8
1000a17c:	45b4      	cmp	ip, r6
1000a17e:	d301      	bcc.n	1000a184 <__mdiff+0xe4>
1000a180:	3501      	adds	r5, #1
1000a182:	00af      	lsls	r7, r5, #2
1000a184:	9d01      	ldr	r5, [sp, #4]
1000a186:	44ba      	add	sl, r7
1000a188:	46ac      	mov	ip, r5
1000a18a:	44bc      	add	ip, r7
1000a18c:	45d3      	cmp	fp, sl
1000a18e:	d918      	bls.n	1000a1c2 <__mdiff+0x122>
1000a190:	4665      	mov	r5, ip
1000a192:	4657      	mov	r7, sl
1000a194:	465e      	mov	r6, fp
1000a196:	cf10      	ldmia	r7!, {r4}
1000a198:	0423      	lsls	r3, r4, #16
1000a19a:	0c1b      	lsrs	r3, r3, #16
1000a19c:	185b      	adds	r3, r3, r1
1000a19e:	1419      	asrs	r1, r3, #16
1000a1a0:	0c24      	lsrs	r4, r4, #16
1000a1a2:	1864      	adds	r4, r4, r1
1000a1a4:	041b      	lsls	r3, r3, #16
1000a1a6:	1421      	asrs	r1, r4, #16
1000a1a8:	0c1b      	lsrs	r3, r3, #16
1000a1aa:	0424      	lsls	r4, r4, #16
1000a1ac:	431c      	orrs	r4, r3
1000a1ae:	c510      	stmia	r5!, {r4}
1000a1b0:	42be      	cmp	r6, r7
1000a1b2:	d8f0      	bhi.n	1000a196 <__mdiff+0xf6>
1000a1b4:	0031      	movs	r1, r6
1000a1b6:	4653      	mov	r3, sl
1000a1b8:	3901      	subs	r1, #1
1000a1ba:	1acb      	subs	r3, r1, r3
1000a1bc:	089b      	lsrs	r3, r3, #2
1000a1be:	009b      	lsls	r3, r3, #2
1000a1c0:	4463      	add	r3, ip
1000a1c2:	2c00      	cmp	r4, #0
1000a1c4:	d104      	bne.n	1000a1d0 <__mdiff+0x130>
1000a1c6:	3b04      	subs	r3, #4
1000a1c8:	6819      	ldr	r1, [r3, #0]
1000a1ca:	3a01      	subs	r2, #1
1000a1cc:	2900      	cmp	r1, #0
1000a1ce:	d0fa      	beq.n	1000a1c6 <__mdiff+0x126>
1000a1d0:	6102      	str	r2, [r0, #16]
1000a1d2:	b003      	add	sp, #12
1000a1d4:	bcf0      	pop	{r4, r5, r6, r7}
1000a1d6:	46bb      	mov	fp, r7
1000a1d8:	46b2      	mov	sl, r6
1000a1da:	46a9      	mov	r9, r5
1000a1dc:	46a0      	mov	r8, r4
1000a1de:	bdf0      	pop	{r4, r5, r6, r7, pc}
1000a1e0:	4643      	mov	r3, r8
1000a1e2:	2401      	movs	r4, #1
1000a1e4:	46c8      	mov	r8, r9
1000a1e6:	4699      	mov	r9, r3
1000a1e8:	e77b      	b.n	1000a0e2 <__mdiff+0x42>
1000a1ea:	2c00      	cmp	r4, #0
1000a1ec:	dbf8      	blt.n	1000a1e0 <__mdiff+0x140>
1000a1ee:	2400      	movs	r4, #0
1000a1f0:	e777      	b.n	1000a0e2 <__mdiff+0x42>
1000a1f2:	2100      	movs	r1, #0
1000a1f4:	f7ff fc26 	bl	10009a44 <_Balloc>
1000a1f8:	2800      	cmp	r0, #0
1000a1fa:	d00b      	beq.n	1000a214 <__mdiff+0x174>
1000a1fc:	2301      	movs	r3, #1
1000a1fe:	6103      	str	r3, [r0, #16]
1000a200:	2300      	movs	r3, #0
1000a202:	6143      	str	r3, [r0, #20]
1000a204:	e7e5      	b.n	1000a1d2 <__mdiff+0x132>
1000a206:	2190      	movs	r1, #144	; 0x90
1000a208:	2200      	movs	r2, #0
1000a20a:	4b05      	ldr	r3, [pc, #20]	; (1000a220 <__mdiff+0x180>)
1000a20c:	4805      	ldr	r0, [pc, #20]	; (1000a224 <__mdiff+0x184>)
1000a20e:	0089      	lsls	r1, r1, #2
1000a210:	f7f8 fa90 	bl	10002734 <__assert_func>
1000a214:	2200      	movs	r2, #0
1000a216:	4b02      	ldr	r3, [pc, #8]	; (1000a220 <__mdiff+0x180>)
1000a218:	4903      	ldr	r1, [pc, #12]	; (1000a228 <__mdiff+0x188>)
1000a21a:	4802      	ldr	r0, [pc, #8]	; (1000a224 <__mdiff+0x184>)
1000a21c:	f7f8 fa8a 	bl	10002734 <__assert_func>
1000a220:	1000c060 	.word	0x1000c060
1000a224:	1000c210 	.word	0x1000c210
1000a228:	00000232 	.word	0x00000232

1000a22c <__ulp>:
1000a22c:	4b0f      	ldr	r3, [pc, #60]	; (1000a26c <__ulp+0x40>)
1000a22e:	4019      	ands	r1, r3
1000a230:	4b0f      	ldr	r3, [pc, #60]	; (1000a270 <__ulp+0x44>)
1000a232:	469c      	mov	ip, r3
1000a234:	4461      	add	r1, ip
1000a236:	2900      	cmp	r1, #0
1000a238:	dd04      	ble.n	1000a244 <__ulp+0x18>
1000a23a:	2200      	movs	r2, #0
1000a23c:	000b      	movs	r3, r1
1000a23e:	0010      	movs	r0, r2
1000a240:	0019      	movs	r1, r3
1000a242:	4770      	bx	lr
1000a244:	4249      	negs	r1, r1
1000a246:	2200      	movs	r2, #0
1000a248:	2300      	movs	r3, #0
1000a24a:	1509      	asrs	r1, r1, #20
1000a24c:	2913      	cmp	r1, #19
1000a24e:	dc04      	bgt.n	1000a25a <__ulp+0x2e>
1000a250:	2080      	movs	r0, #128	; 0x80
1000a252:	0300      	lsls	r0, r0, #12
1000a254:	4108      	asrs	r0, r1
1000a256:	0003      	movs	r3, r0
1000a258:	e7f1      	b.n	1000a23e <__ulp+0x12>
1000a25a:	3914      	subs	r1, #20
1000a25c:	2001      	movs	r0, #1
1000a25e:	291e      	cmp	r1, #30
1000a260:	dc02      	bgt.n	1000a268 <__ulp+0x3c>
1000a262:	2080      	movs	r0, #128	; 0x80
1000a264:	0600      	lsls	r0, r0, #24
1000a266:	40c8      	lsrs	r0, r1
1000a268:	0002      	movs	r2, r0
1000a26a:	e7e8      	b.n	1000a23e <__ulp+0x12>
1000a26c:	7ff00000 	.word	0x7ff00000
1000a270:	fcc00000 	.word	0xfcc00000

1000a274 <__b2d>:
1000a274:	b5f8      	push	{r3, r4, r5, r6, r7, lr}
1000a276:	0006      	movs	r6, r0
1000a278:	4647      	mov	r7, r8
1000a27a:	46ce      	mov	lr, r9
1000a27c:	6904      	ldr	r4, [r0, #16]
1000a27e:	3614      	adds	r6, #20
1000a280:	00a4      	lsls	r4, r4, #2
1000a282:	1934      	adds	r4, r6, r4
1000a284:	1f23      	subs	r3, r4, #4
1000a286:	681d      	ldr	r5, [r3, #0]
1000a288:	b580      	push	{r7, lr}
1000a28a:	0028      	movs	r0, r5
1000a28c:	000f      	movs	r7, r1
1000a28e:	4698      	mov	r8, r3
1000a290:	f7ff fcb6 	bl	10009c00 <__hi0bits>
1000a294:	2120      	movs	r1, #32
1000a296:	1a0a      	subs	r2, r1, r0
1000a298:	603a      	str	r2, [r7, #0]
1000a29a:	280a      	cmp	r0, #10
1000a29c:	dd2e      	ble.n	1000a2fc <__b2d+0x88>
1000a29e:	4546      	cmp	r6, r8
1000a2a0:	d223      	bcs.n	1000a2ea <__b2d+0x76>
1000a2a2:	2308      	movs	r3, #8
1000a2a4:	425b      	negs	r3, r3
1000a2a6:	4698      	mov	r8, r3
1000a2a8:	44a0      	add	r8, r4
1000a2aa:	4643      	mov	r3, r8
1000a2ac:	681f      	ldr	r7, [r3, #0]
1000a2ae:	230b      	movs	r3, #11
1000a2b0:	425b      	negs	r3, r3
1000a2b2:	469c      	mov	ip, r3
1000a2b4:	4484      	add	ip, r0
1000a2b6:	280b      	cmp	r0, #11
1000a2b8:	d01c      	beq.n	1000a2f4 <__b2d+0x80>
1000a2ba:	4663      	mov	r3, ip
1000a2bc:	409d      	lsls	r5, r3
1000a2be:	1ac9      	subs	r1, r1, r3
1000a2c0:	003b      	movs	r3, r7
1000a2c2:	40cb      	lsrs	r3, r1
1000a2c4:	481c      	ldr	r0, [pc, #112]	; (1000a338 <__b2d+0xc4>)
1000a2c6:	431d      	orrs	r5, r3
1000a2c8:	4328      	orrs	r0, r5
1000a2ca:	0003      	movs	r3, r0
1000a2cc:	4546      	cmp	r6, r8
1000a2ce:	d22f      	bcs.n	1000a330 <__b2d+0xbc>
1000a2d0:	3c0c      	subs	r4, #12
1000a2d2:	6820      	ldr	r0, [r4, #0]
1000a2d4:	40c8      	lsrs	r0, r1
1000a2d6:	4661      	mov	r1, ip
1000a2d8:	408f      	lsls	r7, r1
1000a2da:	4307      	orrs	r7, r0
1000a2dc:	003a      	movs	r2, r7
1000a2de:	0010      	movs	r0, r2
1000a2e0:	0019      	movs	r1, r3
1000a2e2:	bcc0      	pop	{r6, r7}
1000a2e4:	46b9      	mov	r9, r7
1000a2e6:	46b0      	mov	r8, r6
1000a2e8:	bdf8      	pop	{r3, r4, r5, r6, r7, pc}
1000a2ea:	0003      	movs	r3, r0
1000a2ec:	2700      	movs	r7, #0
1000a2ee:	3b0b      	subs	r3, #11
1000a2f0:	280b      	cmp	r0, #11
1000a2f2:	d117      	bne.n	1000a324 <__b2d+0xb0>
1000a2f4:	4910      	ldr	r1, [pc, #64]	; (1000a338 <__b2d+0xc4>)
1000a2f6:	4329      	orrs	r1, r5
1000a2f8:	000b      	movs	r3, r1
1000a2fa:	e7ef      	b.n	1000a2dc <__b2d+0x68>
1000a2fc:	002f      	movs	r7, r5
1000a2fe:	3915      	subs	r1, #21
1000a300:	1a0b      	subs	r3, r1, r0
1000a302:	40df      	lsrs	r7, r3
1000a304:	490c      	ldr	r1, [pc, #48]	; (1000a338 <__b2d+0xc4>)
1000a306:	4699      	mov	r9, r3
1000a308:	4339      	orrs	r1, r7
1000a30a:	000b      	movs	r3, r1
1000a30c:	2700      	movs	r7, #0
1000a30e:	4546      	cmp	r6, r8
1000a310:	d203      	bcs.n	1000a31a <__b2d+0xa6>
1000a312:	4649      	mov	r1, r9
1000a314:	3c08      	subs	r4, #8
1000a316:	6827      	ldr	r7, [r4, #0]
1000a318:	40cf      	lsrs	r7, r1
1000a31a:	3015      	adds	r0, #21
1000a31c:	4085      	lsls	r5, r0
1000a31e:	433d      	orrs	r5, r7
1000a320:	002a      	movs	r2, r5
1000a322:	e7dc      	b.n	1000a2de <__b2d+0x6a>
1000a324:	409d      	lsls	r5, r3
1000a326:	4904      	ldr	r1, [pc, #16]	; (1000a338 <__b2d+0xc4>)
1000a328:	2700      	movs	r7, #0
1000a32a:	4329      	orrs	r1, r5
1000a32c:	000b      	movs	r3, r1
1000a32e:	e7d5      	b.n	1000a2dc <__b2d+0x68>
1000a330:	4661      	mov	r1, ip
1000a332:	408f      	lsls	r7, r1
1000a334:	e7d2      	b.n	1000a2dc <__b2d+0x68>
1000a336:	46c0      	nop			; (mov r8, r8)
1000a338:	3ff00000 	.word	0x3ff00000

1000a33c <__d2b>:
1000a33c:	b570      	push	{r4, r5, r6, lr}
1000a33e:	2101      	movs	r1, #1
1000a340:	b082      	sub	sp, #8
1000a342:	0015      	movs	r5, r2
1000a344:	001c      	movs	r4, r3
1000a346:	f7ff fb7d 	bl	10009a44 <_Balloc>
1000a34a:	1e06      	subs	r6, r0, #0
1000a34c:	d04f      	beq.n	1000a3ee <__d2b+0xb2>
1000a34e:	0323      	lsls	r3, r4, #12
1000a350:	0064      	lsls	r4, r4, #1
1000a352:	0b1b      	lsrs	r3, r3, #12
1000a354:	0d64      	lsrs	r4, r4, #21
1000a356:	d002      	beq.n	1000a35e <__d2b+0x22>
1000a358:	2280      	movs	r2, #128	; 0x80
1000a35a:	0352      	lsls	r2, r2, #13
1000a35c:	4313      	orrs	r3, r2
1000a35e:	9301      	str	r3, [sp, #4]
1000a360:	2d00      	cmp	r5, #0
1000a362:	d117      	bne.n	1000a394 <__d2b+0x58>
1000a364:	a801      	add	r0, sp, #4
1000a366:	f7ff fc67 	bl	10009c38 <__lo0bits>
1000a36a:	9b01      	ldr	r3, [sp, #4]
1000a36c:	2501      	movs	r5, #1
1000a36e:	6173      	str	r3, [r6, #20]
1000a370:	2301      	movs	r3, #1
1000a372:	3020      	adds	r0, #32
1000a374:	6133      	str	r3, [r6, #16]
1000a376:	2c00      	cmp	r4, #0
1000a378:	d024      	beq.n	1000a3c4 <__d2b+0x88>
1000a37a:	4b20      	ldr	r3, [pc, #128]	; (1000a3fc <__d2b+0xc0>)
1000a37c:	469c      	mov	ip, r3
1000a37e:	9b06      	ldr	r3, [sp, #24]
1000a380:	4464      	add	r4, ip
1000a382:	1824      	adds	r4, r4, r0
1000a384:	601c      	str	r4, [r3, #0]
1000a386:	2335      	movs	r3, #53	; 0x35
1000a388:	1a18      	subs	r0, r3, r0
1000a38a:	9b07      	ldr	r3, [sp, #28]
1000a38c:	6018      	str	r0, [r3, #0]
1000a38e:	0030      	movs	r0, r6
1000a390:	b002      	add	sp, #8
1000a392:	bd70      	pop	{r4, r5, r6, pc}
1000a394:	4668      	mov	r0, sp
1000a396:	9500      	str	r5, [sp, #0]
1000a398:	f7ff fc4e 	bl	10009c38 <__lo0bits>
1000a39c:	2800      	cmp	r0, #0
1000a39e:	d022      	beq.n	1000a3e6 <__d2b+0xaa>
1000a3a0:	9d01      	ldr	r5, [sp, #4]
1000a3a2:	2320      	movs	r3, #32
1000a3a4:	002a      	movs	r2, r5
1000a3a6:	1a1b      	subs	r3, r3, r0
1000a3a8:	409a      	lsls	r2, r3
1000a3aa:	0013      	movs	r3, r2
1000a3ac:	40c5      	lsrs	r5, r0
1000a3ae:	9a00      	ldr	r2, [sp, #0]
1000a3b0:	9501      	str	r5, [sp, #4]
1000a3b2:	4313      	orrs	r3, r2
1000a3b4:	6173      	str	r3, [r6, #20]
1000a3b6:	61b5      	str	r5, [r6, #24]
1000a3b8:	1e6b      	subs	r3, r5, #1
1000a3ba:	419d      	sbcs	r5, r3
1000a3bc:	3501      	adds	r5, #1
1000a3be:	6135      	str	r5, [r6, #16]
1000a3c0:	2c00      	cmp	r4, #0
1000a3c2:	d1da      	bne.n	1000a37a <__d2b+0x3e>
1000a3c4:	4b0e      	ldr	r3, [pc, #56]	; (1000a400 <__d2b+0xc4>)
1000a3c6:	469c      	mov	ip, r3
1000a3c8:	9b06      	ldr	r3, [sp, #24]
1000a3ca:	4460      	add	r0, ip
1000a3cc:	6018      	str	r0, [r3, #0]
1000a3ce:	4b0d      	ldr	r3, [pc, #52]	; (1000a404 <__d2b+0xc8>)
1000a3d0:	18eb      	adds	r3, r5, r3
1000a3d2:	009b      	lsls	r3, r3, #2
1000a3d4:	18f3      	adds	r3, r6, r3
1000a3d6:	6958      	ldr	r0, [r3, #20]
1000a3d8:	f7ff fc12 	bl	10009c00 <__hi0bits>
1000a3dc:	016d      	lsls	r5, r5, #5
1000a3de:	9b07      	ldr	r3, [sp, #28]
1000a3e0:	1a2d      	subs	r5, r5, r0
1000a3e2:	601d      	str	r5, [r3, #0]
1000a3e4:	e7d3      	b.n	1000a38e <__d2b+0x52>
1000a3e6:	9b00      	ldr	r3, [sp, #0]
1000a3e8:	9d01      	ldr	r5, [sp, #4]
1000a3ea:	6173      	str	r3, [r6, #20]
1000a3ec:	e7e3      	b.n	1000a3b6 <__d2b+0x7a>
1000a3ee:	2200      	movs	r2, #0
1000a3f0:	4b05      	ldr	r3, [pc, #20]	; (1000a408 <__d2b+0xcc>)
1000a3f2:	4906      	ldr	r1, [pc, #24]	; (1000a40c <__d2b+0xd0>)
1000a3f4:	4806      	ldr	r0, [pc, #24]	; (1000a410 <__d2b+0xd4>)
1000a3f6:	f7f8 f99d 	bl	10002734 <__assert_func>
1000a3fa:	46c0      	nop			; (mov r8, r8)
1000a3fc:	fffffbcd 	.word	0xfffffbcd
1000a400:	fffffbce 	.word	0xfffffbce
1000a404:	3fffffff 	.word	0x3fffffff
1000a408:	1000c060 	.word	0x1000c060
1000a40c:	0000030a 	.word	0x0000030a
1000a410:	1000c210 	.word	0x1000c210

1000a414 <__ratio>:
1000a414:	b5f0      	push	{r4, r5, r6, r7, lr}
1000a416:	46ce      	mov	lr, r9
1000a418:	4647      	mov	r7, r8
1000a41a:	b580      	push	{r7, lr}
1000a41c:	b085      	sub	sp, #20
1000a41e:	4688      	mov	r8, r1
1000a420:	a902      	add	r1, sp, #8
1000a422:	4681      	mov	r9, r0
1000a424:	f7ff ff26 	bl	1000a274 <__b2d>
1000a428:	0004      	movs	r4, r0
1000a42a:	000d      	movs	r5, r1
1000a42c:	4640      	mov	r0, r8
1000a42e:	a903      	add	r1, sp, #12
1000a430:	f7ff ff20 	bl	1000a274 <__b2d>
1000a434:	0002      	movs	r2, r0
1000a436:	000b      	movs	r3, r1
1000a438:	4640      	mov	r0, r8
1000a43a:	4649      	mov	r1, r9
1000a43c:	6900      	ldr	r0, [r0, #16]
1000a43e:	6909      	ldr	r1, [r1, #16]
1000a440:	9200      	str	r2, [sp, #0]
1000a442:	9301      	str	r3, [sp, #4]
1000a444:	1a09      	subs	r1, r1, r0
1000a446:	0149      	lsls	r1, r1, #5
1000a448:	468c      	mov	ip, r1
1000a44a:	9802      	ldr	r0, [sp, #8]
1000a44c:	9903      	ldr	r1, [sp, #12]
1000a44e:	1a40      	subs	r0, r0, r1
1000a450:	0001      	movs	r1, r0
1000a452:	4461      	add	r1, ip
1000a454:	2900      	cmp	r1, #0
1000a456:	dd0b      	ble.n	1000a470 <__ratio+0x5c>
1000a458:	0509      	lsls	r1, r1, #20
1000a45a:	194f      	adds	r7, r1, r5
1000a45c:	003d      	movs	r5, r7
1000a45e:	0020      	movs	r0, r4
1000a460:	0029      	movs	r1, r5
1000a462:	f7f9 fd62 	bl	10003f2a <__wrap___aeabi_ddiv>
1000a466:	b005      	add	sp, #20
1000a468:	bcc0      	pop	{r6, r7}
1000a46a:	46b9      	mov	r9, r7
1000a46c:	46b0      	mov	r8, r6
1000a46e:	bdf0      	pop	{r4, r5, r6, r7, pc}
1000a470:	0509      	lsls	r1, r1, #20
1000a472:	1a5b      	subs	r3, r3, r1
1000a474:	9301      	str	r3, [sp, #4]
1000a476:	9a00      	ldr	r2, [sp, #0]
1000a478:	9b01      	ldr	r3, [sp, #4]
1000a47a:	e7f0      	b.n	1000a45e <__ratio+0x4a>

1000a47c <__copybits>:
1000a47c:	0013      	movs	r3, r2
1000a47e:	3901      	subs	r1, #1
1000a480:	b570      	push	{r4, r5, r6, lr}
1000a482:	114c      	asrs	r4, r1, #5
1000a484:	6911      	ldr	r1, [r2, #16]
1000a486:	3401      	adds	r4, #1
1000a488:	3314      	adds	r3, #20
1000a48a:	0089      	lsls	r1, r1, #2
1000a48c:	00a4      	lsls	r4, r4, #2
1000a48e:	1859      	adds	r1, r3, r1
1000a490:	1904      	adds	r4, r0, r4
1000a492:	428b      	cmp	r3, r1
1000a494:	d20a      	bcs.n	1000a4ac <__copybits+0x30>
1000a496:	0005      	movs	r5, r0
1000a498:	cb40      	ldmia	r3!, {r6}
1000a49a:	c540      	stmia	r5!, {r6}
1000a49c:	4299      	cmp	r1, r3
1000a49e:	d8fb      	bhi.n	1000a498 <__copybits+0x1c>
1000a4a0:	1a8b      	subs	r3, r1, r2
1000a4a2:	3b15      	subs	r3, #21
1000a4a4:	089b      	lsrs	r3, r3, #2
1000a4a6:	3301      	adds	r3, #1
1000a4a8:	009b      	lsls	r3, r3, #2
1000a4aa:	18c0      	adds	r0, r0, r3
1000a4ac:	4284      	cmp	r4, r0
1000a4ae:	d903      	bls.n	1000a4b8 <__copybits+0x3c>
1000a4b0:	2300      	movs	r3, #0
1000a4b2:	c008      	stmia	r0!, {r3}
1000a4b4:	4284      	cmp	r4, r0
1000a4b6:	d8fc      	bhi.n	1000a4b2 <__copybits+0x36>
1000a4b8:	bd70      	pop	{r4, r5, r6, pc}
1000a4ba:	46c0      	nop			; (mov r8, r8)

1000a4bc <__any_on>:
1000a4bc:	0002      	movs	r2, r0
1000a4be:	6903      	ldr	r3, [r0, #16]
1000a4c0:	b510      	push	{r4, lr}
1000a4c2:	3214      	adds	r2, #20
1000a4c4:	1148      	asrs	r0, r1, #5
1000a4c6:	4283      	cmp	r3, r0
1000a4c8:	da0a      	bge.n	1000a4e0 <__any_on+0x24>
1000a4ca:	009b      	lsls	r3, r3, #2
1000a4cc:	18d3      	adds	r3, r2, r3
1000a4ce:	e003      	b.n	1000a4d8 <__any_on+0x1c>
1000a4d0:	3b04      	subs	r3, #4
1000a4d2:	6819      	ldr	r1, [r3, #0]
1000a4d4:	2900      	cmp	r1, #0
1000a4d6:	d117      	bne.n	1000a508 <__any_on+0x4c>
1000a4d8:	4293      	cmp	r3, r2
1000a4da:	d8f9      	bhi.n	1000a4d0 <__any_on+0x14>
1000a4dc:	2000      	movs	r0, #0
1000a4de:	bd10      	pop	{r4, pc}
1000a4e0:	4283      	cmp	r3, r0
1000a4e2:	dd0e      	ble.n	1000a502 <__any_on+0x46>
1000a4e4:	231f      	movs	r3, #31
1000a4e6:	001c      	movs	r4, r3
1000a4e8:	400c      	ands	r4, r1
1000a4ea:	420b      	tst	r3, r1
1000a4ec:	d009      	beq.n	1000a502 <__any_on+0x46>
1000a4ee:	0083      	lsls	r3, r0, #2
1000a4f0:	18d3      	adds	r3, r2, r3
1000a4f2:	6819      	ldr	r1, [r3, #0]
1000a4f4:	2001      	movs	r0, #1
1000a4f6:	40e1      	lsrs	r1, r4
1000a4f8:	40a1      	lsls	r1, r4
1000a4fa:	681c      	ldr	r4, [r3, #0]
1000a4fc:	428c      	cmp	r4, r1
1000a4fe:	d1ee      	bne.n	1000a4de <__any_on+0x22>
1000a500:	e7ea      	b.n	1000a4d8 <__any_on+0x1c>
1000a502:	0083      	lsls	r3, r0, #2
1000a504:	18d3      	adds	r3, r2, r3
1000a506:	e7e7      	b.n	1000a4d8 <__any_on+0x1c>
1000a508:	2001      	movs	r0, #1
1000a50a:	e7e8      	b.n	1000a4de <__any_on+0x22>

1000a50c <nan>:
1000a50c:	2000      	movs	r0, #0
1000a50e:	4901      	ldr	r1, [pc, #4]	; (1000a514 <nan+0x8>)
1000a510:	4770      	bx	lr
1000a512:	46c0      	nop			; (mov r8, r8)
1000a514:	7ff80000 	.word	0x7ff80000

1000a518 <nanf>:
1000a518:	4800      	ldr	r0, [pc, #0]	; (1000a51c <nanf+0x4>)
1000a51a:	4770      	bx	lr
1000a51c:	7fc00000 	.word	0x7fc00000

1000a520 <strncmp>:
1000a520:	b530      	push	{r4, r5, lr}
1000a522:	2a00      	cmp	r2, #0
1000a524:	d026      	beq.n	1000a574 <strncmp+0x54>
1000a526:	0003      	movs	r3, r0
1000a528:	430b      	orrs	r3, r1
1000a52a:	079b      	lsls	r3, r3, #30
1000a52c:	d124      	bne.n	1000a578 <strncmp+0x58>
1000a52e:	2a03      	cmp	r2, #3
1000a530:	d922      	bls.n	1000a578 <strncmp+0x58>
1000a532:	4d16      	ldr	r5, [pc, #88]	; (1000a58c <strncmp+0x6c>)
1000a534:	e00b      	b.n	1000a54e <strncmp+0x2e>
1000a536:	3a04      	subs	r2, #4
1000a538:	2a00      	cmp	r2, #0
1000a53a:	d01b      	beq.n	1000a574 <strncmp+0x54>
1000a53c:	4c14      	ldr	r4, [pc, #80]	; (1000a590 <strncmp+0x70>)
1000a53e:	191c      	adds	r4, r3, r4
1000a540:	439c      	bics	r4, r3
1000a542:	422c      	tst	r4, r5
1000a544:	d116      	bne.n	1000a574 <strncmp+0x54>
1000a546:	3004      	adds	r0, #4
1000a548:	3104      	adds	r1, #4
1000a54a:	2a03      	cmp	r2, #3
1000a54c:	d914      	bls.n	1000a578 <strncmp+0x58>
1000a54e:	6803      	ldr	r3, [r0, #0]
1000a550:	680c      	ldr	r4, [r1, #0]
1000a552:	42a3      	cmp	r3, r4
1000a554:	d0ef      	beq.n	1000a536 <strncmp+0x16>
1000a556:	7804      	ldrb	r4, [r0, #0]
1000a558:	780d      	ldrb	r5, [r1, #0]
1000a55a:	42ac      	cmp	r4, r5
1000a55c:	d113      	bne.n	1000a586 <strncmp+0x66>
1000a55e:	2301      	movs	r3, #1
1000a560:	e006      	b.n	1000a570 <strncmp+0x50>
1000a562:	5cc4      	ldrb	r4, [r0, r3]
1000a564:	5ccd      	ldrb	r5, [r1, r3]
1000a566:	42ac      	cmp	r4, r5
1000a568:	d10d      	bne.n	1000a586 <strncmp+0x66>
1000a56a:	3301      	adds	r3, #1
1000a56c:	4293      	cmp	r3, r2
1000a56e:	d001      	beq.n	1000a574 <strncmp+0x54>
1000a570:	2c00      	cmp	r4, #0
1000a572:	d1f6      	bne.n	1000a562 <strncmp+0x42>
1000a574:	2000      	movs	r0, #0
1000a576:	bd30      	pop	{r4, r5, pc}
1000a578:	7804      	ldrb	r4, [r0, #0]
1000a57a:	780d      	ldrb	r5, [r1, #0]
1000a57c:	42a5      	cmp	r5, r4
1000a57e:	d102      	bne.n	1000a586 <strncmp+0x66>
1000a580:	2a01      	cmp	r2, #1
1000a582:	d1ec      	bne.n	1000a55e <strncmp+0x3e>
1000a584:	e7f6      	b.n	1000a574 <strncmp+0x54>
1000a586:	1b60      	subs	r0, r4, r5
1000a588:	e7f5      	b.n	1000a576 <strncmp+0x56>
1000a58a:	46c0      	nop			; (mov r8, r8)
1000a58c:	80808080 	.word	0x80808080
1000a590:	fefefeff 	.word	0xfefefeff

1000a594 <__ascii_wctomb>:
1000a594:	2900      	cmp	r1, #0
1000a596:	d009      	beq.n	1000a5ac <__ascii_wctomb+0x18>
1000a598:	2aff      	cmp	r2, #255	; 0xff
1000a59a:	d802      	bhi.n	1000a5a2 <__ascii_wctomb+0xe>
1000a59c:	2001      	movs	r0, #1
1000a59e:	700a      	strb	r2, [r1, #0]
1000a5a0:	4770      	bx	lr
1000a5a2:	238a      	movs	r3, #138	; 0x8a
1000a5a4:	6003      	str	r3, [r0, #0]
1000a5a6:	2001      	movs	r0, #1
1000a5a8:	4240      	negs	r0, r0
1000a5aa:	e7f9      	b.n	1000a5a0 <__ascii_wctomb+0xc>
1000a5ac:	2000      	movs	r0, #0
1000a5ae:	e7f7      	b.n	1000a5a0 <__ascii_wctomb+0xc>

1000a5b0 <_fini>:
1000a5b0:	b5f8      	push	{r3, r4, r5, r6, r7, lr}
1000a5b2:	46c0      	nop			; (mov r8, r8)
1000a5b4:	0000      	movs	r0, r0
	...

1000a5b8 <__flash_do_cmd_veneer>:
1000a5b8:	b401      	push	{r0}
1000a5ba:	4802      	ldr	r0, [pc, #8]	; (1000a5c4 <__flash_do_cmd_veneer+0xc>)
1000a5bc:	4684      	mov	ip, r0
1000a5be:	bc01      	pop	{r0}
1000a5c0:	4760      	bx	ip
1000a5c2:	bf00      	nop
1000a5c4:	200002e5 	.word	0x200002e5

1000a5c8 <__mutex_exit_veneer>:
1000a5c8:	b401      	push	{r0}
1000a5ca:	4802      	ldr	r0, [pc, #8]	; (1000a5d4 <__mutex_exit_veneer+0xc>)
1000a5cc:	4684      	mov	ip, r0
1000a5ce:	bc01      	pop	{r0}
1000a5d0:	4760      	bx	ip
1000a5d2:	bf00      	nop
1000a5d4:	20000231 	.word	0x20000231

1000a5d8 <____aeabi_ldiv0_veneer>:
1000a5d8:	b401      	push	{r0}
1000a5da:	4802      	ldr	r0, [pc, #8]	; (1000a5e4 <____aeabi_ldiv0_veneer+0xc>)
1000a5dc:	4684      	mov	ip, r0
1000a5de:	bc01      	pop	{r0}
1000a5e0:	4760      	bx	ip
1000a5e2:	bf00      	nop
1000a5e4:	20000b1d 	.word	0x20000b1d

1000a5e8 <__e15_is_bulkin_ep_veneer>:
1000a5e8:	b401      	push	{r0}
1000a5ea:	4802      	ldr	r0, [pc, #8]	; (1000a5f4 <__e15_is_bulkin_ep_veneer+0xc>)
1000a5ec:	4684      	mov	ip, r0
1000a5ee:	bc01      	pop	{r0}
1000a5f0:	4760      	bx	ip
1000a5f2:	bf00      	nop
1000a5f4:	2000066d 	.word	0x2000066d

1000a5f8 <____aeabi_idiv0_veneer>:
1000a5f8:	b401      	push	{r0}
1000a5fa:	4802      	ldr	r0, [pc, #8]	; (1000a604 <____aeabi_idiv0_veneer+0xc>)
1000a5fc:	4684      	mov	ip, r0
1000a5fe:	bc01      	pop	{r0}
1000a600:	4760      	bx	ip
1000a602:	bf00      	nop
1000a604:	20000b1d 	.word	0x20000b1d

1000a608 <__mutex_try_enter_veneer>:
1000a608:	b401      	push	{r0}
1000a60a:	4802      	ldr	r0, [pc, #8]	; (1000a614 <__mutex_try_enter_veneer+0xc>)
1000a60c:	4684      	mov	ip, r0
1000a60e:	bc01      	pop	{r0}
1000a610:	4760      	bx	ip
1000a612:	bf00      	nop
1000a614:	200000c1 	.word	0x200000c1

1000a618 <__mutex_enter_timeout_ms_veneer>:
1000a618:	b401      	push	{r0}
1000a61a:	4802      	ldr	r0, [pc, #8]	; (1000a624 <__mutex_enter_timeout_ms_veneer+0xc>)
1000a61c:	4684      	mov	ip, r0
1000a61e:	bc01      	pop	{r0}
1000a620:	4760      	bx	ip
1000a622:	bf00      	nop
1000a624:	200001c9 	.word	0x200001c9

1000a628 <__dcd_event_handler_veneer>:
1000a628:	b401      	push	{r0}
1000a62a:	4802      	ldr	r0, [pc, #8]	; (1000a634 <__dcd_event_handler_veneer+0xc>)
1000a62c:	4684      	mov	ip, r0
1000a62e:	bc01      	pop	{r0}
1000a630:	4760      	bx	ip
1000a632:	bf00      	nop
1000a634:	2000091d 	.word	0x2000091d

1000a638 <__mutex_try_enter_block_until_veneer>:
1000a638:	b401      	push	{r0}
1000a63a:	4802      	ldr	r0, [pc, #8]	; (1000a644 <__mutex_try_enter_block_until_veneer+0xc>)
1000a63c:	4684      	mov	ip, r0
1000a63e:	bc01      	pop	{r0}
1000a640:	4760      	bx	ip
1000a642:	bf00      	nop
1000a644:	20000195 	.word	0x20000195

1000a648 <__hw_endpoint_start_next_buffer_veneer>:
1000a648:	b401      	push	{r0}
1000a64a:	4802      	ldr	r0, [pc, #8]	; (1000a654 <__hw_endpoint_start_next_buffer_veneer+0xc>)
1000a64c:	4684      	mov	ip, r0
1000a64e:	bc01      	pop	{r0}
1000a650:	4760      	bx	ip
1000a652:	bf00      	nop
1000a654:	20000845 	.word	0x20000845

1000a658 <__hw_endpoint_reset_transfer_veneer>:
1000a658:	b401      	push	{r0}
1000a65a:	4802      	ldr	r0, [pc, #8]	; (1000a664 <__hw_endpoint_reset_transfer_veneer+0xc>)
1000a65c:	4684      	mov	ip, r0
1000a65e:	bc01      	pop	{r0}
1000a660:	4760      	bx	ip
1000a662:	bf00      	nop
1000a664:	200007e1 	.word	0x200007e1

1000a668 <__reset_non_control_endpoints_veneer>:
1000a668:	b401      	push	{r0}
1000a66a:	4802      	ldr	r0, [pc, #8]	; (1000a674 <__reset_non_control_endpoints_veneer+0xc>)
1000a66c:	4684      	mov	ip, r0
1000a66e:	bc01      	pop	{r0}
1000a670:	4760      	bx	ip
1000a672:	bf00      	nop
1000a674:	200003bd 	.word	0x200003bd

1000a678 <___hw_endpoint_buffer_control_update32_veneer>:
1000a678:	b401      	push	{r0}
1000a67a:	4802      	ldr	r0, [pc, #8]	; (1000a684 <___hw_endpoint_buffer_control_update32_veneer+0xc>)
1000a67c:	4684      	mov	ip, r0
1000a67e:	bc01      	pop	{r0}
1000a680:	4760      	bx	ip
1000a682:	bf00      	nop
1000a684:	200007ed 	.word	0x200007ed

1000a688 <__e15_is_critical_frame_period_veneer>:
1000a688:	b401      	push	{r0}
1000a68a:	4802      	ldr	r0, [pc, #8]	; (1000a694 <__e15_is_critical_frame_period_veneer+0xc>)
1000a68c:	4684      	mov	ip, r0
1000a68e:	bc01      	pop	{r0}
1000a690:	4760      	bx	ip
1000a692:	bf00      	nop
1000a694:	20000699 	.word	0x20000699

Disassembly of section .data:

200000c0 <mutex_try_enter>:
200000c0:	0003      	movs	r3, r0
200000c2:	6800      	ldr	r0, [r0, #0]
200000c4:	f3ef 8c10 	mrs	ip, PRIMASK
200000c8:	b672      	cpsid	i
200000ca:	6802      	ldr	r2, [r0, #0]
200000cc:	2a00      	cmp	r2, #0
200000ce:	d0fc      	beq.n	200000ca <mutex_try_enter+0xa>
200000d0:	f3bf 8f5f 	dmb	sy
200000d4:	2204      	movs	r2, #4
200000d6:	569a      	ldrsb	r2, [r3, r2]
200000d8:	2a00      	cmp	r2, #0
200000da:	db0b      	blt.n	200000f4 <mutex_try_enter+0x34>
200000dc:	2900      	cmp	r1, #0
200000de:	d010      	beq.n	20000102 <mutex_try_enter+0x42>
200000e0:	600a      	str	r2, [r1, #0]
200000e2:	2000      	movs	r0, #0
200000e4:	681b      	ldr	r3, [r3, #0]
200000e6:	f3bf 8f5f 	dmb	sy
200000ea:	2200      	movs	r2, #0
200000ec:	601a      	str	r2, [r3, #0]
200000ee:	f38c 8810 	msr	PRIMASK, ip
200000f2:	4770      	bx	lr
200000f4:	22d0      	movs	r2, #208	; 0xd0
200000f6:	0612      	lsls	r2, r2, #24
200000f8:	7812      	ldrb	r2, [r2, #0]
200000fa:	b252      	sxtb	r2, r2
200000fc:	711a      	strb	r2, [r3, #4]
200000fe:	2001      	movs	r0, #1
20000100:	e7f0      	b.n	200000e4 <mutex_try_enter+0x24>
20000102:	2000      	movs	r0, #0
20000104:	e7ee      	b.n	200000e4 <mutex_try_enter+0x24>
	...

20000108 <mutex_enter_block_until>:
20000108:	b5f8      	push	{r3, r4, r5, r6, r7, lr}
2000010a:	46ce      	mov	lr, r9
2000010c:	4647      	mov	r7, r8
2000010e:	b580      	push	{r7, lr}
20000110:	0004      	movs	r4, r0
20000112:	0017      	movs	r7, r2
20000114:	4698      	mov	r8, r3
20000116:	6803      	ldr	r3, [r0, #0]
20000118:	2b00      	cmp	r3, #0
2000011a:	d020      	beq.n	2000015e <mutex_enter_block_until+0x56>
2000011c:	23d0      	movs	r3, #208	; 0xd0
2000011e:	061b      	lsls	r3, r3, #24
20000120:	781b      	ldrb	r3, [r3, #0]
20000122:	b25b      	sxtb	r3, r3
20000124:	4699      	mov	r9, r3
20000126:	6826      	ldr	r6, [r4, #0]
20000128:	f3ef 8c10 	mrs	ip, PRIMASK
2000012c:	b672      	cpsid	i
2000012e:	6835      	ldr	r5, [r6, #0]
20000130:	2d00      	cmp	r5, #0
20000132:	d0fc      	beq.n	2000012e <mutex_enter_block_until+0x26>
20000134:	f3bf 8f5f 	dmb	sy
20000138:	2504      	movs	r5, #4
2000013a:	5765      	ldrsb	r5, [r4, r5]
2000013c:	2d00      	cmp	r5, #0
2000013e:	db14      	blt.n	2000016a <mutex_enter_block_until+0x62>
20000140:	6823      	ldr	r3, [r4, #0]
20000142:	f3bf 8f5f 	dmb	sy
20000146:	2200      	movs	r2, #0
20000148:	601a      	str	r2, [r3, #0]
2000014a:	f38c 8810 	msr	PRIMASK, ip
2000014e:	0038      	movs	r0, r7
20000150:	4641      	mov	r1, r8
20000152:	f000 fd1d 	bl	20000b90 <__best_effort_wfe_or_timeout_veneer>
20000156:	2800      	cmp	r0, #0
20000158:	d0e5      	beq.n	20000126 <mutex_enter_block_until+0x1e>
2000015a:	2000      	movs	r0, #0
2000015c:	e00f      	b.n	2000017e <mutex_enter_block_until+0x76>
2000015e:	4b0a      	ldr	r3, [pc, #40]	; (20000188 <mutex_enter_block_until+0x80>)
20000160:	4a0a      	ldr	r2, [pc, #40]	; (2000018c <mutex_enter_block_until+0x84>)
20000162:	2185      	movs	r1, #133	; 0x85
20000164:	480a      	ldr	r0, [pc, #40]	; (20000190 <mutex_enter_block_until+0x88>)
20000166:	f000 fd03 	bl	20000b70 <____assert_func_veneer>
2000016a:	464b      	mov	r3, r9
2000016c:	7123      	strb	r3, [r4, #4]
2000016e:	6823      	ldr	r3, [r4, #0]
20000170:	f3bf 8f5f 	dmb	sy
20000174:	2200      	movs	r2, #0
20000176:	601a      	str	r2, [r3, #0]
20000178:	f38c 8810 	msr	PRIMASK, ip
2000017c:	2001      	movs	r0, #1
2000017e:	bcc0      	pop	{r6, r7}
20000180:	46b9      	mov	r9, r7
20000182:	46b0      	mov	r8, r6
20000184:	bdf8      	pop	{r3, r4, r5, r6, r7, pc}
20000186:	46c0      	nop			; (mov r8, r8)
20000188:	1000ab20 	.word	0x1000ab20
2000018c:	1000ab78 	.word	0x1000ab78
20000190:	1000aacc 	.word	0x1000aacc

20000194 <mutex_try_enter_block_until>:
20000194:	b570      	push	{r4, r5, r6, lr}
20000196:	b082      	sub	sp, #8
20000198:	0006      	movs	r6, r0
2000019a:	0015      	movs	r5, r2
2000019c:	001c      	movs	r4, r3
2000019e:	a901      	add	r1, sp, #4
200001a0:	f7ff ff8e 	bl	200000c0 <mutex_try_enter>
200001a4:	2800      	cmp	r0, #0
200001a6:	d107      	bne.n	200001b8 <mutex_try_enter_block_until+0x24>
200001a8:	9b01      	ldr	r3, [sp, #4]
200001aa:	b25b      	sxtb	r3, r3
200001ac:	22d0      	movs	r2, #208	; 0xd0
200001ae:	0612      	lsls	r2, r2, #24
200001b0:	7812      	ldrb	r2, [r2, #0]
200001b2:	b252      	sxtb	r2, r2
200001b4:	4293      	cmp	r3, r2
200001b6:	d101      	bne.n	200001bc <mutex_try_enter_block_until+0x28>
200001b8:	b002      	add	sp, #8
200001ba:	bd70      	pop	{r4, r5, r6, pc}
200001bc:	002a      	movs	r2, r5
200001be:	0023      	movs	r3, r4
200001c0:	0030      	movs	r0, r6
200001c2:	f7ff ffa1 	bl	20000108 <mutex_enter_block_until>
200001c6:	e7f7      	b.n	200001b8 <mutex_try_enter_block_until+0x24>

200001c8 <mutex_enter_timeout_ms>:
200001c8:	b5f8      	push	{r3, r4, r5, r6, r7, lr}
200001ca:	0006      	movs	r6, r0
200001cc:	000f      	movs	r7, r1
200001ce:	f000 fcaf 	bl	20000b30 <__time_us_64_veneer>
200001d2:	0004      	movs	r4, r0
200001d4:	1e0d      	subs	r5, r1, #0
200001d6:	db12      	blt.n	200001fe <mutex_enter_timeout_ms+0x36>
200001d8:	22fa      	movs	r2, #250	; 0xfa
200001da:	0092      	lsls	r2, r2, #2
200001dc:	2300      	movs	r3, #0
200001de:	0038      	movs	r0, r7
200001e0:	2100      	movs	r1, #0
200001e2:	f000 fcbd 	bl	20000b60 <____wrap___aeabi_lmul_veneer>
200001e6:	0022      	movs	r2, r4
200001e8:	002b      	movs	r3, r5
200001ea:	1812      	adds	r2, r2, r0
200001ec:	414b      	adcs	r3, r1
200001ee:	2b00      	cmp	r3, #0
200001f0:	db0b      	blt.n	2000020a <mutex_enter_timeout_ms+0x42>
200001f2:	2b00      	cmp	r3, #0
200001f4:	db0d      	blt.n	20000212 <mutex_enter_timeout_ms+0x4a>
200001f6:	0030      	movs	r0, r6
200001f8:	f7ff ff86 	bl	20000108 <mutex_enter_block_until>
200001fc:	bdf8      	pop	{r3, r4, r5, r6, r7, pc}
200001fe:	4b08      	ldr	r3, [pc, #32]	; (20000220 <mutex_enter_timeout_ms+0x58>)
20000200:	4a08      	ldr	r2, [pc, #32]	; (20000224 <mutex_enter_timeout_ms+0x5c>)
20000202:	213f      	movs	r1, #63	; 0x3f
20000204:	4808      	ldr	r0, [pc, #32]	; (20000228 <mutex_enter_timeout_ms+0x60>)
20000206:	f000 fcb3 	bl	20000b70 <____assert_func_veneer>
2000020a:	2201      	movs	r2, #1
2000020c:	4252      	negs	r2, r2
2000020e:	4b07      	ldr	r3, [pc, #28]	; (2000022c <mutex_enter_timeout_ms+0x64>)
20000210:	e7ef      	b.n	200001f2 <mutex_enter_timeout_ms+0x2a>
20000212:	4b03      	ldr	r3, [pc, #12]	; (20000220 <mutex_enter_timeout_ms+0x58>)
20000214:	4a03      	ldr	r2, [pc, #12]	; (20000224 <mutex_enter_timeout_ms+0x5c>)
20000216:	213f      	movs	r1, #63	; 0x3f
20000218:	4803      	ldr	r0, [pc, #12]	; (20000228 <mutex_enter_timeout_ms+0x60>)
2000021a:	f000 fca9 	bl	20000b70 <____assert_func_veneer>
2000021e:	46c0      	nop			; (mov r8, r8)
20000220:	1000a708 	.word	0x1000a708
20000224:	1000ab90 	.word	0x1000ab90
20000228:	1000a724 	.word	0x1000a724
2000022c:	7fffffff 	.word	0x7fffffff

20000230 <mutex_exit>:
20000230:	b510      	push	{r4, lr}
20000232:	6802      	ldr	r2, [r0, #0]
20000234:	f3ef 8110 	mrs	r1, PRIMASK
20000238:	b672      	cpsid	i
2000023a:	6813      	ldr	r3, [r2, #0]
2000023c:	2b00      	cmp	r3, #0
2000023e:	d0fc      	beq.n	2000023a <mutex_exit+0xa>
20000240:	f3bf 8f5f 	dmb	sy
20000244:	2304      	movs	r3, #4
20000246:	56c3      	ldrsb	r3, [r0, r3]
20000248:	2b00      	cmp	r3, #0
2000024a:	db0a      	blt.n	20000262 <mutex_exit+0x32>
2000024c:	23ff      	movs	r3, #255	; 0xff
2000024e:	7103      	strb	r3, [r0, #4]
20000250:	6803      	ldr	r3, [r0, #0]
20000252:	f3bf 8f5f 	dmb	sy
20000256:	2200      	movs	r2, #0
20000258:	601a      	str	r2, [r3, #0]
2000025a:	f381 8810 	msr	PRIMASK, r1
2000025e:	bf40      	sev
20000260:	bd10      	pop	{r4, pc}
20000262:	4b03      	ldr	r3, [pc, #12]	; (20000270 <mutex_exit+0x40>)
20000264:	4a03      	ldr	r2, [pc, #12]	; (20000274 <mutex_exit+0x44>)
20000266:	21b4      	movs	r1, #180	; 0xb4
20000268:	4803      	ldr	r0, [pc, #12]	; (20000278 <mutex_exit+0x48>)
2000026a:	f000 fc81 	bl	20000b70 <____assert_func_veneer>
2000026e:	46c0      	nop			; (mov r8, r8)
20000270:	1000ab34 	.word	0x1000ab34
20000274:	1000ab6c 	.word	0x1000ab6c
20000278:	1000aacc 	.word	0x1000aacc

2000027c <flash_init_boot2_copyout>:
2000027c:	4b09      	ldr	r3, [pc, #36]	; (200002a4 <flash_init_boot2_copyout+0x28>)
2000027e:	781b      	ldrb	r3, [r3, #0]
20000280:	2b00      	cmp	r3, #0
20000282:	d008      	beq.n	20000296 <flash_init_boot2_copyout+0x1a>
20000284:	e00c      	b.n	200002a0 <flash_init_boot2_copyout+0x24>
20000286:	009a      	lsls	r2, r3, #2
20000288:	2180      	movs	r1, #128	; 0x80
2000028a:	0549      	lsls	r1, r1, #21
2000028c:	1851      	adds	r1, r2, r1
2000028e:	6808      	ldr	r0, [r1, #0]
20000290:	4905      	ldr	r1, [pc, #20]	; (200002a8 <flash_init_boot2_copyout+0x2c>)
20000292:	5050      	str	r0, [r2, r1]
20000294:	3301      	adds	r3, #1
20000296:	2b3f      	cmp	r3, #63	; 0x3f
20000298:	ddf5      	ble.n	20000286 <flash_init_boot2_copyout+0xa>
2000029a:	4b02      	ldr	r3, [pc, #8]	; (200002a4 <flash_init_boot2_copyout+0x28>)
2000029c:	2201      	movs	r2, #1
2000029e:	701a      	strb	r2, [r3, #0]
200002a0:	4770      	bx	lr
200002a2:	46c0      	nop			; (mov r8, r8)
200002a4:	20002483 	.word	0x20002483
200002a8:	20001c50 	.word	0x20001c50

200002ac <flash_enable_xip_via_boot2>:
200002ac:	b510      	push	{r4, lr}
200002ae:	4b02      	ldr	r3, [pc, #8]	; (200002b8 <flash_enable_xip_via_boot2+0xc>)
200002b0:	3301      	adds	r3, #1
200002b2:	4798      	blx	r3
200002b4:	bd10      	pop	{r4, pc}
200002b6:	46c0      	nop			; (mov r8, r8)
200002b8:	20001c50 	.word	0x20001c50

200002bc <flash_cs_force>:
200002bc:	2800      	cmp	r0, #0
200002be:	d00a      	beq.n	200002d6 <flash_cs_force+0x1a>
200002c0:	2303      	movs	r3, #3
200002c2:	021b      	lsls	r3, r3, #8
200002c4:	4a05      	ldr	r2, [pc, #20]	; (200002dc <flash_cs_force+0x20>)
200002c6:	6812      	ldr	r2, [r2, #0]
200002c8:	4053      	eors	r3, r2
200002ca:	22c0      	movs	r2, #192	; 0xc0
200002cc:	0092      	lsls	r2, r2, #2
200002ce:	4013      	ands	r3, r2
200002d0:	4a03      	ldr	r2, [pc, #12]	; (200002e0 <flash_cs_force+0x24>)
200002d2:	6013      	str	r3, [r2, #0]
200002d4:	4770      	bx	lr
200002d6:	2302      	movs	r3, #2
200002d8:	e7f3      	b.n	200002c2 <flash_cs_force+0x6>
200002da:	46c0      	nop			; (mov r8, r8)
200002dc:	4001800c 	.word	0x4001800c
200002e0:	4001900c 	.word	0x4001900c

200002e4 <flash_do_cmd>:
200002e4:	b5f0      	push	{r4, r5, r6, r7, lr}
200002e6:	46d6      	mov	lr, sl
200002e8:	464f      	mov	r7, r9
200002ea:	4646      	mov	r6, r8
200002ec:	b5c0      	push	{r6, r7, lr}
200002ee:	0007      	movs	r7, r0
200002f0:	000e      	movs	r6, r1
200002f2:	0015      	movs	r5, r2
200002f4:	2318      	movs	r3, #24
200002f6:	469a      	mov	sl, r3
200002f8:	881b      	ldrh	r3, [r3, #0]
200002fa:	2214      	movs	r2, #20
200002fc:	4690      	mov	r8, r2
200002fe:	8810      	ldrh	r0, [r2, #0]
20000300:	4928      	ldr	r1, [pc, #160]	; (200003a4 <flash_do_cmd+0xc0>)
20000302:	4798      	blx	r3
20000304:	4681      	mov	r9, r0
20000306:	4653      	mov	r3, sl
20000308:	881b      	ldrh	r3, [r3, #0]
2000030a:	4642      	mov	r2, r8
2000030c:	8810      	ldrh	r0, [r2, #0]
2000030e:	4926      	ldr	r1, [pc, #152]	; (200003a8 <flash_do_cmd+0xc4>)
20000310:	4798      	blx	r3
20000312:	0004      	movs	r4, r0
20000314:	4653      	mov	r3, sl
20000316:	881b      	ldrh	r3, [r3, #0]
20000318:	4642      	mov	r2, r8
2000031a:	8810      	ldrh	r0, [r2, #0]
2000031c:	4923      	ldr	r1, [pc, #140]	; (200003ac <flash_do_cmd+0xc8>)
2000031e:	4798      	blx	r3
20000320:	4680      	mov	r8, r0
20000322:	464b      	mov	r3, r9
20000324:	2b00      	cmp	r3, #0
20000326:	d00c      	beq.n	20000342 <flash_do_cmd+0x5e>
20000328:	2c00      	cmp	r4, #0
2000032a:	d00a      	beq.n	20000342 <flash_do_cmd+0x5e>
2000032c:	2800      	cmp	r0, #0
2000032e:	d008      	beq.n	20000342 <flash_do_cmd+0x5e>
20000330:	f7ff ffa4 	bl	2000027c <flash_init_boot2_copyout>
20000334:	47c8      	blx	r9
20000336:	47a0      	blx	r4
20000338:	2000      	movs	r0, #0
2000033a:	f7ff ffbf 	bl	200002bc <flash_cs_force>
2000033e:	002a      	movs	r2, r5
20000340:	e00f      	b.n	20000362 <flash_do_cmd+0x7e>
20000342:	4b1b      	ldr	r3, [pc, #108]	; (200003b0 <flash_do_cmd+0xcc>)
20000344:	4a1b      	ldr	r2, [pc, #108]	; (200003b4 <flash_do_cmd+0xd0>)
20000346:	2180      	movs	r1, #128	; 0x80
20000348:	481b      	ldr	r0, [pc, #108]	; (200003b8 <flash_do_cmd+0xd4>)
2000034a:	f000 fc11 	bl	20000b70 <____assert_func_veneer>
2000034e:	2b00      	cmp	r3, #0
20000350:	d007      	beq.n	20000362 <flash_do_cmd+0x7e>
20000352:	2a00      	cmp	r2, #0
20000354:	d005      	beq.n	20000362 <flash_do_cmd+0x7e>
20000356:	23c0      	movs	r3, #192	; 0xc0
20000358:	055b      	lsls	r3, r3, #21
2000035a:	6e1b      	ldr	r3, [r3, #96]	; 0x60
2000035c:	7033      	strb	r3, [r6, #0]
2000035e:	3a01      	subs	r2, #1
20000360:	3601      	adds	r6, #1
20000362:	002b      	movs	r3, r5
20000364:	4313      	orrs	r3, r2
20000366:	d012      	beq.n	2000038e <flash_do_cmd+0xaa>
20000368:	23c0      	movs	r3, #192	; 0xc0
2000036a:	055b      	lsls	r3, r3, #21
2000036c:	6a9c      	ldr	r4, [r3, #40]	; 0x28
2000036e:	2308      	movs	r3, #8
20000370:	4023      	ands	r3, r4
20000372:	07a1      	lsls	r1, r4, #30
20000374:	d5eb      	bpl.n	2000034e <flash_do_cmd+0x6a>
20000376:	2d00      	cmp	r5, #0
20000378:	d0e9      	beq.n	2000034e <flash_do_cmd+0x6a>
2000037a:	1b51      	subs	r1, r2, r5
2000037c:	290d      	cmp	r1, #13
2000037e:	d8e6      	bhi.n	2000034e <flash_do_cmd+0x6a>
20000380:	7838      	ldrb	r0, [r7, #0]
20000382:	21c0      	movs	r1, #192	; 0xc0
20000384:	0549      	lsls	r1, r1, #21
20000386:	6608      	str	r0, [r1, #96]	; 0x60
20000388:	3d01      	subs	r5, #1
2000038a:	3701      	adds	r7, #1
2000038c:	e7df      	b.n	2000034e <flash_do_cmd+0x6a>
2000038e:	2001      	movs	r0, #1
20000390:	f7ff ff94 	bl	200002bc <flash_cs_force>
20000394:	47c0      	blx	r8
20000396:	f7ff ff89 	bl	200002ac <flash_enable_xip_via_boot2>
2000039a:	bce0      	pop	{r5, r6, r7}
2000039c:	46ba      	mov	sl, r7
2000039e:	46b1      	mov	r9, r6
200003a0:	46a8      	mov	r8, r5
200003a2:	bdf0      	pop	{r4, r5, r6, r7, pc}
200003a4:	00004649 	.word	0x00004649
200003a8:	00005845 	.word	0x00005845
200003ac:	00004346 	.word	0x00004346
200003b0:	1000bad0 	.word	0x1000bad0
200003b4:	1000bb10 	.word	0x1000bb10
200003b8:	1000b9c4 	.word	0x1000b9c4

200003bc <reset_non_control_endpoints>:
200003bc:	b510      	push	{r4, lr}
200003be:	2300      	movs	r3, #0
200003c0:	e008      	b.n	200003d4 <reset_non_control_endpoints+0x18>
200003c2:	3301      	adds	r3, #1
200003c4:	00da      	lsls	r2, r3, #3
200003c6:	2100      	movs	r1, #0
200003c8:	4808      	ldr	r0, [pc, #32]	; (200003ec <reset_non_control_endpoints+0x30>)
200003ca:	5011      	str	r1, [r2, r0]
200003cc:	4684      	mov	ip, r0
200003ce:	4462      	add	r2, ip
200003d0:	6051      	str	r1, [r2, #4]
200003d2:	b2db      	uxtb	r3, r3
200003d4:	2b0e      	cmp	r3, #14
200003d6:	d9f4      	bls.n	200003c2 <reset_non_control_endpoints+0x6>
200003d8:	22f0      	movs	r2, #240	; 0xf0
200003da:	0092      	lsls	r2, r2, #2
200003dc:	2100      	movs	r1, #0
200003de:	4804      	ldr	r0, [pc, #16]	; (200003f0 <reset_non_control_endpoints+0x34>)
200003e0:	f000 fbae 	bl	20000b40 <____wrap_memset_veneer>
200003e4:	4b03      	ldr	r3, [pc, #12]	; (200003f4 <reset_non_control_endpoints+0x38>)
200003e6:	4a04      	ldr	r2, [pc, #16]	; (200003f8 <reset_non_control_endpoints+0x3c>)
200003e8:	601a      	str	r2, [r3, #0]
200003ea:	bd10      	pop	{r4, pc}
200003ec:	50100000 	.word	0x50100000
200003f0:	20001e48 	.word	0x20001e48
200003f4:	20002224 	.word	0x20002224
200003f8:	50100180 	.word	0x50100180

200003fc <hw_handle_buff_status>:
200003fc:	b5f0      	push	{r4, r5, r6, r7, lr}
200003fe:	46ce      	mov	lr, r9
20000400:	4647      	mov	r7, r8
20000402:	b580      	push	{r7, lr}
20000404:	b085      	sub	sp, #20
20000406:	4b23      	ldr	r3, [pc, #140]	; (20000494 <hw_handle_buff_status+0x98>)
20000408:	6d9f      	ldr	r7, [r3, #88]	; 0x58
2000040a:	2400      	movs	r4, #0
2000040c:	2601      	movs	r6, #1
2000040e:	e003      	b.n	20000418 <hw_handle_buff_status+0x1c>
20000410:	43b7      	bics	r7, r6
20000412:	0076      	lsls	r6, r6, #1
20000414:	3401      	adds	r4, #1
20000416:	b2e4      	uxtb	r4, r4
20000418:	2f00      	cmp	r7, #0
2000041a:	d036      	beq.n	2000048a <hw_handle_buff_status+0x8e>
2000041c:	2c1f      	cmp	r4, #31
2000041e:	d834      	bhi.n	2000048a <hw_handle_buff_status+0x8e>
20000420:	423e      	tst	r6, r7
20000422:	d0f6      	beq.n	20000412 <hw_handle_buff_status+0x16>
20000424:	4b1c      	ldr	r3, [pc, #112]	; (20000498 <hw_handle_buff_status+0x9c>)
20000426:	659e      	str	r6, [r3, #88]	; 0x58
20000428:	0863      	lsrs	r3, r4, #1
2000042a:	4699      	mov	r9, r3
2000042c:	2301      	movs	r3, #1
2000042e:	4063      	eors	r3, r4
20000430:	2201      	movs	r2, #1
20000432:	401a      	ands	r2, r3
20000434:	4690      	mov	r8, r2
20000436:	464b      	mov	r3, r9
20000438:	005d      	lsls	r5, r3, #1
2000043a:	4445      	add	r5, r8
2000043c:	016d      	lsls	r5, r5, #5
2000043e:	4b17      	ldr	r3, [pc, #92]	; (2000049c <hw_handle_buff_status+0xa0>)
20000440:	18ed      	adds	r5, r5, r3
20000442:	0028      	movs	r0, r5
20000444:	f000 fa42 	bl	200008cc <hw_endpoint_xfer_continue>
20000448:	2800      	cmp	r0, #0
2000044a:	d0e1      	beq.n	20000410 <hw_handle_buff_status+0x14>
2000044c:	464b      	mov	r3, r9
2000044e:	005b      	lsls	r3, r3, #1
20000450:	4443      	add	r3, r8
20000452:	015b      	lsls	r3, r3, #5
20000454:	4a11      	ldr	r2, [pc, #68]	; (2000049c <hw_handle_buff_status+0xa0>)
20000456:	18d3      	adds	r3, r2, r3
20000458:	789a      	ldrb	r2, [r3, #2]
2000045a:	4691      	mov	r9, r2
2000045c:	8adb      	ldrh	r3, [r3, #22]
2000045e:	4698      	mov	r8, r3
20000460:	220c      	movs	r2, #12
20000462:	2100      	movs	r1, #0
20000464:	a801      	add	r0, sp, #4
20000466:	f000 fb6b 	bl	20000b40 <____wrap_memset_veneer>
2000046a:	2307      	movs	r3, #7
2000046c:	466a      	mov	r2, sp
2000046e:	7153      	strb	r3, [r2, #5]
20000470:	466b      	mov	r3, sp
20000472:	464a      	mov	r2, r9
20000474:	721a      	strb	r2, [r3, #8]
20000476:	4643      	mov	r3, r8
20000478:	9303      	str	r3, [sp, #12]
2000047a:	2101      	movs	r1, #1
2000047c:	a801      	add	r0, sp, #4
2000047e:	f000 fa4d 	bl	2000091c <dcd_event_handler>
20000482:	0028      	movs	r0, r5
20000484:	f000 f9ac 	bl	200007e0 <hw_endpoint_reset_transfer>
20000488:	e7c2      	b.n	20000410 <hw_handle_buff_status+0x14>
2000048a:	b005      	add	sp, #20
2000048c:	bcc0      	pop	{r6, r7}
2000048e:	46b9      	mov	r9, r7
20000490:	46b0      	mov	r8, r6
20000492:	bdf0      	pop	{r4, r5, r6, r7, pc}
20000494:	50110000 	.word	0x50110000
20000498:	50113000 	.word	0x50113000
2000049c:	20001e08 	.word	0x20001e08

200004a0 <dcd_rp2040_irq>:
200004a0:	b5f0      	push	{r4, r5, r6, r7, lr}
200004a2:	b085      	sub	sp, #20
200004a4:	4a68      	ldr	r2, [pc, #416]	; (20000648 <dcd_rp2040_irq+0x1a8>)
200004a6:	2398      	movs	r3, #152	; 0x98
200004a8:	58d5      	ldr	r5, [r2, r3]
200004aa:	2380      	movs	r3, #128	; 0x80
200004ac:	029b      	lsls	r3, r3, #10
200004ae:	002c      	movs	r4, r5
200004b0:	401c      	ands	r4, r3
200004b2:	421d      	tst	r5, r3
200004b4:	d04a      	beq.n	2000054c <dcd_rp2040_irq+0xac>
200004b6:	4b65      	ldr	r3, [pc, #404]	; (2000064c <dcd_rp2040_irq+0x1ac>)
200004b8:	6a9a      	ldr	r2, [r3, #40]	; 0x28
200004ba:	4b65      	ldr	r3, [pc, #404]	; (20000650 <dcd_rp2040_irq+0x1b0>)
200004bc:	601a      	str	r2, [r3, #0]
200004be:	2400      	movs	r4, #0
200004c0:	2600      	movs	r6, #0
200004c2:	e009      	b.n	200004d8 <dcd_rp2040_irq+0x38>
200004c4:	4b63      	ldr	r3, [pc, #396]	; (20000654 <dcd_rp2040_irq+0x1b4>)
200004c6:	1899      	adds	r1, r3, r2
200004c8:	313c      	adds	r1, #60	; 0x3c
200004ca:	2300      	movs	r3, #0
200004cc:	700b      	strb	r3, [r1, #0]
200004ce:	f000 f9b9 	bl	20000844 <hw_endpoint_start_next_buffer>
200004d2:	003e      	movs	r6, r7
200004d4:	3401      	adds	r4, #1
200004d6:	b2e4      	uxtb	r4, r4
200004d8:	2c0f      	cmp	r4, #15
200004da:	d817      	bhi.n	2000050c <dcd_rp2040_irq+0x6c>
200004dc:	01a2      	lsls	r2, r4, #6
200004de:	0010      	movs	r0, r2
200004e0:	3020      	adds	r0, #32
200004e2:	4b5c      	ldr	r3, [pc, #368]	; (20000654 <dcd_rp2040_irq+0x1b4>)
200004e4:	18c0      	adds	r0, r0, r3
200004e6:	189b      	adds	r3, r3, r2
200004e8:	333b      	adds	r3, #59	; 0x3b
200004ea:	781b      	ldrb	r3, [r3, #0]
200004ec:	2b02      	cmp	r3, #2
200004ee:	d1f1      	bne.n	200004d4 <dcd_rp2040_irq+0x34>
200004f0:	4b58      	ldr	r3, [pc, #352]	; (20000654 <dcd_rp2040_irq+0x1b4>)
200004f2:	189b      	adds	r3, r3, r2
200004f4:	333a      	adds	r3, #58	; 0x3a
200004f6:	781f      	ldrb	r7, [r3, #0]
200004f8:	2f00      	cmp	r7, #0
200004fa:	d0eb      	beq.n	200004d4 <dcd_rp2040_irq+0x34>
200004fc:	4b55      	ldr	r3, [pc, #340]	; (20000654 <dcd_rp2040_irq+0x1b4>)
200004fe:	189b      	adds	r3, r3, r2
20000500:	333c      	adds	r3, #60	; 0x3c
20000502:	781b      	ldrb	r3, [r3, #0]
20000504:	2b00      	cmp	r3, #0
20000506:	d1dd      	bne.n	200004c4 <dcd_rp2040_irq+0x24>
20000508:	003e      	movs	r6, r7
2000050a:	e7e3      	b.n	200004d4 <dcd_rp2040_irq+0x34>
2000050c:	2e00      	cmp	r6, #0
2000050e:	d108      	bne.n	20000522 <dcd_rp2040_irq+0x82>
20000510:	4b51      	ldr	r3, [pc, #324]	; (20000658 <dcd_rp2040_irq+0x1b8>)
20000512:	781b      	ldrb	r3, [r3, #0]
20000514:	2b00      	cmp	r3, #0
20000516:	d104      	bne.n	20000522 <dcd_rp2040_irq+0x82>
20000518:	4a50      	ldr	r2, [pc, #320]	; (2000065c <dcd_rp2040_irq+0x1bc>)
2000051a:	3390      	adds	r3, #144	; 0x90
2000051c:	2180      	movs	r1, #128	; 0x80
2000051e:	0289      	lsls	r1, r1, #10
20000520:	50d1      	str	r1, [r2, r3]
20000522:	4b49      	ldr	r3, [pc, #292]	; (20000648 <dcd_rp2040_irq+0x1a8>)
20000524:	6c9c      	ldr	r4, [r3, #72]	; 0x48
20000526:	0564      	lsls	r4, r4, #21
20000528:	0d64      	lsrs	r4, r4, #21
2000052a:	220c      	movs	r2, #12
2000052c:	2100      	movs	r1, #0
2000052e:	a801      	add	r0, sp, #4
20000530:	f000 fb06 	bl	20000b40 <____wrap_memset_veneer>
20000534:	2300      	movs	r3, #0
20000536:	466a      	mov	r2, sp
20000538:	7113      	strb	r3, [r2, #4]
2000053a:	3303      	adds	r3, #3
2000053c:	7153      	strb	r3, [r2, #5]
2000053e:	9402      	str	r4, [sp, #8]
20000540:	2101      	movs	r1, #1
20000542:	a801      	add	r0, sp, #4
20000544:	f000 f9ea 	bl	2000091c <dcd_event_handler>
20000548:	2480      	movs	r4, #128	; 0x80
2000054a:	02a4      	lsls	r4, r4, #10
2000054c:	06eb      	lsls	r3, r5, #27
2000054e:	d409      	bmi.n	20000564 <dcd_rp2040_irq+0xc4>
20000550:	03eb      	lsls	r3, r5, #15
20000552:	d529      	bpl.n	200005a8 <dcd_rp2040_irq+0x108>
20000554:	2380      	movs	r3, #128	; 0x80
20000556:	025b      	lsls	r3, r3, #9
20000558:	431c      	orrs	r4, r3
2000055a:	ab01      	add	r3, sp, #4
2000055c:	4a40      	ldr	r2, [pc, #256]	; (20000660 <dcd_rp2040_irq+0x1c0>)
2000055e:	801a      	strh	r2, [r3, #0]
20000560:	2600      	movs	r6, #0
20000562:	e00b      	b.n	2000057c <dcd_rp2040_irq+0xdc>
20000564:	2310      	movs	r3, #16
20000566:	431c      	orrs	r4, r3
20000568:	f7ff ff48 	bl	200003fc <hw_handle_buff_status>
2000056c:	e7f0      	b.n	20000550 <dcd_rp2040_irq+0xb0>
2000056e:	ab01      	add	r3, sp, #4
20000570:	5d98      	ldrb	r0, [r3, r6]
20000572:	f000 fad5 	bl	20000b20 <__hw_endpoint_get_by_addr_veneer>
20000576:	2301      	movs	r3, #1
20000578:	70c3      	strb	r3, [r0, #3]
2000057a:	3601      	adds	r6, #1
2000057c:	2e01      	cmp	r6, #1
2000057e:	d9f6      	bls.n	2000056e <dcd_rp2040_irq+0xce>
20000580:	ae01      	add	r6, sp, #4
20000582:	220c      	movs	r2, #12
20000584:	2100      	movs	r1, #0
20000586:	0030      	movs	r0, r6
20000588:	f000 fada 	bl	20000b40 <____wrap_memset_veneer>
2000058c:	2306      	movs	r3, #6
2000058e:	7073      	strb	r3, [r6, #1]
20000590:	4a34      	ldr	r2, [pc, #208]	; (20000664 <dcd_rp2040_irq+0x1c4>)
20000592:	ab02      	add	r3, sp, #8
20000594:	ca03      	ldmia	r2!, {r0, r1}
20000596:	c303      	stmia	r3!, {r0, r1}
20000598:	2101      	movs	r1, #1
2000059a:	0030      	movs	r0, r6
2000059c:	f000 f9be 	bl	2000091c <dcd_event_handler>
200005a0:	4b2e      	ldr	r3, [pc, #184]	; (2000065c <dcd_rp2040_irq+0x1bc>)
200005a2:	2280      	movs	r2, #128	; 0x80
200005a4:	0292      	lsls	r2, r2, #10
200005a6:	651a      	str	r2, [r3, #80]	; 0x50
200005a8:	04eb      	lsls	r3, r5, #19
200005aa:	d407      	bmi.n	200005bc <dcd_rp2040_irq+0x11c>
200005ac:	046b      	lsls	r3, r5, #17
200005ae:	d41e      	bmi.n	200005ee <dcd_rp2040_irq+0x14e>
200005b0:	042b      	lsls	r3, r5, #16
200005b2:	d42f      	bmi.n	20000614 <dcd_rp2040_irq+0x174>
200005b4:	42ac      	cmp	r4, r5
200005b6:	d141      	bne.n	2000063c <dcd_rp2040_irq+0x19c>
200005b8:	b005      	add	sp, #20
200005ba:	bdf0      	pop	{r4, r5, r6, r7, pc}
200005bc:	2380      	movs	r3, #128	; 0x80
200005be:	015b      	lsls	r3, r3, #5
200005c0:	431c      	orrs	r4, r3
200005c2:	4b21      	ldr	r3, [pc, #132]	; (20000648 <dcd_rp2040_irq+0x1a8>)
200005c4:	2200      	movs	r2, #0
200005c6:	601a      	str	r2, [r3, #0]
200005c8:	f7ff fef8 	bl	200003bc <reset_non_control_endpoints>
200005cc:	ae01      	add	r6, sp, #4
200005ce:	220c      	movs	r2, #12
200005d0:	2100      	movs	r1, #0
200005d2:	0030      	movs	r0, r6
200005d4:	f000 fab4 	bl	20000b40 <____wrap_memset_veneer>
200005d8:	2301      	movs	r3, #1
200005da:	7073      	strb	r3, [r6, #1]
200005dc:	2101      	movs	r1, #1
200005de:	0030      	movs	r0, r6
200005e0:	f000 f99c 	bl	2000091c <dcd_event_handler>
200005e4:	4b1d      	ldr	r3, [pc, #116]	; (2000065c <dcd_rp2040_irq+0x1bc>)
200005e6:	2280      	movs	r2, #128	; 0x80
200005e8:	0312      	lsls	r2, r2, #12
200005ea:	651a      	str	r2, [r3, #80]	; 0x50
200005ec:	e7de      	b.n	200005ac <dcd_rp2040_irq+0x10c>
200005ee:	2380      	movs	r3, #128	; 0x80
200005f0:	01db      	lsls	r3, r3, #7
200005f2:	431c      	orrs	r4, r3
200005f4:	ae01      	add	r6, sp, #4
200005f6:	220c      	movs	r2, #12
200005f8:	2100      	movs	r1, #0
200005fa:	0030      	movs	r0, r6
200005fc:	f000 faa0 	bl	20000b40 <____wrap_memset_veneer>
20000600:	2304      	movs	r3, #4
20000602:	7073      	strb	r3, [r6, #1]
20000604:	2101      	movs	r1, #1
20000606:	0030      	movs	r0, r6
20000608:	f000 f988 	bl	2000091c <dcd_event_handler>
2000060c:	4b13      	ldr	r3, [pc, #76]	; (2000065c <dcd_rp2040_irq+0x1bc>)
2000060e:	2210      	movs	r2, #16
20000610:	651a      	str	r2, [r3, #80]	; 0x50
20000612:	e7cd      	b.n	200005b0 <dcd_rp2040_irq+0x110>
20000614:	2380      	movs	r3, #128	; 0x80
20000616:	021b      	lsls	r3, r3, #8
20000618:	431c      	orrs	r4, r3
2000061a:	ae01      	add	r6, sp, #4
2000061c:	220c      	movs	r2, #12
2000061e:	2100      	movs	r1, #0
20000620:	0030      	movs	r0, r6
20000622:	f000 fa8d 	bl	20000b40 <____wrap_memset_veneer>
20000626:	2305      	movs	r3, #5
20000628:	7073      	strb	r3, [r6, #1]
2000062a:	2101      	movs	r1, #1
2000062c:	0030      	movs	r0, r6
2000062e:	f000 f975 	bl	2000091c <dcd_event_handler>
20000632:	4b0a      	ldr	r3, [pc, #40]	; (2000065c <dcd_rp2040_irq+0x1bc>)
20000634:	2280      	movs	r2, #128	; 0x80
20000636:	0112      	lsls	r2, r2, #4
20000638:	651a      	str	r2, [r3, #80]	; 0x50
2000063a:	e7bb      	b.n	200005b4 <dcd_rp2040_irq+0x114>
2000063c:	0021      	movs	r1, r4
2000063e:	4069      	eors	r1, r5
20000640:	4809      	ldr	r0, [pc, #36]	; (20000668 <dcd_rp2040_irq+0x1c8>)
20000642:	f000 faad 	bl	20000ba0 <__panic_veneer>
20000646:	46c0      	nop			; (mov r8, r8)
20000648:	50110000 	.word	0x50110000
2000064c:	40054000 	.word	0x40054000
20000650:	20001df8 	.word	0x20001df8
20000654:	20001e08 	.word	0x20001e08
20000658:	20002482 	.word	0x20002482
2000065c:	50113000 	.word	0x50113000
20000660:	ffff8000 	.word	0xffff8000
20000664:	50100000 	.word	0x50100000
20000668:	1000bbf4 	.word	0x1000bbf4

2000066c <e15_is_bulkin_ep>:
2000066c:	4b09      	ldr	r3, [pc, #36]	; (20000694 <e15_is_bulkin_ep+0x28>)
2000066e:	6c1b      	ldr	r3, [r3, #64]	; 0x40
20000670:	079b      	lsls	r3, r3, #30
20000672:	d40c      	bmi.n	2000068e <e15_is_bulkin_ep+0x22>
20000674:	7883      	ldrb	r3, [r0, #2]
20000676:	09db      	lsrs	r3, r3, #7
20000678:	2b01      	cmp	r3, #1
2000067a:	d001      	beq.n	20000680 <e15_is_bulkin_ep+0x14>
2000067c:	2000      	movs	r0, #0
2000067e:	e007      	b.n	20000690 <e15_is_bulkin_ep+0x24>
20000680:	7ec3      	ldrb	r3, [r0, #27]
20000682:	2b02      	cmp	r3, #2
20000684:	d001      	beq.n	2000068a <e15_is_bulkin_ep+0x1e>
20000686:	2000      	movs	r0, #0
20000688:	e002      	b.n	20000690 <e15_is_bulkin_ep+0x24>
2000068a:	2001      	movs	r0, #1
2000068c:	e000      	b.n	20000690 <e15_is_bulkin_ep+0x24>
2000068e:	2000      	movs	r0, #0
20000690:	4770      	bx	lr
20000692:	46c0      	nop			; (mov r8, r8)
20000694:	50110000 	.word	0x50110000

20000698 <e15_is_critical_frame_period>:
20000698:	b510      	push	{r4, lr}
2000069a:	f7ff ffe7 	bl	2000066c <e15_is_bulkin_ep>
2000069e:	2800      	cmp	r0, #0
200006a0:	d009      	beq.n	200006b6 <e15_is_critical_frame_period+0x1e>
200006a2:	4b06      	ldr	r3, [pc, #24]	; (200006bc <e15_is_critical_frame_period+0x24>)
200006a4:	6a9b      	ldr	r3, [r3, #40]	; 0x28
200006a6:	4a06      	ldr	r2, [pc, #24]	; (200006c0 <e15_is_critical_frame_period+0x28>)
200006a8:	6812      	ldr	r2, [r2, #0]
200006aa:	1a9b      	subs	r3, r3, r2
200006ac:	4a05      	ldr	r2, [pc, #20]	; (200006c4 <e15_is_critical_frame_period+0x2c>)
200006ae:	4694      	mov	ip, r2
200006b0:	4463      	add	r3, ip
200006b2:	2bc6      	cmp	r3, #198	; 0xc6
200006b4:	d800      	bhi.n	200006b8 <e15_is_critical_frame_period+0x20>
200006b6:	bd10      	pop	{r4, pc}
200006b8:	2000      	movs	r0, #0
200006ba:	e7fc      	b.n	200006b6 <e15_is_critical_frame_period+0x1e>
200006bc:	40054000 	.word	0x40054000
200006c0:	20001df8 	.word	0x20001df8
200006c4:	fffffce0 	.word	0xfffffce0

200006c8 <prepare_ep_buffer>:
200006c8:	b5f8      	push	{r3, r4, r5, r6, r7, lr}
200006ca:	0004      	movs	r4, r0
200006cc:	000f      	movs	r7, r1
200006ce:	8a83      	ldrh	r3, [r0, #20]
200006d0:	8b02      	ldrh	r2, [r0, #24]
200006d2:	1c1e      	adds	r6, r3, #0
200006d4:	4293      	cmp	r3, r2
200006d6:	d900      	bls.n	200006da <prepare_ep_buffer+0x12>
200006d8:	1c16      	adds	r6, r2, #0
200006da:	b2b6      	uxth	r6, r6
200006dc:	1b9b      	subs	r3, r3, r6
200006de:	82a3      	strh	r3, [r4, #20]
200006e0:	2580      	movs	r5, #128	; 0x80
200006e2:	00ed      	lsls	r5, r5, #3
200006e4:	4335      	orrs	r5, r6
200006e6:	78e3      	ldrb	r3, [r4, #3]
200006e8:	2b00      	cmp	r3, #0
200006ea:	d013      	beq.n	20000714 <prepare_ep_buffer+0x4c>
200006ec:	2280      	movs	r2, #128	; 0x80
200006ee:	0192      	lsls	r2, r2, #6
200006f0:	4315      	orrs	r5, r2
200006f2:	2201      	movs	r2, #1
200006f4:	4053      	eors	r3, r2
200006f6:	70e3      	strb	r3, [r4, #3]
200006f8:	7863      	ldrb	r3, [r4, #1]
200006fa:	2b00      	cmp	r3, #0
200006fc:	d00c      	beq.n	20000718 <prepare_ep_buffer+0x50>
200006fe:	8aa3      	ldrh	r3, [r4, #20]
20000700:	2b00      	cmp	r3, #0
20000702:	d102      	bne.n	2000070a <prepare_ep_buffer+0x42>
20000704:	2380      	movs	r3, #128	; 0x80
20000706:	01db      	lsls	r3, r3, #7
20000708:	431d      	orrs	r5, r3
2000070a:	2f00      	cmp	r7, #0
2000070c:	d000      	beq.n	20000710 <prepare_ep_buffer+0x48>
2000070e:	042d      	lsls	r5, r5, #16
20000710:	0028      	movs	r0, r5
20000712:	bdf8      	pop	{r3, r4, r5, r6, r7, pc}
20000714:	2200      	movs	r2, #0
20000716:	e7eb      	b.n	200006f0 <prepare_ep_buffer+0x28>
20000718:	01b8      	lsls	r0, r7, #6
2000071a:	68e3      	ldr	r3, [r4, #12]
2000071c:	469c      	mov	ip, r3
2000071e:	4460      	add	r0, ip
20000720:	0032      	movs	r2, r6
20000722:	6921      	ldr	r1, [r4, #16]
20000724:	f000 fa2c 	bl	20000b80 <____wrap_memcpy_veneer>
20000728:	6923      	ldr	r3, [r4, #16]
2000072a:	469c      	mov	ip, r3
2000072c:	4466      	add	r6, ip
2000072e:	6126      	str	r6, [r4, #16]
20000730:	2380      	movs	r3, #128	; 0x80
20000732:	021b      	lsls	r3, r3, #8
20000734:	431d      	orrs	r5, r3
20000736:	e7e2      	b.n	200006fe <prepare_ep_buffer+0x36>

20000738 <sync_ep_buffer>:
20000738:	b570      	push	{r4, r5, r6, lr}
2000073a:	0004      	movs	r4, r0
2000073c:	6883      	ldr	r3, [r0, #8]
2000073e:	681b      	ldr	r3, [r3, #0]
20000740:	2900      	cmp	r1, #0
20000742:	d000      	beq.n	20000746 <sync_ep_buffer+0xe>
20000744:	0c1b      	lsrs	r3, r3, #16
20000746:	059d      	lsls	r5, r3, #22
20000748:	0dad      	lsrs	r5, r5, #22
2000074a:	7862      	ldrb	r2, [r4, #1]
2000074c:	2a00      	cmp	r2, #0
2000074e:	d112      	bne.n	20000776 <sync_ep_buffer+0x3e>
20000750:	041b      	lsls	r3, r3, #16
20000752:	d409      	bmi.n	20000768 <sync_ep_buffer+0x30>
20000754:	8ae3      	ldrh	r3, [r4, #22]
20000756:	195b      	adds	r3, r3, r5
20000758:	82e3      	strh	r3, [r4, #22]
2000075a:	8b23      	ldrh	r3, [r4, #24]
2000075c:	42ab      	cmp	r3, r5
2000075e:	d901      	bls.n	20000764 <sync_ep_buffer+0x2c>
20000760:	2300      	movs	r3, #0
20000762:	82a3      	strh	r3, [r4, #20]
20000764:	0028      	movs	r0, r5
20000766:	bd70      	pop	{r4, r5, r6, pc}
20000768:	2181      	movs	r1, #129	; 0x81
2000076a:	4b0f      	ldr	r3, [pc, #60]	; (200007a8 <sync_ep_buffer+0x70>)
2000076c:	4a0f      	ldr	r2, [pc, #60]	; (200007ac <sync_ep_buffer+0x74>)
2000076e:	0049      	lsls	r1, r1, #1
20000770:	480f      	ldr	r0, [pc, #60]	; (200007b0 <sync_ep_buffer+0x78>)
20000772:	f000 f9fd 	bl	20000b70 <____assert_func_veneer>
20000776:	041b      	lsls	r3, r3, #16
20000778:	d50e      	bpl.n	20000798 <sync_ep_buffer+0x60>
2000077a:	0189      	lsls	r1, r1, #6
2000077c:	68e3      	ldr	r3, [r4, #12]
2000077e:	469c      	mov	ip, r3
20000780:	4461      	add	r1, ip
20000782:	002a      	movs	r2, r5
20000784:	6920      	ldr	r0, [r4, #16]
20000786:	f000 f9fb 	bl	20000b80 <____wrap_memcpy_veneer>
2000078a:	8ae3      	ldrh	r3, [r4, #22]
2000078c:	195b      	adds	r3, r3, r5
2000078e:	82e3      	strh	r3, [r4, #22]
20000790:	6923      	ldr	r3, [r4, #16]
20000792:	195b      	adds	r3, r3, r5
20000794:	6123      	str	r3, [r4, #16]
20000796:	e7e0      	b.n	2000075a <sync_ep_buffer+0x22>
20000798:	210a      	movs	r1, #10
2000079a:	4b06      	ldr	r3, [pc, #24]	; (200007b4 <sync_ep_buffer+0x7c>)
2000079c:	4a03      	ldr	r2, [pc, #12]	; (200007ac <sync_ep_buffer+0x74>)
2000079e:	31ff      	adds	r1, #255	; 0xff
200007a0:	4803      	ldr	r0, [pc, #12]	; (200007b0 <sync_ep_buffer+0x78>)
200007a2:	f000 f9e5 	bl	20000b70 <____assert_func_veneer>
200007a6:	46c0      	nop			; (mov r8, r8)
200007a8:	1000bc74 	.word	0x1000bc74
200007ac:	1000bd78 	.word	0x1000bd78
200007b0:	1000bc94 	.word	0x1000bc94
200007b4:	1000bd04 	.word	0x1000bd04

200007b8 <_hw_endpoint_xfer_sync>:
200007b8:	b510      	push	{r4, lr}
200007ba:	0004      	movs	r4, r0
200007bc:	6883      	ldr	r3, [r0, #8]
200007be:	681b      	ldr	r3, [r3, #0]
200007c0:	2100      	movs	r1, #0
200007c2:	f7ff ffb9 	bl	20000738 <sync_ep_buffer>
200007c6:	6863      	ldr	r3, [r4, #4]
200007c8:	681b      	ldr	r3, [r3, #0]
200007ca:	005b      	lsls	r3, r3, #1
200007cc:	d502      	bpl.n	200007d4 <_hw_endpoint_xfer_sync+0x1c>
200007ce:	8b23      	ldrh	r3, [r4, #24]
200007d0:	4283      	cmp	r3, r0
200007d2:	d000      	beq.n	200007d6 <_hw_endpoint_xfer_sync+0x1e>
200007d4:	bd10      	pop	{r4, pc}
200007d6:	2101      	movs	r1, #1
200007d8:	0020      	movs	r0, r4
200007da:	f7ff ffad 	bl	20000738 <sync_ep_buffer>
200007de:	e7f9      	b.n	200007d4 <_hw_endpoint_xfer_sync+0x1c>

200007e0 <hw_endpoint_reset_transfer>:
200007e0:	2300      	movs	r3, #0
200007e2:	7683      	strb	r3, [r0, #26]
200007e4:	8283      	strh	r3, [r0, #20]
200007e6:	82c3      	strh	r3, [r0, #22]
200007e8:	6103      	str	r3, [r0, #16]
200007ea:	4770      	bx	lr

200007ec <_hw_endpoint_buffer_control_update32>:
200007ec:	b510      	push	{r4, lr}
200007ee:	2900      	cmp	r1, #0
200007f0:	d002      	beq.n	200007f8 <_hw_endpoint_buffer_control_update32+0xc>
200007f2:	6883      	ldr	r3, [r0, #8]
200007f4:	681b      	ldr	r3, [r3, #0]
200007f6:	4019      	ands	r1, r3
200007f8:	2a00      	cmp	r2, #0
200007fa:	d00f      	beq.n	2000081c <_hw_endpoint_buffer_control_update32+0x30>
200007fc:	4311      	orrs	r1, r2
200007fe:	0553      	lsls	r3, r2, #21
20000800:	d50c      	bpl.n	2000081c <_hw_endpoint_buffer_control_update32+0x30>
20000802:	6882      	ldr	r2, [r0, #8]
20000804:	6813      	ldr	r3, [r2, #0]
20000806:	055b      	lsls	r3, r3, #21
20000808:	d40b      	bmi.n	20000822 <_hw_endpoint_buffer_control_update32+0x36>
2000080a:	4b0b      	ldr	r3, [pc, #44]	; (20000838 <_hw_endpoint_buffer_control_update32+0x4c>)
2000080c:	400b      	ands	r3, r1
2000080e:	6013      	str	r3, [r2, #0]
20000810:	e7ff      	b.n	20000812 <_hw_endpoint_buffer_control_update32+0x26>
20000812:	e7ff      	b.n	20000814 <_hw_endpoint_buffer_control_update32+0x28>
20000814:	e7ff      	b.n	20000816 <_hw_endpoint_buffer_control_update32+0x2a>
20000816:	e7ff      	b.n	20000818 <_hw_endpoint_buffer_control_update32+0x2c>
20000818:	e7ff      	b.n	2000081a <_hw_endpoint_buffer_control_update32+0x2e>
2000081a:	e7ff      	b.n	2000081c <_hw_endpoint_buffer_control_update32+0x30>
2000081c:	6883      	ldr	r3, [r0, #8]
2000081e:	6019      	str	r1, [r3, #0]
20000820:	bd10      	pop	{r4, pc}
20000822:	7883      	ldrb	r3, [r0, #2]
20000824:	217f      	movs	r1, #127	; 0x7f
20000826:	4019      	ands	r1, r3
20000828:	09db      	lsrs	r3, r3, #7
2000082a:	009b      	lsls	r3, r3, #2
2000082c:	4a03      	ldr	r2, [pc, #12]	; (2000083c <_hw_endpoint_buffer_control_update32+0x50>)
2000082e:	589a      	ldr	r2, [r3, r2]
20000830:	4803      	ldr	r0, [pc, #12]	; (20000840 <_hw_endpoint_buffer_control_update32+0x54>)
20000832:	f000 f9b5 	bl	20000ba0 <__panic_veneer>
20000836:	46c0      	nop			; (mov r8, r8)
20000838:	fffffbff 	.word	0xfffffbff
2000083c:	20000c98 	.word	0x20000c98
20000840:	1000bd24 	.word	0x1000bd24

20000844 <hw_endpoint_start_next_buffer>:
20000844:	b570      	push	{r4, r5, r6, lr}
20000846:	0004      	movs	r4, r0
20000848:	6843      	ldr	r3, [r0, #4]
2000084a:	681e      	ldr	r6, [r3, #0]
2000084c:	2100      	movs	r1, #0
2000084e:	f7ff ff3b 	bl	200006c8 <prepare_ep_buffer>
20000852:	2580      	movs	r5, #128	; 0x80
20000854:	016d      	lsls	r5, r5, #5
20000856:	4305      	orrs	r5, r0
20000858:	4b19      	ldr	r3, [pc, #100]	; (200008c0 <hw_endpoint_start_next_buffer+0x7c>)
2000085a:	6c1b      	ldr	r3, [r3, #64]	; 0x40
2000085c:	2202      	movs	r2, #2
2000085e:	0011      	movs	r1, r2
20000860:	4019      	ands	r1, r3
20000862:	421a      	tst	r2, r3
20000864:	d102      	bne.n	2000086c <hw_endpoint_start_next_buffer+0x28>
20000866:	78a3      	ldrb	r3, [r4, #2]
20000868:	09db      	lsrs	r3, r3, #7
2000086a:	d006      	beq.n	2000087a <hw_endpoint_start_next_buffer+0x36>
2000086c:	2900      	cmp	r1, #0
2000086e:	d006      	beq.n	2000087e <hw_endpoint_start_next_buffer+0x3a>
20000870:	78a3      	ldrb	r3, [r4, #2]
20000872:	065b      	lsls	r3, r3, #25
20000874:	d116      	bne.n	200008a4 <hw_endpoint_start_next_buffer+0x60>
20000876:	2300      	movs	r3, #0
20000878:	e002      	b.n	20000880 <hw_endpoint_start_next_buffer+0x3c>
2000087a:	2301      	movs	r3, #1
2000087c:	e000      	b.n	20000880 <hw_endpoint_start_next_buffer+0x3c>
2000087e:	2300      	movs	r3, #0
20000880:	8aa2      	ldrh	r2, [r4, #20]
20000882:	2a00      	cmp	r2, #0
20000884:	d001      	beq.n	2000088a <hw_endpoint_start_next_buffer+0x46>
20000886:	2b00      	cmp	r3, #0
20000888:	d00e      	beq.n	200008a8 <hw_endpoint_start_next_buffer+0x64>
2000088a:	4b0e      	ldr	r3, [pc, #56]	; (200008c4 <hw_endpoint_start_next_buffer+0x80>)
2000088c:	401e      	ands	r6, r3
2000088e:	2380      	movs	r3, #128	; 0x80
20000890:	059b      	lsls	r3, r3, #22
20000892:	4333      	orrs	r3, r6
20000894:	6862      	ldr	r2, [r4, #4]
20000896:	6013      	str	r3, [r2, #0]
20000898:	002a      	movs	r2, r5
2000089a:	2100      	movs	r1, #0
2000089c:	0020      	movs	r0, r4
2000089e:	f7ff ffa5 	bl	200007ec <_hw_endpoint_buffer_control_update32>
200008a2:	bd70      	pop	{r4, r5, r6, pc}
200008a4:	2301      	movs	r3, #1
200008a6:	e7eb      	b.n	20000880 <hw_endpoint_start_next_buffer+0x3c>
200008a8:	2101      	movs	r1, #1
200008aa:	0020      	movs	r0, r4
200008ac:	f7ff ff0c 	bl	200006c8 <prepare_ep_buffer>
200008b0:	4305      	orrs	r5, r0
200008b2:	4b05      	ldr	r3, [pc, #20]	; (200008c8 <hw_endpoint_start_next_buffer+0x84>)
200008b4:	401e      	ands	r6, r3
200008b6:	23a0      	movs	r3, #160	; 0xa0
200008b8:	05db      	lsls	r3, r3, #23
200008ba:	4333      	orrs	r3, r6
200008bc:	e7ea      	b.n	20000894 <hw_endpoint_start_next_buffer+0x50>
200008be:	46c0      	nop			; (mov r8, r8)
200008c0:	50110000 	.word	0x50110000
200008c4:	afffffff 	.word	0xafffffff
200008c8:	dfffffff 	.word	0xdfffffff

200008cc <hw_endpoint_xfer_continue>:
200008cc:	b570      	push	{r4, r5, r6, lr}
200008ce:	0004      	movs	r4, r0
200008d0:	7e85      	ldrb	r5, [r0, #26]
200008d2:	2d00      	cmp	r5, #0
200008d4:	d006      	beq.n	200008e4 <hw_endpoint_xfer_continue+0x18>
200008d6:	f7ff ff6f 	bl	200007b8 <_hw_endpoint_xfer_sync>
200008da:	8aa3      	ldrh	r3, [r4, #20]
200008dc:	2b00      	cmp	r3, #0
200008de:	d10b      	bne.n	200008f8 <hw_endpoint_xfer_continue+0x2c>
200008e0:	0028      	movs	r0, r5
200008e2:	bd70      	pop	{r4, r5, r6, pc}
200008e4:	7883      	ldrb	r3, [r0, #2]
200008e6:	217f      	movs	r1, #127	; 0x7f
200008e8:	4019      	ands	r1, r3
200008ea:	09db      	lsrs	r3, r3, #7
200008ec:	009b      	lsls	r3, r3, #2
200008ee:	4a09      	ldr	r2, [pc, #36]	; (20000914 <hw_endpoint_xfer_continue+0x48>)
200008f0:	589a      	ldr	r2, [r3, r2]
200008f2:	4809      	ldr	r0, [pc, #36]	; (20000918 <hw_endpoint_xfer_continue+0x4c>)
200008f4:	f000 f954 	bl	20000ba0 <__panic_veneer>
200008f8:	0020      	movs	r0, r4
200008fa:	f7ff fecd 	bl	20000698 <e15_is_critical_frame_period>
200008fe:	1e05      	subs	r5, r0, #0
20000900:	d003      	beq.n	2000090a <hw_endpoint_xfer_continue+0x3e>
20000902:	2301      	movs	r3, #1
20000904:	7723      	strb	r3, [r4, #28]
20000906:	2500      	movs	r5, #0
20000908:	e7ea      	b.n	200008e0 <hw_endpoint_xfer_continue+0x14>
2000090a:	0020      	movs	r0, r4
2000090c:	f7ff ff9a 	bl	20000844 <hw_endpoint_start_next_buffer>
20000910:	e7e6      	b.n	200008e0 <hw_endpoint_xfer_continue+0x14>
20000912:	46c0      	nop			; (mov r8, r8)
20000914:	20000c98 	.word	0x20000c98
20000918:	1000bd44 	.word	0x1000bd44

2000091c <dcd_event_handler>:
2000091c:	b530      	push	{r4, r5, lr}
2000091e:	b085      	sub	sp, #20
20000920:	0005      	movs	r5, r0
20000922:	7843      	ldrb	r3, [r0, #1]
20000924:	2b04      	cmp	r3, #4
20000926:	d100      	bne.n	2000092a <dcd_event_handler+0xe>
20000928:	e059      	b.n	200009de <dcd_event_handler+0xc2>
2000092a:	d806      	bhi.n	2000093a <dcd_event_handler+0x1e>
2000092c:	2b02      	cmp	r3, #2
2000092e:	d02b      	beq.n	20000988 <dcd_event_handler+0x6c>
20000930:	2b03      	cmp	r3, #3
20000932:	d000      	beq.n	20000936 <dcd_event_handler+0x1a>
20000934:	e0cb      	b.n	20000ace <dcd_event_handler+0x1b2>
20000936:	2400      	movs	r4, #0
20000938:	e083      	b.n	20000a42 <dcd_event_handler+0x126>
2000093a:	2b05      	cmp	r3, #5
2000093c:	d000      	beq.n	20000940 <dcd_event_handler+0x24>
2000093e:	e0c6      	b.n	20000ace <dcd_event_handler+0x1b2>
20000940:	4b70      	ldr	r3, [pc, #448]	; (20000b04 <dcd_event_handler+0x1e8>)
20000942:	781b      	ldrb	r3, [r3, #0]
20000944:	07db      	lsls	r3, r3, #31
20000946:	d548      	bpl.n	200009da <dcd_event_handler+0xbe>
20000948:	4a6e      	ldr	r2, [pc, #440]	; (20000b04 <dcd_event_handler+0x1e8>)
2000094a:	7813      	ldrb	r3, [r2, #0]
2000094c:	2104      	movs	r1, #4
2000094e:	438b      	bics	r3, r1
20000950:	7013      	strb	r3, [r2, #0]
20000952:	4b6d      	ldr	r3, [pc, #436]	; (20000b08 <dcd_event_handler+0x1ec>)
20000954:	681c      	ldr	r4, [r3, #0]
20000956:	0021      	movs	r1, r4
20000958:	3114      	adds	r1, #20
2000095a:	6962      	ldr	r2, [r4, #20]
2000095c:	f3ef 8010 	mrs	r0, PRIMASK
20000960:	b672      	cpsid	i
20000962:	6813      	ldr	r3, [r2, #0]
20000964:	2b00      	cmp	r3, #0
20000966:	d0fc      	beq.n	20000962 <dcd_event_handler+0x46>
20000968:	f3bf 8f5f 	dmb	sy
2000096c:	6048      	str	r0, [r1, #4]
2000096e:	0029      	movs	r1, r5
20000970:	0020      	movs	r0, r4
20000972:	f000 f8ed 	bl	20000b50 <__tu_fifo_write_veneer>
20000976:	6962      	ldr	r2, [r4, #20]
20000978:	69a3      	ldr	r3, [r4, #24]
2000097a:	f3bf 8f5f 	dmb	sy
2000097e:	2100      	movs	r1, #0
20000980:	6011      	str	r1, [r2, #0]
20000982:	f383 8810 	msr	PRIMASK, r3
20000986:	e028      	b.n	200009da <dcd_event_handler+0xbe>
20000988:	4b5e      	ldr	r3, [pc, #376]	; (20000b04 <dcd_event_handler+0x1e8>)
2000098a:	781a      	ldrb	r2, [r3, #0]
2000098c:	2101      	movs	r1, #1
2000098e:	438a      	bics	r2, r1
20000990:	701a      	strb	r2, [r3, #0]
20000992:	781a      	ldrb	r2, [r3, #0]
20000994:	3101      	adds	r1, #1
20000996:	438a      	bics	r2, r1
20000998:	701a      	strb	r2, [r3, #0]
2000099a:	2200      	movs	r2, #0
2000099c:	705a      	strb	r2, [r3, #1]
2000099e:	781a      	ldrb	r2, [r3, #0]
200009a0:	3102      	adds	r1, #2
200009a2:	438a      	bics	r2, r1
200009a4:	701a      	strb	r2, [r3, #0]
200009a6:	4b58      	ldr	r3, [pc, #352]	; (20000b08 <dcd_event_handler+0x1ec>)
200009a8:	681c      	ldr	r4, [r3, #0]
200009aa:	0021      	movs	r1, r4
200009ac:	3114      	adds	r1, #20
200009ae:	6962      	ldr	r2, [r4, #20]
200009b0:	f3ef 8010 	mrs	r0, PRIMASK
200009b4:	b672      	cpsid	i
200009b6:	6813      	ldr	r3, [r2, #0]
200009b8:	2b00      	cmp	r3, #0
200009ba:	d0fc      	beq.n	200009b6 <dcd_event_handler+0x9a>
200009bc:	f3bf 8f5f 	dmb	sy
200009c0:	6048      	str	r0, [r1, #4]
200009c2:	0029      	movs	r1, r5
200009c4:	0020      	movs	r0, r4
200009c6:	f000 f8c3 	bl	20000b50 <__tu_fifo_write_veneer>
200009ca:	6962      	ldr	r2, [r4, #20]
200009cc:	69a3      	ldr	r3, [r4, #24]
200009ce:	f3bf 8f5f 	dmb	sy
200009d2:	2100      	movs	r1, #0
200009d4:	6011      	str	r1, [r2, #0]
200009d6:	f383 8810 	msr	PRIMASK, r3
200009da:	b005      	add	sp, #20
200009dc:	bd30      	pop	{r4, r5, pc}
200009de:	4b49      	ldr	r3, [pc, #292]	; (20000b04 <dcd_event_handler+0x1e8>)
200009e0:	781b      	ldrb	r3, [r3, #0]
200009e2:	07db      	lsls	r3, r3, #31
200009e4:	d5f9      	bpl.n	200009da <dcd_event_handler+0xbe>
200009e6:	4a47      	ldr	r2, [pc, #284]	; (20000b04 <dcd_event_handler+0x1e8>)
200009e8:	7813      	ldrb	r3, [r2, #0]
200009ea:	2104      	movs	r1, #4
200009ec:	430b      	orrs	r3, r1
200009ee:	7013      	strb	r3, [r2, #0]
200009f0:	4b45      	ldr	r3, [pc, #276]	; (20000b08 <dcd_event_handler+0x1ec>)
200009f2:	681c      	ldr	r4, [r3, #0]
200009f4:	0021      	movs	r1, r4
200009f6:	3114      	adds	r1, #20
200009f8:	6962      	ldr	r2, [r4, #20]
200009fa:	f3ef 8010 	mrs	r0, PRIMASK
200009fe:	b672      	cpsid	i
20000a00:	6813      	ldr	r3, [r2, #0]
20000a02:	2b00      	cmp	r3, #0
20000a04:	d0fc      	beq.n	20000a00 <dcd_event_handler+0xe4>
20000a06:	f3bf 8f5f 	dmb	sy
20000a0a:	6048      	str	r0, [r1, #4]
20000a0c:	0029      	movs	r1, r5
20000a0e:	0020      	movs	r0, r4
20000a10:	f000 f89e 	bl	20000b50 <__tu_fifo_write_veneer>
20000a14:	6962      	ldr	r2, [r4, #20]
20000a16:	69a3      	ldr	r3, [r4, #24]
20000a18:	f3bf 8f5f 	dmb	sy
20000a1c:	2100      	movs	r1, #0
20000a1e:	6011      	str	r1, [r2, #0]
20000a20:	f383 8810 	msr	PRIMASK, r3
20000a24:	e7d9      	b.n	200009da <dcd_event_handler+0xbe>
20000a26:	0063      	lsls	r3, r4, #1
20000a28:	191b      	adds	r3, r3, r4
20000a2a:	00da      	lsls	r2, r3, #3
20000a2c:	4b37      	ldr	r3, [pc, #220]	; (20000b0c <dcd_event_handler+0x1f0>)
20000a2e:	681b      	ldr	r3, [r3, #0]
20000a30:	189b      	adds	r3, r3, r2
20000a32:	e018      	b.n	20000a66 <dcd_event_handler+0x14a>
20000a34:	0023      	movs	r3, r4
20000a36:	e00f      	b.n	20000a58 <dcd_event_handler+0x13c>
20000a38:	7828      	ldrb	r0, [r5, #0]
20000a3a:	6869      	ldr	r1, [r5, #4]
20000a3c:	4798      	blx	r3
20000a3e:	3401      	adds	r4, #1
20000a40:	b2e4      	uxtb	r4, r4
20000a42:	4b33      	ldr	r3, [pc, #204]	; (20000b10 <dcd_event_handler+0x1f4>)
20000a44:	781b      	ldrb	r3, [r3, #0]
20000a46:	42a3      	cmp	r3, r4
20000a48:	d313      	bcc.n	20000a72 <dcd_event_handler+0x156>
20000a4a:	4a32      	ldr	r2, [pc, #200]	; (20000b14 <dcd_event_handler+0x1f8>)
20000a4c:	2a00      	cmp	r2, #0
20000a4e:	d0f1      	beq.n	20000a34 <dcd_event_handler+0x118>
20000a50:	42a3      	cmp	r3, r4
20000a52:	d8e8      	bhi.n	20000a26 <dcd_event_handler+0x10a>
20000a54:	1ae3      	subs	r3, r4, r3
20000a56:	b2db      	uxtb	r3, r3
20000a58:	2b00      	cmp	r3, #0
20000a5a:	d1f0      	bne.n	20000a3e <dcd_event_handler+0x122>
20000a5c:	005a      	lsls	r2, r3, #1
20000a5e:	18d2      	adds	r2, r2, r3
20000a60:	00d2      	lsls	r2, r2, #3
20000a62:	4b2d      	ldr	r3, [pc, #180]	; (20000b18 <dcd_event_handler+0x1fc>)
20000a64:	189b      	adds	r3, r3, r2
20000a66:	2b00      	cmp	r3, #0
20000a68:	d0e9      	beq.n	20000a3e <dcd_event_handler+0x122>
20000a6a:	695b      	ldr	r3, [r3, #20]
20000a6c:	2b00      	cmp	r3, #0
20000a6e:	d1e3      	bne.n	20000a38 <dcd_event_handler+0x11c>
20000a70:	e7e5      	b.n	20000a3e <dcd_event_handler+0x122>
20000a72:	4b24      	ldr	r3, [pc, #144]	; (20000b04 <dcd_event_handler+0x1e8>)
20000a74:	781b      	ldrb	r3, [r3, #0]
20000a76:	075b      	lsls	r3, r3, #29
20000a78:	d5af      	bpl.n	200009da <dcd_event_handler+0xbe>
20000a7a:	4a22      	ldr	r2, [pc, #136]	; (20000b04 <dcd_event_handler+0x1e8>)
20000a7c:	7813      	ldrb	r3, [r2, #0]
20000a7e:	2104      	movs	r1, #4
20000a80:	438b      	bics	r3, r1
20000a82:	7013      	strb	r3, [r2, #0]
20000a84:	220c      	movs	r2, #12
20000a86:	2100      	movs	r1, #0
20000a88:	a801      	add	r0, sp, #4
20000a8a:	f000 f859 	bl	20000b40 <____wrap_memset_veneer>
20000a8e:	782b      	ldrb	r3, [r5, #0]
20000a90:	466a      	mov	r2, sp
20000a92:	7113      	strb	r3, [r2, #4]
20000a94:	2305      	movs	r3, #5
20000a96:	7153      	strb	r3, [r2, #5]
20000a98:	4b1b      	ldr	r3, [pc, #108]	; (20000b08 <dcd_event_handler+0x1ec>)
20000a9a:	681c      	ldr	r4, [r3, #0]
20000a9c:	0021      	movs	r1, r4
20000a9e:	3114      	adds	r1, #20
20000aa0:	6962      	ldr	r2, [r4, #20]
20000aa2:	f3ef 8010 	mrs	r0, PRIMASK
20000aa6:	b672      	cpsid	i
20000aa8:	6813      	ldr	r3, [r2, #0]
20000aaa:	2b00      	cmp	r3, #0
20000aac:	d0fc      	beq.n	20000aa8 <dcd_event_handler+0x18c>
20000aae:	f3bf 8f5f 	dmb	sy
20000ab2:	6048      	str	r0, [r1, #4]
20000ab4:	a901      	add	r1, sp, #4
20000ab6:	0020      	movs	r0, r4
20000ab8:	f000 f84a 	bl	20000b50 <__tu_fifo_write_veneer>
20000abc:	6962      	ldr	r2, [r4, #20]
20000abe:	69a3      	ldr	r3, [r4, #24]
20000ac0:	f3bf 8f5f 	dmb	sy
20000ac4:	2100      	movs	r1, #0
20000ac6:	6011      	str	r1, [r2, #0]
20000ac8:	f383 8810 	msr	PRIMASK, r3
20000acc:	e785      	b.n	200009da <dcd_event_handler+0xbe>
20000ace:	4b0e      	ldr	r3, [pc, #56]	; (20000b08 <dcd_event_handler+0x1ec>)
20000ad0:	681c      	ldr	r4, [r3, #0]
20000ad2:	0021      	movs	r1, r4
20000ad4:	3114      	adds	r1, #20
20000ad6:	6962      	ldr	r2, [r4, #20]
20000ad8:	f3ef 8010 	mrs	r0, PRIMASK
20000adc:	b672      	cpsid	i
20000ade:	6813      	ldr	r3, [r2, #0]
20000ae0:	2b00      	cmp	r3, #0
20000ae2:	d0fc      	beq.n	20000ade <dcd_event_handler+0x1c2>
20000ae4:	f3bf 8f5f 	dmb	sy
20000ae8:	6048      	str	r0, [r1, #4]
20000aea:	0029      	movs	r1, r5
20000aec:	0020      	movs	r0, r4
20000aee:	f000 f82f 	bl	20000b50 <__tu_fifo_write_veneer>
20000af2:	6962      	ldr	r2, [r4, #20]
20000af4:	69a3      	ldr	r3, [r4, #24]
20000af6:	f3bf 8f5f 	dmb	sy
20000afa:	2100      	movs	r1, #0
20000afc:	6011      	str	r1, [r2, #0]
20000afe:	f383 8810 	msr	PRIMASK, r3
20000b02:	e76a      	b.n	200009da <dcd_event_handler+0xbe>
20000b04:	20001b24 	.word	0x20001b24
20000b08:	20001b7c 	.word	0x20001b7c
20000b0c:	200017fc 	.word	0x200017fc
20000b10:	20002481 	.word	0x20002481
20000b14:	1000530d 	.word	0x1000530d
20000b18:	1000be14 	.word	0x1000be14

20000b1c <__aeabi_idiv0>:
20000b1c:	4770      	bx	lr
20000b1e:	46c0      	nop			; (mov r8, r8)

20000b20 <__hw_endpoint_get_by_addr_veneer>:
20000b20:	b401      	push	{r0}
20000b22:	4802      	ldr	r0, [pc, #8]	; (20000b2c <__hw_endpoint_get_by_addr_veneer+0xc>)
20000b24:	4684      	mov	ip, r0
20000b26:	bc01      	pop	{r0}
20000b28:	4760      	bx	ip
20000b2a:	bf00      	nop
20000b2c:	100058f1 	.word	0x100058f1

20000b30 <__time_us_64_veneer>:
20000b30:	b401      	push	{r0}
20000b32:	4802      	ldr	r0, [pc, #8]	; (20000b3c <__time_us_64_veneer+0xc>)
20000b34:	4684      	mov	ip, r0
20000b36:	bc01      	pop	{r0}
20000b38:	4760      	bx	ip
20000b3a:	bf00      	nop
20000b3c:	10001cad 	.word	0x10001cad

20000b40 <____wrap_memset_veneer>:
20000b40:	b401      	push	{r0}
20000b42:	4802      	ldr	r0, [pc, #8]	; (20000b4c <____wrap_memset_veneer+0xc>)
20000b44:	4684      	mov	ip, r0
20000b46:	bc01      	pop	{r0}
20000b48:	4760      	bx	ip
20000b4a:	bf00      	nop
20000b4c:	10004f75 	.word	0x10004f75

20000b50 <__tu_fifo_write_veneer>:
20000b50:	b401      	push	{r0}
20000b52:	4802      	ldr	r0, [pc, #8]	; (20000b5c <__tu_fifo_write_veneer+0xc>)
20000b54:	4684      	mov	ip, r0
20000b56:	bc01      	pop	{r0}
20000b58:	4760      	bx	ip
20000b5a:	bf00      	nop
20000b5c:	10007759 	.word	0x10007759

20000b60 <____wrap___aeabi_lmul_veneer>:
20000b60:	b401      	push	{r0}
20000b62:	4802      	ldr	r0, [pc, #8]	; (20000b6c <____wrap___aeabi_lmul_veneer+0xc>)
20000b64:	4684      	mov	ip, r0
20000b66:	bc01      	pop	{r0}
20000b68:	4760      	bx	ip
20000b6a:	bf00      	nop
20000b6c:	10004a95 	.word	0x10004a95

20000b70 <____assert_func_veneer>:
20000b70:	b401      	push	{r0}
20000b72:	4802      	ldr	r0, [pc, #8]	; (20000b7c <____assert_func_veneer+0xc>)
20000b74:	4684      	mov	ip, r0
20000b76:	bc01      	pop	{r0}
20000b78:	4760      	bx	ip
20000b7a:	bf00      	nop
20000b7c:	10002735 	.word	0x10002735

20000b80 <____wrap_memcpy_veneer>:
20000b80:	b401      	push	{r0}
20000b82:	4802      	ldr	r0, [pc, #8]	; (20000b8c <____wrap_memcpy_veneer+0xc>)
20000b84:	4684      	mov	ip, r0
20000b86:	bc01      	pop	{r0}
20000b88:	4760      	bx	ip
20000b8a:	bf00      	nop
20000b8c:	10004f81 	.word	0x10004f81

20000b90 <__best_effort_wfe_or_timeout_veneer>:
20000b90:	b401      	push	{r0}
20000b92:	4802      	ldr	r0, [pc, #8]	; (20000b9c <__best_effort_wfe_or_timeout_veneer+0xc>)
20000b94:	4684      	mov	ip, r0
20000b96:	bc01      	pop	{r0}
20000b98:	4760      	bx	ip
20000b9a:	bf00      	nop
20000b9c:	10001b59 	.word	0x10001b59

20000ba0 <__panic_veneer>:
20000ba0:	b401      	push	{r0}
20000ba2:	4802      	ldr	r0, [pc, #8]	; (20000bac <__panic_veneer+0xc>)
20000ba4:	4684      	mov	ip, r0
20000ba6:	bc01      	pop	{r0}
20000ba8:	4760      	bx	ip
20000baa:	bf00      	nop
20000bac:	10002869 	.word	0x10002869

20000bb0 <amplitude>:
20000bb0:	447a0000                                ..zD

20000bb4 <colPins>:
20000bb4:	00000016 0000001a 0000001b 0000001c     ................

20000bc4 <dc_offset>:
20000bc4:	43fa0000                                ...C

20000bc8 <frequency>:
20000bc8:	41200000                                .. A

20000bcc <keys>:
20000bcc:	41333231 42363534 43393837 4423302a     123A456B789C*0#D

20000bdc <rowPins>:
20000bdc:	00000012 00000013 00000014 00000015     ................

20000bec <striped_spin_lock_num>:
20000bec:	00000010                                ....

20000bf0 <irq_handler_chain_slots>:
20000bf0:	00000000 	.word	0x00000000
20000bf4:	00010000 	.word	0x00010000
	...
20000c00:	00020000 	.word	0x00020000
	...
20000c0c:	00030000 	.word	0x00030000
	...
20000c18:	00ff0000 	.word	0x00ff0000
20000c1c:	00000000 	.word	0x00000000

20000c20 <irq_handler_chain_first_slot>:
20000c20:	b501      	push	{r0, lr}
20000c22:	6848      	ldr	r0, [r1, #4]
20000c24:	3101      	adds	r1, #1
20000c26:	468e      	mov	lr, r1
20000c28:	4700      	bx	r0

20000c2a <irq_handler_chain_remove_tail>:
20000c2a:	4670      	mov	r0, lr
20000c2c:	3809      	subs	r0, #9
20000c2e:	4901      	ldr	r1, [pc, #4]	; (20000c34 <irq_handler_chain_remove_tail+0xa>)
20000c30:	4788      	blx	r1
20000c32:	bd01      	pop	{r0, pc}
20000c34:	10001065 	.word	0x10001065

20000c38 <default_alarm_pool>:
20000c38:	20000c50 00000000 20001690 20001d8c     P.. ....... ... 
	...

20000c50 <default_alarm_pool_heap>:
20000c50:	20001d9c 00000000 00000000 00000010     ... ............

20000c60 <aeabi_bits_funcs>:
20000c60:	00003350 	.word	0x00003350
20000c64:	0000334c 	.word	0x0000334c
20000c68:	00003354 	.word	0x00003354
20000c6c:	00003352 	.word	0x00003352

20000c70 <aeabi_bits_funcs_end>:
20000c70:	0000534d 	.word	0x0000534d
20000c74:	0000434d 	.word	0x0000434d
20000c78:	00003453 	.word	0x00003453
20000c7c:	00003443 	.word	0x00003443

20000c80 <stdio_usb>:
20000c80:	100056a9 00000000 100055e5 10005341     .V.......U..AS..
20000c90:	00000000 00000100                       ........

20000c98 <ep_dir_string>:
20000c98:	1000bd70 1000bd74                       p...t...

20000ca0 <_usbd_qdef>:
20000ca0:	20001b80 000c0010 00000000 00000000     ... ............
	...

20000cbc <_usbd_rhport>:
20000cbc:	000000ff                                ....

20000cc0 <_impure_ptr>:
20000cc0:	20000cc8 00000000                       ... ....

20000cc8 <impure_data>:
20000cc8:	00000000 20000fb4 2000101c 20001084     ....... ... ... 
	...
20000d70:	00000001 00000000 abcd330e e66d1234     .........3..4.m.
20000d80:	0005deec 0000000b 00000000 00000000     ................
	...

200010f0 <__malloc_av_>:
	...
200010f8:	200010f0 200010f0 200010f8 200010f8     ... ... ... ... 
20001108:	20001100 20001100 20001108 20001108     ... ... ... ... 
20001118:	20001110 20001110 20001118 20001118     ... ... ... ... 
20001128:	20001120 20001120 20001128 20001128      ..  .. (.. (.. 
20001138:	20001130 20001130 20001138 20001138     0.. 0.. 8.. 8.. 
20001148:	20001140 20001140 20001148 20001148     @.. @.. H.. H.. 
20001158:	20001150 20001150 20001158 20001158     P.. P.. X.. X.. 
20001168:	20001160 20001160 20001168 20001168     `.. `.. h.. h.. 
20001178:	20001170 20001170 20001178 20001178     p.. p.. x.. x.. 
20001188:	20001180 20001180 20001188 20001188     ... ... ... ... 
20001198:	20001190 20001190 20001198 20001198     ... ... ... ... 
200011a8:	200011a0 200011a0 200011a8 200011a8     ... ... ... ... 
200011b8:	200011b0 200011b0 200011b8 200011b8     ... ... ... ... 
200011c8:	200011c0 200011c0 200011c8 200011c8     ... ... ... ... 
200011d8:	200011d0 200011d0 200011d8 200011d8     ... ... ... ... 
200011e8:	200011e0 200011e0 200011e8 200011e8     ... ... ... ... 
200011f8:	200011f0 200011f0 200011f8 200011f8     ... ... ... ... 
20001208:	20001200 20001200 20001208 20001208     ... ... ... ... 
20001218:	20001210 20001210 20001218 20001218     ... ... ... ... 
20001228:	20001220 20001220 20001228 20001228      ..  .. (.. (.. 
20001238:	20001230 20001230 20001238 20001238     0.. 0.. 8.. 8.. 
20001248:	20001240 20001240 20001248 20001248     @.. @.. H.. H.. 
20001258:	20001250 20001250 20001258 20001258     P.. P.. X.. X.. 
20001268:	20001260 20001260 20001268 20001268     `.. `.. h.. h.. 
20001278:	20001270 20001270 20001278 20001278     p.. p.. x.. x.. 
20001288:	20001280 20001280 20001288 20001288     ... ... ... ... 
20001298:	20001290 20001290 20001298 20001298     ... ... ... ... 
200012a8:	200012a0 200012a0 200012a8 200012a8     ... ... ... ... 
200012b8:	200012b0 200012b0 200012b8 200012b8     ... ... ... ... 
200012c8:	200012c0 200012c0 200012c8 200012c8     ... ... ... ... 
200012d8:	200012d0 200012d0 200012d8 200012d8     ... ... ... ... 
200012e8:	200012e0 200012e0 200012e8 200012e8     ... ... ... ... 
200012f8:	200012f0 200012f0 200012f8 200012f8     ... ... ... ... 
20001308:	20001300 20001300 20001308 20001308     ... ... ... ... 
20001318:	20001310 20001310 20001318 20001318     ... ... ... ... 
20001328:	20001320 20001320 20001328 20001328      ..  .. (.. (.. 
20001338:	20001330 20001330 20001338 20001338     0.. 0.. 8.. 8.. 
20001348:	20001340 20001340 20001348 20001348     @.. @.. H.. H.. 
20001358:	20001350 20001350 20001358 20001358     P.. P.. X.. X.. 
20001368:	20001360 20001360 20001368 20001368     `.. `.. h.. h.. 
20001378:	20001370 20001370 20001378 20001378     p.. p.. x.. x.. 
20001388:	20001380 20001380 20001388 20001388     ... ... ... ... 
20001398:	20001390 20001390 20001398 20001398     ... ... ... ... 
200013a8:	200013a0 200013a0 200013a8 200013a8     ... ... ... ... 
200013b8:	200013b0 200013b0 200013b8 200013b8     ... ... ... ... 
200013c8:	200013c0 200013c0 200013c8 200013c8     ... ... ... ... 
200013d8:	200013d0 200013d0 200013d8 200013d8     ... ... ... ... 
200013e8:	200013e0 200013e0 200013e8 200013e8     ... ... ... ... 
200013f8:	200013f0 200013f0 200013f8 200013f8     ... ... ... ... 
20001408:	20001400 20001400 20001408 20001408     ... ... ... ... 
20001418:	20001410 20001410 20001418 20001418     ... ... ... ... 
20001428:	20001420 20001420 20001428 20001428      ..  .. (.. (.. 
20001438:	20001430 20001430 20001438 20001438     0.. 0.. 8.. 8.. 
20001448:	20001440 20001440 20001448 20001448     @.. @.. H.. H.. 
20001458:	20001450 20001450 20001458 20001458     P.. P.. X.. X.. 
20001468:	20001460 20001460 20001468 20001468     `.. `.. h.. h.. 
20001478:	20001470 20001470 20001478 20001478     p.. p.. x.. x.. 
20001488:	20001480 20001480 20001488 20001488     ... ... ... ... 
20001498:	20001490 20001490 20001498 20001498     ... ... ... ... 
200014a8:	200014a0 200014a0 200014a8 200014a8     ... ... ... ... 
200014b8:	200014b0 200014b0 200014b8 200014b8     ... ... ... ... 
200014c8:	200014c0 200014c0 200014c8 200014c8     ... ... ... ... 
200014d8:	200014d0 200014d0 200014d8 200014d8     ... ... ... ... 
200014e8:	200014e0 200014e0 200014e8 200014e8     ... ... ... ... 

200014f8 <__malloc_sbrk_base>:
200014f8:	ffffffff                                ....

200014fc <__malloc_trim_threshold>:
200014fc:	00020000                                ....

20001500 <numempty>:
20001500:	000000ff                                ....

20001504 <__global_locale>:
20001504:	00000043 00000000 00000000 00000000     C...............
	...
20001524:	00000043 00000000 00000000 00000000     C...............
	...
20001544:	00000043 00000000 00000000 00000000     C...............
	...
20001564:	00000043 00000000 00000000 00000000     C...............
	...
20001584:	00000043 00000000 00000000 00000000     C...............
	...
200015a4:	00000043 00000000 00000000 00000000     C...............
	...
200015c4:	00000043 00000000 00000000 00000000     C...............
	...
200015e4:	1000a595 10009a19 00000000 1000be2c     ............,...
200015f4:	1000a6b0 1000a7b0 1000a7b0 1000a7b0     ................
20001604:	1000a7b0 1000a7b0 1000a7b0 1000a7b0     ................
20001614:	1000a7b0 1000a7b0 ffffffff ffffffff     ................
20001624:	ffffffff 0000ffff 53410001 00494943     ..........ASCII.
	...
2000164c:	53410000 00494943 00000000 00000000     ..ASCII.........
	...

20001670 <print_mutex>:
	...

20001678 <__mutex_array_end>:
20001678:	10004f65 	.word	0x10004f65
2000167c:	100039d9 	.word	0x100039d9
20001680:	10004189 	.word	0x10004189
20001684:	10004c5d 	.word	0x10004c5d

20001688 <__frame_dummy_init_array_entry>:
20001688:	100002e5 10005839                       ....9X..
