:020000041000EA
:1000000000B5324B212058609868022188439860DF
:10001000D860186158612E4B002199600221596106
:100020000121F02299502B49196001219960352056
:1000300000F044F80222904214D00621196600F024
:1000400034F8196E01211966002018661A6600F04E
:100050002CF8196E196E196E052000F02FF8012189
:100060000842F9D1002199601B49196000215960AB
:100070001A491B48016001219960EB211966A021F2
:10008000196600F012F800219960164914480160C1
:100090000121996001BC002800D000471248134993
:1000A000086003C880F30888084703B5996A0420EC
:1000B0000142FBD001200142F8D103BD02B5186610
:1000C0001866FFF7F2FF186E186E02BD00000240BE
:1000D000000000180000070000035F00212200005C
:1000E000F4000018222000A00001001008ED00E03C
:1000F00000000000000000000000000074B24E7A12
:1001000000200420F7010010C3010010C5010010F9
:10011000C1010010C1010010C1010010C101001097
:10012000C1010010C1010010C1010010C701001081
:10013000C1010010C1010010C9010010CB01001065
:10014000CD010010CD010010CD010010CD01001037
:10015000CD010010CD010010CD010010CD01001027
:10016000CD010010CD010010CD010010CD01001017
:10017000CD010010CD010010CD010010CD01001007
:10018000CD010010CD010010CD010010CD010010F7
:10019000CD010010CD010010CD010010CD010010E7
:1001A000CD010010CD010010CD010010CD010010D7
:1001B000CD010010CD010010CD010010CD010010C7
:1001C00000BE00BE00BE00BE00BE00BEEFF3058054
:1001D000103800BEF2EB887138C6001058C6001007
:1001E0003402001090A31AE700201F49086006C8D7
:1001F00081F3088810471D48006800282FD10DA4FE
:100200000ECC002902D000F012F8F9E71849194A7B
:10021000002000E001C19142FCD1174988471749ED
:1002200088471749884700BEFDE701C901C29A42C5
:10023000FBD3704758C60010C00000207017002084
:1002400008DD0010000004200000042008DD00107C
:10025000001004200010042000000000704709482E
:1002600003F0B8FC0047000008ED00E0000000D0FB
:1002700070170020342500205D2900107906001039
:10028000192900105756000006005250ABB36053B6
:10029000D8B9001006005250861C0302E8B90010BD
:1002A000060052505422A29DF0B900100500525091
:1002B000DE65F46808DD0010F8B5C04610B5064CE0
:1002C0002378002B07D1054B002B02D0044800E017
:1002D00000BF0123237010BD78180020000000002B
:1002E00010A80010044B10B5002B03D0034904489C
:1002F00000E000BF10BDC046000000007C180020D8
:1003000010A8001070B500240BE00E4DA600705927
:1003100000F082FB725901239340D02212065362EF
:100320000134072CF1DD102000F076FBD0231B06F2
:10033000802252029A6200220121102000F052FB1A
:1003400070BDC0467C0C002010B5002303E0D02215
:10035000120694610133072B0DDC9A0006495258AE
:1003600001210C00944002001A411142EFD0D0222A
:1003700012065461EEE710BD7C0C002010B50F4949
:100380000A780132032313400B70022B12D007D8D6
:10039000002B0BD0012B0CD1094804F0C7FF08E05B
:1003A000032B06D1074804F0C1FF02E0064804F021
:1003B000BDFF10BD054804F0B9FFFAE72D25002068
:1003C00030A8001080A8001010A8001054A8001039
:1003D00010B504F0E7FFFFF795FF10BDF8B5002456
:1003E0000FE0274DA600705900F016FB705901234D
:1003F0008340D022120693620022012100F0F2FA1B
:100400000134032CEDD90025002626E00134032C0D
:1004100019D8A3001A4A9A58D0231B065B68D34008
:10042000DB07F3D4AA00174B9B181E5D322001F0A6
:100430006BFCA300124A9A58D0231B065B68D3407A
:10044000DB07F6D5E2E7AA000F4BD2580123934011
:10045000D0221206536193620135032D0DD80A4C48
:10046000AF00385900F0D8FA3A5901239340D0220E
:100470001206536293610024C9E73000F8BDC046FC
:100480006C0C0020A40C0020B40C002070B586B0C9
:100490000022204B0092019300221F4B1F4804F0C2
:1004A00075FF002302930C22002103A804F002FE32
:1004B0000025002402E0C82001F026FC442C0ED0C8
:1004C000FFF78CFF04000300303BDBB2092BF2D8AE
:1004D0006E1C02AB585504F0F5FE3500EBE702A8A0
:1004E00000234355002108F081FD0D490AF050F921
:1004F0000C490AF085F90C4C20600C4804F016FFFA
:10050000206804F0FBFB02000B00094804F03EFFEA
:1005100006B070BD0088A34000005940A8A8001094
:100520000000C84200401C45680C0020D0A8001004
:10053000D4A8001070B584B01F4A01211F4804F0F0
:1005400025FF002300930C22002101A804F0B2FD36
:100550000025002402E0C82001F0D6FB442C0ED078
:10056000FFF73CFF04000300303BDBB2092BF2D85D
:100570006E1C6B46585504F0A5FE3500EBE70023D2
:100580006A4653550021684608F030FDFE21890572
:100590000AF0FEF80A490AF033F90A4C20600A48CA
:1005A00004F0C4FE206804F0A9FB02000B00074819
:1005B00004F0ECFE04B070BD001BB700F8A80010FA
:1005C000001B374BA00C002020A9001024A900100C
:1005D00070B586B00022204B0092019300221F4B81
:1005E0001F4804F0D3FE002302930C22002103A82D
:1005F00004F060FD0025002402E0C82001F084FB27
:10060000442C0ED0FFF7EAFE04000300303BDBB2BF
:10061000092BF2D86E1C02AB585504F053FE35007E
:10062000EBE702A800234355002108F0DFFC0D4949
:100630000AF0AEF80C490AF0E3F80C4C20600C48C4
:1006400004F074FE206804F059FB02000B00094816
:1006500004F09CFE06B070BD008893400000494045
:1006600048A900100000484200409C449C0C002017
:10067000D0A8001078A90010F0B5D6464F464646DF
:10068000C0B5FFF7A5FEFFF7A9FE41280BD0422811
:100690000CD043280DD0D0231B065B68DB030BD5A1
:1006A00000239846C9E0FFF7F1FEF4E7FFF742FFA9
:1006B000F1E7FFF78DFFEEE7322001F025FBD023B5
:1006C0001B065B68DB03EBD4FFF758FEFA20400003
:1006D00001F01AFBE4E7032B00D094E004F000FBE8
:1006E000A74B196804F06BFAA64904F052FA061CED
:1006F00004F004FB04000D00FC218905301C04F00B
:1007000043FA04F0FBFA03F099FE02000B0020000C
:10071000290003F0EEFC02000B0003F0F3FC03F0F1
:100720001DFE40004008011C04F02EFAFE21890540
:1007300004F025FA04F0E2FA04000D00924B186868
:1007400004F0DCFA914A924B03F003FD0022914B36
:1007500003F0FFFC02000B002000290003F0F9FC6D
:1007600004000D008C4B186804F0C8FA874A884BC7
:1007700003F0EFFC02000B002000290003F0C2FC94
:1007800003F0ECFD041C3EE07F4B186804F0B6FA61
:100790007E4A7F4B03F0DDFC04000D00784B1868A7
:1007A00004F0ACFA7D4A7E4B03F0D3FC06000F0048
:1007B0005046494603F09AFD32003B0003F0C9FC65
:1007C0000022784B03F0A7FC03F0C8FD04F0A0FA68
:1007D00004F094FA02000B002000290003F0B9FC99
:1007E00004000D006C4B186804F088FA674A684BE7
:1007F00003F0AFFC02000B002000290003F082FC94
:1008000003F0ACFD041CFE218905201C04F0BCF99A
:10081000654904F0D4F9002109F0BAFF634909F0F1
:10082000EFFF04F04BFAC0B2FFF78EFD012000216C
:1008300001F03EFA01239C46E0444346FF2B00D9D9
:1008400021E701F015FB82468946594B1B78022BA4
:100850005CD000D93FE7002B96D0012BD3D1484B79
:10086000186804F04BFA4D4A4D4B03F072FC04003B
:100870000D005046494603F039FD22002B0003F0DD
:1008800068FC0022474B03F046FC03F067FD04F0D0
:100890003FFA002104F0D2F900281BD03A4B186827
:1008A00004F02CFA394A3A4B03F053FC04000D00D3
:1008B000394B186804F022FA344A354B03F049FCEE
:1008C00002000B002000290003F01CFC03F046FD91
:1008D000041C98E7304B186804F010FA2B4A2C4B94
:1008E00003F037FC04000D00274B186804F006FAEB
:1008F000264A274B03F02DFC02000B0020002900A4
:1009000003F0F7FB03F02AFD041C7CE704F0E8F990
:100910001B4B196804F053F9FE24A405194904F08F
:1009200038F9211C04F0C6FA011C04F02DF9211C31
:1009300004F025F904F0E2F904000D00124B1868E8
:1009400004F0DCF9114A124B03F003FC02000B0027
:100950002000290003F0FDFB04000D000E4B186879
:1009600004F0CCF9094A0A4B03F0F3FB02000B0038
:100970002000290003F0C6FB03F0F0FC041C42E752
:10098000A00C002000247449680C0020FCA9F1D2BE
:100990004D62503F0000E03F9C0C0020182D445455
:1009A000FB21194080842E410000FF4200007F435C
:1009B0002D25002010B58300084A944663441C6826
:1009C00040226240C02414408022520113431C6024
:1009D000C000034B9C466044416010BD04C0014010
:1009E0000040014080000B4B9C46604400290DD024
:1009F0000823002A0CD004221343026853400C221F
:100A00001340802252011043036070470023F0E737
:100A10000022F1E704C0014010B501238340D02239
:100A20001206936293610521FFF7C4FF10BD000019
:100A3000034B1B6802201840431E9841C0B2704708
:100A400000C00640EFF3108072B6034B1B68002B0A
:100A5000FBD0BFF35F8F70472C0100D0BFF35F8FD7
:100A6000024B00221A6080F3108870472C0100D0DE
:100A7000F8B506000C001500FFF7E4FFE308F718CF
:100A8000F15C07222240012393400B4205D1DBB2E7
:100A90000B433B70FFF7E2FFF8BD2100280001F097
:100AA000D9FFF0B583B00600019114001F00FFF7D5
:100AB000C9FF00E00134BC420CD8E308F518F35C30
:100AC0000721214001228A401A42F3D1D2B21A43AF
:100AD0002A7001E001246442FFF7C0FF002C02DB12
:100AE000200003B0F0BD019B002BF9D0089801F065
:100AF000B1FF0000002307E0054A9A189200BFF3F7
:100B00005F8F0021116001331F2BF5D97047C0465C
:100B100040000034054A1078431CDBB21370172BD9
:100B200002D9130010221A707047C046C40C00206E
:100B300000B583B00100044B00931F231822034823
:100B4000FFF7AFFF03B000BDA4A90010281E0020CE
:100B5000074B9B68103080001950BFF35F8FBFF3C5
:100B60005F8F044B0021196082F310887047C046E4
:100B700000ED00E0240100D010B5091A081F0A4B4F
:100B80009C466144094A914208D8C30706D44010E4
:100B90004005400D064B184380B210BD054B064A78
:100BA000A321064801F0BCFEFC070000FE0F000078
:100BB00000E0FFFFC0A900104CAC0010F0A900102D
:100BC00010B5091A04394C08090B08D14905490D1B
:100BD000064A11430180064B2343438010BD054B59
:100BE000054AAB21054801F09BFEC04600F0FFFF1F
:100BF00000F8FFFF4CAA001020AC0010F0A9001074
:100C000001238340034A10681840431E9841C0B234
:100C10007047C04600E100E0002904D0034B186093
:100C2000034B18607047034B1860FBE780E200E05D
:100C300000E100E080E100E010B5012383401800EE
:100C4000FFF7EAFF10BD000001238340014A136053
:100C50007047C04600E200E0024B9B681030800005
:100C6000C058704700ED00E010B5FFF7F5FF002811
:100C700005D0054BC01A2F2803D8012010BD002035
:100C8000FCE70020FAE7C046C80C002070B504005D
:100C90000D00EFF3108672B60C4B1B68002BFBD0D7
:100CA000BFF35F8F2000FFF7D7FF094B984201D0B9
:100CB000A84205D1320029002000FFF749FF70BD8E
:100CC000044B054A8621054801F02AFE240100D084
:100CD000CD0100105CAA001080AC0010F0A900103B
:100CE000F0B5DE4657464E464546E0B589B08146EA
:100CF00001911500EFF3108A72B6744B1B68002B3C
:100D0000FBD0BFF35F8F724B0027DF57002F40DB14
:100D10007C00E419A4006F4824180622A2566C4BEC
:100D20001A706D4B9A684B4610339B00D358984607
:100D30001E001B1A2F2B38D9684B98452FD105AEB2
:100D4000674B33807B009B46D8198000614B9846E7
:100D5000404402306349FFF70FFF7080624BB3805D
:100D6000FF23B371F571019B07935F44BF004744B4
:100D70000ECE0EC701231C43A046524641464846AC
:100D8000FFF7E6FE09B0F0BCBB46B246A946A04656
:100D9000F0BD564B564AD721564801F0C1FD564B7F
:100DA000534ADE21534801F0BBFDC04340440C21AF
:100DB00002F064FF002912D101239E43B3463300A1
:100DC0000026DA79AA4211D90621595600290CDBEE
:100DD0004A00521892001E003E4B9B18F1E7474B09
:100DE000434AEA21434801F09BFD1E00002E3AD001
:100DF00005AB434A1A80813A5A800623F356029380
:100E0000002B17DA3F4805AB9B469880029A9A71EF
:100E1000DD71019A0792301D2100FFF7ADFEB08011
:100E2000B7717B00DB199B002A4FFF185B4607CB8D
:100E300007C7A2E77800C0198000264BC01804300D
:100E4000321DB388D90A1C2907D15B055915023117
:100E500049005118FFF790FED5E72B4B2B4AB121E3
:100E6000244801F05DFD05AE1D4B33807B000293ED
:100E7000D8198000174A9046020042440392901C01
:100E80001849FFF779FE7080039A101D5946FFF745
:100E900073FEB0801E4B5A464146521A524153438C
:100EA0001B0DB371F571019A0792029B9C46674432
:100EB000BF0047440ECE0EC7114B5A461380813BEC
:100EC000538001231C43A04657E7C046240100D0AD
:100ED0002E250020C80C002000ED00E0CD01001000
:100EE00000A1FFFFF80C002001BDFFFF94AA001035
:100EF00068AC0010F0A90010BCAA0010E4AA001011
:100F00000148000001BD000058AB001058AC0010B3
:100F1000AAAA0000F0B5CE46474680B583B00600C9
:100F20000D00EFF3108872B6564B1B68002BFBD0F8
:100F3000BFF35F8F544B9A6834001034A300D75826
:100F4000524B9F4207D0AF4200D198E00197504BDF
:100F5000FB1A2F2B09D9424639003000FFF7F8FD64
:100F600003B0C0BCB946B046F0BD3000FFF748FE44
:100F7000814600213000FFF75FFEBFF35F8FEFF384
:100F80000581002901D08C4211D10123019C9C4391
:100F90000022A368AB4212D00622A256002A0DDB23
:100FA00053009B189B002200394CE418F1E73621CE
:100FB000384B394AFF31394801F0B2FC2200AB42CC
:100FC00056D106256557002D38DB6B005B199A005A
:100FD0002F4B9B189A68A260DA79E27106229A5622
:100FE000A2719B795BB2002B0FDA2D48A0806B00B9
:100FF0005B199B00264AD3182A4A117899711570FB
:1010000049463000FFF718FEA5E7201D6B005B196D
:101010009B001F4A9B181A1D9B88D90A1C2907D1BF
:101020005B055B15023359005118FFF7A5FDDDE79D
:101030001D4B1E4AB121194801F072FC002912D142
:10104000002A0ED0FF239371194B9380154A137811
:10105000A371184B0E49641A644163431B0D13704E
:10106000CEE70A4FF2E7201D1349FFF7A9FDC7E7B6
:101070006A21124B084AFF31084801F051FC034F26
:1010800069E7C046240100D000ED00E0CD0100106A
:10109000C80C002070AB001038AC0010F0A9001094
:1010A00001BD00002E25002058AB001058AC0010E8
:1010B00001BDFFFFAAAA0000020D0020A4AB001092
:1010C00070B5012101432E4BCB1A2F2B28D8EFF3FB
:1010D0000583002B2BD0EFF3108C72B6294A1268CF
:1010E000002AFBD0BFF35F8F274A0400244D641B06
:1010F00064416243120D54B2244A92689B00D25854
:101100008A421BD00022032A32D853009B189B002E
:101110001B49CB189B795BB2A3421FD00132F2E787
:10112000C7211B4B1B4A49001B4801F0F9FB9221C8
:101130001A4B184AFF31184801F0F2FB134A926823
:101140001749D150174B1A7882711C70BFF35F8F0B
:101150000C4B00221A608CF3108870BD0D005300F8
:10116000991889006918FF268E710F4A8A80E9E76D
:10117000D1210E4B074A4900074801F0D1FBC04678
:10118000C80C0020240100D0AAAA000000ED00E055
:10119000ACAB001004AC0010F0A90010D4AB0010F0
:1011A000CD0100102E25002001BDFFFFE0AB001097
:1011B0000022044B02E0044902C30132072AFAD993
:1011C0007047C04600E400E08080808000B583B0B6
:1011D0000100064B0093052300220548FFF761FC40
:1011E000002801DB1F23181A03B000BDE8AB001074
:1011F00033250020024B9C46614489000160704702
:101200004000003410B50400FFF784FC010020000A
:10121000FFF7F0FFFF232371BFF35F8F10BD10B501
:101220000400FFF777FC01002000FFF7E3FFFF2336
:10123000237100236371BFF35F8F10BD034B9C4686
:10124000614489000160BFF35F8F70474000003444
:1012500010B504000120FFF76BFC01002000FFF730
:10126000EDFF10BD70B505000C00080000F0DCFEBD
:101270000949200000F01CFEFFF74CFC074B9C4680
:101280006044800068602C75D0231B061B786B754A
:10129000A400034BE55070BDA915001040000034B8
:1012A000E02200200A4B1A68EFF3108172B613682F
:1012B000002BFCD0BFF35F8F054B1B68BFF35F8F24
:1012C00000221A6081F3108840BF0020002170477F
:1012D000FC24002010B5002922D003681B7B994212
:1012E0001ED8174B9C466144090183689C466144A3
:1012F0000C684968002A19D003681B7B9A4215D8EC
:1013000083680F488446624412019A181068536833
:10131000020001208B4201D80ED00020C0B210BDC7
:10132000084B094A3C21094801F0FAFA054B064AE4
:101330003C21064801F0F4FAA242EFD8EDE7C0469E
:10134000FFFFFF0F68AE0010E8B0001014AE0010F1
:1013500010B500291ED0037B99421BD84B005B18A7
:10136000033B0468A4466344002919D0002A1DD019
:10137000914221D0002A25D0047BA24222D80468C1
:1013800050008018033820188170197800291FD167
:101390001A7010BD104B114A6821114801F0C0FAB3
:1013A000104B114A6F310E4801F0BAFA0F4B0E4A3A
:1013B00070210B4801F0B4FA0D4B0B4A712108481B
:1013C00001F0AEFA044B054A6821054801F0A8FA7D
:1013D00041701A70DDE7C0468CAE001054B10010A9
:1013E000A8AE001010AF001030B100101CAF0010FC
:1013F00028AF001070B506000D001400002914D0AD
:10140000002A14D0806873689847002806D022000C
:1014100029003000FFF79CFF280007E02A00210088
:101420003000FFF795FF200000E0100070BD0800BD
:10143000FCE70000F0B583B00500009201930AAB11
:101440001C780BAB1F78002C26D003685A7B944283
:1014500007D10123002B19D1002C3BD1200003B070
:10146000F0BD002C0CD01A7B944209D81A68630096
:101470001B19033BD3189B78002BEBD00123E9E722
:101480003E4B3F4A68213F4801F04AFA3E4B3F4AF3
:1014900067213F4801F044FA03689C7B002CDBD0B5
:1014A00012D01A7B94420FD862001219033A1968BD
:1014B0008C46624451789973002900D1D973002376
:1014C000937053701370C7E72C4B2D4A68212D4839
:1014D00001F026FA002C3AD02B681B7B9C4236D8B0
:1014E0002C4BE3181B01AA6894466344009A1A60C7
:1014F000019A5A60089A9A60099ADA602E68002C5C
:101500002BD030D0337B9C422DD863001B19033B7A
:1015100032689446634400229A705A701A70717B44
:1015200022003000FFF766FF7073844200D095E719
:10153000287D009A019B00F003FD061E01D0002FBC
:1015400017D00C9B002B00D188E71E7086E7124B4A
:10155000124A3C210E4801F0E3F9114B114AA52132
:10156000084801F0DDF9054B054A6821054801F0FE
:10157000D7F92868210000F01BFFE2E78CAE0010CD
:1015800054B10010A8AE001040AF001060B10010C0
:1015900014AE0010FFFFFF0F68AE0010E8B000109F
:1015A00010AE001044B10010F0B5DE4657464E466E
:1015B0004546E0B58BB00990002308938200B54BF7
:1015C000D658370052E0B44BB44A3F21B44801F03A
:1015D000A7F9B44BB44A3C21B44801F0A1F9002961
:1015E00001D1002869D10021404600F0D7FEA04279
:1015F00019D12A686B6806920793AB689846EB6826
:101600009A464346002B14D0002C18D03B681B7B15
:101610009C4214D8631EFA68D35C08931B021843DB
:101620003861002015E0A24BA24A8E219F4801F0AC
:1016300077F9A14B9F4A92219C4801F071F9994B8F
:101640009E4A4121994801F06BF900239A46984639
:1016500000207B68BFF35F8F00221A6086F310883A
:101660004346002B32D1002800D10CE100F000FCF1
:1016700002000B1EA7DB002000210690079178686E
:10168000EFF3108672B601680029FCD0BFF35F8FBC
:10169000396888464C7B002CD7D09AD0097B8C4285
:1016A00097D8874965182D01B9688C466544286824
:1016B0006968801A9941002991DD2A686B68099848
:1016C00000F03EFC00239A469846C2E7089B1B02A6
:1016D0002343994651461800C04705000E007A681A
:1016E000EFF3108B72B6136859424B41D9B2002BFD
:1016F000F9D1BFF35F8F002E1EDB002E46DD3B6964
:10170000002B47D04B456DD100F0B2FB02000B1E01
:101710006EDB52197341002B70DB002B72DB002152
:101720000491013103910294514601914146009187
:101730003800FFF77FFE4CE03B69002BDDD04B45C6
:1017400014D1069A079B521BB341002B14DB002BCC
:1017500016DB00210491013103910294514601915D
:10176000414600913800FFF765FE32E0554B514A83
:10177000A1214E4801F0D4F801225242524BE6E733
:10178000454B464A3F21464801F0CAF8002E01D198
:10179000002DB4D13B68002C50D05A7B944237D1F5
:1017A000012100294AD1DA7B002A4DD19A7B002AF7
:1017B00003D1DA7B002A5AD19C73DC73002C5CD0F5
:1017C0003B681B7B9C4258D8FA68013C135D01338F
:1017D000135500233B617A68BFF35F8F13608BF36F
:1017E000108843E7374B334AA421304801F098F87A
:1017F000294B2A4A3F212A4801F092F801225242FD
:10180000314B8AE7244B254A3F21254801F088F8CF
:10181000002C0DD01A7B94420AD862001219033AA8
:101820001868844662449278002ABAD00121B8E749
:10183000264B274A6821274801F072F8264B274A91
:10184000F621244801F06CF8002A0AD0197B8A425C
:1018500007D851008A18033A19688C4662445470BC
:10186000A4E71A4B1A4A68211A4801F059F81C4B90
:101870001A4AFB21174801F053F80A4B0F4A41213D
:101880000A4801F04DF80BB0F0BCBB46B246A94681
:10189000A046F0BDE02200200CAD0010B4B0001056
:1018A00028AD001068AE0010E8B0001014AE0010B3
:1018B00068AF0010CCB0001080AF00100CB1001069
:1018C000FFFFFF0F8CAF0010FFFFFF7F8CAE0010FB
:1018D00054B10010A8AE0010C8AF001020B1001025
:1018E000ECAF001010B50C4B5B68002B04D00A2144
:1018F0000A48FFF77FFC10BD074C2300084A10215F
:10190000206800F05BFC032000F0A6FA0321200011
:10191000FFF7A8FCEBE7C046100D0020FC240020D8
:10192000D512001010B5064B5B68002B01D004489F
:1019300010BD044B044A5E21044800F0F1FFC0468C
:10194000100D002000B00010F4B0001014AE001014
:10195000F0B5DE4657464E464546E0B58BB080466C
:1019600016001F00149B9A46159B994616AB1B78D0
:101970009B461F2302AA9446634400221A702BE060
:10198000002809D042461268127B904204D8421EB9
:101990004146C9688A5C41E0404B414A4121414887
:1019A00000F0BEFF07984CE0361BAF41002F07DB6D
:1019B000002F11DA3C4B3D4A3F213D4800F0B0FF7B
:1019C000012676423B4FF3E7374B384A3F213848F0
:1019D00000F0A6FF002F4FDB43465A68EFF3108458
:1019E00072B6136859424B41D9B20791002BF8D116
:1019F000BFF35F8F1F3302AA94466344049300230E
:101A0000039302934B4601935346009332003B00ED
:101A10004046FFF70FFD031EB2D102004146496860
:101A2000BFF35F8F00250D6084F31088002B29D051
:101A30001F2302A98C4663441B78002BB2D11202EB
:101A40001043002B20D05B46002B1DD04946D047C9
:101A500004000D0003000B431DD00029A4DB00F09F
:101A600007FA06000F1EAFDB36196F41002FB1DAFF
:101A7000012676420F4FADE70B4B0C4A3F210C4835
:101A800000F04EFF012040420BB0F0BCBB46B24616
:101A9000A946A046F0BD0798F6E7C04668AE00101C
:101AA0000CB1001014AE00100CAD0010B4B000105A
:101AB00028AD0010FFFFFF7FF8B50400002900D11A
:101AC00062E04268EFF3108572B6136858424341F2
:101AD000D8B2002BF9D1BFF35F8FCBB22268567B0F
:101AE000B3421BD10120002848D0206988422BD066
:101AF000090AC9B2002B2ED02068007B83422AD865
:101B0000581EE668305C88422BD000206368BFF323
:101B10005F8F00221A6085F31088F8BD002B0DD06E
:101B2000167BB3420AD85E00F618033E1768BC461F
:101B30006644B678002ED6D00120D4E7134B144A61
:101B40006821144800F0ECFE2C21134B134AFF319E
:101B5000134800F0E5FE134B134A4121104800F0F2
:101B6000DFFE1900100000F023FC0028CED19921DF
:101B70000E4B0A4A49000A4800F0D2FE23698B4204
:101B8000C4D100232361C1E70020C6E78CAE00105A
:101B900054B10010A8AE001024B000109CB000108A
:101BA00014AE001068AE00100CB1001048B0001068
:101BB000407D7047F0B587B006000F00EFF3058356
:101BC000002B1FD106246442E517A4197D418D42E4
:101BD00002D803D1844201D900240025002D14DB52
:101BE0000494059500F044F902000B1E13DBA41ABF
:101BF0009D41002D17DC14D03000390000F044F96D
:101C000007B0F0BD234800F025FF234B234A3F21B6
:101C1000234800F085FE204B204A3F21204800F059
:101C20007FFE002CE8D0FFF77DFE00230293019396
:101C30001C4B0093049A059BFFF78AFE002818DAD4
:101C4000DAE7002300E00023002BD5D1164B1A68F9
:101C5000EFF3108172B61368002BFCD0BFF35F8FD7
:101C6000114B1B68BFF35F8F00221A6081F310884D
:101C700020BF0499059A0D4B5B6A9A42E3D80B4842
:101C8000806A884203D29A42DBD00123DCE7012339
:101C9000DAE7C0464CB000100CAD0010B4B0001034
:101CA00028AD0010A5120010FC24002000400540C3
:101CB00070B504000D0000F0DBF802000B1E0ADB1B
:101CC000200029008018594100290ADB00290CDB7B
:101CD000FFF770FF70BD084B084A3F21084800F02D
:101CE0001FFE012040420749F0E7034B034A3F2112
:101CF000034800F015FEC0460CAD0010B4B0001053
:101D000028AD0010FFFFFF7F10B5FA2292000023DC
:101D1000002102F017FFFFF7CBFF10BD70B584B0B4
:101D200005000C00EFF30583002B1ED1FFF7FAFD31
:101D3000002302930193224B00932A002300FFF714
:101D400007FE061E23DD20BFFFF7ECFD3100FFF785
:101D5000B3FE1C4B5B6A9C422DD81A4A926AAA4277
:101D60002CD29C4225D0012026E0164B5B6A99427A
:101D700009D8144A926A824207D2994201D00120BE
:101D80001AE0002018E0002016E0012014E00D4BBE
:101D90005B6A9C4209D80B4A926AAA4207D29C42CB
:101DA00001D0012008E0002006E0002004E001202E
:101DB00002E0002000E0002004B070BD0120FBE73D
:101DC000A51200100040054070B5EFF305801038F3
:101DD000EFF3108C72B61A4B1B68002BFBD0BFF3CD
:101DE0005F8F01221300834016494B6316490B6035
:101DF000164909780C00C440224214D0114A546A92
:101E00008200134D5259944206D38200114C12594C
:101E100099430E4B197007E00A4A031D9B0099581D
:101E20009950002200E00022BFF35F8F044B002195
:101E300019608CF31088002A00D0904770BDC0460E
:101E4000280100D0004005403C70054032250020AC
:101E500008250020101D002010B50100024A03488B
:101E6000FEF706FE10BDC04678B100102C250020FC
:101E7000044B5B6A034A906A1900536A9942F9D18C
:101E80007047C04600400540084B5B6A01E0074BC5
:101E90005B6A8B42FBD301E0044B5B6A8B4203D14C
:101EA000024B9B6A8342F7D37047C046004005400F
:101EB00070B504000D00EFF3108672B61B4B1B6863
:101EC000002BFBD0BFF35F8F002D1CD02000FEF74E
:101ED000C3FE174B83420BD019002000FEF7D6FE3D
:101EE00001212000FEF7A8FE0123A340114A136040
:101EF000A400114BE550BFF35F8F0C4B00221A601A
:101F000086F3108870BDA2000B4B0021D150012236
:101F1000A2400A490B7893430B7005492000FEF755
:101F2000F9FF00212000FEF787FEE4E7280100D03A
:101F3000C91D001038600540101D0020322500200A
:101F4000F0B5DE4600B584B00400150001921E0015
:101F50000293FFF78DFF03958E4202D84ED1854242
:101F60004CD9EFF3108B72B6274B1B68002BFBD0BC
:101F7000BFF35F8F254A17780125A540EBB23B439D
:101F80001370234B5D63221D92000199D150A20072
:101F90002049029850501B6A2B4212D11C4B1B6CDB
:101FA0002B4208D00020BFF35F8F174B00221A602E
:101FB0008BF3108823E0184B184AC521184800F00D
:101FC000AFFCFFF755FF8E4214D802D1039B83422A
:101FD00010D80E4B1B78BB420ED00D4B1D625D63BB
:101FE0001F2004400123A3400E4A1360074B1F70BB
:101FF0001E38D8E70020D6E70120D4E7012004B03E
:1020000080BCBB46F0BDC046280100D03225002070
:1020100000400540082500209CB1001020B20010AF
:10202000C0B1001080E200E0EFF3108C72B60B4BF1
:102030001B68002BFBD0BFF35F8F01238340084A4E
:10204000136208490A789A430A70BFF35F8F034B03
:1020500000221A608CF310887047C046280100D017
:10206000004005403225002010B500291ED0037B1A
:1020700099421BD84B005B18033B0468A446634499
:10208000002919D0002A1DD0914221D0002A25D044
:10209000047BA24222D8046850008018033820181C
:1020A0008170197800291FD11A7010BD104B114A88
:1020B0006821114800F034FC104B114A6F310E4872
:1020C00000F02EFC0F4B0E4A70210B4800F028FC4C
:1020D0000D4B0B4A7121084800F022FC044B054AC5
:1020E0006821054800F01CFC41701A70DDE7C0460D
:1020F0008CAE001044B30010A8AE001010AF00105A
:1021000030B300101CAF001028AF001070B50600EF
:102110000D001400002914D0002A14D080687368C0
:102120009847002806D0220029003000FFF79CFFC6
:10213000280007E02A0021003000FFF795FF20006B
:1021400000E0100070BD0800FCE7000010B500239F
:10215000437301338373037BC3730123027B9A426E
:1021600014D9002B0CD0027B934209D85A00D21804
:10217000033A01688C4662440133DBB25370EDE7E9
:102180000B4B0C4A68210C4800F0CAFB002A09D00E
:10219000924207D8016853009A18033A8A1800231C
:1021A000537010BD024B034A6821034800F0B8FB8E
:1021B0008CAE001044B30010A8AE001010B501732F
:1021C00042608360FFF7C2FF10BD000070B50400DD
:1021D000081E00D170BD002934D0237B994231D82C
:1021E0004B005B18033B2268944663445A78002AEC
:1021F000F0D02DD0237B9A422AD853009B18033B62
:1022000021688C4663445D7800215970002825D0F0
:10221000237B984222D843001B18033B21688C463D
:1022200063440021597001002000FFF76FFF060092
:1022300029002000FFF7CAFF020031002000FFF74D
:1022400065FFC7E7084B094A6821094800F068FBA9
:10225000054B064A6821064800F062FB024B034A20
:102260006821034800F05CFB8CAE001044B3001002
:10227000A8AE001070B505000C00160000292FD084
:1022800034D0037B994231D84B005B18033B026882
:10229000944663445A78002A2ED19A78002A31D184
:1022A0001978FFF793FF0300002E0AD0EA7B002A7B
:1022B0002ED1AA7B002A03D1EA7B002A3BD1AC7342
:1022C000EC73002B3DD1002C4FD02B7B9C424CD883
:1022D0002B6861000C19033C1C190023637070BD4E
:1022E000254B264A3821264800F01AFB254B264A62
:1022F0006821264800F014FB254B204A3A2120484B
:1023000000F00EFB234B1D4A3B211D4800F008FB4B
:10231000002A0AD0297B8A4207D851008A18033A3A
:1023200029688C4662445470C3E7164B164A6821EC
:10233000164800F0F5FA184B104A4221104800F0F8
:10234000EFFA002B0BD02A7B934208D843001B18CE
:10235000033B2A689446634400229A70B3E7094B12
:10236000094A6821094800F0DBFA064B064A682151
:10237000064800F0D5FAC0463CB200101CB300106D
:1023800044B200108CAE001044B30010A8AE001090
:1023900098B20010C0B20010ECAF001070B504008D
:1023A0000A00457B2900FFF765FF6073280070BDB8
:1023B00070B50400002967D0437B8B420ED0002902
:1023C00011D0037B99420ED84B005B18033B026887
:1023D000D0188378002B0CD1002056E00121FFF7A4
:1023E000DDFF012051E0294B294A6821294800F0EE
:1023F00097FA002B20D0227B93421DD85A00D31885
:10240000033B2268D2182568EB5C8B421AD0002B64
:102410001BD0227B934218D85A00D318033B226862
:10242000D21853788B4216D0002BF0D11A4B1B4A8E
:102430006B211B4800F074FA144B154A68211548AB
:1024400000F06EFA4378137007E0104B104A6821D1
:10245000104800F065FA437853700023837043708E
:1024600001222000FFF706FF0200617B814205D0B8
:102470002000FFF74BFE6073012006E0094B074A7E
:102480007121074800F04CFA002070BD8CAE00109E
:1024900044B30010A8AE0010E0AB001004B300106D
:1024A00044B20010E4B20010F8B5DE4657464E467E
:1024B0004546E0B505000F0092460A9A934250D374
:1024C0001A0E91461E020A9A00233000494601F076
:1024D00013FC80466C006419A400304B9C46644495
:1024E0006368834200D260602B1FDBB29B46012BE6
:1024F0003DD9C0239B012343802212011A60AB0007
:10250000274A9958002907D0506901F0B7FB431CAE
:102510005800C0180338FDD253465A0123685A4068
:10252000E0231A4080235B0123431A605A46012AA4
:1025300028D980239B012343802212011A6043463D
:102540006360424600233000494601F0D5FBAD00F0
:10255000134B58510120F0BCBB46B246A946A046D9
:10256000F8BD104B104A3321104800F0D9F9012F63
:10257000BFD1C0239B01234303221A60A368DB075A
:10258000FCD5C9E72168794003220A401A60A26895
:102590000123BB401342FAD0CBE7C0460080004085
:1025A0002C1E002050B30010C4B3001064B3001000
:1025B00030B583B00C2000F00BF9FEF739FA002893
:1025C0000DD0002304E099002D4A2E488850013395
:1025D000092BF8D92A4B2C4A5A6203B030BD2B4B39
:1025E00000229A6700F066F9294B01221A60274BF6
:1025F0005B6C012BFBD1274B03221A60234B9B6B97
:10260000012BFBD1013300930433234A01212348DA
:1026100000F04EF805230093214A0121214800F0E3
:1026200047F8214B0093002202210420FFF73CFFD2
:102630001E4D00952B00002201210520FFF734FFDD
:10264000104C00942300002200210720FFF72CFFEC
:1026500000942300002200210820FFF725FF0A4BE9
:1026600000932300002200210920FFF71DFF0095A1
:102670002B00002200210620FFF716FFADE7C04621
:102680002C1E0020006CDC021BB700000080004004
:102690003CB0004030B00040002F6859008002403C
:1026A000008C864700C00240001BB70040597307EA
:1026B000F0B5C64600B504000E0017001D003748EF
:1026C00001F0DCFA8046364BFA18364B9A4239D87C
:1026D0000100380001F0D2FA0200103A98235B00A2
:1026E0009A4235D86B1E062B38D8069B013B062B29
:1026F00034D83F09474537D32D04069B1A031543A9
:102700002368002B36DB284B9C4244D080225201A8
:10271000264B1A60264B1A60264B9B681100994382
:10272000FAD12660A060231DC02292011A43212302
:1027300013602368002BFCDAE5600823136080BC7B
:10274000B846F0BD1C4B1D4A11211D4800F0E8F8A9
:102750001C4B1A4A19211A4800F0E2F81A4B174A82
:102760001C21174800F0DCF8184B144A23211448A8
:1027700000F0D6F822683F231340B342C3D1A368C8
:102780001B051B0D8342BED1E368EE22D20213402B
:10279000AB42B8D1D3E780229201B9E7001BB70062
:1027A00080E84BD380F8A93200C0024000E000402E
:1027B00000F0004000C00040D4B3001014B5001079
:1027C00034B4001090B40010ACB40010F8B4001091
:1027D00080239B000343014AD36270470080054079
:1027E000024B1A68024B5A607047C046D022002044
:1027F0000080054010B50200164B8020C00518600F
:10280000154B1648186000290AD0154BE021C90461
:102810001960002A09D1124B802212061A6010BDDD
:102820000C4BE021C9041960F3E753019B1A98008F
:10283000801800010B4B186080235B04984202D380
:10284000084B094A1A60FFF7CBFF054B8022D205DF
:102850001A60E4E700B0054008200140FCFF0100D9
:1028600000A00540D0220020FFFFFF0010B50300AC
:1028700010000C4A8024E4051460002B0DD00122C6
:102880001343094A094CD461094C5C4014625162FB
:1028900093620021FFF7AEFF10BD034B0022DA6107
:1028A000F7E7C04600B0054000800540D3C007B040
:1028B0002D3FF84F064BAA2212011A602F22DA6030
:1028C000044B054A1A60024B5B68002BFBDA704729
:1028D000004002400060024000B0FA0000BEFDE788
:1028E00003000A4A1268002A08D0084A1068C31870
:1028F000074A9A4206D3054A13607047034A0549BE
:102900001160F2E701204042F7E7C046CC1E0020EC
:10291000000004203425002010B5FFF7DFFF000081
:1029200010B582B00C001900002A0CD0084B002A08
:102930000BD00192009323000200064802F026FD0E
:102940000120FFF7CBFF044BF1E7034AF1E7C04654
:1029500020B5001030B500101CA9001070B52B4B2D
:102960002B4A1A602B4B2C4A1A602C4B9A682A4B24
:102970009343FAD12A4C01E008CC9847294B9C425A
:10298000FAD3FFF715FE234B274A1A60234B9B68A7
:10299000DB43DB01FAD1254B40229A675A671A675D
:1029A000DA66234C09E0234B234A87212348FFF7AB
:1029B000B7FF2000FEF726FC0834214B9C4209D2C9
:1029C0002368002BF5D0012BEDD12000FEF727FC6A
:1029D0000834F2E71B4CA1681B4DC022280002F00E
:1029E0006FFBA560EFF30583002B00D000BEFEF760
:1029F00081F8FEF7DDFBFEF775FF144C01E008CC13
:102A00009847134B9C42FAD370BDC04600E000408B
:102A1000BFCDFBFE00F00040FE7F3C0000C0004048
:102A20005817002068170020FFFFFF0100F0014049
:102A30005017002060B50010F0B5001080B50010F0
:102A40005817002000ED00E000000020681700206B
:102A5000701700200FB400B583B0084802F066FC80
:102A6000049B002B07D005A90191180002F06EFC11
:102A7000034802F05BFC0120FFF730FFE0B50010D7
:102A8000F4A80010704710B5002802D00B68496800
:102A9000984710BD0100002007E083001B185B0071
:102AA000501C08601078C01830380A681378303B22
:102AB000DBB2092BF1D97047F0B5DE4657464E46DA
:102AC0004546E0B583B093461F000C9B9A460D9C8B
:102AD0000E9B99460F9B9B0703D0B8460F0006003C
:102AE00022E00192A34688464E46B9460700B4420A
:102AF00007D2551C4B4641462020B84701342A00D6
:102B0000F5E73D004F465C46019B9B46B146464675
:102B1000B84637002E0007E0013C551C5346185DAF
:102B200043463900B0472A00002CF5D135003E005D
:102B300047460F9B9B0707D4100003B0F0BCBB4671
:102B4000B246A946A046F0BDB0464E46B9462F0053
:102B50005D46531BB342EFD2541C4B4641462020E6
:102B6000B8472200F5E7F0B5CE46474680B585B0B8
:102B7000944698460C9D0D9C0EAB1B789946109A76
:102B8000119B129EB7071CD4002B0CD0F7070AD557
:102B90004F46002F02D10C37374204D0013B02E0F0
:102BA00030272F550134944201D21F2CF8D9F70752
:102BB00007D59C4205D21F2C03D830272F5501344E
:102BC000F5E7F70615D5770505D4002C03D0944218
:102BD00024D09C4222D00F9A102A2BD00F9A102A70
:102BE00030D00F9A022A35D01F2C02D830222A5515
:102BF00001341F2C05D84A46002A31D02D222A55EF
:102C00000134039602930194009543466246FFF710
:102C100053FF05B0C0BCB946B046F0BD621E012CE2
:102C200006D00F9F102F01D01400D4E7023CD2E74A
:102C30001400D0E7B206D1D41F2CCFD878222A5561
:102C40000134D1E7B206CCD51F2CCAD858222A5558
:102C50000134C9E71F2CC7D860322A550134C3E7B5
:102C6000720703D52B222A550134CAE73207C8D58B
:102C700020222A550134C4E7F0B5DE4657464E46B9
:102C80004546E0B593B081468A46089209931CAB4D
:102C900010CB1B789B461E9D219B9846002C03D190
:102CA000102342469A4390468023DB0046461E404E
:102CB00042461A4212D0002C22D000260EE03033B9
:102CC000D9B2771C0AAB99552900200000F0D6FF35
:102CD000AC4216D31F2F14D83E0004002900200058
:102CE00000F0CCFFCBB2092BE9D94246920605D5BC
:102CF0004121C918C9B20A39C9B2E2E76121F8E72E
:102D0000270043460693209B05931F9B049303953E
:102D10005B46029301970AAB0093099B089A5146C0
:102D20004846FFF720FF13B0F0BCBB46B246A946A9
:102D3000A046F0BDF0B5DE4657464E464546E0B5E6
:102D400095B0089009910A920B931E9E1F9C20AB90
:102D50001B789B46229B9946239D269B9A463300CF
:102D6000234303D1103352469A4392468023DB001B
:102D700057461F4052461A4219D0330023432DD0E4
:102D8000002714E03033DAB27B1C98460CABDA55DE
:102D90004A462B003000210000F0AEFFA5421FD8AC
:102DA00019D043461F2B1BD8474606000C004A4645
:102DB0002B003000210000F09FFFD3B2092BE1D996
:102DC0005246920605D54122D218D2B20A3AD2B260
:102DD000DAE76122F8E7B145E3D901E0002398463C
:102DE00053460693259B0593249B04934B460393DC
:102DF0005B460293434601930CAB00930B9B0A9AEC
:102E000009990898FFF7AFFE15B0F0BCBB46B24673
:102E1000A946A046F0BD0000F0B5DE4657464E4636
:102E20004546E0B591B083468A460C9298461A9C76
:102E300008941B9D099522002B002000290001F019
:102E4000EEF9002800D0E5E001225242D74B2000E5
:102E5000290001F0DFF9002800D0DBE00122524216
:102E6000D34B2000290001F0BFF9002800D0D1E0A9
:102E700000220023089E3000099D290001F0B4F9CA
:102E8000002800D0DDE0089809990690079180237A
:102E9000DB001E9A1A400D921E9A1A4201D1062397
:102EA0001C930698079904000D000A0006000243CF
:102EB00000D1D1E0080D4005400DBE4CA446604451
:102EC0000A03120BBC4B13431F0001F0BBF9BB4AB2
:102ED000BB4B01F03EF9BB4ABB4B01F013F90400B8
:102EE0000D000022B94B3000390001F002F9B84A58
:102EF000B84B01F02EF902000B002000290001F070
:102F000001F901F0B7F9814601F09CF904000D00C8
:102F1000B14AB24B01F01DF90022B14B01F0F2F8B9
:102F200001F0A8F90600AF4AAF4B2000290001F0DC
:102F300010F904000D00300001F084F9AB4AAC4BED
:102F400001F007F902000B002000290001F0D1F880
:102F500004000D0002000B0001F0FBF80A900B9139
:102F6000A44BF31800261F0522002B002000290087
:102F700001F0C8F80E900F9122002B000020802154
:102F8000C90501F0B6F804000D0000229A4B0A981A
:102F90000B9901F0C0F80022984B01F0B3F8020041
:102FA0000B000A980B9901F0B6F80022944B01F03F
:102FB000A9F802000B000A980B9901F0ACF8020086
:102FC0000B002000290001F09DF802000B000E9874
:102FD0000F9901F0A0F80022774B01F093F832002E
:102FE0003B0001F0B6F806000F0004000D00069A41
:102FF000079B01F00FF9002830D001235B429C466B
:10300000E14400227D4B3000390001F084F80400D7
:103010000D0023E01E9B04931D9B03931C9B0293B6
:10302000089A099B0092019343460C9A51465846D0
:1030300000F0FCF811B0F0BCBB46B246A946A04671
:10304000F0BD0023002406930794069680231B06F8
:103050009C46654407951AE7002399464B4663331F
:10306000C62B1ED804261E9B1B0526D52B002343EA
:103070000FD0644A644B0698079901F0C3F8002802
:1030800079D00022614B0698079901F0ADF800282D
:1030900071D01C9B4B4506DD4A46981A431E1C9373
:1030A00003E00526DFE700231C938023DB001E9A44
:1030B0001A431E920026002399461D9B9E4264D20D
:1030C0009F1B02231E9A1A400A921E9A134202D094
:1030D000002E00D000274B46002B07D022002B00EB
:1030E0000698079901F017F806900791002200232F
:1030F0000898099901F078F8002848D1444B1E9AA5
:103100001340049303971C9B0293069B079C009318
:10311000019443460C9A5146584600F087F8002E19
:1031200000D187E71E9B9B063DD54525441C4346A1
:10313000020051462800D8474B46DA179B185340E7
:1031400005220592013E0496002203920A32029261
:103150004A46D00F019000934346220051465846FC
:10316000FFF78AFD0A9B002B00D163E702005F4650
:103170000C9E1D9D54E01C9B002B9ED00D9B002B94
:103180009BD01C9B013B1C9397E7002799E7069C6B
:10319000079D2200290080200006844661440B0020
:1031A00006920793AAE76525C0E7C046FFFFEF7FB9
:1031B000FFFFEFFF01FCFFFF0000F03FFB799F5096
:1031C0001344D33FB3C8608B288AC63F0000F83F42
:1031D00061436F63A787D23F71A379094F930A4078
:1031E0000000E03F1655B5BBB16B0240EF39FAFE67
:1031F000422EE63FFF03000000002C400000244068
:10320000000018402D431CEBE2361A3F80842E410B
:10321000FFF7FFFF541C434651462020B8472200C9
:10322000931BAB42F6D3100004E7C046F0B5DE4670
:1032300057464E464546E0B595B0069007919346F1
:103240009946209F1E9A1F9B1000190000F0E7FF6F
:10325000002831D101225242BF4B1E981F9900F025
:10326000C3FF002837D101225242BC4B1E981F9940
:1032700000F0D0FF00283DD10022B94B1E981F99C5
:1032800000F0C8FF002850D10022B64B1E981F99AD
:1032900000F0AAFF002848D1002200231E981F99A1
:1032A00000F0A2FF002850D100239846229B5B0526
:1032B00000D4B6E0002458E0229B0393219B0293A4
:1032C00003230193A84B00934B465A46079906984F
:1032D000FFF7F2FB0EE1229B0393219B0293042351
:1032E0000193A24B00934B465A4607990698FFF765
:1032F000E3FBFFE00423229A1A4022990B4210D0EC
:103300009B4B002A0FD0042222990391219902910C
:10331000019200934B465A4607990698FFF7CCFB5B
:10332000E8E0944BEDE70322EEE7229B0493219B18
:10333000039302971E9B1F9C009301944B465A4691
:1033400007990698FFF768FDD4E01E9A1F9B00209E
:10335000002100F0CEFE1E901F9101239846A5E7A4
:103360000CAB30221A55013F01341F2C01D8092F14
:10337000F6D81E981F9900F07DFF050000F062FF4F
:1033800002000B001E981F9900F0B3FEFA007A4B62
:103390009B181A685B680A920B9300F0DAFE08909B
:1033A000099100F08BFF060000F048FF02000B00BF
:1033B0000898099900F09DFE0890099100226F4B32
:1033C00000F028FF00282ED00136300000F036FF34
:1033D00002000B000A980B9900F00CFF002801D0A6
:1033E00001350026002F2CD1280000F02BFF020011
:1033F0000B001E981F9900F07CFE06000F000022B3
:103400005E4B00F0F1FE002846D100225B4B3000FD
:10341000390000F0FFFE00283ED1EB073CD5013516
:103420003AE0062746E70022544B0898099900F035
:10343000DBFE0028D6D1002E01D0F307D2D501360D
:10344000D0E7AA461F2C11D8013F0A21300000F016
:1034500015FC651C30310CAB19550A21300000F009
:103460000DFC092E0ED906002C00EBE755461F2C4B
:103470000CD87B1E002F09D00CAA302111551F003B
:103480000134F4E72B0055461C00F0E71F2C03D84D
:103490000CAB2E221A5501341F2C10D80A212800FB
:1034A00000F0C4FB661C30310CAB19550A21280012
:1034B00000F0BCFB051E01D03400EDE7340003230F
:1034C000229A1340012B1CD01F2C06D84346002BF8
:1034D00032D00CAB2D221A550134229B0393219B31
:1034E000029301940CAB00934B465A4607990698F9
:1034F000FFF7E2FA15B0F0BCBB46B246A946A046BB
:10350000F0BD219B002B13D04346002B02D10C337E
:1035100013420FD0219B013B2193190003E00CAB18
:1035200030221A5501348C42CED21F2CF7D9CBE76A
:103530002199F8E72199F6E7229B5B0704D50CABAC
:103540002B221A550134C8E7229B1B07C5D50CABAB
:1035500020221A550134C0E7FFFFEFFFFFFFEF7F86
:1035600065CDCD4165CDCDC10CB6001010B60010B3
:1035700004B6001000B60010F8B700100000E03FDD
:10358000F0B5DE4657464E464546E0B593B0824616
:103590008B4690461193002900D1EBE20027554657
:1035A000119B1878002800D1E7E2252809D07C1C5F
:1035B00043463A005946A847119B0133119327000F
:1035C000EEE7013311930024119A11780B00203B90
:1035D000D8B2102803D88300D048C3589F460B00A8
:1035E000303BDBB2092B2CD92A292FD000230A9398
:1035F000119B1A782E2A39D000239A46119A1378F3
:10360000683BD9B2122976D88B00C549CB589F4662
:1036100001231C4301321192D6E702231C430132DD
:103620001192D1E704231C4301321192CCE7082305
:103630001C4301321192C7E710231C43013211923F
:10364000C2E711A8FFF726FA0A90D1E71C9B1A1DC2
:103650001C921868002804DB0A90119B0133119317
:10366000C6E702231C4343420A93F6E78022D200B6
:1036700014435A1C11925A781300303BDBB2092BC9
:1036800004D92A2A07D000239A46B7E711A8FFF7E2
:1036900001FA8246B2E71C9B1A1D1C92186800288A
:1036A00004DB8246119B01331193A7E70020F8E762
:1036B00080235B002343511C119152786C2A01D066
:1036C0001C0018E0C0239B001C430131119112E043
:1036D00080232343511C11915278682A01D01C0089
:1036E00009E0C0231C430131119104E080235B00F9
:1036F0001C4301321192119B18780300253BDAB26A
:10370000532A00D92CE29300864AD3589F4680233F
:103710009B001C4301321192EDE780235B001C43A8
:1037200001321192E7E7782809D0582838D06F285D
:1037300038D0622838D010239C430A2600E0102697
:10374000582833D0692803D0642801D00C22944330
:10375000630501D50122944369282AD0642828D022
:10376000A30500D59FE0E30500D5B8E0630600D4CB
:10377000CAE01C9A111D1C911168FF220A40059491
:103780000A9B0493534603930296002301930092ED
:1037900043463A0059462800FFF76EFA070027E033
:1037A0001026CDE70826CBE70226C9E720221443DE
:1037B000C8E7A30520D4E30550D4630666D51C9A58
:1037C000111D1C911168FF220A40D317D1185940CE
:1037D00005940A9B0493534603930296D20F0192D9
:1037E000009143463A0059462800FFF745FA070082
:1037F000119B01331193D3E61C9BDA1D07218A43E9
:10380000110008311C91116853689C46DB170C931A
:103810000D930C9A0D9B100048400E906246534049
:103820000F930E980F990C9A0D9B801A99410E9048
:103830000F9108940A9B079353460693049600231E
:1038400005936346DA0F02920090019143463A00D5
:1038500059462800FFF76EFA0700C9E71C9A111DA8
:103860001C911268D317D118594005940A9B0493F0
:10387000534603930296D20F0192009143463A00B9
:1038800059462800FFF7F8F90700B1E7230605D5E8
:103890001C9A111D1C910023D25E96E71C9A111DE3
:1038A0001C91126891E71C9BDA1D07218A431100C5
:1038B00008311C9108940A9B07935346069304967B
:1038C00000230593029313685468009301944346C0
:1038D0003A0059462800FFF72DFA070088E71C9A9E
:1038E000111D1C9105940A9B049353460393029661
:1038F000002301931368009343463A005946280079
:10390000FFF7BAF9070073E723060DD51C9A111DBE
:103910001C9112681204120C31E7C04618B6001050
:103920005CB60010A8B600101C9A111D1C911268FC
:1039300025E746281AD01C9B0733072293431A0019
:1039400008321C9204940A9A0392524602925C68CE
:103950001B680093019443463A0059462800FFF73C
:1039600065FC0700119B0133119319E620231C43CA
:10397000E1E7672801D0472802D180231B011C43BF
:10398000452801D0472801D120231C431C9B073325
:10399000072293431A0008321C9204940A9A039255
:1039A000524602925C681B680093019443463A00B9
:1039B00059462800FFF730FA0700119B0133119395
:1039C000EEE502231A002240924623421FD0012432
:1039D0001C9B1A1D1C927A1C9146187843463A008B
:1039E0005946A8475346002B16D1119B013311931A
:1039F0004F46D5E5561C434659462020B84723007C
:103A000032005C1C9D42F5D83D001700E0E7012321
:103A10003A002F000A9DF4E74A46A9460A9D06E0AF
:103A2000571C434659462020C84734003A00661CBC
:103A3000A542F5D84D469146D7E71C9B1A1D1C920E
:103A40001B6899465346002B00D1013B4E4601E0CE
:103A5000013613003278002A02D05A1E002BF7D10B
:103A60004B46F21A10928023DB0026001E401C42B7
:103A700003D0524501D95346109302231A00224025
:103A80000B92234205D03A0037004C46A9465546D2
:103A900020E03A00109B5F46B3462E0006E0551C1E
:103AA000434639002020B04723002A005C1C0A99B5
:103AB0009942F4D835005E46BB46109437004C4618
:103AC000A946554606E01D000134561C434659469A
:103AD000C84732002078002804D0002FF4D06B1E95
:103AE000002DF0D117004D460B9B002B03D1119BED
:103AF0000133119354E50A9F109B06E0561C434680
:103B000059462020A847230032005C1C9F42F5D86C
:103B10001700ECE721231C431C9B1A1D1C921B68F9
:103B200000930594082304935346039310230293B0
:103B30000023019343463A0059462800FFF79CF8BA
:103B40000700119B013311932AE57C1C43463A0080
:103B500059462520A847119B0133119327001FE5E3
:103B60007C1C43463A005946A847119B01331193E8
:103B7000270015E50A4B9A4610E5AA46474502D3A9
:103B800043465A1E00E03A00434659460020D047BB
:103B9000380013B0F0BCBB46B246A946A046F0BD03
:103BA000852A001000B585B0029003910121009391
:103BB00013004A4202A90248FFF7E2FC05B000BD2B
:103BC000872A001001480421014B1847400D0020AE
:103BD000F53B001010B5010018231B881422108833
:103BE000984710BD10B5010018231B8816221088B5
:103BF000984710BDF0B5C64600B507000E00002579
:103C00000123984600E00135B5420AD2AC003C19C8
:103C10002068FFF7DFFF20600028F4D100239846DA
:103C2000F1E7404680BCB846F0BD0000124A936FF1
:103C30009B0815D29066D166002905D0FFE7FFE703
:103C4000FFE7516F106F704704B580210906C21756
:103C50005140002800D0C84306F07AFD002104BD81
:103C6000F0B5146E556E576F166FFFF7E3FF1466CD
:103C7000556657671667F0BD000000D0114A936F74
:103C80009B0813D210665166002905D0FFE7FFE7B5
:103C9000FFE7516F106F704704B5002801D0002076
:103CA000C04306F055FD002104BDC046F0B5146EBA
:103CB000556E576F166FFFF7E5FF14665566576729
:103CC0001667F0BD000000D094464A4A926F9208F1
:103CD000624601D228E0C046F0B5464E346E756E9D
:103CE000776F366F00F020F89446424A14665566A6
:103CF000576716676246F0BD94463E4A926F920837
:103D0000624601D254E0C046F0B53A4E346E756E4C
:103D1000776F366F00F04CF89446364A1466556655
:103D2000576716676246F0BD002B24DB11D00029CF
:103D30003EDA00B5C943404200D1013100F038F805
:103D4000C943404200D10131DB43524200D101332B
:103D500000BD002AEBD1002801D1002905D00020A8
:103D6000C90FC90701D1C043410800B506F0E8FCFE
:103D70000022002300BD00B500290ADBDB435242CC
:103D800000D1013300F014F8C943404200D10131A1
:103D900000BDC943404200D10131DB43524200D152
:103DA000013300F005F8DB43524200D1013300BD7E
:103DB000002923D1002B18D1002A0CD0BC460D4F6E
:103DC00038667A6600210023FFE7FFE7FFE77A6F96
:103DD000386F67467047002801D00748010000B5DA
:103DE00006F0AEFC0022002300BD02000B00002004
:103DF00000217047000000D0FFFFFFFF002B00D024
:103E0000BFE0130C28D1002AE7D080B4114F3966E7
:103E10007A66FFE7FFE730B4040C7B6F396F1B0451
:103E200023433B667A66FFE7FFE7FFE7C04684B2BD
:103E30007B6F3D6F1B0423433B667A66FFE7FFE71A
:103E4000C04600232C042D0C7A6F386F001969418D
:103E5000B0BC7047000000D0F0B594460025140EA9
:103E600001D112020835140F01D112010435940F4B
:103E700001D192000235D40F01D152000135D40B8B
:103E80000134254F7C66254C3C660E0C93B2FFE74F
:103E9000FFE7FFE73C6F6643360C7703BE4673438C
:103EA000DF0B5B04C01AB941130C7343DB18C91A4A
:103EB000CE086643360CB64493B273431F0F1B0102
:103EC000C01AB941130C73431F0B1B05C01AB9412B
:103ED000860D8F023E436643360C092D24DB520AC1
:103EE0007243801A7703460A6643360C16235B1B1F
:103EF000DE40DF40BF1964466643821B70460435CE
:103F000006330100D940A840C01900D30131A242B4
:103F100006D20023F0BD0000000000D0FFFFFFFF2D
:103F2000121B0130F3D3F1E709277F1BFE406446E3
:103F3000A2B27243801A00D20139220C7243130CD0
:103F40001204821A99410B007046043513370100A0
:103F5000F940A840801900D30131002B02D1A242C0
:103F60000AD2F0BD013000D30131121BFAD2013B5D
:103F7000F8D1A24200D2F0BD013000D30131121BB2
:103F8000F7E7F0B51C0C00D080E00CB400251C0A4B
:103F900004D11B02160E3343120208351C0B04D148
:103FA0001B01160F3343120104359C0B04D19B00F7
:103FB000960F334392000235DC0B02D192185B411D
:103FC00001351C00971864410134464F7C66464C0D
:103FD0003C660E0CFFE7FFE7FFE7C0463C6F664319
:103FE000360C7703BE4697B27743C01B00D2013927
:103FF000C01B00D201399FB27743C91BC91B170CE4
:1040000077437E04FF0B801BB941CE086643360C14
:104010000C2D33DBB644120B1F053A431B0B97B232
:104020007743C01B00D201399FB27743C91B170CDD
:1040300077433E043F0C801BB941860D8F023E43FF
:10404000664329277F1BFE400C3D7746AF40BF19D2
:1040500030BCA2B2ABB272437343801A9941220CB6
:104060007243130C1204801A994102000B000137AD
:10407000001BA941F9D2781E0021F0BD0C277F1B3F
:10408000FE4077467F0BAF40FF19E0E700245D1C40
:1040900007D0144F7D663966FFE7FFE7FFE7FFE7CC
:1040A0003C6F95B29EB265436643401BB141150C0F
:1040B0001E0C6543664336042F0C3E432D04401B03
:1040C000B141994204D202000B0020000021F0BD52
:1040D00001D19042F7D3801A994101349942F2D329
:1040E000F6E70000000000D0FFFFFFFF484041401E
:1040F000484018B41B4B5B68FC46019308BD04DFC5
:104100001345001018B4174B1B68FC46019308BDFB
:1041100000DF1D4500109446134A926F920809D2A1
:10412000624618B40F4BDB68FC46019308BD0CDFF8
:10413000D54700100C4AF0B5146E556E576F166FC8
:104140006246FFF7EEFF084A146655665767166722
:10415000F0BD18B4034B9B68FC46019308BD08DF13
:1041600079460010F8220020000000D0FFB5504032
:104170004240504059404B40594000E0FFB5154F78
:104180004C00640D03D0BC4204D10C0314D80020B1
:10419000090D09055C00640D03D0BC4204D11C0369
:1041A0000AD800221B0D1B0501264B4009D44B40A9
:1041B00003D58B4200D18242FFBD9942FCD190428F
:1041C000FFBD0B43DB1803431343F5D0C943491824
:1041D000FFBD0000FF07000000B5FFF7CFFF01D0D3
:1041E000002000BD012000BD00B5FFF7C7FF8041E2
:1041F00000BDC04600B5FFF7C1FF01D9002000BDDA
:10420000012000BD00B5FFF7B1FF01D9002000BDBE
:10421000012000BD00B5FFF7A9FF804100BD0120CE
:1042200040054A00121804D85A00121801D800207C
:1042300070470120704700207047000000210028CF
:1042400005D17047C1174840401AFAD0C90713B5C5
:10425000064B1B6898470CBC441CA2401005120B6F
:104260000349091B09051943114310BDF823002018
:104270001F04000010B54C00620D8023D218DB0033
:10428000D21A5B057E2A10DD9E3A13DACC17090399
:10429000490819435242D140640001341532202AA2
:1042A00005DAD0400843604310BD002010BD084629
:1042B000604310BDC80FC018013810BD18B4044BBE
:1042C0005B6AFC46019308BD24DF854900100000AD
:1042D000F822002018B4044BDB6DFC46019308BDA6
:1042E0005CDF914A00100000F822002018B4044B53
:1042F0005B6EFC46019308BD64DF894A0010000034
:10430000F8220020C94211D300B549004908002213
:1043100000F018F8002904D4002240428A411146D6
:1043200000BD80210906002000BD000018B4044B28
:10433000DB6EFC46019308BD6CDF93490010000062
:10434000F822002018B4044B9B6FFC46019308BD73
:1043500078DFAF4900100000F822002018B4044BA9
:10436000DB6FFC46019308BD7CDF1D4A0010000096
:10437000F822002070B513231C78012C14D0012CD6
:1043800014DC022C02DC1F4A1F4B9A641F48FFF703
:1043900021FC1F4B186070BD99001A481A4A8850BA
:1043A00001331F2BF8D9EAE70023FAE71948FFF792
:1043B00019FC05001848FFF715FC023803789B002C
:1043C0007F2B19DD802229000F4800F079FE022C96
:1043D000D7D1124B1A88B5231B029A4209D1104B30
:1043E0001A88104B9A4204D10F4B1A880F4B9A42ED
:1043F000C7D00020FEF72EFB0D4B0E4A32210E488F
:10440000FEF78EFAD9440010F82200204C33000049
:10441000F8230020534400005346000054380000A5
:10442000D8380000494600009C380000594600007A
:1044300048B8001000B900109CB80010F0B5C6468E
:1044400000B506000F000B0D5B055A0D002B27D0A1
:104450001F4BD2182CD43424A31A9846002B24DDE9
:10446000203B9C4629D401256446A5402B0001250C
:104470004446A5402A0001246442E517A4185D4182
:10448000002903DA24184D4126002F00002554424C
:104490009D413300234018003B002B40190004E0ED
:1044A0000022C90FCB071000190080BCB846F0BD30
:1044B000002909DA00200749F7E720254346ED1ACD
:1044C0000124EC402300D2E700200021EDE7C046A4
:1044D00001FCFFFF0000F0BF07B56046002800D1D7
:1044E00000BE01880A0A0230DF2AFAD1C9B2820866
:1044F00004D3028840880004104300E00068024AA8
:104500005050039007BD0000F82200200FB403BCF8
:104510000CBCF0B50124E407634000E0F0B50C0DDD
:10452000CF0F661E3605891B640503D3C94340427D
:1045300000D30131640D03D0661CF60A07D0E41BDA
:1045400000207F00791C89078912803C24031D0DFF
:10455000DF0F6E1E36059B1B6D0503D3DB435242F6
:1045600000D301336D0D03D06E1CF60A07D0ED1B8E
:1045700000227F007B1C9B079B12803D2D032F1B7D
:10458000661B58D4A446202E46DA20371400BC40BF
:104590001D00BD40F24033412A4380185941CB0FE2
:1045A00005D0C943C0430022644250415141624694
:1045B0004D0D28D10D0D07D100281FD024194041E1
:1045C0004941013A0D0DF9D0640006D3013000D302
:1045D0000131002C01D140084000013A0BD4941C59
:1045E000E40A04D112051144DB071944F0BDD907D0
:1045F000204B194300E0D9070020F0BD0029DDD190
:10460000002CDBD1F0BD0132C6074008CD0728439E
:104610004908002EE1D0D9E73C2E29DA203E403768
:104620001400BC4000D00124F24014431A00BB40E7
:104630001C43D317ACE7AC46202F08DA2036040021
:10464000B4400D00B540F84039412843A5E73C2F60
:104650000CDA203F40360400B44000D00124F8407A
:1046600004430800B1400C43C117EAE710001900E9
:10467000002494E70000F07FF0B50C0D661E3605AF
:10468000891BE60A6405640D02D0651CED0A04D09E
:10469000002001210905803C2403A4461C0D671E4F
:1046A0003F05DB1BE70A6405640D02D0651CED0ABB
:1046B00004D0002201231B05803C2403774064447E
:1046C00097B484B296B27443070C7E43150C6F43C3
:1046D00080B26843361802D3012000043F1830042A
:1046E000350C00197D41844688B29AB250430C0CB7
:1046F00062431F0C7C438EB27E43921902D3012683
:104700003604A4191604170C3618674101BC81B28F
:104710009AB25143040C62431B0C5C4380B2584371
:10472000121802D30120000424181004130C40189E
:1047300063412D185E410020474106BC88B293B208
:1047400058430C0C6343120C544389B251435B1819
:1047500002D301210904641819041A0C09186241D2
:104760006D1856410020474118BCF902720D1143E3
:10477000F0026A0D1043ED020A0D03D16D1940419C
:104780004941013B124E9B1B7600B3420ED26D0095
:1047900007D30130002671416646354301D14008F8
:1047A00040001B05C918E4072144F0BD0BDA0133B2
:1047B00006D1013004D101314F0D01D04908F2E793
:1047C000E1070020F0BD013631050020EBE70000D5
:1047D000FF030000F0B51C0D671E3F05DB1BE70A59
:1047E0006405640D02D0661CF60A04D00022012381
:1047F0001B05803C2403D0252D060026F6432E669B
:104800001E096E66CE0FF619B44649004F0D02D050
:104810007E1CF60A03D000200021403F3F033E1BD0
:10482000B600B444013F7F05C91B49082E6F01360D
:1048300076089C02950D25437543ED137543AD1322
:1048400001356D10F603761B0CB4CC02450D2C43DC
:10485000A2B2B3B25A43270C7B43350C6F43A4B2C8
:104860006C431B1902D3012424043F191C041D0CA2
:10487000A4187D4124196D41009A91B2ACB26143F4
:10488000170C7C432B0C5F4392B25A43A41802D3FB
:1048900001221204BF182204230C52187B41019CF0
:1048A0006C431B19520ED9010A434401A01A81B26C
:1048B000B2B2514303145A43360C734387B2774361
:1048C000D617D21900277E4136049B191704160CFF
:1048D0007F185E417316ED18F30100268033754191
:1048E000A90F06D16400690AE8055B0A184309D2DA
:1048F0002FE00422944480337541A90AA8059B0A3D
:10490000184326D3404149412404009A019B0D00DD
:104910005543641B4343E41A95B286B27543170CA2
:104920007E43030C5F4392B25A43B61802D301226E
:104930001204BF183204330C52197B4152429C417D
:10494000002C02D40022013051414008CA07104314
:10495000490802B06246D7079210084BD218084B9C
:104960009A4203D212058918C919F0BD0020002A05
:1049700001DC3900F0BD01331905F5E7FD03000046
:10498000FE070000002200B5203200F010F80800F9
:1049900000BD002200B500F00CF8CA179A4200D101
:1049A00000BDD8430121C907414000BD00220B15BD
:1049B0000AD410B5944600F0A7F81414013400DAB4
:1049C0000021CB17144C204700200021704762447F
:1049D000343A0CD40C2A07DA040091409040524239
:1049E0002032D440214310BDD843D94310BD2032DA
:1049F00007D40C469440524220321141D04020430B
:104A000010BD0800C917203203D452422032104191
:104A100010BD1800190010BDCF4900104A00520DFA
:104A2000144BD21A13DDFF2A1EDAD205CB0FDB0797
:104A30001A43C300400F0903490A084310435B00AF
:104A400001D301D0013070474308FBD2704702D038
:104A5000C80FC00770470A0312130132F8D1420F82
:104A6000072AF5D1012200E0FF22C80F00028018BA
:104A7000C00570478003000000210A00002104E007
:104A800000210A00C11704E00022002306E0C0460E
:104A90000022CB1758405940C01A994130B5184CE4
:104AA000A21A002903D1010010D00020203A4C1591
:104AB00012D104D2013A001849414C0DFAD3114CDD
:104AC000A24204D212058918DB07C91830BDD243AF
:104AD000520D00200021F5E703D4013A00184941A6
:104AE000FBD50B324405C00A4D052843C90A6400B2
:104AF00003D0002460416141E1E7E0D34408F8E7D6
:104B000032040000FE0700000A0DCC0F531E1B05E7
:104B1000C91A520503D3C943404200D30131520D93
:104B200003D0531CDB0A07D0121B00206400611C59
:104B300089078912803A1203014BD21A704700008C
:104B4000FF03000051434343C9188C46110C83B244
:104B50004B4310B4040C614392B280B250436243A1
:104B60001C041B0C001910BC59411304120CC01872
:104B70005141614470470000484041404840002393
:104B80009C46114B5B68184700239C460E4B1B68E4
:104B900018470E4A936F9B0804D200239C460A4B89
:104BA000DB681847F0B5146E556E576F166FFFF738
:104BB000F4FF064A1466556657671667F0BD002372
:104BC0009C46014B9B681847FC230020000000D046
:104BD00007B548404140484001E0C04607B54200A3
:104BE000120E03D0FF2A03D1420218D8C00DC0050F
:104BF0004A00120E03D0FF2A03D14A020FD8C90D72
:104C0000C9050122414005D4414001D5814207BD7B
:104C1000884207BD0143491801D0C043001807BDB1
:104C200000B5FFF7DBFF804100BDC04600B5FFF7D0
:104C3000D5FF01D9002000BD012000BD00B5FFF760
:104C4000C7FF01D9002000BD012000BD00B5FFF75E
:104C5000BFFF804100BD01231B064200D21804D8CB
:104C60004A00D21801D80020704701207047491A25
:104C7000002807D108467047C10FC90700D5404238
:104C8000002817D0F44603B40B4B1B68984706BCAA
:104C900081409E384042803107D20B0607D0490040
:104CA000490AC0051043084360470130F8E7490A44
:104CB0008902F5E770470000F823002000239C4696
:104CC000014B5B6A18470000FC23002000239C4630
:104CD000014B1B6B18470000FC230020054A1047BE
:104CE0000029FBD0044B5B6EFC46184764DF315053
:104CF000001000006F4C0010FC230020034BDB6F02
:104D0000FC4618477CDF755000100000FC23002093
:104D10004100090E862904DA00239C46044B1B6CD3
:104D20001847044900B500F063F902BC8E46F3E76A
:104D3000FC230020DB0FC94070B513231D782A48DF
:104D4000FEF750FF0400012D11D0012D09DDA31E37
:104D50001B789B007F2B40DD80222100234800F040
:104D6000AFF92348FEF736FF224B186070BD54227E
:104D700001001E4800F0A4F91F4B1A881F4B9A42ED
:104D80001CD1A7239B011A881D4B9A4216D11D4B9B
:104D90001A881D4B9A4211D11C4B1A8894239B01EF
:104DA0009A420BD11A4B1A881A4B9A4206D11A4BC7
:104DB0001A681A4B9A4201D1152307E01848FDF7EB
:104DC00049FE99001748094A885001331F2BF8D92A
:104DD000144A064B1A62DA61B7E7134B134A4221B1
:104DE0001348FDF79DFDC04653460000FC230020FC
:104DF0004C330000F8230020EE290000C40F00000F
:104E0000C20D0000962B0000C0B50000182B00005A
:104E1000CC2A000010B50000FC2C000051ED876486
:104E20001CA90010FD4F001014B90010ACB90010FF
:104E300048B90010F0B5C64600B505000F00161EB3
:104E400098461BDDC91101204042FEF717FF0022E2
:104E50000EE00C236C1244431D21C91A0C4101348D
:104E600064109D40210079436D1A9A401219F61A78
:104E7000002E05DD0C2EECDC3300EBE70020E6E72E
:104E8000BD4201DBED1B0132BD4201DBED1B0132F6
:104E9000002D09DB002D0ADB4346002B00D01A60F1
:104EA000280080BCB846F0BDED19013AF2E7ED19D3
:104EB000013AF1E7F8B5C50FC20DFF2422404602C2
:104EC000760A80231B041E43CF0D3C404902490A49
:104ED0001943FF2A16D0002C17D0002A03D1002D29
:104EE00016D1002013E0A24211DB121B0023300078
:104EF000FFF7A0FF002D00D040429621091BFFF7CD
:104F0000E5FE04E0FF20C00501E0FF20C005F8BD7C
:104F100080200006FBE7F0B5CE46474680B583B05B
:104F20001600C30F9946C30DFF24234045026D0AA6
:104F30008022120490461543CF0FCA0D1440490237
:104F4000490A42460A439046002E01D000213160B2
:104F5000FF2B41D0002C42D0002B47D0FF2C40D05B
:104F6000611E99423DDC23D04A46002A00D06D42A2
:104F70001A1B01AB41462800FFF75CFF4300434585
:104F800003DC07D1019BDB0704D54346C01A019B14
:104F900001330193002F02D0019B5B420193002E4D
:104FA00001D0019B33609621091BFFF78FFE18E0AB
:104FB000454516DD4B46002B06D143465800281ABE
:104FC000012301930C00E5E743465800401B0123F1
:104FD0005B4201930C00DDE7FF20C00501E0FF20EC
:104FE000C00503B0C0BCB946B046F0BD0020F8E72C
:104FF00010B50022FFF78FFF10BD000007B5604617
:10500000002800D100BE01880A0A0230DF2AFAD146
:10501000C9B2820804D3028840880004104300E02B
:105020000068024A5050039007BD0000FC23002096
:10503000002230B5002906D5CD0705434808013ABE
:1050400010E0002230B505000D430FD0CD170C162F
:10505000AC4205D1C901440E2143C0010732F6E735
:105060000500080052423D320149884730BD00002A
:10507000EF290000C30FDB0741000A0E07D0FF2A0B
:1050800008D00909054A89181943400770471900D3
:10509000002070470249C918FAE7000000000038F4
:1050A0000000F07F01480421014B1847500D0020FB
:1050B000F53B0010014B1B6818470000500D002005
:1050C000014B5B6818470000500D002010B503002D
:1050D000080011001B68984710BD0000F8B50700D4
:1050E0000D001600437D002B02D0002400200CE0B0
:1050F00003681100280098472DE03B7D10E0022155
:1051000015483B689847601C0134B44214DA002CFF
:10511000F3DD2B19013B1B780D3B5A425341DBB2A7
:105120002A5D0A2AF0D1002BEED1A042E7DA211A3B
:1051300028183B689847E2E7B04203DA311A28188A
:105140003B689847002E06DDAD19013D2B780D3BDD
:105150005A4253413B75F8BD38BA001070B505008E
:105160000368002B16D00C4B1C6805E0290004C90D
:105170002000FFF7B3FF2469002C09D02368002B1F
:10518000F9D0064B1B68002BF0D0A342F3D1EDE71A
:1051900000232B6070BDC046BC1E0020C81E00202E
:1051A00070B505000C000B68802B05D021684B1CE6
:1051B00023606418257170BD0800FFF7CFFFF5E785
:1051C00010B5FCF755FE02000B1E0BDB0D4800214D
:1051D00012184B41002B0BDB002B0DDB0A4805F0AE
:1051E000DFFA10BD094B0A4A3F210A48FDF798FB38
:1051F00001225242084BEFE7044B054A3F21054884
:10520000FDF78EFB40420F00501700200CAD001040
:1052100020BA001028AD0010FFFFFF7F10B5024834
:1052200005F086FA10BDC04650170020F0B5CE46F6
:10523000474680B583B006000D0090461C00FFF77E
:10524000BFFF81466B1C05D0002C08D0194F1A4BAC
:105250001C6807E0300002F0DFFE0500F4E7174F9E
:10526000F5E72469002C17D02368002BF9D0144BE4
:105270001B68002B01D0A342F3D12A00310020008B
:10528000B8474346002BECD06B46D91D0A230B7060
:1052900001222000B847E4E74B46002B07D16B1EE4
:1052A0009D41E8B203B0C0BCB946B046F0BDFFF7BF
:1052B000B5FFF4E7CD500010BC1E0020DD500010FB
:1052C000C81E002010B582B004006B46D81D0470C3
:1052D000002300220121FFF7A9FF200002B010BD2A
:1052E000094A01E010331A001368002B08D08342EA
:1052F000F8D1002907D1036913600023036102E09C
:10530000002900D010607047BC1E002010B5064B6D
:105310001C6801E098472469002C03D06368002BC7
:10532000F8D1F8E710BDC046BC1E002070B50500DE
:1053300002F072FE04000023012201002800FFF7A2
:1053400075FFFFF7E3FF200070BD000070B5A2B04D
:1053500004000E00FFF734FF050000230193330023
:10536000220001A90848FEF71DFC040001A8FFF770
:10537000F5FEFFF7CBFF002D02D1200022B070BD5B
:10538000FFF74CFFF9E7C046A15100100FB400B57C
:1053900083B004A901C90191FFF7D8FF03B008BC8D
:1053A00004B0184710B500F037F910BD7047000081
:1053B000014B00221A7070472F2500204B79FF2BDC
:1053C0000CD18B79002B0BD1CB79012B0AD1082A78
:1053D0000AD98A78054B1A70092000E0002070472E
:1053E0000020FCE70020FAE70020F8E72F25002046
:1053F0000120704770B504000D000348FEF7EAFB7A
:1054000003002900200098475542000010B50129EB
:1054100026D1117953791B020B43124909788B422B
:1054200001D000201DE05378012B03D0022B10D0B7
:10543000002016E09178D3781B021943DB0506D5CE
:105440004B0A012098407F231940FFF7D3FF00202B
:10545000F9E7642200210020FDF708FA012000E0AE
:10546000012010BD2F250020012303700048704744
:105470003CBA001010B50B784878000218438A78BF
:1054800012041043CB781B0603439622D2009342AA
:1054900000D010BD00210800FFF7ACFF024B1860E0
:1054A000024B19607047C046201E0020241E0020B9
:1054B00010B5024B1878FBF7C7FB10BD3025002054
:1054C00070B5134B1B68002B1DD0114B1968EFF3FF
:1054D000108372B60A68002AFCD0BFF35F8F0C49B4
:1054E0004B6000220B4802700968BFF35F8F0A60AF
:1054F00083F3108800240025074B1878FBF7A4FBE2
:105500002000290070BDFA24A4000025F4E7C0465D
:10551000D8220020312500203025002010B584B08D
:1055200000212D4805F01CF900283AD12B4B1B68AF
:10553000002B3ED0294B1968EFF3108272B60B682E
:10554000002BFCD0BFF35F8F24494A6024480378C6
:1055500001246340DBB2012404700968BFF35F8F4C
:105560000020086082F31088002B22D0FCF7DAF9C3
:105570000400FCF77DFC02000B1E1CDBFA208000FF
:10558000002112184B41002B1BDB002B1DDB0121DE
:10559000029100210191134900912000FCF7D8F9F4
:1055A00007E001200021404201F0F0F80A4805F030
:1055B000BFF804B010BD0C4B0C4A3F210C48FDF75E
:1055C000AFF9012252420B4BDFE7074B074A3F215D
:1055D0000748FDF7A5F9C04600250020D822002085
:1055E00031250020C15400100CAD0010E8BA0010A5
:1055F00028AD0010FFFFFF7F10B5054B186800288D
:1056000004D0044B1968002200F0E6FD10BDC0462E
:10561000201E0020241E002010B584B0D0231B06BD
:105620001C68FCF77FF9FCF7C3FAA0422AD1324B81
:105630001B7801F093FD3148FBF7E4FD0120FBF7F7
:10564000C5FDC0B22E4C20702E49FBF71FFB207801
:105650000121FBF7F1FA0520FBF706FB041E17D02A
:10566000002229490520FBF73BFBFBF753FA010019
:105670002648FBF7E3FD01212548FFF731FE200016
:1056800004B010BD234B244AB2212448FDF748F949
:10569000FCF748F90400FCF7EBFB02000B1E1BDBD8
:1056A000FA208000002112184B41002B1ADB002B3E
:1056B0001CDB012102910021019119490091200078
:1056C000FCF746F9C443E40F082200210F48FFF716
:1056D000F1FC002CD3D0CEE7124B134A3F211348E4
:1056E000FDF71EF901225242114BE0E70D4B0E4A25
:1056F0003F210E48FDF714F954C600100025002084
:10570000302500201D550010B1540010D822002073
:10571000600D0020A4AB0010D8BA001054BA0010DD
:10572000C15400100CAD0010E8BA001028AD0010F4
:10573000FFFFFF7F10B5002001F030FA10BD000020
:1057400070B505000C00FFF7F5FF002845D00020DC
:1057500001F046FA002843D0FCF78AFB02000B1E3A
:1057600021DB2248002112184B41002B21DB002BAA
:1057700023DB1F4805F014F8002834D0FFF7DAFFC8
:10578000002804D0002001F02BFA00281BD10120B2
:105790000021404200F0FAFF03246442144804F060
:1057A000C7FF200070BD134B134A3F211348FDF77C
:1057B000B7F801225242124BD9E70E4B0E4A3F2155
:1057C0000E48FDF7ADF822002900002001F014FA80
:1057D000041EE3D103246442E0E703246442E0E7CB
:1057E00003246442DDE703246442DAE740420F0009
:1057F000002500200CAD0010E8BA001028AD001004
:10580000FFFFFF7FF0B5C64600B580460C00FCF7F1
:105810002FFB02000B1E0FDB3748002112184B41F3
:10582000002B0FDB002B11DB344804F0B9FF0028FC
:1058300012D180BCB846F0BD314B324A3F213248CC
:10584000FDF76EF801225242304BEBE72C4B2D4A0C
:105850003F212D48FDF764F8FFF76CFF002849D180
:105860002B4B0020002118605960244804F060FF91
:10587000DFE701200021404200F088FF002001F016
:10588000CFF9FFF757FF0028EFD0002001F040FAD2
:10589000002820D0A542E8DA661B002001F038FA83
:1058A0000200864200DC3200002AE2D04346591949
:1058B000002001F011FA060001200021404200F012
:1058C00065FF002001F0ACF9AD19FCF7D1FA104BDF
:1058D00018605960DEE7FCF7CBFA0D4B1E685F6875
:1058E0000C4A002392197B419942BED8D2D19042F2
:1058F000D0D9BAE70025CDE740420F0000250020AF
:105900000CAD0010E8BA001028AD0010FFFFFF7FBB
:105910007018002020A107000048704780BB0010CD
:10592000004870472CBB001010B50400154B1B78C5
:10593000002B0ED0002C11D1134B144A5A80012396
:1059400001335B001BB2C022920013430E48038058
:1059500010BD11210B4800F025F8EBE7052C0ED8FF
:10596000A4000B4BE4580023122BE9D8E25C002A78
:10597000E6D00133590004484252DBB2F4E700207C
:10598000E6E7C04618250020941E00200904000008
:1059900094BB001010B5024800F034F810BDC046AA
:1059A000F022002010B5002901D000230AE0114B9D
:1059B000114A1F311148FCF7B3FF00240DE03732C4
:1059C000C25401334A1E9A420FD90F2B0DD85A08E0
:1059D0000B4CA25CDC07F0D40424224114000F22FB
:1059E0002240092AEBDC3032EAE7C01800230370BA
:1059F00010BDC046ACBB001018BC0010B4BB0010FA
:105A0000F022002070B588B0040004AD0026049692
:105A10000922002105A8FFF74DFB0096092200216D
:105A200001A8FFF747FB4B232B700D226946280086
:105A300004F076FE002304E05A1D69468A5CE254B5
:105A40000133072BF8DD08B070BD000002007F2095
:105A50001040D209400080184001014BC018704727
:105A6000D01E002010B5038B3F333F229343022901
:105A700015D0124C2268C260D31823609C0610D146
:105A80000F4C6240634080246401A3420FD8890612
:105A9000114380231B0619434368196010BD5B0046
:105AA000E7E7084B084A54210848FCF739FF084B40
:105AB000054A56210548FCF733FFC046D422002092
:105AC00000001050C0BD0010F4BE0010F0BD00106A
:105AD00060BE0010F8B505000E001400FFF7B6FF19
:105AE0007F232B40EF0985707A427A414270002271
:105AF000C2700683C476012F0DD0DA0012498C469D
:105B000062448260826800211160002B09D14360E9
:105B10000E4BC360F8BDDA000D498C4662448260CA
:105B2000F0E7012F09D0013BDB000A4A94466344A9
:105B300043602100FFF796FFECE7013BDB00064ADC
:105B4000944663444360F4E7840010500001105011
:105B5000800010500C0010500800105070B50C0060
:105B60001500FFF773FF2A00210000F00DF970BD4A
:105B700010B5002804D101210520FBF75DF810BD08
:105B8000D521034B034A49000348FCF7C9FEC04630
:105B9000A8BE0010E4BE0010F0BD001010B5002833
:105BA00005D1002200218020FFF7D8FF10BDDB21A6
:105BB000024B034A49000348FCF7B2FEA8BE00109E
:105BC000D4BE0010F0BD0010024B80225202DA64F5
:105BD0007047C0460020115070B5041E26D100F059
:105BE000ADF8164D0C23AB67FF2215490520FBF7D6
:105BF00077F8402200211348FFF75CFA0022402189
:105C00000020FFF767FF002240218020FFF762FF9E
:105C100004F0D6FD01232B6480239B05EB649023C5
:105C2000094AEA502000FFF7CFFF70BD8621074BDD
:105C3000074AFF310748FCF773FEC04600001150C9
:105C4000A1040020D01E002010D00100A8BE00102A
:105C500008BF0010F0BD00100B785B0602D14B7836
:105C6000052B00D070478A78014B1A60FAE7C046CE
:105C70000000115010B50C0000280DD1097963798E
:105C80001B020B435B05590DE2789207920FA07837
:105C9000FFF720FF012010BDFC21034B034AFF3119
:105CA0000348FCF73DFEC046A8BE0010C4BE00106D
:105CB000F0BD001010B504F083FD10BD10B5040058
:105CC000080011001A00002C03D1FFF747FF012044
:105CD00010BD034B034A04490448FCF721FEC046AB
:105CE000A8BE0010B4BE00100A020000F0BD0010F3
:105CF00010B508004B0605D1CB09012B0AD00222B2
:105D0000054B9A66FFF7A2FE80221201002104F0E3
:105D100067FD10BD0122F3E70020115010B5080007
:105D20004B0600D110BDFFF791FE0023C370002287
:105D3000014904F055FDF5E7FFF7FFFF10B580239B
:105D40005B040C4A13600C4A13600C4B9A68802366
:105D50005B049343F9D10A4C9C2200212000FFF7F9
:105D6000A9F98022520100210648FFF7A3F909236F
:105D7000636710BD00E0004000F0004000C000403C
:105D8000000011500000105070B504000D00160006
:105D9000837E002B17D1A6820023E3820133A376F2
:105DA0002561200004F024FD002804D0094A902336
:105DB00080218902D150200004F0AAFC002805D0DF
:105DC0000123237770BD04F003FDE4E7200004F015
:105DD000EFFCF7E70020115070B5050000240CE03F
:105DE00063001B19DA00184B1B689B18002B2AD084
:105DF0005B68280098470134E4B2144B1B78A34237
:105E000010D3134A002A0BD0A342E9D8E31ADBB21D
:105E1000002B18D15A00D218D2000E4B9B18E5E780
:105E20002300F5E70C4C532200212000FFF742F934
:105E3000E01C1022FF21FFF73DF920001330202243
:105E4000FF21FFF737F970BDCC180020292500206D
:105E500069540010B4C00010F41B002010B5FFF707
:105E6000BBFF00F0F1FD10BD70B505000C00160081
:105E7000C86800F0F3FDE36832000121280098476C
:105E800070BD0000F0B5DE4657464E46C0B582B044
:105E900000900139C8B2FFF743FD002800D18CE023
:105EA00043789A46022B00D089E0C5796A11013BFC
:105EB0004B491A4014010A781027BA4322430A704A
:105EC000AD112B405B01D2B22024A24313430B70CF
:105ED000060009368278C478240214430419A642C5
:105EE00064D273780B2B09D001239B467378042B63
:105EF0006CD1A31B9BB29946002525E0F3789B4605
:105F00003378F618F2E76F007F19FB00354A1768FF
:105F1000FF182BE02B0022E0BA68334B9A4234D1B1
:105F2000D34632E02E482B00019F3A003100133057
:105F300001F0A2F9BC4666442C4B1B78AB42CED292
:105F400000203DE00135EDB2284B1B78AB42F3D386
:105F5000274A002ADED0AB42D5D8EB1ADBB2002BA1
:105F600036D15F00FB18DB00224FFF18002F31D025
:105F70004A4631000098BB68984701900828E1D94B
:105F80008145DFD35B46012BC6D000229345C9D99A
:105F9000B3789B18DBB21249C918C978FF291BD105
:105FA0000F49CB18DD700132D2B2EFE7124B002B54
:105FB00014D000E000BF012002E0002000E000203B
:105FC00002B0E0BCBB46B246A946F0BD0020F7E7F0
:105FD0000020F5E70020F3E70020F1E70120EFE7DC
:105FE000F41B0020CC1800202D6E00102925002065
:105FF00069540010B4C000100000000070B5050026
:106000000C00CB7888780F2B50D89A002E498A58EC
:106010009746FFF781FC020012232100280000F0C0
:10602000D9FC44E0294B002B42D000E000BF021E07
:1060300040D08178C3781B020B432100280000F078
:10604000C9FC34E0022B09D0214B002B34D000E0F6
:1060500000BF0200002A05D1002028E0FFF760FC05
:106060000200F7E79178D3781B020B432100280048
:1060700000F0B0FC1BE02379617909021943FFF7B6
:1060800053FC021E1AD003782100280000F0A2FC65
:106090000DE0104B002B13D000E000BF021E11D00A
:1060A00003782100280000F095FC00E0002070BD7E
:1060B0000020FCE70020FAE70020F8E70020F6E7E0
:1060C0000020F4E70020F2E728C0001000000000E4
:1060D0000000000000000000024B5878431E984169
:1060E000C0B27047F41B0020024B18784007C00F65
:1060F0007047C046F41B0020034B1878FF38431E3E
:106100009841C0B27047C0469C0D002070B5040095
:10611000FFF7F2FF061E01D0300070BD53220021B0
:106120002348FEF7C7FF234D2800FBF76BF8224BEF
:106130001D60224D28001430FBF78AF8280001F07A
:10614000F0FB1F4B1D601F4B002B04D01E48FFF7B8
:106150008BF91E4B186000250BE06B005B19DA0011
:106160001A4B1B689B18002BD6D01B68984701352B
:10617000EDB2154B1B78AB4210D3124A002A0BD05C
:10618000AB42EAD8EB1ADBB2002BC5D15A00D218C9
:10619000D2000F4B9B18E6E72B00F5E70D4B1C7068
:1061A0002000FFF719FD2000FFF7E2FC0126B3E70E
:1061B000F41B0020AC1B0020481C0020800D002098
:1061C0004C1C00206954001029250020CC18002008
:1061D000B4C000109C0D0020F0B585B007000E0083
:1061E000150001AC0C2200212000FEF763FF0823FC
:1061F0006370029703962900200004F0C1FA05B0ED
:10620000F0BD000070B50C00094B1D788B78702232
:106210001A4201D0002070BD064B9978200000F092
:10622000EFFF0028F7D021002800FFF723FDF2E759
:106230009C0D0020F41B0020F8B5CE46474680B5E3
:1062400081460C0017001E00089B9846002504E0BC
:10625000099A13702378E4180135AF4214DD63788E
:10626000052B16D1E1788907890FB14213D121009E
:106270004846FFF7C7FF002807D0A378DA09012AAC
:10628000E6D042461370E5E70120C0BCB946B046EF
:10629000F8BD0020F9E70020F7E7000010B57F20E7
:1062A0000840C9094000401830300449081803303C
:1062B000034B196800F05EFF10BDC046F41B0020C0
:1062C000481C002010B57F200840C9094000401834
:1062D0003030044908180330034B196800F072FF8E
:1062E00010BDC046F41B0020481C0020F8B5CE4667
:1062F000474680B5194800787F250D40CE096F00CC
:10630000174CE419A4193034E478E40704D50020CC
:10631000C0BCB946B046F8BD114CE419A4193027E9
:10632000B946A1444C46E4780127BC4667463C4345
:1063300027004C46E770FFF7C1FC0028E8D16D004C
:10634000074B5D19AE193036F37801229343F37091
:10635000F37803329343F370DAE7C0469C0D0020D4
:10636000F41B002070B50F4B18787F240C40CD092A
:1063700062000D4B9B185B193033DB789B0700D50F
:1063800070BDFFF7B5FC6300074CE41864193034A6
:10639000E37802221343E370E37801221343E370AE
:1063A000EEE7C0469C0D0020F41B002070B50F4B9B
:1063B00018787F240C40CD0962000D4B9B185B19A7
:1063C0003033DB789B0700D470BDFFF7A7FC630078
:1063D000074CE41864193034E37802229343E370E5
:1063E000E378013A9343E370EEE7C0469C0D00204A
:1063F000F41B00207F220A40CB0952000349891870
:10640000C9183031C8788007C00F7047F41B0020CE
:10641000F0B5C64600B582B005000C00002000F0C3
:106420001DFB237860221340602B00D185E1402BB7
:106430000FD02278D206D20E012A00D1C9E0022A5A
:1064400000D10FE1002A11D0002002B080BCB84674
:10645000F0BDC74B002B00D171E1180000F0FEFA2F
:1064600022000121280000E000BFEEE7202B0AD027
:10647000002B00D06BE16378092B00D969E19B0008
:10648000BC4AD3589F4623790F2B00D959E1BA4A09
:10649000D318DB78B94A002A05D0B94A127893425A
:1064A00011D39B1ADBB2002B00D04CE15900CB1862
:1064B000DB00B449C918002900D146E122002800B8
:1064C000FFF7D2FCC1E75900CB18DB00AE4A1168D8
:1064D000C918F0E7200000F0C7FAA1782800FFF7FC
:1064E0005DFBA54A137802210B4313700120ACE732
:1064F000A14B5B786A460632137001232100280005
:1065000000F068FA0120A0E7A6789B4B5B78DBB22D
:10651000B34205D0984B5B78002B09D1002E13D1E4
:10652000954B5E702100280000F038FA01208CE7BE
:106530002800FFF7BFFB904FBB7898462800FFF775
:106540004BFC4346BB70E9E731002800FFF79AFC9B
:106550000028E5D179E721002800FFF74FFD74E717
:10656000A278E3781B021343012B01D000206CE7D3
:10657000814A137808210B4313702100280000F092
:106580000DFA012061E7A278E3781B021343012B87
:1065900001D0002059E7784A137808218B43137003
:1065A0002100280000F0FAF901204EE7724B1A781A
:1065B0005109920801230B4002210A4013436A4605
:1065C0000632138002232100280000F003FA012084
:1065D0003BE723790F2B00D9BDE0674AD318D97860
:1065E000664B002B05D0664B1B78994228D3C91AFD
:1065F000C9B2002900D0B0E04B005B18DB00614954
:10660000C918002900D1AAE022002800FFF72CFCBD
:10661000002800D019E7237860221A4200D014E73E
:1066200063780A3B012B00D90FE700F017FA637873
:106630000A2B0CD02100280000F0B0F9012004E75B
:106640004B005B18DB00504A1168C918D9E76B464C
:106650009A1D0023137001332100280000F0BAF9BD
:106660000120F2E621797F220A40CE0970200842FB
:1066700077D15200404882189219D27C3F480028B6
:1066800005D03F480078824212D3121AD2B2002AB3
:1066900015D15600B218D2003A4EB618002B10D0C1
:1066A000002E60D0220031002800FFF7DDFBCCE691
:1066B0005600B218D20034480668B618EEE7002635
:1066C000ECE76378012B12D0032B10D0002B01D004
:1066D0000020BAE62800FFF78DFE6B469A1D108059
:1066E00002232100280000F075F90120ADE6A7780B
:1066F000E27812023A4304D1012B1AD02800FFF7A6
:1067000031FE002E31D0220031002800FFF7ACFB13
:10671000002000F0A3F9184A3423D35CDB07D80F1C
:10672000002B00D091E62100280000F037F901206D
:106730008BE62800FFF73AFEE3E7002085E600201D
:1067400083E6002081E600207FE600207DE6002031
:106750007BE6002079E6002077E6002075E6002041
:1067600073E6002071E600206FE601206DE6C0466A
:106770000000000068C00010F41B002069540010E5
:1067800029250020B4C00010CC18002030B585B0F9
:1067900000F0E9FC002808D105B030BD01AC20783C
:1067A000FFF75CFB22795D4B9A705D4B1C68210002
:1067B00014316269EFF3108072B61368002BFCD0BD
:1067C000BFF35F8F486001A9200001F04DF86269B6
:1067D000A369BFF35F8F0021116083F31088002845
:1067E000DAD001AB5B78082BDFD89B004D4AD35839
:1067F0009F4601AB1878FFF731FB4B4B002BD4D0F1
:1068000000E000BFD1E7454B1A78012401210A437B
:106810001A703322995CA1439954995C04208143F6
:1068200099540132995CA1439954995C81439954DC
:1068300001AB187802A9FFF7EBFD0028B5D101AC38
:1068400020780021FFF754FA20788021FFF750FAD2
:10685000ABE701AB19797F220A40CC0950002F4BDE
:106860001B181B193033D8780125A843D870D87865
:106870000335A843D870002A1FD05200274B9A181E
:106880001219D37C294A002A05D0294A127893424A
:106890001AD39B1ADBB2002B00D07DE75A00D21826
:1068A000D200244B9B18002B00D175E71C6901A86E
:1068B0004279039B0078A04777E701A84279039BC0
:1068C000007800F0DFF870E75A00D218D2001A4BB7
:1068D0001B689B18E7E7114B1B78DB0700D464E7C4
:1068E000164B002B00D160E70C4B18780007C00F47
:1068F00000E000BF59E7094B1B78DB0700D454E7E1
:106900000F4B002B00D150E700E000BF4DE7029B8A
:10691000002B00D149E70398984746E7F41B002075
:106920004C1C002090C000100000000069540010B2
:1069300029250020B4C00010CC1800200000000061
:1069400000000000F8B50500124B9F89DE89B91BD5
:1069500089B20B1C402900D940239CB20D4B1B78F7
:106960005BB2002B08DB0021B74211D00A4A23009A
:106970002800FFF7BBFCF8BDB74201D18021F3E747
:10698000044B996822000448FEF79AFB8021EBE74C
:106990000022ECE7981B0020B41B002070B5060015
:1069A0000C000B4D08222800FEF78AFB0023AB6089
:1069B000EB81AB810023E356002B06DB8021002313
:1069C00000223000FFF792FC70BD0021F7E7C046BF
:1069D000981B0020F0B5C64600B580460C00160096
:1069E0001D00184F08223800FEF76AFBBE60002326
:1069F000FB81A379E179090219430B1CA94200D953
:106A00002B1C99B20F4A9381A279E3791B0213439D
:106A100009D0002901D0002E12D04046FFF792FF86
:106A200080BCB846F0BD0023E356002B06DB802176
:106A3000002300224046FFF759FCF1E70021F7E769
:106A40000020EDE7981B002010B514220021024819
:106A5000FEF730FB10BDC046981B0020014B1861AB
:106A60007047C046981B002010B50100044C082256
:106A70002000FEF725FB0023A360E381A38110BD66
:106A8000981B002070B505001C00C9092D4B1B7810
:106A9000DB098B4211D0002C50D12B4B002B02D0A4
:106AA0002849FFF7D9F8274B1B69002B03D0254A4B
:106AB000032128009847012070BD224B1B785BB250
:106AC000002B07DB1F4B9868002839D022001F4994
:106AD000FEF7F6FAA2B21B49CB89D3189BB2CB8141
:106AE0008A6812198A60CA88934201D03F2C21D843
:106AF000144B1B69002B05D0124A0221280098472D
:106B000000280DD00F4B1B785BB2002B06DB8021D9
:106B1000002300222800FFF7E9FBCDE70021F7E77B
:106B200000212800FFF7E4F880212800FFF7E0F8B3
:106B30000120C1E72800FFF705FFBDE70020BBE704
:106B40000020B9E7981B0020595C0010B41B0020FE
:106B500070B5040005001035280000F06FFE3F28D6
:106B600001D8002070BDE1780020FFF797FB0028D6
:106B7000F8D0280000F062FE3F2808D992239B003D
:106B8000E218E17840230020FFF7B0FBEAE7E17864
:106B90000020FFF797FB0020E4E7000010B5040099
:106BA000FFF79AFA00280CD10022002A11D0B22354
:106BB0009B0063430948C0180379DB070BD501200C
:106BC00008E0FFF791FA002801D10122EDE7002249
:106BD000EBE7002010BD0020FCE7C046D0180020E5
:106BE00010B5B2239B0058431030024BC01800F080
:106BF000F4FD10BDD018002070B5B2239B0058439F
:106C0000064BC51892B21030C01800F04EFE0400BA
:106C10002800FFF79DFF200070BDC046D01800205F
:106C200070B50500FFF758FA002804D10023002BA7
:106C300009D1002070BDFFF757FA002801D10123C8
:106C4000F5E70023F3E7B224A4006C432034214B82
:106C5000E4180434200000F0C0FD002801D1002019
:106C6000E8E7B22292006A431A4B9B1899780020F9
:106C7000FFF714FB002801D10020DBE7B226B600A5
:106C80006E43A2239B009C466644124BF61840229A
:106C90003100200000F009FE041E0ED0B22080005A
:106CA00068430C4D2D18A978230032000020FFF70F
:106CB0001DFB00280CD02000BCE7B22080006843F8
:106CC000044D2D18A9780020FFF7FCFA0020B1E749
:106CD0000020AFE7D018002070B50500B224A40052
:106CE00044432034094BE418043492B2200000F0ED
:106CF00013FE0600200000F070FD3F2801D8300090
:106D000070BD2800FFF78CFFF9E7C046D0180020BF
:106D100010B5B2239B0058432030034BC0180430F9
:106D200000F08CFD10BDC046D0180020F0B5CE4656
:106D3000474680B583B0B222920000212848FEF772
:106D4000B9F90026002E04D003B0C0BCB946B04645
:106D5000F0BD234FB224A40074433D19FF236B718F
:106D6000002398461F4AEA8001222A81AB72EB7207
:106D700008232B7321003831C919F83399462000B4
:106D80001030C0194346009301334A4600F0E7FC37
:106D900021003931FF31C91920002030C0190430D9
:106DA000012300934A4600F0DAFC8E239B00E3188F
:106DB0009946B9444846FAF725FA4346EB614B46F3
:106DC0002B6290239B009C466444E4192000FAF750
:106DD00019FA2C6343466B630136F6B2B2E7C0463C
:106DE000D018002000C2FFFF70B50025002D00D094
:106DF00070BDB224A4006C430B4EA01905220021E3
:106E0000FEF758F920001030801900F08AFD203478
:106E1000A4190434200000F084FD0121200000F0BA
:106E20009FFD0135EDB2E1E7D0180020F0B583B049
:106E300006004B79022B50D18B79022B51D10023C4
:106E4000002B08D00027002F4DD08B783B700C789A
:106E50000C19092511E0B224A4005C43254800194F
:106E60008078002802D00133DBB2E9E7214FE7192F
:106E7000E9E721784D19ADB264186378242B01D16C
:106E80009542F6D9052B09D06378042B02D163799A
:106E90000A2B10D03800FFF75BFE1FE02100300006
:106EA000FFF7B0F9002820D0A3787B70227855191D
:106EB000ADB2A418E8E721784D19ADB26118BB1C3A
:106EC0000193FB1C0093022302223000FFF7B4F968
:106ED00000280CD00E35ADB2DCE70025280003B049
:106EE000F0BD0025FAE70025F8E70025F6E70025C4
:106EF000F4E7C046D0180020F8B5140012786023DB
:106F00001340202B00D07FE0444A0025002D00D004
:106F10007CE01678277963791B023B439E4206D0BA
:106F20000135EDB2B2239B009C466244EEE76378E4
:106F3000222B31D009D8202B11D0212B03D10129AC
:106F400023D0012061E000205FE0232B05D101293F
:106F500049D003294CD0012057E0002055E00129F9
:106F600003D0032908D001204FE006320723210077
:106F7000FFF730FD012048E0294B002B48D0911D40
:106F80002800FEF777FA01203FE0063207232100B0
:106F9000FFF720FD012038E0012903D0032906D0A6
:106FA000012032E02100FFF7F9FC01202DE0A1785B
:106FB000E3781B020B430120190001400E005C081E
:106FC000044013714B425941C9B22432100000F001
:106FD000C7FC144B002B1DD022003100280000E01C
:106FE00000BF012011E02100FFF7D8FC01200CE0D8
:106FF0000D4B002B10D0A378E1780902194328002B
:1070000000E000BF012000E00020F8BD0020FCE708
:107010000120FAE70120F8E70120F6E7D018002068
:10702000755400100000000000000000F0B5D646C6
:1070300000B582B001900F0000930024002C0ED008
:10704000002C00D07CE0EB78BB4216D0AB78BB4282
:107050004DD00124200002B080BCBA46F0BDB2255C
:10706000AD006543394BED18EB78BB42E8D0AB7807
:10707000BB42E5D00134E4B2E0E710239A46AA44CB
:1070800092239B00E9186B461A88504600F044FC96
:107090002F4B002B1BD06B79FF2B18D0002600E064
:1070A0000136009B9E4212D26A79AB199221890067
:1070B0008C4663441B789A42F2D1504600F0A2FB02
:1070C0000028EDD16979200000E000BFE8E7214BFE
:1070D000002B04D0504600F095FB002803D0280078
:1070E000FFF736FDB2E72000FEF786FAF7E71A4B06
:1070F000002B02D0200000E000BF2000FFF790FD31
:10710000002801D00124A5E72800243000F065FB09
:10711000002817D1009B002B16D09B0601D001241C
:1071200098E7A9780198FFF7B9F8041E01D1012466
:1071300090E7A978002300220198FFF7D7F889E7A4
:10714000002487E7012485E7012483E7D018002085
:1071500000000000F95500100000000010B50020EC
:10716000FEF7D4FF10BD10B5FEF7C6FF002800D013
:10717000012010BD70B504000D000378DB07DE0FA1
:10718000002B1CD103785B071AD401214942280047
:1071900003F0EEFA2378DB0704D423785B070CD5E1
:1071A000002600E00026002E03D02378042213439B
:1071B0002370280003F0BCFA02E00126F3E7002662
:1071C000300070BD70B504000E000121494230004E
:1071D00003F0CEFA23785B070BD40025002D03D0F3
:1071E0002378042293432370300003F0A1FA28008F
:1071F00070BD2378DB0701D50025EFE70125EDE71A
:1072000010B5047943791B0223435B055B0DC278FB
:107210009207920F022A0FD0032A19D0012A01D017
:10722000002010BD022904D0124A9A421AD301202C
:10723000F7E78022D200F8E7022903D0402B15D8C7
:107240000120EEE78022920093420DD10120E8E771
:10725000022904D040229A420AD30120E1E7802289
:10726000D200F8E70020DCE70020DAE70020D8E7CA
:107270000020D6E7FF03000030B58A1801E00C7843
:10728000091991420AD24C78052CF8D18D787A34BC
:107290002C4064000419ED096355F0E730BD03008C
:1072A0008A1890B2814202D85A00904203DB5B00F8
:1072B0009BB2C01A80B2704770B505000800AC8858
:1072C0009A420BD3D11A89B200291ED08C4210D217
:1072D000944209D8131B9BB26B810AE0D11A89B280
:1072E0006600891989B2EFE7A21893B2F4E71B1B75
:1072F0009BB29C42FBD92968EA885204520C534342
:10730000C918FDF7DDFE012070BD0020FCE7F0B5D7
:1073100083B0060093080CE00B784D782D021D43D6
:107320008C7824042543CB781B062B43336004312F
:107330003B005F1EBFB2002BEED10333100018409C
:107340001A4201D103B0F0BD00230193020001A84D
:10735000FDF7B6FE019B3360F4E7F0B5DE46574615
:107360004E464546E0B583B005008A460CA909782B
:107370008488E01A80B21C1B1419A4B2EF887F0421
:107380007E0C07007743BFB27443A4B2A346734395
:107390002C68A0469844002908D001291AD003B0CF
:1073A000F0BCBB46B246A946A046F0BD904205D30C
:1073B000724341465046FDF783FEF0E73A004146EE
:1073C0005046FDF77DFE2968380050445A46FDF7C7
:1073D00077FEE4E7904206D3724392B241465046AC
:1073E000FFF795FFDBE703233A009A4391464146B6
:1073F0005046FFF78CFF43464B4403213A000A40B6
:107400000F4230D00421891A89B2081C594500D98D
:107410005846C7B2FF2101405846441AA1B28B46D4
:107420000021019101A804E01A78027001300A00DD
:107430000133511EC9B2002AF6D1296804E00A7846
:10744000027001301F0001317B1EDBB2002FF6D12C
:107450005346019A1A605B46002BA0D05A4650460C
:10746000FFF755FF9BE72968F5E7F0B5C64600B57D
:1074700082B01E0008AB1B8809AC277884889E4226
:107480000FD3F51AADB2002D1FD0AC4205D2B442D5
:1074900010D8331B9BB24381250095420FD31500B2
:1074A0000DE0F51AADB2A8466500AC464546654408
:1074B000ADB2E8E7A619B3B2EDE71B1B9BB29C4245
:1074C000FBD900972A00FFF748FF280002B080BCD4
:1074D000B846F0BDF0B583B004000D0016001F00E3
:1074E0000069002803D00121494203F041F92389B2
:1074F0009BB2628901970092320029002000FFF7B9
:10750000B4FF0500618989B2A0882A00FFF7C7FE91
:1075100060812069002801D003F00AF9280003B037
:10752000F0BD70B582B01600950809E00B680370D5
:107530001D0A45701D0C85701B0EC370043025009C
:107540006C1EA4B2002DF1D1032332001A401E425A
:1075500001D102B070BD0B68019301A9FDF7B0FD28
:10756000F7E7F0B5DE4657464E464546E0B583B0F0
:1075700005008A460CA90878AC88E11A89B21C1B60
:107580001419A4B2EF887F047E0C0F007743BFB2BA
:107590007443A4B2A34673432C68A04698440028C1
:1075A00008D001281AD003B0F0BCBB46B246A946A9
:1075B000A046F0BD914205D3724351464046FDF7C7
:1075C0007FFDF0E73A0051464046FDF779FD286817
:1075D000390051445A46FDF773FDE4E7914206D362
:1075E000724392B251464046FFF79BFFDBE703230D
:1075F0003A009A43914651464046FFF792FF434670
:107600004B4403213A000A400F422ED00421891A2C
:1076100089B2081C594500D95846C7B2FF2101401C
:107620005846441AA1B28B4651460968019101A9F6
:1076300004E00A781A70013102000133501EC0B212
:10764000002AF6D1286804E00A78027001311F0090
:1076500001307B1EDBB2002FF6D15B46002BA2D09F
:107660005A465146FFF75DFF9DE72868F5E7F0B5FC
:1076700085B006000391151E029300D16DE0C0682D
:10768000002803D00121494203F072F83489A4B2E2
:10769000718989B2F379DB091AD1B3888C420FD38F
:1076A000611A89B28B4211D95B1A9BB22F1C9D4281
:1076B00000D91F1CBFB2002F47D0B288230035E08D
:1076C000611A89B25A00891889B2EBE70023EDE705
:1076D000B788AF420ED8029B002B21D1ED1BF38857
:1076E0005B045A0C6A43039B9C4694446346039391
:1076F0000C00E0E78C420DD3631A9BB25B197A0051
:1077000093420FDB7A1B92B23800FFF7C8FD0400EA
:107710002F00D0E7631A9BB27A009B189BB2EDE76B
:107720000C00C8E72F00C6E79B1A9BB29A42FBD910
:10773000029A00923A0003993000FFF712FFB088D6
:107740003A002100FFF7ABFD3081F068002801D03E
:1077500002F0EEFF380005B0F0BD1700FAE7F0B513
:1077600083B00400019116001D0008AB1F78802330
:107770001B029A422DD8C068002803D0012149423B
:1077800002F0F6FF2069002803D00121494202F0EF
:10779000EFFF019B2360A6806D046B0CE288D20B87
:1077A000D5031D43E580FB01E2797F2717401F4386
:1077B000E771002363812381E068002801D002F093
:1077C000B7FF2069002806D002F0B2FF012003B005
:1077D000F0BD0020FBE70120F9E7818803899BB217
:1077E000428992B2934207D39B1A9BB2081C9942DA
:1077F00000D9181C80B270479B1A9BB24A009B1894
:107800009BB2F3E7030000895B89C01A43425841E9
:10781000C0B27047818803899BB2428992B2934279
:1078200006D39B1A9BB200208B424041C0B27047E6
:107830009B1A9BB24A009B189BB2F4E7828803898B
:107840009BB2408980B2834206D31B1A9BB29A42F4
:1078500008D9D31A98B270471B1A9BB250001B1854
:107860009BB2F4E70020F6E770B504000D00006954
:10787000002803D00121494202F07AFF228992B206
:1078800063899BB229002000FFF716FD050061897E
:1078900089B282B2A088FFF702FD608120690028CA
:1078A00001D002F045FF280070BD10B50023FFF79E
:1078B00011FE10BDF8B504000E00C068002803D00A
:1078C0000121494202F054FF2589ADB22000FFF7A3
:1078D000A1FF002802D0E779FF0916D0A2882B006B
:1078E00001E09B1A9BB29A42FBD9E2885204520CE7
:1078F00053432168C8183100FDF7E2FBA08801223C
:107900002900FFF7CCFC20810127E068002801D086
:1079100002F00EFF3800F8BD10B50023FFF7A7FEF8
:1079200010BD10B50400C068002803D001214942F1
:1079300002F01EFF2069002803D00121494202F015
:1079400017FF002363812381E068002801D002F043
:10795000EFFE2069002801D002F0EAFE012010BDF0
:1079600070B504000D00C068002803D00121494211
:1079700002F0FEFE2069002803D00121494202F0F6
:10798000F7FEED01E3797F2119402943E171E068B9
:10799000002801D002F0CCFE2069002801D002F0BE
:1079A000C7FE012070BD000070B50B0C0024150C43
:1079B000002B28D1002D37D18BB291B2594300F062
:1079C00047F8051E19D00300083B5A6803239A4361
:1079D000043A242A13D80300132A0AD90460446005
:1079E00008331B2A05D98460C460242A25D00300EB
:1079F000103300221A605A609A60280070BD00217E
:107A0000FDF758FBF9E7002D11D1151C89B292B290
:107A10004A43ADB29BB26B43110C5B18190C06D1F3
:107A2000190492B21143CAE72B1C0D1CEEE700F0BB
:107A300009F80C2300250360DFE703000461183315
:107A40004461D6E7014B18687047C046A00D00207E
:107A5000F0B54E464546DE465746E0B50D000B35BF
:107A6000060083B0162D22D8102900D9B2E000F00C
:107A7000B1FA102518230220CC4FFB181A005C68BD
:107A8000083A944200D1B5E0032362689A43130098
:107A9000E268A168CA6091600122E3185968300069
:107AA0000A435A6000F09EFA2000083095E0072350
:107AB0009D4300D58EE0A94200D98BE000F08AFA00
:107AC000FC235B009D4200D2A7E1680A00D18BE055
:107AD000042800D97AE138239846A809804439302F
:107AE000C100B24F79184C680839A1420ED0032367
:107AF0009C4604E0002ACBDAE468A14206D0624644
:107B0000636893435A1B0F2AF4DD40463A003C69F0
:107B10000832944200D178E0032361689943894692
:107B20000B00491B0F2900DD7BE17A613A610029D6
:107B3000B2DA80229200914500D30FE15909DA08A8
:107B400001238B40D2007968D2190B4391687B6086
:107B5000E260A1609460CC60012182109140994262
:107B600059D80B4205D103229043490004300B42FF
:107B7000FBD003239846C3009946B944CC468246BD
:107B80006346DC68A44507D12CE1002A00DB35E11F
:107B9000E468A44500D125E14246636893435A1B3B
:107BA0000F2AF2DD01208046611905436560A06857
:107BB000E5680837C560A86040461043F960B960C1
:107BC0004860CF6030008F60E25000F00BFA200078
:107BD000083002E00C230020336003B0F0BCBB4649
:107BE000B246A946A046F0BD80213F2340209846DA
:107BF000890076E7DC680230A34200D044E73A000F
:107C00003C690832944200D086E701217B688210EB
:107C100091409942A5D90323BC6862689A43914672
:107C2000954203D8531B0F2B00DD89E023004B4402
:107C30005F4A01935F4B93461B681268EB18013251
:107C400000D13DE15C4A944663441B0B1B03009347
:107C50003000009900F0CEF903008046013300D1D6
:107C6000FAE0019B834200D9F4E0544B00981A00DB
:107C70009A46126803009446514663440B6001998A
:107C80001A00414500D151E15B461B68013300D128
:107C900056E1434601995B1A9A1853461A60072326
:107CA000424641461A400192194200D112E108238E
:107CB0009846881A424B0099804441449B1A5B1AAB
:107CC0001B051B0D0091300019009B4600F092F936
:107CD000431C00D150E14346C01A03005B440093AB
:107CE000534652461B6801215B441360424640469E
:107CF000BA60009A0A434260BC4200D124E14A467D
:107D00000F2A00D822E107200C3A82436068014024
:107D1000052011436160A118486088600F2A00D9CE
:107D200035E142464446526826490868984200D2E6
:107D30000B6025490868984200D38FE00B608DE006
:107D40000122290013431143651961603000BD60B1
:107D50006B6000F047F9200008303EE75A0A042A19
:107D600072D9142A00D9C5E011005C325B31D2000F
:107D700008235B429C46BA18944463469A680323DE
:107D80009846944500D19EE0434651689943494541
:107D900002D992689445F7D1D3689C467B686146C6
:107DA000A260E1608C60D460D6E6C046D0110020AD
:107DB000D8150020C81800200F10000098180020C7
:107DC00008100000C0180020C4180020142852D940
:107DD000542800D996E06E239846280B80446F30D3
:107DE000C1007EE608239B46073BDC449B46DA4401
:107DF00043465246134200D0C2E64CE00122E3184B
:107E0000596830000A435A60E368A268D3609A60F8
:107E100000F0E8F820000830DFE62B00E80808331F
:107E20002AE6012360191D43656078613861C260EC
:107E300082601A004B460A4342603000E15000F075
:107E4000D1F820000830C8E69A09110039323831DB
:107E5000D2008DE7BC4260D0BC68626803239A43BD
:107E6000531B954202D80F2B00DD69E7300000F06C
:107E7000B9F80020B1E65B23984680445C30C1002D
:107E80002FE608235B429C46E1444B469B68013841
:107E90004B4500D098E043460342F2D17B688B43C8
:107EA0007B604900994200D9B5E6002904D1B2E6C9
:107EB000042294464900E2440B42F9D050465AE667
:107EC00010330093C4E68910023B8B4079680B4362
:107ED0007B6064E7009B300043445B421B051B0D45
:107EE00019009B4600F086F8431C00D0F3E60023FF
:107EF0009B46F5E6542A2BD81A0B11006F326E31CF
:107F0000D20035E7AA235B0098422BD8DD3B984688
:107F1000E80B80447830C100E3E52C4B009A9A4688
:107F20001B689C46534662441A60ADE6090500D0C2
:107F3000AAE60200BC684A4401310A436260F3E6E3
:107F40005B4642461A60AAE64446EDE641608DE78C
:107F5000AA2149008A4224D8DA0B110078327731FD
:107F6000D20005E71A4B984224D87C239846A80CE7
:107F700080447D30C100B4E5009A019B944642469E
:107F8000083B63449B1A009300239B46A8E621000C
:107F90003000083101F0D2F85346BC681B686268B3
:107FA000C2E60B498A420BD89A0C11007D327C3113
:107FB000D200DDE6FE217E237F209846890090E5F1
:107FC000FE227E219200D3E67B686AE798180020A3
:107FD0005405000010B5024801F0C8FD10BDC046B0
:107FE0009418002010B5024801F0C2FD10BDC04633
:107FF00094180020002370B5064D040008002B6083
:10800000FAF76EFC431C00D070BD2B68002BFBD030
:108010002360F9E7C41E002010B583070AD00300CF
:10802000032102E001330B4205D01A78002AF9D16E
:10803000181A10BD030019680C4A0D4C8A188A439F
:1080400022420FD15968094A04338A188A432242CE
:1080500008D15968054A04338A188A432242F1D06C
:1080600000E001331A78002AFBD1E1E7FFFEFEFEB3
:1080700080808080F0B5DE46574645464E461C005F
:108080000023E0B5A1B01C93BB4B82461B680D00DA
:10809000180008920793FFF7BFFF002200238346D2
:1080A0002F0004920593B54A1B953B782D2B02D8DF
:1080B000990051588F460022099200220A92302BD3
:1080C00000D1E5E01C002F2B01D800F07AFD002242
:1080D000AC4638000026190015000BE00130930073
:1080E0009A181B90047852005218303A2100013639
:1080F0002F2C10DD392C5BDC082EEFDDAB005B197B
:1081000001305B001B905B180478303B1D002100A0
:1081100001362F2CEEDC904607995A46A946654653
:1081200002F0ACFA002800D1BAE20D96002300203C
:108130009C4610930B93002E00D027E10A9B03432B
:1081400000D09CE26346002B1ED1692C01D100F0C7
:10815000B2FC17DC492C01D100F0ADFC4E2C13D140
:1081600087491BA801F004FC00280DD01B9B1B783D
:10817000282B01D100F052FE824802F075FA8346A6
:108180000F007FE26E2CEBD0089B002B02D0089BE7
:108190001D6000239B4600275846390021B0F0BCE3
:1081A000BB46B246A946A046F0BD01371B977CE707
:1081B000904607995A46A946654602F05FFA00289C
:1081C0007AD11B9B5B441B931C78002E01D000F0DE
:1081D0007DFD302C01D000F06AFD0122D21A9818E2
:1081E00001331B931C78302CF9D02300313B082B32
:1081F00000D9B9E31B9B01269C4630235B429B467A
:10820000A3445B460793431C1093002367460D93DA
:108210004346079A9B00434490465B00434498467C
:108220000020634601331B9363465C78210030399C
:10823000092900D937E31B9B01309C46079100298F
:10824000EFD0109C731CA34683445C461A00109424
:10825000012801D100F0B0FC0A002C0080198B46E7
:1082600045464946A0469146013807E0AC006519ED
:108270006D00984201D100F096FC013332001E00DF
:10828000082AF3D9102BF4DC8C0061184900F0E7C0
:108290007B78203293437E1C582B01D100F05EFC8A
:1082A00037001B963B780136302BF9D0002B00D1DC
:1082B000E5E101220A9205E7002300209C460D9685
:1082C0001093202322009A43130000220B92452B87
:1082D00000D030E733000A9A0343134300D153E739
:1082E0001B9D6B1C1B936C782B2C01D100F024FC84
:1082F0002D2C00D106E300239B462300303B092BA5
:1083000000D9FAE2302C06D11B9B01331B931C7859
:108310000133302CFAD000230B932300313B082B80
:1083200000D908E71B9A0133511C1B91547807921E
:1083300022002F2C0DDC00F077FC9C00E418640078
:10834000A4180A00230001311B915278303B2F2AD8
:1083500001DD392AF1DD1400079A891A082901DCA8
:1083600000F062FC084B0B935B46002B00D1E2E669
:108370000B9B5B420B93DEE6A0C30010DCC0001039
:10838000D8C000101CA900101F4E00000B9B109AB3
:108390009B1A0C930D9B002B00D10D96B346102E0B
:1083A00001DD10239B464046FBF748FF04900591F2
:1083B000092E15DD5A46BE4B093AD2009B181A68A1
:1083C0005B68FBF7C6FE040048460D00FBF736FF6E
:1083D00002000B0020002900FBF794FE0490059199
:1083E0000F2E00DD72E10C9B002B00D15EE30C9B95
:1083F000002B01DC00F0F3FB162B01DC00F05AFC33
:1084000025230C9A9B1B934201DB00F071FC5B4619
:10841000F41A0C9B9C4664440F231A00224023420A
:108420000AD0A349D200891808684968049A059BB4
:10843000FBF78FFE049005910F239C43231E00D071
:10844000AAE20023079343463900009350463300C5
:108450000D9A01F02BFC8046002800D19DE30C9979
:10846000109B0B98CA171B1A1A40CB43DB171940F5
:1084700000260023C3469946B04657460D921391F5
:108480005B463800596801F08BFB8246002800D11A
:1084900087E35B4659461B690C319A1C92000C30ED
:1084A000FCF70EFE049B059C19000B931EAB019379
:1084B0001DAB00930A00230038000A9401F0ECFF82
:1084C0001C90002800D1A9E10121380001F090FCA6
:1084D0008146002800D164E31D9B002B00DABDE13A
:1084E0000D9A139C9D1807991E9A5B1A36219B18AA
:1084F0008A1A7049013B8B4200DB4EE1C91A521ABD
:108500001F2900DDC7E101238B400E930023119347
:10851000079BA4189C46AE182B006444B54200DDAE
:108520003300A34200DD2300002B02DDF61AE41A1B
:10853000ED1A0D9B002B00DD4CE1002E00DD64E107
:108540000C9B002B00DD8DE1002C00DD99E1002D5E
:1085500008DD49462A00380001F0B8FD81460028B0
:1085600000D11EE3524638001C9901F047FE8046B8
:10857000002800D115E3C368494610930023C36067
:1085800001F022FE002801DA00F05DFC00D1C5E315
:108590004946404601F0ECFF80230022DB05040041
:1085A0000D00FBF727FE002800D1FBE0109B002BFD
:1085B00000D180E1059B00240E93002311933E4BD4
:1085C0003D4D12933D4B0E9E1E403D4B9E4200D1B1
:1085D0009EE1079B002B28D0D423DB049E4224D8A5
:1085E000384A394B11981299FBF704FE002818D02D
:1085F00011981299FBF762FE002800D10130FBF7B9
:108600001DFE0B001291109902001190002900D05C
:1086100013E3169280221206944663441793169C25
:10862000179DD623DB04EB189D1B0B980A9901F0CC
:10863000ABFE02000B0020002900FBF78AFD0B9A1D
:108640000A9BFBF75FFD0C0004900591079B002B34
:1086500004D11A4B23409E4200D144E238001C99B9
:1086600001F0C6FA5146380001F0C2FA4946380016
:1086700001F0BEFA4146380001F0BAFA00E70023E3
:1086800000279B46089B002B01D01B9A1A60099B70
:10869000002B00D180E5802109067B181F007BE5B7
:1086A0001B9B0D965B441B931C7800231093BDE528
:1086B00060C4001002FCFFFF0000F03F0000F07FEC
:1086C0000000E07F0000C0FFFFFFDF415B46F41ABF
:1086D0000C9B9C466444002C00DD9DE600D1B0E676
:1086E0000F231A006442224023420AD004980599BD
:1086F000D04BD2009A1853681268FBF70CFD049017
:108700000591241100D19CE61F2C3FDC10231A0098
:1087100022400792234201D05A3307930122049842
:10872000059900239146C44D4A46224204D02A6846
:108730006B68FBF70EFD012364100835002CF3D1A4
:10874000002B01D004900591079B002B15D0049BB2
:10875000059C6B236200520D21009B1A002B0CDD3F
:108760001F2B01DC00F0DCFB00200490342B01DC2B
:1087700000F022FCDC239B04059300220498059959
:108780000023FBF729FD002800D15CE62223524696
:108790001360002300279B4674E7002311930133E5
:1087A0000E93B5E60022A54B20002900FBF7D1FC73
:1087B0000B001291109902001190002976D11492A9
:1087C00080221206944663441593059B149C159DC4
:1087D0000E93F7E649461A00380001F00BFC81467B
:1087E000002800D1DDE101001C9A380001F030FBC7
:1087F0001090002800D1D4E138001C9901F0F8F95C
:10880000109B1C93002E00DC9AE6320038001C9965
:1088100001F05CFC1C90002800D091E653464646CF
:10882000BA46D8460C9322235246136000239B4637
:10883000834F0100504601F0DBF950460C9901F0DE
:10884000D7F94946504601F0D3F94146504601F068
:10885000CFF93100504601F0CBF913E7139A0D9D83
:10886000D41A40E651463800139A01F0C3FB824601
:10887000031E00D068E64646BA46D8461C980C93BC
:10888000D1E751462200380001F020FC8246031E49
:1088900000D05CE6EFE76B49CB1A01219940012338
:1088A00011910E9334E601239C460AE5119A129B1E
:1088B0001492159389E70499059A00295BD10E92C9
:1088C00013035DD10022200029005F4BFBF78CFCD5
:1088D000002800D0FFE10022584B20002900FBF7C0
:1088E00038FC802212060B009446634411901291CA
:1088F00018901993189C199D64E600231B950B93FF
:10890000FFF719FC01239B46AB1C1B93AC78F4E4E6
:108910004E4A0E9B9446634405930E940F95049C17
:10892000059D2000290001F02FFD02000B000E988C
:108930000F99FBF70EFC22002B00FBF7E3FB404BEB
:10894000434A049005910B40934220D90A9A414B27
:108950009A4203D10B9B013300D122E13D4B059399
:1089600001235B42049379E600230D9310930133B6
:1089700000269C46A5E4012900D143E1059B0E9306
:1089800000231193304B0024334D12931AE6D42365
:108990009B04CC18059459E69A225200944200DDBB
:1089A000FBE024111F2B00DC94E2049805990022BF
:1089B0009146013293464A46284BB1461D00079323
:1089C000160000235A46224204D02A686B68FBF73F
:1089D000C0FB0123013664100835012CF2D13200AE
:1089E0004E469146002B01D004900591174A059BF5
:1089F0009446634405934B46D900079B9C46049AD2
:108A0000059B614408684968FBF7A3FB0C4B144ABB
:108A1000049005910B40934200D9BEE0114A934265
:108A200000D8CBE10B4B059301235B420493002359
:108A3000079308E560C40010D8C100100000E03FB3
:108A40000000F07FE2FBFFFF0000F03F0000B0FC01
:108A5000FFFF9F7CFFFFEF7F0000F0BF38C40010D6
:108A60000000A07C0000907C012309937A1C1B92DB
:108A70007B78002B01D1FFF787FB1700FFF71DFB69
:108A800000230993F2E7D2491E9B8C46D14A0493F6
:108A90001F9B1A401D9B63441B051A430592230725
:108AA00004D58023059A1B061A430592049B059C56
:108AB0009B462700E6E5C8491BA800F059FF00289F
:108AC00001D1FFF761FB1B9BC449013B1BA81B9312
:108AD00000F04EFF002802D11B9B01331B930023A3
:108AE000BF4F9B46CEE5119E129D30002900FBF73B
:108AF00009FCFBF7EFFB02000B0030002900FBF73D
:108B0000F8FA049A109B24031343240B05000E006B
:108B1000B44A1C4313D1B44BFBF766FB002800D1C9
:108B20009CE553464646BA46D8460C931C98049B8F
:108B3000059C9B4627007CE600239B46E4E6AB4B66
:108B4000FBF752FB0028ECD128003100A84AA94BC2
:108B5000FBF760FB002800D180E5E2E7099B029467
:108B600001931CAB009350461DABA34A1BA900F018
:108B700019FC07231D0004000540034200D17EE5D7
:108B8000062D74D1089B002B01D1FFF702FB1E605C
:108B9000002300279B46FFF7FFFA2223524613606B
:108BA0009DE7534667E65B4648460793434689463A
:108BB000A84601001D000232082E43DC1600FFF714
:108BC00027FB5A463800079901F058FD002845D088
:108BD00000230026994698460D93FFF7A7FA0C9BB1
:108BE000163300DA72E504980599109B0B9A9A1ACD
:108BF000824BD2009B181A685B68FBF78CFA83469D
:108C00000F003FE5059B0E93002B00D0B8E65346BE
:108C10004646BA46D8460C93222352461360002398
:108C20001C989B461F0004E61A000B93744B9A4253
:108C300001DCFFF799FBFFF796FB119A129B169246
:108C40001793ECE4102A4FDC4B469B004B448946BB
:108C50005B00160000209944FFF7E3FA00221B9BFB
:108C600090465B441B9391461C78FFF7B2FA1C9A1E
:108C7000002A07D035211EA801F0AEFC50461C99F1
:108C800000F0B6FF052D00D909E75E4BAD005B593A
:108C90009F465D4B059301235B420493FFE6504BD7
:108CA0000593FCE61E9B04931F9B0593F7E60020AB
:108CB000FFF79BFA5149DB00C91808684968049A14
:108CC000059BFBF746FA83460F00DBE400230D9675
:108CD0001093FFF7ABFA00234C4C18931994002320
:108CE0001193444B129305E616000020FFF799FA02
:108CF0000F23424C9E1BF1006118049A059B0868E3
:108D00004968FBF726FA0C9B9E1BF600A6193268F1
:108D10007368FBF71EFA83460F00B3E453460C93C7
:108D20000B9B4646D8469B46109BBA460A9F002B93
:108D300000D1BFE0049B059C3549230322001B0B97
:108D40008B4200D1F4E01199002900D1BBE0049AD4
:108D5000059B1C0019421ED0109B58463900002B61
:108D600000D1BCE001F010FB079B002B0BD06B2364
:108D70006400640D1C1B002C05DD264D240500221B
:108D80006319FBF7E6F902000B0058463900FBF7C0
:108D9000B9F983460F00079B002B0DD058463900C8
:108DA0001D4B0022FBF7D5F9030083460F000B4350
:108DB00002D12223524613601C983AE5D422920431
:108DC0000B0094466344059300230793FFF73BFB96
:108DD00033040000FFFFEFFFCCC00010D0C0001034
:108DE0000000F07F9535A094FFFFCF3FFFFFDF3FEE
:108DF00035E5AF350000E03FACC1001060C40010A5
:108E00001F4E000094C10010FFFFFF7F0000E0BF75
:108E1000FFFF0F000000F03F000050396C491EAA10
:108E20001BA800F0BBFD052801D0FFF7A5F91F9B8B
:108E3000684A1A431E9B05920493049B059C9B461B
:108E40002700FFF71FFC53460499059A0C930B9BD0
:108E50004646D8469B46109BBA460B430A9F9AD17A
:108E60001400130397D15B4B1340D622D2049342D4
:108E700091D97369002B02D13369012B8BDD31004D
:108E80000122504601F022F94946060001F09CF902
:108E9000002800DC7FE7079B002B6ED0D6224D4BCD
:108EA000D2042340934268DCDC229204934200DD2A
:108EB00074E7B1E60499059A13031B0B14000B43E6
:108EC00000D040E7E7E70E9A049B059C1A4200D1C8
:108ED00061E741E7002399463F4B079386E501F0A0
:108EE00053FA079B002B56D06B236400640D1C1BA8
:108EF000002C05DD394D240500226319FBF729F903
:108F000002000B0058463900FBF7F3F8002200235B
:108F100083460F00FBF760F9002800D13EE77BE6AF
:108F2000012252429A40049B13400493FFF725FC10
:108F3000079B0499002B2BD0D420264BC004234040
:108F4000834225D86B201B0DC01A01235B4283404E
:108F5000994200D0F7E6224B9A4235D080211D4B32
:108F600049031A4013008C4663440593002304937D
:108F7000049B059C9B4627000DE7164B1C40194B94
:108F80009C46194B64442343059301235B42EEE75F
:108F900001235B42DCE702000B0058463900FBF777
:108FA000A8F80022002383460F00FBF715F90028DC
:108FB00000D031E61C983CE44B239A1A4C3B93407A
:108FC00019400591FFF7D9FB4B1CC7D11C982AE427
:108FD000C0C100100000F07F38C400100000F03F56
:108FE000FFFFEF7F0000F0FFFFFF0F00274BF0B502
:108FF000C64698460A000100404600B5244B00686A
:10900000FFF738F802000B0005000C00FBF707F92A
:1090100000282ED121002800FBF7A0F947007F0887
:10902000061C1C49381CFBF716FE00281DD11949E7
:10903000381CFBF7FBFD002817D1012264006408EF
:1090400028002100144B5242FBF7E9F8002808D110
:10905000012228002100104B5242FBF7CBF80028D8
:1090600003D0434622221B681A60301C80BCB846DD
:10907000F0BD0A48002C05DA01F0FCFA80231B063B
:10908000C618F2E701F0F6FA061CEEE7A00D002084
:10909000E4150020FFFF7F7FFFFFEF7F1CA900107A
:1090A000F8B50C000500FEF795FF204FBB685E6821
:1090B00003239E431E4B341B9C466444240B013CFB
:1090C000113324039C4207DB00212800FEF792FFA6
:1090D000BB689B19984204D02800FEF783FF00204C
:1090E000F8BD28006142FEF785FF431C0DD0012228
:1090F000BB68361B16435E600E4B28001A68141BB3
:109100001C60FEF76FFF0120EAE700212800FEF750
:1091100071FFBA68831A0F2BDEDD07490968401A10
:109120000449086001210B435360D5E7D0110020AA
:10913000EF0F000098180020D8150020F0B5C646A3
:1091400005000C0000B500294FD0FEF743FF2100B9
:1091500008394C68012622000320B2438F187B682F
:109160008343624898468368BB426AD043467B602B
:1091700026421ED108239C460C688444091B121900
:109180008C6864454FD0CB68E3609C604346FC1814
:109190006468344211D1BB68554C4244A34200D1AB
:1091A0007EE0FC68DC60A360012313434B608A50BF
:1091B00006E0FC1864683442EDD016434E603A6015
:1091C00080239B009A4213D25409D3080122A24063
:1091D0004468DB002243426018188368C8608B60D3
:1091E0008160D9602800FEF7FDFE80BCB846F0BD66
:1091F000530A042B3ED89409260039343836E4004B
:1092000004192368083C03279C4242D05868B8439D
:10921000904202D99B689C42F8D1DC68CC608B609C
:10922000A160D960DEE74346F8184068304257D164
:10923000FB68B86842441643C36098604E608A5029
:10924000D0E713004344264206D10A68891A8C6885
:109250009B18CA68E260946001221A434A60254A5A
:10926000816012689A42BDD8234B28001968FFF725
:1092700017FFB7E7142B07D9542B1AD8140B260065
:109280006F346E36E400BBE71E005C335B36DC00F7
:10929000B6E70122B610B240466832434260BDE7ED
:1092A000D9609960CB608B60012313434B608A5077
:1092B00098E7AA246400A34205D8D40B260078348A
:1092C0007736E4009CE70D4CA34205D8940C2600A9
:1092D0007D347C36E40093E7FE247E26A4008FE7ED
:1092E000330013434B603A607CE7C046D011002046
:1092F000D8110020DC150020C818002054050000FB
:10930000F0B5D6464F4646460369C0B59A464F115A
:10931000BB422DDD1F220500140014359E000C40B9
:10932000BB00A446AE19EB180A422AD0202202CB79
:10933000121B9046E1409E4216D9A94644461A683F
:10934000A2400A43494604C16246894602CBD14045
:109350009E42F3D85346DC1BA400043C2C19216028
:10936000002919D0043417E02C0041610029F9D1FB
:109370000023036100234361E0BCBA46B146A8461E
:10938000F0BD2A009E42F3D902CB02C29E42FBD816
:109390005346DC1BA4002C19631B9B100361AC42D9
:1093A000EAD1E7E7F0B5DE464E4645465746E0B51A
:1093B0008BB00993B94B07901B68894618001C00B5
:1093C00093460593FEF728FEA4460200624413006C
:1093D000013B1B78049001934B461D68AA78302A04
:1093E00000D016E202214942EB1C491B1D00CF1898
:1093F00001335A1E1278302AF8D0A94B98469B5C4C
:10940000002B00D1F3E042462B780024D35C0022ED
:1094100092462E00002B05D0424673780136D35C6D
:10942000002BF9D13000049A059901F027F9039037
:10943000002857D0002C58D10022337803922022E4
:1094400034009343502B59D04B461E605346002B9B
:1094500077D1631B013B0021072B03DD01315B103A
:10946000072BFBDC079800F09BFB8246002800D10D
:1094700070E2142353440893A54200D3D5E102932C
:109480000023049A994601339B1A06932B00002768
:109490004D4699460DE0202F1DD03A000437414635
:1094A00033783400CB5C0F210B4093401D434C4577
:1094B00055D9661E3378019A9342ECD1069BF41875
:1094C0004C45E8D32000049A059901F0D7F800280C
:1094D000EDD0202FE1D1029B002220C304270025DC
:1094E0000293DCE7002C00D180E12022A41BA30022
:1094F0000393337834009343502BA5D163782B2BFF
:1095000000D163E12D2B00D1A3E00022611C404675
:10951000C35C2600581E182896D840464E1C497831
:10952000103B415C081E5FD1002A00D05B42039AC9
:1095300094469C44634603934B461E605346002B5F
:1095400087D07B1E9F4105237F429F43063738000B
:109550000BB0F0BCBB46B246A946A046F0BDA9463A
:109560004A46029B484604C3089A9B1A52469B10DF
:1095700013615E0100F0F2FB5B461C68361AA642DE
:109580006BDC0025A64200DA22E15B46039A9B6869
:10959000934200DA40E15B46039A5B68934243DD05
:1095A0009E1AB44200DD7DE05A46D268022A00D1FC
:1095B00075E1032A00D16DE1012A00D150E1514645
:1095C000079800F015FB0023149A50271360BEE79C
:1095D0009900C9184900091840460B0071780136F6
:1095E000405C103B00289FD01928F1DD9CE7049CCB
:1095F00028002200059901F041F800286FD12300CE
:10960000EA5C43469B5C2C19002B6AD02500302A6B
:1096100005D16B780135302BFBD04246D35C5942E3
:10962000594101278A46F4E60127002D0AD05B46FE
:10963000DB68022B5DD0032B5FD0012B00D1BBE098
:1096400010231F435246149B1A60099B039A1A6009
:109650007DE70122A378A11C59E7361B3100504653
:1096600000F0DAFF051E0FD01F210123701E0140FC
:109670008B404211089992008A5801251A4203D062
:10968000012800DDDEE0022531005046FFF738FEFC
:10969000039B9C46B4446346039376E7A0C3001043
:1096A0009CC20010771E002D00D0C3E0002F00D018
:1096B000C2E01F237A111F401E3BBB400899920055
:1096C0008A581A4201D002231D4331005046FFF749
:1096D00017FE5B465B680227A41B0393A5E72C00DB
:1096E0002A7820239A43502A00D1B4E04B461C60CC
:1096F00027E70123159A9B1A1593159B002B9FD0E2
:1097000053461E69089DB3009946E81800212B00B6
:10971000B44603E002C3984200D8C5E01A68561C5C
:10972000F8D001321A60022F00D1D1E01F231E00B1
:1097300021272640234285D04B46EB18043B18686E
:1097400000F00CFB20239E1BB04200DB7AE753465F
:109750001A69002A00DCEAE0534650465B69920031
:10976000AA1818305B08824200D8E7E02C001900E4
:109770000368DB070B4308C402C849088242F7D8D4
:109780000B005146521A193A920801329200AA1857
:109790001360002B00D0D5E05146531B9B100B618A
:1097A000AA4200D1C6E05B46039A9B68013203924D
:1097B000934231DB212745E7AA0700D440E7089A06
:1097C0001268154301922B429AD139E7002241E7F2
:1097D000A61B51463200079800F078FC039B824696
:1097E0009B1B0393142353440893CEE64246049BE9
:1097F000F118F35C0E00D25C002A00D11FE642464D
:1098000073780136D25C002AF9D1891B8A00039251
:1098100015E600270235F0E55146079800F0E8F913
:109820000023149AA327136091E6089B0293002358
:10983000994695E601253CE73900504600F0ECFEDC
:10984000050036E75046B11E00F0E6FE023500285E
:1098500000D019E717E70023039301339A464DE63A
:10986000B44200D0ABE6012C08D05046611E00F097
:10987000D3FE002800D1A2E65B465B68099A622706
:109880001360012352461361089A13605246149BD9
:109890001A605CE6159A002A00D190E6EEE7159A68
:1098A000002A00D08BE6E9E7524666469268634696
:1098B000964220DA51465A1C0A61012104339B006A
:1098C00053445960022F03D0964200DA41E72DE756
:1098D0005B461B682227013BA34200D0B2E61F2350
:1098E00062111C401E3BA340920057591F407B420F
:1098F0005F412137A6E653465B680798591C00F084
:109900004FF9804600281FD0534651461B690C3141
:109910009A1C92000C30FBF7D3FB5146079800F0DD
:1099200067F945464346C2461B691435C2E7002322
:109930005246136100235246536134E72A002B60DC
:10994000002B0DD0043227E700228421064B074864
:10995000F8F7E6FF0022DE21034B0448F8F7E0FFAA
:1099600052461361E6E7C04600C2001014C2001060
:1099700030B5026808E013781D00413D192D00D86C
:1099800020330131A34206D10C780132002CF2D1F0
:109990000260012030BD0020FCE7C046F0B545461E
:1099A000DE4657464E4690460A681F21E0B585B010
:1099B0000090080053119B00104043440190114255
:1099C00000D092E01A001F1F131F9A460023524630
:1099D0001360009B18684178002900D19AE00023A9
:1099E000BC469B46604B3D0000245F4600229946E2
:1099F000E34616E0202900D989E097420DDA654553
:109A000001D2072C56DD0824A84506D22B1F0021C1
:109A10009C4617001D000024196081780130002940
:109A200011D04B465B5C002BE4D001340132082C92
:109A300039DC296809010F2633400B432B608178FC
:109A400001300029EDD15F46002A63D0AC4501D931
:109A5000072C6EDDA8454BD242462B0002CB02C23A
:109A60009F42FBD2791C6A1C042391425CD243447E
:109A70001D00002308C5AF42FCD253461B68002BD3
:109A800009D14346B84502D146E0BB4244D0043F29
:109A90003A68002AF9D0052005B0F0BCBB46B246B2
:109AA000A946A046F0BDA845B7D20021043D012437
:109AB0002960C0E708231C1BA4001833191B02905F
:109AC0002E00080003942B6864469446039A71683C
:109AD00081400B43336073680436D3403360A64241
:109AE000F5D362460298A4468DE71F001A1D6BE766
:109AF000019B002BC1D02022019BD21A01235B4283
:109B0000D34052461268134052461360B7E75F468F
:109B1000292905D00420BFE7012305203B60BBE7CE
:109B2000009B023018608FE77D1BAD080135AB004C
:109B30009DE7082320261C1BA4002B68361B1A0057
:109B40003300280026006446AC461D0041680B0027
:109B5000AB4013430A00F240036042600430844289
:109B6000F4D8654676E7C0469CC200107047C046F0
:109B70007047C04682B000290AD0002A0BD0002BC3
:109B80000BD013780B601078431E984102B07047D9
:109B900001A9002AF3D10020F8E702204042F5E7AE
:109BA000C36C70B504000D00002B0AD0A8001B1870
:109BB000186800280ED002681A6000230361C36091
:109BC00070BD21220421FDF7EFFE031EE064EDD1FC
:109BD0000020F5E70126AE40721D01212000920011
:109BE000FDF7E2FE0028F3D045608660E5E7C04659
:109BF000002906D04B689A00C36C9B181A680A604B
:109C000019607047F0B5C6461F008046002300B5B6
:109C10000E000D6914310C6801332004000C504310
:109C2000240C5443C019070CE4190004270C000C41
:109C30002404241810C19D42EDDC002F08D0B36825
:109C4000AB4209DD2B1D9B00F31801355F603561C8
:109C5000300080BCB846F0BD73684046591CFFF721
:109C60009FFF041E17D0310033690C319A1C9200FB
:109C70000C30FBF725FA73689A004346DB6C9B189F
:109C80001A6832601E6026002B1D9B00F3180135F8
:109C90005F603561DCE70022B521024B0248F8F72E
:109CA0003FFEC04600C20010B4C30010F8B54746DE
:109CB000CE460600180080B50C00083009211F00B0
:109CC0009046F9F7B3FF092F3BDD012500216D0018
:109CD0000131A842FBDC3000FFF762FF011E32D0E9
:109CE000089B4361012303614346092B16DC0923CA
:109CF00098460A3447450CDD4346E719FF1A237896
:109D00000A223000303BFFF77DFF01340100BC42E6
:109D1000F5D10800C0BCB946B046F8BD0923994644
:109D2000A1444D4644442B780A223000303BFFF7D3
:109D300069FF01350100A542F5D14446083C4C4479
:109D4000D8E70021C7E70022024B0348CE31F8F7DD
:109D5000E7FDC04600C20010B4C300100300020CAF
:109D60000020002A01D11B0410301A0E01D1083046
:109D70001B021A0F01D104301B019A0F01D10230CE
:109D80009B00002B02DB01305B0000D570472020D8
:109D9000FCE7C04603680200590707D0D9071ED464
:109DA000990720D55B080360012070470020190443
:109DB00001D11B0C1030FF21194201D108301B0AC0
:109DC000190701D104301B09990701D102309B0802
:109DD000D90702D401305B0803D01360E5E7002007
:109DE000E3E72020E1E79B0803600220DDE7C046AF
:109DF000C36C70B504000D00002B0AD05868002811
:109E000015D002685A600023C360013345610361C5
:109E100070BD21220421FDF7C7FD031EE064EDD1D2
:109E2000A0210022084B09484900F8F779FD1C22BF
:109E300001212000FDF7B8FD0028F1D00123436087
:109E400001338360DFE7C04600C20010B4C30010D6
:109E5000F0B54E464546DE465746E0B50D691669F3
:109E60008946140087B0B54204DB33000C002E0095
:109E700091461D00A36877196168BB4200DA013181
:109E8000FFF78EFE0590002800D1A7E0142294462B
:109E9000059B002263449B46BB005B449A465B469D
:109EA0005146D34503D204C39942FCD88A461423B1
:109EB0009C46A444634604931423B6006644AD0054
:109EC0009C462B00E1444B44029399456ED20423F7
:109ED0000393230015339E4200D27CE0331B153BD5
:109EE0009B0801339B00B8460393019608E0000CE1
:109EF00031D104239C46029BE144E3444B4554D9B1
:109F00004B46186803041E0C002BF0D0019B5D46E5
:109F100000279C46049C04CC296813041B0C734343
:109F20000804000C1B18D819130C7343090C020CFD
:109F30005B189B1802041F0C120C1B04134308C56A
:109F4000A445E8D8634601935B46039A9F504B466D
:109F50001868000CCDD05B4600271B685C461900D2
:109F60003E00049D019A2F88090C47437F18BF19B2
:109F70001B0439041B0C0B43236008CD61681B0CC8
:109F800043430E04360C9B193F0CDB191E0C0434A2
:109F9000AA42E8D801925A460399535004239C469A
:109FA000029BE144E3444B45AAD847465346002F61
:109FB00003DC06E0013F002F03D0043B1A68002AAF
:109FC000F8D0059B18001F6107B0F0BCBB46B24635
:109FD000A946A046F0BDB846019691E75E21002251
:109FE000024B0348FF31F8F79BFCC04600C200104B
:109FF000B4C30010F8B5032347461400CE461A0038
:10A0000080B50E0007002240234238D1A41025D08D
:10A01000BD6C002D3CD00123984600239946434651
:10A02000234208D1641019D0286800281BD00500ED
:10A0300043462342F6D02A0031003800FFF708FFDC
:10A04000002E1AD0FA6C736894469B0063441A6819
:10A05000641032601E600600002CE5D13000C0BCE8
:10A06000B946B046F8BD2A0029003800FFF7F0FED7
:10A070004B46286005000360DAE70600D2E70F4B85
:10A08000013A9200D2580023FFF7BCFD0600BDE75D
:10A0900001213800FFF784FD051E07D0084B4361FE
:10A0A000012303610023B8640360B4E7A021002208
:10A0B000044B05484900F8F733FCC04628C500109A
:10A0C0007102000000C20010B4C30010F0B50C0013
:10A0D00023694546DE4657464E469846E0B5571139
:10A0E000B84443465D1CA36883461600496883B0A4
:10A0F0009D4203DD01315B009D42FBDC5846FFF7CA
:10A100004FFD8446002853D0143003000190002FE7
:10A110000CDDBF003A0000211432624402C39342B6
:10A12000FCD1019B9946B9444B4601932269230017
:10A1300091001F22100014333040814659183242DA
:10A1400030D00132121A92460026019F48461A6802
:10A150008240324304C7524640CBD6409942F5D89C
:10A16000220015320423914204D30B1B153B9B089C
:10A1700001339B00019AD650002E00D0A8466346BA
:10A1800042461A61636860469A005B46DB6C9B1826
:10A190001A6822601C6003B0F0BCBB46B246A946F8
:10A1A000A046F0BD019804CB04C09942FBD8E6E775
:10A1B000DA210022024B0348FF31F8F7B1FBC04619
:10A1C00000C20010B4C3001003690A6930B505006D
:10A1D000981A934211D1920014351431AB18891892
:10A1E00001E09D4209D2043B04391A680C68A2427E
:10A1F000F7D0A24292410120104330BDF0B54E4647
:10A200004546DE465746E0B50B69884611699146DA
:10A2100083B05C1A8B4200D095E046468900143624
:10A2200014327318521802E09E4200D38FE0043BB0
:10A23000043A1D6811688D42F6D000D27EE0434694
:10A240005968FFF7ADFC002800D18AE043461A693F
:10A25000142343449C46C4601C004B461B69910078
:10A260009B0061449C4614234F469A46143782440F
:10A270005346BC448B46A2461426644600219446AD
:10A28000424680460193935901CF1D042D0C691855
:10A2900005042D0C4D1B010C40461B0C5B1A2914A8
:10A2A0005B182D0419142D0C1B042B438351043609
:10A2B000BC42E8D86246A4464D461C0063464E4662
:10A2C0005D1B153D15360023AD08B44500D3AB002A
:10A2D000019FB84604274344B44501D30135AF007C
:10A2E000019DBA44AC46BC44D34518D9654657468F
:10A2F0005E4610CF23041B0C5B181914240C641841
:10A300001B0421141B0C24041C4310C5BE42F0D8AE
:10A31000310053460139CB1A9B089B006344002C43
:10A3200004D1043B1968013A0029FAD0026103B054
:10A33000F0BCBB46B246A946A046F0BD4346012448
:10A34000C84699467BE7002CF8DB002477E700211C
:10A35000FFF726FC00280BD0012303610023436193
:10A36000E5E790210022054B05488900F8F7D8FA67
:10A370000022024B03490248F8F7D2FA00C200104B
:10A38000B4C30010320200000F4B19400F4B9C4623
:10A390006144002904DD00220B0010001900704701
:10A3A0004942002200230915132904DC8020000300
:10A3B00008410300F1E7143901201E2902DC802046
:10A3C0000006C8400200E8E70000F07F0000C0FC83
:10A3D000F8B506004746CE4604691436A400341981
:10A3E000231F1D6880B528000F009846FFF7B6FCB4
:10A3F00020210A1A3A600A282EDD464523D2082376
:10A400005B429846A04443461F680B235B429C4630
:10A4100084440B281CD063469D40C91A3B00CB40A6
:10A420001C481D432843030046452FD20C3C20689E
:10A43000C84061468F4007433A0010001900C0BC75
:10A44000B946B046F8BD030000270B3B0B2817D1D7
:10A45000104929430B00EFE72F0015390B1ADF4095
:10A460000C49994639430B000027464503D249461B
:10A47000083C2768CF40153085403D432A00DCE783
:10A480009D400449002729430B00D5E761468F40D2
:10A49000D2E7C0460000F03F70B5012182B0150040
:10A4A0001C00FFF77DFB061E4FD0230364001B0B2F
:10A4B000640D02D08022520313430193002D17D163
:10A4C00001A8FFF767FC019B012573610123203080
:10A4D0003361002C24D0204B9C46069B64442418F6
:10A4E0001C603523181A079B1860300002B070BD3D
:10A4F00068460095FFF74EFC002822D0019D2023DE
:10A500002A001B1A9A401300C540009A0195134374
:10A510007361B5616B1E9D4101353561002CDAD147
:10A520000E4B9C46069B604418600D4BEB189B003D
:10A53000F3185869FFF712FC6D01079B2D1A1D6077
:10A54000D3E7009B019D7361E3E70022054B0649B9
:10A550000648F8F7E5F9C046CDFBFFFFCEFBFFFF4D
:10A56000FFFFFF3F00C200100A030000B4C3001049
:10A57000F0B5CE46474680B585B0884602A98146EB
:10A58000FFF726FF04000D00404603A9FFF720FF58
:10A5900002000B0040464946006909690092019398
:10A5A000091A49018C4602980399401A0100614436
:10A5B00000290BDD09054F193D0020002900F9F79E
:10A5C000AAFD05B0C0BCB946B046F0BD09055B1A8E
:10A5D0000193009A019BF0E71300013970B54C110B
:10A5E0001169013414338900A400591804198B42ED
:10A5F0000AD2050040CB40C59942FBD88B1A153BC7
:10A600009B0801339B00C018844203D9002308C073
:10A610008442FCD870BDC0460200036910B51432F4
:10A62000481183420ADA9B00D31803E0043B1968FF
:10A63000002917D19342F9D8002010BD83420EDDC6
:10A640001F231C000C400B4209D08300D31819684B
:10A650000120E140A1401C688C42EED1EAE7830072
:10A66000D318E7E70120E8E7002001497047C0461A
:10A670000000F87F004870470000C07F30B5002A16
:10A6800026D003000B439B0724D1032A22D9164D61
:10A690000BE0043A002A1BD0144C1C199C432C429A
:10A6A00016D104300431032A14D903680C68A3427C
:10A6B000EFD004780D78AC4213D1012306E0C45CDE
:10A6C000CD5CAC420DD10133934201D0002CF6D1C8
:10A6D000002030BD04780D78A54202D1012AECD1CA
:10A6E000F6E7601BF5E7C04680808080FFFEFEFE37
:10A6F000002909D0FF2A02D801200A7070478A2356
:10A70000036001204042F9E70020F7E7F8B5C046B2
:10A7100001B40248844601BC604700BF990600208E
:10A7200001B40248844601BC604700BFE502002036
:10A7300001B40248844601BC604700BF31020020DA
:10A7400001B40248844601BC604700BFB50B00203D
:10A7500001B40248844601BC604700BFB50B00202D
:10A7600001B40248844601BC604700BFC10000201C
:10A7700001B40248844601BC604700BFC901002003
:10A7800001B40248844601BC604700BF1D09002097
:10A7900001B40248844601BC604700BF1D0B002085
:10A7A00001B40248844601BC604700BF9501002007
:10A7B00001B40248844601BC604700BF4508002040
:10A7C00001B40248844601BC604700BFBD030020BD
:10A7D00001B40248844601BC604700BFE107002085
:10A7E00001B40248844601BC604700BFED07002069
:10A7F00001B40248844601BC604700BF6D060020DA
:10A8000001B40248844601BC604700BF490B0020E8
:10A81000466F726D61206465206F6E6461206361B4
:10A820006D626961646120613A2053656E6F00005A
:10A83000466F726D61206465206F6E646120636194
:10A840006D626961646120613A204375616472617F
:10A8500064610000466F726D61206465206F6E64F4
:10A86000612063616D626961646120613A204469BD
:10A87000656E74652064652073696572726100009D
:10A88000466F726D61206465206F6E646120636144
:10A890006D626961646120613A20547269616E671A
:10A8A000756C617200000000496E67726573652007
:10A8B0006C6120616D706C6974756420286D562917
:10A8C000205B252E30662D252E30665D3A20000057
:10A8D000206D5600416D706C6974756420657374E9
:10A8E00061626C656369646120656E3A20252E3172
:10A8F00066206D560A000000496E67726573652018
:10A900006C61206672656375656E636961202848B5
:10A910007A29205B25642D25645D3A200000000023
:10A9200020487A004672656375656E6369612065CB
:10A93000737461626C656369646120656E3A202599
:10A940002E306620487A0A00496E6772657365206A
:10A95000656C20646573706C617A616D69656E7495
:10A960006F20444320286D5629205B252E31662D0B
:10A97000252E31665D3A2000446573706C617A6102
:10A980006D69656E746F2044432065737461626CF9
:10A99000656369646F20656E3A20252E3166206DEF
:10A9A000560A00004E6F207370696E6C6F636B7394
:10A9B0002061726520617661696C61626C6500007E
:10A9C00064656C7461203E3D202D32303438202681
:10A9D000262064656C7461203C3D20323034362082
:10A9E000262620212864656C7461202620312900E8
:10A9F000433A2F50726F6772616D2046696C6573C0
:10AA00002F5261737062657272792050692F50699C
:10AA1000636F2053444B2076312E352E312F7069D1
:10AA2000636F2D73646B2F7372632F7270325F6369
:10AA30006F6D6D6F6E2F68617264776172655F69AB
:10AA400072712F6972712E63000000002128646505
:10AA50006C7461203E3E203131752900637572723D
:10AA6000656E74203D3D205F5F756E68616E646C3D
:10AA700065645F757365725F697271207C7C2063A9
:10AA8000757272656E74203D3D2068616E646C6500
:10AA9000720000006972715F68616E6465725F6365
:10AAA0006861696E5F667265655F736C6F745F681D
:10AAB000656164203E3D20300000000076746162D4
:10AAC0006C655F68616E646C6572203D3D205F5F00
:10AAD000756E68616E646C65645F757365725F69DD
:10AAE00072710000212828282875696E74707472AC
:10AAF0005F7429767461626C655F68616E646C6511
:10AB00007229202D20282875696E747074725F7404
:10AB1000296972715F68616E646C65725F636861F8
:10AB2000696E5F736C6F747329202D203129257332
:10AB3000697A656F662873747275637420697271BF
:10AB40005F68616E646C65725F636861696E5F7394
:10AB50006C6F74292900000030783163203D3D205E
:10AB6000282A696E7374293E3E3131750000000059
:10AB700021657863657074696F6E207C7C206578D0
:10AB800063657074696F6E203D3D206E756D202B7E
:10AB900020565441424C455F46495253545F4952F6
:10ABA0005100000066616C736500000069735F739B
:10ABB00068617265645F6972715F7261775F686115
:10ABC0006E646C657228736C6F745F68616E646C20
:10ABD00065722900657863657074696F6E000000A6
:10ABE000666F756E640000004E6F2075736572208D
:10ABF000495251732061726520617661696C6162AE
:10AC00006C6500006972715F6164645F7461696C96
:10AC10005F746F5F667265655F6C697374000000D6
:10AC2000696E736572745F6272616E63685F616E94
:10AC3000645F6C696E6B00006972715F72656D6F45
:10AC400076655F68616E646C657200006D616B654E
:10AC50005F6272616E6368007265736F6C76655FC8
:10AC60006272616E636800006972715F6164645F43
:10AC70007368617265645F68616E646C6572000020
:10AC80006972715F7365745F6578636C75736976FB
:10AC9000655F68616E646C6572000000746F74615A
:10ACA0006C000000433A2F50726F6772616D20464E
:10ACB000696C65732F52617370626572727920508E
:10ACC000692F5069636F2053444B2076312E352E07
:10ACD000312F7069636F2D73646B2F7372632F63F1
:10ACE0006F6D6D6F6E2F7069636F5F73796E632F19
:10ACF0006D757465782E63006D74782D3E636F7288
:10AD0000652E7370696E5F6C6F636B0075735F7334
:10AD1000696E63655F626F6F74203C3D20494E54DD
:10AD200036345F4D41580000433A2F50726F6772BE
:10AD3000616D2046696C65732F5261737062657234
:10AD400072792050692F5069636F2053444B2076ED
:10AD5000312E352E312F7069636F2D73646B2F7315
:10AD600072632F636F6D6D6F6E2F7069636F5F62BB
:10AD70006173652F696E636C7564652F7069636FAD
:10AD80002F74797065732E68000000006C6F636B20
:10AD90005F69735F6F776E65725F69645F76616C20
:10ADA0006964286D74782D3E6F776E657229000096
:10ADB0006D74782D3E656E7465725F636F756E7429
:10ADC000000000006D757465785F65786974000037
:10ADD0006D757465785F656E7465725F626C6F63C4
:10ADE0006B5F756E74696C007570646174655F7516
:10ADF000735F73696E63655F626F6F74000000005C
:10AE000072742D3E616C61726D5F6964203D3D20FE
:10AE100069640000433A2F50726F6772616D20467B
:10AE2000696C65732F52617370626572727920501C
:10AE3000692F5069636F2053444B2076312E352E95
:10AE4000312F7069636F2D73646B2F7372632F637F
:10AE50006F6D6D6F6E2F7069636F5F74696D652FB5
:10AE600074696D652E63000069642026262069647C
:10AE7000203C3D20706F6F6C2D3E686561702D3EEB
:10AE80006D61785F6E6F64657300000069642026F1
:10AE900026206964203C3D20686561702D3E6D610F
:10AEA000785F6E6F64657300433A2F50726F6772FC
:10AEB000616D2046696C65732F52617370626572B3
:10AEC00072792050692F5069636F2053444B20766C
:10AED000312E352E312F7069636F2D73646B2F7394
:10AEE00072632F636F6D6D6F6E2F7069636F5F7527
:10AEF00074696C2F696E636C7564652F7069636F1C
:10AF00002F7574696C2F70686561702E6800000081
:10AF1000706172656E745F69640000006368696CDB
:10AF2000645F696400000000706172656E745F693F
:10AF30006420213D206368696C645F6964000000DF
:10AF40002170685F636F6E7461696E735F6E6F64AA
:10AF50006528706F6F6C2D3E686561702C2072657E
:10AF60007573655F6964290072656D6F7665645FEE
:10AF70006964203D3D206E6578745F69640000005F
:10AF800063616C6C6261636B00000000706F6F6CDA
:10AF90002D3E616C61726D5F696E5F70726F67727A
:10AFA000657373203D3D206D616B655F7075626CEC
:10AFB00069635F69642869645F686967682C206EEB
:10AFC0006578745F696429006964202626202170F1
:10AFD000685F636F6E7461696E735F6E6F6465281E
:10AFE000686561702C206964290000002168656132
:10AFF000702D3E667265655F7461696C5F6964009F
:10B0000064656661756C745F616C61726D5F706FB1
:10B010006F6C5F696E697469616C697A656428290F
:10B0200000000000616C61726D5F696420213D2049
:10B03000706F6F6C2D3E616C61726D5F696E5F70D9
:10B04000726F677265737300726300004174746598
:10B050006D7074656420746F20736C656570206911
:10B060006E73696465206F6620616E206578636524
:10B070007074696F6E2068616E646C65723B2075D8
:10B08000736520627573795F7761697420696620E2
:10B09000796F75206D75737400000000616C6172CA
:10B0A0006D5F706F6F6C5F63616E63656C5F616C29
:10B0B00061726D007570646174655F75735F73694B
:10B0C0006E63655F626F6F7400000000616C617297
:10B0D0006D5F706F6F6C5F616C61726D5F63616CEF
:10B0E0006C6261636B0000006765745F656E74720B
:10B0F00079000000616C61726D5F706F6F6C5F67EB
:10B1000065745F64656661756C7400006765745F83
:10B11000656E7472795F69645F68696768000000D2
:10B1200070685F667265655F6E6F64650000000041
:10B1300070685F6164645F6368696C645F6E6F64AC
:10B140006500000070685F696E736572745F6E6F92
:10B150006465000070685F6765745F6E6F646500AA
:10B160006164645F616C61726D5F756E6465725F6E
:10B170006C6F636B000000004861726477617265F8
:10B1800020616C61726D20256420616C7265616460
:10B190007920636C61696D656400000074696D6598
:10B1A000725F68772D3E696E74732026203175209A
:10B1B0003C3C20616C61726D5F6E756D000000003B
:10B1C000433A2F50726F6772616D2046696C6573E8
:10B1D0002F5261737062657272792050692F5069C5
:10B1E000636F2053444B2076312E352E312F7069FA
:10B1F000636F2D73646B2F7372632F7270325F6392
:10B200006F6D6D6F6E2F68617264776172655F74C8
:10B21000696D65722F74696D65722E6300000000A0
:10B2200068617264776172655F616C61726D5F7392
:10B2300065745F746172676574000000726F6F748B
:10B240005F696400433A2F50726F6772616D2046E8
:10B25000696C65732F5261737062657272792050E8
:10B26000692F5069636F2053444B2076312E352E61
:10B27000312F7069636F2D73646B2F7372632F634B
:10B280006F6D6D6F6E2F7069636F5F7574696C2F72
:10B2900070686561702E63002170685F6765745F18
:10B2A0006E6F646528686561702C20726F6F745FC3
:10B2B0006964292D3E7369626C696E670000000045
:10B2C0002170685F6765745F6E6F6465286865618B
:10B2D000702C20726F6F745F6964292D3E706172EB
:10B2E000656E74006E65775F7375625F7472656515
:10B2F00020213D20686561702D3E726F6F745F691B
:10B300006400000070685F72656D6F76655F616EE6
:10B31000645F667265655F6E6F64650070685F721A
:10B32000656D6F76655F616E795F68656164000069
:10B3300070685F6164645F6368696C645F6E6F64AA
:10B340006500000070685F6765745F6E6F6465001C
:10B350007372635F66726571203E3D20667265712F
:10B3600000000000433A2F50726F6772616D2046F3
:10B37000696C65732F5261737062657272792050C7
:10B38000692F5069636F2053444B2076312E352E40
:10B39000312F7069636F2D73646B2F7372632F721B
:10B3A00070325F636F6D6D6F6E2F6861726477616D
:10B3B00072655F636C6F636B732F636C6F636B732A
:10B3C0002E630000636C6F636B5F636F6E6669670B
:10B3D0007572650076636F5F66726571203E3D2011
:10B3E000285049434F5F504C4C5F56434F5F4D4987
:10B3F0004E5F465245515F4B485A202A204B485ACF
:10B40000292026262076636F5F66726571203C3D99
:10B4100020285049434F5F504C4C5F56434F5F4D7F
:10B4200041585F465245515F4B485A202A204B48AD
:10B430005A290000433A2F50726F6772616D20469F
:10B44000696C65732F5261737062657272792050F6
:10B45000692F5069636F2053444B2076312E352E6F
:10B46000312F7069636F2D73646B2F7372632F724A
:10B4700070325F636F6D6D6F6E2F6861726477619C
:10B4800072655F706C6C2F706C6C2E630000000036
:10B490006662646976203E3D20313620262620668D
:10B4A00062646976203C3D203332300028706F732F
:10B4B000745F64697631203E3D203120262620705D
:10B4C0006F73745F64697631203C3D2037292026F4
:10B4D000262028706F73745F64697632203E3D20A9
:10B4E0003120262620706F73745F64697632203CA9
:10B4F0003D203729000000007265665F6672657145
:10B50000203C3D202876636F5F66726571202F2096
:10B5100031362900706C6C5F696E69740000000040
:10B520002C2066756E6374696F6E3A20000000000F
:10B53000617373657274696F6E20222573222066B1
:10B5400061696C65643A2066696C65202225732206
:10B550002C206C696E65202564257325730A000014
:10B5600031203D3D202875696E747074725F7429B6
:10B570006C2D3E7370696E5F6C6F636B0000000032
:10B58000433A2F50726F6772616D2046696C657324
:10B590002F5261737062657272792050692F506901
:10B5A000636F2053444B2076312E352E312F706936
:10B5B000636F2D73646B2F7372632F7270325F63CE
:10B5C0006F6D6D6F6E2F7069636F5F72756E7469EA
:10B5D0006D652F72756E74696D652E6300000000D5
:10B5E0000A2A2A2A2050414E4943202A2A2A0A00A0
:10B5F00072756E74696D655F696E69740000000034
:10B60000666E6900666E692B000000006E616E0058
:10B61000666E692D000000002E360010DE35001029
:10B62000DE35001038360010DE350010DE35001033
:10B63000DE350010DE350010DE350010DE3500107E
:10B64000DE35001024360010DE3500101A360010EA
:10B65000DE350010DE35001010360010D036001038
:10B66000F63600100E370010F6360010B036001017
:10B67000F6360010F6360010F6360010F6360010DA
:10B68000F6360010F6360010F6360010EC360010D4
:10B69000F6360010F6360010F6360010F6360010BA
:10B6A000F63600101A3700104A3B0010603B0010BD
:10B6B000603B0010603B0010603B0010603B0010DE
:10B6C000603B0010603B0010603B0010603B0010CE
:10B6D000603B0010603B0010603B0010603B0010BE
:10B6E000603B0010603B0010603B0010603B0010AE
:10B6F000603B0010603B0010603B0010603B00109E
:10B70000603B0010603B0010603B0010603B00108D
:10B71000603B0010603B0010603B0010603B00107D
:10B72000603B0010603B001072390010323900108D
:10B7300072390010603B0010603B0010603B00104D
:10B74000603B0010603B0010603B0010603B00104D
:10B75000603B0010603B0010603B0010603B00103D
:10B76000603B0010603B0010603B0010603B00102D
:10B77000603B001026370010603B0010603B00105B
:10B78000603B0010603B0010603B0010603B00100D
:10B79000603B0010603B0010603B0010263700103B
:10B7A000C2390010263700107239001032390010EB
:10B7B00072390010603B001026370010603B00100B
:10B7C000603B0010603B0010603B0010603B0010CD
:10B7D00026370010143B0010603B0010603B001047
:10B7E0003A3A0010603B001026370010603B001012
:10B7F000603B001026370010000000000000F03F02
:10B80000000000000000244000000000000059403B
:10B810000000000000408F40000000000088C3408E
:10B8200000000000006AF8400000000080842E4103
:10B8300000000000D01263410000000084D797414F
:10B840000000000065CDCD412A282875696E743846
:10B850005F74202A29726F6D5F646174615F6C6F21
:10B860006F6B757028726F6D5F7461626C655F637A
:10B870006F6465282753272C2027462729292D3236
:10B8800029202A2034203E3D2053465F5441424C1B
:10B89000455F56325F53495A45000000433A2F50E6
:10B8A000726F6772616D2046696C65732F526173A8
:10B8B0007062657272792050692F5069636F2053EE
:10B8C000444B2076312E352E312F7069636F2D73E6
:10B8D000646B2F7372632F7270325F636F6D6D6F65
:10B8E0006E2F7069636F5F646F75626C652F646F34
:10B8F00075626C655F696E69745F726F6D2E63004F
:10B900005F5F61656162695F646F75626C655F69E5
:10B910006E6974002A282875696E74385F74202A4D
:10B9200029726F6D5F7461626C652D3229202A2047
:10B9300034203E3D2053465F5441424C455F5632D1
:10B940005F53495A45000000433A2F50726F6772A7
:10B95000616D2046696C65732F5261737062657208
:10B9600072792050692F5069636F2053444B2076C1
:10B97000312E352E312F7069636F2D73646B2F73E9
:10B9800072632F7270325F636F6D6D6F6E2F7069AF
:10B99000636F5F666C6F61742F666C6F61745F6953
:10B9A0006E69745F726F6D2E630000005F5F61658A
:10B9B0006162695F666C6F61745F696E69740000D3
:10B9C0004465627567000000626F6F74325F7732A2
:10B9D0003571303830000000312E352E3100000036
:10B9E0007069636F000000006D61696E0000000007
:10B9F000417072203238203230323400060052500A
:10BA0000BBFF3CB6E0B9001006005250E182887FCF
:10BA1000C8B9001006005250D3F07542C0B90010EA
:10BA20007570646174655F75735F73696E63655F7C
:10BA3000626F6F74000000000D0A0000AD5300102B
:10BA4000B1530010BD5300100D540010F1530010FD
:10BA500000000000433A2F50726F6772616D2046FC
:10BA6000696C65732F5261737062657272792050D0
:10BA7000692F5069636F2053444B2076312E352E49
:10BA8000312F7069636F2D73646B2F7372632F7224
:10BA900070325F636F6D6D6F6E2F7069636F5F7370
:10BAA0007464696F5F7573622F737464696F5F7517
:10BAB00073622E6300000000555342207374646962
:10BAC0006E202F207374646F75740000060052504E
:10BAD00053B4F4A1B8BA0010737464696F5F7573DE
:10BAE000625F696E697400007570646174655F758A
:10BAF000735F73696E63655F626F6F74000000004F
:10BB000052617370626572727920506900000000A2
:10BB10005069636F00000000426F6172642043440B
:10BB20004300000052657365740000000902540070
:10BB3000030100807D080B000202020000090400DE
:10BB40000001020200040524002001052401000177
:10BB500004240202052406000107058103080010E1
:10BB600009040100020A000000070502024000006B
:10BB7000070582024000000904020000FF000105E1
:10BB800012010002EF0201408A2E0A0000010102A8
:10BB9000030100000000000000BB001010BB0010FB
:10BBA0001825002018BB001024BB00106C656E2007
:10BBB0003E203000433A2F50726F6772616D20460D
:10BBC000696C65732F52617370626572727920506F
:10BBD000692F5069636F2053444B2076312E352EE8
:10BBE000312F7069636F2D73646B2F7372632F72C3
:10BBF00070325F636F6D6D6F6E2F7069636F5F750D
:10BC00006E697175655F69642F756E697175655FC1
:10BC100069642E63000000007069636F5F6765747C
:10BC20005F756E697175655F626F6172645F69648B
:10BC30005F737472696E6700666C6173685F6F66CC
:10BC40006673202B20636F756E74203C3D20504935
:10BC5000434F5F464C4153485F53495A455F4259F1
:10BC600054455300433A2F50726F6772616D2046FE
:10BC7000696C65732F5261737062657272792050BE
:10BC8000692F5069636F2053444B2076312E352E37
:10BC9000312F7069636F2D73646B2F7372632F7212
:10BCA00070325F636F6D6D6F6E2F68617264776164
:10BCB00072655F666C6173682F666C6173682E6372
:10BCC00000000000636F6E6E6563745F696E74657B
:10BCD000726E616C5F666C61736820262620666CEC
:10BCE0006173685F657869745F78697020262620C3
:10BCF000666C6173685F72616E67655F65726173C0
:10BD00006520262620666C6173685F666C757368B3
:10BD10005F63616368650000636F6E6E6563745F87
:10BD2000696E7465726E616C5F666C617368202603
:10BD30002620666C6173685F657869745F786970E6
:10BD400020262620666C6173685F72616E67655F8E
:10BD500070726F6772616D20262620666C61736851
:10BD60005F666C7573685F636163686500000000FF
:10BD7000636F6E6E6563745F696E7465726E616C1D
:10BD80005F666C61736820262620666C6173685F4D
:10BD9000657869745F78697020262620666C617307
:10BDA000685F666C7573685F636163686500000057
:10BDB000666C6173685F646F5F636D6400000000B0
:10BDC000282875696E747074725F7420296E6578A6
:10BDD000745F6275666665725F70747220262030CB
:10BDE000623131313131317529203D3D2030000043
:10BDF000433A2F50726F6772616D2046696C6573AC
:10BE00002F5261737062657272792050692F506988
:10BE1000636F2053444B2076312E352E312F7069BD
:10BE2000636F2D73646B2F6C69622F74696E797503
:10BE300073622F7372632F706F727461626C652FFF
:10BE400072617370626572727970692F72703230CC
:10BE500034302F6463645F7270323034302E63008C
:10BE600068775F646174615F6F6666736574286E7E
:10BE70006578745F6275666665725F70747229209A
:10BE80003C3D205553425F445052414D5F4D415817
:10BE900000000000556E68616E646C656420495254
:10BEA0005120307825780A007268706F7274203DD6
:10BEB0003D2030006463645F656470745F7866651C
:10BEC000720000006463645F656470745F6F706526
:10BED0006E0000006463645F7365745F6164647224
:10BEE000657373006463645F696E745F656E61623D
:10BEF0006C6500005F68775F656E64706F696E7473
:10BF00005F616C6C6F6300006463645F696E697489
:10BF10000000000021286275665F6374726C202641
:10BF2000205553425F4255465F4354524C5F46553D
:10BF30004C4C2900433A2F50726F6772616D204656
:10BF4000696C65732F5261737062657272792050EB
:10BF5000692F5069636F2053444B2076312E352E64
:10BF6000312F7069636F2D73646B2F6C69622F744E
:10BF7000696E797573622F7372632F706F7274615B
:10BF8000626C652F72617370626572727970692F6D
:10BF90007270323034302F7270323034305F7573DB
:10BFA000622E63006275665F6374726C2026205592
:10BFB00053425F4255465F4354524C5F46554C4C8A
:10BFC00000000000657020256420257320776173D0
:10BFD00020616C726561647920617661696C61626F
:10BFE0006C65000043616E277420636F6E74696E28
:10BFF00075652078666572206F6E20696E61637466
:10C000006976652065702025642025730000000096
:10C010006F757400696E000073796E635F65705FA1
:10C020006275666665720000AC60001012600010F8
:10C030004460001076600010AC600010AC6000102E
:10C040009260001044600010AC600010AC60001002
:10C05000AC600010AC600010AC600010AC60001070
:10C06000AC60001024600010AC6500108665001004
:10C07000526700106065001052670010D464001011
:10C080005665001052670010F0640010086500103B
:10C09000AA6700109C670010F2670010AA670010E2
:10C0A000D6680010F668001006680010526800108C
:10C0B0000E6900102D6D0010E96D00102D6E00103E
:10C0C000F96E00102D700010000000006E66000078
:10C0D000696E697479000000616E0000888100104B
:10C0E000B6800010B6800010B6800010B680001038
:10C0F000B6800010B6800010B6800010B680001028
:10C10000AA810010AA810010AA810010AA81001043
:10C11000AA810010B6800010B6800010B680001012
:10C12000B6800010B6800010B6800010B6800010F7
:10C13000B6800010B6800010B6800010B6800010E7
:10C14000B6800010B6800010B6800010B6800010D7
:10C15000B6800010B6800010B6800010AA810010D2
:10C16000B6800010B6800010B6800010B6800010B7
:10C17000B6800010B6800010B6800010B6800010A7
:10C18000B6800010B6800010808A0010B6800010C3
:10C19000688A00109E8A0010868A0010A48C001005
:10C1A0009E8C0010928C0010868A001035000000D2
:10C1B000CEFBFFFFCB0300000100000000000000E9
:10C1C00034000000CEFBFFFFCB03000001000000A5
:10C1D0000000000000000000BC89D897B2D29C3C4F
:10C1E00033A7A8D523F649393DA7F444FD0FA5325E
:10C1F0009D978CCF08BA5B25436FAC642806681105
:10C2000042616C6C6F63207375636365656465641C
:10C21000000000002F6D6E742F776F726B7370616A
:10C2200063652F776F726B73706163652F4743434C
:10C230002D31302D706970656C696E652F6A656E81
:10C240006B696E732D4743432D31302D70697065D6
:10C250006C696E652D3333385F32303231313031B5
:10C26000385F313633343531363230332F737263C1
:10C270002F6E65776C69622F6E65776C69622F6CC3
:10C280006962632F7374646C69622F6764746F6191
:10C290002D6765746865782E63000000000000005B
:10C2A000000000000000000000000000000000008E
:10C2B000000000000000000000000000000000007E
:10C2C0000000000000000000000000001011121328
:10C2D000141516171819000000000000001A1B1C86
:10C2E0001D1E1F00000000000000000000000000F4
:10C2F000000000000000000000000000001A1B1CED
:10C300001D1E1F00000000000000000000000000D3
:10C31000000000000000000000000000000000001D
:10C32000000000000000000000000000000000000D
:10C3300000000000000000000000000000000000FD
:10C3400000000000000000000000000000000000ED
:10C3500000000000000000000000000000000000DD
:10C3600000000000000000000000000000000000CD
:10C3700000000000000000000000000000000000BD
:10C3800000000000000000000000000000000000AD
:10C390000000000000000000000000002E0000006F
:10C3A0009CC300101CA90010E0150020504F5349F9
:10C3B000580000002F6D6E742F776F726B73706171
:10C3C00063652F776F726B73706163652F474343AB
:10C3D0002D31302D706970656C696E652F6A656EE0
:10C3E0006B696E732D4743432D31302D7069706535
:10C3F0006C696E652D3333385F3230323131303114
:10C40000385F313633343531363230332F7372631F
:10C410002F6E65776C69622F6E65776C69622F6C21
:10C420006962632F7374646C69622F6D70726563E7
:10C430002E630000000000000080E03779C3414314
:10C44000176E05B5B5B89346F5F93FE9034F384D7A
:10C45000321D30F94877825A3CBF737FDD4F157526
:10C46000000000000000F03F000000000000244039
:10C4700000000000000059400000000000408F4014
:10C48000000000000088C34000000000006AF8407F
:10C490000000000080842E4100000000D0126341A3
:10C4A0000000000084D797410000000065CDCD4119
:10C4B000000000205FA00242000000E876483742FA
:10C4C000000000A2941A6D42000040E59C30A24298
:10C4D0000000901EC4BCD64200003426F56B0C430D
:10C4E0000080E03779C3414300A0D88557347643B4
:10C4F00000C84E676DC1AB43003D9160E458E14315
:10C50000408CB5781DAF154450EFE2D6E41A4B4489
:10C5100092D54D06CFF08044F64AE1C7022DB544CE
:10C52000B49DD9794378EA44050000001900000061
:10C530007D0000000020202020202020202028280E
:10C5400028282820202020202020202020202020D3
:10C550002020202020881010101010101010101013
:10C560001010101010040404040404040404041043
:10C5700010101010101041414141414101010101D1
:10C58000010101010101010101010101010101019B
:10C5900010101010101042424242424202020202A7
:10C5A000020202020202020202020202020202026B
:10C5B000101010102000000000000000000000001B
:10C5C000000000000000000000000000000000006B
:10C5D000000000000000000000000000000000005B
:10C5E000000000000000000000000000000000004B
:10C5F000000000000000000000000000000000003B
:10C60000000000000000000000000000000000002A
:10C61000000000000000000000000000000000001A
:10C62000000000000000000000000000000000000A
:08C63000000000000000000002
:10C63800AC020010A002001094020010FCB9001017
:10C648008802001008BA001014BA0010CCBA001002
:10C6580003000068EFF3108C72B60268002AFCD061
:10C66800BFF35F8F04229A56002A0BDB002910D0F3
:10C678000A6000201B68BFF35F8F00221A608CF3EA
:10C6880010887047D0221206127852B21A7101200F
:10C69800F0E70020EEE70000F8B5CE46474680B543
:10C6A8000400170098460368002B20D0D0231B06EF
:10C6B8001B785BB299462668EFF3108C72B6356822
:10C6C800002DFCD0BFF35F8F04256557002D14DBC8
:10C6D8002368BFF35F8F00221A608CF3108838003C
:10C6E800414600F071FD0028E5D000200FE00A4B1C
:10C6F8000A4A85210A4800F047FD4B462371236802
:10C70800BFF35F8F00221A608CF310880120C0BC31
:10C71800B946B046F8BDC046F8AC0010D0AD001020
:10C72800A4AC001070B582B0060015001C0001A969
:10C73800FFF78EFF002807D1019B5BB2D0221206BB
:10C74800127852B2934201D102B070BD2A00230080
:10C758003000FFF7A1FFF7E7F8B506000F0000F07B
:10C76800F3FC04000D1E12DBFA22920000233800AD
:10C77800002100F021FD22002B0012184B41002B54
:10C788000BDB002B0DDB3000FFF786FFF8BD084BF5
:10C79800084A3F21084800F0F7FC01225242074BA3
:10C7A800EFE7034B034A3F21034800F0EDFCC04686
:10C7B8000CAD0010E8AD001028AD0010FFFFFF7FA2
:10C7C80010B50268EFF3108172B61368002BFCD025
:10C7D800BFF35F8F0423C356002B0ADBFF230371CB
:10C7E8000368BFF35F8F00221A6081F3108840BF8F
:10C7F80010BD034B034AB421034800F0C5FCC046F2
:10C808008CAD0010C4AD0010A4AC0010094B1B780F
:10C81800002B08D00CE09A008021490551180868BF
:10C828000549505001333F2BF5DD024B01221A70A8
:10C838007047C0462B250020201D002010B5024B54
:10C848000133984710BDC046201D002000280AD09B
:10C8580003231B02054A12685340C022920013406A
:10C86800034A136070470223F3E7C0460C80014077
:10C878000C900140F0B5D6464F464646C0B5070075
:10C888000E00150018239A461B881422904610881B
:10C8980028499847814653461B88424610882649AE
:10C8A8009847040053461B884246108823499847F6
:10C8B80080464B46002B0CD0002C0AD0002808D00C
:10C8C800FFF7A4FFC847A0470020FFF7BFFF2A00D3
:10C8D8000FE01B4B1B4A80211B4800F055FC002B26
:10C8E80007D0002A05D0C0235B051B6E3370013AC0
:10C8F80001362B00134312D0C0235B059C6A082322
:10C908002340A107EBD5002DE9D0511B0D29E6D80E
:10C918003878C02149050866013D0137DFE7012065
:10C92800FFF794FFC047FFF789FFE0BCBA46B1465E
:10C93800A846F0BD4946000045580000464300009F
:10C9480070BD0010B0BD001064BC001010B500230D
:10C9580008E00133DA000021084811508446624497
:10C968005160DBB20E2BF4D9F0229200002104486A
:10C9780000F0F2FB034B044A1A6010BD000010508F
:10C98800101F0020D422002080011050F0B5CE46A0
:10C99800474680B585B0234B9F6D0024012603E0F0
:10C9A800B74376000134E4B2002F36D01F2C34D8B8
:10C9B8003E42F6D01C4B9E656308994601236340AE
:10C9C80001221A4090464B465D0045446D01174BC5
:10C9D800ED18280000F042FA0028E1D04B465B0031
:10C9E80043445B01114AD3189A789146DB8A9846EA
:10C9F8000C22002101A800F0AFFB07236A465371FF
:10CA08006B464A461A7243460393012101A800F077
:10CA18004DFA280000F0ACF9C2E705B0C0BCB94631
:10CA2800B046F0BD0000115000301150D01E00205B
:10CA3800F0B585B0684A9823D55880239B022C000E
:10CA48001C401D424AD0654B9A6A654B1A60002407
:10CA5800002609E0634B99183C3100230B7000F065
:10CA6800B9F93E000134E4B20F2C17D8A201100026
:10CA780020305C4BC0189B183B331B78022BF1D13C
:10CA8800584B9B183A331F78002FEBD0554B9B1807
:10CA98003C331B78002BDDD13E00E3E7002E08D1A4
:10CAA800514B1B78002B04D1504A903380218902C6
:10CAB800D150494B9C6C6405640D0C22002101A8DF
:10CAC80000F04AFB00236A46137103335371029442
:10CAD800012101A800F0EAF98024A402EB0609D498
:10CAE800EB0329D580235B021C4301AB404A1A8023
:10CAF80000260BE010231C43FFF748FFF0E701ABCB
:10CB0800985D00F071FB0123C3700136012EF6D940
:10CB180001AE0C220021300000F01EFB06237370CA
:10CB2800344A02AB03CA03C30121300000F0BEF946
:10CB38002E4B802292021A65EB0407D46B041ED494
:10CB48002B042FD4AC4241D105B0F0BD80235B014A
:10CB58001C43214B00221A60FFF7F8FE01AE0C229D
:10CB68000021300000F0F8FA012373700121300031
:10CB780000F09CF91D4B802212031A65DEE7802322
:10CB8800DB011C4301AE0C220021300000F0E4FA66
:10CB9800042373700121300000F088F9134B102230
:10CBA8001A65CDE780231B021C4301AE0C2200212D
:10CBB800300000F0D1FA052373700121300000F035
:10CBC80075F90A4B802212011A65BBE721006940FA
:10CBD800094800F0D1FAC046000011500040054055
:10CBE800C01E0020D01E00202A2500200030115031
:10CBF8000080FFFF0000105094BE0010094B1B6C12
:10CC08009B070CD48378DB09012B01D0002007E0B7
:10CC1800C37E022B01D0002002E0012000E00020AA
:10CC28007047C0460000115010B5FFF7E7FF002815
:10CC380009D0064B9B6A064A12689B1A054A944615
:10CC48006344C62B00D810BD0020FCE70040054017
:10CC5800C01E0020E0FCFFFFF8B504000F00838A27
:10CC6800028B1E1C934200D9161CB6B29B1BA382D2
:10CC78008025ED003543E378002B13D08022920104
:10CC8800154301225340E3706378002B0CD0A38A2C
:10CC9800002B02D18023DB011D43002F00D02D047F
:10CCA8002800F8BD0022EBE7B801E3689C46604421
:10CCB8003200216900F058FA23699C4666442661CF
:10CCC80080231B021D43E2E770B5040083681B68DC
:10CCD800002900D01B0C9D05AD0D6278002A12D1E9
:10CCE8001B0409D4E38A5B19E382238BAB4201D985
:10CCF8000023A382280070BD81210F4B0F4A4900F1
:10CD08000F4800F041FA1B040ED58901E3689C46E0
:10CD180061442A00206900F027FAE38A5B19E3825C
:10CD280023695B192361E0E70A21064B034AFF31B7
:10CD3800034800F029FAC04614BF001018C00010BC
:10CD480034BF0010A4BF001010B5040083681B682E
:10CD58000021FFF7B9FF63681B685B0002D5238BCE
:10CD6800834200D010BD01212000FFF7ADFFF9E795
:10CD7800002383768382C3820361704710B500293C
:10CD880002D083681B681940002A0FD0114353054D
:10CD98000CD5826813685B050BD40B4B0B401360F2
:10CDA800FFE7FFE7FFE7FFE7FFE7FFE783681960B3
:10CDB80010BD83787F211940DB099B00034A9A58EC
:10CDC800034800F0D9F9C046FFFBFFFF780D0020AB
:10CDD800C4BF001070B5040043681E680021FFF747
:10CDE8003BFF80256D010543194B1B6C0222110086
:10CDF80019401A4202D1A378DB0906D0002906D0CF
:10CE0800A3785B0616D1002302E0012300E000238B
:10CE1800A28A002A01D0002B0ED00E4B1E40802380
:10CE28009B053343626813602A0000212000FFF746
:10CE3800A5FF70BD0123EBE701212000FFF70CFFE0
:10CE48000543054B1E40A023DB053343EAE7C046F4
:10CE580000001150FFFFFFAFFFFFFFDF70B50400B8
:10CE6800857E002D06D0FFF76FFFA38A002B0BD11C
:10CE7800280070BD83787F211940DB099B00094A8F
:10CE88009A58094800F078F92000FFF7CDFE051EF2
:10CE980003D0012323770025EAE72000FFF79AFF54
:10CEA800E6E7C046780D0020E4BF001030B585B035
:10CEB80005004378042B00D159E006D8022B2BD06B
:10CEC800032B00D0CBE0002483E0052B00D0C6E084
:10CED800704B1B78DB0748D56E4A137804218B43C7
:10CEE80013706D4B1C68210014316269EFF31080D8
:10CEF80072B61368002BFCD0BFF35F8F486029001F
:10CF0800200000F051F96269A369BFF35F8F002127
:10CF1800116083F3108828E05E4B1A7801218A4358
:10CF28001A701A7801318A431A7000225A701A78D6
:10CF380002318A431A70584B1C6821001431626907
:10CF4800EFF3108072B61368002BFCD0BFF35F8F2D
:10CF580048602900200000F027F96269A369BFF33F
:10CF68005F8F0021116083F3108805B030BD494BF5
:10CF78001B78DB07F9D5474A137804210B43137054
:10CF8800454B1C68210014316269EFF3108072B6BA
:10CF98001368002BFCD0BFF35F8F48602900200086
:10CFA80000F002F96269A369BFF35F8F0021116085
:10CFB80083F31088D9E763001B19DA00374B1B6825
:10CFC8009B1818E023000FE0287869689847013417
:10CFD800E4B2334B1B78A34213D3324A002AF1D070
:10CFE800A342E8D8E31ADBB2002BF0D15A00D218DA
:10CFF800D2002D4B9B18002BE9D05B69002BE3D1A5
:10D00800E5E7244B1B785B07AFD5224A1378042148
:10D018008B4313700C22002101A800F09DF82B7897
:10D028006A461371052353711B4B1C682100143188
:10D038006269EFF3108072B61368002BFCD0BFF35F
:10D048005F8F486001A9200000F0AEF86269A3690B
:10D05800BFF35F8F0021116083F3108885E70E4BC3
:10D068001C68210014316269EFF3108072B61368EE
:10D07800002BFCD0BFF35F8F48602900200000F030
:10D0880093F86269A369BFF35F8F0021116083F38E
:10D0980010886AE7F41B00204C1C0020CC180020E4
:10D0A8002925002069540010B4C0001070B5041C74
:10D0B8000D1C00F027F8002802D12C1C201C70BD84
:10D0C800281C00F01FF80028F8D0291C201C00F0AC
:10D0D80063F80028F2D1F0E770B5041C0D1C00F0CD
:10D0E80011F8002802D12C1C201C70BD281C00F04F
:10D0F80009F80028F8D0291C201C00F06DF8002839
:10D10800F2D1F0E74000430800280ED0FE210A4A79
:10D11800C9059A188A420CD308495A1E8A4206D968
:10D12800074A98184342584170470220FCE70320F9
:10D13800FAE70420F8E7C046000080FFFEFF7F0002
:10D14800000080807047C04601B40248844601BC94
:10D15800604700BF711E001001B40248844601BC3C
:10D16800604700BFB550001001B40248844601BCB6
:10D17800604700BFC150001001B40248844601BC9A
:10D18800604700BF552A001001B40248844601BC1C
:10D19800604700BF2129001001B40248844601BC41
:10D1A800604700BF4D4C001001B40248844601BCE2
:10D1B800604700BFB578001001B40248844601BC3E
:10D1C800604700BF454B001001B40248844601BCCB
:10D1D800604700BF1D1D001001B40248844601BC11
:10D1E800604700BF214C001001B40248844601BCCE
:10D1F800604700BF4D5A001000007A440B00000041
:10D208000A000000090000000800000000000000FB
:10D2180001000000020000000300000004000000FC
:10D228000500000006000000070000000080A2447E
:10D238000000C84331323341343536423738394338
:10D248002A3023440F0000000E0000000D000000EB
:10D258000C000000100000000000000000000100A9
:10D2680000000000000000000000020000000000B4
:10D2780000000000000003000000000000000000A3
:10D288000000FF000000000001B5486801318E462B
:10D298000047704609380149884701BDC110001090
:10D2A800280D00200000000070170020541E0020E8
:10D2B8000000000000000000641E002000000000C4
:10D2C8000000000010000000000000000000000046
:10D2D800503300004C330000543300005233000038
:10D2E8004D5300004D430000533400004334000008
:10D2F8000558001000000000415700109D54001010
:10D30800000000000001000010C0001014C0001050
:10D31800501C002010000C0000000000000000005D
:10D32800000000000000000000000000FF000000F6
:10D33800A80D00200000000000000000941000204C
:10D34800FC10002064110020000000000000000014
:10D3580000000000000000000000000000000000C5
:10D3680000000000000000000000000000000000B5
:10D3780000000000000000000000000000000000A5
:10D388000000000000000000000000000000000095
:10D398000000000000000000000000000000000085
:10D3A8000000000000000000000000000000000075
:10D3B8000000000000000000000000000000000065
:10D3C8000000000000000000000000000000000055
:10D3D8000000000000000000000000000000000045
:10D3E80001000000000000000E33CDAB34126DE6E2
:10D3F800ECDE05000B00000000000000000000004B
:10D408000000000000000000000000000000000014
:10D418000000000000000000000000000000000004
:10D4280000000000000000000000000000000000F4
:10D4380000000000000000000000000000000000E4
:10D4480000000000000000000000000000000000D4
:10D4580000000000000000000000000000000000C4
:10D4680000000000000000000000000000000000B4
:10D4780000000000000000000000000000000000A4
:10D488000000000000000000000000000000000094
:10D498000000000000000000000000000000000084
:10D4A8000000000000000000000000000000000074
:10D4B8000000000000000000000000000000000064
:10D4C8000000000000000000000000000000000054
:10D4D8000000000000000000000000000000000044
:10D4E8000000000000000000000000000000000034
:10D4F8000000000000000000000000000000000024
:10D508000000000000000000000000000000000013
:10D518000000000000000000000000000000000003
:10D5280000000000000000000000000000000000F3
:10D5380000000000000000000000000000000000E3
:10D5480000000000000000000000000000000000D3
:10D5580000000000000000000000000000000000C3
:10D5680000000000000000000000000000000000B3
:10D5780000000000000000000000000000000000A3
:10D588000000000000000000000000000000000093
:10D598000000000000000000000000000000000083
:10D5A8000000000000000000000000000000000073
:10D5B8000000000000000000000000000000000063
:10D5C8000000000000000000000000000000000053
:10D5D8000000000000000000000000000000000043
:10D5E8000000000000000000000000000000000033
:10D5F8000000000000000000000000000000000023
:10D608000000000000000000000000000000000012
:10D618000000000000000000000000000000000002
:10D6280000000000000000000000000000000000F2
:10D6380000000000000000000000000000000000E2
:10D6480000000000000000000000000000000000D2
:10D6580000000000000000000000000000000000C2
:10D6680000000000000000000000000000000000B2
:10D6780000000000000000000000000000000000A2
:10D688000000000000000000000000000000000092
:10D698000000000000000000000000000000000082
:10D6A8000000000000000000000000000000000072
:10D6B8000000000000000000000000000000000062
:10D6C8000000000000000000000000000000000052
:10D6D8000000000000000000000000000000000042
:10D6E8000000000000000000000000000000000032
:10D6F8000000000000000000000000000000000022
:10D708000000000000000000000000000000000011
:10D718000000000000000000000000000000000001
:10D7280000000000000000000000000000000000F1
:10D7380000000000000000000000000000000000E1
:10D7480000000000000000000000000000000000D1
:10D7580000000000000000000000000000000000C1
:10D768000000000000000000D0110020D0110020AF
:10D77800D8110020D8110020E0110020E01100206D
:10D78800E8110020E8110020F0110020F01100201D
:10D79800F8110020F81100200012002000120020CB
:10D7A8000812002008120020101200201012002079
:10D7B8001812002018120020201200202012002029
:10D7C80028120020281200203012002030120020D9
:10D7D8003812002038120020401200204012002089
:10D7E8004812002048120020501200205012002039
:10D7F80058120020581200206012002060120020E9
:10D808006812002068120020701200207012002098
:10D818007812002078120020801200208012002048
:10D8280088120020881200209012002090120020F8
:10D838009812002098120020A0120020A0120020A8
:10D84800A8120020A8120020B0120020B012002058
:10D85800B8120020B8120020C0120020C012002008
:10D86800C8120020C8120020D0120020D0120020B8
:10D87800D8120020D8120020E0120020E012002068
:10D88800E8120020E8120020F0120020F012002018
:10D89800F8120020F81200200013002000130020C6
:10D8A8000813002008130020101300201013002074
:10D8B8001813002018130020201300202013002024
:10D8C80028130020281300203013002030130020D4
:10D8D8003813002038130020401300204013002084
:10D8E8004813002048130020501300205013002034
:10D8F80058130020581300206013002060130020E4
:10D908006813002068130020701300207013002093
:10D918007813002078130020801300208013002043
:10D9280088130020881300209013002090130020F3
:10D938009813002098130020A0130020A0130020A3
:10D94800A8130020A8130020B0130020B013002053
:10D95800B8130020B8130020C0130020C013002003
:10D96800C8130020C8130020D0130020D0130020B3
:10D97800D8130020D8130020E0130020E013002063
:10D98800E8130020E8130020F0130020F013002013
:10D99800F8130020F81300200014002000140020C1
:10D9A800081400200814002010140020101400206F
:10D9B800181400201814002020140020201400201F
:10D9C80028140020281400203014002030140020CF
:10D9D800381400203814002040140020401400207F
:10D9E800481400204814002050140020501400202F
:10D9F80058140020581400206014002060140020DF
:10DA0800681400206814002070140020701400208E
:10DA1800781400207814002080140020801400203E
:10DA280088140020881400209014002090140020EE
:10DA38009814002098140020A0140020A01400209E
:10DA4800A8140020A8140020B0140020B01400204E
:10DA5800B8140020B8140020C0140020C0140020FE
:10DA6800C8140020C8140020D0140020D0140020AE
:10DA7800D8140020D8140020E0140020E01400205E
:10DA8800E8140020E8140020F0140020F01400200E
:10DA9800F8140020F81400200015002000150020BC
:10DAA800081500200815002010150020101500206A
:10DAB800181500201815002020150020201500201A
:10DAC80028150020281500203015002030150020CA
:10DAD800381500203815002040150020401500207A
:10DAE800481500204815002050150020501500202A
:10DAF80058150020581500206015002060150020DA
:10DB08006815002068150020701500207015002089
:10DB18007815002078150020801500208015002039
:10DB280088150020881500209015002090150020E9
:10DB38009815002098150020A0150020A015002099
:10DB4800A8150020A8150020B0150020B015002049
:10DB5800B8150020B8150020C0150020C0150020F9
:10DB6800C8150020C8150020FFFFFFFF00000200B5
:10DB7800FF0000004300000000000000000000005B
:10DB8800000000000000000000000000000000008D
:10DB9800000000004300000000000000000000003A
:10DBA800000000000000000000000000000000006D
:10DBB800000000004300000000000000000000001A
:10DBC800000000000000000000000000000000004D
:10DBD80000000000430000000000000000000000FA
:10DBE800000000000000000000000000000000002D
:10DBF80000000000430000000000000000000000DA
:10DC0800000000000000000000000000000000000C
:10DC180000000000430000000000000000000000B9
:10DC280000000000000000000000000000000000EC
:10DC38000000000043000000000000000000000099
:10DC480000000000000000000000000000000000CC
:10DC580000000000F1A60010759B001000000000F5
:10DC680034C500109CC300101CA900101CA900108A
:10DC78001CA900101CA900101CA900101CA9001048
:10DC88001CA900101CA900101CA90010FFFFFFFF11
:10DC9800FFFFFFFFFFFFFFFFFFFF000001004153F1
:10DCA8004349490000000000000000000000000097
:10DCB80000000000000000000000000000004153C8
:10DCC8004349490000000000000000000000000077
:10DCD800000000000000000000000000000000003C
:10DCE8000000000000000000A5500010C53B001017
:10DCF80075430010394D0010E502001095590010C9
:04000005100001E9FD
:00000001FF
