
C:/Users/pc/Desktop/DIG3_3/GDS_C_POL/signal_gen/build/main.elf:     file format elf32-littlearm

Sections:
Idx Name          Size      VMA       LMA       File off  Algn
  0 .boot2        00000100  10000000  10000000  00001000  2**0
                  CONTENTS, ALLOC, LOAD, READONLY, CODE
  1 .text         0000a710  10000100  10000100  00001100  2**3
                  CONTENTS, ALLOC, LOAD, READONLY, CODE
  2 .rodata       00001e28  1000a810  1000a810  0000b810  2**3
                  CONTENTS, ALLOC, LOAD, READONLY, DATA
  3 .binary_info  00000020  1000c638  1000c638  0000d638  2**2
                  CONTENTS, ALLOC, LOAD, READONLY, DATA
  4 .ram_vector_table 000000c0  20000000  20000000  00010000  2**2
                  ALLOC
  5 .data         000016b0  200000c0  1000c658  0000e0c0  2**4
                  CONTENTS, ALLOC, LOAD, READONLY, CODE
  6 .uninitialized_data 00000000  20001770  20001770  0000f770  2**0
                  CONTENTS
  7 .scratch_x    00000000  20040000  20040000  0000f770  2**0
                  CONTENTS
  8 .scratch_y    00000000  20041000  20041000  0000f770  2**0
                  CONTENTS
  9 .bss          00000dc4  20001770  20001770  00010000  2**3
                  ALLOC
 10 .heap         00000800  20002534  20002534  0000f770  2**2
                  CONTENTS, READONLY
 11 .stack_dummy  00000800  20041000  20041000  0000ff80  2**5
                  CONTENTS, READONLY
 12 .ARM.attributes 00000028  00000000  00000000  00010780  2**0
                  CONTENTS, READONLY
 13 .comment      00000049  00000000  00000000  000107a8  2**0
                  CONTENTS, READONLY
 14 .debug_info   0002fb29  00000000  00000000  000107f1  2**0
                  CONTENTS, READONLY, DEBUGGING, OCTETS
 15 .debug_abbrev 00006ee2  00000000  00000000  0004031a  2**0
                  CONTENTS, READONLY, DEBUGGING, OCTETS
 16 .debug_loc    00026a0f  00000000  00000000  000471fc  2**0
                  CONTENTS, READONLY, DEBUGGING, OCTETS
 17 .debug_aranges 000016e8  00000000  00000000  0006dc10  2**3
                  CONTENTS, READONLY, DEBUGGING, OCTETS
 18 .debug_ranges 00005560  00000000  00000000  0006f2f8  2**3
                  CONTENTS, READONLY, DEBUGGING, OCTETS
 19 .debug_line   0001d412  00000000  00000000  00074858  2**0
                  CONTENTS, READONLY, DEBUGGING, OCTETS
 20 .debug_str    00007a1c  00000000  00000000  00091c6a  2**0
                  CONTENTS, READONLY, DEBUGGING, OCTETS
 21 .debug_frame  00003a08  00000000  00000000  00099688  2**2
                  CONTENTS, READONLY, DEBUGGING, OCTETS

C:/Users/pc/Desktop/DIG3_3/GDS_C_POL/signal_gen/build/main.elf:     file format elf32-littlearm


Disassembly of section .boot2:

10000000 <__boot2_start__>:
10000000:	4b32b500 	.word	0x4b32b500
10000004:	60582021 	.word	0x60582021
10000008:	21026898 	.word	0x21026898
1000000c:	60984388 	.word	0x60984388
10000010:	611860d8 	.word	0x611860d8
10000014:	4b2e6158 	.word	0x4b2e6158
10000018:	60992100 	.word	0x60992100
1000001c:	61592102 	.word	0x61592102
10000020:	22f02101 	.word	0x22f02101
10000024:	492b5099 	.word	0x492b5099
10000028:	21016019 	.word	0x21016019
1000002c:	20356099 	.word	0x20356099
10000030:	f844f000 	.word	0xf844f000
10000034:	42902202 	.word	0x42902202
10000038:	2106d014 	.word	0x2106d014
1000003c:	f0006619 	.word	0xf0006619
10000040:	6e19f834 	.word	0x6e19f834
10000044:	66192101 	.word	0x66192101
10000048:	66182000 	.word	0x66182000
1000004c:	f000661a 	.word	0xf000661a
10000050:	6e19f82c 	.word	0x6e19f82c
10000054:	6e196e19 	.word	0x6e196e19
10000058:	f0002005 	.word	0xf0002005
1000005c:	2101f82f 	.word	0x2101f82f
10000060:	d1f94208 	.word	0xd1f94208
10000064:	60992100 	.word	0x60992100
10000068:	6019491b 	.word	0x6019491b
1000006c:	60592100 	.word	0x60592100
10000070:	481b491a 	.word	0x481b491a
10000074:	21016001 	.word	0x21016001
10000078:	21eb6099 	.word	0x21eb6099
1000007c:	21a06619 	.word	0x21a06619
10000080:	f0006619 	.word	0xf0006619
10000084:	2100f812 	.word	0x2100f812
10000088:	49166099 	.word	0x49166099
1000008c:	60014814 	.word	0x60014814
10000090:	60992101 	.word	0x60992101
10000094:	2800bc01 	.word	0x2800bc01
10000098:	4700d000 	.word	0x4700d000
1000009c:	49134812 	.word	0x49134812
100000a0:	c8036008 	.word	0xc8036008
100000a4:	8808f380 	.word	0x8808f380
100000a8:	b5034708 	.word	0xb5034708
100000ac:	20046a99 	.word	0x20046a99
100000b0:	d0fb4201 	.word	0xd0fb4201
100000b4:	42012001 	.word	0x42012001
100000b8:	bd03d1f8 	.word	0xbd03d1f8
100000bc:	6618b502 	.word	0x6618b502
100000c0:	f7ff6618 	.word	0xf7ff6618
100000c4:	6e18fff2 	.word	0x6e18fff2
100000c8:	bd026e18 	.word	0xbd026e18
100000cc:	40020000 	.word	0x40020000
100000d0:	18000000 	.word	0x18000000
100000d4:	00070000 	.word	0x00070000
100000d8:	005f0300 	.word	0x005f0300
100000dc:	00002221 	.word	0x00002221
100000e0:	180000f4 	.word	0x180000f4
100000e4:	a0002022 	.word	0xa0002022
100000e8:	10000100 	.word	0x10000100
100000ec:	e000ed08 	.word	0xe000ed08
	...
100000fc:	7a4eb274 	.word	0x7a4eb274

Disassembly of section .text:

10000100 <__VECTOR_TABLE>:
10000100:	20042000 	.word	0x20042000
10000104:	100001f7 	.word	0x100001f7
10000108:	100001c3 	.word	0x100001c3
1000010c:	100001c5 	.word	0x100001c5
10000110:	100001c1 	.word	0x100001c1
10000114:	100001c1 	.word	0x100001c1
10000118:	100001c1 	.word	0x100001c1
1000011c:	100001c1 	.word	0x100001c1
10000120:	100001c1 	.word	0x100001c1
10000124:	100001c1 	.word	0x100001c1
10000128:	100001c1 	.word	0x100001c1
1000012c:	100001c7 	.word	0x100001c7
10000130:	100001c1 	.word	0x100001c1
10000134:	100001c1 	.word	0x100001c1
10000138:	100001c9 	.word	0x100001c9
1000013c:	100001cb 	.word	0x100001cb
10000140:	100001cd 	.word	0x100001cd
10000144:	100001cd 	.word	0x100001cd
10000148:	100001cd 	.word	0x100001cd
1000014c:	100001cd 	.word	0x100001cd
10000150:	100001cd 	.word	0x100001cd
10000154:	100001cd 	.word	0x100001cd
10000158:	100001cd 	.word	0x100001cd
1000015c:	100001cd 	.word	0x100001cd
10000160:	100001cd 	.word	0x100001cd
10000164:	100001cd 	.word	0x100001cd
10000168:	100001cd 	.word	0x100001cd
1000016c:	100001cd 	.word	0x100001cd
10000170:	100001cd 	.word	0x100001cd
10000174:	100001cd 	.word	0x100001cd
10000178:	100001cd 	.word	0x100001cd
1000017c:	100001cd 	.word	0x100001cd
10000180:	100001cd 	.word	0x100001cd
10000184:	100001cd 	.word	0x100001cd
10000188:	100001cd 	.word	0x100001cd
1000018c:	100001cd 	.word	0x100001cd
10000190:	100001cd 	.word	0x100001cd
10000194:	100001cd 	.word	0x100001cd
10000198:	100001cd 	.word	0x100001cd
1000019c:	100001cd 	.word	0x100001cd
100001a0:	100001cd 	.word	0x100001cd
100001a4:	100001cd 	.word	0x100001cd
100001a8:	100001cd 	.word	0x100001cd
100001ac:	100001cd 	.word	0x100001cd
100001b0:	100001cd 	.word	0x100001cd
100001b4:	100001cd 	.word	0x100001cd
100001b8:	100001cd 	.word	0x100001cd
100001bc:	100001cd 	.word	0x100001cd

100001c0 <isr_invalid>:
100001c0:	be00      	bkpt	0x0000

100001c2 <isr_nmi>:
100001c2:	be00      	bkpt	0x0000

100001c4 <isr_hardfault>:
100001c4:	be00      	bkpt	0x0000

100001c6 <isr_svcall>:
100001c6:	be00      	bkpt	0x0000

100001c8 <isr_pendsv>:
100001c8:	be00      	bkpt	0x0000

100001ca <isr_systick>:
100001ca:	be00      	bkpt	0x0000

100001cc <__unhandled_user_irq>:
100001cc:	f3ef 8005 	mrs	r0, IPSR
100001d0:	3810      	subs	r0, #16

100001d2 <unhandled_user_irq_num_in_r0>:
100001d2:	be00      	bkpt	0x0000

100001d4 <binary_info_header>:
100001d4:	7188ebf2 	.word	0x7188ebf2
100001d8:	1000c638 	.word	0x1000c638
100001dc:	1000c658 	.word	0x1000c658
100001e0:	10000234 	.word	0x10000234
100001e4:	e71aa390 	.word	0xe71aa390

100001e8 <_entry_point>:
100001e8:	2000      	movs	r0, #0
100001ea:	491f      	ldr	r1, [pc, #124]	; (10000268 <hold_non_core0_in_bootrom+0xa>)
100001ec:	6008      	str	r0, [r1, #0]
100001ee:	c806      	ldmia	r0!, {r1, r2}
100001f0:	f381 8808 	msr	MSP, r1
100001f4:	4710      	bx	r2

100001f6 <_reset_handler>:
100001f6:	481d      	ldr	r0, [pc, #116]	; (1000026c <hold_non_core0_in_bootrom+0xe>)
100001f8:	6800      	ldr	r0, [r0, #0]
100001fa:	2800      	cmp	r0, #0
100001fc:	d12f      	bne.n	1000025e <hold_non_core0_in_bootrom>
100001fe:	a40d      	add	r4, pc, #52	; (adr r4, 10000234 <data_cpy_table>)
10000200:	cc0e      	ldmia	r4!, {r1, r2, r3}
10000202:	2900      	cmp	r1, #0
10000204:	d002      	beq.n	1000020c <_reset_handler+0x16>
10000206:	f000 f812 	bl	1000022e <data_cpy>
1000020a:	e7f9      	b.n	10000200 <_reset_handler+0xa>
1000020c:	4918      	ldr	r1, [pc, #96]	; (10000270 <hold_non_core0_in_bootrom+0x12>)
1000020e:	4a19      	ldr	r2, [pc, #100]	; (10000274 <hold_non_core0_in_bootrom+0x16>)
10000210:	2000      	movs	r0, #0
10000212:	e000      	b.n	10000216 <bss_fill_test>

10000214 <bss_fill_loop>:
10000214:	c101      	stmia	r1!, {r0}

10000216 <bss_fill_test>:
10000216:	4291      	cmp	r1, r2
10000218:	d1fc      	bne.n	10000214 <bss_fill_loop>

1000021a <platform_entry>:
1000021a:	4917      	ldr	r1, [pc, #92]	; (10000278 <hold_non_core0_in_bootrom+0x1a>)
1000021c:	4788      	blx	r1
1000021e:	4917      	ldr	r1, [pc, #92]	; (1000027c <hold_non_core0_in_bootrom+0x1e>)
10000220:	4788      	blx	r1
10000222:	4917      	ldr	r1, [pc, #92]	; (10000280 <hold_non_core0_in_bootrom+0x22>)
10000224:	4788      	blx	r1
10000226:	be00      	bkpt	0x0000
10000228:	e7fd      	b.n	10000226 <platform_entry+0xc>

1000022a <data_cpy_loop>:
1000022a:	c901      	ldmia	r1!, {r0}
1000022c:	c201      	stmia	r2!, {r0}

1000022e <data_cpy>:
1000022e:	429a      	cmp	r2, r3
10000230:	d3fb      	bcc.n	1000022a <data_cpy_loop>
10000232:	4770      	bx	lr

10000234 <data_cpy_table>:
10000234:	1000c658 	.word	0x1000c658
10000238:	200000c0 	.word	0x200000c0
1000023c:	20001770 	.word	0x20001770
10000240:	1000dd08 	.word	0x1000dd08
10000244:	20040000 	.word	0x20040000
10000248:	20040000 	.word	0x20040000
1000024c:	1000dd08 	.word	0x1000dd08
10000250:	20041000 	.word	0x20041000
10000254:	20041000 	.word	0x20041000
10000258:	00000000 	.word	0x00000000
1000025c:	4770      	bx	lr

1000025e <hold_non_core0_in_bootrom>:
1000025e:	4809      	ldr	r0, [pc, #36]	; (10000284 <hold_non_core0_in_bootrom+0x26>)
10000260:	f003 fcb8 	bl	10003bd4 <rom_func_lookup>
10000264:	4700      	bx	r0
10000266:	0000      	.short	0x0000
10000268:	e000ed08 	.word	0xe000ed08
1000026c:	d0000000 	.word	0xd0000000
10000270:	20001770 	.word	0x20001770
10000274:	20002534 	.word	0x20002534
10000278:	1000295d 	.word	0x1000295d
1000027c:	10000679 	.word	0x10000679
10000280:	10002919 	.word	0x10002919
10000284:	00005657 	.word	0x00005657

10000288 <__bi_50>:
10000288:	50520006 5360b3ab 1000b9d8              ..RP..`S....

10000294 <__bi_38>:
10000294:	50520006 02031c86 1000b9e8              ..RP........

100002a0 <__bi_30>:
100002a0:	50520006 9da22254 1000b9f0              ..RPT"......

100002ac <__bi_22>:
100002ac:	50520005 68f465de 1000dd08              ..RP.e.h....

100002b8 <_init>:
100002b8:	b5f8      	push	{r3, r4, r5, r6, r7, lr}
100002ba:	46c0      	nop			; (mov r8, r8)

100002bc <__do_global_dtors_aux>:
100002bc:	b510      	push	{r4, lr}
100002be:	4c06      	ldr	r4, [pc, #24]	; (100002d8 <__do_global_dtors_aux+0x1c>)
100002c0:	7823      	ldrb	r3, [r4, #0]
100002c2:	2b00      	cmp	r3, #0
100002c4:	d107      	bne.n	100002d6 <__do_global_dtors_aux+0x1a>
100002c6:	4b05      	ldr	r3, [pc, #20]	; (100002dc <__do_global_dtors_aux+0x20>)
100002c8:	2b00      	cmp	r3, #0
100002ca:	d002      	beq.n	100002d2 <__do_global_dtors_aux+0x16>
100002cc:	4804      	ldr	r0, [pc, #16]	; (100002e0 <__do_global_dtors_aux+0x24>)
100002ce:	e000      	b.n	100002d2 <__do_global_dtors_aux+0x16>
100002d0:	bf00      	nop
100002d2:	2301      	movs	r3, #1
100002d4:	7023      	strb	r3, [r4, #0]
100002d6:	bd10      	pop	{r4, pc}
100002d8:	20001878 	.word	0x20001878
100002dc:	00000000 	.word	0x00000000
100002e0:	1000a810 	.word	0x1000a810

100002e4 <frame_dummy>:
100002e4:	4b04      	ldr	r3, [pc, #16]	; (100002f8 <frame_dummy+0x14>)
100002e6:	b510      	push	{r4, lr}
100002e8:	2b00      	cmp	r3, #0
100002ea:	d003      	beq.n	100002f4 <frame_dummy+0x10>
100002ec:	4903      	ldr	r1, [pc, #12]	; (100002fc <frame_dummy+0x18>)
100002ee:	4804      	ldr	r0, [pc, #16]	; (10000300 <frame_dummy+0x1c>)
100002f0:	e000      	b.n	100002f4 <frame_dummy+0x10>
100002f2:	bf00      	nop
100002f4:	bd10      	pop	{r4, pc}
100002f6:	46c0      	nop			; (mov r8, r8)
100002f8:	00000000 	.word	0x00000000
100002fc:	2000187c 	.word	0x2000187c
10000300:	1000a810 	.word	0x1000a810

10000304 <setup_gpio>:
10000304:	b570      	push	{r4, r5, r6, lr}
10000306:	2400      	movs	r4, #0
10000308:	e00b      	b.n	10000322 <setup_gpio+0x1e>
1000030a:	4d0e      	ldr	r5, [pc, #56]	; (10000344 <setup_gpio+0x40>)
1000030c:	00a6      	lsls	r6, r4, #2
1000030e:	5970      	ldr	r0, [r6, r5]
10000310:	f000 fb82 	bl	10000a18 <gpio_init>
10000314:	5972      	ldr	r2, [r6, r5]
10000316:	2301      	movs	r3, #1
10000318:	4093      	lsls	r3, r2
1000031a:	22d0      	movs	r2, #208	; 0xd0
1000031c:	0612      	lsls	r2, r2, #24
1000031e:	6253      	str	r3, [r2, #36]	; 0x24
10000320:	3401      	adds	r4, #1
10000322:	2c07      	cmp	r4, #7
10000324:	ddf1      	ble.n	1000030a <setup_gpio+0x6>
10000326:	2010      	movs	r0, #16
10000328:	f000 fb76 	bl	10000a18 <gpio_init>
1000032c:	23d0      	movs	r3, #208	; 0xd0
1000032e:	061b      	lsls	r3, r3, #24
10000330:	2280      	movs	r2, #128	; 0x80
10000332:	0252      	lsls	r2, r2, #9
10000334:	629a      	str	r2, [r3, #40]	; 0x28
10000336:	2200      	movs	r2, #0
10000338:	2101      	movs	r1, #1
1000033a:	2010      	movs	r0, #16
1000033c:	f000 fb52 	bl	100009e4 <gpio_set_pulls>
10000340:	bd70      	pop	{r4, r5, r6, pc}
10000342:	46c0      	nop			; (mov r8, r8)
10000344:	20000c7c 	.word	0x20000c7c

10000348 <write_dac>:
10000348:	b510      	push	{r4, lr}
1000034a:	2300      	movs	r3, #0
1000034c:	e003      	b.n	10000356 <write_dac+0xe>
1000034e:	22d0      	movs	r2, #208	; 0xd0
10000350:	0612      	lsls	r2, r2, #24
10000352:	6194      	str	r4, [r2, #24]
10000354:	3301      	adds	r3, #1
10000356:	2b07      	cmp	r3, #7
10000358:	dc0d      	bgt.n	10000376 <write_dac+0x2e>
1000035a:	009a      	lsls	r2, r3, #2
1000035c:	4906      	ldr	r1, [pc, #24]	; (10000378 <write_dac+0x30>)
1000035e:	5852      	ldr	r2, [r2, r1]
10000360:	2101      	movs	r1, #1
10000362:	000c      	movs	r4, r1
10000364:	4094      	lsls	r4, r2
10000366:	0002      	movs	r2, r0
10000368:	411a      	asrs	r2, r3
1000036a:	4211      	tst	r1, r2
1000036c:	d0ef      	beq.n	1000034e <write_dac+0x6>
1000036e:	22d0      	movs	r2, #208	; 0xd0
10000370:	0612      	lsls	r2, r2, #24
10000372:	6154      	str	r4, [r2, #20]
10000374:	e7ee      	b.n	10000354 <write_dac+0xc>
10000376:	bd10      	pop	{r4, pc}
10000378:	20000c7c 	.word	0x20000c7c

1000037c <changeWaveform>:
1000037c:	b510      	push	{r4, lr}
1000037e:	490f      	ldr	r1, [pc, #60]	; (100003bc <changeWaveform+0x40>)
10000380:	780a      	ldrb	r2, [r1, #0]
10000382:	3201      	adds	r2, #1
10000384:	2303      	movs	r3, #3
10000386:	4013      	ands	r3, r2
10000388:	700b      	strb	r3, [r1, #0]
1000038a:	2b02      	cmp	r3, #2
1000038c:	d012      	beq.n	100003b4 <changeWaveform+0x38>
1000038e:	d807      	bhi.n	100003a0 <changeWaveform+0x24>
10000390:	2b00      	cmp	r3, #0
10000392:	d00b      	beq.n	100003ac <changeWaveform+0x30>
10000394:	2b01      	cmp	r3, #1
10000396:	d10c      	bne.n	100003b2 <changeWaveform+0x36>
10000398:	4809      	ldr	r0, [pc, #36]	; (100003c0 <changeWaveform+0x44>)
1000039a:	f004 ffc7 	bl	1000532c <__wrap_puts>
1000039e:	e008      	b.n	100003b2 <changeWaveform+0x36>
100003a0:	2b03      	cmp	r3, #3
100003a2:	d106      	bne.n	100003b2 <changeWaveform+0x36>
100003a4:	4807      	ldr	r0, [pc, #28]	; (100003c4 <changeWaveform+0x48>)
100003a6:	f004 ffc1 	bl	1000532c <__wrap_puts>
100003aa:	e002      	b.n	100003b2 <changeWaveform+0x36>
100003ac:	4806      	ldr	r0, [pc, #24]	; (100003c8 <changeWaveform+0x4c>)
100003ae:	f004 ffbd 	bl	1000532c <__wrap_puts>
100003b2:	bd10      	pop	{r4, pc}
100003b4:	4805      	ldr	r0, [pc, #20]	; (100003cc <changeWaveform+0x50>)
100003b6:	f004 ffb9 	bl	1000532c <__wrap_puts>
100003ba:	e7fa      	b.n	100003b2 <changeWaveform+0x36>
100003bc:	2000252d 	.word	0x2000252d
100003c0:	1000a830 	.word	0x1000a830
100003c4:	1000a880 	.word	0x1000a880
100003c8:	1000a810 	.word	0x1000a810
100003cc:	1000a854 	.word	0x1000a854

100003d0 <setup>:
100003d0:	b510      	push	{r4, lr}
100003d2:	f004 ffe7 	bl	100053a4 <stdio_init_all>
100003d6:	f7ff ff95 	bl	10000304 <setup_gpio>
100003da:	bd10      	pop	{r4, pc}

100003dc <getKeypadInput>:
100003dc:	b5f8      	push	{r3, r4, r5, r6, r7, lr}
100003de:	2400      	movs	r4, #0
100003e0:	e00f      	b.n	10000402 <getKeypadInput+0x26>
100003e2:	4d27      	ldr	r5, [pc, #156]	; (10000480 <getKeypadInput+0xa4>)
100003e4:	00a6      	lsls	r6, r4, #2
100003e6:	5970      	ldr	r0, [r6, r5]
100003e8:	f000 fb16 	bl	10000a18 <gpio_init>
100003ec:	5970      	ldr	r0, [r6, r5]
100003ee:	2301      	movs	r3, #1
100003f0:	4083      	lsls	r3, r0
100003f2:	22d0      	movs	r2, #208	; 0xd0
100003f4:	0612      	lsls	r2, r2, #24
100003f6:	6293      	str	r3, [r2, #40]	; 0x28
100003f8:	2200      	movs	r2, #0
100003fa:	2101      	movs	r1, #1
100003fc:	f000 faf2 	bl	100009e4 <gpio_set_pulls>
10000400:	3401      	adds	r4, #1
10000402:	2c03      	cmp	r4, #3
10000404:	d9ed      	bls.n	100003e2 <getKeypadInput+0x6>
10000406:	2500      	movs	r5, #0
10000408:	2600      	movs	r6, #0
1000040a:	e026      	b.n	1000045a <getKeypadInput+0x7e>
1000040c:	3401      	adds	r4, #1
1000040e:	2c03      	cmp	r4, #3
10000410:	d819      	bhi.n	10000446 <getKeypadInput+0x6a>
10000412:	00a3      	lsls	r3, r4, #2
10000414:	4a1a      	ldr	r2, [pc, #104]	; (10000480 <getKeypadInput+0xa4>)
10000416:	589a      	ldr	r2, [r3, r2]
10000418:	23d0      	movs	r3, #208	; 0xd0
1000041a:	061b      	lsls	r3, r3, #24
1000041c:	685b      	ldr	r3, [r3, #4]
1000041e:	40d3      	lsrs	r3, r2
10000420:	07db      	lsls	r3, r3, #31
10000422:	d4f3      	bmi.n	1000040c <getKeypadInput+0x30>
10000424:	00aa      	lsls	r2, r5, #2
10000426:	4b17      	ldr	r3, [pc, #92]	; (10000484 <getKeypadInput+0xa8>)
10000428:	189b      	adds	r3, r3, r2
1000042a:	5d1e      	ldrb	r6, [r3, r4]
1000042c:	2032      	movs	r0, #50	; 0x32
1000042e:	f001 fc6b 	bl	10001d08 <sleep_ms>
10000432:	00a3      	lsls	r3, r4, #2
10000434:	4a12      	ldr	r2, [pc, #72]	; (10000480 <getKeypadInput+0xa4>)
10000436:	589a      	ldr	r2, [r3, r2]
10000438:	23d0      	movs	r3, #208	; 0xd0
1000043a:	061b      	lsls	r3, r3, #24
1000043c:	685b      	ldr	r3, [r3, #4]
1000043e:	40d3      	lsrs	r3, r2
10000440:	07db      	lsls	r3, r3, #31
10000442:	d5f6      	bpl.n	10000432 <getKeypadInput+0x56>
10000444:	e7e2      	b.n	1000040c <getKeypadInput+0x30>
10000446:	00aa      	lsls	r2, r5, #2
10000448:	4b0f      	ldr	r3, [pc, #60]	; (10000488 <getKeypadInput+0xac>)
1000044a:	58d2      	ldr	r2, [r2, r3]
1000044c:	2301      	movs	r3, #1
1000044e:	4093      	lsls	r3, r2
10000450:	22d0      	movs	r2, #208	; 0xd0
10000452:	0612      	lsls	r2, r2, #24
10000454:	6153      	str	r3, [r2, #20]
10000456:	6293      	str	r3, [r2, #40]	; 0x28
10000458:	3501      	adds	r5, #1
1000045a:	2d03      	cmp	r5, #3
1000045c:	d80d      	bhi.n	1000047a <getKeypadInput+0x9e>
1000045e:	4c0a      	ldr	r4, [pc, #40]	; (10000488 <getKeypadInput+0xac>)
10000460:	00af      	lsls	r7, r5, #2
10000462:	5938      	ldr	r0, [r7, r4]
10000464:	f000 fad8 	bl	10000a18 <gpio_init>
10000468:	593a      	ldr	r2, [r7, r4]
1000046a:	2301      	movs	r3, #1
1000046c:	4093      	lsls	r3, r2
1000046e:	22d0      	movs	r2, #208	; 0xd0
10000470:	0612      	lsls	r2, r2, #24
10000472:	6253      	str	r3, [r2, #36]	; 0x24
10000474:	6193      	str	r3, [r2, #24]
10000476:	2400      	movs	r4, #0
10000478:	e7c9      	b.n	1000040e <getKeypadInput+0x32>
1000047a:	0030      	movs	r0, r6
1000047c:	bdf8      	pop	{r3, r4, r5, r6, r7, pc}
1000047e:	46c0      	nop			; (mov r8, r8)
10000480:	20000c6c 	.word	0x20000c6c
10000484:	20000ca4 	.word	0x20000ca4
10000488:	20000cb4 	.word	0x20000cb4

1000048c <readAmplitude>:
1000048c:	b570      	push	{r4, r5, r6, lr}
1000048e:	b086      	sub	sp, #24
10000490:	2200      	movs	r2, #0
10000492:	4b20      	ldr	r3, [pc, #128]	; (10000514 <readAmplitude+0x88>)
10000494:	9200      	str	r2, [sp, #0]
10000496:	9301      	str	r3, [sp, #4]
10000498:	2200      	movs	r2, #0
1000049a:	4b1f      	ldr	r3, [pc, #124]	; (10000518 <readAmplitude+0x8c>)
1000049c:	481f      	ldr	r0, [pc, #124]	; (1000051c <readAmplitude+0x90>)
1000049e:	f004 ff75 	bl	1000538c <__wrap_printf>
100004a2:	2300      	movs	r3, #0
100004a4:	9302      	str	r3, [sp, #8]
100004a6:	220c      	movs	r2, #12
100004a8:	2100      	movs	r1, #0
100004aa:	a803      	add	r0, sp, #12
100004ac:	f004 fe02 	bl	100050b4 <__wrap_memset>
100004b0:	2500      	movs	r5, #0
100004b2:	2400      	movs	r4, #0
100004b4:	e002      	b.n	100004bc <readAmplitude+0x30>
100004b6:	20c8      	movs	r0, #200	; 0xc8
100004b8:	f001 fc26 	bl	10001d08 <sleep_ms>
100004bc:	2c44      	cmp	r4, #68	; 0x44
100004be:	d00e      	beq.n	100004de <readAmplitude+0x52>
100004c0:	f7ff ff8c 	bl	100003dc <getKeypadInput>
100004c4:	0004      	movs	r4, r0
100004c6:	0003      	movs	r3, r0
100004c8:	3b30      	subs	r3, #48	; 0x30
100004ca:	b2db      	uxtb	r3, r3
100004cc:	2b09      	cmp	r3, #9
100004ce:	d8f2      	bhi.n	100004b6 <readAmplitude+0x2a>
100004d0:	1c6e      	adds	r6, r5, #1
100004d2:	ab02      	add	r3, sp, #8
100004d4:	5558      	strb	r0, [r3, r5]
100004d6:	f004 fef5 	bl	100052c4 <__wrap_putchar>
100004da:	0035      	movs	r5, r6
100004dc:	e7eb      	b.n	100004b6 <readAmplitude+0x2a>
100004de:	a802      	add	r0, sp, #8
100004e0:	2300      	movs	r3, #0
100004e2:	5543      	strb	r3, [r0, r5]
100004e4:	2100      	movs	r1, #0
100004e6:	f008 fd81 	bl	10008fec <strtof>
100004ea:	490d      	ldr	r1, [pc, #52]	; (10000520 <readAmplitude+0x94>)
100004ec:	f00a f950 	bl	1000a790 <__fmaxf_veneer>
100004f0:	490c      	ldr	r1, [pc, #48]	; (10000524 <readAmplitude+0x98>)
100004f2:	f00a f985 	bl	1000a800 <__fminf_veneer>
100004f6:	4c0c      	ldr	r4, [pc, #48]	; (10000528 <readAmplitude+0x9c>)
100004f8:	6020      	str	r0, [r4, #0]
100004fa:	480c      	ldr	r0, [pc, #48]	; (1000052c <readAmplitude+0xa0>)
100004fc:	f004 ff16 	bl	1000532c <__wrap_puts>
10000500:	6820      	ldr	r0, [r4, #0]
10000502:	f004 fbfb 	bl	10004cfc <__wrap___aeabi_f2d>
10000506:	0002      	movs	r2, r0
10000508:	000b      	movs	r3, r1
1000050a:	4809      	ldr	r0, [pc, #36]	; (10000530 <readAmplitude+0xa4>)
1000050c:	f004 ff3e 	bl	1000538c <__wrap_printf>
10000510:	b006      	add	sp, #24
10000512:	bd70      	pop	{r4, r5, r6, pc}
10000514:	40a38800 	.word	0x40a38800
10000518:	40590000 	.word	0x40590000
1000051c:	1000a8a8 	.word	0x1000a8a8
10000520:	42c80000 	.word	0x42c80000
10000524:	451c4000 	.word	0x451c4000
10000528:	20000c68 	.word	0x20000c68
1000052c:	1000a8d0 	.word	0x1000a8d0
10000530:	1000a8d4 	.word	0x1000a8d4

10000534 <readFrequency>:
10000534:	b570      	push	{r4, r5, r6, lr}
10000536:	b084      	sub	sp, #16
10000538:	4a1f      	ldr	r2, [pc, #124]	; (100005b8 <readFrequency+0x84>)
1000053a:	2101      	movs	r1, #1
1000053c:	481f      	ldr	r0, [pc, #124]	; (100005bc <readFrequency+0x88>)
1000053e:	f004 ff25 	bl	1000538c <__wrap_printf>
10000542:	2300      	movs	r3, #0
10000544:	9300      	str	r3, [sp, #0]
10000546:	220c      	movs	r2, #12
10000548:	2100      	movs	r1, #0
1000054a:	a801      	add	r0, sp, #4
1000054c:	f004 fdb2 	bl	100050b4 <__wrap_memset>
10000550:	2500      	movs	r5, #0
10000552:	2400      	movs	r4, #0
10000554:	e002      	b.n	1000055c <readFrequency+0x28>
10000556:	20c8      	movs	r0, #200	; 0xc8
10000558:	f001 fbd6 	bl	10001d08 <sleep_ms>
1000055c:	2c44      	cmp	r4, #68	; 0x44
1000055e:	d00e      	beq.n	1000057e <readFrequency+0x4a>
10000560:	f7ff ff3c 	bl	100003dc <getKeypadInput>
10000564:	0004      	movs	r4, r0
10000566:	0003      	movs	r3, r0
10000568:	3b30      	subs	r3, #48	; 0x30
1000056a:	b2db      	uxtb	r3, r3
1000056c:	2b09      	cmp	r3, #9
1000056e:	d8f2      	bhi.n	10000556 <readFrequency+0x22>
10000570:	1c6e      	adds	r6, r5, #1
10000572:	466b      	mov	r3, sp
10000574:	5558      	strb	r0, [r3, r5]
10000576:	f004 fea5 	bl	100052c4 <__wrap_putchar>
1000057a:	0035      	movs	r5, r6
1000057c:	e7eb      	b.n	10000556 <readFrequency+0x22>
1000057e:	2300      	movs	r3, #0
10000580:	466a      	mov	r2, sp
10000582:	5553      	strb	r3, [r2, r5]
10000584:	2100      	movs	r1, #0
10000586:	4668      	mov	r0, sp
10000588:	f008 fd30 	bl	10008fec <strtof>
1000058c:	21fe      	movs	r1, #254	; 0xfe
1000058e:	0589      	lsls	r1, r1, #22
10000590:	f00a f8fe 	bl	1000a790 <__fmaxf_veneer>
10000594:	490a      	ldr	r1, [pc, #40]	; (100005c0 <readFrequency+0x8c>)
10000596:	f00a f933 	bl	1000a800 <__fminf_veneer>
1000059a:	4c0a      	ldr	r4, [pc, #40]	; (100005c4 <readFrequency+0x90>)
1000059c:	6020      	str	r0, [r4, #0]
1000059e:	480a      	ldr	r0, [pc, #40]	; (100005c8 <readFrequency+0x94>)
100005a0:	f004 fec4 	bl	1000532c <__wrap_puts>
100005a4:	6820      	ldr	r0, [r4, #0]
100005a6:	f004 fba9 	bl	10004cfc <__wrap___aeabi_f2d>
100005aa:	0002      	movs	r2, r0
100005ac:	000b      	movs	r3, r1
100005ae:	4807      	ldr	r0, [pc, #28]	; (100005cc <readFrequency+0x98>)
100005b0:	f004 feec 	bl	1000538c <__wrap_printf>
100005b4:	b004      	add	sp, #16
100005b6:	bd70      	pop	{r4, r5, r6, pc}
100005b8:	00b71b00 	.word	0x00b71b00
100005bc:	1000a8f8 	.word	0x1000a8f8
100005c0:	4b371b00 	.word	0x4b371b00
100005c4:	20000ca0 	.word	0x20000ca0
100005c8:	1000a920 	.word	0x1000a920
100005cc:	1000a924 	.word	0x1000a924

100005d0 <readDCOffset>:
100005d0:	b570      	push	{r4, r5, r6, lr}
100005d2:	b086      	sub	sp, #24
100005d4:	2200      	movs	r2, #0
100005d6:	4b20      	ldr	r3, [pc, #128]	; (10000658 <readDCOffset+0x88>)
100005d8:	9200      	str	r2, [sp, #0]
100005da:	9301      	str	r3, [sp, #4]
100005dc:	2200      	movs	r2, #0
100005de:	4b1f      	ldr	r3, [pc, #124]	; (1000065c <readDCOffset+0x8c>)
100005e0:	481f      	ldr	r0, [pc, #124]	; (10000660 <readDCOffset+0x90>)
100005e2:	f004 fed3 	bl	1000538c <__wrap_printf>
100005e6:	2300      	movs	r3, #0
100005e8:	9302      	str	r3, [sp, #8]
100005ea:	220c      	movs	r2, #12
100005ec:	2100      	movs	r1, #0
100005ee:	a803      	add	r0, sp, #12
100005f0:	f004 fd60 	bl	100050b4 <__wrap_memset>
100005f4:	2500      	movs	r5, #0
100005f6:	2400      	movs	r4, #0
100005f8:	e002      	b.n	10000600 <readDCOffset+0x30>
100005fa:	20c8      	movs	r0, #200	; 0xc8
100005fc:	f001 fb84 	bl	10001d08 <sleep_ms>
10000600:	2c44      	cmp	r4, #68	; 0x44
10000602:	d00e      	beq.n	10000622 <readDCOffset+0x52>
10000604:	f7ff feea 	bl	100003dc <getKeypadInput>
10000608:	0004      	movs	r4, r0
1000060a:	0003      	movs	r3, r0
1000060c:	3b30      	subs	r3, #48	; 0x30
1000060e:	b2db      	uxtb	r3, r3
10000610:	2b09      	cmp	r3, #9
10000612:	d8f2      	bhi.n	100005fa <readDCOffset+0x2a>
10000614:	1c6e      	adds	r6, r5, #1
10000616:	ab02      	add	r3, sp, #8
10000618:	5558      	strb	r0, [r3, r5]
1000061a:	f004 fe53 	bl	100052c4 <__wrap_putchar>
1000061e:	0035      	movs	r5, r6
10000620:	e7eb      	b.n	100005fa <readDCOffset+0x2a>
10000622:	a802      	add	r0, sp, #8
10000624:	2300      	movs	r3, #0
10000626:	5543      	strb	r3, [r0, r5]
10000628:	2100      	movs	r1, #0
1000062a:	f008 fcdf 	bl	10008fec <strtof>
1000062e:	490d      	ldr	r1, [pc, #52]	; (10000664 <readDCOffset+0x94>)
10000630:	f00a f8ae 	bl	1000a790 <__fmaxf_veneer>
10000634:	490c      	ldr	r1, [pc, #48]	; (10000668 <readDCOffset+0x98>)
10000636:	f00a f8e3 	bl	1000a800 <__fminf_veneer>
1000063a:	4c0c      	ldr	r4, [pc, #48]	; (1000066c <readDCOffset+0x9c>)
1000063c:	6020      	str	r0, [r4, #0]
1000063e:	480c      	ldr	r0, [pc, #48]	; (10000670 <readDCOffset+0xa0>)
10000640:	f004 fe74 	bl	1000532c <__wrap_puts>
10000644:	6820      	ldr	r0, [r4, #0]
10000646:	f004 fb59 	bl	10004cfc <__wrap___aeabi_f2d>
1000064a:	0002      	movs	r2, r0
1000064c:	000b      	movs	r3, r1
1000064e:	4809      	ldr	r0, [pc, #36]	; (10000674 <readDCOffset+0xa4>)
10000650:	f004 fe9c 	bl	1000538c <__wrap_printf>
10000654:	b006      	add	sp, #24
10000656:	bd70      	pop	{r4, r5, r6, pc}
10000658:	40938800 	.word	0x40938800
1000065c:	40490000 	.word	0x40490000
10000660:	1000a948 	.word	0x1000a948
10000664:	42480000 	.word	0x42480000
10000668:	449c4000 	.word	0x449c4000
1000066c:	20000c9c 	.word	0x20000c9c
10000670:	1000a8d0 	.word	0x1000a8d0
10000674:	1000a978 	.word	0x1000a978

10000678 <main>:
10000678:	b5f0      	push	{r4, r5, r6, r7, lr}
1000067a:	46d6      	mov	lr, sl
1000067c:	464f      	mov	r7, r9
1000067e:	4646      	mov	r6, r8
10000680:	b5c0      	push	{r6, r7, lr}
10000682:	f7ff fea5 	bl	100003d0 <setup>
10000686:	f7ff fea9 	bl	100003dc <getKeypadInput>
1000068a:	2841      	cmp	r0, #65	; 0x41
1000068c:	d00b      	beq.n	100006a6 <main+0x2e>
1000068e:	2842      	cmp	r0, #66	; 0x42
10000690:	d00c      	beq.n	100006ac <main+0x34>
10000692:	2843      	cmp	r0, #67	; 0x43
10000694:	d00d      	beq.n	100006b2 <main+0x3a>
10000696:	23d0      	movs	r3, #208	; 0xd0
10000698:	061b      	lsls	r3, r3, #24
1000069a:	685b      	ldr	r3, [r3, #4]
1000069c:	03db      	lsls	r3, r3, #15
1000069e:	d50b      	bpl.n	100006b8 <main+0x40>
100006a0:	2300      	movs	r3, #0
100006a2:	4698      	mov	r8, r3
100006a4:	e0c9      	b.n	1000083a <main+0x1c2>
100006a6:	f7ff fef1 	bl	1000048c <readAmplitude>
100006aa:	e7f4      	b.n	10000696 <main+0x1e>
100006ac:	f7ff ff42 	bl	10000534 <readFrequency>
100006b0:	e7f1      	b.n	10000696 <main+0x1e>
100006b2:	f7ff ff8d 	bl	100005d0 <readDCOffset>
100006b6:	e7ee      	b.n	10000696 <main+0x1e>
100006b8:	2032      	movs	r0, #50	; 0x32
100006ba:	f001 fb25 	bl	10001d08 <sleep_ms>
100006be:	23d0      	movs	r3, #208	; 0xd0
100006c0:	061b      	lsls	r3, r3, #24
100006c2:	685b      	ldr	r3, [r3, #4]
100006c4:	03db      	lsls	r3, r3, #15
100006c6:	d4eb      	bmi.n	100006a0 <main+0x28>
100006c8:	f7ff fe58 	bl	1000037c <changeWaveform>
100006cc:	20fa      	movs	r0, #250	; 0xfa
100006ce:	0040      	lsls	r0, r0, #1
100006d0:	f001 fb1a 	bl	10001d08 <sleep_ms>
100006d4:	e7e4      	b.n	100006a0 <main+0x28>
100006d6:	2b03      	cmp	r3, #3
100006d8:	d000      	beq.n	100006dc <main+0x64>
100006da:	e094      	b.n	10000806 <main+0x18e>
100006dc:	f004 fb00 	bl	10004ce0 <__wrap___aeabi_ul2f>
100006e0:	4ba7      	ldr	r3, [pc, #668]	; (10000980 <main+0x308>)
100006e2:	6819      	ldr	r1, [r3, #0]
100006e4:	f004 fa6b 	bl	10004bbe <__wrap___aeabi_fmul>
100006e8:	49a6      	ldr	r1, [pc, #664]	; (10000984 <main+0x30c>)
100006ea:	f004 fa52 	bl	10004b92 <__wrap___aeabi_fdiv>
100006ee:	1c06      	adds	r6, r0, #0
100006f0:	f004 fb04 	bl	10004cfc <__wrap___aeabi_f2d>
100006f4:	0004      	movs	r4, r0
100006f6:	000d      	movs	r5, r1
100006f8:	21fc      	movs	r1, #252	; 0xfc
100006fa:	0589      	lsls	r1, r1, #22
100006fc:	1c30      	adds	r0, r6, #0
100006fe:	f004 fa43 	bl	10004b88 <__wrap___aeabi_fadd>
10000702:	f004 fafb 	bl	10004cfc <__wrap___aeabi_f2d>
10000706:	f003 fe99 	bl	1000443c <__wrap_floor>
1000070a:	0002      	movs	r2, r0
1000070c:	000b      	movs	r3, r1
1000070e:	0020      	movs	r0, r4
10000710:	0029      	movs	r1, r5
10000712:	f003 fcee 	bl	100040f2 <__wrap___aeabi_dsub>
10000716:	0002      	movs	r2, r0
10000718:	000b      	movs	r3, r1
1000071a:	f003 fcf3 	bl	10004104 <__wrap___aeabi_dadd>
1000071e:	f003 fe1d 	bl	1000435c <__wrap___aeabi_d2f>
10000722:	0040      	lsls	r0, r0, #1
10000724:	0840      	lsrs	r0, r0, #1
10000726:	1c01      	adds	r1, r0, #0
10000728:	f004 fa2e 	bl	10004b88 <__wrap___aeabi_fadd>
1000072c:	21fe      	movs	r1, #254	; 0xfe
1000072e:	0589      	lsls	r1, r1, #22
10000730:	f004 fa25 	bl	10004b7e <__wrap___aeabi_fsub>
10000734:	f004 fae2 	bl	10004cfc <__wrap___aeabi_f2d>
10000738:	0004      	movs	r4, r0
1000073a:	000d      	movs	r5, r1
1000073c:	4b92      	ldr	r3, [pc, #584]	; (10000988 <main+0x310>)
1000073e:	6818      	ldr	r0, [r3, #0]
10000740:	f004 fadc 	bl	10004cfc <__wrap___aeabi_f2d>
10000744:	4a91      	ldr	r2, [pc, #580]	; (1000098c <main+0x314>)
10000746:	4b92      	ldr	r3, [pc, #584]	; (10000990 <main+0x318>)
10000748:	f003 fd03 	bl	10004152 <__wrap___aeabi_dmul>
1000074c:	2200      	movs	r2, #0
1000074e:	4b91      	ldr	r3, [pc, #580]	; (10000994 <main+0x31c>)
10000750:	f003 fcff 	bl	10004152 <__wrap___aeabi_dmul>
10000754:	0002      	movs	r2, r0
10000756:	000b      	movs	r3, r1
10000758:	0020      	movs	r0, r4
1000075a:	0029      	movs	r1, r5
1000075c:	f003 fcf9 	bl	10004152 <__wrap___aeabi_dmul>
10000760:	0004      	movs	r4, r0
10000762:	000d      	movs	r5, r1
10000764:	4b8c      	ldr	r3, [pc, #560]	; (10000998 <main+0x320>)
10000766:	6818      	ldr	r0, [r3, #0]
10000768:	f004 fac8 	bl	10004cfc <__wrap___aeabi_f2d>
1000076c:	4a87      	ldr	r2, [pc, #540]	; (1000098c <main+0x314>)
1000076e:	4b88      	ldr	r3, [pc, #544]	; (10000990 <main+0x318>)
10000770:	f003 fcef 	bl	10004152 <__wrap___aeabi_dmul>
10000774:	0002      	movs	r2, r0
10000776:	000b      	movs	r3, r1
10000778:	0020      	movs	r0, r4
1000077a:	0029      	movs	r1, r5
1000077c:	f003 fcc2 	bl	10004104 <__wrap___aeabi_dadd>
10000780:	f003 fdec 	bl	1000435c <__wrap___aeabi_d2f>
10000784:	1c04      	adds	r4, r0, #0
10000786:	e03e      	b.n	10000806 <main+0x18e>
10000788:	4b7f      	ldr	r3, [pc, #508]	; (10000988 <main+0x310>)
1000078a:	6818      	ldr	r0, [r3, #0]
1000078c:	f004 fab6 	bl	10004cfc <__wrap___aeabi_f2d>
10000790:	4a7e      	ldr	r2, [pc, #504]	; (1000098c <main+0x314>)
10000792:	4b7f      	ldr	r3, [pc, #508]	; (10000990 <main+0x318>)
10000794:	f003 fcdd 	bl	10004152 <__wrap___aeabi_dmul>
10000798:	0004      	movs	r4, r0
1000079a:	000d      	movs	r5, r1
1000079c:	4b78      	ldr	r3, [pc, #480]	; (10000980 <main+0x308>)
1000079e:	6818      	ldr	r0, [r3, #0]
100007a0:	f004 faac 	bl	10004cfc <__wrap___aeabi_f2d>
100007a4:	4a7d      	ldr	r2, [pc, #500]	; (1000099c <main+0x324>)
100007a6:	4b7e      	ldr	r3, [pc, #504]	; (100009a0 <main+0x328>)
100007a8:	f003 fcd3 	bl	10004152 <__wrap___aeabi_dmul>
100007ac:	0006      	movs	r6, r0
100007ae:	000f      	movs	r7, r1
100007b0:	4650      	mov	r0, sl
100007b2:	4649      	mov	r1, r9
100007b4:	f003 fd9a 	bl	100042ec <__wrap___aeabi_ul2d>
100007b8:	0032      	movs	r2, r6
100007ba:	003b      	movs	r3, r7
100007bc:	f003 fcc9 	bl	10004152 <__wrap___aeabi_dmul>
100007c0:	2200      	movs	r2, #0
100007c2:	4b78      	ldr	r3, [pc, #480]	; (100009a4 <main+0x32c>)
100007c4:	f003 fca7 	bl	10004116 <__wrap___aeabi_ddiv>
100007c8:	f003 fdc8 	bl	1000435c <__wrap___aeabi_d2f>
100007cc:	f004 faa0 	bl	10004d10 <__wrap_sinf>
100007d0:	f004 fa94 	bl	10004cfc <__wrap___aeabi_f2d>
100007d4:	0002      	movs	r2, r0
100007d6:	000b      	movs	r3, r1
100007d8:	0020      	movs	r0, r4
100007da:	0029      	movs	r1, r5
100007dc:	f003 fcb9 	bl	10004152 <__wrap___aeabi_dmul>
100007e0:	0004      	movs	r4, r0
100007e2:	000d      	movs	r5, r1
100007e4:	4b6c      	ldr	r3, [pc, #432]	; (10000998 <main+0x320>)
100007e6:	6818      	ldr	r0, [r3, #0]
100007e8:	f004 fa88 	bl	10004cfc <__wrap___aeabi_f2d>
100007ec:	4a67      	ldr	r2, [pc, #412]	; (1000098c <main+0x314>)
100007ee:	4b68      	ldr	r3, [pc, #416]	; (10000990 <main+0x318>)
100007f0:	f003 fcaf 	bl	10004152 <__wrap___aeabi_dmul>
100007f4:	0002      	movs	r2, r0
100007f6:	000b      	movs	r3, r1
100007f8:	0020      	movs	r0, r4
100007fa:	0029      	movs	r1, r5
100007fc:	f003 fc82 	bl	10004104 <__wrap___aeabi_dadd>
10000800:	f003 fdac 	bl	1000435c <__wrap___aeabi_d2f>
10000804:	1c04      	adds	r4, r0, #0
10000806:	21fe      	movs	r1, #254	; 0xfe
10000808:	0589      	lsls	r1, r1, #22
1000080a:	1c20      	adds	r0, r4, #0
1000080c:	f004 f9bc 	bl	10004b88 <__wrap___aeabi_fadd>
10000810:	4965      	ldr	r1, [pc, #404]	; (100009a8 <main+0x330>)
10000812:	f004 f9d4 	bl	10004bbe <__wrap___aeabi_fmul>
10000816:	2100      	movs	r1, #0
10000818:	f009 ffba 	bl	1000a790 <__fmaxf_veneer>
1000081c:	4963      	ldr	r1, [pc, #396]	; (100009ac <main+0x334>)
1000081e:	f009 ffef 	bl	1000a800 <__fminf_veneer>
10000822:	f004 fa4b 	bl	10004cbc <__wrap___aeabi_f2uiz>
10000826:	b2c0      	uxtb	r0, r0
10000828:	f7ff fd8e 	bl	10000348 <write_dac>
1000082c:	2001      	movs	r0, #1
1000082e:	2100      	movs	r1, #0
10000830:	f001 fa3e 	bl	10001cb0 <sleep_us>
10000834:	2301      	movs	r3, #1
10000836:	469c      	mov	ip, r3
10000838:	44e0      	add	r8, ip
1000083a:	4643      	mov	r3, r8
1000083c:	2bff      	cmp	r3, #255	; 0xff
1000083e:	d900      	bls.n	10000842 <main+0x1ca>
10000840:	e721      	b.n	10000686 <main+0xe>
10000842:	f001 fb15 	bl	10001e70 <time_us_64>
10000846:	4682      	mov	sl, r0
10000848:	4689      	mov	r9, r1
1000084a:	4b59      	ldr	r3, [pc, #356]	; (100009b0 <main+0x338>)
1000084c:	781b      	ldrb	r3, [r3, #0]
1000084e:	2b02      	cmp	r3, #2
10000850:	d05c      	beq.n	1000090c <main+0x294>
10000852:	d900      	bls.n	10000856 <main+0x1de>
10000854:	e73f      	b.n	100006d6 <main+0x5e>
10000856:	2b00      	cmp	r3, #0
10000858:	d096      	beq.n	10000788 <main+0x110>
1000085a:	2b01      	cmp	r3, #1
1000085c:	d1d3      	bne.n	10000806 <main+0x18e>
1000085e:	4b48      	ldr	r3, [pc, #288]	; (10000980 <main+0x308>)
10000860:	6818      	ldr	r0, [r3, #0]
10000862:	f004 fa4b 	bl	10004cfc <__wrap___aeabi_f2d>
10000866:	4a4d      	ldr	r2, [pc, #308]	; (1000099c <main+0x324>)
10000868:	4b4d      	ldr	r3, [pc, #308]	; (100009a0 <main+0x328>)
1000086a:	f003 fc72 	bl	10004152 <__wrap___aeabi_dmul>
1000086e:	0004      	movs	r4, r0
10000870:	000d      	movs	r5, r1
10000872:	4650      	mov	r0, sl
10000874:	4649      	mov	r1, r9
10000876:	f003 fd39 	bl	100042ec <__wrap___aeabi_ul2d>
1000087a:	0022      	movs	r2, r4
1000087c:	002b      	movs	r3, r5
1000087e:	f003 fc68 	bl	10004152 <__wrap___aeabi_dmul>
10000882:	2200      	movs	r2, #0
10000884:	4b47      	ldr	r3, [pc, #284]	; (100009a4 <main+0x32c>)
10000886:	f003 fc46 	bl	10004116 <__wrap___aeabi_ddiv>
1000088a:	f003 fd67 	bl	1000435c <__wrap___aeabi_d2f>
1000088e:	f004 fa3f 	bl	10004d10 <__wrap_sinf>
10000892:	2100      	movs	r1, #0
10000894:	f004 f9d2 	bl	10004c3c <__wrap___aeabi_fcmpge>
10000898:	2800      	cmp	r0, #0
1000089a:	d01b      	beq.n	100008d4 <main+0x25c>
1000089c:	4b3a      	ldr	r3, [pc, #232]	; (10000988 <main+0x310>)
1000089e:	6818      	ldr	r0, [r3, #0]
100008a0:	f004 fa2c 	bl	10004cfc <__wrap___aeabi_f2d>
100008a4:	4a39      	ldr	r2, [pc, #228]	; (1000098c <main+0x314>)
100008a6:	4b3a      	ldr	r3, [pc, #232]	; (10000990 <main+0x318>)
100008a8:	f003 fc53 	bl	10004152 <__wrap___aeabi_dmul>
100008ac:	0004      	movs	r4, r0
100008ae:	000d      	movs	r5, r1
100008b0:	4b39      	ldr	r3, [pc, #228]	; (10000998 <main+0x320>)
100008b2:	6818      	ldr	r0, [r3, #0]
100008b4:	f004 fa22 	bl	10004cfc <__wrap___aeabi_f2d>
100008b8:	4a34      	ldr	r2, [pc, #208]	; (1000098c <main+0x314>)
100008ba:	4b35      	ldr	r3, [pc, #212]	; (10000990 <main+0x318>)
100008bc:	f003 fc49 	bl	10004152 <__wrap___aeabi_dmul>
100008c0:	0002      	movs	r2, r0
100008c2:	000b      	movs	r3, r1
100008c4:	0020      	movs	r0, r4
100008c6:	0029      	movs	r1, r5
100008c8:	f003 fc1c 	bl	10004104 <__wrap___aeabi_dadd>
100008cc:	f003 fd46 	bl	1000435c <__wrap___aeabi_d2f>
100008d0:	1c04      	adds	r4, r0, #0
100008d2:	e798      	b.n	10000806 <main+0x18e>
100008d4:	4b30      	ldr	r3, [pc, #192]	; (10000998 <main+0x320>)
100008d6:	6818      	ldr	r0, [r3, #0]
100008d8:	f004 fa10 	bl	10004cfc <__wrap___aeabi_f2d>
100008dc:	4a2b      	ldr	r2, [pc, #172]	; (1000098c <main+0x314>)
100008de:	4b2c      	ldr	r3, [pc, #176]	; (10000990 <main+0x318>)
100008e0:	f003 fc37 	bl	10004152 <__wrap___aeabi_dmul>
100008e4:	0004      	movs	r4, r0
100008e6:	000d      	movs	r5, r1
100008e8:	4b27      	ldr	r3, [pc, #156]	; (10000988 <main+0x310>)
100008ea:	6818      	ldr	r0, [r3, #0]
100008ec:	f004 fa06 	bl	10004cfc <__wrap___aeabi_f2d>
100008f0:	4a26      	ldr	r2, [pc, #152]	; (1000098c <main+0x314>)
100008f2:	4b27      	ldr	r3, [pc, #156]	; (10000990 <main+0x318>)
100008f4:	f003 fc2d 	bl	10004152 <__wrap___aeabi_dmul>
100008f8:	0002      	movs	r2, r0
100008fa:	000b      	movs	r3, r1
100008fc:	0020      	movs	r0, r4
100008fe:	0029      	movs	r1, r5
10000900:	f003 fbf7 	bl	100040f2 <__wrap___aeabi_dsub>
10000904:	f003 fd2a 	bl	1000435c <__wrap___aeabi_d2f>
10000908:	1c04      	adds	r4, r0, #0
1000090a:	e77c      	b.n	10000806 <main+0x18e>
1000090c:	f004 f9e8 	bl	10004ce0 <__wrap___aeabi_ul2f>
10000910:	4b1b      	ldr	r3, [pc, #108]	; (10000980 <main+0x308>)
10000912:	6819      	ldr	r1, [r3, #0]
10000914:	f004 f953 	bl	10004bbe <__wrap___aeabi_fmul>
10000918:	24fe      	movs	r4, #254	; 0xfe
1000091a:	05a4      	lsls	r4, r4, #22
1000091c:	4919      	ldr	r1, [pc, #100]	; (10000984 <main+0x30c>)
1000091e:	f004 f938 	bl	10004b92 <__wrap___aeabi_fdiv>
10000922:	1c21      	adds	r1, r4, #0
10000924:	f004 fac6 	bl	10004eb4 <__wrap_fmodf>
10000928:	1c01      	adds	r1, r0, #0
1000092a:	f004 f92d 	bl	10004b88 <__wrap___aeabi_fadd>
1000092e:	1c21      	adds	r1, r4, #0
10000930:	f004 f925 	bl	10004b7e <__wrap___aeabi_fsub>
10000934:	f004 f9e2 	bl	10004cfc <__wrap___aeabi_f2d>
10000938:	0004      	movs	r4, r0
1000093a:	000d      	movs	r5, r1
1000093c:	4b12      	ldr	r3, [pc, #72]	; (10000988 <main+0x310>)
1000093e:	6818      	ldr	r0, [r3, #0]
10000940:	f004 f9dc 	bl	10004cfc <__wrap___aeabi_f2d>
10000944:	4a11      	ldr	r2, [pc, #68]	; (1000098c <main+0x314>)
10000946:	4b12      	ldr	r3, [pc, #72]	; (10000990 <main+0x318>)
10000948:	f003 fc03 	bl	10004152 <__wrap___aeabi_dmul>
1000094c:	0002      	movs	r2, r0
1000094e:	000b      	movs	r3, r1
10000950:	0020      	movs	r0, r4
10000952:	0029      	movs	r1, r5
10000954:	f003 fbfd 	bl	10004152 <__wrap___aeabi_dmul>
10000958:	0004      	movs	r4, r0
1000095a:	000d      	movs	r5, r1
1000095c:	4b0e      	ldr	r3, [pc, #56]	; (10000998 <main+0x320>)
1000095e:	6818      	ldr	r0, [r3, #0]
10000960:	f004 f9cc 	bl	10004cfc <__wrap___aeabi_f2d>
10000964:	4a09      	ldr	r2, [pc, #36]	; (1000098c <main+0x314>)
10000966:	4b0a      	ldr	r3, [pc, #40]	; (10000990 <main+0x318>)
10000968:	f003 fbf3 	bl	10004152 <__wrap___aeabi_dmul>
1000096c:	0002      	movs	r2, r0
1000096e:	000b      	movs	r3, r1
10000970:	0020      	movs	r0, r4
10000972:	0029      	movs	r1, r5
10000974:	f003 fbc6 	bl	10004104 <__wrap___aeabi_dadd>
10000978:	f003 fcf0 	bl	1000435c <__wrap___aeabi_d2f>
1000097c:	1c04      	adds	r4, r0, #0
1000097e:	e742      	b.n	10000806 <main+0x18e>
10000980:	20000ca0 	.word	0x20000ca0
10000984:	49742400 	.word	0x49742400
10000988:	20000c68 	.word	0x20000c68
1000098c:	d2f1a9fc 	.word	0xd2f1a9fc
10000990:	3f50624d 	.word	0x3f50624d
10000994:	3fe00000 	.word	0x3fe00000
10000998:	20000c9c 	.word	0x20000c9c
1000099c:	54442d18 	.word	0x54442d18
100009a0:	401921fb 	.word	0x401921fb
100009a4:	412e8480 	.word	0x412e8480
100009a8:	42ff0000 	.word	0x42ff0000
100009ac:	437f0000 	.word	0x437f0000
100009b0:	2000252d 	.word	0x2000252d

100009b4 <gpio_set_function>:
100009b4:	b510      	push	{r4, lr}
100009b6:	0083      	lsls	r3, r0, #2
100009b8:	4a08      	ldr	r2, [pc, #32]	; (100009dc <gpio_set_function+0x28>)
100009ba:	4694      	mov	ip, r2
100009bc:	4463      	add	r3, ip
100009be:	681c      	ldr	r4, [r3, #0]
100009c0:	2240      	movs	r2, #64	; 0x40
100009c2:	4062      	eors	r2, r4
100009c4:	24c0      	movs	r4, #192	; 0xc0
100009c6:	4014      	ands	r4, r2
100009c8:	2280      	movs	r2, #128	; 0x80
100009ca:	0152      	lsls	r2, r2, #5
100009cc:	4313      	orrs	r3, r2
100009ce:	601c      	str	r4, [r3, #0]
100009d0:	00c0      	lsls	r0, r0, #3
100009d2:	4b03      	ldr	r3, [pc, #12]	; (100009e0 <gpio_set_function+0x2c>)
100009d4:	469c      	mov	ip, r3
100009d6:	4460      	add	r0, ip
100009d8:	6041      	str	r1, [r0, #4]
100009da:	bd10      	pop	{r4, pc}
100009dc:	4001c004 	.word	0x4001c004
100009e0:	40014000 	.word	0x40014000

100009e4 <gpio_set_pulls>:
100009e4:	0080      	lsls	r0, r0, #2
100009e6:	4b0b      	ldr	r3, [pc, #44]	; (10000a14 <gpio_set_pulls+0x30>)
100009e8:	469c      	mov	ip, r3
100009ea:	4460      	add	r0, ip
100009ec:	2900      	cmp	r1, #0
100009ee:	d00d      	beq.n	10000a0c <gpio_set_pulls+0x28>
100009f0:	2308      	movs	r3, #8
100009f2:	2a00      	cmp	r2, #0
100009f4:	d00c      	beq.n	10000a10 <gpio_set_pulls+0x2c>
100009f6:	2204      	movs	r2, #4
100009f8:	4313      	orrs	r3, r2
100009fa:	6802      	ldr	r2, [r0, #0]
100009fc:	4053      	eors	r3, r2
100009fe:	220c      	movs	r2, #12
10000a00:	4013      	ands	r3, r2
10000a02:	2280      	movs	r2, #128	; 0x80
10000a04:	0152      	lsls	r2, r2, #5
10000a06:	4310      	orrs	r0, r2
10000a08:	6003      	str	r3, [r0, #0]
10000a0a:	4770      	bx	lr
10000a0c:	2300      	movs	r3, #0
10000a0e:	e7f0      	b.n	100009f2 <gpio_set_pulls+0xe>
10000a10:	2200      	movs	r2, #0
10000a12:	e7f1      	b.n	100009f8 <gpio_set_pulls+0x14>
10000a14:	4001c004 	.word	0x4001c004

10000a18 <gpio_init>:
10000a18:	b510      	push	{r4, lr}
10000a1a:	2301      	movs	r3, #1
10000a1c:	4083      	lsls	r3, r0
10000a1e:	22d0      	movs	r2, #208	; 0xd0
10000a20:	0612      	lsls	r2, r2, #24
10000a22:	6293      	str	r3, [r2, #40]	; 0x28
10000a24:	6193      	str	r3, [r2, #24]
10000a26:	2105      	movs	r1, #5
10000a28:	f7ff ffc4 	bl	100009b4 <gpio_set_function>
10000a2c:	bd10      	pop	{r4, pc}
	...

10000a30 <running_on_fpga>:
10000a30:	4b03      	ldr	r3, [pc, #12]	; (10000a40 <running_on_fpga+0x10>)
10000a32:	681b      	ldr	r3, [r3, #0]
10000a34:	2002      	movs	r0, #2
10000a36:	4018      	ands	r0, r3
10000a38:	1e43      	subs	r3, r0, #1
10000a3a:	4198      	sbcs	r0, r3
10000a3c:	b2c0      	uxtb	r0, r0
10000a3e:	4770      	bx	lr
10000a40:	4006c000 	.word	0x4006c000

10000a44 <hw_claim_lock>:
10000a44:	f3ef 8010 	mrs	r0, PRIMASK
10000a48:	b672      	cpsid	i
10000a4a:	4b03      	ldr	r3, [pc, #12]	; (10000a58 <hw_claim_lock+0x14>)
10000a4c:	681b      	ldr	r3, [r3, #0]
10000a4e:	2b00      	cmp	r3, #0
10000a50:	d0fb      	beq.n	10000a4a <hw_claim_lock+0x6>
10000a52:	f3bf 8f5f 	dmb	sy
10000a56:	4770      	bx	lr
10000a58:	d000012c 	.word	0xd000012c

10000a5c <hw_claim_unlock>:
10000a5c:	f3bf 8f5f 	dmb	sy
10000a60:	4b02      	ldr	r3, [pc, #8]	; (10000a6c <hw_claim_unlock+0x10>)
10000a62:	2200      	movs	r2, #0
10000a64:	601a      	str	r2, [r3, #0]
10000a66:	f380 8810 	msr	PRIMASK, r0
10000a6a:	4770      	bx	lr
10000a6c:	d000012c 	.word	0xd000012c

10000a70 <hw_claim_or_assert>:
10000a70:	b5f8      	push	{r3, r4, r5, r6, r7, lr}
10000a72:	0006      	movs	r6, r0
10000a74:	000c      	movs	r4, r1
10000a76:	0015      	movs	r5, r2
10000a78:	f7ff ffe4 	bl	10000a44 <hw_claim_lock>
10000a7c:	08e3      	lsrs	r3, r4, #3
10000a7e:	18f7      	adds	r7, r6, r3
10000a80:	5cf1      	ldrb	r1, [r6, r3]
10000a82:	2207      	movs	r2, #7
10000a84:	4022      	ands	r2, r4
10000a86:	2301      	movs	r3, #1
10000a88:	4093      	lsls	r3, r2
10000a8a:	420b      	tst	r3, r1
10000a8c:	d105      	bne.n	10000a9a <hw_claim_or_assert+0x2a>
10000a8e:	b2db      	uxtb	r3, r3
10000a90:	430b      	orrs	r3, r1
10000a92:	703b      	strb	r3, [r7, #0]
10000a94:	f7ff ffe2 	bl	10000a5c <hw_claim_unlock>
10000a98:	bdf8      	pop	{r3, r4, r5, r6, r7, pc}
10000a9a:	0021      	movs	r1, r4
10000a9c:	0028      	movs	r0, r5
10000a9e:	f001 ffd9 	bl	10002a54 <panic>

10000aa2 <hw_claim_unused_from_range>:
10000aa2:	b5f0      	push	{r4, r5, r6, r7, lr}
10000aa4:	b083      	sub	sp, #12
10000aa6:	0006      	movs	r6, r0
10000aa8:	9101      	str	r1, [sp, #4]
10000aaa:	0014      	movs	r4, r2
10000aac:	001f      	movs	r7, r3
10000aae:	f7ff ffc9 	bl	10000a44 <hw_claim_lock>
10000ab2:	e000      	b.n	10000ab6 <hw_claim_unused_from_range+0x14>
10000ab4:	3401      	adds	r4, #1
10000ab6:	42bc      	cmp	r4, r7
10000ab8:	d80c      	bhi.n	10000ad4 <hw_claim_unused_from_range+0x32>
10000aba:	08e3      	lsrs	r3, r4, #3
10000abc:	18f5      	adds	r5, r6, r3
10000abe:	5cf3      	ldrb	r3, [r6, r3]
10000ac0:	2107      	movs	r1, #7
10000ac2:	4021      	ands	r1, r4
10000ac4:	2201      	movs	r2, #1
10000ac6:	408a      	lsls	r2, r1
10000ac8:	421a      	tst	r2, r3
10000aca:	d1f3      	bne.n	10000ab4 <hw_claim_unused_from_range+0x12>
10000acc:	b2d2      	uxtb	r2, r2
10000ace:	431a      	orrs	r2, r3
10000ad0:	702a      	strb	r2, [r5, #0]
10000ad2:	e001      	b.n	10000ad8 <hw_claim_unused_from_range+0x36>
10000ad4:	2401      	movs	r4, #1
10000ad6:	4264      	negs	r4, r4
10000ad8:	f7ff ffc0 	bl	10000a5c <hw_claim_unlock>
10000adc:	2c00      	cmp	r4, #0
10000ade:	db02      	blt.n	10000ae6 <hw_claim_unused_from_range+0x44>
10000ae0:	0020      	movs	r0, r4
10000ae2:	b003      	add	sp, #12
10000ae4:	bdf0      	pop	{r4, r5, r6, r7, pc}
10000ae6:	9b01      	ldr	r3, [sp, #4]
10000ae8:	2b00      	cmp	r3, #0
10000aea:	d0f9      	beq.n	10000ae0 <hw_claim_unused_from_range+0x3e>
10000aec:	9808      	ldr	r0, [sp, #32]
10000aee:	f001 ffb1 	bl	10002a54 <panic>
	...

10000af4 <spin_locks_reset>:
10000af4:	2300      	movs	r3, #0
10000af6:	e007      	b.n	10000b08 <spin_locks_reset+0x14>
10000af8:	4a05      	ldr	r2, [pc, #20]	; (10000b10 <spin_locks_reset+0x1c>)
10000afa:	189a      	adds	r2, r3, r2
10000afc:	0092      	lsls	r2, r2, #2
10000afe:	f3bf 8f5f 	dmb	sy
10000b02:	2100      	movs	r1, #0
10000b04:	6011      	str	r1, [r2, #0]
10000b06:	3301      	adds	r3, #1
10000b08:	2b1f      	cmp	r3, #31
10000b0a:	d9f5      	bls.n	10000af8 <spin_locks_reset+0x4>
10000b0c:	4770      	bx	lr
10000b0e:	46c0      	nop			; (mov r8, r8)
10000b10:	34000040 	.word	0x34000040

10000b14 <next_striped_spin_lock_num>:
10000b14:	4a05      	ldr	r2, [pc, #20]	; (10000b2c <next_striped_spin_lock_num+0x18>)
10000b16:	7810      	ldrb	r0, [r2, #0]
10000b18:	1c43      	adds	r3, r0, #1
10000b1a:	b2db      	uxtb	r3, r3
10000b1c:	7013      	strb	r3, [r2, #0]
10000b1e:	2b17      	cmp	r3, #23
10000b20:	d902      	bls.n	10000b28 <next_striped_spin_lock_num+0x14>
10000b22:	0013      	movs	r3, r2
10000b24:	2210      	movs	r2, #16
10000b26:	701a      	strb	r2, [r3, #0]
10000b28:	4770      	bx	lr
10000b2a:	46c0      	nop			; (mov r8, r8)
10000b2c:	20000cc4 	.word	0x20000cc4

10000b30 <spin_lock_claim_unused>:
10000b30:	b500      	push	{lr}
10000b32:	b083      	sub	sp, #12
10000b34:	0001      	movs	r1, r0
10000b36:	4b04      	ldr	r3, [pc, #16]	; (10000b48 <spin_lock_claim_unused+0x18>)
10000b38:	9300      	str	r3, [sp, #0]
10000b3a:	231f      	movs	r3, #31
10000b3c:	2218      	movs	r2, #24
10000b3e:	4803      	ldr	r0, [pc, #12]	; (10000b4c <spin_lock_claim_unused+0x1c>)
10000b40:	f7ff ffaf 	bl	10000aa2 <hw_claim_unused_from_range>
10000b44:	b003      	add	sp, #12
10000b46:	bd00      	pop	{pc}
10000b48:	1000a9a4 	.word	0x1000a9a4
10000b4c:	20001e28 	.word	0x20001e28

10000b50 <set_raw_irq_handler_and_unlock>:
10000b50:	4b07      	ldr	r3, [pc, #28]	; (10000b70 <set_raw_irq_handler_and_unlock+0x20>)
10000b52:	689b      	ldr	r3, [r3, #8]
10000b54:	3010      	adds	r0, #16
10000b56:	0080      	lsls	r0, r0, #2
10000b58:	5019      	str	r1, [r3, r0]
10000b5a:	f3bf 8f5f 	dmb	sy
10000b5e:	f3bf 8f5f 	dmb	sy
10000b62:	4b04      	ldr	r3, [pc, #16]	; (10000b74 <set_raw_irq_handler_and_unlock+0x24>)
10000b64:	2100      	movs	r1, #0
10000b66:	6019      	str	r1, [r3, #0]
10000b68:	f382 8810 	msr	PRIMASK, r2
10000b6c:	4770      	bx	lr
10000b6e:	46c0      	nop			; (mov r8, r8)
10000b70:	e000ed00 	.word	0xe000ed00
10000b74:	d0000124 	.word	0xd0000124

10000b78 <make_branch>:
10000b78:	b510      	push	{r4, lr}
10000b7a:	1a09      	subs	r1, r1, r0
10000b7c:	1f08      	subs	r0, r1, #4
10000b7e:	4b0a      	ldr	r3, [pc, #40]	; (10000ba8 <make_branch+0x30>)
10000b80:	469c      	mov	ip, r3
10000b82:	4461      	add	r1, ip
10000b84:	4a09      	ldr	r2, [pc, #36]	; (10000bac <make_branch+0x34>)
10000b86:	4291      	cmp	r1, r2
10000b88:	d808      	bhi.n	10000b9c <make_branch+0x24>
10000b8a:	07c3      	lsls	r3, r0, #31
10000b8c:	d406      	bmi.n	10000b9c <make_branch+0x24>
10000b8e:	1040      	asrs	r0, r0, #1
10000b90:	0540      	lsls	r0, r0, #21
10000b92:	0d40      	lsrs	r0, r0, #21
10000b94:	4b06      	ldr	r3, [pc, #24]	; (10000bb0 <make_branch+0x38>)
10000b96:	4318      	orrs	r0, r3
10000b98:	b280      	uxth	r0, r0
10000b9a:	bd10      	pop	{r4, pc}
10000b9c:	4b05      	ldr	r3, [pc, #20]	; (10000bb4 <make_branch+0x3c>)
10000b9e:	4a06      	ldr	r2, [pc, #24]	; (10000bb8 <make_branch+0x40>)
10000ba0:	21a3      	movs	r1, #163	; 0xa3
10000ba2:	4806      	ldr	r0, [pc, #24]	; (10000bbc <make_branch+0x44>)
10000ba4:	f001 febc 	bl	10002920 <__assert_func>
10000ba8:	000007fc 	.word	0x000007fc
10000bac:	00000ffe 	.word	0x00000ffe
10000bb0:	ffffe000 	.word	0xffffe000
10000bb4:	1000a9c0 	.word	0x1000a9c0
10000bb8:	1000ac4c 	.word	0x1000ac4c
10000bbc:	1000a9f0 	.word	0x1000a9f0

10000bc0 <insert_branch_and_link>:
10000bc0:	b510      	push	{r4, lr}
10000bc2:	1a09      	subs	r1, r1, r0
10000bc4:	3904      	subs	r1, #4
10000bc6:	084c      	lsrs	r4, r1, #1
10000bc8:	0b09      	lsrs	r1, r1, #12
10000bca:	d108      	bne.n	10000bde <insert_branch_and_link+0x1e>
10000bcc:	0549      	lsls	r1, r1, #21
10000bce:	0d49      	lsrs	r1, r1, #21
10000bd0:	4a06      	ldr	r2, [pc, #24]	; (10000bec <insert_branch_and_link+0x2c>)
10000bd2:	4311      	orrs	r1, r2
10000bd4:	8001      	strh	r1, [r0, #0]
10000bd6:	4b06      	ldr	r3, [pc, #24]	; (10000bf0 <insert_branch_and_link+0x30>)
10000bd8:	4323      	orrs	r3, r4
10000bda:	8043      	strh	r3, [r0, #2]
10000bdc:	bd10      	pop	{r4, pc}
10000bde:	4b05      	ldr	r3, [pc, #20]	; (10000bf4 <insert_branch_and_link+0x34>)
10000be0:	4a05      	ldr	r2, [pc, #20]	; (10000bf8 <insert_branch_and_link+0x38>)
10000be2:	21ab      	movs	r1, #171	; 0xab
10000be4:	4805      	ldr	r0, [pc, #20]	; (10000bfc <insert_branch_and_link+0x3c>)
10000be6:	f001 fe9b 	bl	10002920 <__assert_func>
10000bea:	46c0      	nop			; (mov r8, r8)
10000bec:	fffff000 	.word	0xfffff000
10000bf0:	fffff800 	.word	0xfffff800
10000bf4:	1000aa4c 	.word	0x1000aa4c
10000bf8:	1000ac20 	.word	0x1000ac20
10000bfc:	1000a9f0 	.word	0x1000a9f0

10000c00 <irq_is_enabled>:
10000c00:	2301      	movs	r3, #1
10000c02:	4083      	lsls	r3, r0
10000c04:	4a03      	ldr	r2, [pc, #12]	; (10000c14 <irq_is_enabled+0x14>)
10000c06:	6810      	ldr	r0, [r2, #0]
10000c08:	4018      	ands	r0, r3
10000c0a:	1e43      	subs	r3, r0, #1
10000c0c:	4198      	sbcs	r0, r3
10000c0e:	b2c0      	uxtb	r0, r0
10000c10:	4770      	bx	lr
10000c12:	46c0      	nop			; (mov r8, r8)
10000c14:	e000e100 	.word	0xe000e100

10000c18 <irq_set_mask_enabled>:
10000c18:	2900      	cmp	r1, #0
10000c1a:	d004      	beq.n	10000c26 <irq_set_mask_enabled+0xe>
10000c1c:	4b03      	ldr	r3, [pc, #12]	; (10000c2c <irq_set_mask_enabled+0x14>)
10000c1e:	6018      	str	r0, [r3, #0]
10000c20:	4b03      	ldr	r3, [pc, #12]	; (10000c30 <irq_set_mask_enabled+0x18>)
10000c22:	6018      	str	r0, [r3, #0]
10000c24:	4770      	bx	lr
10000c26:	4b03      	ldr	r3, [pc, #12]	; (10000c34 <irq_set_mask_enabled+0x1c>)
10000c28:	6018      	str	r0, [r3, #0]
10000c2a:	e7fb      	b.n	10000c24 <irq_set_mask_enabled+0xc>
10000c2c:	e000e280 	.word	0xe000e280
10000c30:	e000e100 	.word	0xe000e100
10000c34:	e000e180 	.word	0xe000e180

10000c38 <irq_set_enabled>:
10000c38:	b510      	push	{r4, lr}
10000c3a:	2301      	movs	r3, #1
10000c3c:	4083      	lsls	r3, r0
10000c3e:	0018      	movs	r0, r3
10000c40:	f7ff ffea 	bl	10000c18 <irq_set_mask_enabled>
10000c44:	bd10      	pop	{r4, pc}
	...

10000c48 <irq_set_pending>:
10000c48:	2301      	movs	r3, #1
10000c4a:	4083      	lsls	r3, r0
10000c4c:	4a01      	ldr	r2, [pc, #4]	; (10000c54 <irq_set_pending+0xc>)
10000c4e:	6013      	str	r3, [r2, #0]
10000c50:	4770      	bx	lr
10000c52:	46c0      	nop			; (mov r8, r8)
10000c54:	e000e200 	.word	0xe000e200

10000c58 <irq_get_vtable_handler>:
10000c58:	4b02      	ldr	r3, [pc, #8]	; (10000c64 <irq_get_vtable_handler+0xc>)
10000c5a:	689b      	ldr	r3, [r3, #8]
10000c5c:	3010      	adds	r0, #16
10000c5e:	0080      	lsls	r0, r0, #2
10000c60:	58c0      	ldr	r0, [r0, r3]
10000c62:	4770      	bx	lr
10000c64:	e000ed00 	.word	0xe000ed00

10000c68 <irq_has_shared_handler>:
10000c68:	b510      	push	{r4, lr}
10000c6a:	f7ff fff5 	bl	10000c58 <irq_get_vtable_handler>
10000c6e:	2800      	cmp	r0, #0
10000c70:	d005      	beq.n	10000c7e <irq_has_shared_handler+0x16>
10000c72:	4b05      	ldr	r3, [pc, #20]	; (10000c88 <irq_has_shared_handler+0x20>)
10000c74:	1ac0      	subs	r0, r0, r3
10000c76:	282f      	cmp	r0, #47	; 0x2f
10000c78:	d803      	bhi.n	10000c82 <irq_has_shared_handler+0x1a>
10000c7a:	2001      	movs	r0, #1
10000c7c:	bd10      	pop	{r4, pc}
10000c7e:	2000      	movs	r0, #0
10000c80:	e7fc      	b.n	10000c7c <irq_has_shared_handler+0x14>
10000c82:	2000      	movs	r0, #0
10000c84:	e7fa      	b.n	10000c7c <irq_has_shared_handler+0x14>
10000c86:	46c0      	nop			; (mov r8, r8)
10000c88:	20000cc8 	.word	0x20000cc8

10000c8c <irq_set_exclusive_handler>:
10000c8c:	b570      	push	{r4, r5, r6, lr}
10000c8e:	0004      	movs	r4, r0
10000c90:	000d      	movs	r5, r1
10000c92:	f3ef 8610 	mrs	r6, PRIMASK
10000c96:	b672      	cpsid	i
10000c98:	4b0c      	ldr	r3, [pc, #48]	; (10000ccc <irq_set_exclusive_handler+0x40>)
10000c9a:	681b      	ldr	r3, [r3, #0]
10000c9c:	2b00      	cmp	r3, #0
10000c9e:	d0fb      	beq.n	10000c98 <irq_set_exclusive_handler+0xc>
10000ca0:	f3bf 8f5f 	dmb	sy
10000ca4:	0020      	movs	r0, r4
10000ca6:	f7ff ffd7 	bl	10000c58 <irq_get_vtable_handler>
10000caa:	4b09      	ldr	r3, [pc, #36]	; (10000cd0 <irq_set_exclusive_handler+0x44>)
10000cac:	4298      	cmp	r0, r3
10000cae:	d001      	beq.n	10000cb4 <irq_set_exclusive_handler+0x28>
10000cb0:	42a8      	cmp	r0, r5
10000cb2:	d105      	bne.n	10000cc0 <irq_set_exclusive_handler+0x34>
10000cb4:	0032      	movs	r2, r6
10000cb6:	0029      	movs	r1, r5
10000cb8:	0020      	movs	r0, r4
10000cba:	f7ff ff49 	bl	10000b50 <set_raw_irq_handler_and_unlock>
10000cbe:	bd70      	pop	{r4, r5, r6, pc}
10000cc0:	4b04      	ldr	r3, [pc, #16]	; (10000cd4 <irq_set_exclusive_handler+0x48>)
10000cc2:	4a05      	ldr	r2, [pc, #20]	; (10000cd8 <irq_set_exclusive_handler+0x4c>)
10000cc4:	2186      	movs	r1, #134	; 0x86
10000cc6:	4805      	ldr	r0, [pc, #20]	; (10000cdc <irq_set_exclusive_handler+0x50>)
10000cc8:	f001 fe2a 	bl	10002920 <__assert_func>
10000ccc:	d0000124 	.word	0xd0000124
10000cd0:	100001cd 	.word	0x100001cd
10000cd4:	1000aa5c 	.word	0x1000aa5c
10000cd8:	1000ac80 	.word	0x1000ac80
10000cdc:	1000a9f0 	.word	0x1000a9f0

10000ce0 <irq_add_shared_handler>:
10000ce0:	b5f0      	push	{r4, r5, r6, r7, lr}
10000ce2:	46de      	mov	lr, fp
10000ce4:	4657      	mov	r7, sl
10000ce6:	464e      	mov	r6, r9
10000ce8:	4645      	mov	r5, r8
10000cea:	b5e0      	push	{r5, r6, r7, lr}
10000cec:	b089      	sub	sp, #36	; 0x24
10000cee:	4681      	mov	r9, r0
10000cf0:	9101      	str	r1, [sp, #4]
10000cf2:	0015      	movs	r5, r2
10000cf4:	f3ef 8a10 	mrs	sl, PRIMASK
10000cf8:	b672      	cpsid	i
10000cfa:	4b74      	ldr	r3, [pc, #464]	; (10000ecc <irq_add_shared_handler+0x1ec>)
10000cfc:	681b      	ldr	r3, [r3, #0]
10000cfe:	2b00      	cmp	r3, #0
10000d00:	d0fb      	beq.n	10000cfa <irq_add_shared_handler+0x1a>
10000d02:	f3bf 8f5f 	dmb	sy
10000d06:	4b72      	ldr	r3, [pc, #456]	; (10000ed0 <irq_add_shared_handler+0x1f0>)
10000d08:	2700      	movs	r7, #0
10000d0a:	57df      	ldrsb	r7, [r3, r7]
10000d0c:	2f00      	cmp	r7, #0
10000d0e:	db40      	blt.n	10000d92 <irq_add_shared_handler+0xb2>
10000d10:	007c      	lsls	r4, r7, #1
10000d12:	19e4      	adds	r4, r4, r7
10000d14:	00a4      	lsls	r4, r4, #2
10000d16:	486f      	ldr	r0, [pc, #444]	; (10000ed4 <irq_add_shared_handler+0x1f4>)
10000d18:	1824      	adds	r4, r4, r0
10000d1a:	2206      	movs	r2, #6
10000d1c:	56a2      	ldrsb	r2, [r4, r2]
10000d1e:	4b6c      	ldr	r3, [pc, #432]	; (10000ed0 <irq_add_shared_handler+0x1f0>)
10000d20:	701a      	strb	r2, [r3, #0]
10000d22:	4b6d      	ldr	r3, [pc, #436]	; (10000ed8 <irq_add_shared_handler+0x1f8>)
10000d24:	689a      	ldr	r2, [r3, #8]
10000d26:	464b      	mov	r3, r9
10000d28:	3310      	adds	r3, #16
10000d2a:	009b      	lsls	r3, r3, #2
10000d2c:	58d3      	ldr	r3, [r2, r3]
10000d2e:	4698      	mov	r8, r3
10000d30:	001e      	movs	r6, r3
10000d32:	1a1b      	subs	r3, r3, r0
10000d34:	2b2f      	cmp	r3, #47	; 0x2f
10000d36:	d938      	bls.n	10000daa <irq_add_shared_handler+0xca>
10000d38:	4b68      	ldr	r3, [pc, #416]	; (10000edc <irq_add_shared_handler+0x1fc>)
10000d3a:	4598      	cmp	r8, r3
10000d3c:	d12f      	bne.n	10000d9e <irq_add_shared_handler+0xbe>
10000d3e:	ae05      	add	r6, sp, #20
10000d40:	4b67      	ldr	r3, [pc, #412]	; (10000ee0 <irq_add_shared_handler+0x200>)
10000d42:	8033      	strh	r3, [r6, #0]
10000d44:	007b      	lsls	r3, r7, #1
10000d46:	469b      	mov	fp, r3
10000d48:	19d8      	adds	r0, r3, r7
10000d4a:	0080      	lsls	r0, r0, #2
10000d4c:	4b61      	ldr	r3, [pc, #388]	; (10000ed4 <irq_add_shared_handler+0x1f4>)
10000d4e:	4698      	mov	r8, r3
10000d50:	4440      	add	r0, r8
10000d52:	3002      	adds	r0, #2
10000d54:	4963      	ldr	r1, [pc, #396]	; (10000ee4 <irq_add_shared_handler+0x204>)
10000d56:	f7ff ff0f 	bl	10000b78 <make_branch>
10000d5a:	8070      	strh	r0, [r6, #2]
10000d5c:	4b62      	ldr	r3, [pc, #392]	; (10000ee8 <irq_add_shared_handler+0x208>)
10000d5e:	80b3      	strh	r3, [r6, #4]
10000d60:	23ff      	movs	r3, #255	; 0xff
10000d62:	71b3      	strb	r3, [r6, #6]
10000d64:	71f5      	strb	r5, [r6, #7]
10000d66:	9b01      	ldr	r3, [sp, #4]
10000d68:	9307      	str	r3, [sp, #28]
10000d6a:	445f      	add	r7, fp
10000d6c:	00bf      	lsls	r7, r7, #2
10000d6e:	4447      	add	r7, r8
10000d70:	ce0e      	ldmia	r6!, {r1, r2, r3}
10000d72:	c70e      	stmia	r7!, {r1, r2, r3}
10000d74:	2301      	movs	r3, #1
10000d76:	431c      	orrs	r4, r3
10000d78:	46a0      	mov	r8, r4
10000d7a:	4652      	mov	r2, sl
10000d7c:	4641      	mov	r1, r8
10000d7e:	4648      	mov	r0, r9
10000d80:	f7ff fee6 	bl	10000b50 <set_raw_irq_handler_and_unlock>
10000d84:	b009      	add	sp, #36	; 0x24
10000d86:	bcf0      	pop	{r4, r5, r6, r7}
10000d88:	46bb      	mov	fp, r7
10000d8a:	46b2      	mov	sl, r6
10000d8c:	46a9      	mov	r9, r5
10000d8e:	46a0      	mov	r8, r4
10000d90:	bdf0      	pop	{r4, r5, r6, r7, pc}
10000d92:	4b56      	ldr	r3, [pc, #344]	; (10000eec <irq_add_shared_handler+0x20c>)
10000d94:	4a56      	ldr	r2, [pc, #344]	; (10000ef0 <irq_add_shared_handler+0x210>)
10000d96:	21d7      	movs	r1, #215	; 0xd7
10000d98:	4856      	ldr	r0, [pc, #344]	; (10000ef4 <irq_add_shared_handler+0x214>)
10000d9a:	f001 fdc1 	bl	10002920 <__assert_func>
10000d9e:	4b56      	ldr	r3, [pc, #344]	; (10000ef8 <irq_add_shared_handler+0x218>)
10000da0:	4a53      	ldr	r2, [pc, #332]	; (10000ef0 <irq_add_shared_handler+0x210>)
10000da2:	21de      	movs	r1, #222	; 0xde
10000da4:	4853      	ldr	r0, [pc, #332]	; (10000ef4 <irq_add_shared_handler+0x214>)
10000da6:	f001 fdbb 	bl	10002920 <__assert_func>
10000daa:	43c0      	mvns	r0, r0
10000dac:	4440      	add	r0, r8
10000dae:	210c      	movs	r1, #12
10000db0:	f002 ff64 	bl	10003c7c <__wrap___aeabi_uidiv>
10000db4:	2900      	cmp	r1, #0
10000db6:	d112      	bne.n	10000dde <irq_add_shared_handler+0xfe>
10000db8:	2301      	movs	r3, #1
10000dba:	439e      	bics	r6, r3
10000dbc:	46b3      	mov	fp, r6
10000dbe:	0033      	movs	r3, r6
10000dc0:	2600      	movs	r6, #0
10000dc2:	79da      	ldrb	r2, [r3, #7]
10000dc4:	42aa      	cmp	r2, r5
10000dc6:	d911      	bls.n	10000dec <irq_add_shared_handler+0x10c>
10000dc8:	2106      	movs	r1, #6
10000dca:	5659      	ldrsb	r1, [r3, r1]
10000dcc:	2900      	cmp	r1, #0
10000dce:	db0c      	blt.n	10000dea <irq_add_shared_handler+0x10a>
10000dd0:	004a      	lsls	r2, r1, #1
10000dd2:	1852      	adds	r2, r2, r1
10000dd4:	0092      	lsls	r2, r2, #2
10000dd6:	001e      	movs	r6, r3
10000dd8:	4b3e      	ldr	r3, [pc, #248]	; (10000ed4 <irq_add_shared_handler+0x1f4>)
10000dda:	189b      	adds	r3, r3, r2
10000ddc:	e7f1      	b.n	10000dc2 <irq_add_shared_handler+0xe2>
10000dde:	4b47      	ldr	r3, [pc, #284]	; (10000efc <irq_add_shared_handler+0x21c>)
10000de0:	4a43      	ldr	r2, [pc, #268]	; (10000ef0 <irq_add_shared_handler+0x210>)
10000de2:	21ea      	movs	r1, #234	; 0xea
10000de4:	4843      	ldr	r0, [pc, #268]	; (10000ef4 <irq_add_shared_handler+0x214>)
10000de6:	f001 fd9b 	bl	10002920 <__assert_func>
10000dea:	001e      	movs	r6, r3
10000dec:	2e00      	cmp	r6, #0
10000dee:	d03a      	beq.n	10000e66 <irq_add_shared_handler+0x186>
10000df0:	ab05      	add	r3, sp, #20
10000df2:	4a43      	ldr	r2, [pc, #268]	; (10000f00 <irq_add_shared_handler+0x220>)
10000df4:	801a      	strh	r2, [r3, #0]
10000df6:	3a81      	subs	r2, #129	; 0x81
10000df8:	805a      	strh	r2, [r3, #2]
10000dfa:	2306      	movs	r3, #6
10000dfc:	56f3      	ldrsb	r3, [r6, r3]
10000dfe:	9302      	str	r3, [sp, #8]
10000e00:	2b00      	cmp	r3, #0
10000e02:	da17      	bge.n	10000e34 <irq_add_shared_handler+0x154>
10000e04:	483f      	ldr	r0, [pc, #252]	; (10000f04 <irq_add_shared_handler+0x224>)
10000e06:	ab05      	add	r3, sp, #20
10000e08:	469b      	mov	fp, r3
10000e0a:	8098      	strh	r0, [r3, #4]
10000e0c:	9a02      	ldr	r2, [sp, #8]
10000e0e:	719a      	strb	r2, [r3, #6]
10000e10:	71dd      	strb	r5, [r3, #7]
10000e12:	9a01      	ldr	r2, [sp, #4]
10000e14:	9207      	str	r2, [sp, #28]
10000e16:	1d30      	adds	r0, r6, #4
10000e18:	0021      	movs	r1, r4
10000e1a:	f7ff fead 	bl	10000b78 <make_branch>
10000e1e:	80b0      	strh	r0, [r6, #4]
10000e20:	71b7      	strb	r7, [r6, #6]
10000e22:	007b      	lsls	r3, r7, #1
10000e24:	19db      	adds	r3, r3, r7
10000e26:	009b      	lsls	r3, r3, #2
10000e28:	4f2a      	ldr	r7, [pc, #168]	; (10000ed4 <irq_add_shared_handler+0x1f4>)
10000e2a:	18ff      	adds	r7, r7, r3
10000e2c:	465b      	mov	r3, fp
10000e2e:	cb07      	ldmia	r3!, {r0, r1, r2}
10000e30:	c707      	stmia	r7!, {r0, r1, r2}
10000e32:	e7a2      	b.n	10000d7a <irq_add_shared_handler+0x9a>
10000e34:	0078      	lsls	r0, r7, #1
10000e36:	19c0      	adds	r0, r0, r7
10000e38:	0080      	lsls	r0, r0, #2
10000e3a:	4b26      	ldr	r3, [pc, #152]	; (10000ed4 <irq_add_shared_handler+0x1f4>)
10000e3c:	18c0      	adds	r0, r0, r3
10000e3e:	3004      	adds	r0, #4
10000e40:	1d32      	adds	r2, r6, #4
10000e42:	88b3      	ldrh	r3, [r6, #4]
10000e44:	0ad9      	lsrs	r1, r3, #11
10000e46:	291c      	cmp	r1, #28
10000e48:	d107      	bne.n	10000e5a <irq_add_shared_handler+0x17a>
10000e4a:	055b      	lsls	r3, r3, #21
10000e4c:	1559      	asrs	r1, r3, #21
10000e4e:	3102      	adds	r1, #2
10000e50:	0049      	lsls	r1, r1, #1
10000e52:	1851      	adds	r1, r2, r1
10000e54:	f7ff fe90 	bl	10000b78 <make_branch>
10000e58:	e7d5      	b.n	10000e06 <irq_add_shared_handler+0x126>
10000e5a:	4b2b      	ldr	r3, [pc, #172]	; (10000f08 <irq_add_shared_handler+0x228>)
10000e5c:	4a2b      	ldr	r2, [pc, #172]	; (10000f0c <irq_add_shared_handler+0x22c>)
10000e5e:	21b1      	movs	r1, #177	; 0xb1
10000e60:	4824      	ldr	r0, [pc, #144]	; (10000ef4 <irq_add_shared_handler+0x214>)
10000e62:	f001 fd5d 	bl	10002920 <__assert_func>
10000e66:	ae05      	add	r6, sp, #20
10000e68:	4b1d      	ldr	r3, [pc, #116]	; (10000ee0 <irq_add_shared_handler+0x200>)
10000e6a:	8033      	strh	r3, [r6, #0]
10000e6c:	007b      	lsls	r3, r7, #1
10000e6e:	9302      	str	r3, [sp, #8]
10000e70:	19d8      	adds	r0, r3, r7
10000e72:	0080      	lsls	r0, r0, #2
10000e74:	4a17      	ldr	r2, [pc, #92]	; (10000ed4 <irq_add_shared_handler+0x1f4>)
10000e76:	4690      	mov	r8, r2
10000e78:	0002      	movs	r2, r0
10000e7a:	4442      	add	r2, r8
10000e7c:	9203      	str	r2, [sp, #12]
10000e7e:	1c90      	adds	r0, r2, #2
10000e80:	4918      	ldr	r1, [pc, #96]	; (10000ee4 <irq_add_shared_handler+0x204>)
10000e82:	f7ff fe79 	bl	10000b78 <make_branch>
10000e86:	8070      	strh	r0, [r6, #2]
10000e88:	9a03      	ldr	r2, [sp, #12]
10000e8a:	1d10      	adds	r0, r2, #4
10000e8c:	4659      	mov	r1, fp
10000e8e:	f7ff fe73 	bl	10000b78 <make_branch>
10000e92:	80b0      	strh	r0, [r6, #4]
10000e94:	4b1e      	ldr	r3, [pc, #120]	; (10000f10 <irq_add_shared_handler+0x230>)
10000e96:	465a      	mov	r2, fp
10000e98:	4641      	mov	r1, r8
10000e9a:	1a52      	subs	r2, r2, r1
10000e9c:	4152      	adcs	r2, r2
10000e9e:	4353      	muls	r3, r2
10000ea0:	0d1b      	lsrs	r3, r3, #20
10000ea2:	71b3      	strb	r3, [r6, #6]
10000ea4:	71f5      	strb	r5, [r6, #7]
10000ea6:	9a01      	ldr	r2, [sp, #4]
10000ea8:	9207      	str	r2, [sp, #28]
10000eaa:	9b02      	ldr	r3, [sp, #8]
10000eac:	469c      	mov	ip, r3
10000eae:	4467      	add	r7, ip
10000eb0:	00bf      	lsls	r7, r7, #2
10000eb2:	4447      	add	r7, r8
10000eb4:	ce0e      	ldmia	r6!, {r1, r2, r3}
10000eb6:	c70e      	stmia	r7!, {r1, r2, r3}
10000eb8:	4b11      	ldr	r3, [pc, #68]	; (10000f00 <irq_add_shared_handler+0x220>)
10000eba:	465a      	mov	r2, fp
10000ebc:	8013      	strh	r3, [r2, #0]
10000ebe:	3b81      	subs	r3, #129	; 0x81
10000ec0:	8053      	strh	r3, [r2, #2]
10000ec2:	2301      	movs	r3, #1
10000ec4:	431c      	orrs	r4, r3
10000ec6:	46a0      	mov	r8, r4
10000ec8:	e757      	b.n	10000d7a <irq_add_shared_handler+0x9a>
10000eca:	46c0      	nop			; (mov r8, r8)
10000ecc:	d0000124 	.word	0xd0000124
10000ed0:	2000252e 	.word	0x2000252e
10000ed4:	20000cc8 	.word	0x20000cc8
10000ed8:	e000ed00 	.word	0xe000ed00
10000edc:	100001cd 	.word	0x100001cd
10000ee0:	ffffa100 	.word	0xffffa100
10000ee4:	20000cf8 	.word	0x20000cf8
10000ee8:	ffffbd01 	.word	0xffffbd01
10000eec:	1000aa94 	.word	0x1000aa94
10000ef0:	1000ac68 	.word	0x1000ac68
10000ef4:	1000a9f0 	.word	0x1000a9f0
10000ef8:	1000aabc 	.word	0x1000aabc
10000efc:	1000aae4 	.word	0x1000aae4
10000f00:	00004801 	.word	0x00004801
10000f04:	0000bd01 	.word	0x0000bd01
10000f08:	1000ab58 	.word	0x1000ab58
10000f0c:	1000ac58 	.word	0x1000ac58
10000f10:	0000aaaa 	.word	0x0000aaaa

10000f14 <irq_remove_handler>:
10000f14:	b5f0      	push	{r4, r5, r6, r7, lr}
10000f16:	46ce      	mov	lr, r9
10000f18:	4647      	mov	r7, r8
10000f1a:	b580      	push	{r7, lr}
10000f1c:	b083      	sub	sp, #12
10000f1e:	0006      	movs	r6, r0
10000f20:	000d      	movs	r5, r1
10000f22:	f3ef 8810 	mrs	r8, PRIMASK
10000f26:	b672      	cpsid	i
10000f28:	4b56      	ldr	r3, [pc, #344]	; (10001084 <irq_remove_handler+0x170>)
10000f2a:	681b      	ldr	r3, [r3, #0]
10000f2c:	2b00      	cmp	r3, #0
10000f2e:	d0fb      	beq.n	10000f28 <irq_remove_handler+0x14>
10000f30:	f3bf 8f5f 	dmb	sy
10000f34:	4b54      	ldr	r3, [pc, #336]	; (10001088 <irq_remove_handler+0x174>)
10000f36:	689a      	ldr	r2, [r3, #8]
10000f38:	0034      	movs	r4, r6
10000f3a:	3410      	adds	r4, #16
10000f3c:	00a3      	lsls	r3, r4, #2
10000f3e:	58d7      	ldr	r7, [r2, r3]
10000f40:	4b52      	ldr	r3, [pc, #328]	; (1000108c <irq_remove_handler+0x178>)
10000f42:	429f      	cmp	r7, r3
10000f44:	d007      	beq.n	10000f56 <irq_remove_handler+0x42>
10000f46:	42af      	cmp	r7, r5
10000f48:	d100      	bne.n	10000f4c <irq_remove_handler+0x38>
10000f4a:	e098      	b.n	1000107e <irq_remove_handler+0x16a>
10000f4c:	9701      	str	r7, [sp, #4]
10000f4e:	4b50      	ldr	r3, [pc, #320]	; (10001090 <irq_remove_handler+0x17c>)
10000f50:	1afb      	subs	r3, r7, r3
10000f52:	2b2f      	cmp	r3, #47	; 0x2f
10000f54:	d909      	bls.n	10000f6a <irq_remove_handler+0x56>
10000f56:	4642      	mov	r2, r8
10000f58:	0039      	movs	r1, r7
10000f5a:	0030      	movs	r0, r6
10000f5c:	f7ff fdf8 	bl	10000b50 <set_raw_irq_handler_and_unlock>
10000f60:	b003      	add	sp, #12
10000f62:	bcc0      	pop	{r6, r7}
10000f64:	46b9      	mov	r9, r7
10000f66:	46b0      	mov	r8, r6
10000f68:	bdf0      	pop	{r4, r5, r6, r7, pc}
10000f6a:	0030      	movs	r0, r6
10000f6c:	f7ff fe48 	bl	10000c00 <irq_is_enabled>
10000f70:	4681      	mov	r9, r0
10000f72:	2100      	movs	r1, #0
10000f74:	0030      	movs	r0, r6
10000f76:	f7ff fe5f 	bl	10000c38 <irq_set_enabled>
10000f7a:	f3bf 8f5f 	dmb	sy
10000f7e:	f3ef 8105 	mrs	r1, IPSR
10000f82:	2900      	cmp	r1, #0
10000f84:	d001      	beq.n	10000f8a <irq_remove_handler+0x76>
10000f86:	428c      	cmp	r4, r1
10000f88:	d111      	bne.n	10000fae <irq_remove_handler+0x9a>
10000f8a:	2301      	movs	r3, #1
10000f8c:	9c01      	ldr	r4, [sp, #4]
10000f8e:	439c      	bics	r4, r3
10000f90:	2200      	movs	r2, #0
10000f92:	68a3      	ldr	r3, [r4, #8]
10000f94:	42ab      	cmp	r3, r5
10000f96:	d012      	beq.n	10000fbe <irq_remove_handler+0xaa>
10000f98:	2206      	movs	r2, #6
10000f9a:	56a2      	ldrsb	r2, [r4, r2]
10000f9c:	2a00      	cmp	r2, #0
10000f9e:	db0d      	blt.n	10000fbc <irq_remove_handler+0xa8>
10000fa0:	0053      	lsls	r3, r2, #1
10000fa2:	189b      	adds	r3, r3, r2
10000fa4:	009b      	lsls	r3, r3, #2
10000fa6:	0022      	movs	r2, r4
10000fa8:	4c39      	ldr	r4, [pc, #228]	; (10001090 <irq_remove_handler+0x17c>)
10000faa:	18e4      	adds	r4, r4, r3
10000fac:	e7f1      	b.n	10000f92 <irq_remove_handler+0x7e>
10000fae:	2136      	movs	r1, #54	; 0x36
10000fb0:	4b38      	ldr	r3, [pc, #224]	; (10001094 <irq_remove_handler+0x180>)
10000fb2:	4a39      	ldr	r2, [pc, #228]	; (10001098 <irq_remove_handler+0x184>)
10000fb4:	31ff      	adds	r1, #255	; 0xff
10000fb6:	4839      	ldr	r0, [pc, #228]	; (1000109c <irq_remove_handler+0x188>)
10000fb8:	f001 fcb2 	bl	10002920 <__assert_func>
10000fbc:	0022      	movs	r2, r4
10000fbe:	42ab      	cmp	r3, r5
10000fc0:	d156      	bne.n	10001070 <irq_remove_handler+0x15c>
10000fc2:	2506      	movs	r5, #6
10000fc4:	5765      	ldrsb	r5, [r4, r5]
10000fc6:	2d00      	cmp	r5, #0
10000fc8:	db38      	blt.n	1000103c <irq_remove_handler+0x128>
10000fca:	006b      	lsls	r3, r5, #1
10000fcc:	195b      	adds	r3, r3, r5
10000fce:	009a      	lsls	r2, r3, #2
10000fd0:	4b2f      	ldr	r3, [pc, #188]	; (10001090 <irq_remove_handler+0x17c>)
10000fd2:	189b      	adds	r3, r3, r2
10000fd4:	689a      	ldr	r2, [r3, #8]
10000fd6:	60a2      	str	r2, [r4, #8]
10000fd8:	79da      	ldrb	r2, [r3, #7]
10000fda:	71e2      	strb	r2, [r4, #7]
10000fdc:	2206      	movs	r2, #6
10000fde:	569a      	ldrsb	r2, [r3, r2]
10000fe0:	71a2      	strb	r2, [r4, #6]
10000fe2:	799b      	ldrb	r3, [r3, #6]
10000fe4:	b25b      	sxtb	r3, r3
10000fe6:	2b00      	cmp	r3, #0
10000fe8:	da0f      	bge.n	1000100a <irq_remove_handler+0xf6>
10000fea:	482d      	ldr	r0, [pc, #180]	; (100010a0 <irq_remove_handler+0x18c>)
10000fec:	80a0      	strh	r0, [r4, #4]
10000fee:	006b      	lsls	r3, r5, #1
10000ff0:	195b      	adds	r3, r3, r5
10000ff2:	009b      	lsls	r3, r3, #2
10000ff4:	4a26      	ldr	r2, [pc, #152]	; (10001090 <irq_remove_handler+0x17c>)
10000ff6:	18d3      	adds	r3, r2, r3
10000ff8:	4a2a      	ldr	r2, [pc, #168]	; (100010a4 <irq_remove_handler+0x190>)
10000ffa:	7811      	ldrb	r1, [r2, #0]
10000ffc:	7199      	strb	r1, [r3, #6]
10000ffe:	7015      	strb	r5, [r2, #0]
10001000:	4649      	mov	r1, r9
10001002:	0030      	movs	r0, r6
10001004:	f7ff fe18 	bl	10000c38 <irq_set_enabled>
10001008:	e7a5      	b.n	10000f56 <irq_remove_handler+0x42>
1000100a:	1d20      	adds	r0, r4, #4
1000100c:	006b      	lsls	r3, r5, #1
1000100e:	195b      	adds	r3, r3, r5
10001010:	009b      	lsls	r3, r3, #2
10001012:	4a1f      	ldr	r2, [pc, #124]	; (10001090 <irq_remove_handler+0x17c>)
10001014:	189b      	adds	r3, r3, r2
10001016:	1d1a      	adds	r2, r3, #4
10001018:	889b      	ldrh	r3, [r3, #4]
1000101a:	0ad9      	lsrs	r1, r3, #11
1000101c:	291c      	cmp	r1, #28
1000101e:	d107      	bne.n	10001030 <irq_remove_handler+0x11c>
10001020:	055b      	lsls	r3, r3, #21
10001022:	155b      	asrs	r3, r3, #21
10001024:	3302      	adds	r3, #2
10001026:	0059      	lsls	r1, r3, #1
10001028:	1851      	adds	r1, r2, r1
1000102a:	f7ff fda5 	bl	10000b78 <make_branch>
1000102e:	e7dd      	b.n	10000fec <irq_remove_handler+0xd8>
10001030:	4b1d      	ldr	r3, [pc, #116]	; (100010a8 <irq_remove_handler+0x194>)
10001032:	4a1e      	ldr	r2, [pc, #120]	; (100010ac <irq_remove_handler+0x198>)
10001034:	21b1      	movs	r1, #177	; 0xb1
10001036:	4819      	ldr	r0, [pc, #100]	; (1000109c <irq_remove_handler+0x188>)
10001038:	f001 fc72 	bl	10002920 <__assert_func>
1000103c:	2900      	cmp	r1, #0
1000103e:	d112      	bne.n	10001066 <irq_remove_handler+0x152>
10001040:	2a00      	cmp	r2, #0
10001042:	d00e      	beq.n	10001062 <irq_remove_handler+0x14e>
10001044:	23ff      	movs	r3, #255	; 0xff
10001046:	7193      	strb	r3, [r2, #6]
10001048:	4b19      	ldr	r3, [pc, #100]	; (100010b0 <irq_remove_handler+0x19c>)
1000104a:	8093      	strh	r3, [r2, #4]
1000104c:	4a15      	ldr	r2, [pc, #84]	; (100010a4 <irq_remove_handler+0x190>)
1000104e:	7813      	ldrb	r3, [r2, #0]
10001050:	71a3      	strb	r3, [r4, #6]
10001052:	4b18      	ldr	r3, [pc, #96]	; (100010b4 <irq_remove_handler+0x1a0>)
10001054:	490e      	ldr	r1, [pc, #56]	; (10001090 <irq_remove_handler+0x17c>)
10001056:	1a64      	subs	r4, r4, r1
10001058:	4164      	adcs	r4, r4
1000105a:	4363      	muls	r3, r4
1000105c:	0d1b      	lsrs	r3, r3, #20
1000105e:	7013      	strb	r3, [r2, #0]
10001060:	e7ce      	b.n	10001000 <irq_remove_handler+0xec>
10001062:	4f0a      	ldr	r7, [pc, #40]	; (1000108c <irq_remove_handler+0x178>)
10001064:	e7f2      	b.n	1000104c <irq_remove_handler+0x138>
10001066:	1d20      	adds	r0, r4, #4
10001068:	4913      	ldr	r1, [pc, #76]	; (100010b8 <irq_remove_handler+0x1a4>)
1000106a:	f7ff fda9 	bl	10000bc0 <insert_branch_and_link>
1000106e:	e7c7      	b.n	10001000 <irq_remove_handler+0xec>
10001070:	216a      	movs	r1, #106	; 0x6a
10001072:	4b12      	ldr	r3, [pc, #72]	; (100010bc <irq_remove_handler+0x1a8>)
10001074:	4a08      	ldr	r2, [pc, #32]	; (10001098 <irq_remove_handler+0x184>)
10001076:	31ff      	adds	r1, #255	; 0xff
10001078:	4808      	ldr	r0, [pc, #32]	; (1000109c <irq_remove_handler+0x188>)
1000107a:	f001 fc51 	bl	10002920 <__assert_func>
1000107e:	4f03      	ldr	r7, [pc, #12]	; (1000108c <irq_remove_handler+0x178>)
10001080:	e769      	b.n	10000f56 <irq_remove_handler+0x42>
10001082:	46c0      	nop			; (mov r8, r8)
10001084:	d0000124 	.word	0xd0000124
10001088:	e000ed00 	.word	0xe000ed00
1000108c:	100001cd 	.word	0x100001cd
10001090:	20000cc8 	.word	0x20000cc8
10001094:	1000ab70 	.word	0x1000ab70
10001098:	1000ac38 	.word	0x1000ac38
1000109c:	1000a9f0 	.word	0x1000a9f0
100010a0:	0000bd01 	.word	0x0000bd01
100010a4:	2000252e 	.word	0x2000252e
100010a8:	1000ab58 	.word	0x1000ab58
100010ac:	1000ac58 	.word	0x1000ac58
100010b0:	ffffbd01 	.word	0xffffbd01
100010b4:	0000aaaa 	.word	0x0000aaaa
100010b8:	20000d02 	.word	0x20000d02
100010bc:	1000aba4 	.word	0x1000aba4

100010c0 <irq_add_tail_to_free_list>:
100010c0:	b570      	push	{r4, r5, r6, lr}
100010c2:	2101      	movs	r1, #1
100010c4:	4301      	orrs	r1, r0
100010c6:	4b2e      	ldr	r3, [pc, #184]	; (10001180 <irq_add_tail_to_free_list+0xc0>)
100010c8:	1acb      	subs	r3, r1, r3
100010ca:	2b2f      	cmp	r3, #47	; 0x2f
100010cc:	d828      	bhi.n	10001120 <irq_add_tail_to_free_list+0x60>
100010ce:	f3ef 8305 	mrs	r3, IPSR
100010d2:	2b00      	cmp	r3, #0
100010d4:	d02b      	beq.n	1000112e <irq_add_tail_to_free_list+0x6e>
100010d6:	f3ef 8c10 	mrs	ip, PRIMASK
100010da:	b672      	cpsid	i
100010dc:	4a29      	ldr	r2, [pc, #164]	; (10001184 <irq_add_tail_to_free_list+0xc4>)
100010de:	6812      	ldr	r2, [r2, #0]
100010e0:	2a00      	cmp	r2, #0
100010e2:	d0fb      	beq.n	100010dc <irq_add_tail_to_free_list+0x1c>
100010e4:	f3bf 8f5f 	dmb	sy
100010e8:	4a27      	ldr	r2, [pc, #156]	; (10001188 <irq_add_tail_to_free_list+0xc8>)
100010ea:	0004      	movs	r4, r0
100010ec:	4d24      	ldr	r5, [pc, #144]	; (10001180 <irq_add_tail_to_free_list+0xc0>)
100010ee:	1b64      	subs	r4, r4, r5
100010f0:	4164      	adcs	r4, r4
100010f2:	4362      	muls	r2, r4
100010f4:	0d12      	lsrs	r2, r2, #20
100010f6:	b254      	sxtb	r4, r2
100010f8:	4a24      	ldr	r2, [pc, #144]	; (1000118c <irq_add_tail_to_free_list+0xcc>)
100010fa:	6892      	ldr	r2, [r2, #8]
100010fc:	009b      	lsls	r3, r3, #2
100010fe:	58d2      	ldr	r2, [r2, r3]
10001100:	428a      	cmp	r2, r1
10001102:	d01b      	beq.n	1000113c <irq_add_tail_to_free_list+0x7c>
10001104:	2200      	movs	r2, #0
10001106:	2a03      	cmp	r2, #3
10001108:	d832      	bhi.n	10001170 <irq_add_tail_to_free_list+0xb0>
1000110a:	0053      	lsls	r3, r2, #1
1000110c:	189b      	adds	r3, r3, r2
1000110e:	009b      	lsls	r3, r3, #2
10001110:	491b      	ldr	r1, [pc, #108]	; (10001180 <irq_add_tail_to_free_list+0xc0>)
10001112:	18cb      	adds	r3, r1, r3
10001114:	799b      	ldrb	r3, [r3, #6]
10001116:	b25b      	sxtb	r3, r3
10001118:	42a3      	cmp	r3, r4
1000111a:	d01f      	beq.n	1000115c <irq_add_tail_to_free_list+0x9c>
1000111c:	3201      	adds	r2, #1
1000111e:	e7f2      	b.n	10001106 <irq_add_tail_to_free_list+0x46>
10001120:	21c7      	movs	r1, #199	; 0xc7
10001122:	4b1b      	ldr	r3, [pc, #108]	; (10001190 <irq_add_tail_to_free_list+0xd0>)
10001124:	4a1b      	ldr	r2, [pc, #108]	; (10001194 <irq_add_tail_to_free_list+0xd4>)
10001126:	0049      	lsls	r1, r1, #1
10001128:	481b      	ldr	r0, [pc, #108]	; (10001198 <irq_add_tail_to_free_list+0xd8>)
1000112a:	f001 fbf9 	bl	10002920 <__assert_func>
1000112e:	2192      	movs	r1, #146	; 0x92
10001130:	4b1a      	ldr	r3, [pc, #104]	; (1000119c <irq_add_tail_to_free_list+0xdc>)
10001132:	4a18      	ldr	r2, [pc, #96]	; (10001194 <irq_add_tail_to_free_list+0xd4>)
10001134:	31ff      	adds	r1, #255	; 0xff
10001136:	4818      	ldr	r0, [pc, #96]	; (10001198 <irq_add_tail_to_free_list+0xd8>)
10001138:	f001 fbf2 	bl	10002920 <__assert_func>
1000113c:	4a13      	ldr	r2, [pc, #76]	; (1000118c <irq_add_tail_to_free_list+0xcc>)
1000113e:	6892      	ldr	r2, [r2, #8]
10001140:	4917      	ldr	r1, [pc, #92]	; (100011a0 <irq_add_tail_to_free_list+0xe0>)
10001142:	50d1      	str	r1, [r2, r3]
10001144:	4b17      	ldr	r3, [pc, #92]	; (100011a4 <irq_add_tail_to_free_list+0xe4>)
10001146:	781a      	ldrb	r2, [r3, #0]
10001148:	7182      	strb	r2, [r0, #6]
1000114a:	701c      	strb	r4, [r3, #0]
1000114c:	f3bf 8f5f 	dmb	sy
10001150:	4b0c      	ldr	r3, [pc, #48]	; (10001184 <irq_add_tail_to_free_list+0xc4>)
10001152:	2200      	movs	r2, #0
10001154:	601a      	str	r2, [r3, #0]
10001156:	f38c 8810 	msr	PRIMASK, ip
1000115a:	bd70      	pop	{r4, r5, r6, pc}
1000115c:	000d      	movs	r5, r1
1000115e:	0053      	lsls	r3, r2, #1
10001160:	1899      	adds	r1, r3, r2
10001162:	0089      	lsls	r1, r1, #2
10001164:	1869      	adds	r1, r5, r1
10001166:	26ff      	movs	r6, #255	; 0xff
10001168:	718e      	strb	r6, [r1, #6]
1000116a:	4a0f      	ldr	r2, [pc, #60]	; (100011a8 <irq_add_tail_to_free_list+0xe8>)
1000116c:	808a      	strh	r2, [r1, #4]
1000116e:	e7e9      	b.n	10001144 <irq_add_tail_to_free_list+0x84>
10001170:	21d1      	movs	r1, #209	; 0xd1
10001172:	4b0e      	ldr	r3, [pc, #56]	; (100011ac <irq_add_tail_to_free_list+0xec>)
10001174:	4a07      	ldr	r2, [pc, #28]	; (10001194 <irq_add_tail_to_free_list+0xd4>)
10001176:	0049      	lsls	r1, r1, #1
10001178:	4807      	ldr	r0, [pc, #28]	; (10001198 <irq_add_tail_to_free_list+0xd8>)
1000117a:	f001 fbd1 	bl	10002920 <__assert_func>
1000117e:	46c0      	nop			; (mov r8, r8)
10001180:	20000cc8 	.word	0x20000cc8
10001184:	d0000124 	.word	0xd0000124
10001188:	0000aaaa 	.word	0x0000aaaa
1000118c:	e000ed00 	.word	0xe000ed00
10001190:	1000abac 	.word	0x1000abac
10001194:	1000ac04 	.word	0x1000ac04
10001198:	1000a9f0 	.word	0x1000a9f0
1000119c:	1000abd4 	.word	0x1000abd4
100011a0:	100001cd 	.word	0x100001cd
100011a4:	2000252e 	.word	0x2000252e
100011a8:	ffffbd01 	.word	0xffffbd01
100011ac:	1000abe0 	.word	0x1000abe0

100011b0 <irq_init_priorities>:
100011b0:	2200      	movs	r2, #0
100011b2:	4b04      	ldr	r3, [pc, #16]	; (100011c4 <irq_init_priorities+0x14>)
100011b4:	e002      	b.n	100011bc <irq_init_priorities+0xc>
100011b6:	4904      	ldr	r1, [pc, #16]	; (100011c8 <irq_init_priorities+0x18>)
100011b8:	c302      	stmia	r3!, {r1}
100011ba:	3201      	adds	r2, #1
100011bc:	2a07      	cmp	r2, #7
100011be:	d9fa      	bls.n	100011b6 <irq_init_priorities+0x6>
100011c0:	4770      	bx	lr
100011c2:	46c0      	nop			; (mov r8, r8)
100011c4:	e000e400 	.word	0xe000e400
100011c8:	80808080 	.word	0x80808080

100011cc <user_irq_claim_unused>:
100011cc:	b500      	push	{lr}
100011ce:	b083      	sub	sp, #12
100011d0:	0001      	movs	r1, r0
100011d2:	4b06      	ldr	r3, [pc, #24]	; (100011ec <user_irq_claim_unused+0x20>)
100011d4:	9300      	str	r3, [sp, #0]
100011d6:	2305      	movs	r3, #5
100011d8:	2200      	movs	r2, #0
100011da:	4805      	ldr	r0, [pc, #20]	; (100011f0 <user_irq_claim_unused+0x24>)
100011dc:	f7ff fc61 	bl	10000aa2 <hw_claim_unused_from_range>
100011e0:	2800      	cmp	r0, #0
100011e2:	db01      	blt.n	100011e8 <user_irq_claim_unused+0x1c>
100011e4:	231f      	movs	r3, #31
100011e6:	1a18      	subs	r0, r3, r0
100011e8:	b003      	add	sp, #12
100011ea:	bd00      	pop	{pc}
100011ec:	1000abe8 	.word	0x1000abe8
100011f0:	20002533 	.word	0x20002533

100011f4 <lock_init>:
100011f4:	4b02      	ldr	r3, [pc, #8]	; (10001200 <lock_init+0xc>)
100011f6:	469c      	mov	ip, r3
100011f8:	4461      	add	r1, ip
100011fa:	0089      	lsls	r1, r1, #2
100011fc:	6001      	str	r1, [r0, #0]
100011fe:	4770      	bx	lr
10001200:	34000040 	.word	0x34000040

10001204 <mutex_init>:
10001204:	b510      	push	{r4, lr}
10001206:	0004      	movs	r4, r0
10001208:	f7ff fc84 	bl	10000b14 <next_striped_spin_lock_num>
1000120c:	0001      	movs	r1, r0
1000120e:	0020      	movs	r0, r4
10001210:	f7ff fff0 	bl	100011f4 <lock_init>
10001214:	23ff      	movs	r3, #255	; 0xff
10001216:	7123      	strb	r3, [r4, #4]
10001218:	f3bf 8f5f 	dmb	sy
1000121c:	bd10      	pop	{r4, pc}

1000121e <recursive_mutex_init>:
1000121e:	b510      	push	{r4, lr}
10001220:	0004      	movs	r4, r0
10001222:	f7ff fc77 	bl	10000b14 <next_striped_spin_lock_num>
10001226:	0001      	movs	r1, r0
10001228:	0020      	movs	r0, r4
1000122a:	f7ff ffe3 	bl	100011f4 <lock_init>
1000122e:	23ff      	movs	r3, #255	; 0xff
10001230:	7123      	strb	r3, [r4, #4]
10001232:	2300      	movs	r3, #0
10001234:	7163      	strb	r3, [r4, #5]
10001236:	f3bf 8f5f 	dmb	sy
1000123a:	bd10      	pop	{r4, pc}

1000123c <critical_section_init_with_lock_num>:
1000123c:	4b03      	ldr	r3, [pc, #12]	; (1000124c <critical_section_init_with_lock_num+0x10>)
1000123e:	469c      	mov	ip, r3
10001240:	4461      	add	r1, ip
10001242:	0089      	lsls	r1, r1, #2
10001244:	6001      	str	r1, [r0, #0]
10001246:	f3bf 8f5f 	dmb	sy
1000124a:	4770      	bx	lr
1000124c:	34000040 	.word	0x34000040

10001250 <critical_section_init>:
10001250:	b510      	push	{r4, lr}
10001252:	0004      	movs	r4, r0
10001254:	2001      	movs	r0, #1
10001256:	f7ff fc6b 	bl	10000b30 <spin_lock_claim_unused>
1000125a:	0001      	movs	r1, r0
1000125c:	0020      	movs	r0, r4
1000125e:	f7ff ffed 	bl	1000123c <critical_section_init_with_lock_num>
10001262:	bd10      	pop	{r4, pc}

10001264 <alarm_pool_post_alloc_init>:
10001264:	b570      	push	{r4, r5, r6, lr}
10001266:	0005      	movs	r5, r0
10001268:	000c      	movs	r4, r1
1000126a:	0008      	movs	r0, r1
1000126c:	f000 fedc 	bl	10002028 <hardware_alarm_cancel>
10001270:	4909      	ldr	r1, [pc, #36]	; (10001298 <alarm_pool_post_alloc_init+0x34>)
10001272:	0020      	movs	r0, r4
10001274:	f000 fe1c 	bl	10001eb0 <hardware_alarm_set_callback>
10001278:	f7ff fc4c 	bl	10000b14 <next_striped_spin_lock_num>
1000127c:	4b07      	ldr	r3, [pc, #28]	; (1000129c <alarm_pool_post_alloc_init+0x38>)
1000127e:	469c      	mov	ip, r3
10001280:	4460      	add	r0, ip
10001282:	0080      	lsls	r0, r0, #2
10001284:	6068      	str	r0, [r5, #4]
10001286:	752c      	strb	r4, [r5, #20]
10001288:	23d0      	movs	r3, #208	; 0xd0
1000128a:	061b      	lsls	r3, r3, #24
1000128c:	781b      	ldrb	r3, [r3, #0]
1000128e:	756b      	strb	r3, [r5, #21]
10001290:	00a4      	lsls	r4, r4, #2
10001292:	4b03      	ldr	r3, [pc, #12]	; (100012a0 <alarm_pool_post_alloc_init+0x3c>)
10001294:	50e5      	str	r5, [r4, r3]
10001296:	bd70      	pop	{r4, r5, r6, pc}
10001298:	100015a9 	.word	0x100015a9
1000129c:	34000040 	.word	0x34000040
100012a0:	200022e0 	.word	0x200022e0

100012a4 <sleep_until_callback>:
100012a4:	4b0a      	ldr	r3, [pc, #40]	; (100012d0 <sleep_until_callback+0x2c>)
100012a6:	681a      	ldr	r2, [r3, #0]
100012a8:	f3ef 8110 	mrs	r1, PRIMASK
100012ac:	b672      	cpsid	i
100012ae:	6813      	ldr	r3, [r2, #0]
100012b0:	2b00      	cmp	r3, #0
100012b2:	d0fc      	beq.n	100012ae <sleep_until_callback+0xa>
100012b4:	f3bf 8f5f 	dmb	sy
100012b8:	4b05      	ldr	r3, [pc, #20]	; (100012d0 <sleep_until_callback+0x2c>)
100012ba:	681b      	ldr	r3, [r3, #0]
100012bc:	f3bf 8f5f 	dmb	sy
100012c0:	2200      	movs	r2, #0
100012c2:	601a      	str	r2, [r3, #0]
100012c4:	f381 8810 	msr	PRIMASK, r1
100012c8:	bf40      	sev
100012ca:	2000      	movs	r0, #0
100012cc:	2100      	movs	r1, #0
100012ce:	4770      	bx	lr
100012d0:	200024fc 	.word	0x200024fc

100012d4 <timer_pool_entry_comparator>:
100012d4:	b510      	push	{r4, lr}
100012d6:	2900      	cmp	r1, #0
100012d8:	d022      	beq.n	10001320 <timer_pool_entry_comparator+0x4c>
100012da:	6803      	ldr	r3, [r0, #0]
100012dc:	7b1b      	ldrb	r3, [r3, #12]
100012de:	4299      	cmp	r1, r3
100012e0:	d81e      	bhi.n	10001320 <timer_pool_entry_comparator+0x4c>
100012e2:	4b17      	ldr	r3, [pc, #92]	; (10001340 <timer_pool_entry_comparator+0x6c>)
100012e4:	469c      	mov	ip, r3
100012e6:	4461      	add	r1, ip
100012e8:	0109      	lsls	r1, r1, #4
100012ea:	6883      	ldr	r3, [r0, #8]
100012ec:	469c      	mov	ip, r3
100012ee:	4461      	add	r1, ip
100012f0:	680c      	ldr	r4, [r1, #0]
100012f2:	6849      	ldr	r1, [r1, #4]
100012f4:	2a00      	cmp	r2, #0
100012f6:	d019      	beq.n	1000132c <timer_pool_entry_comparator+0x58>
100012f8:	6803      	ldr	r3, [r0, #0]
100012fa:	7b1b      	ldrb	r3, [r3, #12]
100012fc:	429a      	cmp	r2, r3
100012fe:	d815      	bhi.n	1000132c <timer_pool_entry_comparator+0x58>
10001300:	6883      	ldr	r3, [r0, #8]
10001302:	480f      	ldr	r0, [pc, #60]	; (10001340 <timer_pool_entry_comparator+0x6c>)
10001304:	4684      	mov	ip, r0
10001306:	4462      	add	r2, ip
10001308:	0112      	lsls	r2, r2, #4
1000130a:	189a      	adds	r2, r3, r2
1000130c:	6810      	ldr	r0, [r2, #0]
1000130e:	6853      	ldr	r3, [r2, #4]
10001310:	0002      	movs	r2, r0
10001312:	2001      	movs	r0, #1
10001314:	428b      	cmp	r3, r1
10001316:	d801      	bhi.n	1000131c <timer_pool_entry_comparator+0x48>
10001318:	d00e      	beq.n	10001338 <timer_pool_entry_comparator+0x64>
1000131a:	2000      	movs	r0, #0
1000131c:	b2c0      	uxtb	r0, r0
1000131e:	bd10      	pop	{r4, pc}
10001320:	4b08      	ldr	r3, [pc, #32]	; (10001344 <timer_pool_entry_comparator+0x70>)
10001322:	4a09      	ldr	r2, [pc, #36]	; (10001348 <timer_pool_entry_comparator+0x74>)
10001324:	213c      	movs	r1, #60	; 0x3c
10001326:	4809      	ldr	r0, [pc, #36]	; (1000134c <timer_pool_entry_comparator+0x78>)
10001328:	f001 fafa 	bl	10002920 <__assert_func>
1000132c:	4b05      	ldr	r3, [pc, #20]	; (10001344 <timer_pool_entry_comparator+0x70>)
1000132e:	4a06      	ldr	r2, [pc, #24]	; (10001348 <timer_pool_entry_comparator+0x74>)
10001330:	213c      	movs	r1, #60	; 0x3c
10001332:	4806      	ldr	r0, [pc, #24]	; (1000134c <timer_pool_entry_comparator+0x78>)
10001334:	f001 faf4 	bl	10002920 <__assert_func>
10001338:	42a2      	cmp	r2, r4
1000133a:	d8ef      	bhi.n	1000131c <timer_pool_entry_comparator+0x48>
1000133c:	e7ed      	b.n	1000131a <timer_pool_entry_comparator+0x46>
1000133e:	46c0      	nop			; (mov r8, r8)
10001340:	0fffffff 	.word	0x0fffffff
10001344:	1000ae68 	.word	0x1000ae68
10001348:	1000b0e8 	.word	0x1000b0e8
1000134c:	1000ae14 	.word	0x1000ae14

10001350 <ph_add_child_node>:
10001350:	b510      	push	{r4, lr}
10001352:	2900      	cmp	r1, #0
10001354:	d01e      	beq.n	10001394 <ph_add_child_node+0x44>
10001356:	7b03      	ldrb	r3, [r0, #12]
10001358:	4299      	cmp	r1, r3
1000135a:	d81b      	bhi.n	10001394 <ph_add_child_node+0x44>
1000135c:	004b      	lsls	r3, r1, #1
1000135e:	185b      	adds	r3, r3, r1
10001360:	3b03      	subs	r3, #3
10001362:	6804      	ldr	r4, [r0, #0]
10001364:	46a4      	mov	ip, r4
10001366:	4463      	add	r3, ip
10001368:	2900      	cmp	r1, #0
1000136a:	d019      	beq.n	100013a0 <ph_add_child_node+0x50>
1000136c:	2a00      	cmp	r2, #0
1000136e:	d01d      	beq.n	100013ac <ph_add_child_node+0x5c>
10001370:	4291      	cmp	r1, r2
10001372:	d021      	beq.n	100013b8 <ph_add_child_node+0x68>
10001374:	2a00      	cmp	r2, #0
10001376:	d025      	beq.n	100013c4 <ph_add_child_node+0x74>
10001378:	7b04      	ldrb	r4, [r0, #12]
1000137a:	42a2      	cmp	r2, r4
1000137c:	d822      	bhi.n	100013c4 <ph_add_child_node+0x74>
1000137e:	6804      	ldr	r4, [r0, #0]
10001380:	0050      	lsls	r0, r2, #1
10001382:	1880      	adds	r0, r0, r2
10001384:	3803      	subs	r0, #3
10001386:	1820      	adds	r0, r4, r0
10001388:	7081      	strb	r1, [r0, #2]
1000138a:	7819      	ldrb	r1, [r3, #0]
1000138c:	2900      	cmp	r1, #0
1000138e:	d11f      	bne.n	100013d0 <ph_add_child_node+0x80>
10001390:	701a      	strb	r2, [r3, #0]
10001392:	bd10      	pop	{r4, pc}
10001394:	4b10      	ldr	r3, [pc, #64]	; (100013d8 <ph_add_child_node+0x88>)
10001396:	4a11      	ldr	r2, [pc, #68]	; (100013dc <ph_add_child_node+0x8c>)
10001398:	2168      	movs	r1, #104	; 0x68
1000139a:	4811      	ldr	r0, [pc, #68]	; (100013e0 <ph_add_child_node+0x90>)
1000139c:	f001 fac0 	bl	10002920 <__assert_func>
100013a0:	4b10      	ldr	r3, [pc, #64]	; (100013e4 <ph_add_child_node+0x94>)
100013a2:	4a11      	ldr	r2, [pc, #68]	; (100013e8 <ph_add_child_node+0x98>)
100013a4:	316f      	adds	r1, #111	; 0x6f
100013a6:	480e      	ldr	r0, [pc, #56]	; (100013e0 <ph_add_child_node+0x90>)
100013a8:	f001 faba 	bl	10002920 <__assert_func>
100013ac:	4b0f      	ldr	r3, [pc, #60]	; (100013ec <ph_add_child_node+0x9c>)
100013ae:	4a0e      	ldr	r2, [pc, #56]	; (100013e8 <ph_add_child_node+0x98>)
100013b0:	2170      	movs	r1, #112	; 0x70
100013b2:	480b      	ldr	r0, [pc, #44]	; (100013e0 <ph_add_child_node+0x90>)
100013b4:	f001 fab4 	bl	10002920 <__assert_func>
100013b8:	4b0d      	ldr	r3, [pc, #52]	; (100013f0 <ph_add_child_node+0xa0>)
100013ba:	4a0b      	ldr	r2, [pc, #44]	; (100013e8 <ph_add_child_node+0x98>)
100013bc:	2171      	movs	r1, #113	; 0x71
100013be:	4808      	ldr	r0, [pc, #32]	; (100013e0 <ph_add_child_node+0x90>)
100013c0:	f001 faae 	bl	10002920 <__assert_func>
100013c4:	4b04      	ldr	r3, [pc, #16]	; (100013d8 <ph_add_child_node+0x88>)
100013c6:	4a05      	ldr	r2, [pc, #20]	; (100013dc <ph_add_child_node+0x8c>)
100013c8:	2168      	movs	r1, #104	; 0x68
100013ca:	4805      	ldr	r0, [pc, #20]	; (100013e0 <ph_add_child_node+0x90>)
100013cc:	f001 faa8 	bl	10002920 <__assert_func>
100013d0:	7041      	strb	r1, [r0, #1]
100013d2:	701a      	strb	r2, [r3, #0]
100013d4:	e7dd      	b.n	10001392 <ph_add_child_node+0x42>
100013d6:	46c0      	nop			; (mov r8, r8)
100013d8:	1000ae8c 	.word	0x1000ae8c
100013dc:	1000b154 	.word	0x1000b154
100013e0:	1000aea8 	.word	0x1000aea8
100013e4:	1000af10 	.word	0x1000af10
100013e8:	1000b130 	.word	0x1000b130
100013ec:	1000af1c 	.word	0x1000af1c
100013f0:	1000af28 	.word	0x1000af28

100013f4 <ph_merge_nodes>:
100013f4:	b570      	push	{r4, r5, r6, lr}
100013f6:	0006      	movs	r6, r0
100013f8:	000d      	movs	r5, r1
100013fa:	0014      	movs	r4, r2
100013fc:	2900      	cmp	r1, #0
100013fe:	d014      	beq.n	1000142a <ph_merge_nodes+0x36>
10001400:	2a00      	cmp	r2, #0
10001402:	d014      	beq.n	1000142e <ph_merge_nodes+0x3a>
10001404:	6880      	ldr	r0, [r0, #8]
10001406:	6873      	ldr	r3, [r6, #4]
10001408:	4798      	blx	r3
1000140a:	2800      	cmp	r0, #0
1000140c:	d006      	beq.n	1000141c <ph_merge_nodes+0x28>
1000140e:	0022      	movs	r2, r4
10001410:	0029      	movs	r1, r5
10001412:	0030      	movs	r0, r6
10001414:	f7ff ff9c 	bl	10001350 <ph_add_child_node>
10001418:	0028      	movs	r0, r5
1000141a:	e007      	b.n	1000142c <ph_merge_nodes+0x38>
1000141c:	002a      	movs	r2, r5
1000141e:	0021      	movs	r1, r4
10001420:	0030      	movs	r0, r6
10001422:	f7ff ff95 	bl	10001350 <ph_add_child_node>
10001426:	0020      	movs	r0, r4
10001428:	e000      	b.n	1000142c <ph_merge_nodes+0x38>
1000142a:	0010      	movs	r0, r2
1000142c:	bd70      	pop	{r4, r5, r6, pc}
1000142e:	0008      	movs	r0, r1
10001430:	e7fc      	b.n	1000142c <ph_merge_nodes+0x38>
	...

10001434 <add_alarm_under_lock>:
10001434:	b5f0      	push	{r4, r5, r6, r7, lr}
10001436:	b083      	sub	sp, #12
10001438:	0005      	movs	r5, r0
1000143a:	9200      	str	r2, [sp, #0]
1000143c:	9301      	str	r3, [sp, #4]
1000143e:	ab0a      	add	r3, sp, #40	; 0x28
10001440:	781c      	ldrb	r4, [r3, #0]
10001442:	ab0b      	add	r3, sp, #44	; 0x2c
10001444:	781f      	ldrb	r7, [r3, #0]
10001446:	2c00      	cmp	r4, #0
10001448:	d026      	beq.n	10001498 <add_alarm_under_lock+0x64>
1000144a:	6803      	ldr	r3, [r0, #0]
1000144c:	7b5a      	ldrb	r2, [r3, #13]
1000144e:	4294      	cmp	r4, r2
10001450:	d107      	bne.n	10001462 <add_alarm_under_lock+0x2e>
10001452:	2301      	movs	r3, #1
10001454:	2b00      	cmp	r3, #0
10001456:	d119      	bne.n	1000148c <add_alarm_under_lock+0x58>
10001458:	2c00      	cmp	r4, #0
1000145a:	d13b      	bne.n	100014d4 <add_alarm_under_lock+0xa0>
1000145c:	0020      	movs	r0, r4
1000145e:	b003      	add	sp, #12
10001460:	bdf0      	pop	{r4, r5, r6, r7, pc}
10001462:	2c00      	cmp	r4, #0
10001464:	d00c      	beq.n	10001480 <add_alarm_under_lock+0x4c>
10001466:	7b1a      	ldrb	r2, [r3, #12]
10001468:	4294      	cmp	r4, r2
1000146a:	d809      	bhi.n	10001480 <add_alarm_under_lock+0x4c>
1000146c:	681a      	ldr	r2, [r3, #0]
1000146e:	0063      	lsls	r3, r4, #1
10001470:	191b      	adds	r3, r3, r4
10001472:	3b03      	subs	r3, #3
10001474:	18d3      	adds	r3, r2, r3
10001476:	789b      	ldrb	r3, [r3, #2]
10001478:	2b00      	cmp	r3, #0
1000147a:	d0eb      	beq.n	10001454 <add_alarm_under_lock+0x20>
1000147c:	2301      	movs	r3, #1
1000147e:	e7e9      	b.n	10001454 <add_alarm_under_lock+0x20>
10001480:	4b3e      	ldr	r3, [pc, #248]	; (1000157c <add_alarm_under_lock+0x148>)
10001482:	4a3f      	ldr	r2, [pc, #252]	; (10001580 <add_alarm_under_lock+0x14c>)
10001484:	2168      	movs	r1, #104	; 0x68
10001486:	483f      	ldr	r0, [pc, #252]	; (10001584 <add_alarm_under_lock+0x150>)
10001488:	f001 fa4a 	bl	10002920 <__assert_func>
1000148c:	4b3e      	ldr	r3, [pc, #248]	; (10001588 <add_alarm_under_lock+0x154>)
1000148e:	4a3f      	ldr	r2, [pc, #252]	; (1000158c <add_alarm_under_lock+0x158>)
10001490:	2167      	movs	r1, #103	; 0x67
10001492:	483f      	ldr	r0, [pc, #252]	; (10001590 <add_alarm_under_lock+0x15c>)
10001494:	f001 fa44 	bl	10002920 <__assert_func>
10001498:	6803      	ldr	r3, [r0, #0]
1000149a:	7b9c      	ldrb	r4, [r3, #14]
1000149c:	2c00      	cmp	r4, #0
1000149e:	d0db      	beq.n	10001458 <add_alarm_under_lock+0x24>
100014a0:	d012      	beq.n	100014c8 <add_alarm_under_lock+0x94>
100014a2:	7b1a      	ldrb	r2, [r3, #12]
100014a4:	4294      	cmp	r4, r2
100014a6:	d80f      	bhi.n	100014c8 <add_alarm_under_lock+0x94>
100014a8:	0062      	lsls	r2, r4, #1
100014aa:	1912      	adds	r2, r2, r4
100014ac:	3a03      	subs	r2, #3
100014ae:	6819      	ldr	r1, [r3, #0]
100014b0:	468c      	mov	ip, r1
100014b2:	4462      	add	r2, ip
100014b4:	7851      	ldrb	r1, [r2, #1]
100014b6:	7399      	strb	r1, [r3, #14]
100014b8:	2900      	cmp	r1, #0
100014ba:	d100      	bne.n	100014be <add_alarm_under_lock+0x8a>
100014bc:	73d9      	strb	r1, [r3, #15]
100014be:	2300      	movs	r3, #0
100014c0:	7093      	strb	r3, [r2, #2]
100014c2:	7053      	strb	r3, [r2, #1]
100014c4:	7013      	strb	r3, [r2, #0]
100014c6:	e7c7      	b.n	10001458 <add_alarm_under_lock+0x24>
100014c8:	4b2c      	ldr	r3, [pc, #176]	; (1000157c <add_alarm_under_lock+0x148>)
100014ca:	4a2d      	ldr	r2, [pc, #180]	; (10001580 <add_alarm_under_lock+0x14c>)
100014cc:	2168      	movs	r1, #104	; 0x68
100014ce:	482d      	ldr	r0, [pc, #180]	; (10001584 <add_alarm_under_lock+0x150>)
100014d0:	f001 fa26 	bl	10002920 <__assert_func>
100014d4:	2c00      	cmp	r4, #0
100014d6:	d03a      	beq.n	1000154e <add_alarm_under_lock+0x11a>
100014d8:	682b      	ldr	r3, [r5, #0]
100014da:	7b1b      	ldrb	r3, [r3, #12]
100014dc:	429c      	cmp	r4, r3
100014de:	d836      	bhi.n	1000154e <add_alarm_under_lock+0x11a>
100014e0:	4b2c      	ldr	r3, [pc, #176]	; (10001594 <add_alarm_under_lock+0x160>)
100014e2:	18e3      	adds	r3, r4, r3
100014e4:	011b      	lsls	r3, r3, #4
100014e6:	68aa      	ldr	r2, [r5, #8]
100014e8:	4694      	mov	ip, r2
100014ea:	4463      	add	r3, ip
100014ec:	9a00      	ldr	r2, [sp, #0]
100014ee:	601a      	str	r2, [r3, #0]
100014f0:	9a01      	ldr	r2, [sp, #4]
100014f2:	605a      	str	r2, [r3, #4]
100014f4:	9a08      	ldr	r2, [sp, #32]
100014f6:	609a      	str	r2, [r3, #8]
100014f8:	9a09      	ldr	r2, [sp, #36]	; 0x24
100014fa:	60da      	str	r2, [r3, #12]
100014fc:	682e      	ldr	r6, [r5, #0]
100014fe:	2c00      	cmp	r4, #0
10001500:	d02b      	beq.n	1000155a <add_alarm_under_lock+0x126>
10001502:	d030      	beq.n	10001566 <add_alarm_under_lock+0x132>
10001504:	7b33      	ldrb	r3, [r6, #12]
10001506:	429c      	cmp	r4, r3
10001508:	d82d      	bhi.n	10001566 <add_alarm_under_lock+0x132>
1000150a:	0063      	lsls	r3, r4, #1
1000150c:	191b      	adds	r3, r3, r4
1000150e:	3b03      	subs	r3, #3
10001510:	6832      	ldr	r2, [r6, #0]
10001512:	4694      	mov	ip, r2
10001514:	4463      	add	r3, ip
10001516:	2200      	movs	r2, #0
10001518:	709a      	strb	r2, [r3, #2]
1000151a:	705a      	strb	r2, [r3, #1]
1000151c:	701a      	strb	r2, [r3, #0]
1000151e:	7b71      	ldrb	r1, [r6, #13]
10001520:	0022      	movs	r2, r4
10001522:	0030      	movs	r0, r6
10001524:	f7ff ff66 	bl	100013f4 <ph_merge_nodes>
10001528:	7370      	strb	r0, [r6, #13]
1000152a:	4284      	cmp	r4, r0
1000152c:	d000      	beq.n	10001530 <add_alarm_under_lock+0xfc>
1000152e:	e795      	b.n	1000145c <add_alarm_under_lock+0x28>
10001530:	7d28      	ldrb	r0, [r5, #20]
10001532:	9a00      	ldr	r2, [sp, #0]
10001534:	9b01      	ldr	r3, [sp, #4]
10001536:	f000 fd03 	bl	10001f40 <hardware_alarm_set_target>
1000153a:	1e06      	subs	r6, r0, #0
1000153c:	d001      	beq.n	10001542 <add_alarm_under_lock+0x10e>
1000153e:	2f00      	cmp	r7, #0
10001540:	d017      	beq.n	10001572 <add_alarm_under_lock+0x13e>
10001542:	9b0c      	ldr	r3, [sp, #48]	; 0x30
10001544:	2b00      	cmp	r3, #0
10001546:	d100      	bne.n	1000154a <add_alarm_under_lock+0x116>
10001548:	e788      	b.n	1000145c <add_alarm_under_lock+0x28>
1000154a:	701e      	strb	r6, [r3, #0]
1000154c:	e786      	b.n	1000145c <add_alarm_under_lock+0x28>
1000154e:	4b12      	ldr	r3, [pc, #72]	; (10001598 <add_alarm_under_lock+0x164>)
10001550:	4a12      	ldr	r2, [pc, #72]	; (1000159c <add_alarm_under_lock+0x168>)
10001552:	213c      	movs	r1, #60	; 0x3c
10001554:	480e      	ldr	r0, [pc, #56]	; (10001590 <add_alarm_under_lock+0x15c>)
10001556:	f001 f9e3 	bl	10002920 <__assert_func>
1000155a:	4b11      	ldr	r3, [pc, #68]	; (100015a0 <add_alarm_under_lock+0x16c>)
1000155c:	4a11      	ldr	r2, [pc, #68]	; (100015a4 <add_alarm_under_lock+0x170>)
1000155e:	21a5      	movs	r1, #165	; 0xa5
10001560:	4808      	ldr	r0, [pc, #32]	; (10001584 <add_alarm_under_lock+0x150>)
10001562:	f001 f9dd 	bl	10002920 <__assert_func>
10001566:	4b05      	ldr	r3, [pc, #20]	; (1000157c <add_alarm_under_lock+0x148>)
10001568:	4a05      	ldr	r2, [pc, #20]	; (10001580 <add_alarm_under_lock+0x14c>)
1000156a:	2168      	movs	r1, #104	; 0x68
1000156c:	4805      	ldr	r0, [pc, #20]	; (10001584 <add_alarm_under_lock+0x150>)
1000156e:	f001 f9d7 	bl	10002920 <__assert_func>
10001572:	6828      	ldr	r0, [r5, #0]
10001574:	0021      	movs	r1, r4
10001576:	f000 ff1b 	bl	100023b0 <ph_remove_and_free_node>
1000157a:	e7e2      	b.n	10001542 <add_alarm_under_lock+0x10e>
1000157c:	1000ae8c 	.word	0x1000ae8c
10001580:	1000b154 	.word	0x1000b154
10001584:	1000aea8 	.word	0x1000aea8
10001588:	1000af40 	.word	0x1000af40
1000158c:	1000b160 	.word	0x1000b160
10001590:	1000ae14 	.word	0x1000ae14
10001594:	0fffffff 	.word	0x0fffffff
10001598:	1000ae68 	.word	0x1000ae68
1000159c:	1000b0e8 	.word	0x1000b0e8
100015a0:	1000ae10 	.word	0x1000ae10
100015a4:	1000b144 	.word	0x1000b144

100015a8 <alarm_pool_alarm_callback>:
100015a8:	b5f0      	push	{r4, r5, r6, r7, lr}
100015aa:	46de      	mov	lr, fp
100015ac:	4657      	mov	r7, sl
100015ae:	464e      	mov	r6, r9
100015b0:	4645      	mov	r5, r8
100015b2:	b5e0      	push	{r5, r6, r7, lr}
100015b4:	b08b      	sub	sp, #44	; 0x2c
100015b6:	9009      	str	r0, [sp, #36]	; 0x24
100015b8:	2300      	movs	r3, #0
100015ba:	9308      	str	r3, [sp, #32]
100015bc:	0082      	lsls	r2, r0, #2
100015be:	4bb5      	ldr	r3, [pc, #724]	; (10001894 <alarm_pool_alarm_callback+0x2ec>)
100015c0:	58d6      	ldr	r6, [r2, r3]
100015c2:	0037      	movs	r7, r6
100015c4:	e052      	b.n	1000166c <alarm_pool_alarm_callback+0xc4>
100015c6:	4bb4      	ldr	r3, [pc, #720]	; (10001898 <alarm_pool_alarm_callback+0x2f0>)
100015c8:	4ab4      	ldr	r2, [pc, #720]	; (1000189c <alarm_pool_alarm_callback+0x2f4>)
100015ca:	213f      	movs	r1, #63	; 0x3f
100015cc:	48b4      	ldr	r0, [pc, #720]	; (100018a0 <alarm_pool_alarm_callback+0x2f8>)
100015ce:	f001 f9a7 	bl	10002920 <__assert_func>
100015d2:	4bb4      	ldr	r3, [pc, #720]	; (100018a4 <alarm_pool_alarm_callback+0x2fc>)
100015d4:	4ab4      	ldr	r2, [pc, #720]	; (100018a8 <alarm_pool_alarm_callback+0x300>)
100015d6:	213c      	movs	r1, #60	; 0x3c
100015d8:	48b4      	ldr	r0, [pc, #720]	; (100018ac <alarm_pool_alarm_callback+0x304>)
100015da:	f001 f9a1 	bl	10002920 <__assert_func>
100015de:	2900      	cmp	r1, #0
100015e0:	d101      	bne.n	100015e6 <alarm_pool_alarm_callback+0x3e>
100015e2:	2800      	cmp	r0, #0
100015e4:	d169      	bne.n	100016ba <alarm_pool_alarm_callback+0x112>
100015e6:	2100      	movs	r1, #0
100015e8:	4640      	mov	r0, r8
100015ea:	f000 fed7 	bl	1000239c <ph_remove_head>
100015ee:	42a0      	cmp	r0, r4
100015f0:	d119      	bne.n	10001626 <alarm_pool_alarm_callback+0x7e>
100015f2:	682a      	ldr	r2, [r5, #0]
100015f4:	686b      	ldr	r3, [r5, #4]
100015f6:	9206      	str	r2, [sp, #24]
100015f8:	9307      	str	r3, [sp, #28]
100015fa:	68ab      	ldr	r3, [r5, #8]
100015fc:	4698      	mov	r8, r3
100015fe:	68eb      	ldr	r3, [r5, #12]
10001600:	469a      	mov	sl, r3
10001602:	4643      	mov	r3, r8
10001604:	2b00      	cmp	r3, #0
10001606:	d014      	beq.n	10001632 <alarm_pool_alarm_callback+0x8a>
10001608:	2c00      	cmp	r4, #0
1000160a:	d018      	beq.n	1000163e <alarm_pool_alarm_callback+0x96>
1000160c:	683b      	ldr	r3, [r7, #0]
1000160e:	7b1b      	ldrb	r3, [r3, #12]
10001610:	429c      	cmp	r4, r3
10001612:	d814      	bhi.n	1000163e <alarm_pool_alarm_callback+0x96>
10001614:	1e63      	subs	r3, r4, #1
10001616:	68fa      	ldr	r2, [r7, #12]
10001618:	5cd3      	ldrb	r3, [r2, r3]
1000161a:	9308      	str	r3, [sp, #32]
1000161c:	021b      	lsls	r3, r3, #8
1000161e:	4318      	orrs	r0, r3
10001620:	6138      	str	r0, [r7, #16]
10001622:	2000      	movs	r0, #0
10001624:	e015      	b.n	10001652 <alarm_pool_alarm_callback+0xaa>
10001626:	4ba2      	ldr	r3, [pc, #648]	; (100018b0 <alarm_pool_alarm_callback+0x308>)
10001628:	4aa2      	ldr	r2, [pc, #648]	; (100018b4 <alarm_pool_alarm_callback+0x30c>)
1000162a:	218e      	movs	r1, #142	; 0x8e
1000162c:	489f      	ldr	r0, [pc, #636]	; (100018ac <alarm_pool_alarm_callback+0x304>)
1000162e:	f001 f977 	bl	10002920 <__assert_func>
10001632:	4ba1      	ldr	r3, [pc, #644]	; (100018b8 <alarm_pool_alarm_callback+0x310>)
10001634:	4a9f      	ldr	r2, [pc, #636]	; (100018b4 <alarm_pool_alarm_callback+0x30c>)
10001636:	2192      	movs	r1, #146	; 0x92
10001638:	489c      	ldr	r0, [pc, #624]	; (100018ac <alarm_pool_alarm_callback+0x304>)
1000163a:	f001 f971 	bl	10002920 <__assert_func>
1000163e:	4b99      	ldr	r3, [pc, #612]	; (100018a4 <alarm_pool_alarm_callback+0x2fc>)
10001640:	4a9e      	ldr	r2, [pc, #632]	; (100018bc <alarm_pool_alarm_callback+0x314>)
10001642:	2141      	movs	r1, #65	; 0x41
10001644:	4899      	ldr	r0, [pc, #612]	; (100018ac <alarm_pool_alarm_callback+0x304>)
10001646:	f001 f96b 	bl	10002920 <__assert_func>
1000164a:	2300      	movs	r3, #0
1000164c:	469a      	mov	sl, r3
1000164e:	4698      	mov	r8, r3
10001650:	2000      	movs	r0, #0
10001652:	687b      	ldr	r3, [r7, #4]
10001654:	f3bf 8f5f 	dmb	sy
10001658:	2200      	movs	r2, #0
1000165a:	601a      	str	r2, [r3, #0]
1000165c:	f386 8810 	msr	PRIMASK, r6
10001660:	4643      	mov	r3, r8
10001662:	2b00      	cmp	r3, #0
10001664:	d132      	bne.n	100016cc <alarm_pool_alarm_callback+0x124>
10001666:	2800      	cmp	r0, #0
10001668:	d100      	bne.n	1000166c <alarm_pool_alarm_callback+0xc4>
1000166a:	e10c      	b.n	10001886 <alarm_pool_alarm_callback+0x2de>
1000166c:	f000 fc00 	bl	10001e70 <time_us_64>
10001670:	0002      	movs	r2, r0
10001672:	1e0b      	subs	r3, r1, #0
10001674:	dba7      	blt.n	100015c6 <alarm_pool_alarm_callback+0x1e>
10001676:	2000      	movs	r0, #0
10001678:	2100      	movs	r1, #0
1000167a:	9006      	str	r0, [sp, #24]
1000167c:	9107      	str	r1, [sp, #28]
1000167e:	6878      	ldr	r0, [r7, #4]
10001680:	f3ef 8610 	mrs	r6, PRIMASK
10001684:	b672      	cpsid	i
10001686:	6801      	ldr	r1, [r0, #0]
10001688:	2900      	cmp	r1, #0
1000168a:	d0fc      	beq.n	10001686 <alarm_pool_alarm_callback+0xde>
1000168c:	f3bf 8f5f 	dmb	sy
10001690:	6839      	ldr	r1, [r7, #0]
10001692:	4688      	mov	r8, r1
10001694:	7b4c      	ldrb	r4, [r1, #13]
10001696:	2c00      	cmp	r4, #0
10001698:	d0d7      	beq.n	1000164a <alarm_pool_alarm_callback+0xa2>
1000169a:	d09a      	beq.n	100015d2 <alarm_pool_alarm_callback+0x2a>
1000169c:	7b09      	ldrb	r1, [r1, #12]
1000169e:	428c      	cmp	r4, r1
100016a0:	d897      	bhi.n	100015d2 <alarm_pool_alarm_callback+0x2a>
100016a2:	4987      	ldr	r1, [pc, #540]	; (100018c0 <alarm_pool_alarm_callback+0x318>)
100016a4:	1865      	adds	r5, r4, r1
100016a6:	012d      	lsls	r5, r5, #4
100016a8:	68b9      	ldr	r1, [r7, #8]
100016aa:	468c      	mov	ip, r1
100016ac:	4465      	add	r5, ip
100016ae:	6828      	ldr	r0, [r5, #0]
100016b0:	6869      	ldr	r1, [r5, #4]
100016b2:	1a80      	subs	r0, r0, r2
100016b4:	4199      	sbcs	r1, r3
100016b6:	2900      	cmp	r1, #0
100016b8:	dd91      	ble.n	100015de <alarm_pool_alarm_callback+0x36>
100016ba:	682a      	ldr	r2, [r5, #0]
100016bc:	686b      	ldr	r3, [r5, #4]
100016be:	9809      	ldr	r0, [sp, #36]	; 0x24
100016c0:	f000 fc3e 	bl	10001f40 <hardware_alarm_set_target>
100016c4:	2300      	movs	r3, #0
100016c6:	469a      	mov	sl, r3
100016c8:	4698      	mov	r8, r3
100016ca:	e7c2      	b.n	10001652 <alarm_pool_alarm_callback+0xaa>
100016cc:	9b08      	ldr	r3, [sp, #32]
100016ce:	021b      	lsls	r3, r3, #8
100016d0:	4323      	orrs	r3, r4
100016d2:	4699      	mov	r9, r3
100016d4:	4651      	mov	r1, sl
100016d6:	0018      	movs	r0, r3
100016d8:	47c0      	blx	r8
100016da:	0005      	movs	r5, r0
100016dc:	000e      	movs	r6, r1
100016de:	687a      	ldr	r2, [r7, #4]
100016e0:	f3ef 8b10 	mrs	fp, PRIMASK
100016e4:	b672      	cpsid	i
100016e6:	6813      	ldr	r3, [r2, #0]
100016e8:	4259      	negs	r1, r3
100016ea:	414b      	adcs	r3, r1
100016ec:	b2d9      	uxtb	r1, r3
100016ee:	2b00      	cmp	r3, #0
100016f0:	d1f9      	bne.n	100016e6 <alarm_pool_alarm_callback+0x13e>
100016f2:	f3bf 8f5f 	dmb	sy
100016f6:	2e00      	cmp	r6, #0
100016f8:	db1e      	blt.n	10001738 <alarm_pool_alarm_callback+0x190>
100016fa:	2e00      	cmp	r6, #0
100016fc:	dd46      	ble.n	1000178c <alarm_pool_alarm_callback+0x1e4>
100016fe:	693b      	ldr	r3, [r7, #16]
10001700:	2b00      	cmp	r3, #0
10001702:	d047      	beq.n	10001794 <alarm_pool_alarm_callback+0x1ec>
10001704:	454b      	cmp	r3, r9
10001706:	d16d      	bne.n	100017e4 <alarm_pool_alarm_callback+0x23c>
10001708:	f000 fbb2 	bl	10001e70 <time_us_64>
1000170c:	0002      	movs	r2, r0
1000170e:	1e0b      	subs	r3, r1, #0
10001710:	db6e      	blt.n	100017f0 <alarm_pool_alarm_callback+0x248>
10001712:	1952      	adds	r2, r2, r5
10001714:	4173      	adcs	r3, r6
10001716:	2b00      	cmp	r3, #0
10001718:	db70      	blt.n	100017fc <alarm_pool_alarm_callback+0x254>
1000171a:	2b00      	cmp	r3, #0
1000171c:	db72      	blt.n	10001804 <alarm_pool_alarm_callback+0x25c>
1000171e:	2100      	movs	r1, #0
10001720:	9104      	str	r1, [sp, #16]
10001722:	3101      	adds	r1, #1
10001724:	9103      	str	r1, [sp, #12]
10001726:	9402      	str	r4, [sp, #8]
10001728:	4651      	mov	r1, sl
1000172a:	9101      	str	r1, [sp, #4]
1000172c:	4641      	mov	r1, r8
1000172e:	9100      	str	r1, [sp, #0]
10001730:	0038      	movs	r0, r7
10001732:	f7ff fe7f 	bl	10001434 <add_alarm_under_lock>
10001736:	e04c      	b.n	100017d2 <alarm_pool_alarm_callback+0x22a>
10001738:	693b      	ldr	r3, [r7, #16]
1000173a:	2b00      	cmp	r3, #0
1000173c:	d0dd      	beq.n	100016fa <alarm_pool_alarm_callback+0x152>
1000173e:	454b      	cmp	r3, r9
10001740:	d114      	bne.n	1000176c <alarm_pool_alarm_callback+0x1c4>
10001742:	9a06      	ldr	r2, [sp, #24]
10001744:	9b07      	ldr	r3, [sp, #28]
10001746:	1b52      	subs	r2, r2, r5
10001748:	41b3      	sbcs	r3, r6
1000174a:	2b00      	cmp	r3, #0
1000174c:	db14      	blt.n	10001778 <alarm_pool_alarm_callback+0x1d0>
1000174e:	2b00      	cmp	r3, #0
10001750:	db16      	blt.n	10001780 <alarm_pool_alarm_callback+0x1d8>
10001752:	2100      	movs	r1, #0
10001754:	9104      	str	r1, [sp, #16]
10001756:	3101      	adds	r1, #1
10001758:	9103      	str	r1, [sp, #12]
1000175a:	9402      	str	r4, [sp, #8]
1000175c:	4651      	mov	r1, sl
1000175e:	9101      	str	r1, [sp, #4]
10001760:	4641      	mov	r1, r8
10001762:	9100      	str	r1, [sp, #0]
10001764:	0038      	movs	r0, r7
10001766:	f7ff fe65 	bl	10001434 <add_alarm_under_lock>
1000176a:	e032      	b.n	100017d2 <alarm_pool_alarm_callback+0x22a>
1000176c:	4b55      	ldr	r3, [pc, #340]	; (100018c4 <alarm_pool_alarm_callback+0x31c>)
1000176e:	4a51      	ldr	r2, [pc, #324]	; (100018b4 <alarm_pool_alarm_callback+0x30c>)
10001770:	21a1      	movs	r1, #161	; 0xa1
10001772:	484e      	ldr	r0, [pc, #312]	; (100018ac <alarm_pool_alarm_callback+0x304>)
10001774:	f001 f8d4 	bl	10002920 <__assert_func>
10001778:	2201      	movs	r2, #1
1000177a:	4252      	negs	r2, r2
1000177c:	4b52      	ldr	r3, [pc, #328]	; (100018c8 <alarm_pool_alarm_callback+0x320>)
1000177e:	e7e6      	b.n	1000174e <alarm_pool_alarm_callback+0x1a6>
10001780:	4b45      	ldr	r3, [pc, #276]	; (10001898 <alarm_pool_alarm_callback+0x2f0>)
10001782:	4a46      	ldr	r2, [pc, #280]	; (1000189c <alarm_pool_alarm_callback+0x2f4>)
10001784:	213f      	movs	r1, #63	; 0x3f
10001786:	4846      	ldr	r0, [pc, #280]	; (100018a0 <alarm_pool_alarm_callback+0x2f8>)
10001788:	f001 f8ca 	bl	10002920 <__assert_func>
1000178c:	2e00      	cmp	r6, #0
1000178e:	d101      	bne.n	10001794 <alarm_pool_alarm_callback+0x1ec>
10001790:	2d00      	cmp	r5, #0
10001792:	d1b4      	bne.n	100016fe <alarm_pool_alarm_callback+0x156>
10001794:	683b      	ldr	r3, [r7, #0]
10001796:	2c00      	cmp	r4, #0
10001798:	d050      	beq.n	1000183c <alarm_pool_alarm_callback+0x294>
1000179a:	7b5a      	ldrb	r2, [r3, #13]
1000179c:	4294      	cmp	r4, r2
1000179e:	d137      	bne.n	10001810 <alarm_pool_alarm_callback+0x268>
100017a0:	2101      	movs	r1, #1
100017a2:	2900      	cmp	r1, #0
100017a4:	d14a      	bne.n	1000183c <alarm_pool_alarm_callback+0x294>
100017a6:	7bda      	ldrb	r2, [r3, #15]
100017a8:	2a00      	cmp	r2, #0
100017aa:	d14d      	bne.n	10001848 <alarm_pool_alarm_callback+0x2a0>
100017ac:	7b9a      	ldrb	r2, [r3, #14]
100017ae:	2a00      	cmp	r2, #0
100017b0:	d103      	bne.n	100017ba <alarm_pool_alarm_callback+0x212>
100017b2:	7bda      	ldrb	r2, [r3, #15]
100017b4:	2a00      	cmp	r2, #0
100017b6:	d15a      	bne.n	1000186e <alarm_pool_alarm_callback+0x2c6>
100017b8:	739c      	strb	r4, [r3, #14]
100017ba:	73dc      	strb	r4, [r3, #15]
100017bc:	2c00      	cmp	r4, #0
100017be:	d05c      	beq.n	1000187a <alarm_pool_alarm_callback+0x2d2>
100017c0:	683b      	ldr	r3, [r7, #0]
100017c2:	7b1b      	ldrb	r3, [r3, #12]
100017c4:	429c      	cmp	r4, r3
100017c6:	d858      	bhi.n	1000187a <alarm_pool_alarm_callback+0x2d2>
100017c8:	68fa      	ldr	r2, [r7, #12]
100017ca:	3c01      	subs	r4, #1
100017cc:	5d13      	ldrb	r3, [r2, r4]
100017ce:	3301      	adds	r3, #1
100017d0:	5513      	strb	r3, [r2, r4]
100017d2:	2300      	movs	r3, #0
100017d4:	613b      	str	r3, [r7, #16]
100017d6:	687a      	ldr	r2, [r7, #4]
100017d8:	f3bf 8f5f 	dmb	sy
100017dc:	6013      	str	r3, [r2, #0]
100017de:	f38b 8810 	msr	PRIMASK, fp
100017e2:	e743      	b.n	1000166c <alarm_pool_alarm_callback+0xc4>
100017e4:	4b37      	ldr	r3, [pc, #220]	; (100018c4 <alarm_pool_alarm_callback+0x31c>)
100017e6:	4a33      	ldr	r2, [pc, #204]	; (100018b4 <alarm_pool_alarm_callback+0x30c>)
100017e8:	21a4      	movs	r1, #164	; 0xa4
100017ea:	4830      	ldr	r0, [pc, #192]	; (100018ac <alarm_pool_alarm_callback+0x304>)
100017ec:	f001 f898 	bl	10002920 <__assert_func>
100017f0:	4b29      	ldr	r3, [pc, #164]	; (10001898 <alarm_pool_alarm_callback+0x2f0>)
100017f2:	4a2a      	ldr	r2, [pc, #168]	; (1000189c <alarm_pool_alarm_callback+0x2f4>)
100017f4:	213f      	movs	r1, #63	; 0x3f
100017f6:	482a      	ldr	r0, [pc, #168]	; (100018a0 <alarm_pool_alarm_callback+0x2f8>)
100017f8:	f001 f892 	bl	10002920 <__assert_func>
100017fc:	2201      	movs	r2, #1
100017fe:	4252      	negs	r2, r2
10001800:	4b31      	ldr	r3, [pc, #196]	; (100018c8 <alarm_pool_alarm_callback+0x320>)
10001802:	e78a      	b.n	1000171a <alarm_pool_alarm_callback+0x172>
10001804:	4b24      	ldr	r3, [pc, #144]	; (10001898 <alarm_pool_alarm_callback+0x2f0>)
10001806:	4a25      	ldr	r2, [pc, #148]	; (1000189c <alarm_pool_alarm_callback+0x2f4>)
10001808:	213f      	movs	r1, #63	; 0x3f
1000180a:	4825      	ldr	r0, [pc, #148]	; (100018a0 <alarm_pool_alarm_callback+0x2f8>)
1000180c:	f001 f888 	bl	10002920 <__assert_func>
10001810:	2c00      	cmp	r4, #0
10001812:	d00d      	beq.n	10001830 <alarm_pool_alarm_callback+0x288>
10001814:	7b1a      	ldrb	r2, [r3, #12]
10001816:	4294      	cmp	r4, r2
10001818:	d80a      	bhi.n	10001830 <alarm_pool_alarm_callback+0x288>
1000181a:	0062      	lsls	r2, r4, #1
1000181c:	1912      	adds	r2, r2, r4
1000181e:	3a03      	subs	r2, #3
10001820:	6818      	ldr	r0, [r3, #0]
10001822:	4684      	mov	ip, r0
10001824:	4462      	add	r2, ip
10001826:	7892      	ldrb	r2, [r2, #2]
10001828:	2a00      	cmp	r2, #0
1000182a:	d0ba      	beq.n	100017a2 <alarm_pool_alarm_callback+0x1fa>
1000182c:	2101      	movs	r1, #1
1000182e:	e7b8      	b.n	100017a2 <alarm_pool_alarm_callback+0x1fa>
10001830:	4b26      	ldr	r3, [pc, #152]	; (100018cc <alarm_pool_alarm_callback+0x324>)
10001832:	4a27      	ldr	r2, [pc, #156]	; (100018d0 <alarm_pool_alarm_callback+0x328>)
10001834:	2168      	movs	r1, #104	; 0x68
10001836:	4827      	ldr	r0, [pc, #156]	; (100018d4 <alarm_pool_alarm_callback+0x32c>)
10001838:	f001 f872 	bl	10002920 <__assert_func>
1000183c:	4b26      	ldr	r3, [pc, #152]	; (100018d8 <alarm_pool_alarm_callback+0x330>)
1000183e:	4a27      	ldr	r2, [pc, #156]	; (100018dc <alarm_pool_alarm_callback+0x334>)
10001840:	21f6      	movs	r1, #246	; 0xf6
10001842:	4824      	ldr	r0, [pc, #144]	; (100018d4 <alarm_pool_alarm_callback+0x32c>)
10001844:	f001 f86c 	bl	10002920 <__assert_func>
10001848:	2a00      	cmp	r2, #0
1000184a:	d00a      	beq.n	10001862 <alarm_pool_alarm_callback+0x2ba>
1000184c:	7b19      	ldrb	r1, [r3, #12]
1000184e:	428a      	cmp	r2, r1
10001850:	d807      	bhi.n	10001862 <alarm_pool_alarm_callback+0x2ba>
10001852:	0051      	lsls	r1, r2, #1
10001854:	188a      	adds	r2, r1, r2
10001856:	3a03      	subs	r2, #3
10001858:	6819      	ldr	r1, [r3, #0]
1000185a:	468c      	mov	ip, r1
1000185c:	4462      	add	r2, ip
1000185e:	7054      	strb	r4, [r2, #1]
10001860:	e7a4      	b.n	100017ac <alarm_pool_alarm_callback+0x204>
10001862:	4b1a      	ldr	r3, [pc, #104]	; (100018cc <alarm_pool_alarm_callback+0x324>)
10001864:	4a1a      	ldr	r2, [pc, #104]	; (100018d0 <alarm_pool_alarm_callback+0x328>)
10001866:	2168      	movs	r1, #104	; 0x68
10001868:	481a      	ldr	r0, [pc, #104]	; (100018d4 <alarm_pool_alarm_callback+0x32c>)
1000186a:	f001 f859 	bl	10002920 <__assert_func>
1000186e:	4b1c      	ldr	r3, [pc, #112]	; (100018e0 <alarm_pool_alarm_callback+0x338>)
10001870:	4a1a      	ldr	r2, [pc, #104]	; (100018dc <alarm_pool_alarm_callback+0x334>)
10001872:	21fb      	movs	r1, #251	; 0xfb
10001874:	4817      	ldr	r0, [pc, #92]	; (100018d4 <alarm_pool_alarm_callback+0x32c>)
10001876:	f001 f853 	bl	10002920 <__assert_func>
1000187a:	4b0a      	ldr	r3, [pc, #40]	; (100018a4 <alarm_pool_alarm_callback+0x2fc>)
1000187c:	4a0f      	ldr	r2, [pc, #60]	; (100018bc <alarm_pool_alarm_callback+0x314>)
1000187e:	2141      	movs	r1, #65	; 0x41
10001880:	480a      	ldr	r0, [pc, #40]	; (100018ac <alarm_pool_alarm_callback+0x304>)
10001882:	f001 f84d 	bl	10002920 <__assert_func>
10001886:	b00b      	add	sp, #44	; 0x2c
10001888:	bcf0      	pop	{r4, r5, r6, r7}
1000188a:	46bb      	mov	fp, r7
1000188c:	46b2      	mov	sl, r6
1000188e:	46a9      	mov	r9, r5
10001890:	46a0      	mov	r8, r4
10001892:	bdf0      	pop	{r4, r5, r6, r7, pc}
10001894:	200022e0 	.word	0x200022e0
10001898:	1000ad0c 	.word	0x1000ad0c
1000189c:	1000b0b4 	.word	0x1000b0b4
100018a0:	1000ad28 	.word	0x1000ad28
100018a4:	1000ae68 	.word	0x1000ae68
100018a8:	1000b0e8 	.word	0x1000b0e8
100018ac:	1000ae14 	.word	0x1000ae14
100018b0:	1000af68 	.word	0x1000af68
100018b4:	1000b0cc 	.word	0x1000b0cc
100018b8:	1000af80 	.word	0x1000af80
100018bc:	1000b10c 	.word	0x1000b10c
100018c0:	0fffffff 	.word	0x0fffffff
100018c4:	1000af8c 	.word	0x1000af8c
100018c8:	7fffffff 	.word	0x7fffffff
100018cc:	1000ae8c 	.word	0x1000ae8c
100018d0:	1000b154 	.word	0x1000b154
100018d4:	1000aea8 	.word	0x1000aea8
100018d8:	1000afc8 	.word	0x1000afc8
100018dc:	1000b120 	.word	0x1000b120
100018e0:	1000afec 	.word	0x1000afec

100018e4 <alarm_pool_init_default>:
100018e4:	b510      	push	{r4, lr}
100018e6:	4b0c      	ldr	r3, [pc, #48]	; (10001918 <alarm_pool_init_default+0x34>)
100018e8:	685b      	ldr	r3, [r3, #4]
100018ea:	2b00      	cmp	r3, #0
100018ec:	d004      	beq.n	100018f8 <alarm_pool_init_default+0x14>
100018ee:	210a      	movs	r1, #10
100018f0:	480a      	ldr	r0, [pc, #40]	; (1000191c <alarm_pool_init_default+0x38>)
100018f2:	f7ff fc7f 	bl	100011f4 <lock_init>
100018f6:	bd10      	pop	{r4, pc}
100018f8:	4c07      	ldr	r4, [pc, #28]	; (10001918 <alarm_pool_init_default+0x34>)
100018fa:	0023      	movs	r3, r4
100018fc:	4a08      	ldr	r2, [pc, #32]	; (10001920 <alarm_pool_init_default+0x3c>)
100018fe:	2110      	movs	r1, #16
10001900:	6820      	ldr	r0, [r4, #0]
10001902:	f000 fc5b 	bl	100021bc <ph_post_alloc_init>
10001906:	2003      	movs	r0, #3
10001908:	f000 faa6 	bl	10001e58 <hardware_alarm_claim>
1000190c:	2103      	movs	r1, #3
1000190e:	0020      	movs	r0, r4
10001910:	f7ff fca8 	bl	10001264 <alarm_pool_post_alloc_init>
10001914:	e7eb      	b.n	100018ee <alarm_pool_init_default+0xa>
10001916:	46c0      	nop			; (mov r8, r8)
10001918:	20000d10 	.word	0x20000d10
1000191c:	200024fc 	.word	0x200024fc
10001920:	100012d5 	.word	0x100012d5

10001924 <alarm_pool_get_default>:
10001924:	b510      	push	{r4, lr}
10001926:	4b06      	ldr	r3, [pc, #24]	; (10001940 <alarm_pool_get_default+0x1c>)
10001928:	685b      	ldr	r3, [r3, #4]
1000192a:	2b00      	cmp	r3, #0
1000192c:	d001      	beq.n	10001932 <alarm_pool_get_default+0xe>
1000192e:	4804      	ldr	r0, [pc, #16]	; (10001940 <alarm_pool_get_default+0x1c>)
10001930:	bd10      	pop	{r4, pc}
10001932:	4b04      	ldr	r3, [pc, #16]	; (10001944 <alarm_pool_get_default+0x20>)
10001934:	4a04      	ldr	r2, [pc, #16]	; (10001948 <alarm_pool_get_default+0x24>)
10001936:	215e      	movs	r1, #94	; 0x5e
10001938:	4804      	ldr	r0, [pc, #16]	; (1000194c <alarm_pool_get_default+0x28>)
1000193a:	f000 fff1 	bl	10002920 <__assert_func>
1000193e:	46c0      	nop			; (mov r8, r8)
10001940:	20000d10 	.word	0x20000d10
10001944:	1000b000 	.word	0x1000b000
10001948:	1000b0f4 	.word	0x1000b0f4
1000194c:	1000ae14 	.word	0x1000ae14

10001950 <alarm_pool_add_alarm_at>:
10001950:	b5f0      	push	{r4, r5, r6, r7, lr}
10001952:	46de      	mov	lr, fp
10001954:	4657      	mov	r7, sl
10001956:	464e      	mov	r6, r9
10001958:	4645      	mov	r5, r8
1000195a:	b5e0      	push	{r5, r6, r7, lr}
1000195c:	b08b      	sub	sp, #44	; 0x2c
1000195e:	4680      	mov	r8, r0
10001960:	0016      	movs	r6, r2
10001962:	001f      	movs	r7, r3
10001964:	9b14      	ldr	r3, [sp, #80]	; 0x50
10001966:	469a      	mov	sl, r3
10001968:	9b15      	ldr	r3, [sp, #84]	; 0x54
1000196a:	4699      	mov	r9, r3
1000196c:	ab16      	add	r3, sp, #88	; 0x58
1000196e:	781b      	ldrb	r3, [r3, #0]
10001970:	469b      	mov	fp, r3
10001972:	231f      	movs	r3, #31
10001974:	aa02      	add	r2, sp, #8
10001976:	4694      	mov	ip, r2
10001978:	4463      	add	r3, ip
1000197a:	2200      	movs	r2, #0
1000197c:	701a      	strb	r2, [r3, #0]
1000197e:	e02b      	b.n	100019d8 <alarm_pool_add_alarm_at+0x88>
10001980:	2800      	cmp	r0, #0
10001982:	d009      	beq.n	10001998 <alarm_pool_add_alarm_at+0x48>
10001984:	4642      	mov	r2, r8
10001986:	6812      	ldr	r2, [r2, #0]
10001988:	7b12      	ldrb	r2, [r2, #12]
1000198a:	4290      	cmp	r0, r2
1000198c:	d804      	bhi.n	10001998 <alarm_pool_add_alarm_at+0x48>
1000198e:	1e42      	subs	r2, r0, #1
10001990:	4641      	mov	r1, r8
10001992:	68c9      	ldr	r1, [r1, #12]
10001994:	5c8a      	ldrb	r2, [r1, r2]
10001996:	e041      	b.n	10001a1c <alarm_pool_add_alarm_at+0xcc>
10001998:	4b40      	ldr	r3, [pc, #256]	; (10001a9c <alarm_pool_add_alarm_at+0x14c>)
1000199a:	4a41      	ldr	r2, [pc, #260]	; (10001aa0 <alarm_pool_add_alarm_at+0x150>)
1000199c:	2141      	movs	r1, #65	; 0x41
1000199e:	4841      	ldr	r0, [pc, #260]	; (10001aa4 <alarm_pool_add_alarm_at+0x154>)
100019a0:	f000 ffbe 	bl	10002920 <__assert_func>
100019a4:	9807      	ldr	r0, [sp, #28]
100019a6:	e04c      	b.n	10001a42 <alarm_pool_add_alarm_at+0xf2>
100019a8:	1b36      	subs	r6, r6, r4
100019aa:	41af      	sbcs	r7, r5
100019ac:	2f00      	cmp	r7, #0
100019ae:	db07      	blt.n	100019c0 <alarm_pool_add_alarm_at+0x70>
100019b0:	2f00      	cmp	r7, #0
100019b2:	da11      	bge.n	100019d8 <alarm_pool_add_alarm_at+0x88>
100019b4:	4b3c      	ldr	r3, [pc, #240]	; (10001aa8 <alarm_pool_add_alarm_at+0x158>)
100019b6:	4a3d      	ldr	r2, [pc, #244]	; (10001aac <alarm_pool_add_alarm_at+0x15c>)
100019b8:	213f      	movs	r1, #63	; 0x3f
100019ba:	483d      	ldr	r0, [pc, #244]	; (10001ab0 <alarm_pool_add_alarm_at+0x160>)
100019bc:	f000 ffb0 	bl	10002920 <__assert_func>
100019c0:	2601      	movs	r6, #1
100019c2:	4276      	negs	r6, r6
100019c4:	4f3b      	ldr	r7, [pc, #236]	; (10001ab4 <alarm_pool_add_alarm_at+0x164>)
100019c6:	e7f3      	b.n	100019b0 <alarm_pool_add_alarm_at+0x60>
100019c8:	4b37      	ldr	r3, [pc, #220]	; (10001aa8 <alarm_pool_add_alarm_at+0x158>)
100019ca:	4a38      	ldr	r2, [pc, #224]	; (10001aac <alarm_pool_add_alarm_at+0x15c>)
100019cc:	213f      	movs	r1, #63	; 0x3f
100019ce:	4838      	ldr	r0, [pc, #224]	; (10001ab0 <alarm_pool_add_alarm_at+0x160>)
100019d0:	f000 ffa6 	bl	10002920 <__assert_func>
100019d4:	2f00      	cmp	r7, #0
100019d6:	db4f      	blt.n	10001a78 <alarm_pool_add_alarm_at+0x128>
100019d8:	4643      	mov	r3, r8
100019da:	685a      	ldr	r2, [r3, #4]
100019dc:	f3ef 8410 	mrs	r4, PRIMASK
100019e0:	b672      	cpsid	i
100019e2:	6813      	ldr	r3, [r2, #0]
100019e4:	4259      	negs	r1, r3
100019e6:	414b      	adcs	r3, r1
100019e8:	b2d9      	uxtb	r1, r3
100019ea:	9107      	str	r1, [sp, #28]
100019ec:	2b00      	cmp	r3, #0
100019ee:	d1f8      	bne.n	100019e2 <alarm_pool_add_alarm_at+0x92>
100019f0:	f3bf 8f5f 	dmb	sy
100019f4:	331f      	adds	r3, #31
100019f6:	aa02      	add	r2, sp, #8
100019f8:	4694      	mov	ip, r2
100019fa:	4463      	add	r3, ip
100019fc:	9304      	str	r3, [sp, #16]
100019fe:	2300      	movs	r3, #0
10001a00:	9303      	str	r3, [sp, #12]
10001a02:	9302      	str	r3, [sp, #8]
10001a04:	464b      	mov	r3, r9
10001a06:	9301      	str	r3, [sp, #4]
10001a08:	4653      	mov	r3, sl
10001a0a:	9300      	str	r3, [sp, #0]
10001a0c:	0032      	movs	r2, r6
10001a0e:	003b      	movs	r3, r7
10001a10:	4640      	mov	r0, r8
10001a12:	f7ff fd0f 	bl	10001434 <add_alarm_under_lock>
10001a16:	1e03      	subs	r3, r0, #0
10001a18:	d1b2      	bne.n	10001980 <alarm_pool_add_alarm_at+0x30>
10001a1a:	0002      	movs	r2, r0
10001a1c:	4641      	mov	r1, r8
10001a1e:	6849      	ldr	r1, [r1, #4]
10001a20:	f3bf 8f5f 	dmb	sy
10001a24:	2500      	movs	r5, #0
10001a26:	600d      	str	r5, [r1, #0]
10001a28:	f384 8810 	msr	PRIMASK, r4
10001a2c:	2b00      	cmp	r3, #0
10001a2e:	d029      	beq.n	10001a84 <alarm_pool_add_alarm_at+0x134>
10001a30:	231f      	movs	r3, #31
10001a32:	a902      	add	r1, sp, #8
10001a34:	468c      	mov	ip, r1
10001a36:	4463      	add	r3, ip
10001a38:	781b      	ldrb	r3, [r3, #0]
10001a3a:	2b00      	cmp	r3, #0
10001a3c:	d1b2      	bne.n	100019a4 <alarm_pool_add_alarm_at+0x54>
10001a3e:	0212      	lsls	r2, r2, #8
10001a40:	4310      	orrs	r0, r2
10001a42:	2b00      	cmp	r3, #0
10001a44:	d020      	beq.n	10001a88 <alarm_pool_add_alarm_at+0x138>
10001a46:	465b      	mov	r3, fp
10001a48:	2b00      	cmp	r3, #0
10001a4a:	d01d      	beq.n	10001a88 <alarm_pool_add_alarm_at+0x138>
10001a4c:	4649      	mov	r1, r9
10001a4e:	47d0      	blx	sl
10001a50:	0004      	movs	r4, r0
10001a52:	000d      	movs	r5, r1
10001a54:	0003      	movs	r3, r0
10001a56:	430b      	orrs	r3, r1
10001a58:	d01d      	beq.n	10001a96 <alarm_pool_add_alarm_at+0x146>
10001a5a:	2900      	cmp	r1, #0
10001a5c:	dba4      	blt.n	100019a8 <alarm_pool_add_alarm_at+0x58>
10001a5e:	f000 fa07 	bl	10001e70 <time_us_64>
10001a62:	0006      	movs	r6, r0
10001a64:	1e0f      	subs	r7, r1, #0
10001a66:	dbaf      	blt.n	100019c8 <alarm_pool_add_alarm_at+0x78>
10001a68:	1936      	adds	r6, r6, r4
10001a6a:	416f      	adcs	r7, r5
10001a6c:	2f00      	cmp	r7, #0
10001a6e:	dab1      	bge.n	100019d4 <alarm_pool_add_alarm_at+0x84>
10001a70:	2601      	movs	r6, #1
10001a72:	4276      	negs	r6, r6
10001a74:	4f0f      	ldr	r7, [pc, #60]	; (10001ab4 <alarm_pool_add_alarm_at+0x164>)
10001a76:	e7ad      	b.n	100019d4 <alarm_pool_add_alarm_at+0x84>
10001a78:	4b0b      	ldr	r3, [pc, #44]	; (10001aa8 <alarm_pool_add_alarm_at+0x158>)
10001a7a:	4a0c      	ldr	r2, [pc, #48]	; (10001aac <alarm_pool_add_alarm_at+0x15c>)
10001a7c:	213f      	movs	r1, #63	; 0x3f
10001a7e:	480c      	ldr	r0, [pc, #48]	; (10001ab0 <alarm_pool_add_alarm_at+0x160>)
10001a80:	f000 ff4e 	bl	10002920 <__assert_func>
10001a84:	2001      	movs	r0, #1
10001a86:	4240      	negs	r0, r0
10001a88:	b00b      	add	sp, #44	; 0x2c
10001a8a:	bcf0      	pop	{r4, r5, r6, r7}
10001a8c:	46bb      	mov	fp, r7
10001a8e:	46b2      	mov	sl, r6
10001a90:	46a9      	mov	r9, r5
10001a92:	46a0      	mov	r8, r4
10001a94:	bdf0      	pop	{r4, r5, r6, r7, pc}
10001a96:	9807      	ldr	r0, [sp, #28]
10001a98:	e7f6      	b.n	10001a88 <alarm_pool_add_alarm_at+0x138>
10001a9a:	46c0      	nop			; (mov r8, r8)
10001a9c:	1000ae68 	.word	0x1000ae68
10001aa0:	1000b10c 	.word	0x1000b10c
10001aa4:	1000ae14 	.word	0x1000ae14
10001aa8:	1000ad0c 	.word	0x1000ad0c
10001aac:	1000b0b4 	.word	0x1000b0b4
10001ab0:	1000ad28 	.word	0x1000ad28
10001ab4:	7fffffff 	.word	0x7fffffff

10001ab8 <alarm_pool_cancel_alarm>:
10001ab8:	b5f8      	push	{r3, r4, r5, r6, r7, lr}
10001aba:	0004      	movs	r4, r0
10001abc:	2900      	cmp	r1, #0
10001abe:	d100      	bne.n	10001ac2 <alarm_pool_cancel_alarm+0xa>
10001ac0:	e062      	b.n	10001b88 <alarm_pool_cancel_alarm+0xd0>
10001ac2:	6842      	ldr	r2, [r0, #4]
10001ac4:	f3ef 8510 	mrs	r5, PRIMASK
10001ac8:	b672      	cpsid	i
10001aca:	6813      	ldr	r3, [r2, #0]
10001acc:	4258      	negs	r0, r3
10001ace:	4143      	adcs	r3, r0
10001ad0:	b2d8      	uxtb	r0, r3
10001ad2:	2b00      	cmp	r3, #0
10001ad4:	d1f9      	bne.n	10001aca <alarm_pool_cancel_alarm+0x12>
10001ad6:	f3bf 8f5f 	dmb	sy
10001ada:	b2cb      	uxtb	r3, r1
10001adc:	6822      	ldr	r2, [r4, #0]
10001ade:	7b56      	ldrb	r6, [r2, #13]
10001ae0:	42b3      	cmp	r3, r6
10001ae2:	d11b      	bne.n	10001b1c <alarm_pool_cancel_alarm+0x64>
10001ae4:	2001      	movs	r0, #1
10001ae6:	2800      	cmp	r0, #0
10001ae8:	d048      	beq.n	10001b7c <alarm_pool_cancel_alarm+0xc4>
10001aea:	6920      	ldr	r0, [r4, #16]
10001aec:	4288      	cmp	r0, r1
10001aee:	d02b      	beq.n	10001b48 <alarm_pool_cancel_alarm+0x90>
10001af0:	0a09      	lsrs	r1, r1, #8
10001af2:	b2c9      	uxtb	r1, r1
10001af4:	2b00      	cmp	r3, #0
10001af6:	d02e      	beq.n	10001b56 <alarm_pool_cancel_alarm+0x9e>
10001af8:	6820      	ldr	r0, [r4, #0]
10001afa:	7b00      	ldrb	r0, [r0, #12]
10001afc:	4283      	cmp	r3, r0
10001afe:	d82a      	bhi.n	10001b56 <alarm_pool_cancel_alarm+0x9e>
10001b00:	1e58      	subs	r0, r3, #1
10001b02:	68e6      	ldr	r6, [r4, #12]
10001b04:	5c30      	ldrb	r0, [r6, r0]
10001b06:	4288      	cmp	r0, r1
10001b08:	d02b      	beq.n	10001b62 <alarm_pool_cancel_alarm+0xaa>
10001b0a:	2000      	movs	r0, #0
10001b0c:	6863      	ldr	r3, [r4, #4]
10001b0e:	f3bf 8f5f 	dmb	sy
10001b12:	2200      	movs	r2, #0
10001b14:	601a      	str	r2, [r3, #0]
10001b16:	f385 8810 	msr	PRIMASK, r5
10001b1a:	bdf8      	pop	{r3, r4, r5, r6, r7, pc}
10001b1c:	2b00      	cmp	r3, #0
10001b1e:	d00d      	beq.n	10001b3c <alarm_pool_cancel_alarm+0x84>
10001b20:	7b16      	ldrb	r6, [r2, #12]
10001b22:	42b3      	cmp	r3, r6
10001b24:	d80a      	bhi.n	10001b3c <alarm_pool_cancel_alarm+0x84>
10001b26:	005e      	lsls	r6, r3, #1
10001b28:	18f6      	adds	r6, r6, r3
10001b2a:	3e03      	subs	r6, #3
10001b2c:	6817      	ldr	r7, [r2, #0]
10001b2e:	46bc      	mov	ip, r7
10001b30:	4466      	add	r6, ip
10001b32:	78b6      	ldrb	r6, [r6, #2]
10001b34:	2e00      	cmp	r6, #0
10001b36:	d0d6      	beq.n	10001ae6 <alarm_pool_cancel_alarm+0x2e>
10001b38:	2001      	movs	r0, #1
10001b3a:	e7d4      	b.n	10001ae6 <alarm_pool_cancel_alarm+0x2e>
10001b3c:	4b13      	ldr	r3, [pc, #76]	; (10001b8c <alarm_pool_cancel_alarm+0xd4>)
10001b3e:	4a14      	ldr	r2, [pc, #80]	; (10001b90 <alarm_pool_cancel_alarm+0xd8>)
10001b40:	2168      	movs	r1, #104	; 0x68
10001b42:	4814      	ldr	r0, [pc, #80]	; (10001b94 <alarm_pool_cancel_alarm+0xdc>)
10001b44:	f000 feec 	bl	10002920 <__assert_func>
10001b48:	212c      	movs	r1, #44	; 0x2c
10001b4a:	4b13      	ldr	r3, [pc, #76]	; (10001b98 <alarm_pool_cancel_alarm+0xe0>)
10001b4c:	4a13      	ldr	r2, [pc, #76]	; (10001b9c <alarm_pool_cancel_alarm+0xe4>)
10001b4e:	31ff      	adds	r1, #255	; 0xff
10001b50:	4813      	ldr	r0, [pc, #76]	; (10001ba0 <alarm_pool_cancel_alarm+0xe8>)
10001b52:	f000 fee5 	bl	10002920 <__assert_func>
10001b56:	4b13      	ldr	r3, [pc, #76]	; (10001ba4 <alarm_pool_cancel_alarm+0xec>)
10001b58:	4a13      	ldr	r2, [pc, #76]	; (10001ba8 <alarm_pool_cancel_alarm+0xf0>)
10001b5a:	2141      	movs	r1, #65	; 0x41
10001b5c:	4810      	ldr	r0, [pc, #64]	; (10001ba0 <alarm_pool_cancel_alarm+0xe8>)
10001b5e:	f000 fedf 	bl	10002920 <__assert_func>
10001b62:	0019      	movs	r1, r3
10001b64:	0010      	movs	r0, r2
10001b66:	f000 fc23 	bl	100023b0 <ph_remove_and_free_node>
10001b6a:	2800      	cmp	r0, #0
10001b6c:	d1ce      	bne.n	10001b0c <alarm_pool_cancel_alarm+0x54>
10001b6e:	2199      	movs	r1, #153	; 0x99
10001b70:	4b0e      	ldr	r3, [pc, #56]	; (10001bac <alarm_pool_cancel_alarm+0xf4>)
10001b72:	4a0a      	ldr	r2, [pc, #40]	; (10001b9c <alarm_pool_cancel_alarm+0xe4>)
10001b74:	0049      	lsls	r1, r1, #1
10001b76:	480a      	ldr	r0, [pc, #40]	; (10001ba0 <alarm_pool_cancel_alarm+0xe8>)
10001b78:	f000 fed2 	bl	10002920 <__assert_func>
10001b7c:	6923      	ldr	r3, [r4, #16]
10001b7e:	428b      	cmp	r3, r1
10001b80:	d1c4      	bne.n	10001b0c <alarm_pool_cancel_alarm+0x54>
10001b82:	2300      	movs	r3, #0
10001b84:	6123      	str	r3, [r4, #16]
10001b86:	e7c1      	b.n	10001b0c <alarm_pool_cancel_alarm+0x54>
10001b88:	2000      	movs	r0, #0
10001b8a:	e7c6      	b.n	10001b1a <alarm_pool_cancel_alarm+0x62>
10001b8c:	1000ae8c 	.word	0x1000ae8c
10001b90:	1000b154 	.word	0x1000b154
10001b94:	1000aea8 	.word	0x1000aea8
10001b98:	1000b024 	.word	0x1000b024
10001b9c:	1000b09c 	.word	0x1000b09c
10001ba0:	1000ae14 	.word	0x1000ae14
10001ba4:	1000ae68 	.word	0x1000ae68
10001ba8:	1000b10c 	.word	0x1000b10c
10001bac:	1000b048 	.word	0x1000b048

10001bb0 <alarm_pool_core_num>:
10001bb0:	7d40      	ldrb	r0, [r0, #21]
10001bb2:	4770      	bx	lr

10001bb4 <sleep_until>:
10001bb4:	b5f0      	push	{r4, r5, r6, r7, lr}
10001bb6:	b087      	sub	sp, #28
10001bb8:	0006      	movs	r6, r0
10001bba:	000f      	movs	r7, r1
10001bbc:	f3ef 8305 	mrs	r3, IPSR
10001bc0:	2b00      	cmp	r3, #0
10001bc2:	d11f      	bne.n	10001c04 <sleep_until+0x50>
10001bc4:	2406      	movs	r4, #6
10001bc6:	4264      	negs	r4, r4
10001bc8:	17e5      	asrs	r5, r4, #31
10001bca:	19a4      	adds	r4, r4, r6
10001bcc:	417d      	adcs	r5, r7
10001bce:	428d      	cmp	r5, r1
10001bd0:	d802      	bhi.n	10001bd8 <sleep_until+0x24>
10001bd2:	d103      	bne.n	10001bdc <sleep_until+0x28>
10001bd4:	4284      	cmp	r4, r0
10001bd6:	d901      	bls.n	10001bdc <sleep_until+0x28>
10001bd8:	2400      	movs	r4, #0
10001bda:	2500      	movs	r5, #0
10001bdc:	2d00      	cmp	r5, #0
10001bde:	db14      	blt.n	10001c0a <sleep_until+0x56>
10001be0:	9404      	str	r4, [sp, #16]
10001be2:	9505      	str	r5, [sp, #20]
10001be4:	f000 f944 	bl	10001e70 <time_us_64>
10001be8:	0002      	movs	r2, r0
10001bea:	1e0b      	subs	r3, r1, #0
10001bec:	db13      	blt.n	10001c16 <sleep_until+0x62>
10001bee:	1aa4      	subs	r4, r4, r2
10001bf0:	419d      	sbcs	r5, r3
10001bf2:	2d00      	cmp	r5, #0
10001bf4:	dc17      	bgt.n	10001c26 <sleep_until+0x72>
10001bf6:	d014      	beq.n	10001c22 <sleep_until+0x6e>
10001bf8:	0030      	movs	r0, r6
10001bfa:	0039      	movs	r1, r7
10001bfc:	f000 f944 	bl	10001e88 <busy_wait_until>
10001c00:	b007      	add	sp, #28
10001c02:	bdf0      	pop	{r4, r5, r6, r7, pc}
10001c04:	4823      	ldr	r0, [pc, #140]	; (10001c94 <sleep_until+0xe0>)
10001c06:	f000 ff25 	bl	10002a54 <panic>
10001c0a:	4b23      	ldr	r3, [pc, #140]	; (10001c98 <sleep_until+0xe4>)
10001c0c:	4a23      	ldr	r2, [pc, #140]	; (10001c9c <sleep_until+0xe8>)
10001c0e:	213f      	movs	r1, #63	; 0x3f
10001c10:	4823      	ldr	r0, [pc, #140]	; (10001ca0 <sleep_until+0xec>)
10001c12:	f000 fe85 	bl	10002920 <__assert_func>
10001c16:	4b20      	ldr	r3, [pc, #128]	; (10001c98 <sleep_until+0xe4>)
10001c18:	4a20      	ldr	r2, [pc, #128]	; (10001c9c <sleep_until+0xe8>)
10001c1a:	213f      	movs	r1, #63	; 0x3f
10001c1c:	4820      	ldr	r0, [pc, #128]	; (10001ca0 <sleep_until+0xec>)
10001c1e:	f000 fe7f 	bl	10002920 <__assert_func>
10001c22:	2c00      	cmp	r4, #0
10001c24:	d0e8      	beq.n	10001bf8 <sleep_until+0x44>
10001c26:	f7ff fe7d 	bl	10001924 <alarm_pool_get_default>
10001c2a:	2300      	movs	r3, #0
10001c2c:	9302      	str	r3, [sp, #8]
10001c2e:	9301      	str	r3, [sp, #4]
10001c30:	4b1c      	ldr	r3, [pc, #112]	; (10001ca4 <sleep_until+0xf0>)
10001c32:	9300      	str	r3, [sp, #0]
10001c34:	9a04      	ldr	r2, [sp, #16]
10001c36:	9b05      	ldr	r3, [sp, #20]
10001c38:	f7ff fe8a 	bl	10001950 <alarm_pool_add_alarm_at>
10001c3c:	2800      	cmp	r0, #0
10001c3e:	da18      	bge.n	10001c72 <sleep_until+0xbe>
10001c40:	e7da      	b.n	10001bf8 <sleep_until+0x44>
10001c42:	2300      	movs	r3, #0
10001c44:	e000      	b.n	10001c48 <sleep_until+0x94>
10001c46:	2300      	movs	r3, #0
10001c48:	2b00      	cmp	r3, #0
10001c4a:	d1d5      	bne.n	10001bf8 <sleep_until+0x44>
10001c4c:	4b16      	ldr	r3, [pc, #88]	; (10001ca8 <sleep_until+0xf4>)
10001c4e:	681a      	ldr	r2, [r3, #0]
10001c50:	f3ef 8110 	mrs	r1, PRIMASK
10001c54:	b672      	cpsid	i
10001c56:	6813      	ldr	r3, [r2, #0]
10001c58:	2b00      	cmp	r3, #0
10001c5a:	d0fc      	beq.n	10001c56 <sleep_until+0xa2>
10001c5c:	f3bf 8f5f 	dmb	sy
10001c60:	4b11      	ldr	r3, [pc, #68]	; (10001ca8 <sleep_until+0xf4>)
10001c62:	681b      	ldr	r3, [r3, #0]
10001c64:	f3bf 8f5f 	dmb	sy
10001c68:	2200      	movs	r2, #0
10001c6a:	601a      	str	r2, [r3, #0]
10001c6c:	f381 8810 	msr	PRIMASK, r1
10001c70:	bf20      	wfe
10001c72:	9904      	ldr	r1, [sp, #16]
10001c74:	9a05      	ldr	r2, [sp, #20]
10001c76:	4b0d      	ldr	r3, [pc, #52]	; (10001cac <sleep_until+0xf8>)
10001c78:	6a5b      	ldr	r3, [r3, #36]	; 0x24
10001c7a:	429a      	cmp	r2, r3
10001c7c:	d8e3      	bhi.n	10001c46 <sleep_until+0x92>
10001c7e:	480b      	ldr	r0, [pc, #44]	; (10001cac <sleep_until+0xf8>)
10001c80:	6a80      	ldr	r0, [r0, #40]	; 0x28
10001c82:	4288      	cmp	r0, r1
10001c84:	d203      	bcs.n	10001c8e <sleep_until+0xda>
10001c86:	429a      	cmp	r2, r3
10001c88:	d0db      	beq.n	10001c42 <sleep_until+0x8e>
10001c8a:	2301      	movs	r3, #1
10001c8c:	e7dc      	b.n	10001c48 <sleep_until+0x94>
10001c8e:	2301      	movs	r3, #1
10001c90:	e7da      	b.n	10001c48 <sleep_until+0x94>
10001c92:	46c0      	nop			; (mov r8, r8)
10001c94:	1000b04c 	.word	0x1000b04c
10001c98:	1000ad0c 	.word	0x1000ad0c
10001c9c:	1000b0b4 	.word	0x1000b0b4
10001ca0:	1000ad28 	.word	0x1000ad28
10001ca4:	100012a5 	.word	0x100012a5
10001ca8:	200024fc 	.word	0x200024fc
10001cac:	40054000 	.word	0x40054000

10001cb0 <sleep_us>:
10001cb0:	b570      	push	{r4, r5, r6, lr}
10001cb2:	0004      	movs	r4, r0
10001cb4:	000d      	movs	r5, r1
10001cb6:	f000 f8db 	bl	10001e70 <time_us_64>
10001cba:	0002      	movs	r2, r0
10001cbc:	1e0b      	subs	r3, r1, #0
10001cbe:	db0a      	blt.n	10001cd6 <sleep_us+0x26>
10001cc0:	0020      	movs	r0, r4
10001cc2:	0029      	movs	r1, r5
10001cc4:	1880      	adds	r0, r0, r2
10001cc6:	4159      	adcs	r1, r3
10001cc8:	2900      	cmp	r1, #0
10001cca:	db0a      	blt.n	10001ce2 <sleep_us+0x32>
10001ccc:	2900      	cmp	r1, #0
10001cce:	db0c      	blt.n	10001cea <sleep_us+0x3a>
10001cd0:	f7ff ff70 	bl	10001bb4 <sleep_until>
10001cd4:	bd70      	pop	{r4, r5, r6, pc}
10001cd6:	4b08      	ldr	r3, [pc, #32]	; (10001cf8 <sleep_us+0x48>)
10001cd8:	4a08      	ldr	r2, [pc, #32]	; (10001cfc <sleep_us+0x4c>)
10001cda:	213f      	movs	r1, #63	; 0x3f
10001cdc:	4808      	ldr	r0, [pc, #32]	; (10001d00 <sleep_us+0x50>)
10001cde:	f000 fe1f 	bl	10002920 <__assert_func>
10001ce2:	2001      	movs	r0, #1
10001ce4:	4240      	negs	r0, r0
10001ce6:	4907      	ldr	r1, [pc, #28]	; (10001d04 <sleep_us+0x54>)
10001ce8:	e7f0      	b.n	10001ccc <sleep_us+0x1c>
10001cea:	4b03      	ldr	r3, [pc, #12]	; (10001cf8 <sleep_us+0x48>)
10001cec:	4a03      	ldr	r2, [pc, #12]	; (10001cfc <sleep_us+0x4c>)
10001cee:	213f      	movs	r1, #63	; 0x3f
10001cf0:	4803      	ldr	r0, [pc, #12]	; (10001d00 <sleep_us+0x50>)
10001cf2:	f000 fe15 	bl	10002920 <__assert_func>
10001cf6:	46c0      	nop			; (mov r8, r8)
10001cf8:	1000ad0c 	.word	0x1000ad0c
10001cfc:	1000b0b4 	.word	0x1000b0b4
10001d00:	1000ad28 	.word	0x1000ad28
10001d04:	7fffffff 	.word	0x7fffffff

10001d08 <sleep_ms>:
10001d08:	b510      	push	{r4, lr}
10001d0a:	22fa      	movs	r2, #250	; 0xfa
10001d0c:	0092      	lsls	r2, r2, #2
10001d0e:	2300      	movs	r3, #0
10001d10:	2100      	movs	r1, #0
10001d12:	f002 ff17 	bl	10004b44 <__wrap___aeabi_lmul>
10001d16:	f7ff ffcb 	bl	10001cb0 <sleep_us>
10001d1a:	bd10      	pop	{r4, pc}

10001d1c <best_effort_wfe_or_timeout>:
10001d1c:	b570      	push	{r4, r5, r6, lr}
10001d1e:	b084      	sub	sp, #16
10001d20:	0005      	movs	r5, r0
10001d22:	000c      	movs	r4, r1
10001d24:	f3ef 8305 	mrs	r3, IPSR
10001d28:	2b00      	cmp	r3, #0
10001d2a:	d11e      	bne.n	10001d6a <best_effort_wfe_or_timeout+0x4e>
10001d2c:	f7ff fdfa 	bl	10001924 <alarm_pool_get_default>
10001d30:	2300      	movs	r3, #0
10001d32:	9302      	str	r3, [sp, #8]
10001d34:	9301      	str	r3, [sp, #4]
10001d36:	4b22      	ldr	r3, [pc, #136]	; (10001dc0 <best_effort_wfe_or_timeout+0xa4>)
10001d38:	9300      	str	r3, [sp, #0]
10001d3a:	002a      	movs	r2, r5
10001d3c:	0023      	movs	r3, r4
10001d3e:	f7ff fe07 	bl	10001950 <alarm_pool_add_alarm_at>
10001d42:	1e06      	subs	r6, r0, #0
10001d44:	dd23      	ble.n	10001d8e <best_effort_wfe_or_timeout+0x72>
10001d46:	bf20      	wfe
10001d48:	f7ff fdec 	bl	10001924 <alarm_pool_get_default>
10001d4c:	0031      	movs	r1, r6
10001d4e:	f7ff feb3 	bl	10001ab8 <alarm_pool_cancel_alarm>
10001d52:	4b1c      	ldr	r3, [pc, #112]	; (10001dc4 <best_effort_wfe_or_timeout+0xa8>)
10001d54:	6a5b      	ldr	r3, [r3, #36]	; 0x24
10001d56:	429c      	cmp	r4, r3
10001d58:	d82d      	bhi.n	10001db6 <best_effort_wfe_or_timeout+0x9a>
10001d5a:	4a1a      	ldr	r2, [pc, #104]	; (10001dc4 <best_effort_wfe_or_timeout+0xa8>)
10001d5c:	6a92      	ldr	r2, [r2, #40]	; 0x28
10001d5e:	42aa      	cmp	r2, r5
10001d60:	d22c      	bcs.n	10001dbc <best_effort_wfe_or_timeout+0xa0>
10001d62:	429c      	cmp	r4, r3
10001d64:	d025      	beq.n	10001db2 <best_effort_wfe_or_timeout+0x96>
10001d66:	2001      	movs	r0, #1
10001d68:	e026      	b.n	10001db8 <best_effort_wfe_or_timeout+0x9c>
10001d6a:	4b16      	ldr	r3, [pc, #88]	; (10001dc4 <best_effort_wfe_or_timeout+0xa8>)
10001d6c:	6a5b      	ldr	r3, [r3, #36]	; 0x24
10001d6e:	4299      	cmp	r1, r3
10001d70:	d809      	bhi.n	10001d86 <best_effort_wfe_or_timeout+0x6a>
10001d72:	4a14      	ldr	r2, [pc, #80]	; (10001dc4 <best_effort_wfe_or_timeout+0xa8>)
10001d74:	6a92      	ldr	r2, [r2, #40]	; 0x28
10001d76:	4282      	cmp	r2, r0
10001d78:	d207      	bcs.n	10001d8a <best_effort_wfe_or_timeout+0x6e>
10001d7a:	4299      	cmp	r1, r3
10001d7c:	d001      	beq.n	10001d82 <best_effort_wfe_or_timeout+0x66>
10001d7e:	2001      	movs	r0, #1
10001d80:	e01a      	b.n	10001db8 <best_effort_wfe_or_timeout+0x9c>
10001d82:	2000      	movs	r0, #0
10001d84:	e018      	b.n	10001db8 <best_effort_wfe_or_timeout+0x9c>
10001d86:	2000      	movs	r0, #0
10001d88:	e016      	b.n	10001db8 <best_effort_wfe_or_timeout+0x9c>
10001d8a:	2001      	movs	r0, #1
10001d8c:	e014      	b.n	10001db8 <best_effort_wfe_or_timeout+0x9c>
10001d8e:	4b0d      	ldr	r3, [pc, #52]	; (10001dc4 <best_effort_wfe_or_timeout+0xa8>)
10001d90:	6a5b      	ldr	r3, [r3, #36]	; 0x24
10001d92:	429c      	cmp	r4, r3
10001d94:	d809      	bhi.n	10001daa <best_effort_wfe_or_timeout+0x8e>
10001d96:	4a0b      	ldr	r2, [pc, #44]	; (10001dc4 <best_effort_wfe_or_timeout+0xa8>)
10001d98:	6a92      	ldr	r2, [r2, #40]	; 0x28
10001d9a:	42aa      	cmp	r2, r5
10001d9c:	d207      	bcs.n	10001dae <best_effort_wfe_or_timeout+0x92>
10001d9e:	429c      	cmp	r4, r3
10001da0:	d001      	beq.n	10001da6 <best_effort_wfe_or_timeout+0x8a>
10001da2:	2001      	movs	r0, #1
10001da4:	e008      	b.n	10001db8 <best_effort_wfe_or_timeout+0x9c>
10001da6:	2000      	movs	r0, #0
10001da8:	e006      	b.n	10001db8 <best_effort_wfe_or_timeout+0x9c>
10001daa:	2000      	movs	r0, #0
10001dac:	e004      	b.n	10001db8 <best_effort_wfe_or_timeout+0x9c>
10001dae:	2001      	movs	r0, #1
10001db0:	e002      	b.n	10001db8 <best_effort_wfe_or_timeout+0x9c>
10001db2:	2000      	movs	r0, #0
10001db4:	e000      	b.n	10001db8 <best_effort_wfe_or_timeout+0x9c>
10001db6:	2000      	movs	r0, #0
10001db8:	b004      	add	sp, #16
10001dba:	bd70      	pop	{r4, r5, r6, pc}
10001dbc:	2001      	movs	r0, #1
10001dbe:	e7fb      	b.n	10001db8 <best_effort_wfe_or_timeout+0x9c>
10001dc0:	100012a5 	.word	0x100012a5
10001dc4:	40054000 	.word	0x40054000

10001dc8 <hardware_alarm_irq_handler>:
10001dc8:	b570      	push	{r4, r5, r6, lr}
10001dca:	f3ef 8005 	mrs	r0, IPSR
10001dce:	3810      	subs	r0, #16
10001dd0:	f3ef 8c10 	mrs	ip, PRIMASK
10001dd4:	b672      	cpsid	i
10001dd6:	4b1a      	ldr	r3, [pc, #104]	; (10001e40 <hardware_alarm_irq_handler+0x78>)
10001dd8:	681b      	ldr	r3, [r3, #0]
10001dda:	2b00      	cmp	r3, #0
10001ddc:	d0fb      	beq.n	10001dd6 <hardware_alarm_irq_handler+0xe>
10001dde:	f3bf 8f5f 	dmb	sy
10001de2:	2201      	movs	r2, #1
10001de4:	0013      	movs	r3, r2
10001de6:	4083      	lsls	r3, r0
10001de8:	4916      	ldr	r1, [pc, #88]	; (10001e44 <hardware_alarm_irq_handler+0x7c>)
10001dea:	634b      	str	r3, [r1, #52]	; 0x34
10001dec:	4916      	ldr	r1, [pc, #88]	; (10001e48 <hardware_alarm_irq_handler+0x80>)
10001dee:	600b      	str	r3, [r1, #0]
10001df0:	4916      	ldr	r1, [pc, #88]	; (10001e4c <hardware_alarm_irq_handler+0x84>)
10001df2:	7809      	ldrb	r1, [r1, #0]
10001df4:	000c      	movs	r4, r1
10001df6:	40c4      	lsrs	r4, r0
10001df8:	4222      	tst	r2, r4
10001dfa:	d014      	beq.n	10001e26 <hardware_alarm_irq_handler+0x5e>
10001dfc:	4a11      	ldr	r2, [pc, #68]	; (10001e44 <hardware_alarm_irq_handler+0x7c>)
10001dfe:	6a54      	ldr	r4, [r2, #36]	; 0x24
10001e00:	0082      	lsls	r2, r0, #2
10001e02:	4d13      	ldr	r5, [pc, #76]	; (10001e50 <hardware_alarm_irq_handler+0x88>)
10001e04:	5952      	ldr	r2, [r2, r5]
10001e06:	4294      	cmp	r4, r2
10001e08:	d306      	bcc.n	10001e18 <hardware_alarm_irq_handler+0x50>
10001e0a:	0082      	lsls	r2, r0, #2
10001e0c:	4c11      	ldr	r4, [pc, #68]	; (10001e54 <hardware_alarm_irq_handler+0x8c>)
10001e0e:	5912      	ldr	r2, [r2, r4]
10001e10:	4399      	bics	r1, r3
10001e12:	4b0e      	ldr	r3, [pc, #56]	; (10001e4c <hardware_alarm_irq_handler+0x84>)
10001e14:	7019      	strb	r1, [r3, #0]
10001e16:	e007      	b.n	10001e28 <hardware_alarm_irq_handler+0x60>
10001e18:	4a0a      	ldr	r2, [pc, #40]	; (10001e44 <hardware_alarm_irq_handler+0x7c>)
10001e1a:	1d03      	adds	r3, r0, #4
10001e1c:	009b      	lsls	r3, r3, #2
10001e1e:	5899      	ldr	r1, [r3, r2]
10001e20:	5099      	str	r1, [r3, r2]
10001e22:	2200      	movs	r2, #0
10001e24:	e000      	b.n	10001e28 <hardware_alarm_irq_handler+0x60>
10001e26:	2200      	movs	r2, #0
10001e28:	f3bf 8f5f 	dmb	sy
10001e2c:	4b04      	ldr	r3, [pc, #16]	; (10001e40 <hardware_alarm_irq_handler+0x78>)
10001e2e:	2100      	movs	r1, #0
10001e30:	6019      	str	r1, [r3, #0]
10001e32:	f38c 8810 	msr	PRIMASK, ip
10001e36:	2a00      	cmp	r2, #0
10001e38:	d000      	beq.n	10001e3c <hardware_alarm_irq_handler+0x74>
10001e3a:	4790      	blx	r2
10001e3c:	bd70      	pop	{r4, r5, r6, pc}
10001e3e:	46c0      	nop			; (mov r8, r8)
10001e40:	d0000128 	.word	0xd0000128
10001e44:	40054000 	.word	0x40054000
10001e48:	4005703c 	.word	0x4005703c
10001e4c:	20002532 	.word	0x20002532
10001e50:	20002508 	.word	0x20002508
10001e54:	20001d10 	.word	0x20001d10

10001e58 <hardware_alarm_claim>:
10001e58:	b510      	push	{r4, lr}
10001e5a:	0001      	movs	r1, r0
10001e5c:	4a02      	ldr	r2, [pc, #8]	; (10001e68 <hardware_alarm_claim+0x10>)
10001e5e:	4803      	ldr	r0, [pc, #12]	; (10001e6c <hardware_alarm_claim+0x14>)
10001e60:	f7fe fe06 	bl	10000a70 <hw_claim_or_assert>
10001e64:	bd10      	pop	{r4, pc}
10001e66:	46c0      	nop			; (mov r8, r8)
10001e68:	1000b178 	.word	0x1000b178
10001e6c:	2000252c 	.word	0x2000252c

10001e70 <time_us_64>:
10001e70:	4b04      	ldr	r3, [pc, #16]	; (10001e84 <time_us_64+0x14>)
10001e72:	6a5b      	ldr	r3, [r3, #36]	; 0x24
10001e74:	4a03      	ldr	r2, [pc, #12]	; (10001e84 <time_us_64+0x14>)
10001e76:	6a90      	ldr	r0, [r2, #40]	; 0x28
10001e78:	0019      	movs	r1, r3
10001e7a:	6a53      	ldr	r3, [r2, #36]	; 0x24
10001e7c:	4299      	cmp	r1, r3
10001e7e:	d1f9      	bne.n	10001e74 <time_us_64+0x4>
10001e80:	4770      	bx	lr
10001e82:	46c0      	nop			; (mov r8, r8)
10001e84:	40054000 	.word	0x40054000

10001e88 <busy_wait_until>:
10001e88:	4b08      	ldr	r3, [pc, #32]	; (10001eac <busy_wait_until+0x24>)
10001e8a:	6a5b      	ldr	r3, [r3, #36]	; 0x24
10001e8c:	e001      	b.n	10001e92 <busy_wait_until+0xa>
10001e8e:	4b07      	ldr	r3, [pc, #28]	; (10001eac <busy_wait_until+0x24>)
10001e90:	6a5b      	ldr	r3, [r3, #36]	; 0x24
10001e92:	428b      	cmp	r3, r1
10001e94:	d3fb      	bcc.n	10001e8e <busy_wait_until+0x6>
10001e96:	e001      	b.n	10001e9c <busy_wait_until+0x14>
10001e98:	4b04      	ldr	r3, [pc, #16]	; (10001eac <busy_wait_until+0x24>)
10001e9a:	6a5b      	ldr	r3, [r3, #36]	; 0x24
10001e9c:	428b      	cmp	r3, r1
10001e9e:	d103      	bne.n	10001ea8 <busy_wait_until+0x20>
10001ea0:	4b02      	ldr	r3, [pc, #8]	; (10001eac <busy_wait_until+0x24>)
10001ea2:	6a9b      	ldr	r3, [r3, #40]	; 0x28
10001ea4:	4283      	cmp	r3, r0
10001ea6:	d3f7      	bcc.n	10001e98 <busy_wait_until+0x10>
10001ea8:	4770      	bx	lr
10001eaa:	46c0      	nop			; (mov r8, r8)
10001eac:	40054000 	.word	0x40054000

10001eb0 <hardware_alarm_set_callback>:
10001eb0:	b570      	push	{r4, r5, r6, lr}
10001eb2:	0004      	movs	r4, r0
10001eb4:	000d      	movs	r5, r1
10001eb6:	f3ef 8610 	mrs	r6, PRIMASK
10001eba:	b672      	cpsid	i
10001ebc:	4b1b      	ldr	r3, [pc, #108]	; (10001f2c <hardware_alarm_set_callback+0x7c>)
10001ebe:	681b      	ldr	r3, [r3, #0]
10001ec0:	2b00      	cmp	r3, #0
10001ec2:	d0fb      	beq.n	10001ebc <hardware_alarm_set_callback+0xc>
10001ec4:	f3bf 8f5f 	dmb	sy
10001ec8:	2d00      	cmp	r5, #0
10001eca:	d01c      	beq.n	10001f06 <hardware_alarm_set_callback+0x56>
10001ecc:	0020      	movs	r0, r4
10001ece:	f7fe fec3 	bl	10000c58 <irq_get_vtable_handler>
10001ed2:	4b17      	ldr	r3, [pc, #92]	; (10001f30 <hardware_alarm_set_callback+0x80>)
10001ed4:	4283      	cmp	r3, r0
10001ed6:	d00b      	beq.n	10001ef0 <hardware_alarm_set_callback+0x40>
10001ed8:	0019      	movs	r1, r3
10001eda:	0020      	movs	r0, r4
10001edc:	f7fe fed6 	bl	10000c8c <irq_set_exclusive_handler>
10001ee0:	2101      	movs	r1, #1
10001ee2:	0020      	movs	r0, r4
10001ee4:	f7fe fea8 	bl	10000c38 <irq_set_enabled>
10001ee8:	2301      	movs	r3, #1
10001eea:	40a3      	lsls	r3, r4
10001eec:	4a11      	ldr	r2, [pc, #68]	; (10001f34 <hardware_alarm_set_callback+0x84>)
10001eee:	6013      	str	r3, [r2, #0]
10001ef0:	00a4      	lsls	r4, r4, #2
10001ef2:	4b11      	ldr	r3, [pc, #68]	; (10001f38 <hardware_alarm_set_callback+0x88>)
10001ef4:	50e5      	str	r5, [r4, r3]
10001ef6:	f3bf 8f5f 	dmb	sy
10001efa:	4b0c      	ldr	r3, [pc, #48]	; (10001f2c <hardware_alarm_set_callback+0x7c>)
10001efc:	2200      	movs	r2, #0
10001efe:	601a      	str	r2, [r3, #0]
10001f00:	f386 8810 	msr	PRIMASK, r6
10001f04:	bd70      	pop	{r4, r5, r6, pc}
10001f06:	00a2      	lsls	r2, r4, #2
10001f08:	4b0b      	ldr	r3, [pc, #44]	; (10001f38 <hardware_alarm_set_callback+0x88>)
10001f0a:	2100      	movs	r1, #0
10001f0c:	50d1      	str	r1, [r2, r3]
10001f0e:	2201      	movs	r2, #1
10001f10:	40a2      	lsls	r2, r4
10001f12:	490a      	ldr	r1, [pc, #40]	; (10001f3c <hardware_alarm_set_callback+0x8c>)
10001f14:	780b      	ldrb	r3, [r1, #0]
10001f16:	4393      	bics	r3, r2
10001f18:	700b      	strb	r3, [r1, #0]
10001f1a:	4905      	ldr	r1, [pc, #20]	; (10001f30 <hardware_alarm_set_callback+0x80>)
10001f1c:	0020      	movs	r0, r4
10001f1e:	f7fe fff9 	bl	10000f14 <irq_remove_handler>
10001f22:	2100      	movs	r1, #0
10001f24:	0020      	movs	r0, r4
10001f26:	f7fe fe87 	bl	10000c38 <irq_set_enabled>
10001f2a:	e7e4      	b.n	10001ef6 <hardware_alarm_set_callback+0x46>
10001f2c:	d0000128 	.word	0xd0000128
10001f30:	10001dc9 	.word	0x10001dc9
10001f34:	40056038 	.word	0x40056038
10001f38:	20001d10 	.word	0x20001d10
10001f3c:	20002532 	.word	0x20002532

10001f40 <hardware_alarm_set_target>:
10001f40:	b5f0      	push	{r4, r5, r6, r7, lr}
10001f42:	46de      	mov	lr, fp
10001f44:	b500      	push	{lr}
10001f46:	b084      	sub	sp, #16
10001f48:	0004      	movs	r4, r0
10001f4a:	0015      	movs	r5, r2
10001f4c:	9201      	str	r2, [sp, #4]
10001f4e:	001e      	movs	r6, r3
10001f50:	9302      	str	r3, [sp, #8]
10001f52:	f7ff ff8d 	bl	10001e70 <time_us_64>
10001f56:	9503      	str	r5, [sp, #12]
10001f58:	428e      	cmp	r6, r1
10001f5a:	d802      	bhi.n	10001f62 <hardware_alarm_set_target+0x22>
10001f5c:	d14e      	bne.n	10001ffc <hardware_alarm_set_target+0xbc>
10001f5e:	4285      	cmp	r5, r0
10001f60:	d94c      	bls.n	10001ffc <hardware_alarm_set_target+0xbc>
10001f62:	f3ef 8b10 	mrs	fp, PRIMASK
10001f66:	b672      	cpsid	i
10001f68:	4b27      	ldr	r3, [pc, #156]	; (10002008 <hardware_alarm_set_target+0xc8>)
10001f6a:	681b      	ldr	r3, [r3, #0]
10001f6c:	2b00      	cmp	r3, #0
10001f6e:	d0fb      	beq.n	10001f68 <hardware_alarm_set_target+0x28>
10001f70:	f3bf 8f5f 	dmb	sy
10001f74:	4a25      	ldr	r2, [pc, #148]	; (1000200c <hardware_alarm_set_target+0xcc>)
10001f76:	7817      	ldrb	r7, [r2, #0]
10001f78:	2501      	movs	r5, #1
10001f7a:	40a5      	lsls	r5, r4
10001f7c:	b2eb      	uxtb	r3, r5
10001f7e:	433b      	orrs	r3, r7
10001f80:	7013      	strb	r3, [r2, #0]
10001f82:	4b23      	ldr	r3, [pc, #140]	; (10002010 <hardware_alarm_set_target+0xd0>)
10001f84:	635d      	str	r5, [r3, #52]	; 0x34
10001f86:	1d22      	adds	r2, r4, #4
10001f88:	0092      	lsls	r2, r2, #2
10001f8a:	9901      	ldr	r1, [sp, #4]
10001f8c:	50d1      	str	r1, [r2, r3]
10001f8e:	00a2      	lsls	r2, r4, #2
10001f90:	4920      	ldr	r1, [pc, #128]	; (10002014 <hardware_alarm_set_target+0xd4>)
10001f92:	9802      	ldr	r0, [sp, #8]
10001f94:	5050      	str	r0, [r2, r1]
10001f96:	6a1b      	ldr	r3, [r3, #32]
10001f98:	422b      	tst	r3, r5
10001f9a:	d112      	bne.n	10001fc2 <hardware_alarm_set_target+0x82>
10001f9c:	4b1c      	ldr	r3, [pc, #112]	; (10002010 <hardware_alarm_set_target+0xd0>)
10001f9e:	6c1b      	ldr	r3, [r3, #64]	; 0x40
10001fa0:	422b      	tst	r3, r5
10001fa2:	d008      	beq.n	10001fb6 <hardware_alarm_set_target+0x76>
10001fa4:	2000      	movs	r0, #0
10001fa6:	f3bf 8f5f 	dmb	sy
10001faa:	4b17      	ldr	r3, [pc, #92]	; (10002008 <hardware_alarm_set_target+0xc8>)
10001fac:	2200      	movs	r2, #0
10001fae:	601a      	str	r2, [r3, #0]
10001fb0:	f38b 8810 	msr	PRIMASK, fp
10001fb4:	e023      	b.n	10001ffe <hardware_alarm_set_target+0xbe>
10001fb6:	4b18      	ldr	r3, [pc, #96]	; (10002018 <hardware_alarm_set_target+0xd8>)
10001fb8:	4a18      	ldr	r2, [pc, #96]	; (1000201c <hardware_alarm_set_target+0xdc>)
10001fba:	21c5      	movs	r1, #197	; 0xc5
10001fbc:	4818      	ldr	r0, [pc, #96]	; (10002020 <hardware_alarm_set_target+0xe0>)
10001fbe:	f000 fcaf 	bl	10002920 <__assert_func>
10001fc2:	f7ff ff55 	bl	10001e70 <time_us_64>
10001fc6:	428e      	cmp	r6, r1
10001fc8:	d814      	bhi.n	10001ff4 <hardware_alarm_set_target+0xb4>
10001fca:	d102      	bne.n	10001fd2 <hardware_alarm_set_target+0x92>
10001fcc:	9b03      	ldr	r3, [sp, #12]
10001fce:	4283      	cmp	r3, r0
10001fd0:	d810      	bhi.n	10001ff4 <hardware_alarm_set_target+0xb4>
10001fd2:	4b0e      	ldr	r3, [pc, #56]	; (1000200c <hardware_alarm_set_target+0xcc>)
10001fd4:	781b      	ldrb	r3, [r3, #0]
10001fd6:	42bb      	cmp	r3, r7
10001fd8:	d00e      	beq.n	10001ff8 <hardware_alarm_set_target+0xb8>
10001fda:	4b0d      	ldr	r3, [pc, #52]	; (10002010 <hardware_alarm_set_target+0xd0>)
10001fdc:	621d      	str	r5, [r3, #32]
10001fde:	635d      	str	r5, [r3, #52]	; 0x34
10001fe0:	201f      	movs	r0, #31
10001fe2:	4004      	ands	r4, r0
10001fe4:	2301      	movs	r3, #1
10001fe6:	40a3      	lsls	r3, r4
10001fe8:	4a0e      	ldr	r2, [pc, #56]	; (10002024 <hardware_alarm_set_target+0xe4>)
10001fea:	6013      	str	r3, [r2, #0]
10001fec:	4b07      	ldr	r3, [pc, #28]	; (1000200c <hardware_alarm_set_target+0xcc>)
10001fee:	701f      	strb	r7, [r3, #0]
10001ff0:	381e      	subs	r0, #30
10001ff2:	e7d8      	b.n	10001fa6 <hardware_alarm_set_target+0x66>
10001ff4:	2000      	movs	r0, #0
10001ff6:	e7d6      	b.n	10001fa6 <hardware_alarm_set_target+0x66>
10001ff8:	2001      	movs	r0, #1
10001ffa:	e7d4      	b.n	10001fa6 <hardware_alarm_set_target+0x66>
10001ffc:	2001      	movs	r0, #1
10001ffe:	b004      	add	sp, #16
10002000:	bc80      	pop	{r7}
10002002:	46bb      	mov	fp, r7
10002004:	bdf0      	pop	{r4, r5, r6, r7, pc}
10002006:	46c0      	nop			; (mov r8, r8)
10002008:	d0000128 	.word	0xd0000128
1000200c:	20002532 	.word	0x20002532
10002010:	40054000 	.word	0x40054000
10002014:	20002508 	.word	0x20002508
10002018:	1000b19c 	.word	0x1000b19c
1000201c:	1000b220 	.word	0x1000b220
10002020:	1000b1c0 	.word	0x1000b1c0
10002024:	e000e280 	.word	0xe000e280

10002028 <hardware_alarm_cancel>:
10002028:	f3ef 8c10 	mrs	ip, PRIMASK
1000202c:	b672      	cpsid	i
1000202e:	4b0b      	ldr	r3, [pc, #44]	; (1000205c <hardware_alarm_cancel+0x34>)
10002030:	681b      	ldr	r3, [r3, #0]
10002032:	2b00      	cmp	r3, #0
10002034:	d0fb      	beq.n	1000202e <hardware_alarm_cancel+0x6>
10002036:	f3bf 8f5f 	dmb	sy
1000203a:	2301      	movs	r3, #1
1000203c:	4083      	lsls	r3, r0
1000203e:	4a08      	ldr	r2, [pc, #32]	; (10002060 <hardware_alarm_cancel+0x38>)
10002040:	6213      	str	r3, [r2, #32]
10002042:	4908      	ldr	r1, [pc, #32]	; (10002064 <hardware_alarm_cancel+0x3c>)
10002044:	780a      	ldrb	r2, [r1, #0]
10002046:	439a      	bics	r2, r3
10002048:	700a      	strb	r2, [r1, #0]
1000204a:	f3bf 8f5f 	dmb	sy
1000204e:	4b03      	ldr	r3, [pc, #12]	; (1000205c <hardware_alarm_cancel+0x34>)
10002050:	2200      	movs	r2, #0
10002052:	601a      	str	r2, [r3, #0]
10002054:	f38c 8810 	msr	PRIMASK, ip
10002058:	4770      	bx	lr
1000205a:	46c0      	nop			; (mov r8, r8)
1000205c:	d0000128 	.word	0xd0000128
10002060:	40054000 	.word	0x40054000
10002064:	20002532 	.word	0x20002532

10002068 <ph_add_child_node>:
10002068:	b510      	push	{r4, lr}
1000206a:	2900      	cmp	r1, #0
1000206c:	d01e      	beq.n	100020ac <ph_add_child_node+0x44>
1000206e:	7b03      	ldrb	r3, [r0, #12]
10002070:	4299      	cmp	r1, r3
10002072:	d81b      	bhi.n	100020ac <ph_add_child_node+0x44>
10002074:	004b      	lsls	r3, r1, #1
10002076:	185b      	adds	r3, r3, r1
10002078:	3b03      	subs	r3, #3
1000207a:	6804      	ldr	r4, [r0, #0]
1000207c:	46a4      	mov	ip, r4
1000207e:	4463      	add	r3, ip
10002080:	2900      	cmp	r1, #0
10002082:	d019      	beq.n	100020b8 <ph_add_child_node+0x50>
10002084:	2a00      	cmp	r2, #0
10002086:	d01d      	beq.n	100020c4 <ph_add_child_node+0x5c>
10002088:	4291      	cmp	r1, r2
1000208a:	d021      	beq.n	100020d0 <ph_add_child_node+0x68>
1000208c:	2a00      	cmp	r2, #0
1000208e:	d025      	beq.n	100020dc <ph_add_child_node+0x74>
10002090:	7b04      	ldrb	r4, [r0, #12]
10002092:	42a2      	cmp	r2, r4
10002094:	d822      	bhi.n	100020dc <ph_add_child_node+0x74>
10002096:	6804      	ldr	r4, [r0, #0]
10002098:	0050      	lsls	r0, r2, #1
1000209a:	1880      	adds	r0, r0, r2
1000209c:	3803      	subs	r0, #3
1000209e:	1820      	adds	r0, r4, r0
100020a0:	7081      	strb	r1, [r0, #2]
100020a2:	7819      	ldrb	r1, [r3, #0]
100020a4:	2900      	cmp	r1, #0
100020a6:	d11f      	bne.n	100020e8 <ph_add_child_node+0x80>
100020a8:	701a      	strb	r2, [r3, #0]
100020aa:	bd10      	pop	{r4, pc}
100020ac:	4b10      	ldr	r3, [pc, #64]	; (100020f0 <ph_add_child_node+0x88>)
100020ae:	4a11      	ldr	r2, [pc, #68]	; (100020f4 <ph_add_child_node+0x8c>)
100020b0:	2168      	movs	r1, #104	; 0x68
100020b2:	4811      	ldr	r0, [pc, #68]	; (100020f8 <ph_add_child_node+0x90>)
100020b4:	f000 fc34 	bl	10002920 <__assert_func>
100020b8:	4b10      	ldr	r3, [pc, #64]	; (100020fc <ph_add_child_node+0x94>)
100020ba:	4a11      	ldr	r2, [pc, #68]	; (10002100 <ph_add_child_node+0x98>)
100020bc:	316f      	adds	r1, #111	; 0x6f
100020be:	480e      	ldr	r0, [pc, #56]	; (100020f8 <ph_add_child_node+0x90>)
100020c0:	f000 fc2e 	bl	10002920 <__assert_func>
100020c4:	4b0f      	ldr	r3, [pc, #60]	; (10002104 <ph_add_child_node+0x9c>)
100020c6:	4a0e      	ldr	r2, [pc, #56]	; (10002100 <ph_add_child_node+0x98>)
100020c8:	2170      	movs	r1, #112	; 0x70
100020ca:	480b      	ldr	r0, [pc, #44]	; (100020f8 <ph_add_child_node+0x90>)
100020cc:	f000 fc28 	bl	10002920 <__assert_func>
100020d0:	4b0d      	ldr	r3, [pc, #52]	; (10002108 <ph_add_child_node+0xa0>)
100020d2:	4a0b      	ldr	r2, [pc, #44]	; (10002100 <ph_add_child_node+0x98>)
100020d4:	2171      	movs	r1, #113	; 0x71
100020d6:	4808      	ldr	r0, [pc, #32]	; (100020f8 <ph_add_child_node+0x90>)
100020d8:	f000 fc22 	bl	10002920 <__assert_func>
100020dc:	4b04      	ldr	r3, [pc, #16]	; (100020f0 <ph_add_child_node+0x88>)
100020de:	4a05      	ldr	r2, [pc, #20]	; (100020f4 <ph_add_child_node+0x8c>)
100020e0:	2168      	movs	r1, #104	; 0x68
100020e2:	4805      	ldr	r0, [pc, #20]	; (100020f8 <ph_add_child_node+0x90>)
100020e4:	f000 fc1c 	bl	10002920 <__assert_func>
100020e8:	7041      	strb	r1, [r0, #1]
100020ea:	701a      	strb	r2, [r3, #0]
100020ec:	e7dd      	b.n	100020aa <ph_add_child_node+0x42>
100020ee:	46c0      	nop			; (mov r8, r8)
100020f0:	1000ae8c 	.word	0x1000ae8c
100020f4:	1000b344 	.word	0x1000b344
100020f8:	1000aea8 	.word	0x1000aea8
100020fc:	1000af10 	.word	0x1000af10
10002100:	1000b330 	.word	0x1000b330
10002104:	1000af1c 	.word	0x1000af1c
10002108:	1000af28 	.word	0x1000af28

1000210c <ph_merge_nodes>:
1000210c:	b570      	push	{r4, r5, r6, lr}
1000210e:	0006      	movs	r6, r0
10002110:	000d      	movs	r5, r1
10002112:	0014      	movs	r4, r2
10002114:	2900      	cmp	r1, #0
10002116:	d014      	beq.n	10002142 <ph_merge_nodes+0x36>
10002118:	2a00      	cmp	r2, #0
1000211a:	d014      	beq.n	10002146 <ph_merge_nodes+0x3a>
1000211c:	6880      	ldr	r0, [r0, #8]
1000211e:	6873      	ldr	r3, [r6, #4]
10002120:	4798      	blx	r3
10002122:	2800      	cmp	r0, #0
10002124:	d006      	beq.n	10002134 <ph_merge_nodes+0x28>
10002126:	0022      	movs	r2, r4
10002128:	0029      	movs	r1, r5
1000212a:	0030      	movs	r0, r6
1000212c:	f7ff ff9c 	bl	10002068 <ph_add_child_node>
10002130:	0028      	movs	r0, r5
10002132:	e007      	b.n	10002144 <ph_merge_nodes+0x38>
10002134:	002a      	movs	r2, r5
10002136:	0021      	movs	r1, r4
10002138:	0030      	movs	r0, r6
1000213a:	f7ff ff95 	bl	10002068 <ph_add_child_node>
1000213e:	0020      	movs	r0, r4
10002140:	e000      	b.n	10002144 <ph_merge_nodes+0x38>
10002142:	0010      	movs	r0, r2
10002144:	bd70      	pop	{r4, r5, r6, pc}
10002146:	0008      	movs	r0, r1
10002148:	e7fc      	b.n	10002144 <ph_merge_nodes+0x38>
	...

1000214c <ph_clear>:
1000214c:	b510      	push	{r4, lr}
1000214e:	2300      	movs	r3, #0
10002150:	7343      	strb	r3, [r0, #13]
10002152:	3301      	adds	r3, #1
10002154:	7383      	strb	r3, [r0, #14]
10002156:	7b03      	ldrb	r3, [r0, #12]
10002158:	73c3      	strb	r3, [r0, #15]
1000215a:	2301      	movs	r3, #1
1000215c:	7b02      	ldrb	r2, [r0, #12]
1000215e:	429a      	cmp	r2, r3
10002160:	d914      	bls.n	1000218c <ph_clear+0x40>
10002162:	2b00      	cmp	r3, #0
10002164:	d00c      	beq.n	10002180 <ph_clear+0x34>
10002166:	7b02      	ldrb	r2, [r0, #12]
10002168:	4293      	cmp	r3, r2
1000216a:	d809      	bhi.n	10002180 <ph_clear+0x34>
1000216c:	005a      	lsls	r2, r3, #1
1000216e:	18d2      	adds	r2, r2, r3
10002170:	3a03      	subs	r2, #3
10002172:	6801      	ldr	r1, [r0, #0]
10002174:	468c      	mov	ip, r1
10002176:	4462      	add	r2, ip
10002178:	3301      	adds	r3, #1
1000217a:	b2db      	uxtb	r3, r3
1000217c:	7053      	strb	r3, [r2, #1]
1000217e:	e7ed      	b.n	1000215c <ph_clear+0x10>
10002180:	4b0b      	ldr	r3, [pc, #44]	; (100021b0 <ph_clear+0x64>)
10002182:	4a0c      	ldr	r2, [pc, #48]	; (100021b4 <ph_clear+0x68>)
10002184:	2168      	movs	r1, #104	; 0x68
10002186:	480c      	ldr	r0, [pc, #48]	; (100021b8 <ph_clear+0x6c>)
10002188:	f000 fbca 	bl	10002920 <__assert_func>
1000218c:	2a00      	cmp	r2, #0
1000218e:	d009      	beq.n	100021a4 <ph_clear+0x58>
10002190:	4292      	cmp	r2, r2
10002192:	d807      	bhi.n	100021a4 <ph_clear+0x58>
10002194:	6801      	ldr	r1, [r0, #0]
10002196:	0053      	lsls	r3, r2, #1
10002198:	189a      	adds	r2, r3, r2
1000219a:	3a03      	subs	r2, #3
1000219c:	188a      	adds	r2, r1, r2
1000219e:	2300      	movs	r3, #0
100021a0:	7053      	strb	r3, [r2, #1]
100021a2:	bd10      	pop	{r4, pc}
100021a4:	4b02      	ldr	r3, [pc, #8]	; (100021b0 <ph_clear+0x64>)
100021a6:	4a03      	ldr	r2, [pc, #12]	; (100021b4 <ph_clear+0x68>)
100021a8:	2168      	movs	r1, #104	; 0x68
100021aa:	4803      	ldr	r0, [pc, #12]	; (100021b8 <ph_clear+0x6c>)
100021ac:	f000 fbb8 	bl	10002920 <__assert_func>
100021b0:	1000ae8c 	.word	0x1000ae8c
100021b4:	1000b344 	.word	0x1000b344
100021b8:	1000aea8 	.word	0x1000aea8

100021bc <ph_post_alloc_init>:
100021bc:	b510      	push	{r4, lr}
100021be:	7301      	strb	r1, [r0, #12]
100021c0:	6042      	str	r2, [r0, #4]
100021c2:	6083      	str	r3, [r0, #8]
100021c4:	f7ff ffc2 	bl	1000214c <ph_clear>
100021c8:	bd10      	pop	{r4, pc}
	...

100021cc <ph_merge_two_pass>:
100021cc:	b570      	push	{r4, r5, r6, lr}
100021ce:	0004      	movs	r4, r0
100021d0:	1e08      	subs	r0, r1, #0
100021d2:	d100      	bne.n	100021d6 <ph_merge_two_pass+0xa>
100021d4:	bd70      	pop	{r4, r5, r6, pc}
100021d6:	2900      	cmp	r1, #0
100021d8:	d034      	beq.n	10002244 <ph_merge_two_pass+0x78>
100021da:	7b23      	ldrb	r3, [r4, #12]
100021dc:	4299      	cmp	r1, r3
100021de:	d831      	bhi.n	10002244 <ph_merge_two_pass+0x78>
100021e0:	004b      	lsls	r3, r1, #1
100021e2:	185b      	adds	r3, r3, r1
100021e4:	3b03      	subs	r3, #3
100021e6:	6822      	ldr	r2, [r4, #0]
100021e8:	4694      	mov	ip, r2
100021ea:	4463      	add	r3, ip
100021ec:	785a      	ldrb	r2, [r3, #1]
100021ee:	2a00      	cmp	r2, #0
100021f0:	d0f0      	beq.n	100021d4 <ph_merge_two_pass+0x8>
100021f2:	d02d      	beq.n	10002250 <ph_merge_two_pass+0x84>
100021f4:	7b23      	ldrb	r3, [r4, #12]
100021f6:	429a      	cmp	r2, r3
100021f8:	d82a      	bhi.n	10002250 <ph_merge_two_pass+0x84>
100021fa:	0053      	lsls	r3, r2, #1
100021fc:	189b      	adds	r3, r3, r2
100021fe:	3b03      	subs	r3, #3
10002200:	6821      	ldr	r1, [r4, #0]
10002202:	468c      	mov	ip, r1
10002204:	4463      	add	r3, ip
10002206:	785d      	ldrb	r5, [r3, #1]
10002208:	2100      	movs	r1, #0
1000220a:	7059      	strb	r1, [r3, #1]
1000220c:	2800      	cmp	r0, #0
1000220e:	d025      	beq.n	1000225c <ph_merge_two_pass+0x90>
10002210:	7b23      	ldrb	r3, [r4, #12]
10002212:	4298      	cmp	r0, r3
10002214:	d822      	bhi.n	1000225c <ph_merge_two_pass+0x90>
10002216:	0043      	lsls	r3, r0, #1
10002218:	181b      	adds	r3, r3, r0
1000221a:	3b03      	subs	r3, #3
1000221c:	6821      	ldr	r1, [r4, #0]
1000221e:	468c      	mov	ip, r1
10002220:	4463      	add	r3, ip
10002222:	2100      	movs	r1, #0
10002224:	7059      	strb	r1, [r3, #1]
10002226:	0001      	movs	r1, r0
10002228:	0020      	movs	r0, r4
1000222a:	f7ff ff6f 	bl	1000210c <ph_merge_nodes>
1000222e:	0006      	movs	r6, r0
10002230:	0029      	movs	r1, r5
10002232:	0020      	movs	r0, r4
10002234:	f7ff ffca 	bl	100021cc <ph_merge_two_pass>
10002238:	0002      	movs	r2, r0
1000223a:	0031      	movs	r1, r6
1000223c:	0020      	movs	r0, r4
1000223e:	f7ff ff65 	bl	1000210c <ph_merge_nodes>
10002242:	e7c7      	b.n	100021d4 <ph_merge_two_pass+0x8>
10002244:	4b08      	ldr	r3, [pc, #32]	; (10002268 <ph_merge_two_pass+0x9c>)
10002246:	4a09      	ldr	r2, [pc, #36]	; (1000226c <ph_merge_two_pass+0xa0>)
10002248:	2168      	movs	r1, #104	; 0x68
1000224a:	4809      	ldr	r0, [pc, #36]	; (10002270 <ph_merge_two_pass+0xa4>)
1000224c:	f000 fb68 	bl	10002920 <__assert_func>
10002250:	4b05      	ldr	r3, [pc, #20]	; (10002268 <ph_merge_two_pass+0x9c>)
10002252:	4a06      	ldr	r2, [pc, #24]	; (1000226c <ph_merge_two_pass+0xa0>)
10002254:	2168      	movs	r1, #104	; 0x68
10002256:	4806      	ldr	r0, [pc, #24]	; (10002270 <ph_merge_two_pass+0xa4>)
10002258:	f000 fb62 	bl	10002920 <__assert_func>
1000225c:	4b02      	ldr	r3, [pc, #8]	; (10002268 <ph_merge_two_pass+0x9c>)
1000225e:	4a03      	ldr	r2, [pc, #12]	; (1000226c <ph_merge_two_pass+0xa0>)
10002260:	2168      	movs	r1, #104	; 0x68
10002262:	4803      	ldr	r0, [pc, #12]	; (10002270 <ph_merge_two_pass+0xa4>)
10002264:	f000 fb5c 	bl	10002920 <__assert_func>
10002268:	1000ae8c 	.word	0x1000ae8c
1000226c:	1000b344 	.word	0x1000b344
10002270:	1000aea8 	.word	0x1000aea8

10002274 <ph_remove_any_head>:
10002274:	b570      	push	{r4, r5, r6, lr}
10002276:	0005      	movs	r5, r0
10002278:	000c      	movs	r4, r1
1000227a:	0016      	movs	r6, r2
1000227c:	2900      	cmp	r1, #0
1000227e:	d02f      	beq.n	100022e0 <ph_remove_any_head+0x6c>
10002280:	d034      	beq.n	100022ec <ph_remove_any_head+0x78>
10002282:	7b03      	ldrb	r3, [r0, #12]
10002284:	4299      	cmp	r1, r3
10002286:	d831      	bhi.n	100022ec <ph_remove_any_head+0x78>
10002288:	004b      	lsls	r3, r1, #1
1000228a:	185b      	adds	r3, r3, r1
1000228c:	3b03      	subs	r3, #3
1000228e:	6802      	ldr	r2, [r0, #0]
10002290:	4694      	mov	ip, r2
10002292:	4463      	add	r3, ip
10002294:	785a      	ldrb	r2, [r3, #1]
10002296:	2a00      	cmp	r2, #0
10002298:	d12e      	bne.n	100022f8 <ph_remove_any_head+0x84>
1000229a:	789a      	ldrb	r2, [r3, #2]
1000229c:	2a00      	cmp	r2, #0
1000229e:	d131      	bne.n	10002304 <ph_remove_any_head+0x90>
100022a0:	7819      	ldrb	r1, [r3, #0]
100022a2:	f7ff ff93 	bl	100021cc <ph_merge_two_pass>
100022a6:	0003      	movs	r3, r0
100022a8:	2e00      	cmp	r6, #0
100022aa:	d00a      	beq.n	100022c2 <ph_remove_any_head+0x4e>
100022ac:	7bea      	ldrb	r2, [r5, #15]
100022ae:	2a00      	cmp	r2, #0
100022b0:	d12e      	bne.n	10002310 <ph_remove_any_head+0x9c>
100022b2:	7baa      	ldrb	r2, [r5, #14]
100022b4:	2a00      	cmp	r2, #0
100022b6:	d103      	bne.n	100022c0 <ph_remove_any_head+0x4c>
100022b8:	7bea      	ldrb	r2, [r5, #15]
100022ba:	2a00      	cmp	r2, #0
100022bc:	d13b      	bne.n	10002336 <ph_remove_any_head+0xc2>
100022be:	73ac      	strb	r4, [r5, #14]
100022c0:	73ec      	strb	r4, [r5, #15]
100022c2:	2b00      	cmp	r3, #0
100022c4:	d13d      	bne.n	10002342 <ph_remove_any_head+0xce>
100022c6:	2c00      	cmp	r4, #0
100022c8:	d04f      	beq.n	1000236a <ph_remove_any_head+0xf6>
100022ca:	7b2b      	ldrb	r3, [r5, #12]
100022cc:	429c      	cmp	r4, r3
100022ce:	d84c      	bhi.n	1000236a <ph_remove_any_head+0xf6>
100022d0:	682b      	ldr	r3, [r5, #0]
100022d2:	0061      	lsls	r1, r4, #1
100022d4:	190c      	adds	r4, r1, r4
100022d6:	3c03      	subs	r4, #3
100022d8:	191c      	adds	r4, r3, r4
100022da:	2300      	movs	r3, #0
100022dc:	7063      	strb	r3, [r4, #1]
100022de:	bd70      	pop	{r4, r5, r6, pc}
100022e0:	4b25      	ldr	r3, [pc, #148]	; (10002378 <ph_remove_any_head+0x104>)
100022e2:	4a26      	ldr	r2, [pc, #152]	; (1000237c <ph_remove_any_head+0x108>)
100022e4:	2138      	movs	r1, #56	; 0x38
100022e6:	4826      	ldr	r0, [pc, #152]	; (10002380 <ph_remove_any_head+0x10c>)
100022e8:	f000 fb1a 	bl	10002920 <__assert_func>
100022ec:	4b25      	ldr	r3, [pc, #148]	; (10002384 <ph_remove_any_head+0x110>)
100022ee:	4a26      	ldr	r2, [pc, #152]	; (10002388 <ph_remove_any_head+0x114>)
100022f0:	2168      	movs	r1, #104	; 0x68
100022f2:	4826      	ldr	r0, [pc, #152]	; (1000238c <ph_remove_any_head+0x118>)
100022f4:	f000 fb14 	bl	10002920 <__assert_func>
100022f8:	4b25      	ldr	r3, [pc, #148]	; (10002390 <ph_remove_any_head+0x11c>)
100022fa:	4a20      	ldr	r2, [pc, #128]	; (1000237c <ph_remove_any_head+0x108>)
100022fc:	213a      	movs	r1, #58	; 0x3a
100022fe:	4820      	ldr	r0, [pc, #128]	; (10002380 <ph_remove_any_head+0x10c>)
10002300:	f000 fb0e 	bl	10002920 <__assert_func>
10002304:	4b23      	ldr	r3, [pc, #140]	; (10002394 <ph_remove_any_head+0x120>)
10002306:	4a1d      	ldr	r2, [pc, #116]	; (1000237c <ph_remove_any_head+0x108>)
10002308:	213b      	movs	r1, #59	; 0x3b
1000230a:	481d      	ldr	r0, [pc, #116]	; (10002380 <ph_remove_any_head+0x10c>)
1000230c:	f000 fb08 	bl	10002920 <__assert_func>
10002310:	2a00      	cmp	r2, #0
10002312:	d00a      	beq.n	1000232a <ph_remove_any_head+0xb6>
10002314:	7b29      	ldrb	r1, [r5, #12]
10002316:	428a      	cmp	r2, r1
10002318:	d807      	bhi.n	1000232a <ph_remove_any_head+0xb6>
1000231a:	0051      	lsls	r1, r2, #1
1000231c:	188a      	adds	r2, r1, r2
1000231e:	3a03      	subs	r2, #3
10002320:	6829      	ldr	r1, [r5, #0]
10002322:	468c      	mov	ip, r1
10002324:	4462      	add	r2, ip
10002326:	7054      	strb	r4, [r2, #1]
10002328:	e7c3      	b.n	100022b2 <ph_remove_any_head+0x3e>
1000232a:	4b16      	ldr	r3, [pc, #88]	; (10002384 <ph_remove_any_head+0x110>)
1000232c:	4a16      	ldr	r2, [pc, #88]	; (10002388 <ph_remove_any_head+0x114>)
1000232e:	2168      	movs	r1, #104	; 0x68
10002330:	4816      	ldr	r0, [pc, #88]	; (1000238c <ph_remove_any_head+0x118>)
10002332:	f000 faf5 	bl	10002920 <__assert_func>
10002336:	4b18      	ldr	r3, [pc, #96]	; (10002398 <ph_remove_any_head+0x124>)
10002338:	4a10      	ldr	r2, [pc, #64]	; (1000237c <ph_remove_any_head+0x108>)
1000233a:	2142      	movs	r1, #66	; 0x42
1000233c:	4810      	ldr	r0, [pc, #64]	; (10002380 <ph_remove_any_head+0x10c>)
1000233e:	f000 faef 	bl	10002920 <__assert_func>
10002342:	2b00      	cmp	r3, #0
10002344:	d00b      	beq.n	1000235e <ph_remove_any_head+0xea>
10002346:	7b2a      	ldrb	r2, [r5, #12]
10002348:	4293      	cmp	r3, r2
1000234a:	d808      	bhi.n	1000235e <ph_remove_any_head+0xea>
1000234c:	0043      	lsls	r3, r0, #1
1000234e:	181b      	adds	r3, r3, r0
10002350:	3b03      	subs	r3, #3
10002352:	682a      	ldr	r2, [r5, #0]
10002354:	4694      	mov	ip, r2
10002356:	4463      	add	r3, ip
10002358:	2200      	movs	r2, #0
1000235a:	709a      	strb	r2, [r3, #2]
1000235c:	e7b3      	b.n	100022c6 <ph_remove_any_head+0x52>
1000235e:	4b09      	ldr	r3, [pc, #36]	; (10002384 <ph_remove_any_head+0x110>)
10002360:	4a09      	ldr	r2, [pc, #36]	; (10002388 <ph_remove_any_head+0x114>)
10002362:	2168      	movs	r1, #104	; 0x68
10002364:	4809      	ldr	r0, [pc, #36]	; (1000238c <ph_remove_any_head+0x118>)
10002366:	f000 fadb 	bl	10002920 <__assert_func>
1000236a:	4b06      	ldr	r3, [pc, #24]	; (10002384 <ph_remove_any_head+0x110>)
1000236c:	4a06      	ldr	r2, [pc, #24]	; (10002388 <ph_remove_any_head+0x114>)
1000236e:	2168      	movs	r1, #104	; 0x68
10002370:	4806      	ldr	r0, [pc, #24]	; (1000238c <ph_remove_any_head+0x118>)
10002372:	f000 fad5 	bl	10002920 <__assert_func>
10002376:	46c0      	nop			; (mov r8, r8)
10002378:	1000b23c 	.word	0x1000b23c
1000237c:	1000b31c 	.word	0x1000b31c
10002380:	1000b244 	.word	0x1000b244
10002384:	1000ae8c 	.word	0x1000ae8c
10002388:	1000b344 	.word	0x1000b344
1000238c:	1000aea8 	.word	0x1000aea8
10002390:	1000b298 	.word	0x1000b298
10002394:	1000b2c0 	.word	0x1000b2c0
10002398:	1000afec 	.word	0x1000afec

1000239c <ph_remove_head>:
1000239c:	b570      	push	{r4, r5, r6, lr}
1000239e:	0004      	movs	r4, r0
100023a0:	000a      	movs	r2, r1
100023a2:	7b45      	ldrb	r5, [r0, #13]
100023a4:	0029      	movs	r1, r5
100023a6:	f7ff ff65 	bl	10002274 <ph_remove_any_head>
100023aa:	7360      	strb	r0, [r4, #13]
100023ac:	0028      	movs	r0, r5
100023ae:	bd70      	pop	{r4, r5, r6, pc}

100023b0 <ph_remove_and_free_node>:
100023b0:	b570      	push	{r4, r5, r6, lr}
100023b2:	0004      	movs	r4, r0
100023b4:	2900      	cmp	r1, #0
100023b6:	d067      	beq.n	10002488 <ph_remove_and_free_node+0xd8>
100023b8:	7b43      	ldrb	r3, [r0, #13]
100023ba:	428b      	cmp	r3, r1
100023bc:	d00e      	beq.n	100023dc <ph_remove_and_free_node+0x2c>
100023be:	2900      	cmp	r1, #0
100023c0:	d011      	beq.n	100023e6 <ph_remove_and_free_node+0x36>
100023c2:	7b03      	ldrb	r3, [r0, #12]
100023c4:	4299      	cmp	r1, r3
100023c6:	d80e      	bhi.n	100023e6 <ph_remove_and_free_node+0x36>
100023c8:	004b      	lsls	r3, r1, #1
100023ca:	185b      	adds	r3, r3, r1
100023cc:	3b03      	subs	r3, #3
100023ce:	6802      	ldr	r2, [r0, #0]
100023d0:	18d0      	adds	r0, r2, r3
100023d2:	7883      	ldrb	r3, [r0, #2]
100023d4:	2b00      	cmp	r3, #0
100023d6:	d10c      	bne.n	100023f2 <ph_remove_and_free_node+0x42>
100023d8:	2000      	movs	r0, #0
100023da:	e056      	b.n	1000248a <ph_remove_and_free_node+0xda>
100023dc:	2101      	movs	r1, #1
100023de:	f7ff ffdd 	bl	1000239c <ph_remove_head>
100023e2:	2001      	movs	r0, #1
100023e4:	e051      	b.n	1000248a <ph_remove_and_free_node+0xda>
100023e6:	4b29      	ldr	r3, [pc, #164]	; (1000248c <ph_remove_and_free_node+0xdc>)
100023e8:	4a29      	ldr	r2, [pc, #164]	; (10002490 <ph_remove_and_free_node+0xe0>)
100023ea:	2168      	movs	r1, #104	; 0x68
100023ec:	4829      	ldr	r0, [pc, #164]	; (10002494 <ph_remove_and_free_node+0xe4>)
100023ee:	f000 fa97 	bl	10002920 <__assert_func>
100023f2:	2b00      	cmp	r3, #0
100023f4:	d020      	beq.n	10002438 <ph_remove_and_free_node+0x88>
100023f6:	7b22      	ldrb	r2, [r4, #12]
100023f8:	4293      	cmp	r3, r2
100023fa:	d81d      	bhi.n	10002438 <ph_remove_and_free_node+0x88>
100023fc:	005a      	lsls	r2, r3, #1
100023fe:	18d3      	adds	r3, r2, r3
10002400:	3b03      	subs	r3, #3
10002402:	6822      	ldr	r2, [r4, #0]
10002404:	18d2      	adds	r2, r2, r3
10002406:	6825      	ldr	r5, [r4, #0]
10002408:	5ceb      	ldrb	r3, [r5, r3]
1000240a:	428b      	cmp	r3, r1
1000240c:	d01a      	beq.n	10002444 <ph_remove_and_free_node+0x94>
1000240e:	2b00      	cmp	r3, #0
10002410:	d01b      	beq.n	1000244a <ph_remove_and_free_node+0x9a>
10002412:	7b22      	ldrb	r2, [r4, #12]
10002414:	4293      	cmp	r3, r2
10002416:	d818      	bhi.n	1000244a <ph_remove_and_free_node+0x9a>
10002418:	005a      	lsls	r2, r3, #1
1000241a:	18d3      	adds	r3, r2, r3
1000241c:	3b03      	subs	r3, #3
1000241e:	6822      	ldr	r2, [r4, #0]
10002420:	18d2      	adds	r2, r2, r3
10002422:	7853      	ldrb	r3, [r2, #1]
10002424:	428b      	cmp	r3, r1
10002426:	d016      	beq.n	10002456 <ph_remove_and_free_node+0xa6>
10002428:	2b00      	cmp	r3, #0
1000242a:	d1f0      	bne.n	1000240e <ph_remove_and_free_node+0x5e>
1000242c:	4b1a      	ldr	r3, [pc, #104]	; (10002498 <ph_remove_and_free_node+0xe8>)
1000242e:	4a1b      	ldr	r2, [pc, #108]	; (1000249c <ph_remove_and_free_node+0xec>)
10002430:	216b      	movs	r1, #107	; 0x6b
10002432:	481b      	ldr	r0, [pc, #108]	; (100024a0 <ph_remove_and_free_node+0xf0>)
10002434:	f000 fa74 	bl	10002920 <__assert_func>
10002438:	4b14      	ldr	r3, [pc, #80]	; (1000248c <ph_remove_and_free_node+0xdc>)
1000243a:	4a15      	ldr	r2, [pc, #84]	; (10002490 <ph_remove_and_free_node+0xe0>)
1000243c:	2168      	movs	r1, #104	; 0x68
1000243e:	4815      	ldr	r0, [pc, #84]	; (10002494 <ph_remove_and_free_node+0xe4>)
10002440:	f000 fa6e 	bl	10002920 <__assert_func>
10002444:	7843      	ldrb	r3, [r0, #1]
10002446:	7013      	strb	r3, [r2, #0]
10002448:	e007      	b.n	1000245a <ph_remove_and_free_node+0xaa>
1000244a:	4b10      	ldr	r3, [pc, #64]	; (1000248c <ph_remove_and_free_node+0xdc>)
1000244c:	4a10      	ldr	r2, [pc, #64]	; (10002490 <ph_remove_and_free_node+0xe0>)
1000244e:	2168      	movs	r1, #104	; 0x68
10002450:	4810      	ldr	r0, [pc, #64]	; (10002494 <ph_remove_and_free_node+0xe4>)
10002452:	f000 fa65 	bl	10002920 <__assert_func>
10002456:	7843      	ldrb	r3, [r0, #1]
10002458:	7053      	strb	r3, [r2, #1]
1000245a:	2300      	movs	r3, #0
1000245c:	7083      	strb	r3, [r0, #2]
1000245e:	7043      	strb	r3, [r0, #1]
10002460:	2201      	movs	r2, #1
10002462:	0020      	movs	r0, r4
10002464:	f7ff ff06 	bl	10002274 <ph_remove_any_head>
10002468:	0002      	movs	r2, r0
1000246a:	7b61      	ldrb	r1, [r4, #13]
1000246c:	4281      	cmp	r1, r0
1000246e:	d005      	beq.n	1000247c <ph_remove_and_free_node+0xcc>
10002470:	0020      	movs	r0, r4
10002472:	f7ff fe4b 	bl	1000210c <ph_merge_nodes>
10002476:	7360      	strb	r0, [r4, #13]
10002478:	2001      	movs	r0, #1
1000247a:	e006      	b.n	1000248a <ph_remove_and_free_node+0xda>
1000247c:	4b09      	ldr	r3, [pc, #36]	; (100024a4 <ph_remove_and_free_node+0xf4>)
1000247e:	4a07      	ldr	r2, [pc, #28]	; (1000249c <ph_remove_and_free_node+0xec>)
10002480:	2171      	movs	r1, #113	; 0x71
10002482:	4807      	ldr	r0, [pc, #28]	; (100024a0 <ph_remove_and_free_node+0xf0>)
10002484:	f000 fa4c 	bl	10002920 <__assert_func>
10002488:	2000      	movs	r0, #0
1000248a:	bd70      	pop	{r4, r5, r6, pc}
1000248c:	1000ae8c 	.word	0x1000ae8c
10002490:	1000b344 	.word	0x1000b344
10002494:	1000aea8 	.word	0x1000aea8
10002498:	1000abe0 	.word	0x1000abe0
1000249c:	1000b304 	.word	0x1000b304
100024a0:	1000b244 	.word	0x1000b244
100024a4:	1000b2e4 	.word	0x1000b2e4

100024a8 <clock_configure>:
100024a8:	b5f8      	push	{r3, r4, r5, r6, r7, lr}
100024aa:	46de      	mov	lr, fp
100024ac:	4657      	mov	r7, sl
100024ae:	464e      	mov	r6, r9
100024b0:	4645      	mov	r5, r8
100024b2:	b5e0      	push	{r5, r6, r7, lr}
100024b4:	0005      	movs	r5, r0
100024b6:	000f      	movs	r7, r1
100024b8:	4692      	mov	sl, r2
100024ba:	9a0a      	ldr	r2, [sp, #40]	; 0x28
100024bc:	4293      	cmp	r3, r2
100024be:	d350      	bcc.n	10002562 <clock_configure+0xba>
100024c0:	0e1a      	lsrs	r2, r3, #24
100024c2:	4691      	mov	r9, r2
100024c4:	021e      	lsls	r6, r3, #8
100024c6:	9a0a      	ldr	r2, [sp, #40]	; 0x28
100024c8:	2300      	movs	r3, #0
100024ca:	0030      	movs	r0, r6
100024cc:	4649      	mov	r1, r9
100024ce:	f001 fc13 	bl	10003cf8 <__wrap___aeabi_uldivmod>
100024d2:	4680      	mov	r8, r0
100024d4:	006c      	lsls	r4, r5, #1
100024d6:	1964      	adds	r4, r4, r5
100024d8:	00a4      	lsls	r4, r4, #2
100024da:	4b30      	ldr	r3, [pc, #192]	; (1000259c <clock_configure+0xf4>)
100024dc:	469c      	mov	ip, r3
100024de:	4464      	add	r4, ip
100024e0:	6863      	ldr	r3, [r4, #4]
100024e2:	4283      	cmp	r3, r0
100024e4:	d200      	bcs.n	100024e8 <clock_configure+0x40>
100024e6:	6060      	str	r0, [r4, #4]
100024e8:	1f2b      	subs	r3, r5, #4
100024ea:	b2db      	uxtb	r3, r3
100024ec:	469b      	mov	fp, r3
100024ee:	2b01      	cmp	r3, #1
100024f0:	d93d      	bls.n	1000256e <clock_configure+0xc6>
100024f2:	23c0      	movs	r3, #192	; 0xc0
100024f4:	019b      	lsls	r3, r3, #6
100024f6:	4323      	orrs	r3, r4
100024f8:	2280      	movs	r2, #128	; 0x80
100024fa:	0112      	lsls	r2, r2, #4
100024fc:	601a      	str	r2, [r3, #0]
100024fe:	00ab      	lsls	r3, r5, #2
10002500:	4a27      	ldr	r2, [pc, #156]	; (100025a0 <clock_configure+0xf8>)
10002502:	5899      	ldr	r1, [r3, r2]
10002504:	2900      	cmp	r1, #0
10002506:	d007      	beq.n	10002518 <clock_configure+0x70>
10002508:	6950      	ldr	r0, [r2, #20]
1000250a:	f001 fbb7 	bl	10003c7c <__wrap___aeabi_uidiv>
1000250e:	1c43      	adds	r3, r0, #1
10002510:	0058      	lsls	r0, r3, #1
10002512:	18c0      	adds	r0, r0, r3
10002514:	3803      	subs	r0, #3
10002516:	d2fd      	bcs.n	10002514 <clock_configure+0x6c>
10002518:	4653      	mov	r3, sl
1000251a:	015a      	lsls	r2, r3, #5
1000251c:	6823      	ldr	r3, [r4, #0]
1000251e:	405a      	eors	r2, r3
10002520:	23e0      	movs	r3, #224	; 0xe0
10002522:	401a      	ands	r2, r3
10002524:	2380      	movs	r3, #128	; 0x80
10002526:	015b      	lsls	r3, r3, #5
10002528:	4323      	orrs	r3, r4
1000252a:	601a      	str	r2, [r3, #0]
1000252c:	465a      	mov	r2, fp
1000252e:	2a01      	cmp	r2, #1
10002530:	d928      	bls.n	10002584 <clock_configure+0xdc>
10002532:	2380      	movs	r3, #128	; 0x80
10002534:	019b      	lsls	r3, r3, #6
10002536:	4323      	orrs	r3, r4
10002538:	2280      	movs	r2, #128	; 0x80
1000253a:	0112      	lsls	r2, r2, #4
1000253c:	601a      	str	r2, [r3, #0]
1000253e:	4643      	mov	r3, r8
10002540:	6063      	str	r3, [r4, #4]
10002542:	4642      	mov	r2, r8
10002544:	2300      	movs	r3, #0
10002546:	0030      	movs	r0, r6
10002548:	4649      	mov	r1, r9
1000254a:	f001 fbd5 	bl	10003cf8 <__wrap___aeabi_uldivmod>
1000254e:	00ad      	lsls	r5, r5, #2
10002550:	4b13      	ldr	r3, [pc, #76]	; (100025a0 <clock_configure+0xf8>)
10002552:	5158      	str	r0, [r3, r5]
10002554:	2001      	movs	r0, #1
10002556:	bcf0      	pop	{r4, r5, r6, r7}
10002558:	46bb      	mov	fp, r7
1000255a:	46b2      	mov	sl, r6
1000255c:	46a9      	mov	r9, r5
1000255e:	46a0      	mov	r8, r4
10002560:	bdf8      	pop	{r3, r4, r5, r6, r7, pc}
10002562:	4b10      	ldr	r3, [pc, #64]	; (100025a4 <clock_configure+0xfc>)
10002564:	4a10      	ldr	r2, [pc, #64]	; (100025a8 <clock_configure+0x100>)
10002566:	2133      	movs	r1, #51	; 0x33
10002568:	4810      	ldr	r0, [pc, #64]	; (100025ac <clock_configure+0x104>)
1000256a:	f000 f9d9 	bl	10002920 <__assert_func>
1000256e:	2f01      	cmp	r7, #1
10002570:	d1bf      	bne.n	100024f2 <clock_configure+0x4a>
10002572:	23c0      	movs	r3, #192	; 0xc0
10002574:	019b      	lsls	r3, r3, #6
10002576:	4323      	orrs	r3, r4
10002578:	2203      	movs	r2, #3
1000257a:	601a      	str	r2, [r3, #0]
1000257c:	68a3      	ldr	r3, [r4, #8]
1000257e:	07db      	lsls	r3, r3, #31
10002580:	d5fc      	bpl.n	1000257c <clock_configure+0xd4>
10002582:	e7c9      	b.n	10002518 <clock_configure+0x70>
10002584:	6821      	ldr	r1, [r4, #0]
10002586:	4079      	eors	r1, r7
10002588:	2203      	movs	r2, #3
1000258a:	400a      	ands	r2, r1
1000258c:	601a      	str	r2, [r3, #0]
1000258e:	68a2      	ldr	r2, [r4, #8]
10002590:	2301      	movs	r3, #1
10002592:	40bb      	lsls	r3, r7
10002594:	4213      	tst	r3, r2
10002596:	d0fa      	beq.n	1000258e <clock_configure+0xe6>
10002598:	e7cb      	b.n	10002532 <clock_configure+0x8a>
1000259a:	46c0      	nop			; (mov r8, r8)
1000259c:	40008000 	.word	0x40008000
100025a0:	20001e2c 	.word	0x20001e2c
100025a4:	1000b350 	.word	0x1000b350
100025a8:	1000b3c4 	.word	0x1000b3c4
100025ac:	1000b364 	.word	0x1000b364

100025b0 <clocks_init>:
100025b0:	b530      	push	{r4, r5, lr}
100025b2:	b083      	sub	sp, #12
100025b4:	200c      	movs	r0, #12
100025b6:	f000 f90b 	bl	100027d0 <watchdog_start_tick>
100025ba:	f7fe fa39 	bl	10000a30 <running_on_fpga>
100025be:	2800      	cmp	r0, #0
100025c0:	d00d      	beq.n	100025de <clocks_init+0x2e>
100025c2:	2300      	movs	r3, #0
100025c4:	e004      	b.n	100025d0 <clocks_init+0x20>
100025c6:	0099      	lsls	r1, r3, #2
100025c8:	4a2d      	ldr	r2, [pc, #180]	; (10002680 <clocks_init+0xd0>)
100025ca:	482e      	ldr	r0, [pc, #184]	; (10002684 <clocks_init+0xd4>)
100025cc:	5088      	str	r0, [r1, r2]
100025ce:	3301      	adds	r3, #1
100025d0:	2b09      	cmp	r3, #9
100025d2:	d9f8      	bls.n	100025c6 <clocks_init+0x16>
100025d4:	4b2a      	ldr	r3, [pc, #168]	; (10002680 <clocks_init+0xd0>)
100025d6:	4a2c      	ldr	r2, [pc, #176]	; (10002688 <clocks_init+0xd8>)
100025d8:	625a      	str	r2, [r3, #36]	; 0x24
100025da:	b003      	add	sp, #12
100025dc:	bd30      	pop	{r4, r5, pc}
100025de:	4b2b      	ldr	r3, [pc, #172]	; (1000268c <clocks_init+0xdc>)
100025e0:	2200      	movs	r2, #0
100025e2:	679a      	str	r2, [r3, #120]	; 0x78
100025e4:	f000 f966 	bl	100028b4 <xosc_init>
100025e8:	4b29      	ldr	r3, [pc, #164]	; (10002690 <clocks_init+0xe0>)
100025ea:	2201      	movs	r2, #1
100025ec:	601a      	str	r2, [r3, #0]
100025ee:	4b27      	ldr	r3, [pc, #156]	; (1000268c <clocks_init+0xdc>)
100025f0:	6c5b      	ldr	r3, [r3, #68]	; 0x44
100025f2:	2b01      	cmp	r3, #1
100025f4:	d1fb      	bne.n	100025ee <clocks_init+0x3e>
100025f6:	4b27      	ldr	r3, [pc, #156]	; (10002694 <clocks_init+0xe4>)
100025f8:	2203      	movs	r2, #3
100025fa:	601a      	str	r2, [r3, #0]
100025fc:	4b23      	ldr	r3, [pc, #140]	; (1000268c <clocks_init+0xdc>)
100025fe:	6b9b      	ldr	r3, [r3, #56]	; 0x38
10002600:	2b01      	cmp	r3, #1
10002602:	d1fb      	bne.n	100025fc <clocks_init+0x4c>
10002604:	3301      	adds	r3, #1
10002606:	9300      	str	r3, [sp, #0]
10002608:	3304      	adds	r3, #4
1000260a:	4a23      	ldr	r2, [pc, #140]	; (10002698 <clocks_init+0xe8>)
1000260c:	2101      	movs	r1, #1
1000260e:	4823      	ldr	r0, [pc, #140]	; (1000269c <clocks_init+0xec>)
10002610:	f000 f84e 	bl	100026b0 <pll_init>
10002614:	2305      	movs	r3, #5
10002616:	9300      	str	r3, [sp, #0]
10002618:	4a21      	ldr	r2, [pc, #132]	; (100026a0 <clocks_init+0xf0>)
1000261a:	2101      	movs	r1, #1
1000261c:	4821      	ldr	r0, [pc, #132]	; (100026a4 <clocks_init+0xf4>)
1000261e:	f000 f847 	bl	100026b0 <pll_init>
10002622:	4b21      	ldr	r3, [pc, #132]	; (100026a8 <clocks_init+0xf8>)
10002624:	9300      	str	r3, [sp, #0]
10002626:	2200      	movs	r2, #0
10002628:	2102      	movs	r1, #2
1000262a:	2004      	movs	r0, #4
1000262c:	f7ff ff3c 	bl	100024a8 <clock_configure>
10002630:	4d1e      	ldr	r5, [pc, #120]	; (100026ac <clocks_init+0xfc>)
10002632:	9500      	str	r5, [sp, #0]
10002634:	002b      	movs	r3, r5
10002636:	2200      	movs	r2, #0
10002638:	2101      	movs	r1, #1
1000263a:	2005      	movs	r0, #5
1000263c:	f7ff ff34 	bl	100024a8 <clock_configure>
10002640:	4c10      	ldr	r4, [pc, #64]	; (10002684 <clocks_init+0xd4>)
10002642:	9400      	str	r4, [sp, #0]
10002644:	0023      	movs	r3, r4
10002646:	2200      	movs	r2, #0
10002648:	2100      	movs	r1, #0
1000264a:	2007      	movs	r0, #7
1000264c:	f7ff ff2c 	bl	100024a8 <clock_configure>
10002650:	9400      	str	r4, [sp, #0]
10002652:	0023      	movs	r3, r4
10002654:	2200      	movs	r2, #0
10002656:	2100      	movs	r1, #0
10002658:	2008      	movs	r0, #8
1000265a:	f7ff ff25 	bl	100024a8 <clock_configure>
1000265e:	4b0a      	ldr	r3, [pc, #40]	; (10002688 <clocks_init+0xd8>)
10002660:	9300      	str	r3, [sp, #0]
10002662:	0023      	movs	r3, r4
10002664:	2200      	movs	r2, #0
10002666:	2100      	movs	r1, #0
10002668:	2009      	movs	r0, #9
1000266a:	f7ff ff1d 	bl	100024a8 <clock_configure>
1000266e:	9500      	str	r5, [sp, #0]
10002670:	002b      	movs	r3, r5
10002672:	2200      	movs	r2, #0
10002674:	2100      	movs	r1, #0
10002676:	2006      	movs	r0, #6
10002678:	f7ff ff16 	bl	100024a8 <clock_configure>
1000267c:	e7ad      	b.n	100025da <clocks_init+0x2a>
1000267e:	46c0      	nop			; (mov r8, r8)
10002680:	20001e2c 	.word	0x20001e2c
10002684:	02dc6c00 	.word	0x02dc6c00
10002688:	0000b71b 	.word	0x0000b71b
1000268c:	40008000 	.word	0x40008000
10002690:	4000b03c 	.word	0x4000b03c
10002694:	4000b030 	.word	0x4000b030
10002698:	59682f00 	.word	0x59682f00
1000269c:	40028000 	.word	0x40028000
100026a0:	47868c00 	.word	0x47868c00
100026a4:	4002c000 	.word	0x4002c000
100026a8:	00b71b00 	.word	0x00b71b00
100026ac:	07735940 	.word	0x07735940

100026b0 <pll_init>:
100026b0:	b5f0      	push	{r4, r5, r6, r7, lr}
100026b2:	46c6      	mov	lr, r8
100026b4:	b500      	push	{lr}
100026b6:	0004      	movs	r4, r0
100026b8:	000e      	movs	r6, r1
100026ba:	0017      	movs	r7, r2
100026bc:	001d      	movs	r5, r3
100026be:	4837      	ldr	r0, [pc, #220]	; (1000279c <pll_init+0xec>)
100026c0:	f001 fadc 	bl	10003c7c <__wrap___aeabi_uidiv>
100026c4:	4680      	mov	r8, r0
100026c6:	4b36      	ldr	r3, [pc, #216]	; (100027a0 <pll_init+0xf0>)
100026c8:	18fa      	adds	r2, r7, r3
100026ca:	4b36      	ldr	r3, [pc, #216]	; (100027a4 <pll_init+0xf4>)
100026cc:	429a      	cmp	r2, r3
100026ce:	d839      	bhi.n	10002744 <pll_init+0x94>
100026d0:	0001      	movs	r1, r0
100026d2:	0038      	movs	r0, r7
100026d4:	f001 fad2 	bl	10003c7c <__wrap___aeabi_uidiv>
100026d8:	0002      	movs	r2, r0
100026da:	3a10      	subs	r2, #16
100026dc:	2398      	movs	r3, #152	; 0x98
100026de:	005b      	lsls	r3, r3, #1
100026e0:	429a      	cmp	r2, r3
100026e2:	d835      	bhi.n	10002750 <pll_init+0xa0>
100026e4:	1e6b      	subs	r3, r5, #1
100026e6:	2b06      	cmp	r3, #6
100026e8:	d838      	bhi.n	1000275c <pll_init+0xac>
100026ea:	9b06      	ldr	r3, [sp, #24]
100026ec:	3b01      	subs	r3, #1
100026ee:	2b06      	cmp	r3, #6
100026f0:	d834      	bhi.n	1000275c <pll_init+0xac>
100026f2:	093f      	lsrs	r7, r7, #4
100026f4:	4547      	cmp	r7, r8
100026f6:	d337      	bcc.n	10002768 <pll_init+0xb8>
100026f8:	042d      	lsls	r5, r5, #16
100026fa:	9b06      	ldr	r3, [sp, #24]
100026fc:	031a      	lsls	r2, r3, #12
100026fe:	4315      	orrs	r5, r2
10002700:	6823      	ldr	r3, [r4, #0]
10002702:	2b00      	cmp	r3, #0
10002704:	db36      	blt.n	10002774 <pll_init+0xc4>
10002706:	4b28      	ldr	r3, [pc, #160]	; (100027a8 <pll_init+0xf8>)
10002708:	429c      	cmp	r4, r3
1000270a:	d044      	beq.n	10002796 <pll_init+0xe6>
1000270c:	2280      	movs	r2, #128	; 0x80
1000270e:	0152      	lsls	r2, r2, #5
10002710:	4b26      	ldr	r3, [pc, #152]	; (100027ac <pll_init+0xfc>)
10002712:	601a      	str	r2, [r3, #0]
10002714:	4b26      	ldr	r3, [pc, #152]	; (100027b0 <pll_init+0x100>)
10002716:	601a      	str	r2, [r3, #0]
10002718:	4b26      	ldr	r3, [pc, #152]	; (100027b4 <pll_init+0x104>)
1000271a:	689b      	ldr	r3, [r3, #8]
1000271c:	0011      	movs	r1, r2
1000271e:	4399      	bics	r1, r3
10002720:	d1fa      	bne.n	10002718 <pll_init+0x68>
10002722:	6026      	str	r6, [r4, #0]
10002724:	60a0      	str	r0, [r4, #8]
10002726:	1d23      	adds	r3, r4, #4
10002728:	22c0      	movs	r2, #192	; 0xc0
1000272a:	0192      	lsls	r2, r2, #6
1000272c:	431a      	orrs	r2, r3
1000272e:	2321      	movs	r3, #33	; 0x21
10002730:	6013      	str	r3, [r2, #0]
10002732:	6823      	ldr	r3, [r4, #0]
10002734:	2b00      	cmp	r3, #0
10002736:	dafc      	bge.n	10002732 <pll_init+0x82>
10002738:	60e5      	str	r5, [r4, #12]
1000273a:	2308      	movs	r3, #8
1000273c:	6013      	str	r3, [r2, #0]
1000273e:	bc80      	pop	{r7}
10002740:	46b8      	mov	r8, r7
10002742:	bdf0      	pop	{r4, r5, r6, r7, pc}
10002744:	4b1c      	ldr	r3, [pc, #112]	; (100027b8 <pll_init+0x108>)
10002746:	4a1d      	ldr	r2, [pc, #116]	; (100027bc <pll_init+0x10c>)
10002748:	2111      	movs	r1, #17
1000274a:	481d      	ldr	r0, [pc, #116]	; (100027c0 <pll_init+0x110>)
1000274c:	f000 f8e8 	bl	10002920 <__assert_func>
10002750:	4b1c      	ldr	r3, [pc, #112]	; (100027c4 <pll_init+0x114>)
10002752:	4a1a      	ldr	r2, [pc, #104]	; (100027bc <pll_init+0x10c>)
10002754:	2119      	movs	r1, #25
10002756:	481a      	ldr	r0, [pc, #104]	; (100027c0 <pll_init+0x110>)
10002758:	f000 f8e2 	bl	10002920 <__assert_func>
1000275c:	4b1a      	ldr	r3, [pc, #104]	; (100027c8 <pll_init+0x118>)
1000275e:	4a17      	ldr	r2, [pc, #92]	; (100027bc <pll_init+0x10c>)
10002760:	211c      	movs	r1, #28
10002762:	4817      	ldr	r0, [pc, #92]	; (100027c0 <pll_init+0x110>)
10002764:	f000 f8dc 	bl	10002920 <__assert_func>
10002768:	4b18      	ldr	r3, [pc, #96]	; (100027cc <pll_init+0x11c>)
1000276a:	4a14      	ldr	r2, [pc, #80]	; (100027bc <pll_init+0x10c>)
1000276c:	2123      	movs	r1, #35	; 0x23
1000276e:	4814      	ldr	r0, [pc, #80]	; (100027c0 <pll_init+0x110>)
10002770:	f000 f8d6 	bl	10002920 <__assert_func>
10002774:	6822      	ldr	r2, [r4, #0]
10002776:	233f      	movs	r3, #63	; 0x3f
10002778:	4013      	ands	r3, r2
1000277a:	42b3      	cmp	r3, r6
1000277c:	d1c3      	bne.n	10002706 <pll_init+0x56>
1000277e:	68a3      	ldr	r3, [r4, #8]
10002780:	051b      	lsls	r3, r3, #20
10002782:	0d1b      	lsrs	r3, r3, #20
10002784:	4283      	cmp	r3, r0
10002786:	d1be      	bne.n	10002706 <pll_init+0x56>
10002788:	68e3      	ldr	r3, [r4, #12]
1000278a:	22ee      	movs	r2, #238	; 0xee
1000278c:	02d2      	lsls	r2, r2, #11
1000278e:	4013      	ands	r3, r2
10002790:	42ab      	cmp	r3, r5
10002792:	d1b8      	bne.n	10002706 <pll_init+0x56>
10002794:	e7d3      	b.n	1000273e <pll_init+0x8e>
10002796:	2280      	movs	r2, #128	; 0x80
10002798:	0192      	lsls	r2, r2, #6
1000279a:	e7b9      	b.n	10002710 <pll_init+0x60>
1000279c:	00b71b00 	.word	0x00b71b00
100027a0:	d34be880 	.word	0xd34be880
100027a4:	32a9f880 	.word	0x32a9f880
100027a8:	4002c000 	.word	0x4002c000
100027ac:	4000e000 	.word	0x4000e000
100027b0:	4000f000 	.word	0x4000f000
100027b4:	4000c000 	.word	0x4000c000
100027b8:	1000b3d4 	.word	0x1000b3d4
100027bc:	1000b514 	.word	0x1000b514
100027c0:	1000b434 	.word	0x1000b434
100027c4:	1000b490 	.word	0x1000b490
100027c8:	1000b4ac 	.word	0x1000b4ac
100027cc:	1000b4f8 	.word	0x1000b4f8

100027d0 <watchdog_start_tick>:
100027d0:	2380      	movs	r3, #128	; 0x80
100027d2:	009b      	lsls	r3, r3, #2
100027d4:	4303      	orrs	r3, r0
100027d6:	4a01      	ldr	r2, [pc, #4]	; (100027dc <watchdog_start_tick+0xc>)
100027d8:	62d3      	str	r3, [r2, #44]	; 0x2c
100027da:	4770      	bx	lr
100027dc:	40058000 	.word	0x40058000

100027e0 <watchdog_update>:
100027e0:	4b02      	ldr	r3, [pc, #8]	; (100027ec <watchdog_update+0xc>)
100027e2:	681a      	ldr	r2, [r3, #0]
100027e4:	4b02      	ldr	r3, [pc, #8]	; (100027f0 <watchdog_update+0x10>)
100027e6:	605a      	str	r2, [r3, #4]
100027e8:	4770      	bx	lr
100027ea:	46c0      	nop			; (mov r8, r8)
100027ec:	200022d0 	.word	0x200022d0
100027f0:	40058000 	.word	0x40058000

100027f4 <_watchdog_enable>:
100027f4:	b510      	push	{r4, lr}
100027f6:	0002      	movs	r2, r0
100027f8:	4b16      	ldr	r3, [pc, #88]	; (10002854 <_watchdog_enable+0x60>)
100027fa:	2080      	movs	r0, #128	; 0x80
100027fc:	05c0      	lsls	r0, r0, #23
100027fe:	6018      	str	r0, [r3, #0]
10002800:	4b15      	ldr	r3, [pc, #84]	; (10002858 <_watchdog_enable+0x64>)
10002802:	4816      	ldr	r0, [pc, #88]	; (1000285c <_watchdog_enable+0x68>)
10002804:	6018      	str	r0, [r3, #0]
10002806:	2900      	cmp	r1, #0
10002808:	d00a      	beq.n	10002820 <_watchdog_enable+0x2c>
1000280a:	4b15      	ldr	r3, [pc, #84]	; (10002860 <_watchdog_enable+0x6c>)
1000280c:	21e0      	movs	r1, #224	; 0xe0
1000280e:	04c9      	lsls	r1, r1, #19
10002810:	6019      	str	r1, [r3, #0]
10002812:	2a00      	cmp	r2, #0
10002814:	d109      	bne.n	1000282a <_watchdog_enable+0x36>
10002816:	4b12      	ldr	r3, [pc, #72]	; (10002860 <_watchdog_enable+0x6c>)
10002818:	2280      	movs	r2, #128	; 0x80
1000281a:	0612      	lsls	r2, r2, #24
1000281c:	601a      	str	r2, [r3, #0]
1000281e:	bd10      	pop	{r4, pc}
10002820:	4b0c      	ldr	r3, [pc, #48]	; (10002854 <_watchdog_enable+0x60>)
10002822:	21e0      	movs	r1, #224	; 0xe0
10002824:	04c9      	lsls	r1, r1, #19
10002826:	6019      	str	r1, [r3, #0]
10002828:	e7f3      	b.n	10002812 <_watchdog_enable+0x1e>
1000282a:	0153      	lsls	r3, r2, #5
1000282c:	1a9b      	subs	r3, r3, r2
1000282e:	0098      	lsls	r0, r3, #2
10002830:	1880      	adds	r0, r0, r2
10002832:	0100      	lsls	r0, r0, #4
10002834:	4b0b      	ldr	r3, [pc, #44]	; (10002864 <_watchdog_enable+0x70>)
10002836:	6018      	str	r0, [r3, #0]
10002838:	2380      	movs	r3, #128	; 0x80
1000283a:	045b      	lsls	r3, r3, #17
1000283c:	4298      	cmp	r0, r3
1000283e:	d302      	bcc.n	10002846 <_watchdog_enable+0x52>
10002840:	4b08      	ldr	r3, [pc, #32]	; (10002864 <_watchdog_enable+0x70>)
10002842:	4a09      	ldr	r2, [pc, #36]	; (10002868 <_watchdog_enable+0x74>)
10002844:	601a      	str	r2, [r3, #0]
10002846:	f7ff ffcb 	bl	100027e0 <watchdog_update>
1000284a:	4b05      	ldr	r3, [pc, #20]	; (10002860 <_watchdog_enable+0x6c>)
1000284c:	2280      	movs	r2, #128	; 0x80
1000284e:	05d2      	lsls	r2, r2, #23
10002850:	601a      	str	r2, [r3, #0]
10002852:	e7e4      	b.n	1000281e <_watchdog_enable+0x2a>
10002854:	4005b000 	.word	0x4005b000
10002858:	40012008 	.word	0x40012008
1000285c:	0001fffc 	.word	0x0001fffc
10002860:	4005a000 	.word	0x4005a000
10002864:	200022d0 	.word	0x200022d0
10002868:	00ffffff 	.word	0x00ffffff

1000286c <watchdog_reboot>:
1000286c:	b510      	push	{r4, lr}
1000286e:	0003      	movs	r3, r0
10002870:	0010      	movs	r0, r2
10002872:	4a0c      	ldr	r2, [pc, #48]	; (100028a4 <watchdog_reboot+0x38>)
10002874:	2480      	movs	r4, #128	; 0x80
10002876:	05e4      	lsls	r4, r4, #23
10002878:	6014      	str	r4, [r2, #0]
1000287a:	2b00      	cmp	r3, #0
1000287c:	d00d      	beq.n	1000289a <watchdog_reboot+0x2e>
1000287e:	2201      	movs	r2, #1
10002880:	4313      	orrs	r3, r2
10002882:	4a09      	ldr	r2, [pc, #36]	; (100028a8 <watchdog_reboot+0x3c>)
10002884:	4c09      	ldr	r4, [pc, #36]	; (100028ac <watchdog_reboot+0x40>)
10002886:	61d4      	str	r4, [r2, #28]
10002888:	4c09      	ldr	r4, [pc, #36]	; (100028b0 <watchdog_reboot+0x44>)
1000288a:	405c      	eors	r4, r3
1000288c:	6214      	str	r4, [r2, #32]
1000288e:	6251      	str	r1, [r2, #36]	; 0x24
10002890:	6293      	str	r3, [r2, #40]	; 0x28
10002892:	2100      	movs	r1, #0
10002894:	f7ff ffae 	bl	100027f4 <_watchdog_enable>
10002898:	bd10      	pop	{r4, pc}
1000289a:	4b03      	ldr	r3, [pc, #12]	; (100028a8 <watchdog_reboot+0x3c>)
1000289c:	2200      	movs	r2, #0
1000289e:	61da      	str	r2, [r3, #28]
100028a0:	e7f7      	b.n	10002892 <watchdog_reboot+0x26>
100028a2:	46c0      	nop			; (mov r8, r8)
100028a4:	4005b000 	.word	0x4005b000
100028a8:	40058000 	.word	0x40058000
100028ac:	b007c0d3 	.word	0xb007c0d3
100028b0:	4ff83f2d 	.word	0x4ff83f2d

100028b4 <xosc_init>:
100028b4:	4b06      	ldr	r3, [pc, #24]	; (100028d0 <xosc_init+0x1c>)
100028b6:	22aa      	movs	r2, #170	; 0xaa
100028b8:	0112      	lsls	r2, r2, #4
100028ba:	601a      	str	r2, [r3, #0]
100028bc:	222f      	movs	r2, #47	; 0x2f
100028be:	60da      	str	r2, [r3, #12]
100028c0:	4b04      	ldr	r3, [pc, #16]	; (100028d4 <xosc_init+0x20>)
100028c2:	4a05      	ldr	r2, [pc, #20]	; (100028d8 <xosc_init+0x24>)
100028c4:	601a      	str	r2, [r3, #0]
100028c6:	4b02      	ldr	r3, [pc, #8]	; (100028d0 <xosc_init+0x1c>)
100028c8:	685b      	ldr	r3, [r3, #4]
100028ca:	2b00      	cmp	r3, #0
100028cc:	dafb      	bge.n	100028c6 <xosc_init+0x12>
100028ce:	4770      	bx	lr
100028d0:	40024000 	.word	0x40024000
100028d4:	40026000 	.word	0x40026000
100028d8:	00fab000 	.word	0x00fab000

100028dc <_exit>:
100028dc:	be00      	bkpt	0x0000
100028de:	e7fd      	b.n	100028dc <_exit>

100028e0 <_sbrk>:
100028e0:	0003      	movs	r3, r0
100028e2:	4a0a      	ldr	r2, [pc, #40]	; (1000290c <_sbrk+0x2c>)
100028e4:	6812      	ldr	r2, [r2, #0]
100028e6:	2a00      	cmp	r2, #0
100028e8:	d008      	beq.n	100028fc <_sbrk+0x1c>
100028ea:	4a08      	ldr	r2, [pc, #32]	; (1000290c <_sbrk+0x2c>)
100028ec:	6810      	ldr	r0, [r2, #0]
100028ee:	18c3      	adds	r3, r0, r3
100028f0:	4a07      	ldr	r2, [pc, #28]	; (10002910 <_sbrk+0x30>)
100028f2:	429a      	cmp	r2, r3
100028f4:	d306      	bcc.n	10002904 <_sbrk+0x24>
100028f6:	4a05      	ldr	r2, [pc, #20]	; (1000290c <_sbrk+0x2c>)
100028f8:	6013      	str	r3, [r2, #0]
100028fa:	4770      	bx	lr
100028fc:	4a03      	ldr	r2, [pc, #12]	; (1000290c <_sbrk+0x2c>)
100028fe:	4905      	ldr	r1, [pc, #20]	; (10002914 <_sbrk+0x34>)
10002900:	6011      	str	r1, [r2, #0]
10002902:	e7f2      	b.n	100028ea <_sbrk+0xa>
10002904:	2001      	movs	r0, #1
10002906:	4240      	negs	r0, r0
10002908:	e7f7      	b.n	100028fa <_sbrk+0x1a>
1000290a:	46c0      	nop			; (mov r8, r8)
1000290c:	20001ecc 	.word	0x20001ecc
10002910:	20040000 	.word	0x20040000
10002914:	20002534 	.word	0x20002534

10002918 <exit>:
10002918:	b510      	push	{r4, lr}
1000291a:	f7ff ffdf 	bl	100028dc <_exit>
	...

10002920 <__assert_func>:
10002920:	b510      	push	{r4, lr}
10002922:	b082      	sub	sp, #8
10002924:	000c      	movs	r4, r1
10002926:	0019      	movs	r1, r3
10002928:	2a00      	cmp	r2, #0
1000292a:	d00c      	beq.n	10002946 <__assert_func+0x26>
1000292c:	4b08      	ldr	r3, [pc, #32]	; (10002950 <__assert_func+0x30>)
1000292e:	2a00      	cmp	r2, #0
10002930:	d00b      	beq.n	1000294a <__assert_func+0x2a>
10002932:	9201      	str	r2, [sp, #4]
10002934:	9300      	str	r3, [sp, #0]
10002936:	0023      	movs	r3, r4
10002938:	0002      	movs	r2, r0
1000293a:	4806      	ldr	r0, [pc, #24]	; (10002954 <__assert_func+0x34>)
1000293c:	f002 fd26 	bl	1000538c <__wrap_printf>
10002940:	2001      	movs	r0, #1
10002942:	f7ff ffcb 	bl	100028dc <_exit>
10002946:	4b04      	ldr	r3, [pc, #16]	; (10002958 <__assert_func+0x38>)
10002948:	e7f1      	b.n	1000292e <__assert_func+0xe>
1000294a:	4a03      	ldr	r2, [pc, #12]	; (10002958 <__assert_func+0x38>)
1000294c:	e7f1      	b.n	10002932 <__assert_func+0x12>
1000294e:	46c0      	nop			; (mov r8, r8)
10002950:	1000b520 	.word	0x1000b520
10002954:	1000b530 	.word	0x1000b530
10002958:	1000a91c 	.word	0x1000a91c

1000295c <runtime_init>:
1000295c:	b570      	push	{r4, r5, r6, lr}
1000295e:	4b2b      	ldr	r3, [pc, #172]	; (10002a0c <runtime_init+0xb0>)
10002960:	4a2b      	ldr	r2, [pc, #172]	; (10002a10 <runtime_init+0xb4>)
10002962:	601a      	str	r2, [r3, #0]
10002964:	4b2b      	ldr	r3, [pc, #172]	; (10002a14 <runtime_init+0xb8>)
10002966:	4a2c      	ldr	r2, [pc, #176]	; (10002a18 <runtime_init+0xbc>)
10002968:	601a      	str	r2, [r3, #0]
1000296a:	4b2c      	ldr	r3, [pc, #176]	; (10002a1c <runtime_init+0xc0>)
1000296c:	689a      	ldr	r2, [r3, #8]
1000296e:	4b2a      	ldr	r3, [pc, #168]	; (10002a18 <runtime_init+0xbc>)
10002970:	4393      	bics	r3, r2
10002972:	d1fa      	bne.n	1000296a <runtime_init+0xe>
10002974:	4c2a      	ldr	r4, [pc, #168]	; (10002a20 <runtime_init+0xc4>)
10002976:	e001      	b.n	1000297c <runtime_init+0x20>
10002978:	cc08      	ldmia	r4!, {r3}
1000297a:	4798      	blx	r3
1000297c:	4b29      	ldr	r3, [pc, #164]	; (10002a24 <runtime_init+0xc8>)
1000297e:	429c      	cmp	r4, r3
10002980:	d3fa      	bcc.n	10002978 <runtime_init+0x1c>
10002982:	f7ff fe15 	bl	100025b0 <clocks_init>
10002986:	4b23      	ldr	r3, [pc, #140]	; (10002a14 <runtime_init+0xb8>)
10002988:	4a27      	ldr	r2, [pc, #156]	; (10002a28 <runtime_init+0xcc>)
1000298a:	601a      	str	r2, [r3, #0]
1000298c:	4b23      	ldr	r3, [pc, #140]	; (10002a1c <runtime_init+0xc0>)
1000298e:	689b      	ldr	r3, [r3, #8]
10002990:	43db      	mvns	r3, r3
10002992:	01db      	lsls	r3, r3, #7
10002994:	d1fa      	bne.n	1000298c <runtime_init+0x30>
10002996:	4b25      	ldr	r3, [pc, #148]	; (10002a2c <runtime_init+0xd0>)
10002998:	2240      	movs	r2, #64	; 0x40
1000299a:	679a      	str	r2, [r3, #120]	; 0x78
1000299c:	675a      	str	r2, [r3, #116]	; 0x74
1000299e:	671a      	str	r2, [r3, #112]	; 0x70
100029a0:	66da      	str	r2, [r3, #108]	; 0x6c
100029a2:	4c23      	ldr	r4, [pc, #140]	; (10002a30 <runtime_init+0xd4>)
100029a4:	e009      	b.n	100029ba <runtime_init+0x5e>
100029a6:	4b23      	ldr	r3, [pc, #140]	; (10002a34 <runtime_init+0xd8>)
100029a8:	4a23      	ldr	r2, [pc, #140]	; (10002a38 <runtime_init+0xdc>)
100029aa:	2187      	movs	r1, #135	; 0x87
100029ac:	4823      	ldr	r0, [pc, #140]	; (10002a3c <runtime_init+0xe0>)
100029ae:	f7ff ffb7 	bl	10002920 <__assert_func>
100029b2:	0020      	movs	r0, r4
100029b4:	f7fe fc26 	bl	10001204 <mutex_init>
100029b8:	3408      	adds	r4, #8
100029ba:	4b21      	ldr	r3, [pc, #132]	; (10002a40 <runtime_init+0xe4>)
100029bc:	429c      	cmp	r4, r3
100029be:	d209      	bcs.n	100029d4 <runtime_init+0x78>
100029c0:	6823      	ldr	r3, [r4, #0]
100029c2:	2b00      	cmp	r3, #0
100029c4:	d0f5      	beq.n	100029b2 <runtime_init+0x56>
100029c6:	2b01      	cmp	r3, #1
100029c8:	d1ed      	bne.n	100029a6 <runtime_init+0x4a>
100029ca:	0020      	movs	r0, r4
100029cc:	f7fe fc27 	bl	1000121e <recursive_mutex_init>
100029d0:	3408      	adds	r4, #8
100029d2:	e7f2      	b.n	100029ba <runtime_init+0x5e>
100029d4:	4c1b      	ldr	r4, [pc, #108]	; (10002a44 <runtime_init+0xe8>)
100029d6:	68a1      	ldr	r1, [r4, #8]
100029d8:	4d1b      	ldr	r5, [pc, #108]	; (10002a48 <runtime_init+0xec>)
100029da:	22c0      	movs	r2, #192	; 0xc0
100029dc:	0028      	movs	r0, r5
100029de:	f002 fb6f 	bl	100050c0 <__wrap___aeabi_memcpy>
100029e2:	60a5      	str	r5, [r4, #8]
100029e4:	f3ef 8305 	mrs	r3, IPSR
100029e8:	2b00      	cmp	r3, #0
100029ea:	d000      	beq.n	100029ee <runtime_init+0x92>
100029ec:	be00      	bkpt	0x0000
100029ee:	f7fe f881 	bl	10000af4 <spin_locks_reset>
100029f2:	f7fe fbdd 	bl	100011b0 <irq_init_priorities>
100029f6:	f7fe ff75 	bl	100018e4 <alarm_pool_init_default>
100029fa:	4c14      	ldr	r4, [pc, #80]	; (10002a4c <runtime_init+0xf0>)
100029fc:	e001      	b.n	10002a02 <runtime_init+0xa6>
100029fe:	cc08      	ldmia	r4!, {r3}
10002a00:	4798      	blx	r3
10002a02:	4b13      	ldr	r3, [pc, #76]	; (10002a50 <runtime_init+0xf4>)
10002a04:	429c      	cmp	r4, r3
10002a06:	d3fa      	bcc.n	100029fe <runtime_init+0xa2>
10002a08:	bd70      	pop	{r4, r5, r6, pc}
10002a0a:	46c0      	nop			; (mov r8, r8)
10002a0c:	4000e000 	.word	0x4000e000
10002a10:	fefbcdbf 	.word	0xfefbcdbf
10002a14:	4000f000 	.word	0x4000f000
10002a18:	003c7ffe 	.word	0x003c7ffe
10002a1c:	4000c000 	.word	0x4000c000
10002a20:	20001758 	.word	0x20001758
10002a24:	20001768 	.word	0x20001768
10002a28:	01ffffff 	.word	0x01ffffff
10002a2c:	4001f000 	.word	0x4001f000
10002a30:	20001750 	.word	0x20001750
10002a34:	1000b560 	.word	0x1000b560
10002a38:	1000b5f0 	.word	0x1000b5f0
10002a3c:	1000b580 	.word	0x1000b580
10002a40:	20001758 	.word	0x20001758
10002a44:	e000ed00 	.word	0xe000ed00
10002a48:	20000000 	.word	0x20000000
10002a4c:	20001768 	.word	0x20001768
10002a50:	20001770 	.word	0x20001770

10002a54 <panic>:
10002a54:	b40f      	push	{r0, r1, r2, r3}
10002a56:	b500      	push	{lr}
10002a58:	b083      	sub	sp, #12
10002a5a:	4808      	ldr	r0, [pc, #32]	; (10002a7c <panic+0x28>)
10002a5c:	f002 fc66 	bl	1000532c <__wrap_puts>
10002a60:	9b04      	ldr	r3, [sp, #16]
10002a62:	2b00      	cmp	r3, #0
10002a64:	d007      	beq.n	10002a76 <panic+0x22>
10002a66:	a905      	add	r1, sp, #20
10002a68:	9101      	str	r1, [sp, #4]
10002a6a:	0018      	movs	r0, r3
10002a6c:	f002 fc6e 	bl	1000534c <__wrap_vprintf>
10002a70:	4803      	ldr	r0, [pc, #12]	; (10002a80 <panic+0x2c>)
10002a72:	f002 fc5b 	bl	1000532c <__wrap_puts>
10002a76:	2001      	movs	r0, #1
10002a78:	f7ff ff30 	bl	100028dc <_exit>
10002a7c:	1000b5e0 	.word	0x1000b5e0
10002a80:	1000a8f4 	.word	0x1000a8f4

10002a84 <_out_null>:
10002a84:	4770      	bx	lr

10002a86 <_out_fct>:
10002a86:	b510      	push	{r4, lr}
10002a88:	2800      	cmp	r0, #0
10002a8a:	d002      	beq.n	10002a92 <_out_fct+0xc>
10002a8c:	680b      	ldr	r3, [r1, #0]
10002a8e:	6849      	ldr	r1, [r1, #4]
10002a90:	4798      	blx	r3
10002a92:	bd10      	pop	{r4, pc}

10002a94 <_atoi>:
10002a94:	0001      	movs	r1, r0
10002a96:	2000      	movs	r0, #0
10002a98:	e007      	b.n	10002aaa <_atoi+0x16>
10002a9a:	0083      	lsls	r3, r0, #2
10002a9c:	181b      	adds	r3, r3, r0
10002a9e:	005b      	lsls	r3, r3, #1
10002aa0:	1c50      	adds	r0, r2, #1
10002aa2:	6008      	str	r0, [r1, #0]
10002aa4:	7810      	ldrb	r0, [r2, #0]
10002aa6:	18c0      	adds	r0, r0, r3
10002aa8:	3830      	subs	r0, #48	; 0x30
10002aaa:	680a      	ldr	r2, [r1, #0]
10002aac:	7813      	ldrb	r3, [r2, #0]
10002aae:	3b30      	subs	r3, #48	; 0x30
10002ab0:	b2db      	uxtb	r3, r3
10002ab2:	2b09      	cmp	r3, #9
10002ab4:	d9f1      	bls.n	10002a9a <_atoi+0x6>
10002ab6:	4770      	bx	lr

10002ab8 <_out_rev>:
10002ab8:	b5f0      	push	{r4, r5, r6, r7, lr}
10002aba:	46de      	mov	lr, fp
10002abc:	4657      	mov	r7, sl
10002abe:	464e      	mov	r6, r9
10002ac0:	4645      	mov	r5, r8
10002ac2:	b5e0      	push	{r5, r6, r7, lr}
10002ac4:	b083      	sub	sp, #12
10002ac6:	4693      	mov	fp, r2
10002ac8:	001f      	movs	r7, r3
10002aca:	9b0c      	ldr	r3, [sp, #48]	; 0x30
10002acc:	469a      	mov	sl, r3
10002ace:	9c0d      	ldr	r4, [sp, #52]	; 0x34
10002ad0:	9b0e      	ldr	r3, [sp, #56]	; 0x38
10002ad2:	4699      	mov	r9, r3
10002ad4:	9b0f      	ldr	r3, [sp, #60]	; 0x3c
10002ad6:	079b      	lsls	r3, r3, #30
10002ad8:	d003      	beq.n	10002ae2 <_out_rev+0x2a>
10002ada:	46b8      	mov	r8, r7
10002adc:	000f      	movs	r7, r1
10002ade:	0006      	movs	r6, r0
10002ae0:	e022      	b.n	10002b28 <_out_rev+0x70>
10002ae2:	9201      	str	r2, [sp, #4]
10002ae4:	46a3      	mov	fp, r4
10002ae6:	4688      	mov	r8, r1
10002ae8:	464e      	mov	r6, r9
10002aea:	46b9      	mov	r9, r7
10002aec:	0007      	movs	r7, r0
10002aee:	42b4      	cmp	r4, r6
10002af0:	d207      	bcs.n	10002b02 <_out_rev+0x4a>
10002af2:	1c55      	adds	r5, r2, #1
10002af4:	464b      	mov	r3, r9
10002af6:	4641      	mov	r1, r8
10002af8:	2020      	movs	r0, #32
10002afa:	47b8      	blx	r7
10002afc:	3401      	adds	r4, #1
10002afe:	002a      	movs	r2, r5
10002b00:	e7f5      	b.n	10002aee <_out_rev+0x36>
10002b02:	003d      	movs	r5, r7
10002b04:	464f      	mov	r7, r9
10002b06:	465c      	mov	r4, fp
10002b08:	9b01      	ldr	r3, [sp, #4]
10002b0a:	469b      	mov	fp, r3
10002b0c:	46b1      	mov	r9, r6
10002b0e:	4646      	mov	r6, r8
10002b10:	46b8      	mov	r8, r7
10002b12:	0037      	movs	r7, r6
10002b14:	002e      	movs	r6, r5
10002b16:	e007      	b.n	10002b28 <_out_rev+0x70>
10002b18:	3c01      	subs	r4, #1
10002b1a:	1c55      	adds	r5, r2, #1
10002b1c:	4653      	mov	r3, sl
10002b1e:	5d18      	ldrb	r0, [r3, r4]
10002b20:	4643      	mov	r3, r8
10002b22:	0039      	movs	r1, r7
10002b24:	47b0      	blx	r6
10002b26:	002a      	movs	r2, r5
10002b28:	2c00      	cmp	r4, #0
10002b2a:	d1f5      	bne.n	10002b18 <_out_rev+0x60>
10002b2c:	0035      	movs	r5, r6
10002b2e:	003e      	movs	r6, r7
10002b30:	4647      	mov	r7, r8
10002b32:	9b0f      	ldr	r3, [sp, #60]	; 0x3c
10002b34:	079b      	lsls	r3, r3, #30
10002b36:	d407      	bmi.n	10002b48 <_out_rev+0x90>
10002b38:	0010      	movs	r0, r2
10002b3a:	b003      	add	sp, #12
10002b3c:	bcf0      	pop	{r4, r5, r6, r7}
10002b3e:	46bb      	mov	fp, r7
10002b40:	46b2      	mov	sl, r6
10002b42:	46a9      	mov	r9, r5
10002b44:	46a0      	mov	r8, r4
10002b46:	bdf0      	pop	{r4, r5, r6, r7, pc}
10002b48:	46b0      	mov	r8, r6
10002b4a:	464e      	mov	r6, r9
10002b4c:	46b9      	mov	r9, r7
10002b4e:	002f      	movs	r7, r5
10002b50:	465d      	mov	r5, fp
10002b52:	1b53      	subs	r3, r2, r5
10002b54:	42b3      	cmp	r3, r6
10002b56:	d2ef      	bcs.n	10002b38 <_out_rev+0x80>
10002b58:	1c54      	adds	r4, r2, #1
10002b5a:	464b      	mov	r3, r9
10002b5c:	4641      	mov	r1, r8
10002b5e:	2020      	movs	r0, #32
10002b60:	47b8      	blx	r7
10002b62:	0022      	movs	r2, r4
10002b64:	e7f5      	b.n	10002b52 <_out_rev+0x9a>

10002b66 <_ntoa_format>:
10002b66:	b5f0      	push	{r4, r5, r6, r7, lr}
10002b68:	46ce      	mov	lr, r9
10002b6a:	4647      	mov	r7, r8
10002b6c:	b580      	push	{r7, lr}
10002b6e:	b085      	sub	sp, #20
10002b70:	4694      	mov	ip, r2
10002b72:	4698      	mov	r8, r3
10002b74:	9d0c      	ldr	r5, [sp, #48]	; 0x30
10002b76:	9c0d      	ldr	r4, [sp, #52]	; 0x34
10002b78:	ab0e      	add	r3, sp, #56	; 0x38
10002b7a:	781b      	ldrb	r3, [r3, #0]
10002b7c:	4699      	mov	r9, r3
10002b7e:	9a10      	ldr	r2, [sp, #64]	; 0x40
10002b80:	9b11      	ldr	r3, [sp, #68]	; 0x44
10002b82:	9e12      	ldr	r6, [sp, #72]	; 0x48
10002b84:	07b7      	lsls	r7, r6, #30
10002b86:	d41c      	bmi.n	10002bc2 <_ntoa_format+0x5c>
10002b88:	2b00      	cmp	r3, #0
10002b8a:	d00c      	beq.n	10002ba6 <_ntoa_format+0x40>
10002b8c:	07f7      	lsls	r7, r6, #31
10002b8e:	d50a      	bpl.n	10002ba6 <_ntoa_format+0x40>
10002b90:	464f      	mov	r7, r9
10002b92:	2f00      	cmp	r7, #0
10002b94:	d102      	bne.n	10002b9c <_ntoa_format+0x36>
10002b96:	370c      	adds	r7, #12
10002b98:	4237      	tst	r7, r6
10002b9a:	d004      	beq.n	10002ba6 <_ntoa_format+0x40>
10002b9c:	3b01      	subs	r3, #1
10002b9e:	e002      	b.n	10002ba6 <_ntoa_format+0x40>
10002ba0:	2730      	movs	r7, #48	; 0x30
10002ba2:	552f      	strb	r7, [r5, r4]
10002ba4:	3401      	adds	r4, #1
10002ba6:	4294      	cmp	r4, r2
10002ba8:	d201      	bcs.n	10002bae <_ntoa_format+0x48>
10002baa:	2c1f      	cmp	r4, #31
10002bac:	d9f8      	bls.n	10002ba0 <_ntoa_format+0x3a>
10002bae:	07f7      	lsls	r7, r6, #31
10002bb0:	d507      	bpl.n	10002bc2 <_ntoa_format+0x5c>
10002bb2:	429c      	cmp	r4, r3
10002bb4:	d205      	bcs.n	10002bc2 <_ntoa_format+0x5c>
10002bb6:	2c1f      	cmp	r4, #31
10002bb8:	d803      	bhi.n	10002bc2 <_ntoa_format+0x5c>
10002bba:	2730      	movs	r7, #48	; 0x30
10002bbc:	552f      	strb	r7, [r5, r4]
10002bbe:	3401      	adds	r4, #1
10002bc0:	e7f5      	b.n	10002bae <_ntoa_format+0x48>
10002bc2:	06f7      	lsls	r7, r6, #27
10002bc4:	d515      	bpl.n	10002bf2 <_ntoa_format+0x8c>
10002bc6:	0577      	lsls	r7, r6, #21
10002bc8:	d405      	bmi.n	10002bd6 <_ntoa_format+0x70>
10002bca:	2c00      	cmp	r4, #0
10002bcc:	d003      	beq.n	10002bd6 <_ntoa_format+0x70>
10002bce:	4294      	cmp	r4, r2
10002bd0:	d024      	beq.n	10002c1c <_ntoa_format+0xb6>
10002bd2:	429c      	cmp	r4, r3
10002bd4:	d022      	beq.n	10002c1c <_ntoa_format+0xb6>
10002bd6:	9a0f      	ldr	r2, [sp, #60]	; 0x3c
10002bd8:	2a10      	cmp	r2, #16
10002bda:	d02b      	beq.n	10002c34 <_ntoa_format+0xce>
10002bdc:	9a0f      	ldr	r2, [sp, #60]	; 0x3c
10002bde:	2a10      	cmp	r2, #16
10002be0:	d030      	beq.n	10002c44 <_ntoa_format+0xde>
10002be2:	9a0f      	ldr	r2, [sp, #60]	; 0x3c
10002be4:	2a02      	cmp	r2, #2
10002be6:	d035      	beq.n	10002c54 <_ntoa_format+0xee>
10002be8:	2c1f      	cmp	r4, #31
10002bea:	d802      	bhi.n	10002bf2 <_ntoa_format+0x8c>
10002bec:	2230      	movs	r2, #48	; 0x30
10002bee:	552a      	strb	r2, [r5, r4]
10002bf0:	3401      	adds	r4, #1
10002bf2:	2c1f      	cmp	r4, #31
10002bf4:	d805      	bhi.n	10002c02 <_ntoa_format+0x9c>
10002bf6:	464a      	mov	r2, r9
10002bf8:	2a00      	cmp	r2, #0
10002bfa:	d031      	beq.n	10002c60 <_ntoa_format+0xfa>
10002bfc:	222d      	movs	r2, #45	; 0x2d
10002bfe:	552a      	strb	r2, [r5, r4]
10002c00:	3401      	adds	r4, #1
10002c02:	9603      	str	r6, [sp, #12]
10002c04:	9302      	str	r3, [sp, #8]
10002c06:	9401      	str	r4, [sp, #4]
10002c08:	9500      	str	r5, [sp, #0]
10002c0a:	4643      	mov	r3, r8
10002c0c:	4662      	mov	r2, ip
10002c0e:	f7ff ff53 	bl	10002ab8 <_out_rev>
10002c12:	b005      	add	sp, #20
10002c14:	bcc0      	pop	{r6, r7}
10002c16:	46b9      	mov	r9, r7
10002c18:	46b0      	mov	r8, r6
10002c1a:	bdf0      	pop	{r4, r5, r6, r7, pc}
10002c1c:	1e62      	subs	r2, r4, #1
10002c1e:	2c01      	cmp	r4, #1
10002c20:	d006      	beq.n	10002c30 <_ntoa_format+0xca>
10002c22:	9f0f      	ldr	r7, [sp, #60]	; 0x3c
10002c24:	2f10      	cmp	r7, #16
10002c26:	d001      	beq.n	10002c2c <_ntoa_format+0xc6>
10002c28:	0014      	movs	r4, r2
10002c2a:	e7d4      	b.n	10002bd6 <_ntoa_format+0x70>
10002c2c:	3c02      	subs	r4, #2
10002c2e:	e7d2      	b.n	10002bd6 <_ntoa_format+0x70>
10002c30:	0014      	movs	r4, r2
10002c32:	e7d0      	b.n	10002bd6 <_ntoa_format+0x70>
10002c34:	06b2      	lsls	r2, r6, #26
10002c36:	d4d1      	bmi.n	10002bdc <_ntoa_format+0x76>
10002c38:	2c1f      	cmp	r4, #31
10002c3a:	d8cf      	bhi.n	10002bdc <_ntoa_format+0x76>
10002c3c:	2278      	movs	r2, #120	; 0x78
10002c3e:	552a      	strb	r2, [r5, r4]
10002c40:	3401      	adds	r4, #1
10002c42:	e7d1      	b.n	10002be8 <_ntoa_format+0x82>
10002c44:	06b2      	lsls	r2, r6, #26
10002c46:	d5cc      	bpl.n	10002be2 <_ntoa_format+0x7c>
10002c48:	2c1f      	cmp	r4, #31
10002c4a:	d8ca      	bhi.n	10002be2 <_ntoa_format+0x7c>
10002c4c:	2258      	movs	r2, #88	; 0x58
10002c4e:	552a      	strb	r2, [r5, r4]
10002c50:	3401      	adds	r4, #1
10002c52:	e7c9      	b.n	10002be8 <_ntoa_format+0x82>
10002c54:	2c1f      	cmp	r4, #31
10002c56:	d8c7      	bhi.n	10002be8 <_ntoa_format+0x82>
10002c58:	3260      	adds	r2, #96	; 0x60
10002c5a:	552a      	strb	r2, [r5, r4]
10002c5c:	3401      	adds	r4, #1
10002c5e:	e7c3      	b.n	10002be8 <_ntoa_format+0x82>
10002c60:	0772      	lsls	r2, r6, #29
10002c62:	d503      	bpl.n	10002c6c <_ntoa_format+0x106>
10002c64:	222b      	movs	r2, #43	; 0x2b
10002c66:	552a      	strb	r2, [r5, r4]
10002c68:	3401      	adds	r4, #1
10002c6a:	e7ca      	b.n	10002c02 <_ntoa_format+0x9c>
10002c6c:	0732      	lsls	r2, r6, #28
10002c6e:	d5c8      	bpl.n	10002c02 <_ntoa_format+0x9c>
10002c70:	2220      	movs	r2, #32
10002c72:	552a      	strb	r2, [r5, r4]
10002c74:	3401      	adds	r4, #1
10002c76:	e7c4      	b.n	10002c02 <_ntoa_format+0x9c>

10002c78 <_ntoa_long>:
10002c78:	b5f0      	push	{r4, r5, r6, r7, lr}
10002c7a:	46de      	mov	lr, fp
10002c7c:	4657      	mov	r7, sl
10002c7e:	464e      	mov	r6, r9
10002c80:	4645      	mov	r5, r8
10002c82:	b5e0      	push	{r5, r6, r7, lr}
10002c84:	b093      	sub	sp, #76	; 0x4c
10002c86:	4681      	mov	r9, r0
10002c88:	468a      	mov	sl, r1
10002c8a:	9208      	str	r2, [sp, #32]
10002c8c:	9309      	str	r3, [sp, #36]	; 0x24
10002c8e:	ab1c      	add	r3, sp, #112	; 0x70
10002c90:	cb10      	ldmia	r3!, {r4}
10002c92:	781b      	ldrb	r3, [r3, #0]
10002c94:	469b      	mov	fp, r3
10002c96:	9d1e      	ldr	r5, [sp, #120]	; 0x78
10002c98:	9b21      	ldr	r3, [sp, #132]	; 0x84
10002c9a:	4698      	mov	r8, r3
10002c9c:	2c00      	cmp	r4, #0
10002c9e:	d103      	bne.n	10002ca8 <_ntoa_long+0x30>
10002ca0:	2310      	movs	r3, #16
10002ca2:	4642      	mov	r2, r8
10002ca4:	439a      	bics	r2, r3
10002ca6:	4690      	mov	r8, r2
10002ca8:	2380      	movs	r3, #128	; 0x80
10002caa:	00db      	lsls	r3, r3, #3
10002cac:	4646      	mov	r6, r8
10002cae:	401e      	ands	r6, r3
10002cb0:	4642      	mov	r2, r8
10002cb2:	421a      	tst	r2, r3
10002cb4:	d012      	beq.n	10002cdc <_ntoa_long+0x64>
10002cb6:	2c00      	cmp	r4, #0
10002cb8:	d022      	beq.n	10002d00 <_ntoa_long+0x88>
10002cba:	2600      	movs	r6, #0
10002cbc:	e00e      	b.n	10002cdc <_ntoa_long+0x64>
10002cbe:	3330      	adds	r3, #48	; 0x30
10002cc0:	b2d9      	uxtb	r1, r3
10002cc2:	1c77      	adds	r7, r6, #1
10002cc4:	ab0a      	add	r3, sp, #40	; 0x28
10002cc6:	5599      	strb	r1, [r3, r6]
10002cc8:	0029      	movs	r1, r5
10002cca:	0020      	movs	r0, r4
10002ccc:	f000 ffd6 	bl	10003c7c <__wrap___aeabi_uidiv>
10002cd0:	42ac      	cmp	r4, r5
10002cd2:	d316      	bcc.n	10002d02 <_ntoa_long+0x8a>
10002cd4:	2f1f      	cmp	r7, #31
10002cd6:	d814      	bhi.n	10002d02 <_ntoa_long+0x8a>
10002cd8:	003e      	movs	r6, r7
10002cda:	0004      	movs	r4, r0
10002cdc:	0029      	movs	r1, r5
10002cde:	0020      	movs	r0, r4
10002ce0:	f000 ffcc 	bl	10003c7c <__wrap___aeabi_uidiv>
10002ce4:	b2cb      	uxtb	r3, r1
10002ce6:	2b09      	cmp	r3, #9
10002ce8:	d9e9      	bls.n	10002cbe <_ntoa_long+0x46>
10002cea:	4642      	mov	r2, r8
10002cec:	0692      	lsls	r2, r2, #26
10002cee:	d505      	bpl.n	10002cfc <_ntoa_long+0x84>
10002cf0:	2141      	movs	r1, #65	; 0x41
10002cf2:	18c9      	adds	r1, r1, r3
10002cf4:	b2c9      	uxtb	r1, r1
10002cf6:	390a      	subs	r1, #10
10002cf8:	b2c9      	uxtb	r1, r1
10002cfa:	e7e2      	b.n	10002cc2 <_ntoa_long+0x4a>
10002cfc:	2161      	movs	r1, #97	; 0x61
10002cfe:	e7f8      	b.n	10002cf2 <_ntoa_long+0x7a>
10002d00:	0027      	movs	r7, r4
10002d02:	4643      	mov	r3, r8
10002d04:	9306      	str	r3, [sp, #24]
10002d06:	9b20      	ldr	r3, [sp, #128]	; 0x80
10002d08:	9305      	str	r3, [sp, #20]
10002d0a:	9b1f      	ldr	r3, [sp, #124]	; 0x7c
10002d0c:	9304      	str	r3, [sp, #16]
10002d0e:	9503      	str	r5, [sp, #12]
10002d10:	465b      	mov	r3, fp
10002d12:	9302      	str	r3, [sp, #8]
10002d14:	9701      	str	r7, [sp, #4]
10002d16:	ab0a      	add	r3, sp, #40	; 0x28
10002d18:	9300      	str	r3, [sp, #0]
10002d1a:	9b09      	ldr	r3, [sp, #36]	; 0x24
10002d1c:	9a08      	ldr	r2, [sp, #32]
10002d1e:	4651      	mov	r1, sl
10002d20:	4648      	mov	r0, r9
10002d22:	f7ff ff20 	bl	10002b66 <_ntoa_format>
10002d26:	b013      	add	sp, #76	; 0x4c
10002d28:	bcf0      	pop	{r4, r5, r6, r7}
10002d2a:	46bb      	mov	fp, r7
10002d2c:	46b2      	mov	sl, r6
10002d2e:	46a9      	mov	r9, r5
10002d30:	46a0      	mov	r8, r4
10002d32:	bdf0      	pop	{r4, r5, r6, r7, pc}

10002d34 <_ntoa_long_long>:
10002d34:	b5f0      	push	{r4, r5, r6, r7, lr}
10002d36:	46de      	mov	lr, fp
10002d38:	4657      	mov	r7, sl
10002d3a:	464e      	mov	r6, r9
10002d3c:	4645      	mov	r5, r8
10002d3e:	b5e0      	push	{r5, r6, r7, lr}
10002d40:	b095      	sub	sp, #84	; 0x54
10002d42:	9008      	str	r0, [sp, #32]
10002d44:	9109      	str	r1, [sp, #36]	; 0x24
10002d46:	920a      	str	r2, [sp, #40]	; 0x28
10002d48:	930b      	str	r3, [sp, #44]	; 0x2c
10002d4a:	9e1e      	ldr	r6, [sp, #120]	; 0x78
10002d4c:	9c1f      	ldr	r4, [sp, #124]	; 0x7c
10002d4e:	ab20      	add	r3, sp, #128	; 0x80
10002d50:	781b      	ldrb	r3, [r3, #0]
10002d52:	469b      	mov	fp, r3
10002d54:	9b22      	ldr	r3, [sp, #136]	; 0x88
10002d56:	4699      	mov	r9, r3
10002d58:	9d23      	ldr	r5, [sp, #140]	; 0x8c
10002d5a:	9b26      	ldr	r3, [sp, #152]	; 0x98
10002d5c:	469a      	mov	sl, r3
10002d5e:	0033      	movs	r3, r6
10002d60:	4323      	orrs	r3, r4
10002d62:	d103      	bne.n	10002d6c <_ntoa_long_long+0x38>
10002d64:	3310      	adds	r3, #16
10002d66:	4652      	mov	r2, sl
10002d68:	439a      	bics	r2, r3
10002d6a:	4692      	mov	sl, r2
10002d6c:	2380      	movs	r3, #128	; 0x80
10002d6e:	00db      	lsls	r3, r3, #3
10002d70:	4657      	mov	r7, sl
10002d72:	401f      	ands	r7, r3
10002d74:	4652      	mov	r2, sl
10002d76:	421a      	tst	r2, r3
10002d78:	d019      	beq.n	10002dae <_ntoa_long_long+0x7a>
10002d7a:	0033      	movs	r3, r6
10002d7c:	4323      	orrs	r3, r4
10002d7e:	d02d      	beq.n	10002ddc <_ntoa_long_long+0xa8>
10002d80:	2700      	movs	r7, #0
10002d82:	e014      	b.n	10002dae <_ntoa_long_long+0x7a>
10002d84:	3330      	adds	r3, #48	; 0x30
10002d86:	b2da      	uxtb	r2, r3
10002d88:	1c7b      	adds	r3, r7, #1
10002d8a:	4698      	mov	r8, r3
10002d8c:	ab0c      	add	r3, sp, #48	; 0x30
10002d8e:	55da      	strb	r2, [r3, r7]
10002d90:	464a      	mov	r2, r9
10002d92:	002b      	movs	r3, r5
10002d94:	0030      	movs	r0, r6
10002d96:	0021      	movs	r1, r4
10002d98:	f000 ffae 	bl	10003cf8 <__wrap___aeabi_uldivmod>
10002d9c:	42a5      	cmp	r5, r4
10002d9e:	d81f      	bhi.n	10002de0 <_ntoa_long_long+0xac>
10002da0:	d019      	beq.n	10002dd6 <_ntoa_long_long+0xa2>
10002da2:	4643      	mov	r3, r8
10002da4:	2b1f      	cmp	r3, #31
10002da6:	d81b      	bhi.n	10002de0 <_ntoa_long_long+0xac>
10002da8:	4647      	mov	r7, r8
10002daa:	0006      	movs	r6, r0
10002dac:	000c      	movs	r4, r1
10002dae:	464a      	mov	r2, r9
10002db0:	002b      	movs	r3, r5
10002db2:	0030      	movs	r0, r6
10002db4:	0021      	movs	r1, r4
10002db6:	f000 ff9f 	bl	10003cf8 <__wrap___aeabi_uldivmod>
10002dba:	b2d3      	uxtb	r3, r2
10002dbc:	2b09      	cmp	r3, #9
10002dbe:	d9e1      	bls.n	10002d84 <_ntoa_long_long+0x50>
10002dc0:	4652      	mov	r2, sl
10002dc2:	0692      	lsls	r2, r2, #26
10002dc4:	d505      	bpl.n	10002dd2 <_ntoa_long_long+0x9e>
10002dc6:	2241      	movs	r2, #65	; 0x41
10002dc8:	18d2      	adds	r2, r2, r3
10002dca:	b2d2      	uxtb	r2, r2
10002dcc:	3a0a      	subs	r2, #10
10002dce:	b2d2      	uxtb	r2, r2
10002dd0:	e7da      	b.n	10002d88 <_ntoa_long_long+0x54>
10002dd2:	2261      	movs	r2, #97	; 0x61
10002dd4:	e7f8      	b.n	10002dc8 <_ntoa_long_long+0x94>
10002dd6:	45b1      	cmp	r9, r6
10002dd8:	d9e3      	bls.n	10002da2 <_ntoa_long_long+0x6e>
10002dda:	e001      	b.n	10002de0 <_ntoa_long_long+0xac>
10002ddc:	2300      	movs	r3, #0
10002dde:	4698      	mov	r8, r3
10002de0:	4653      	mov	r3, sl
10002de2:	9306      	str	r3, [sp, #24]
10002de4:	9b25      	ldr	r3, [sp, #148]	; 0x94
10002de6:	9305      	str	r3, [sp, #20]
10002de8:	9b24      	ldr	r3, [sp, #144]	; 0x90
10002dea:	9304      	str	r3, [sp, #16]
10002dec:	464b      	mov	r3, r9
10002dee:	9303      	str	r3, [sp, #12]
10002df0:	465b      	mov	r3, fp
10002df2:	9302      	str	r3, [sp, #8]
10002df4:	4643      	mov	r3, r8
10002df6:	9301      	str	r3, [sp, #4]
10002df8:	ab0c      	add	r3, sp, #48	; 0x30
10002dfa:	9300      	str	r3, [sp, #0]
10002dfc:	9b0b      	ldr	r3, [sp, #44]	; 0x2c
10002dfe:	9a0a      	ldr	r2, [sp, #40]	; 0x28
10002e00:	9909      	ldr	r1, [sp, #36]	; 0x24
10002e02:	9808      	ldr	r0, [sp, #32]
10002e04:	f7ff feaf 	bl	10002b66 <_ntoa_format>
10002e08:	b015      	add	sp, #84	; 0x54
10002e0a:	bcf0      	pop	{r4, r5, r6, r7}
10002e0c:	46bb      	mov	fp, r7
10002e0e:	46b2      	mov	sl, r6
10002e10:	46a9      	mov	r9, r5
10002e12:	46a0      	mov	r8, r4
10002e14:	bdf0      	pop	{r4, r5, r6, r7, pc}
	...

10002e18 <_etoa>:
10002e18:	b5f0      	push	{r4, r5, r6, r7, lr}
10002e1a:	46de      	mov	lr, fp
10002e1c:	4657      	mov	r7, sl
10002e1e:	464e      	mov	r6, r9
10002e20:	4645      	mov	r5, r8
10002e22:	b5e0      	push	{r5, r6, r7, lr}
10002e24:	b091      	sub	sp, #68	; 0x44
10002e26:	4683      	mov	fp, r0
10002e28:	468a      	mov	sl, r1
10002e2a:	920c      	str	r2, [sp, #48]	; 0x30
10002e2c:	4698      	mov	r8, r3
10002e2e:	9c1a      	ldr	r4, [sp, #104]	; 0x68
10002e30:	9408      	str	r4, [sp, #32]
10002e32:	9d1b      	ldr	r5, [sp, #108]	; 0x6c
10002e34:	9509      	str	r5, [sp, #36]	; 0x24
10002e36:	0022      	movs	r2, r4
10002e38:	002b      	movs	r3, r5
10002e3a:	0020      	movs	r0, r4
10002e3c:	0029      	movs	r1, r5
10002e3e:	f001 f9ee 	bl	1000421e <__wrap___aeabi_dcmpun>
10002e42:	2800      	cmp	r0, #0
10002e44:	d000      	beq.n	10002e48 <_etoa+0x30>
10002e46:	e0e5      	b.n	10003014 <_etoa+0x1fc>
10002e48:	2201      	movs	r2, #1
10002e4a:	4252      	negs	r2, r2
10002e4c:	4bd7      	ldr	r3, [pc, #860]	; (100031ac <_etoa+0x394>)
10002e4e:	0020      	movs	r0, r4
10002e50:	0029      	movs	r1, r5
10002e52:	f001 f9df 	bl	10004214 <__wrap___aeabi_dcmpgt>
10002e56:	2800      	cmp	r0, #0
10002e58:	d000      	beq.n	10002e5c <_etoa+0x44>
10002e5a:	e0db      	b.n	10003014 <_etoa+0x1fc>
10002e5c:	2201      	movs	r2, #1
10002e5e:	4252      	negs	r2, r2
10002e60:	4bd3      	ldr	r3, [pc, #844]	; (100031b0 <_etoa+0x398>)
10002e62:	0020      	movs	r0, r4
10002e64:	0029      	movs	r1, r5
10002e66:	f001 f9bf 	bl	100041e8 <__wrap___aeabi_dcmplt>
10002e6a:	2800      	cmp	r0, #0
10002e6c:	d000      	beq.n	10002e70 <_etoa+0x58>
10002e6e:	e0d1      	b.n	10003014 <_etoa+0x1fc>
10002e70:	2200      	movs	r2, #0
10002e72:	2300      	movs	r3, #0
10002e74:	9e08      	ldr	r6, [sp, #32]
10002e76:	0030      	movs	r0, r6
10002e78:	9d09      	ldr	r5, [sp, #36]	; 0x24
10002e7a:	0029      	movs	r1, r5
10002e7c:	f001 f9b4 	bl	100041e8 <__wrap___aeabi_dcmplt>
10002e80:	2800      	cmp	r0, #0
10002e82:	d000      	beq.n	10002e86 <_etoa+0x6e>
10002e84:	e0dd      	b.n	10003042 <_etoa+0x22a>
10002e86:	9808      	ldr	r0, [sp, #32]
10002e88:	9909      	ldr	r1, [sp, #36]	; 0x24
10002e8a:	9006      	str	r0, [sp, #24]
10002e8c:	9107      	str	r1, [sp, #28]
10002e8e:	2380      	movs	r3, #128	; 0x80
10002e90:	00db      	lsls	r3, r3, #3
10002e92:	9a1e      	ldr	r2, [sp, #120]	; 0x78
10002e94:	401a      	ands	r2, r3
10002e96:	920d      	str	r2, [sp, #52]	; 0x34
10002e98:	9a1e      	ldr	r2, [sp, #120]	; 0x78
10002e9a:	421a      	tst	r2, r3
10002e9c:	d101      	bne.n	10002ea2 <_etoa+0x8a>
10002e9e:	2306      	movs	r3, #6
10002ea0:	931c      	str	r3, [sp, #112]	; 0x70
10002ea2:	9806      	ldr	r0, [sp, #24]
10002ea4:	9907      	ldr	r1, [sp, #28]
10002ea6:	0004      	movs	r4, r0
10002ea8:	000d      	movs	r5, r1
10002eaa:	000a      	movs	r2, r1
10002eac:	0006      	movs	r6, r0
10002eae:	4302      	orrs	r2, r0
10002eb0:	d100      	bne.n	10002eb4 <_etoa+0x9c>
10002eb2:	e0d1      	b.n	10003058 <_etoa+0x240>
10002eb4:	0d08      	lsrs	r0, r1, #20
10002eb6:	0540      	lsls	r0, r0, #21
10002eb8:	0d40      	lsrs	r0, r0, #21
10002eba:	4cbe      	ldr	r4, [pc, #760]	; (100031b4 <_etoa+0x39c>)
10002ebc:	46a4      	mov	ip, r4
10002ebe:	4460      	add	r0, ip
10002ec0:	030a      	lsls	r2, r1, #12
10002ec2:	0b12      	lsrs	r2, r2, #12
10002ec4:	4bbc      	ldr	r3, [pc, #752]	; (100031b8 <_etoa+0x3a0>)
10002ec6:	4313      	orrs	r3, r2
10002ec8:	001f      	movs	r7, r3
10002eca:	f001 f9bb 	bl	10004244 <__wrap___aeabi_i2d>
10002ece:	4abb      	ldr	r2, [pc, #748]	; (100031bc <_etoa+0x3a4>)
10002ed0:	4bbb      	ldr	r3, [pc, #748]	; (100031c0 <_etoa+0x3a8>)
10002ed2:	f001 f93e 	bl	10004152 <__wrap___aeabi_dmul>
10002ed6:	4abb      	ldr	r2, [pc, #748]	; (100031c4 <_etoa+0x3ac>)
10002ed8:	4bbb      	ldr	r3, [pc, #748]	; (100031c8 <_etoa+0x3b0>)
10002eda:	f001 f913 	bl	10004104 <__wrap___aeabi_dadd>
10002ede:	0004      	movs	r4, r0
10002ee0:	000d      	movs	r5, r1
10002ee2:	2200      	movs	r2, #0
10002ee4:	4bb9      	ldr	r3, [pc, #740]	; (100031cc <_etoa+0x3b4>)
10002ee6:	0030      	movs	r0, r6
10002ee8:	0039      	movs	r1, r7
10002eea:	f001 f902 	bl	100040f2 <__wrap___aeabi_dsub>
10002eee:	4ab8      	ldr	r2, [pc, #736]	; (100031d0 <_etoa+0x3b8>)
10002ef0:	4bb8      	ldr	r3, [pc, #736]	; (100031d4 <_etoa+0x3bc>)
10002ef2:	f001 f92e 	bl	10004152 <__wrap___aeabi_dmul>
10002ef6:	0002      	movs	r2, r0
10002ef8:	000b      	movs	r3, r1
10002efa:	0020      	movs	r0, r4
10002efc:	0029      	movs	r1, r5
10002efe:	f001 f901 	bl	10004104 <__wrap___aeabi_dadd>
10002f02:	f001 f9b7 	bl	10004274 <__wrap___aeabi_d2iz>
10002f06:	4681      	mov	r9, r0
10002f08:	f001 f99c 	bl	10004244 <__wrap___aeabi_i2d>
10002f0c:	0004      	movs	r4, r0
10002f0e:	000d      	movs	r5, r1
10002f10:	4ab1      	ldr	r2, [pc, #708]	; (100031d8 <_etoa+0x3c0>)
10002f12:	4bb2      	ldr	r3, [pc, #712]	; (100031dc <_etoa+0x3c4>)
10002f14:	f001 f91d 	bl	10004152 <__wrap___aeabi_dmul>
10002f18:	2200      	movs	r2, #0
10002f1a:	4bb1      	ldr	r3, [pc, #708]	; (100031e0 <_etoa+0x3c8>)
10002f1c:	f001 f8f2 	bl	10004104 <__wrap___aeabi_dadd>
10002f20:	f001 f9a8 	bl	10004274 <__wrap___aeabi_d2iz>
10002f24:	0006      	movs	r6, r0
10002f26:	4aaf      	ldr	r2, [pc, #700]	; (100031e4 <_etoa+0x3cc>)
10002f28:	4baf      	ldr	r3, [pc, #700]	; (100031e8 <_etoa+0x3d0>)
10002f2a:	0020      	movs	r0, r4
10002f2c:	0029      	movs	r1, r5
10002f2e:	f001 f910 	bl	10004152 <__wrap___aeabi_dmul>
10002f32:	0004      	movs	r4, r0
10002f34:	000d      	movs	r5, r1
10002f36:	0030      	movs	r0, r6
10002f38:	f001 f984 	bl	10004244 <__wrap___aeabi_i2d>
10002f3c:	4aab      	ldr	r2, [pc, #684]	; (100031ec <_etoa+0x3d4>)
10002f3e:	4bac      	ldr	r3, [pc, #688]	; (100031f0 <_etoa+0x3d8>)
10002f40:	f001 f907 	bl	10004152 <__wrap___aeabi_dmul>
10002f44:	0002      	movs	r2, r0
10002f46:	000b      	movs	r3, r1
10002f48:	0020      	movs	r0, r4
10002f4a:	0029      	movs	r1, r5
10002f4c:	f001 f8d1 	bl	100040f2 <__wrap___aeabi_dsub>
10002f50:	0004      	movs	r4, r0
10002f52:	000d      	movs	r5, r1
10002f54:	0002      	movs	r2, r0
10002f56:	000b      	movs	r3, r1
10002f58:	f001 f8fb 	bl	10004152 <__wrap___aeabi_dmul>
10002f5c:	900a      	str	r0, [sp, #40]	; 0x28
10002f5e:	910b      	str	r1, [sp, #44]	; 0x2c
10002f60:	4ba4      	ldr	r3, [pc, #656]	; (100031f4 <_etoa+0x3dc>)
10002f62:	18f3      	adds	r3, r6, r3
10002f64:	2600      	movs	r6, #0
10002f66:	051f      	lsls	r7, r3, #20
10002f68:	0022      	movs	r2, r4
10002f6a:	002b      	movs	r3, r5
10002f6c:	0020      	movs	r0, r4
10002f6e:	0029      	movs	r1, r5
10002f70:	f001 f8c8 	bl	10004104 <__wrap___aeabi_dadd>
10002f74:	900e      	str	r0, [sp, #56]	; 0x38
10002f76:	910f      	str	r1, [sp, #60]	; 0x3c
10002f78:	0022      	movs	r2, r4
10002f7a:	002b      	movs	r3, r5
10002f7c:	2000      	movs	r0, #0
10002f7e:	2180      	movs	r1, #128	; 0x80
10002f80:	05c9      	lsls	r1, r1, #23
10002f82:	f001 f8b6 	bl	100040f2 <__wrap___aeabi_dsub>
10002f86:	0004      	movs	r4, r0
10002f88:	000d      	movs	r5, r1
10002f8a:	2200      	movs	r2, #0
10002f8c:	4b9a      	ldr	r3, [pc, #616]	; (100031f8 <_etoa+0x3e0>)
10002f8e:	980a      	ldr	r0, [sp, #40]	; 0x28
10002f90:	990b      	ldr	r1, [sp, #44]	; 0x2c
10002f92:	f001 f8c0 	bl	10004116 <__wrap___aeabi_ddiv>
10002f96:	2200      	movs	r2, #0
10002f98:	4b98      	ldr	r3, [pc, #608]	; (100031fc <_etoa+0x3e4>)
10002f9a:	f001 f8b3 	bl	10004104 <__wrap___aeabi_dadd>
10002f9e:	0002      	movs	r2, r0
10002fa0:	000b      	movs	r3, r1
10002fa2:	980a      	ldr	r0, [sp, #40]	; 0x28
10002fa4:	990b      	ldr	r1, [sp, #44]	; 0x2c
10002fa6:	f001 f8b6 	bl	10004116 <__wrap___aeabi_ddiv>
10002faa:	2200      	movs	r2, #0
10002fac:	4b94      	ldr	r3, [pc, #592]	; (10003200 <_etoa+0x3e8>)
10002fae:	f001 f8a9 	bl	10004104 <__wrap___aeabi_dadd>
10002fb2:	0002      	movs	r2, r0
10002fb4:	000b      	movs	r3, r1
10002fb6:	980a      	ldr	r0, [sp, #40]	; 0x28
10002fb8:	990b      	ldr	r1, [sp, #44]	; 0x2c
10002fba:	f001 f8ac 	bl	10004116 <__wrap___aeabi_ddiv>
10002fbe:	0002      	movs	r2, r0
10002fc0:	000b      	movs	r3, r1
10002fc2:	0020      	movs	r0, r4
10002fc4:	0029      	movs	r1, r5
10002fc6:	f001 f89d 	bl	10004104 <__wrap___aeabi_dadd>
10002fca:	0002      	movs	r2, r0
10002fcc:	000b      	movs	r3, r1
10002fce:	980e      	ldr	r0, [sp, #56]	; 0x38
10002fd0:	990f      	ldr	r1, [sp, #60]	; 0x3c
10002fd2:	f001 f8a0 	bl	10004116 <__wrap___aeabi_ddiv>
10002fd6:	2200      	movs	r2, #0
10002fd8:	4b77      	ldr	r3, [pc, #476]	; (100031b8 <_etoa+0x3a0>)
10002fda:	f001 f893 	bl	10004104 <__wrap___aeabi_dadd>
10002fde:	0032      	movs	r2, r6
10002fe0:	003b      	movs	r3, r7
10002fe2:	f001 f8b6 	bl	10004152 <__wrap___aeabi_dmul>
10002fe6:	0006      	movs	r6, r0
10002fe8:	000f      	movs	r7, r1
10002fea:	0004      	movs	r4, r0
10002fec:	000d      	movs	r5, r1
10002fee:	9a06      	ldr	r2, [sp, #24]
10002ff0:	9b07      	ldr	r3, [sp, #28]
10002ff2:	f001 f90f 	bl	10004214 <__wrap___aeabi_dcmpgt>
10002ff6:	2800      	cmp	r0, #0
10002ff8:	d030      	beq.n	1000305c <_etoa+0x244>
10002ffa:	2301      	movs	r3, #1
10002ffc:	425b      	negs	r3, r3
10002ffe:	469c      	mov	ip, r3
10003000:	44e1      	add	r9, ip
10003002:	2200      	movs	r2, #0
10003004:	4b7d      	ldr	r3, [pc, #500]	; (100031fc <_etoa+0x3e4>)
10003006:	0030      	movs	r0, r6
10003008:	0039      	movs	r1, r7
1000300a:	f001 f884 	bl	10004116 <__wrap___aeabi_ddiv>
1000300e:	0004      	movs	r4, r0
10003010:	000d      	movs	r5, r1
10003012:	e023      	b.n	1000305c <_etoa+0x244>
10003014:	9b1e      	ldr	r3, [sp, #120]	; 0x78
10003016:	9304      	str	r3, [sp, #16]
10003018:	9b1d      	ldr	r3, [sp, #116]	; 0x74
1000301a:	9303      	str	r3, [sp, #12]
1000301c:	9b1c      	ldr	r3, [sp, #112]	; 0x70
1000301e:	9302      	str	r3, [sp, #8]
10003020:	9a08      	ldr	r2, [sp, #32]
10003022:	9b09      	ldr	r3, [sp, #36]	; 0x24
10003024:	9200      	str	r2, [sp, #0]
10003026:	9301      	str	r3, [sp, #4]
10003028:	4643      	mov	r3, r8
1000302a:	9a0c      	ldr	r2, [sp, #48]	; 0x30
1000302c:	4651      	mov	r1, sl
1000302e:	4658      	mov	r0, fp
10003030:	f000 f8fc 	bl	1000322c <_ftoa>
10003034:	b011      	add	sp, #68	; 0x44
10003036:	bcf0      	pop	{r4, r5, r6, r7}
10003038:	46bb      	mov	fp, r7
1000303a:	46b2      	mov	sl, r6
1000303c:	46a9      	mov	r9, r5
1000303e:	46a0      	mov	r8, r4
10003040:	bdf0      	pop	{r4, r5, r6, r7, pc}
10003042:	2300      	movs	r3, #0
10003044:	2400      	movs	r4, #0
10003046:	9306      	str	r3, [sp, #24]
10003048:	9407      	str	r4, [sp, #28]
1000304a:	9606      	str	r6, [sp, #24]
1000304c:	2380      	movs	r3, #128	; 0x80
1000304e:	061b      	lsls	r3, r3, #24
10003050:	469c      	mov	ip, r3
10003052:	4465      	add	r5, ip
10003054:	9507      	str	r5, [sp, #28]
10003056:	e71a      	b.n	10002e8e <_etoa+0x76>
10003058:	2300      	movs	r3, #0
1000305a:	4699      	mov	r9, r3
1000305c:	464b      	mov	r3, r9
1000305e:	3363      	adds	r3, #99	; 0x63
10003060:	2bc6      	cmp	r3, #198	; 0xc6
10003062:	d81e      	bhi.n	100030a2 <_etoa+0x28a>
10003064:	2604      	movs	r6, #4
10003066:	9b1e      	ldr	r3, [sp, #120]	; 0x78
10003068:	051b      	lsls	r3, r3, #20
1000306a:	d526      	bpl.n	100030ba <_etoa+0x2a2>
1000306c:	002b      	movs	r3, r5
1000306e:	4323      	orrs	r3, r4
10003070:	d00f      	beq.n	10003092 <_etoa+0x27a>
10003072:	4a64      	ldr	r2, [pc, #400]	; (10003204 <_etoa+0x3ec>)
10003074:	4b64      	ldr	r3, [pc, #400]	; (10003208 <_etoa+0x3f0>)
10003076:	9806      	ldr	r0, [sp, #24]
10003078:	9907      	ldr	r1, [sp, #28]
1000307a:	f001 f8c3 	bl	10004204 <__wrap___aeabi_dcmpge>
1000307e:	2800      	cmp	r0, #0
10003080:	d079      	beq.n	10003176 <_etoa+0x35e>
10003082:	2200      	movs	r2, #0
10003084:	4b61      	ldr	r3, [pc, #388]	; (1000320c <_etoa+0x3f4>)
10003086:	9806      	ldr	r0, [sp, #24]
10003088:	9907      	ldr	r1, [sp, #28]
1000308a:	f001 f8ad 	bl	100041e8 <__wrap___aeabi_dcmplt>
1000308e:	2800      	cmp	r0, #0
10003090:	d071      	beq.n	10003176 <_etoa+0x35e>
10003092:	9b1c      	ldr	r3, [sp, #112]	; 0x70
10003094:	454b      	cmp	r3, r9
10003096:	dd06      	ble.n	100030a6 <_etoa+0x28e>
10003098:	464a      	mov	r2, r9
1000309a:	1a98      	subs	r0, r3, r2
1000309c:	1e43      	subs	r3, r0, #1
1000309e:	931c      	str	r3, [sp, #112]	; 0x70
100030a0:	e003      	b.n	100030aa <_etoa+0x292>
100030a2:	2605      	movs	r6, #5
100030a4:	e7df      	b.n	10003066 <_etoa+0x24e>
100030a6:	2300      	movs	r3, #0
100030a8:	931c      	str	r3, [sp, #112]	; 0x70
100030aa:	2380      	movs	r3, #128	; 0x80
100030ac:	00db      	lsls	r3, r3, #3
100030ae:	9a1e      	ldr	r2, [sp, #120]	; 0x78
100030b0:	431a      	orrs	r2, r3
100030b2:	921e      	str	r2, [sp, #120]	; 0x78
100030b4:	2600      	movs	r6, #0
100030b6:	2300      	movs	r3, #0
100030b8:	4699      	mov	r9, r3
100030ba:	9b1d      	ldr	r3, [sp, #116]	; 0x74
100030bc:	429e      	cmp	r6, r3
100030be:	d264      	bcs.n	1000318a <_etoa+0x372>
100030c0:	1b9f      	subs	r7, r3, r6
100030c2:	2302      	movs	r3, #2
100030c4:	9a1e      	ldr	r2, [sp, #120]	; 0x78
100030c6:	401a      	ands	r2, r3
100030c8:	920a      	str	r2, [sp, #40]	; 0x28
100030ca:	9a1e      	ldr	r2, [sp, #120]	; 0x78
100030cc:	4213      	tst	r3, r2
100030ce:	d002      	beq.n	100030d6 <_etoa+0x2be>
100030d0:	2e00      	cmp	r6, #0
100030d2:	d000      	beq.n	100030d6 <_etoa+0x2be>
100030d4:	2700      	movs	r7, #0
100030d6:	464b      	mov	r3, r9
100030d8:	2b00      	cmp	r3, #0
100030da:	d007      	beq.n	100030ec <_etoa+0x2d4>
100030dc:	0022      	movs	r2, r4
100030de:	002b      	movs	r3, r5
100030e0:	9806      	ldr	r0, [sp, #24]
100030e2:	9907      	ldr	r1, [sp, #28]
100030e4:	f001 f817 	bl	10004116 <__wrap___aeabi_ddiv>
100030e8:	9006      	str	r0, [sp, #24]
100030ea:	9107      	str	r1, [sp, #28]
100030ec:	2200      	movs	r2, #0
100030ee:	2300      	movs	r3, #0
100030f0:	9808      	ldr	r0, [sp, #32]
100030f2:	9909      	ldr	r1, [sp, #36]	; 0x24
100030f4:	f001 f878 	bl	100041e8 <__wrap___aeabi_dcmplt>
100030f8:	2800      	cmp	r0, #0
100030fa:	d148      	bne.n	1000318e <_etoa+0x376>
100030fc:	4b44      	ldr	r3, [pc, #272]	; (10003210 <_etoa+0x3f8>)
100030fe:	9a1e      	ldr	r2, [sp, #120]	; 0x78
10003100:	4013      	ands	r3, r2
10003102:	9304      	str	r3, [sp, #16]
10003104:	9703      	str	r7, [sp, #12]
10003106:	9b1c      	ldr	r3, [sp, #112]	; 0x70
10003108:	9302      	str	r3, [sp, #8]
1000310a:	9b06      	ldr	r3, [sp, #24]
1000310c:	9c07      	ldr	r4, [sp, #28]
1000310e:	9300      	str	r3, [sp, #0]
10003110:	9401      	str	r4, [sp, #4]
10003112:	4643      	mov	r3, r8
10003114:	9a0c      	ldr	r2, [sp, #48]	; 0x30
10003116:	4651      	mov	r1, sl
10003118:	4658      	mov	r0, fp
1000311a:	f000 f887 	bl	1000322c <_ftoa>
1000311e:	2e00      	cmp	r6, #0
10003120:	d100      	bne.n	10003124 <_etoa+0x30c>
10003122:	e787      	b.n	10003034 <_etoa+0x21c>
10003124:	9b1e      	ldr	r3, [sp, #120]	; 0x78
10003126:	069b      	lsls	r3, r3, #26
10003128:	d53d      	bpl.n	100031a6 <_etoa+0x38e>
1000312a:	2545      	movs	r5, #69	; 0x45
1000312c:	1c44      	adds	r4, r0, #1
1000312e:	4643      	mov	r3, r8
10003130:	0002      	movs	r2, r0
10003132:	4651      	mov	r1, sl
10003134:	0028      	movs	r0, r5
10003136:	47d8      	blx	fp
10003138:	464b      	mov	r3, r9
1000313a:	17da      	asrs	r2, r3, #31
1000313c:	189b      	adds	r3, r3, r2
1000313e:	4053      	eors	r3, r2
10003140:	2205      	movs	r2, #5
10003142:	9205      	str	r2, [sp, #20]
10003144:	3e01      	subs	r6, #1
10003146:	9604      	str	r6, [sp, #16]
10003148:	2200      	movs	r2, #0
1000314a:	9203      	str	r2, [sp, #12]
1000314c:	320a      	adds	r2, #10
1000314e:	9202      	str	r2, [sp, #8]
10003150:	464a      	mov	r2, r9
10003152:	0fd0      	lsrs	r0, r2, #31
10003154:	9001      	str	r0, [sp, #4]
10003156:	9300      	str	r3, [sp, #0]
10003158:	4643      	mov	r3, r8
1000315a:	0022      	movs	r2, r4
1000315c:	4651      	mov	r1, sl
1000315e:	4658      	mov	r0, fp
10003160:	f7ff fd8a 	bl	10002c78 <_ntoa_long>
10003164:	9b0a      	ldr	r3, [sp, #40]	; 0x28
10003166:	2b00      	cmp	r3, #0
10003168:	d100      	bne.n	1000316c <_etoa+0x354>
1000316a:	e763      	b.n	10003034 <_etoa+0x21c>
1000316c:	0002      	movs	r2, r0
1000316e:	465f      	mov	r7, fp
10003170:	9e0c      	ldr	r6, [sp, #48]	; 0x30
10003172:	9d1d      	ldr	r5, [sp, #116]	; 0x74
10003174:	e054      	b.n	10003220 <_etoa+0x408>
10003176:	9b1c      	ldr	r3, [sp, #112]	; 0x70
10003178:	2b00      	cmp	r3, #0
1000317a:	d09e      	beq.n	100030ba <_etoa+0x2a2>
1000317c:	9b0d      	ldr	r3, [sp, #52]	; 0x34
1000317e:	2b00      	cmp	r3, #0
10003180:	d09b      	beq.n	100030ba <_etoa+0x2a2>
10003182:	9b1c      	ldr	r3, [sp, #112]	; 0x70
10003184:	3b01      	subs	r3, #1
10003186:	931c      	str	r3, [sp, #112]	; 0x70
10003188:	e797      	b.n	100030ba <_etoa+0x2a2>
1000318a:	2700      	movs	r7, #0
1000318c:	e799      	b.n	100030c2 <_etoa+0x2aa>
1000318e:	9c06      	ldr	r4, [sp, #24]
10003190:	9d07      	ldr	r5, [sp, #28]
10003192:	0022      	movs	r2, r4
10003194:	0029      	movs	r1, r5
10003196:	2080      	movs	r0, #128	; 0x80
10003198:	0600      	lsls	r0, r0, #24
1000319a:	4684      	mov	ip, r0
1000319c:	4461      	add	r1, ip
1000319e:	000b      	movs	r3, r1
100031a0:	9206      	str	r2, [sp, #24]
100031a2:	9307      	str	r3, [sp, #28]
100031a4:	e7aa      	b.n	100030fc <_etoa+0x2e4>
100031a6:	2565      	movs	r5, #101	; 0x65
100031a8:	e7c0      	b.n	1000312c <_etoa+0x314>
100031aa:	46c0      	nop			; (mov r8, r8)
100031ac:	7fefffff 	.word	0x7fefffff
100031b0:	ffefffff 	.word	0xffefffff
100031b4:	fffffc01 	.word	0xfffffc01
100031b8:	3ff00000 	.word	0x3ff00000
100031bc:	509f79fb 	.word	0x509f79fb
100031c0:	3fd34413 	.word	0x3fd34413
100031c4:	8b60c8b3 	.word	0x8b60c8b3
100031c8:	3fc68a28 	.word	0x3fc68a28
100031cc:	3ff80000 	.word	0x3ff80000
100031d0:	636f4361 	.word	0x636f4361
100031d4:	3fd287a7 	.word	0x3fd287a7
100031d8:	0979a371 	.word	0x0979a371
100031dc:	400a934f 	.word	0x400a934f
100031e0:	3fe00000 	.word	0x3fe00000
100031e4:	bbb55516 	.word	0xbbb55516
100031e8:	40026bb1 	.word	0x40026bb1
100031ec:	fefa39ef 	.word	0xfefa39ef
100031f0:	3fe62e42 	.word	0x3fe62e42
100031f4:	000003ff 	.word	0x000003ff
100031f8:	402c0000 	.word	0x402c0000
100031fc:	40240000 	.word	0x40240000
10003200:	40180000 	.word	0x40180000
10003204:	eb1c432d 	.word	0xeb1c432d
10003208:	3f1a36e2 	.word	0x3f1a36e2
1000320c:	412e8480 	.word	0x412e8480
10003210:	fffff7ff 	.word	0xfffff7ff
10003214:	1c54      	adds	r4, r2, #1
10003216:	4643      	mov	r3, r8
10003218:	4651      	mov	r1, sl
1000321a:	2020      	movs	r0, #32
1000321c:	47b8      	blx	r7
1000321e:	0022      	movs	r2, r4
10003220:	1b93      	subs	r3, r2, r6
10003222:	42ab      	cmp	r3, r5
10003224:	d3f6      	bcc.n	10003214 <_etoa+0x3fc>
10003226:	0010      	movs	r0, r2
10003228:	e704      	b.n	10003034 <_etoa+0x21c>
1000322a:	46c0      	nop			; (mov r8, r8)

1000322c <_ftoa>:
1000322c:	b5f0      	push	{r4, r5, r6, r7, lr}
1000322e:	46de      	mov	lr, fp
10003230:	4657      	mov	r7, sl
10003232:	464e      	mov	r6, r9
10003234:	4645      	mov	r5, r8
10003236:	b5e0      	push	{r5, r6, r7, lr}
10003238:	b095      	sub	sp, #84	; 0x54
1000323a:	9006      	str	r0, [sp, #24]
1000323c:	9107      	str	r1, [sp, #28]
1000323e:	4693      	mov	fp, r2
10003240:	4699      	mov	r9, r3
10003242:	9f20      	ldr	r7, [sp, #128]	; 0x80
10003244:	9a1e      	ldr	r2, [sp, #120]	; 0x78
10003246:	9b1f      	ldr	r3, [sp, #124]	; 0x7c
10003248:	0010      	movs	r0, r2
1000324a:	0019      	movs	r1, r3
1000324c:	f000 ffe7 	bl	1000421e <__wrap___aeabi_dcmpun>
10003250:	2800      	cmp	r0, #0
10003252:	d131      	bne.n	100032b8 <_ftoa+0x8c>
10003254:	2201      	movs	r2, #1
10003256:	4252      	negs	r2, r2
10003258:	4bbf      	ldr	r3, [pc, #764]	; (10003558 <_ftoa+0x32c>)
1000325a:	981e      	ldr	r0, [sp, #120]	; 0x78
1000325c:	991f      	ldr	r1, [sp, #124]	; 0x7c
1000325e:	f000 ffc3 	bl	100041e8 <__wrap___aeabi_dcmplt>
10003262:	2800      	cmp	r0, #0
10003264:	d137      	bne.n	100032d6 <_ftoa+0xaa>
10003266:	2201      	movs	r2, #1
10003268:	4252      	negs	r2, r2
1000326a:	4bbc      	ldr	r3, [pc, #752]	; (1000355c <_ftoa+0x330>)
1000326c:	981e      	ldr	r0, [sp, #120]	; 0x78
1000326e:	991f      	ldr	r1, [sp, #124]	; 0x7c
10003270:	f000 ffd0 	bl	10004214 <__wrap___aeabi_dcmpgt>
10003274:	2800      	cmp	r0, #0
10003276:	d13d      	bne.n	100032f4 <_ftoa+0xc8>
10003278:	2200      	movs	r2, #0
1000327a:	4bb9      	ldr	r3, [pc, #740]	; (10003560 <_ftoa+0x334>)
1000327c:	981e      	ldr	r0, [sp, #120]	; 0x78
1000327e:	991f      	ldr	r1, [sp, #124]	; 0x7c
10003280:	f000 ffc8 	bl	10004214 <__wrap___aeabi_dcmpgt>
10003284:	2800      	cmp	r0, #0
10003286:	d150      	bne.n	1000332a <_ftoa+0xfe>
10003288:	2200      	movs	r2, #0
1000328a:	4bb6      	ldr	r3, [pc, #728]	; (10003564 <_ftoa+0x338>)
1000328c:	981e      	ldr	r0, [sp, #120]	; 0x78
1000328e:	991f      	ldr	r1, [sp, #124]	; 0x7c
10003290:	f000 ffaa 	bl	100041e8 <__wrap___aeabi_dcmplt>
10003294:	2800      	cmp	r0, #0
10003296:	d148      	bne.n	1000332a <_ftoa+0xfe>
10003298:	2200      	movs	r2, #0
1000329a:	2300      	movs	r3, #0
1000329c:	981e      	ldr	r0, [sp, #120]	; 0x78
1000329e:	991f      	ldr	r1, [sp, #124]	; 0x7c
100032a0:	f000 ffa2 	bl	100041e8 <__wrap___aeabi_dcmplt>
100032a4:	2800      	cmp	r0, #0
100032a6:	d150      	bne.n	1000334a <_ftoa+0x11e>
100032a8:	2300      	movs	r3, #0
100032aa:	4698      	mov	r8, r3
100032ac:	9b22      	ldr	r3, [sp, #136]	; 0x88
100032ae:	055b      	lsls	r3, r3, #21
100032b0:	d400      	bmi.n	100032b4 <_ftoa+0x88>
100032b2:	e0b6      	b.n	10003422 <_ftoa+0x1f6>
100032b4:	2400      	movs	r4, #0
100032b6:	e058      	b.n	1000336a <_ftoa+0x13e>
100032b8:	9b22      	ldr	r3, [sp, #136]	; 0x88
100032ba:	9303      	str	r3, [sp, #12]
100032bc:	9b21      	ldr	r3, [sp, #132]	; 0x84
100032be:	9302      	str	r3, [sp, #8]
100032c0:	2303      	movs	r3, #3
100032c2:	9301      	str	r3, [sp, #4]
100032c4:	4ba8      	ldr	r3, [pc, #672]	; (10003568 <_ftoa+0x33c>)
100032c6:	9300      	str	r3, [sp, #0]
100032c8:	464b      	mov	r3, r9
100032ca:	465a      	mov	r2, fp
100032cc:	9907      	ldr	r1, [sp, #28]
100032ce:	9806      	ldr	r0, [sp, #24]
100032d0:	f7ff fbf2 	bl	10002ab8 <_out_rev>
100032d4:	e10e      	b.n	100034f4 <_ftoa+0x2c8>
100032d6:	9b22      	ldr	r3, [sp, #136]	; 0x88
100032d8:	9303      	str	r3, [sp, #12]
100032da:	9b21      	ldr	r3, [sp, #132]	; 0x84
100032dc:	9302      	str	r3, [sp, #8]
100032de:	2304      	movs	r3, #4
100032e0:	9301      	str	r3, [sp, #4]
100032e2:	4ba2      	ldr	r3, [pc, #648]	; (1000356c <_ftoa+0x340>)
100032e4:	9300      	str	r3, [sp, #0]
100032e6:	464b      	mov	r3, r9
100032e8:	465a      	mov	r2, fp
100032ea:	9907      	ldr	r1, [sp, #28]
100032ec:	9806      	ldr	r0, [sp, #24]
100032ee:	f7ff fbe3 	bl	10002ab8 <_out_rev>
100032f2:	e0ff      	b.n	100034f4 <_ftoa+0x2c8>
100032f4:	2304      	movs	r3, #4
100032f6:	9a22      	ldr	r2, [sp, #136]	; 0x88
100032f8:	401a      	ands	r2, r3
100032fa:	9922      	ldr	r1, [sp, #136]	; 0x88
100032fc:	420b      	tst	r3, r1
100032fe:	d010      	beq.n	10003322 <_ftoa+0xf6>
10003300:	4b9b      	ldr	r3, [pc, #620]	; (10003570 <_ftoa+0x344>)
10003302:	2a00      	cmp	r2, #0
10003304:	d00f      	beq.n	10003326 <_ftoa+0xfa>
10003306:	2204      	movs	r2, #4
10003308:	9922      	ldr	r1, [sp, #136]	; 0x88
1000330a:	9103      	str	r1, [sp, #12]
1000330c:	9921      	ldr	r1, [sp, #132]	; 0x84
1000330e:	9102      	str	r1, [sp, #8]
10003310:	9201      	str	r2, [sp, #4]
10003312:	9300      	str	r3, [sp, #0]
10003314:	464b      	mov	r3, r9
10003316:	465a      	mov	r2, fp
10003318:	9907      	ldr	r1, [sp, #28]
1000331a:	9806      	ldr	r0, [sp, #24]
1000331c:	f7ff fbcc 	bl	10002ab8 <_out_rev>
10003320:	e0e8      	b.n	100034f4 <_ftoa+0x2c8>
10003322:	4b94      	ldr	r3, [pc, #592]	; (10003574 <_ftoa+0x348>)
10003324:	e7ed      	b.n	10003302 <_ftoa+0xd6>
10003326:	2203      	movs	r2, #3
10003328:	e7ee      	b.n	10003308 <_ftoa+0xdc>
1000332a:	9b22      	ldr	r3, [sp, #136]	; 0x88
1000332c:	9304      	str	r3, [sp, #16]
1000332e:	9b21      	ldr	r3, [sp, #132]	; 0x84
10003330:	9303      	str	r3, [sp, #12]
10003332:	9702      	str	r7, [sp, #8]
10003334:	9b1e      	ldr	r3, [sp, #120]	; 0x78
10003336:	9c1f      	ldr	r4, [sp, #124]	; 0x7c
10003338:	9300      	str	r3, [sp, #0]
1000333a:	9401      	str	r4, [sp, #4]
1000333c:	464b      	mov	r3, r9
1000333e:	465a      	mov	r2, fp
10003340:	9907      	ldr	r1, [sp, #28]
10003342:	9806      	ldr	r0, [sp, #24]
10003344:	f7ff fd68 	bl	10002e18 <_etoa>
10003348:	e0d4      	b.n	100034f4 <_ftoa+0x2c8>
1000334a:	9a1e      	ldr	r2, [sp, #120]	; 0x78
1000334c:	9b1f      	ldr	r3, [sp, #124]	; 0x7c
1000334e:	2000      	movs	r0, #0
10003350:	2100      	movs	r1, #0
10003352:	f000 fece 	bl	100040f2 <__wrap___aeabi_dsub>
10003356:	901e      	str	r0, [sp, #120]	; 0x78
10003358:	911f      	str	r1, [sp, #124]	; 0x7c
1000335a:	2301      	movs	r3, #1
1000335c:	4698      	mov	r8, r3
1000335e:	e7a5      	b.n	100032ac <_ftoa+0x80>
10003360:	ab0c      	add	r3, sp, #48	; 0x30
10003362:	2230      	movs	r2, #48	; 0x30
10003364:	551a      	strb	r2, [r3, r4]
10003366:	3f01      	subs	r7, #1
10003368:	3401      	adds	r4, #1
1000336a:	2c1f      	cmp	r4, #31
1000336c:	d801      	bhi.n	10003372 <_ftoa+0x146>
1000336e:	2f09      	cmp	r7, #9
10003370:	d8f6      	bhi.n	10003360 <_ftoa+0x134>
10003372:	981e      	ldr	r0, [sp, #120]	; 0x78
10003374:	991f      	ldr	r1, [sp, #124]	; 0x7c
10003376:	f000 ff7d 	bl	10004274 <__wrap___aeabi_d2iz>
1000337a:	0005      	movs	r5, r0
1000337c:	f000 ff62 	bl	10004244 <__wrap___aeabi_i2d>
10003380:	0002      	movs	r2, r0
10003382:	000b      	movs	r3, r1
10003384:	981e      	ldr	r0, [sp, #120]	; 0x78
10003386:	991f      	ldr	r1, [sp, #124]	; 0x7c
10003388:	f000 feb3 	bl	100040f2 <__wrap___aeabi_dsub>
1000338c:	00fa      	lsls	r2, r7, #3
1000338e:	4b7a      	ldr	r3, [pc, #488]	; (10003578 <_ftoa+0x34c>)
10003390:	189b      	adds	r3, r3, r2
10003392:	681a      	ldr	r2, [r3, #0]
10003394:	685b      	ldr	r3, [r3, #4]
10003396:	920a      	str	r2, [sp, #40]	; 0x28
10003398:	930b      	str	r3, [sp, #44]	; 0x2c
1000339a:	f000 feda 	bl	10004152 <__wrap___aeabi_dmul>
1000339e:	9008      	str	r0, [sp, #32]
100033a0:	9109      	str	r1, [sp, #36]	; 0x24
100033a2:	f000 ff8b 	bl	100042bc <__wrap___aeabi_d2uiz>
100033a6:	0006      	movs	r6, r0
100033a8:	f000 ff48 	bl	1000423c <__wrap___aeabi_ui2d>
100033ac:	0002      	movs	r2, r0
100033ae:	000b      	movs	r3, r1
100033b0:	9808      	ldr	r0, [sp, #32]
100033b2:	9909      	ldr	r1, [sp, #36]	; 0x24
100033b4:	f000 fe9d 	bl	100040f2 <__wrap___aeabi_dsub>
100033b8:	9008      	str	r0, [sp, #32]
100033ba:	9109      	str	r1, [sp, #36]	; 0x24
100033bc:	2200      	movs	r2, #0
100033be:	4b6f      	ldr	r3, [pc, #444]	; (1000357c <_ftoa+0x350>)
100033c0:	f000 ff28 	bl	10004214 <__wrap___aeabi_dcmpgt>
100033c4:	2800      	cmp	r0, #0
100033c6:	d02e      	beq.n	10003426 <_ftoa+0x1fa>
100033c8:	3601      	adds	r6, #1
100033ca:	0030      	movs	r0, r6
100033cc:	f000 ff36 	bl	1000423c <__wrap___aeabi_ui2d>
100033d0:	0002      	movs	r2, r0
100033d2:	000b      	movs	r3, r1
100033d4:	980a      	ldr	r0, [sp, #40]	; 0x28
100033d6:	990b      	ldr	r1, [sp, #44]	; 0x2c
100033d8:	f000 ff0c 	bl	100041f4 <__wrap___aeabi_dcmple>
100033dc:	2800      	cmp	r0, #0
100033de:	d001      	beq.n	100033e4 <_ftoa+0x1b8>
100033e0:	3501      	adds	r5, #1
100033e2:	2600      	movs	r6, #0
100033e4:	2f00      	cmp	r7, #0
100033e6:	d12c      	bne.n	10003442 <_ftoa+0x216>
100033e8:	0028      	movs	r0, r5
100033ea:	f000 ff2b 	bl	10004244 <__wrap___aeabi_i2d>
100033ee:	0002      	movs	r2, r0
100033f0:	000b      	movs	r3, r1
100033f2:	981e      	ldr	r0, [sp, #120]	; 0x78
100033f4:	991f      	ldr	r1, [sp, #124]	; 0x7c
100033f6:	f000 fe7c 	bl	100040f2 <__wrap___aeabi_dsub>
100033fa:	0006      	movs	r6, r0
100033fc:	000f      	movs	r7, r1
100033fe:	2200      	movs	r2, #0
10003400:	4b5e      	ldr	r3, [pc, #376]	; (1000357c <_ftoa+0x350>)
10003402:	f000 fef1 	bl	100041e8 <__wrap___aeabi_dcmplt>
10003406:	2800      	cmp	r0, #0
10003408:	d146      	bne.n	10003498 <_ftoa+0x26c>
1000340a:	2200      	movs	r2, #0
1000340c:	4b5b      	ldr	r3, [pc, #364]	; (1000357c <_ftoa+0x350>)
1000340e:	0030      	movs	r0, r6
10003410:	0039      	movs	r1, r7
10003412:	f000 feff 	bl	10004214 <__wrap___aeabi_dcmpgt>
10003416:	2800      	cmp	r0, #0
10003418:	d13e      	bne.n	10003498 <_ftoa+0x26c>
1000341a:	07eb      	lsls	r3, r5, #31
1000341c:	d53c      	bpl.n	10003498 <_ftoa+0x26c>
1000341e:	3501      	adds	r5, #1
10003420:	e03a      	b.n	10003498 <_ftoa+0x26c>
10003422:	2706      	movs	r7, #6
10003424:	e746      	b.n	100032b4 <_ftoa+0x88>
10003426:	2200      	movs	r2, #0
10003428:	4b54      	ldr	r3, [pc, #336]	; (1000357c <_ftoa+0x350>)
1000342a:	9808      	ldr	r0, [sp, #32]
1000342c:	9909      	ldr	r1, [sp, #36]	; 0x24
1000342e:	f000 fedb 	bl	100041e8 <__wrap___aeabi_dcmplt>
10003432:	2800      	cmp	r0, #0
10003434:	d1d6      	bne.n	100033e4 <_ftoa+0x1b8>
10003436:	2e00      	cmp	r6, #0
10003438:	d001      	beq.n	1000343e <_ftoa+0x212>
1000343a:	07f3      	lsls	r3, r6, #31
1000343c:	d5d2      	bpl.n	100033e4 <_ftoa+0x1b8>
1000343e:	3601      	adds	r6, #1
10003440:	e7d0      	b.n	100033e4 <_ftoa+0x1b8>
10003442:	46aa      	mov	sl, r5
10003444:	2c1f      	cmp	r4, #31
10003446:	d811      	bhi.n	1000346c <_ftoa+0x240>
10003448:	3f01      	subs	r7, #1
1000344a:	210a      	movs	r1, #10
1000344c:	0030      	movs	r0, r6
1000344e:	f000 fc15 	bl	10003c7c <__wrap___aeabi_uidiv>
10003452:	1c65      	adds	r5, r4, #1
10003454:	3130      	adds	r1, #48	; 0x30
10003456:	ab0c      	add	r3, sp, #48	; 0x30
10003458:	5519      	strb	r1, [r3, r4]
1000345a:	210a      	movs	r1, #10
1000345c:	0030      	movs	r0, r6
1000345e:	f000 fc0d 	bl	10003c7c <__wrap___aeabi_uidiv>
10003462:	2e09      	cmp	r6, #9
10003464:	d90e      	bls.n	10003484 <_ftoa+0x258>
10003466:	0006      	movs	r6, r0
10003468:	002c      	movs	r4, r5
1000346a:	e7eb      	b.n	10003444 <_ftoa+0x218>
1000346c:	4655      	mov	r5, sl
1000346e:	2c1f      	cmp	r4, #31
10003470:	d80c      	bhi.n	1000348c <_ftoa+0x260>
10003472:	1e7b      	subs	r3, r7, #1
10003474:	2f00      	cmp	r7, #0
10003476:	d009      	beq.n	1000348c <_ftoa+0x260>
10003478:	aa0c      	add	r2, sp, #48	; 0x30
1000347a:	2130      	movs	r1, #48	; 0x30
1000347c:	5511      	strb	r1, [r2, r4]
1000347e:	001f      	movs	r7, r3
10003480:	3401      	adds	r4, #1
10003482:	e7f4      	b.n	1000346e <_ftoa+0x242>
10003484:	002b      	movs	r3, r5
10003486:	4655      	mov	r5, sl
10003488:	001c      	movs	r4, r3
1000348a:	e7f0      	b.n	1000346e <_ftoa+0x242>
1000348c:	2c1f      	cmp	r4, #31
1000348e:	d803      	bhi.n	10003498 <_ftoa+0x26c>
10003490:	ab0c      	add	r3, sp, #48	; 0x30
10003492:	222e      	movs	r2, #46	; 0x2e
10003494:	551a      	strb	r2, [r3, r4]
10003496:	3401      	adds	r4, #1
10003498:	2c1f      	cmp	r4, #31
1000349a:	d810      	bhi.n	100034be <_ftoa+0x292>
1000349c:	210a      	movs	r1, #10
1000349e:	0028      	movs	r0, r5
100034a0:	f000 fbc4 	bl	10003c2c <__wrap___aeabi_idiv>
100034a4:	1c66      	adds	r6, r4, #1
100034a6:	3130      	adds	r1, #48	; 0x30
100034a8:	ab0c      	add	r3, sp, #48	; 0x30
100034aa:	5519      	strb	r1, [r3, r4]
100034ac:	210a      	movs	r1, #10
100034ae:	0028      	movs	r0, r5
100034b0:	f000 fbbc 	bl	10003c2c <__wrap___aeabi_idiv>
100034b4:	1e05      	subs	r5, r0, #0
100034b6:	d001      	beq.n	100034bc <_ftoa+0x290>
100034b8:	0034      	movs	r4, r6
100034ba:	e7ed      	b.n	10003498 <_ftoa+0x26c>
100034bc:	0034      	movs	r4, r6
100034be:	2303      	movs	r3, #3
100034c0:	9a22      	ldr	r2, [sp, #136]	; 0x88
100034c2:	4013      	ands	r3, r2
100034c4:	2b01      	cmp	r3, #1
100034c6:	d01c      	beq.n	10003502 <_ftoa+0x2d6>
100034c8:	2c1f      	cmp	r4, #31
100034ca:	d806      	bhi.n	100034da <_ftoa+0x2ae>
100034cc:	4643      	mov	r3, r8
100034ce:	2b00      	cmp	r3, #0
100034d0:	d032      	beq.n	10003538 <_ftoa+0x30c>
100034d2:	ab0c      	add	r3, sp, #48	; 0x30
100034d4:	222d      	movs	r2, #45	; 0x2d
100034d6:	551a      	strb	r2, [r3, r4]
100034d8:	3401      	adds	r4, #1
100034da:	9b22      	ldr	r3, [sp, #136]	; 0x88
100034dc:	9303      	str	r3, [sp, #12]
100034de:	9b21      	ldr	r3, [sp, #132]	; 0x84
100034e0:	9302      	str	r3, [sp, #8]
100034e2:	9401      	str	r4, [sp, #4]
100034e4:	ab0c      	add	r3, sp, #48	; 0x30
100034e6:	9300      	str	r3, [sp, #0]
100034e8:	464b      	mov	r3, r9
100034ea:	465a      	mov	r2, fp
100034ec:	9907      	ldr	r1, [sp, #28]
100034ee:	9806      	ldr	r0, [sp, #24]
100034f0:	f7ff fae2 	bl	10002ab8 <_out_rev>
100034f4:	b015      	add	sp, #84	; 0x54
100034f6:	bcf0      	pop	{r4, r5, r6, r7}
100034f8:	46bb      	mov	fp, r7
100034fa:	46b2      	mov	sl, r6
100034fc:	46a9      	mov	r9, r5
100034fe:	46a0      	mov	r8, r4
10003500:	bdf0      	pop	{r4, r5, r6, r7, pc}
10003502:	9b21      	ldr	r3, [sp, #132]	; 0x84
10003504:	2b00      	cmp	r3, #0
10003506:	d013      	beq.n	10003530 <_ftoa+0x304>
10003508:	4643      	mov	r3, r8
1000350a:	2b00      	cmp	r3, #0
1000350c:	d102      	bne.n	10003514 <_ftoa+0x2e8>
1000350e:	330c      	adds	r3, #12
10003510:	4213      	tst	r3, r2
10003512:	d00f      	beq.n	10003534 <_ftoa+0x308>
10003514:	9b21      	ldr	r3, [sp, #132]	; 0x84
10003516:	3b01      	subs	r3, #1
10003518:	9321      	str	r3, [sp, #132]	; 0x84
1000351a:	0019      	movs	r1, r3
1000351c:	e003      	b.n	10003526 <_ftoa+0x2fa>
1000351e:	ab0c      	add	r3, sp, #48	; 0x30
10003520:	2230      	movs	r2, #48	; 0x30
10003522:	551a      	strb	r2, [r3, r4]
10003524:	3401      	adds	r4, #1
10003526:	428c      	cmp	r4, r1
10003528:	d2ce      	bcs.n	100034c8 <_ftoa+0x29c>
1000352a:	2c1f      	cmp	r4, #31
1000352c:	d9f7      	bls.n	1000351e <_ftoa+0x2f2>
1000352e:	e7cb      	b.n	100034c8 <_ftoa+0x29c>
10003530:	9921      	ldr	r1, [sp, #132]	; 0x84
10003532:	e7f8      	b.n	10003526 <_ftoa+0x2fa>
10003534:	9921      	ldr	r1, [sp, #132]	; 0x84
10003536:	e7f6      	b.n	10003526 <_ftoa+0x2fa>
10003538:	9b22      	ldr	r3, [sp, #136]	; 0x88
1000353a:	075b      	lsls	r3, r3, #29
1000353c:	d504      	bpl.n	10003548 <_ftoa+0x31c>
1000353e:	ab0c      	add	r3, sp, #48	; 0x30
10003540:	222b      	movs	r2, #43	; 0x2b
10003542:	551a      	strb	r2, [r3, r4]
10003544:	3401      	adds	r4, #1
10003546:	e7c8      	b.n	100034da <_ftoa+0x2ae>
10003548:	9b22      	ldr	r3, [sp, #136]	; 0x88
1000354a:	071b      	lsls	r3, r3, #28
1000354c:	d5c5      	bpl.n	100034da <_ftoa+0x2ae>
1000354e:	ab0c      	add	r3, sp, #48	; 0x30
10003550:	2220      	movs	r2, #32
10003552:	551a      	strb	r2, [r3, r4]
10003554:	3401      	adds	r4, #1
10003556:	e7c0      	b.n	100034da <_ftoa+0x2ae>
10003558:	ffefffff 	.word	0xffefffff
1000355c:	7fefffff 	.word	0x7fefffff
10003560:	41cdcd65 	.word	0x41cdcd65
10003564:	c1cdcd65 	.word	0xc1cdcd65
10003568:	1000b60c 	.word	0x1000b60c
1000356c:	1000b610 	.word	0x1000b610
10003570:	1000b604 	.word	0x1000b604
10003574:	1000b600 	.word	0x1000b600
10003578:	1000b7f8 	.word	0x1000b7f8
1000357c:	3fe00000 	.word	0x3fe00000

10003580 <_vsnprintf>:
10003580:	b5f0      	push	{r4, r5, r6, r7, lr}
10003582:	46de      	mov	lr, fp
10003584:	4657      	mov	r7, sl
10003586:	464e      	mov	r6, r9
10003588:	4645      	mov	r5, r8
1000358a:	b5e0      	push	{r5, r6, r7, lr}
1000358c:	b093      	sub	sp, #76	; 0x4c
1000358e:	4682      	mov	sl, r0
10003590:	468b      	mov	fp, r1
10003592:	4690      	mov	r8, r2
10003594:	9311      	str	r3, [sp, #68]	; 0x44
10003596:	2900      	cmp	r1, #0
10003598:	d100      	bne.n	1000359c <_vsnprintf+0x1c>
1000359a:	e2eb      	b.n	10003b74 <_vsnprintf+0x5f4>
1000359c:	2700      	movs	r7, #0
1000359e:	4655      	mov	r5, sl
100035a0:	9b11      	ldr	r3, [sp, #68]	; 0x44
100035a2:	7818      	ldrb	r0, [r3, #0]
100035a4:	2800      	cmp	r0, #0
100035a6:	d100      	bne.n	100035aa <_vsnprintf+0x2a>
100035a8:	e2e7      	b.n	10003b7a <_vsnprintf+0x5fa>
100035aa:	2825      	cmp	r0, #37	; 0x25
100035ac:	d009      	beq.n	100035c2 <_vsnprintf+0x42>
100035ae:	1c7c      	adds	r4, r7, #1
100035b0:	4643      	mov	r3, r8
100035b2:	003a      	movs	r2, r7
100035b4:	4659      	mov	r1, fp
100035b6:	47a8      	blx	r5
100035b8:	9b11      	ldr	r3, [sp, #68]	; 0x44
100035ba:	3301      	adds	r3, #1
100035bc:	9311      	str	r3, [sp, #68]	; 0x44
100035be:	0027      	movs	r7, r4
100035c0:	e7ee      	b.n	100035a0 <_vsnprintf+0x20>
100035c2:	3301      	adds	r3, #1
100035c4:	9311      	str	r3, [sp, #68]	; 0x44
100035c6:	2400      	movs	r4, #0
100035c8:	9a11      	ldr	r2, [sp, #68]	; 0x44
100035ca:	7811      	ldrb	r1, [r2, #0]
100035cc:	000b      	movs	r3, r1
100035ce:	3b20      	subs	r3, #32
100035d0:	b2d8      	uxtb	r0, r3
100035d2:	2810      	cmp	r0, #16
100035d4:	d803      	bhi.n	100035de <_vsnprintf+0x5e>
100035d6:	0083      	lsls	r3, r0, #2
100035d8:	48d0      	ldr	r0, [pc, #832]	; (1000391c <_vsnprintf+0x39c>)
100035da:	58c3      	ldr	r3, [r0, r3]
100035dc:	469f      	mov	pc, r3
100035de:	000b      	movs	r3, r1
100035e0:	3b30      	subs	r3, #48	; 0x30
100035e2:	b2db      	uxtb	r3, r3
100035e4:	2b09      	cmp	r3, #9
100035e6:	d92c      	bls.n	10003642 <_vsnprintf+0xc2>
100035e8:	292a      	cmp	r1, #42	; 0x2a
100035ea:	d02f      	beq.n	1000364c <_vsnprintf+0xcc>
100035ec:	2300      	movs	r3, #0
100035ee:	930a      	str	r3, [sp, #40]	; 0x28
100035f0:	9b11      	ldr	r3, [sp, #68]	; 0x44
100035f2:	781a      	ldrb	r2, [r3, #0]
100035f4:	2a2e      	cmp	r2, #46	; 0x2e
100035f6:	d039      	beq.n	1000366c <_vsnprintf+0xec>
100035f8:	2300      	movs	r3, #0
100035fa:	469a      	mov	sl, r3
100035fc:	9a11      	ldr	r2, [sp, #68]	; 0x44
100035fe:	7813      	ldrb	r3, [r2, #0]
10003600:	3b68      	subs	r3, #104	; 0x68
10003602:	b2d9      	uxtb	r1, r3
10003604:	2912      	cmp	r1, #18
10003606:	d876      	bhi.n	100036f6 <_vsnprintf+0x176>
10003608:	008b      	lsls	r3, r1, #2
1000360a:	49c5      	ldr	r1, [pc, #788]	; (10003920 <_vsnprintf+0x3a0>)
1000360c:	58cb      	ldr	r3, [r1, r3]
1000360e:	469f      	mov	pc, r3
10003610:	2301      	movs	r3, #1
10003612:	431c      	orrs	r4, r3
10003614:	3201      	adds	r2, #1
10003616:	9211      	str	r2, [sp, #68]	; 0x44
10003618:	e7d6      	b.n	100035c8 <_vsnprintf+0x48>
1000361a:	2302      	movs	r3, #2
1000361c:	431c      	orrs	r4, r3
1000361e:	3201      	adds	r2, #1
10003620:	9211      	str	r2, [sp, #68]	; 0x44
10003622:	e7d1      	b.n	100035c8 <_vsnprintf+0x48>
10003624:	2304      	movs	r3, #4
10003626:	431c      	orrs	r4, r3
10003628:	3201      	adds	r2, #1
1000362a:	9211      	str	r2, [sp, #68]	; 0x44
1000362c:	e7cc      	b.n	100035c8 <_vsnprintf+0x48>
1000362e:	2308      	movs	r3, #8
10003630:	431c      	orrs	r4, r3
10003632:	3201      	adds	r2, #1
10003634:	9211      	str	r2, [sp, #68]	; 0x44
10003636:	e7c7      	b.n	100035c8 <_vsnprintf+0x48>
10003638:	2310      	movs	r3, #16
1000363a:	431c      	orrs	r4, r3
1000363c:	3201      	adds	r2, #1
1000363e:	9211      	str	r2, [sp, #68]	; 0x44
10003640:	e7c2      	b.n	100035c8 <_vsnprintf+0x48>
10003642:	a811      	add	r0, sp, #68	; 0x44
10003644:	f7ff fa26 	bl	10002a94 <_atoi>
10003648:	900a      	str	r0, [sp, #40]	; 0x28
1000364a:	e7d1      	b.n	100035f0 <_vsnprintf+0x70>
1000364c:	9b1c      	ldr	r3, [sp, #112]	; 0x70
1000364e:	1d1a      	adds	r2, r3, #4
10003650:	921c      	str	r2, [sp, #112]	; 0x70
10003652:	6818      	ldr	r0, [r3, #0]
10003654:	2800      	cmp	r0, #0
10003656:	db04      	blt.n	10003662 <_vsnprintf+0xe2>
10003658:	900a      	str	r0, [sp, #40]	; 0x28
1000365a:	9b11      	ldr	r3, [sp, #68]	; 0x44
1000365c:	3301      	adds	r3, #1
1000365e:	9311      	str	r3, [sp, #68]	; 0x44
10003660:	e7c6      	b.n	100035f0 <_vsnprintf+0x70>
10003662:	2302      	movs	r3, #2
10003664:	431c      	orrs	r4, r3
10003666:	4243      	negs	r3, r0
10003668:	930a      	str	r3, [sp, #40]	; 0x28
1000366a:	e7f6      	b.n	1000365a <_vsnprintf+0xda>
1000366c:	2280      	movs	r2, #128	; 0x80
1000366e:	00d2      	lsls	r2, r2, #3
10003670:	4314      	orrs	r4, r2
10003672:	1c5a      	adds	r2, r3, #1
10003674:	9211      	str	r2, [sp, #68]	; 0x44
10003676:	785a      	ldrb	r2, [r3, #1]
10003678:	0013      	movs	r3, r2
1000367a:	3b30      	subs	r3, #48	; 0x30
1000367c:	b2db      	uxtb	r3, r3
1000367e:	2b09      	cmp	r3, #9
10003680:	d904      	bls.n	1000368c <_vsnprintf+0x10c>
10003682:	2a2a      	cmp	r2, #42	; 0x2a
10003684:	d007      	beq.n	10003696 <_vsnprintf+0x116>
10003686:	2300      	movs	r3, #0
10003688:	469a      	mov	sl, r3
1000368a:	e7b7      	b.n	100035fc <_vsnprintf+0x7c>
1000368c:	a811      	add	r0, sp, #68	; 0x44
1000368e:	f7ff fa01 	bl	10002a94 <_atoi>
10003692:	4682      	mov	sl, r0
10003694:	e7b2      	b.n	100035fc <_vsnprintf+0x7c>
10003696:	9b1c      	ldr	r3, [sp, #112]	; 0x70
10003698:	1d1a      	adds	r2, r3, #4
1000369a:	921c      	str	r2, [sp, #112]	; 0x70
1000369c:	6818      	ldr	r0, [r3, #0]
1000369e:	2800      	cmp	r0, #0
100036a0:	db04      	blt.n	100036ac <_vsnprintf+0x12c>
100036a2:	4682      	mov	sl, r0
100036a4:	9b11      	ldr	r3, [sp, #68]	; 0x44
100036a6:	3301      	adds	r3, #1
100036a8:	9311      	str	r3, [sp, #68]	; 0x44
100036aa:	e7a7      	b.n	100035fc <_vsnprintf+0x7c>
100036ac:	2000      	movs	r0, #0
100036ae:	e7f8      	b.n	100036a2 <_vsnprintf+0x122>
100036b0:	2380      	movs	r3, #128	; 0x80
100036b2:	005b      	lsls	r3, r3, #1
100036b4:	4323      	orrs	r3, r4
100036b6:	1c51      	adds	r1, r2, #1
100036b8:	9111      	str	r1, [sp, #68]	; 0x44
100036ba:	7852      	ldrb	r2, [r2, #1]
100036bc:	2a6c      	cmp	r2, #108	; 0x6c
100036be:	d001      	beq.n	100036c4 <_vsnprintf+0x144>
100036c0:	001c      	movs	r4, r3
100036c2:	e018      	b.n	100036f6 <_vsnprintf+0x176>
100036c4:	23c0      	movs	r3, #192	; 0xc0
100036c6:	009b      	lsls	r3, r3, #2
100036c8:	431c      	orrs	r4, r3
100036ca:	3101      	adds	r1, #1
100036cc:	9111      	str	r1, [sp, #68]	; 0x44
100036ce:	e012      	b.n	100036f6 <_vsnprintf+0x176>
100036d0:	2380      	movs	r3, #128	; 0x80
100036d2:	4323      	orrs	r3, r4
100036d4:	1c51      	adds	r1, r2, #1
100036d6:	9111      	str	r1, [sp, #68]	; 0x44
100036d8:	7852      	ldrb	r2, [r2, #1]
100036da:	2a68      	cmp	r2, #104	; 0x68
100036dc:	d001      	beq.n	100036e2 <_vsnprintf+0x162>
100036de:	001c      	movs	r4, r3
100036e0:	e009      	b.n	100036f6 <_vsnprintf+0x176>
100036e2:	23c0      	movs	r3, #192	; 0xc0
100036e4:	431c      	orrs	r4, r3
100036e6:	3101      	adds	r1, #1
100036e8:	9111      	str	r1, [sp, #68]	; 0x44
100036ea:	e004      	b.n	100036f6 <_vsnprintf+0x176>
100036ec:	2380      	movs	r3, #128	; 0x80
100036ee:	005b      	lsls	r3, r3, #1
100036f0:	431c      	orrs	r4, r3
100036f2:	3201      	adds	r2, #1
100036f4:	9211      	str	r2, [sp, #68]	; 0x44
100036f6:	9b11      	ldr	r3, [sp, #68]	; 0x44
100036f8:	7818      	ldrb	r0, [r3, #0]
100036fa:	0003      	movs	r3, r0
100036fc:	3b25      	subs	r3, #37	; 0x25
100036fe:	b2da      	uxtb	r2, r3
10003700:	2a53      	cmp	r2, #83	; 0x53
10003702:	d900      	bls.n	10003706 <_vsnprintf+0x186>
10003704:	e22c      	b.n	10003b60 <_vsnprintf+0x5e0>
10003706:	0093      	lsls	r3, r2, #2
10003708:	4a86      	ldr	r2, [pc, #536]	; (10003924 <_vsnprintf+0x3a4>)
1000370a:	58d3      	ldr	r3, [r2, r3]
1000370c:	469f      	mov	pc, r3
1000370e:	2380      	movs	r3, #128	; 0x80
10003710:	009b      	lsls	r3, r3, #2
10003712:	431c      	orrs	r4, r3
10003714:	3201      	adds	r2, #1
10003716:	9211      	str	r2, [sp, #68]	; 0x44
10003718:	e7ed      	b.n	100036f6 <_vsnprintf+0x176>
1000371a:	2380      	movs	r3, #128	; 0x80
1000371c:	005b      	lsls	r3, r3, #1
1000371e:	431c      	orrs	r4, r3
10003720:	3201      	adds	r2, #1
10003722:	9211      	str	r2, [sp, #68]	; 0x44
10003724:	e7e7      	b.n	100036f6 <_vsnprintf+0x176>
10003726:	2878      	cmp	r0, #120	; 0x78
10003728:	d009      	beq.n	1000373e <_vsnprintf+0x1be>
1000372a:	2858      	cmp	r0, #88	; 0x58
1000372c:	d038      	beq.n	100037a0 <_vsnprintf+0x220>
1000372e:	286f      	cmp	r0, #111	; 0x6f
10003730:	d038      	beq.n	100037a4 <_vsnprintf+0x224>
10003732:	2862      	cmp	r0, #98	; 0x62
10003734:	d038      	beq.n	100037a8 <_vsnprintf+0x228>
10003736:	2310      	movs	r3, #16
10003738:	439c      	bics	r4, r3
1000373a:	260a      	movs	r6, #10
1000373c:	e000      	b.n	10003740 <_vsnprintf+0x1c0>
1000373e:	2610      	movs	r6, #16
10003740:	2858      	cmp	r0, #88	; 0x58
10003742:	d033      	beq.n	100037ac <_vsnprintf+0x22c>
10003744:	2869      	cmp	r0, #105	; 0x69
10003746:	d003      	beq.n	10003750 <_vsnprintf+0x1d0>
10003748:	2864      	cmp	r0, #100	; 0x64
1000374a:	d001      	beq.n	10003750 <_vsnprintf+0x1d0>
1000374c:	220c      	movs	r2, #12
1000374e:	4394      	bics	r4, r2
10003750:	0563      	lsls	r3, r4, #21
10003752:	d501      	bpl.n	10003758 <_vsnprintf+0x1d8>
10003754:	2201      	movs	r2, #1
10003756:	4394      	bics	r4, r2
10003758:	2869      	cmp	r0, #105	; 0x69
1000375a:	d02a      	beq.n	100037b2 <_vsnprintf+0x232>
1000375c:	2864      	cmp	r0, #100	; 0x64
1000375e:	d028      	beq.n	100037b2 <_vsnprintf+0x232>
10003760:	05a3      	lsls	r3, r4, #22
10003762:	d500      	bpl.n	10003766 <_vsnprintf+0x1e6>
10003764:	e09f      	b.n	100038a6 <_vsnprintf+0x326>
10003766:	05e3      	lsls	r3, r4, #23
10003768:	d500      	bpl.n	1000376c <_vsnprintf+0x1ec>
1000376a:	e0b8      	b.n	100038de <_vsnprintf+0x35e>
1000376c:	0663      	lsls	r3, r4, #25
1000376e:	d400      	bmi.n	10003772 <_vsnprintf+0x1f2>
10003770:	e0ca      	b.n	10003908 <_vsnprintf+0x388>
10003772:	9a1c      	ldr	r2, [sp, #112]	; 0x70
10003774:	1d11      	adds	r1, r2, #4
10003776:	911c      	str	r1, [sp, #112]	; 0x70
10003778:	6811      	ldr	r1, [r2, #0]
1000377a:	22ff      	movs	r2, #255	; 0xff
1000377c:	400a      	ands	r2, r1
1000377e:	9405      	str	r4, [sp, #20]
10003780:	9b0a      	ldr	r3, [sp, #40]	; 0x28
10003782:	9304      	str	r3, [sp, #16]
10003784:	4653      	mov	r3, sl
10003786:	9303      	str	r3, [sp, #12]
10003788:	9602      	str	r6, [sp, #8]
1000378a:	2300      	movs	r3, #0
1000378c:	9301      	str	r3, [sp, #4]
1000378e:	9200      	str	r2, [sp, #0]
10003790:	4643      	mov	r3, r8
10003792:	003a      	movs	r2, r7
10003794:	4659      	mov	r1, fp
10003796:	0028      	movs	r0, r5
10003798:	f7ff fa6e 	bl	10002c78 <_ntoa_long>
1000379c:	0007      	movs	r7, r0
1000379e:	e027      	b.n	100037f0 <_vsnprintf+0x270>
100037a0:	2610      	movs	r6, #16
100037a2:	e7cd      	b.n	10003740 <_vsnprintf+0x1c0>
100037a4:	2608      	movs	r6, #8
100037a6:	e7cb      	b.n	10003740 <_vsnprintf+0x1c0>
100037a8:	2602      	movs	r6, #2
100037aa:	e7c9      	b.n	10003740 <_vsnprintf+0x1c0>
100037ac:	2220      	movs	r2, #32
100037ae:	4314      	orrs	r4, r2
100037b0:	e7c8      	b.n	10003744 <_vsnprintf+0x1c4>
100037b2:	05a3      	lsls	r3, r4, #22
100037b4:	d420      	bmi.n	100037f8 <_vsnprintf+0x278>
100037b6:	05e3      	lsls	r3, r4, #23
100037b8:	d450      	bmi.n	1000385c <_vsnprintf+0x2dc>
100037ba:	0663      	lsls	r3, r4, #25
100037bc:	d566      	bpl.n	1000388c <_vsnprintf+0x30c>
100037be:	9a1c      	ldr	r2, [sp, #112]	; 0x70
100037c0:	1d11      	adds	r1, r2, #4
100037c2:	911c      	str	r1, [sp, #112]	; 0x70
100037c4:	6811      	ldr	r1, [r2, #0]
100037c6:	22ff      	movs	r2, #255	; 0xff
100037c8:	400a      	ands	r2, r1
100037ca:	17d3      	asrs	r3, r2, #31
100037cc:	18d1      	adds	r1, r2, r3
100037ce:	4059      	eors	r1, r3
100037d0:	9405      	str	r4, [sp, #20]
100037d2:	9b0a      	ldr	r3, [sp, #40]	; 0x28
100037d4:	9304      	str	r3, [sp, #16]
100037d6:	4653      	mov	r3, sl
100037d8:	9303      	str	r3, [sp, #12]
100037da:	9602      	str	r6, [sp, #8]
100037dc:	0fd2      	lsrs	r2, r2, #31
100037de:	9201      	str	r2, [sp, #4]
100037e0:	9100      	str	r1, [sp, #0]
100037e2:	4643      	mov	r3, r8
100037e4:	003a      	movs	r2, r7
100037e6:	4659      	mov	r1, fp
100037e8:	0028      	movs	r0, r5
100037ea:	f7ff fa45 	bl	10002c78 <_ntoa_long>
100037ee:	0007      	movs	r7, r0
100037f0:	9b11      	ldr	r3, [sp, #68]	; 0x44
100037f2:	3301      	adds	r3, #1
100037f4:	9311      	str	r3, [sp, #68]	; 0x44
100037f6:	e6d3      	b.n	100035a0 <_vsnprintf+0x20>
100037f8:	9b1c      	ldr	r3, [sp, #112]	; 0x70
100037fa:	1dda      	adds	r2, r3, #7
100037fc:	2107      	movs	r1, #7
100037fe:	438a      	bics	r2, r1
10003800:	0011      	movs	r1, r2
10003802:	3108      	adds	r1, #8
10003804:	911c      	str	r1, [sp, #112]	; 0x70
10003806:	6811      	ldr	r1, [r2, #0]
10003808:	6853      	ldr	r3, [r2, #4]
1000380a:	469c      	mov	ip, r3
1000380c:	17db      	asrs	r3, r3, #31
1000380e:	930c      	str	r3, [sp, #48]	; 0x30
10003810:	930d      	str	r3, [sp, #52]	; 0x34
10003812:	9a0c      	ldr	r2, [sp, #48]	; 0x30
10003814:	9b0d      	ldr	r3, [sp, #52]	; 0x34
10003816:	0010      	movs	r0, r2
10003818:	4048      	eors	r0, r1
1000381a:	900e      	str	r0, [sp, #56]	; 0x38
1000381c:	4662      	mov	r2, ip
1000381e:	4053      	eors	r3, r2
10003820:	930f      	str	r3, [sp, #60]	; 0x3c
10003822:	980e      	ldr	r0, [sp, #56]	; 0x38
10003824:	990f      	ldr	r1, [sp, #60]	; 0x3c
10003826:	9a0c      	ldr	r2, [sp, #48]	; 0x30
10003828:	9b0d      	ldr	r3, [sp, #52]	; 0x34
1000382a:	1a80      	subs	r0, r0, r2
1000382c:	4199      	sbcs	r1, r3
1000382e:	900e      	str	r0, [sp, #56]	; 0x38
10003830:	910f      	str	r1, [sp, #60]	; 0x3c
10003832:	9408      	str	r4, [sp, #32]
10003834:	9b0a      	ldr	r3, [sp, #40]	; 0x28
10003836:	9307      	str	r3, [sp, #28]
10003838:	4653      	mov	r3, sl
1000383a:	9306      	str	r3, [sp, #24]
1000383c:	9604      	str	r6, [sp, #16]
1000383e:	2300      	movs	r3, #0
10003840:	9305      	str	r3, [sp, #20]
10003842:	4663      	mov	r3, ip
10003844:	0fda      	lsrs	r2, r3, #31
10003846:	9202      	str	r2, [sp, #8]
10003848:	9000      	str	r0, [sp, #0]
1000384a:	9101      	str	r1, [sp, #4]
1000384c:	4643      	mov	r3, r8
1000384e:	003a      	movs	r2, r7
10003850:	4659      	mov	r1, fp
10003852:	0028      	movs	r0, r5
10003854:	f7ff fa6e 	bl	10002d34 <_ntoa_long_long>
10003858:	0007      	movs	r7, r0
1000385a:	e7c9      	b.n	100037f0 <_vsnprintf+0x270>
1000385c:	9a1c      	ldr	r2, [sp, #112]	; 0x70
1000385e:	1d11      	adds	r1, r2, #4
10003860:	911c      	str	r1, [sp, #112]	; 0x70
10003862:	6812      	ldr	r2, [r2, #0]
10003864:	17d3      	asrs	r3, r2, #31
10003866:	18d1      	adds	r1, r2, r3
10003868:	4059      	eors	r1, r3
1000386a:	9405      	str	r4, [sp, #20]
1000386c:	9b0a      	ldr	r3, [sp, #40]	; 0x28
1000386e:	9304      	str	r3, [sp, #16]
10003870:	4653      	mov	r3, sl
10003872:	9303      	str	r3, [sp, #12]
10003874:	9602      	str	r6, [sp, #8]
10003876:	0fd2      	lsrs	r2, r2, #31
10003878:	9201      	str	r2, [sp, #4]
1000387a:	9100      	str	r1, [sp, #0]
1000387c:	4643      	mov	r3, r8
1000387e:	003a      	movs	r2, r7
10003880:	4659      	mov	r1, fp
10003882:	0028      	movs	r0, r5
10003884:	f7ff f9f8 	bl	10002c78 <_ntoa_long>
10003888:	0007      	movs	r7, r0
1000388a:	e7b1      	b.n	100037f0 <_vsnprintf+0x270>
1000388c:	0623      	lsls	r3, r4, #24
1000388e:	d505      	bpl.n	1000389c <_vsnprintf+0x31c>
10003890:	9a1c      	ldr	r2, [sp, #112]	; 0x70
10003892:	1d11      	adds	r1, r2, #4
10003894:	911c      	str	r1, [sp, #112]	; 0x70
10003896:	2300      	movs	r3, #0
10003898:	5ed2      	ldrsh	r2, [r2, r3]
1000389a:	e796      	b.n	100037ca <_vsnprintf+0x24a>
1000389c:	9a1c      	ldr	r2, [sp, #112]	; 0x70
1000389e:	1d11      	adds	r1, r2, #4
100038a0:	911c      	str	r1, [sp, #112]	; 0x70
100038a2:	6812      	ldr	r2, [r2, #0]
100038a4:	e791      	b.n	100037ca <_vsnprintf+0x24a>
100038a6:	9b1c      	ldr	r3, [sp, #112]	; 0x70
100038a8:	1dda      	adds	r2, r3, #7
100038aa:	2107      	movs	r1, #7
100038ac:	438a      	bics	r2, r1
100038ae:	0011      	movs	r1, r2
100038b0:	3108      	adds	r1, #8
100038b2:	911c      	str	r1, [sp, #112]	; 0x70
100038b4:	9408      	str	r4, [sp, #32]
100038b6:	9b0a      	ldr	r3, [sp, #40]	; 0x28
100038b8:	9307      	str	r3, [sp, #28]
100038ba:	4653      	mov	r3, sl
100038bc:	9306      	str	r3, [sp, #24]
100038be:	9604      	str	r6, [sp, #16]
100038c0:	2300      	movs	r3, #0
100038c2:	9305      	str	r3, [sp, #20]
100038c4:	9302      	str	r3, [sp, #8]
100038c6:	6813      	ldr	r3, [r2, #0]
100038c8:	6854      	ldr	r4, [r2, #4]
100038ca:	9300      	str	r3, [sp, #0]
100038cc:	9401      	str	r4, [sp, #4]
100038ce:	4643      	mov	r3, r8
100038d0:	003a      	movs	r2, r7
100038d2:	4659      	mov	r1, fp
100038d4:	0028      	movs	r0, r5
100038d6:	f7ff fa2d 	bl	10002d34 <_ntoa_long_long>
100038da:	0007      	movs	r7, r0
100038dc:	e788      	b.n	100037f0 <_vsnprintf+0x270>
100038de:	9a1c      	ldr	r2, [sp, #112]	; 0x70
100038e0:	1d11      	adds	r1, r2, #4
100038e2:	911c      	str	r1, [sp, #112]	; 0x70
100038e4:	9405      	str	r4, [sp, #20]
100038e6:	9b0a      	ldr	r3, [sp, #40]	; 0x28
100038e8:	9304      	str	r3, [sp, #16]
100038ea:	4653      	mov	r3, sl
100038ec:	9303      	str	r3, [sp, #12]
100038ee:	9602      	str	r6, [sp, #8]
100038f0:	2300      	movs	r3, #0
100038f2:	9301      	str	r3, [sp, #4]
100038f4:	6813      	ldr	r3, [r2, #0]
100038f6:	9300      	str	r3, [sp, #0]
100038f8:	4643      	mov	r3, r8
100038fa:	003a      	movs	r2, r7
100038fc:	4659      	mov	r1, fp
100038fe:	0028      	movs	r0, r5
10003900:	f7ff f9ba 	bl	10002c78 <_ntoa_long>
10003904:	0007      	movs	r7, r0
10003906:	e773      	b.n	100037f0 <_vsnprintf+0x270>
10003908:	0623      	lsls	r3, r4, #24
1000390a:	d50d      	bpl.n	10003928 <_vsnprintf+0x3a8>
1000390c:	9a1c      	ldr	r2, [sp, #112]	; 0x70
1000390e:	1d11      	adds	r1, r2, #4
10003910:	911c      	str	r1, [sp, #112]	; 0x70
10003912:	6812      	ldr	r2, [r2, #0]
10003914:	0412      	lsls	r2, r2, #16
10003916:	0c12      	lsrs	r2, r2, #16
10003918:	e731      	b.n	1000377e <_vsnprintf+0x1fe>
1000391a:	46c0      	nop			; (mov r8, r8)
1000391c:	1000b618 	.word	0x1000b618
10003920:	1000b65c 	.word	0x1000b65c
10003924:	1000b6a8 	.word	0x1000b6a8
10003928:	9a1c      	ldr	r2, [sp, #112]	; 0x70
1000392a:	1d11      	adds	r1, r2, #4
1000392c:	911c      	str	r1, [sp, #112]	; 0x70
1000392e:	6812      	ldr	r2, [r2, #0]
10003930:	e725      	b.n	1000377e <_vsnprintf+0x1fe>
10003932:	2846      	cmp	r0, #70	; 0x46
10003934:	d01a      	beq.n	1000396c <_vsnprintf+0x3ec>
10003936:	9b1c      	ldr	r3, [sp, #112]	; 0x70
10003938:	3307      	adds	r3, #7
1000393a:	2207      	movs	r2, #7
1000393c:	4393      	bics	r3, r2
1000393e:	001a      	movs	r2, r3
10003940:	3208      	adds	r2, #8
10003942:	921c      	str	r2, [sp, #112]	; 0x70
10003944:	9404      	str	r4, [sp, #16]
10003946:	9a0a      	ldr	r2, [sp, #40]	; 0x28
10003948:	9203      	str	r2, [sp, #12]
1000394a:	4652      	mov	r2, sl
1000394c:	9202      	str	r2, [sp, #8]
1000394e:	685c      	ldr	r4, [r3, #4]
10003950:	681b      	ldr	r3, [r3, #0]
10003952:	9300      	str	r3, [sp, #0]
10003954:	9401      	str	r4, [sp, #4]
10003956:	4643      	mov	r3, r8
10003958:	003a      	movs	r2, r7
1000395a:	4659      	mov	r1, fp
1000395c:	0028      	movs	r0, r5
1000395e:	f7ff fc65 	bl	1000322c <_ftoa>
10003962:	0007      	movs	r7, r0
10003964:	9b11      	ldr	r3, [sp, #68]	; 0x44
10003966:	3301      	adds	r3, #1
10003968:	9311      	str	r3, [sp, #68]	; 0x44
1000396a:	e619      	b.n	100035a0 <_vsnprintf+0x20>
1000396c:	2320      	movs	r3, #32
1000396e:	431c      	orrs	r4, r3
10003970:	e7e1      	b.n	10003936 <_vsnprintf+0x3b6>
10003972:	2867      	cmp	r0, #103	; 0x67
10003974:	d001      	beq.n	1000397a <_vsnprintf+0x3fa>
10003976:	2847      	cmp	r0, #71	; 0x47
10003978:	d102      	bne.n	10003980 <_vsnprintf+0x400>
1000397a:	2380      	movs	r3, #128	; 0x80
1000397c:	011b      	lsls	r3, r3, #4
1000397e:	431c      	orrs	r4, r3
10003980:	2845      	cmp	r0, #69	; 0x45
10003982:	d001      	beq.n	10003988 <_vsnprintf+0x408>
10003984:	2847      	cmp	r0, #71	; 0x47
10003986:	d101      	bne.n	1000398c <_vsnprintf+0x40c>
10003988:	2320      	movs	r3, #32
1000398a:	431c      	orrs	r4, r3
1000398c:	9b1c      	ldr	r3, [sp, #112]	; 0x70
1000398e:	3307      	adds	r3, #7
10003990:	2207      	movs	r2, #7
10003992:	4393      	bics	r3, r2
10003994:	001a      	movs	r2, r3
10003996:	3208      	adds	r2, #8
10003998:	921c      	str	r2, [sp, #112]	; 0x70
1000399a:	9404      	str	r4, [sp, #16]
1000399c:	9a0a      	ldr	r2, [sp, #40]	; 0x28
1000399e:	9203      	str	r2, [sp, #12]
100039a0:	4652      	mov	r2, sl
100039a2:	9202      	str	r2, [sp, #8]
100039a4:	685c      	ldr	r4, [r3, #4]
100039a6:	681b      	ldr	r3, [r3, #0]
100039a8:	9300      	str	r3, [sp, #0]
100039aa:	9401      	str	r4, [sp, #4]
100039ac:	4643      	mov	r3, r8
100039ae:	003a      	movs	r2, r7
100039b0:	4659      	mov	r1, fp
100039b2:	0028      	movs	r0, r5
100039b4:	f7ff fa30 	bl	10002e18 <_etoa>
100039b8:	0007      	movs	r7, r0
100039ba:	9b11      	ldr	r3, [sp, #68]	; 0x44
100039bc:	3301      	adds	r3, #1
100039be:	9311      	str	r3, [sp, #68]	; 0x44
100039c0:	e5ee      	b.n	100035a0 <_vsnprintf+0x20>
100039c2:	2302      	movs	r3, #2
100039c4:	001a      	movs	r2, r3
100039c6:	4022      	ands	r2, r4
100039c8:	4692      	mov	sl, r2
100039ca:	4223      	tst	r3, r4
100039cc:	d01f      	beq.n	10003a0e <_vsnprintf+0x48e>
100039ce:	2401      	movs	r4, #1
100039d0:	9b1c      	ldr	r3, [sp, #112]	; 0x70
100039d2:	1d1a      	adds	r2, r3, #4
100039d4:	921c      	str	r2, [sp, #112]	; 0x70
100039d6:	1c7a      	adds	r2, r7, #1
100039d8:	4691      	mov	r9, r2
100039da:	7818      	ldrb	r0, [r3, #0]
100039dc:	4643      	mov	r3, r8
100039de:	003a      	movs	r2, r7
100039e0:	4659      	mov	r1, fp
100039e2:	47a8      	blx	r5
100039e4:	4653      	mov	r3, sl
100039e6:	2b00      	cmp	r3, #0
100039e8:	d116      	bne.n	10003a18 <_vsnprintf+0x498>
100039ea:	9b11      	ldr	r3, [sp, #68]	; 0x44
100039ec:	3301      	adds	r3, #1
100039ee:	9311      	str	r3, [sp, #68]	; 0x44
100039f0:	464f      	mov	r7, r9
100039f2:	e5d5      	b.n	100035a0 <_vsnprintf+0x20>
100039f4:	1c56      	adds	r6, r2, #1
100039f6:	4643      	mov	r3, r8
100039f8:	4659      	mov	r1, fp
100039fa:	2020      	movs	r0, #32
100039fc:	47b8      	blx	r7
100039fe:	0023      	movs	r3, r4
10003a00:	0032      	movs	r2, r6
10003a02:	1c5c      	adds	r4, r3, #1
10003a04:	429d      	cmp	r5, r3
10003a06:	d8f5      	bhi.n	100039f4 <_vsnprintf+0x474>
10003a08:	003d      	movs	r5, r7
10003a0a:	0017      	movs	r7, r2
10003a0c:	e7e0      	b.n	100039d0 <_vsnprintf+0x450>
10003a0e:	2301      	movs	r3, #1
10003a10:	003a      	movs	r2, r7
10003a12:	002f      	movs	r7, r5
10003a14:	9d0a      	ldr	r5, [sp, #40]	; 0x28
10003a16:	e7f4      	b.n	10003a02 <_vsnprintf+0x482>
10003a18:	464a      	mov	r2, r9
10003a1a:	46a9      	mov	r9, r5
10003a1c:	9d0a      	ldr	r5, [sp, #40]	; 0x28
10003a1e:	e006      	b.n	10003a2e <_vsnprintf+0x4ae>
10003a20:	1c57      	adds	r7, r2, #1
10003a22:	4643      	mov	r3, r8
10003a24:	4659      	mov	r1, fp
10003a26:	2020      	movs	r0, #32
10003a28:	47c8      	blx	r9
10003a2a:	0034      	movs	r4, r6
10003a2c:	003a      	movs	r2, r7
10003a2e:	1c66      	adds	r6, r4, #1
10003a30:	42a5      	cmp	r5, r4
10003a32:	d8f5      	bhi.n	10003a20 <_vsnprintf+0x4a0>
10003a34:	464d      	mov	r5, r9
10003a36:	4691      	mov	r9, r2
10003a38:	e7d7      	b.n	100039ea <_vsnprintf+0x46a>
10003a3a:	9b1c      	ldr	r3, [sp, #112]	; 0x70
10003a3c:	1d1a      	adds	r2, r3, #4
10003a3e:	921c      	str	r2, [sp, #112]	; 0x70
10003a40:	681b      	ldr	r3, [r3, #0]
10003a42:	4699      	mov	r9, r3
10003a44:	4653      	mov	r3, sl
10003a46:	2b00      	cmp	r3, #0
10003a48:	d100      	bne.n	10003a4c <_vsnprintf+0x4cc>
10003a4a:	3b01      	subs	r3, #1
10003a4c:	464e      	mov	r6, r9
10003a4e:	e001      	b.n	10003a54 <_vsnprintf+0x4d4>
10003a50:	3601      	adds	r6, #1
10003a52:	0013      	movs	r3, r2
10003a54:	7832      	ldrb	r2, [r6, #0]
10003a56:	2a00      	cmp	r2, #0
10003a58:	d002      	beq.n	10003a60 <_vsnprintf+0x4e0>
10003a5a:	1e5a      	subs	r2, r3, #1
10003a5c:	2b00      	cmp	r3, #0
10003a5e:	d1f7      	bne.n	10003a50 <_vsnprintf+0x4d0>
10003a60:	464b      	mov	r3, r9
10003a62:	1af2      	subs	r2, r6, r3
10003a64:	9210      	str	r2, [sp, #64]	; 0x40
10003a66:	2380      	movs	r3, #128	; 0x80
10003a68:	00db      	lsls	r3, r3, #3
10003a6a:	0026      	movs	r6, r4
10003a6c:	401e      	ands	r6, r3
10003a6e:	421c      	tst	r4, r3
10003a70:	d003      	beq.n	10003a7a <_vsnprintf+0x4fa>
10003a72:	4552      	cmp	r2, sl
10003a74:	d901      	bls.n	10003a7a <_vsnprintf+0x4fa>
10003a76:	4653      	mov	r3, sl
10003a78:	9310      	str	r3, [sp, #64]	; 0x40
10003a7a:	2302      	movs	r3, #2
10003a7c:	001a      	movs	r2, r3
10003a7e:	4022      	ands	r2, r4
10003a80:	920b      	str	r2, [sp, #44]	; 0x2c
10003a82:	4223      	tst	r3, r4
10003a84:	d005      	beq.n	10003a92 <_vsnprintf+0x512>
10003a86:	003a      	movs	r2, r7
10003a88:	0037      	movs	r7, r6
10003a8a:	464c      	mov	r4, r9
10003a8c:	46a9      	mov	r9, r5
10003a8e:	4655      	mov	r5, sl
10003a90:	e020      	b.n	10003ad4 <_vsnprintf+0x554>
10003a92:	003a      	movs	r2, r7
10003a94:	9b10      	ldr	r3, [sp, #64]	; 0x40
10003a96:	465f      	mov	r7, fp
10003a98:	46b3      	mov	fp, r6
10003a9a:	002e      	movs	r6, r5
10003a9c:	e006      	b.n	10003aac <_vsnprintf+0x52c>
10003a9e:	1c55      	adds	r5, r2, #1
10003aa0:	4643      	mov	r3, r8
10003aa2:	0039      	movs	r1, r7
10003aa4:	2020      	movs	r0, #32
10003aa6:	47b0      	blx	r6
10003aa8:	0023      	movs	r3, r4
10003aaa:	002a      	movs	r2, r5
10003aac:	1c5c      	adds	r4, r3, #1
10003aae:	990a      	ldr	r1, [sp, #40]	; 0x28
10003ab0:	4299      	cmp	r1, r3
10003ab2:	d8f4      	bhi.n	10003a9e <_vsnprintf+0x51e>
10003ab4:	0035      	movs	r5, r6
10003ab6:	465e      	mov	r6, fp
10003ab8:	46bb      	mov	fp, r7
10003aba:	9410      	str	r4, [sp, #64]	; 0x40
10003abc:	0037      	movs	r7, r6
10003abe:	464c      	mov	r4, r9
10003ac0:	46a9      	mov	r9, r5
10003ac2:	4655      	mov	r5, sl
10003ac4:	e006      	b.n	10003ad4 <_vsnprintf+0x554>
10003ac6:	001d      	movs	r5, r3
10003ac8:	3401      	adds	r4, #1
10003aca:	1c56      	adds	r6, r2, #1
10003acc:	4643      	mov	r3, r8
10003ace:	4659      	mov	r1, fp
10003ad0:	47c8      	blx	r9
10003ad2:	0032      	movs	r2, r6
10003ad4:	7820      	ldrb	r0, [r4, #0]
10003ad6:	2800      	cmp	r0, #0
10003ad8:	d004      	beq.n	10003ae4 <_vsnprintf+0x564>
10003ada:	2f00      	cmp	r7, #0
10003adc:	d0f4      	beq.n	10003ac8 <_vsnprintf+0x548>
10003ade:	1e6b      	subs	r3, r5, #1
10003ae0:	2d00      	cmp	r5, #0
10003ae2:	d1f0      	bne.n	10003ac6 <_vsnprintf+0x546>
10003ae4:	0017      	movs	r7, r2
10003ae6:	464d      	mov	r5, r9
10003ae8:	9b0b      	ldr	r3, [sp, #44]	; 0x2c
10003aea:	2b00      	cmp	r3, #0
10003aec:	d103      	bne.n	10003af6 <_vsnprintf+0x576>
10003aee:	9b11      	ldr	r3, [sp, #68]	; 0x44
10003af0:	3301      	adds	r3, #1
10003af2:	9311      	str	r3, [sp, #68]	; 0x44
10003af4:	e554      	b.n	100035a0 <_vsnprintf+0x20>
10003af6:	9f0a      	ldr	r7, [sp, #40]	; 0x28
10003af8:	9b10      	ldr	r3, [sp, #64]	; 0x40
10003afa:	e006      	b.n	10003b0a <_vsnprintf+0x58a>
10003afc:	1c56      	adds	r6, r2, #1
10003afe:	4643      	mov	r3, r8
10003b00:	4659      	mov	r1, fp
10003b02:	2020      	movs	r0, #32
10003b04:	47a8      	blx	r5
10003b06:	0023      	movs	r3, r4
10003b08:	0032      	movs	r2, r6
10003b0a:	1c5c      	adds	r4, r3, #1
10003b0c:	429f      	cmp	r7, r3
10003b0e:	d8f5      	bhi.n	10003afc <_vsnprintf+0x57c>
10003b10:	0017      	movs	r7, r2
10003b12:	e7ec      	b.n	10003aee <_vsnprintf+0x56e>
10003b14:	2321      	movs	r3, #33	; 0x21
10003b16:	431c      	orrs	r4, r3
10003b18:	9b1c      	ldr	r3, [sp, #112]	; 0x70
10003b1a:	1d1a      	adds	r2, r3, #4
10003b1c:	921c      	str	r2, [sp, #112]	; 0x70
10003b1e:	681b      	ldr	r3, [r3, #0]
10003b20:	9300      	str	r3, [sp, #0]
10003b22:	9405      	str	r4, [sp, #20]
10003b24:	2308      	movs	r3, #8
10003b26:	9304      	str	r3, [sp, #16]
10003b28:	4653      	mov	r3, sl
10003b2a:	9303      	str	r3, [sp, #12]
10003b2c:	2310      	movs	r3, #16
10003b2e:	9302      	str	r3, [sp, #8]
10003b30:	2300      	movs	r3, #0
10003b32:	9301      	str	r3, [sp, #4]
10003b34:	4643      	mov	r3, r8
10003b36:	003a      	movs	r2, r7
10003b38:	4659      	mov	r1, fp
10003b3a:	0028      	movs	r0, r5
10003b3c:	f7ff f89c 	bl	10002c78 <_ntoa_long>
10003b40:	0007      	movs	r7, r0
10003b42:	9b11      	ldr	r3, [sp, #68]	; 0x44
10003b44:	3301      	adds	r3, #1
10003b46:	9311      	str	r3, [sp, #68]	; 0x44
10003b48:	e52a      	b.n	100035a0 <_vsnprintf+0x20>
10003b4a:	1c7c      	adds	r4, r7, #1
10003b4c:	4643      	mov	r3, r8
10003b4e:	003a      	movs	r2, r7
10003b50:	4659      	mov	r1, fp
10003b52:	2025      	movs	r0, #37	; 0x25
10003b54:	47a8      	blx	r5
10003b56:	9b11      	ldr	r3, [sp, #68]	; 0x44
10003b58:	3301      	adds	r3, #1
10003b5a:	9311      	str	r3, [sp, #68]	; 0x44
10003b5c:	0027      	movs	r7, r4
10003b5e:	e51f      	b.n	100035a0 <_vsnprintf+0x20>
10003b60:	1c7c      	adds	r4, r7, #1
10003b62:	4643      	mov	r3, r8
10003b64:	003a      	movs	r2, r7
10003b66:	4659      	mov	r1, fp
10003b68:	47a8      	blx	r5
10003b6a:	9b11      	ldr	r3, [sp, #68]	; 0x44
10003b6c:	3301      	adds	r3, #1
10003b6e:	9311      	str	r3, [sp, #68]	; 0x44
10003b70:	0027      	movs	r7, r4
10003b72:	e515      	b.n	100035a0 <_vsnprintf+0x20>
10003b74:	4b0a      	ldr	r3, [pc, #40]	; (10003ba0 <_vsnprintf+0x620>)
10003b76:	469a      	mov	sl, r3
10003b78:	e510      	b.n	1000359c <_vsnprintf+0x1c>
10003b7a:	46aa      	mov	sl, r5
10003b7c:	4547      	cmp	r7, r8
10003b7e:	d302      	bcc.n	10003b86 <_vsnprintf+0x606>
10003b80:	4643      	mov	r3, r8
10003b82:	1e5a      	subs	r2, r3, #1
10003b84:	e000      	b.n	10003b88 <_vsnprintf+0x608>
10003b86:	003a      	movs	r2, r7
10003b88:	4643      	mov	r3, r8
10003b8a:	4659      	mov	r1, fp
10003b8c:	2000      	movs	r0, #0
10003b8e:	47d0      	blx	sl
10003b90:	0038      	movs	r0, r7
10003b92:	b013      	add	sp, #76	; 0x4c
10003b94:	bcf0      	pop	{r4, r5, r6, r7}
10003b96:	46bb      	mov	fp, r7
10003b98:	46b2      	mov	sl, r6
10003b9a:	46a9      	mov	r9, r5
10003b9c:	46a0      	mov	r8, r4
10003b9e:	bdf0      	pop	{r4, r5, r6, r7, pc}
10003ba0:	10002a85 	.word	0x10002a85

10003ba4 <vfctprintf>:
10003ba4:	b500      	push	{lr}
10003ba6:	b085      	sub	sp, #20
10003ba8:	9002      	str	r0, [sp, #8]
10003baa:	9103      	str	r1, [sp, #12]
10003bac:	2101      	movs	r1, #1
10003bae:	9300      	str	r3, [sp, #0]
10003bb0:	0013      	movs	r3, r2
10003bb2:	424a      	negs	r2, r1
10003bb4:	a902      	add	r1, sp, #8
10003bb6:	4802      	ldr	r0, [pc, #8]	; (10003bc0 <vfctprintf+0x1c>)
10003bb8:	f7ff fce2 	bl	10003580 <_vsnprintf>
10003bbc:	b005      	add	sp, #20
10003bbe:	bd00      	pop	{pc}
10003bc0:	10002a87 	.word	0x10002a87

10003bc4 <__aeabi_bits_init>:
10003bc4:	4801      	ldr	r0, [pc, #4]	; (10003bcc <__aeabi_bits_init+0x8>)
10003bc6:	2104      	movs	r1, #4
10003bc8:	4b01      	ldr	r3, [pc, #4]	; (10003bd0 <__aeabi_bits_init+0xc>)
10003bca:	4718      	bx	r3
10003bcc:	20000d40 	.word	0x20000d40
10003bd0:	10003bf5 	.word	0x10003bf5

10003bd4 <rom_func_lookup>:
10003bd4:	b510      	push	{r4, lr}
10003bd6:	0001      	movs	r1, r0
10003bd8:	2318      	movs	r3, #24
10003bda:	881b      	ldrh	r3, [r3, #0]
10003bdc:	2214      	movs	r2, #20
10003bde:	8810      	ldrh	r0, [r2, #0]
10003be0:	4798      	blx	r3
10003be2:	bd10      	pop	{r4, pc}

10003be4 <rom_data_lookup>:
10003be4:	b510      	push	{r4, lr}
10003be6:	0001      	movs	r1, r0
10003be8:	2318      	movs	r3, #24
10003bea:	881b      	ldrh	r3, [r3, #0]
10003bec:	2216      	movs	r2, #22
10003bee:	8810      	ldrh	r0, [r2, #0]
10003bf0:	4798      	blx	r3
10003bf2:	bd10      	pop	{r4, pc}

10003bf4 <rom_funcs_lookup>:
10003bf4:	b5f0      	push	{r4, r5, r6, r7, lr}
10003bf6:	46c6      	mov	lr, r8
10003bf8:	b500      	push	{lr}
10003bfa:	0007      	movs	r7, r0
10003bfc:	000e      	movs	r6, r1
10003bfe:	2500      	movs	r5, #0
10003c00:	2301      	movs	r3, #1
10003c02:	4698      	mov	r8, r3
10003c04:	e000      	b.n	10003c08 <rom_funcs_lookup+0x14>
10003c06:	3501      	adds	r5, #1
10003c08:	42b5      	cmp	r5, r6
10003c0a:	d20a      	bcs.n	10003c22 <rom_funcs_lookup+0x2e>
10003c0c:	00ac      	lsls	r4, r5, #2
10003c0e:	193c      	adds	r4, r7, r4
10003c10:	6820      	ldr	r0, [r4, #0]
10003c12:	f7ff ffdf 	bl	10003bd4 <rom_func_lookup>
10003c16:	6020      	str	r0, [r4, #0]
10003c18:	2800      	cmp	r0, #0
10003c1a:	d1f4      	bne.n	10003c06 <rom_funcs_lookup+0x12>
10003c1c:	2300      	movs	r3, #0
10003c1e:	4698      	mov	r8, r3
10003c20:	e7f1      	b.n	10003c06 <rom_funcs_lookup+0x12>
10003c22:	4640      	mov	r0, r8
10003c24:	bc80      	pop	{r7}
10003c26:	46b8      	mov	r8, r7
10003c28:	bdf0      	pop	{r4, r5, r6, r7, pc}
	...

10003c2c <__wrap___aeabi_idiv>:
10003c2c:	4a12      	ldr	r2, [pc, #72]	; (10003c78 <divmod_s32s32_savestate+0x18>)
10003c2e:	6f93      	ldr	r3, [r2, #120]	; 0x78
10003c30:	089b      	lsrs	r3, r3, #2
10003c32:	d215      	bcs.n	10003c60 <divmod_s32s32_savestate>

10003c34 <divmod_s32s32_unsafe>:
10003c34:	6690      	str	r0, [r2, #104]	; 0x68
10003c36:	66d1      	str	r1, [r2, #108]	; 0x6c
10003c38:	2900      	cmp	r1, #0
10003c3a:	d005      	beq.n	10003c48 <divmod_s32s32_unsafe+0x14>
10003c3c:	e7ff      	b.n	10003c3e <divmod_s32s32_unsafe+0xa>
10003c3e:	e7ff      	b.n	10003c40 <divmod_s32s32_unsafe+0xc>
10003c40:	e7ff      	b.n	10003c42 <divmod_s32s32_unsafe+0xe>
10003c42:	6f51      	ldr	r1, [r2, #116]	; 0x74
10003c44:	6f10      	ldr	r0, [r2, #112]	; 0x70
10003c46:	4770      	bx	lr
10003c48:	b504      	push	{r2, lr}
10003c4a:	2180      	movs	r1, #128	; 0x80
10003c4c:	0609      	lsls	r1, r1, #24
10003c4e:	17c2      	asrs	r2, r0, #31
10003c50:	4051      	eors	r1, r2
10003c52:	2800      	cmp	r0, #0
10003c54:	d000      	beq.n	10003c58 <divmod_s32s32_unsafe+0x24>
10003c56:	43c8      	mvns	r0, r1
10003c58:	f006 fd7a 	bl	1000a750 <____aeabi_idiv0_veneer>
10003c5c:	2100      	movs	r1, #0
10003c5e:	bd04      	pop	{r2, pc}

10003c60 <divmod_s32s32_savestate>:
10003c60:	b5f0      	push	{r4, r5, r6, r7, lr}
10003c62:	6e14      	ldr	r4, [r2, #96]	; 0x60
10003c64:	6e55      	ldr	r5, [r2, #100]	; 0x64
10003c66:	6f57      	ldr	r7, [r2, #116]	; 0x74
10003c68:	6f16      	ldr	r6, [r2, #112]	; 0x70
10003c6a:	f7ff ffe3 	bl	10003c34 <divmod_s32s32_unsafe>
10003c6e:	6614      	str	r4, [r2, #96]	; 0x60
10003c70:	6655      	str	r5, [r2, #100]	; 0x64
10003c72:	6757      	str	r7, [r2, #116]	; 0x74
10003c74:	6716      	str	r6, [r2, #112]	; 0x70
10003c76:	bdf0      	pop	{r4, r5, r6, r7, pc}
10003c78:	d0000000 	.word	0xd0000000

10003c7c <__wrap___aeabi_uidiv>:
10003c7c:	4a11      	ldr	r2, [pc, #68]	; (10003cc4 <divmod_u32u32_savestate+0x18>)
10003c7e:	6f93      	ldr	r3, [r2, #120]	; 0x78
10003c80:	089b      	lsrs	r3, r3, #2
10003c82:	d213      	bcs.n	10003cac <divmod_u32u32_savestate>

10003c84 <divmod_u32u32_unsafe>:
10003c84:	6610      	str	r0, [r2, #96]	; 0x60
10003c86:	6651      	str	r1, [r2, #100]	; 0x64
10003c88:	2900      	cmp	r1, #0
10003c8a:	d005      	beq.n	10003c98 <divmod_u32u32_unsafe+0x14>
10003c8c:	e7ff      	b.n	10003c8e <divmod_u32u32_unsafe+0xa>
10003c8e:	e7ff      	b.n	10003c90 <divmod_u32u32_unsafe+0xc>
10003c90:	e7ff      	b.n	10003c92 <divmod_u32u32_unsafe+0xe>
10003c92:	6f51      	ldr	r1, [r2, #116]	; 0x74
10003c94:	6f10      	ldr	r0, [r2, #112]	; 0x70
10003c96:	4770      	bx	lr
10003c98:	b504      	push	{r2, lr}
10003c9a:	2800      	cmp	r0, #0
10003c9c:	d001      	beq.n	10003ca2 <divmod_u32u32_unsafe+0x1e>
10003c9e:	2000      	movs	r0, #0
10003ca0:	43c0      	mvns	r0, r0
10003ca2:	f006 fd55 	bl	1000a750 <____aeabi_idiv0_veneer>
10003ca6:	2100      	movs	r1, #0
10003ca8:	bd04      	pop	{r2, pc}
10003caa:	46c0      	nop			; (mov r8, r8)

10003cac <divmod_u32u32_savestate>:
10003cac:	b5f0      	push	{r4, r5, r6, r7, lr}
10003cae:	6e14      	ldr	r4, [r2, #96]	; 0x60
10003cb0:	6e55      	ldr	r5, [r2, #100]	; 0x64
10003cb2:	6f57      	ldr	r7, [r2, #116]	; 0x74
10003cb4:	6f16      	ldr	r6, [r2, #112]	; 0x70
10003cb6:	f7ff ffe5 	bl	10003c84 <divmod_u32u32_unsafe>
10003cba:	6614      	str	r4, [r2, #96]	; 0x60
10003cbc:	6655      	str	r5, [r2, #100]	; 0x64
10003cbe:	6757      	str	r7, [r2, #116]	; 0x74
10003cc0:	6716      	str	r6, [r2, #112]	; 0x70
10003cc2:	bdf0      	pop	{r4, r5, r6, r7, pc}
10003cc4:	d0000000 	.word	0xd0000000

10003cc8 <__wrap___aeabi_ldivmod>:
10003cc8:	4694      	mov	ip, r2
10003cca:	4a4a      	ldr	r2, [pc, #296]	; (10003df4 <udiv0+0x1a>)
10003ccc:	6f92      	ldr	r2, [r2, #120]	; 0x78
10003cce:	0892      	lsrs	r2, r2, #2
10003cd0:	4662      	mov	r2, ip
10003cd2:	d201      	bcs.n	10003cd8 <divmod_s64s64_savestate>
10003cd4:	e028      	b.n	10003d28 <divmod_s64s64_unsafe>
10003cd6:	46c0      	nop			; (mov r8, r8)

10003cd8 <divmod_s64s64_savestate>:
10003cd8:	b5f0      	push	{r4, r5, r6, r7, lr}
10003cda:	4e46      	ldr	r6, [pc, #280]	; (10003df4 <udiv0+0x1a>)
10003cdc:	6e34      	ldr	r4, [r6, #96]	; 0x60
10003cde:	6e75      	ldr	r5, [r6, #100]	; 0x64
10003ce0:	6f77      	ldr	r7, [r6, #116]	; 0x74
10003ce2:	6f36      	ldr	r6, [r6, #112]	; 0x70
10003ce4:	f000 f820 	bl	10003d28 <divmod_s64s64_unsafe>
10003ce8:	4694      	mov	ip, r2
10003cea:	4a42      	ldr	r2, [pc, #264]	; (10003df4 <udiv0+0x1a>)
10003cec:	6614      	str	r4, [r2, #96]	; 0x60
10003cee:	6655      	str	r5, [r2, #100]	; 0x64
10003cf0:	6757      	str	r7, [r2, #116]	; 0x74
10003cf2:	6716      	str	r6, [r2, #112]	; 0x70
10003cf4:	4662      	mov	r2, ip
10003cf6:	bdf0      	pop	{r4, r5, r6, r7, pc}

10003cf8 <__wrap___aeabi_uldivmod>:
10003cf8:	4694      	mov	ip, r2
10003cfa:	4a3e      	ldr	r2, [pc, #248]	; (10003df4 <udiv0+0x1a>)
10003cfc:	6f92      	ldr	r2, [r2, #120]	; 0x78
10003cfe:	0892      	lsrs	r2, r2, #2
10003d00:	4662      	mov	r2, ip
10003d02:	d201      	bcs.n	10003d08 <divmod_u64u64_savestate>
10003d04:	e054      	b.n	10003db0 <divmod_u64u64_unsafe>
10003d06:	46c0      	nop			; (mov r8, r8)

10003d08 <divmod_u64u64_savestate>:
10003d08:	b5f0      	push	{r4, r5, r6, r7, lr}
10003d0a:	4e3a      	ldr	r6, [pc, #232]	; (10003df4 <udiv0+0x1a>)
10003d0c:	6e34      	ldr	r4, [r6, #96]	; 0x60
10003d0e:	6e75      	ldr	r5, [r6, #100]	; 0x64
10003d10:	6f77      	ldr	r7, [r6, #116]	; 0x74
10003d12:	6f36      	ldr	r6, [r6, #112]	; 0x70
10003d14:	f000 f84c 	bl	10003db0 <divmod_u64u64_unsafe>
10003d18:	4694      	mov	ip, r2
10003d1a:	4a36      	ldr	r2, [pc, #216]	; (10003df4 <udiv0+0x1a>)
10003d1c:	6614      	str	r4, [r2, #96]	; 0x60
10003d1e:	6655      	str	r5, [r2, #100]	; 0x64
10003d20:	6757      	str	r7, [r2, #116]	; 0x74
10003d22:	6716      	str	r6, [r2, #112]	; 0x70
10003d24:	4662      	mov	r2, ip
10003d26:	bdf0      	pop	{r4, r5, r6, r7, pc}

10003d28 <divmod_s64s64_unsafe>:
10003d28:	2b00      	cmp	r3, #0
10003d2a:	db24      	blt.n	10003d76 <l42_1+0x26>
10003d2c:	d011      	beq.n	10003d52 <l42_1+0x2>
10003d2e:	2900      	cmp	r1, #0
10003d30:	da3e      	bge.n	10003db0 <divmod_u64u64_unsafe>
10003d32:	b500      	push	{lr}
10003d34:	43c9      	mvns	r1, r1
10003d36:	4240      	negs	r0, r0
10003d38:	d100      	bne.n	10003d3c <l40_1>
10003d3a:	3101      	adds	r1, #1

10003d3c <l40_1>:
10003d3c:	f000 f838 	bl	10003db0 <divmod_u64u64_unsafe>
10003d40:	43c9      	mvns	r1, r1
10003d42:	4240      	negs	r0, r0
10003d44:	d100      	bne.n	10003d48 <l41_1>
10003d46:	3101      	adds	r1, #1

10003d48 <l41_1>:
10003d48:	43db      	mvns	r3, r3
10003d4a:	4252      	negs	r2, r2
10003d4c:	d100      	bne.n	10003d50 <l42_1>
10003d4e:	3301      	adds	r3, #1

10003d50 <l42_1>:
10003d50:	bd00      	pop	{pc}
10003d52:	2a00      	cmp	r2, #0
10003d54:	d1eb      	bne.n	10003d2e <divmod_s64s64_unsafe+0x6>
10003d56:	2800      	cmp	r0, #0
10003d58:	d101      	bne.n	10003d5e <l42_1+0xe>
10003d5a:	2900      	cmp	r1, #0
10003d5c:	d005      	beq.n	10003d6a <l42_1+0x1a>
10003d5e:	2000      	movs	r0, #0
10003d60:	0fc9      	lsrs	r1, r1, #31
10003d62:	07c9      	lsls	r1, r1, #31
10003d64:	d101      	bne.n	10003d6a <l42_1+0x1a>
10003d66:	43c0      	mvns	r0, r0
10003d68:	0841      	lsrs	r1, r0, #1
10003d6a:	b500      	push	{lr}
10003d6c:	f006 fce8 	bl	1000a740 <____aeabi_ldiv0_veneer>
10003d70:	2200      	movs	r2, #0
10003d72:	2300      	movs	r3, #0
10003d74:	bd00      	pop	{pc}
10003d76:	b500      	push	{lr}
10003d78:	2900      	cmp	r1, #0
10003d7a:	db0a      	blt.n	10003d92 <l44_1+0x2>
10003d7c:	43db      	mvns	r3, r3
10003d7e:	4252      	negs	r2, r2
10003d80:	d100      	bne.n	10003d84 <l43_1>
10003d82:	3301      	adds	r3, #1

10003d84 <l43_1>:
10003d84:	f000 f814 	bl	10003db0 <divmod_u64u64_unsafe>
10003d88:	43c9      	mvns	r1, r1
10003d8a:	4240      	negs	r0, r0
10003d8c:	d100      	bne.n	10003d90 <l44_1>
10003d8e:	3101      	adds	r1, #1

10003d90 <l44_1>:
10003d90:	bd00      	pop	{pc}
10003d92:	43c9      	mvns	r1, r1
10003d94:	4240      	negs	r0, r0
10003d96:	d100      	bne.n	10003d9a <l45_1>
10003d98:	3101      	adds	r1, #1

10003d9a <l45_1>:
10003d9a:	43db      	mvns	r3, r3
10003d9c:	4252      	negs	r2, r2
10003d9e:	d100      	bne.n	10003da2 <l46_1>
10003da0:	3301      	adds	r3, #1

10003da2 <l46_1>:
10003da2:	f000 f805 	bl	10003db0 <divmod_u64u64_unsafe>
10003da6:	43db      	mvns	r3, r3
10003da8:	4252      	negs	r2, r2
10003daa:	d100      	bne.n	10003dae <l47_1>
10003dac:	3301      	adds	r3, #1

10003dae <l47_1>:
10003dae:	bd00      	pop	{pc}

10003db0 <divmod_u64u64_unsafe>:
10003db0:	2900      	cmp	r1, #0
10003db2:	d123      	bne.n	10003dfc <y64>
10003db4:	2b00      	cmp	r3, #0
10003db6:	d118      	bne.n	10003dea <udiv0+0x10>
10003db8:	2a00      	cmp	r2, #0
10003dba:	d00c      	beq.n	10003dd6 <divmod_u64u64_unsafe+0x26>
10003dbc:	46bc      	mov	ip, r7
10003dbe:	4f0d      	ldr	r7, [pc, #52]	; (10003df4 <udiv0+0x1a>)
10003dc0:	6638      	str	r0, [r7, #96]	; 0x60
10003dc2:	667a      	str	r2, [r7, #100]	; 0x64
10003dc4:	2100      	movs	r1, #0
10003dc6:	2300      	movs	r3, #0
10003dc8:	e7ff      	b.n	10003dca <divmod_u64u64_unsafe+0x1a>
10003dca:	e7ff      	b.n	10003dcc <divmod_u64u64_unsafe+0x1c>
10003dcc:	e7ff      	b.n	10003dce <divmod_u64u64_unsafe+0x1e>
10003dce:	6f7a      	ldr	r2, [r7, #116]	; 0x74
10003dd0:	6f38      	ldr	r0, [r7, #112]	; 0x70
10003dd2:	4667      	mov	r7, ip
10003dd4:	4770      	bx	lr
10003dd6:	2800      	cmp	r0, #0
10003dd8:	d001      	beq.n	10003dde <udiv0+0x4>

10003dda <udiv0>:
10003dda:	4807      	ldr	r0, [pc, #28]	; (10003df8 <udiv0+0x1e>)
10003ddc:	0001      	movs	r1, r0
10003dde:	b500      	push	{lr}
10003de0:	f006 fcae 	bl	1000a740 <____aeabi_ldiv0_veneer>
10003de4:	2200      	movs	r2, #0
10003de6:	2300      	movs	r3, #0
10003de8:	bd00      	pop	{pc}
10003dea:	0002      	movs	r2, r0
10003dec:	000b      	movs	r3, r1
10003dee:	2000      	movs	r0, #0
10003df0:	2100      	movs	r1, #0
10003df2:	4770      	bx	lr
10003df4:	d0000000 	.word	0xd0000000
10003df8:	ffffffff 	.word	0xffffffff

10003dfc <y64>:
10003dfc:	2b00      	cmp	r3, #0
10003dfe:	d000      	beq.n	10003e02 <y64+0x6>
10003e00:	e0bf      	b.n	10003f82 <y64_x48>
10003e02:	0c13      	lsrs	r3, r2, #16
10003e04:	d128      	bne.n	10003e58 <y64_x32>
10003e06:	2a00      	cmp	r2, #0
10003e08:	d0e7      	beq.n	10003dda <udiv0>
10003e0a:	b480      	push	{r7}
10003e0c:	4f11      	ldr	r7, [pc, #68]	; (10003e54 <y64+0x58>)
10003e0e:	6639      	str	r1, [r7, #96]	; 0x60
10003e10:	667a      	str	r2, [r7, #100]	; 0x64
10003e12:	e7ff      	b.n	10003e14 <y64+0x18>
10003e14:	e7ff      	b.n	10003e16 <y64+0x1a>
10003e16:	b430      	push	{r4, r5}
10003e18:	0c04      	lsrs	r4, r0, #16
10003e1a:	6f7b      	ldr	r3, [r7, #116]	; 0x74
10003e1c:	6f39      	ldr	r1, [r7, #112]	; 0x70
10003e1e:	041b      	lsls	r3, r3, #16
10003e20:	4323      	orrs	r3, r4
10003e22:	663b      	str	r3, [r7, #96]	; 0x60
10003e24:	667a      	str	r2, [r7, #100]	; 0x64
10003e26:	e7ff      	b.n	10003e28 <y64+0x2c>
10003e28:	e7ff      	b.n	10003e2a <y64+0x2e>
10003e2a:	e7ff      	b.n	10003e2c <y64+0x30>
10003e2c:	46c0      	nop			; (mov r8, r8)
10003e2e:	b284      	uxth	r4, r0
10003e30:	6f7b      	ldr	r3, [r7, #116]	; 0x74
10003e32:	6f3d      	ldr	r5, [r7, #112]	; 0x70
10003e34:	041b      	lsls	r3, r3, #16
10003e36:	4323      	orrs	r3, r4
10003e38:	663b      	str	r3, [r7, #96]	; 0x60
10003e3a:	667a      	str	r2, [r7, #100]	; 0x64
10003e3c:	e7ff      	b.n	10003e3e <y64+0x42>
10003e3e:	e7ff      	b.n	10003e40 <y64+0x44>
10003e40:	46c0      	nop			; (mov r8, r8)
10003e42:	2300      	movs	r3, #0
10003e44:	042c      	lsls	r4, r5, #16
10003e46:	0c2d      	lsrs	r5, r5, #16
10003e48:	6f7a      	ldr	r2, [r7, #116]	; 0x74
10003e4a:	6f38      	ldr	r0, [r7, #112]	; 0x70
10003e4c:	1900      	adds	r0, r0, r4
10003e4e:	4169      	adcs	r1, r5
10003e50:	bcb0      	pop	{r4, r5, r7}
10003e52:	4770      	bx	lr
10003e54:	d0000000 	.word	0xd0000000

10003e58 <y64_x32>:
10003e58:	b5f0      	push	{r4, r5, r6, r7, lr}
10003e5a:	4694      	mov	ip, r2
10003e5c:	2500      	movs	r5, #0
10003e5e:	0e14      	lsrs	r4, r2, #24
10003e60:	d101      	bne.n	10003e66 <y64_x32+0xe>
10003e62:	0212      	lsls	r2, r2, #8
10003e64:	3508      	adds	r5, #8
10003e66:	0f14      	lsrs	r4, r2, #28
10003e68:	d101      	bne.n	10003e6e <y64_x32+0x16>
10003e6a:	0112      	lsls	r2, r2, #4
10003e6c:	3504      	adds	r5, #4
10003e6e:	0f94      	lsrs	r4, r2, #30
10003e70:	d101      	bne.n	10003e76 <y64_x32+0x1e>
10003e72:	0092      	lsls	r2, r2, #2
10003e74:	3502      	adds	r5, #2
10003e76:	0fd4      	lsrs	r4, r2, #31
10003e78:	d101      	bne.n	10003e7e <y64_x32+0x26>
10003e7a:	0052      	lsls	r2, r2, #1
10003e7c:	3501      	adds	r5, #1
10003e7e:	0bd4      	lsrs	r4, r2, #15
10003e80:	3401      	adds	r4, #1
10003e82:	4f25      	ldr	r7, [pc, #148]	; (10003f18 <y64_x32+0xc0>)
10003e84:	667c      	str	r4, [r7, #100]	; 0x64
10003e86:	4c25      	ldr	r4, [pc, #148]	; (10003f1c <y64_x32+0xc4>)
10003e88:	663c      	str	r4, [r7, #96]	; 0x60
10003e8a:	0c0e      	lsrs	r6, r1, #16
10003e8c:	b293      	uxth	r3, r2
10003e8e:	e7ff      	b.n	10003e90 <y64_x32+0x38>
10003e90:	e7ff      	b.n	10003e92 <y64_x32+0x3a>
10003e92:	e7ff      	b.n	10003e94 <y64_x32+0x3c>
10003e94:	6f3c      	ldr	r4, [r7, #112]	; 0x70
10003e96:	4366      	muls	r6, r4
10003e98:	0c36      	lsrs	r6, r6, #16
10003e9a:	0377      	lsls	r7, r6, #13
10003e9c:	46be      	mov	lr, r7
10003e9e:	4373      	muls	r3, r6
10003ea0:	0bdf      	lsrs	r7, r3, #15
10003ea2:	045b      	lsls	r3, r3, #17
10003ea4:	1ac0      	subs	r0, r0, r3
10003ea6:	41b9      	sbcs	r1, r7
10003ea8:	0c13      	lsrs	r3, r2, #16
10003eaa:	4373      	muls	r3, r6
10003eac:	18db      	adds	r3, r3, r3
10003eae:	1ac9      	subs	r1, r1, r3
10003eb0:	08ce      	lsrs	r6, r1, #3
10003eb2:	4366      	muls	r6, r4
10003eb4:	0c36      	lsrs	r6, r6, #16
10003eb6:	44b6      	add	lr, r6
10003eb8:	b293      	uxth	r3, r2
10003eba:	4373      	muls	r3, r6
10003ebc:	0f1f      	lsrs	r7, r3, #28
10003ebe:	011b      	lsls	r3, r3, #4
10003ec0:	1ac0      	subs	r0, r0, r3
10003ec2:	41b9      	sbcs	r1, r7
10003ec4:	0c13      	lsrs	r3, r2, #16
10003ec6:	4373      	muls	r3, r6
10003ec8:	0b1f      	lsrs	r7, r3, #12
10003eca:	051b      	lsls	r3, r3, #20
10003ecc:	1ac0      	subs	r0, r0, r3
10003ece:	41b9      	sbcs	r1, r7
10003ed0:	0d86      	lsrs	r6, r0, #22
10003ed2:	028f      	lsls	r7, r1, #10
10003ed4:	433e      	orrs	r6, r7
10003ed6:	4366      	muls	r6, r4
10003ed8:	0c36      	lsrs	r6, r6, #16
10003eda:	2d09      	cmp	r5, #9
10003edc:	db24      	blt.n	10003f28 <last0>
10003ede:	0a52      	lsrs	r2, r2, #9
10003ee0:	4372      	muls	r2, r6
10003ee2:	1a80      	subs	r0, r0, r2
10003ee4:	0377      	lsls	r7, r6, #13
10003ee6:	0a46      	lsrs	r6, r0, #9
10003ee8:	4366      	muls	r6, r4
10003eea:	0c36      	lsrs	r6, r6, #16
10003eec:	2316      	movs	r3, #22
10003eee:	1b5b      	subs	r3, r3, r5
10003ef0:	40de      	lsrs	r6, r3
10003ef2:	40df      	lsrs	r7, r3
10003ef4:	19bf      	adds	r7, r7, r6
10003ef6:	4664      	mov	r4, ip
10003ef8:	4366      	muls	r6, r4
10003efa:	1b82      	subs	r2, r0, r6
10003efc:	4670      	mov	r0, lr
10003efe:	3504      	adds	r5, #4
10003f00:	3306      	adds	r3, #6
10003f02:	0001      	movs	r1, r0
10003f04:	40d9      	lsrs	r1, r3
10003f06:	40a8      	lsls	r0, r5
10003f08:	19c0      	adds	r0, r0, r7
10003f0a:	d300      	bcc.n	10003f0e <y64_x32+0xb6>
10003f0c:	3101      	adds	r1, #1
10003f0e:	42a2      	cmp	r2, r4
10003f10:	d206      	bcs.n	10003f20 <y64_x32+0xc8>
10003f12:	2300      	movs	r3, #0
10003f14:	bdf0      	pop	{r4, r5, r6, r7, pc}
10003f16:	0000      	.short	0x0000
10003f18:	d0000000 	.word	0xd0000000
10003f1c:	ffffffff 	.word	0xffffffff
10003f20:	1b12      	subs	r2, r2, r4
10003f22:	3001      	adds	r0, #1
10003f24:	d3f3      	bcc.n	10003f0e <y64_x32+0xb6>
10003f26:	e7f1      	b.n	10003f0c <y64_x32+0xb4>

10003f28 <last0>:
10003f28:	2709      	movs	r7, #9
10003f2a:	1b7f      	subs	r7, r7, r5
10003f2c:	40fe      	lsrs	r6, r7
10003f2e:	4664      	mov	r4, ip
10003f30:	b2a2      	uxth	r2, r4
10003f32:	4372      	muls	r2, r6
10003f34:	1a80      	subs	r0, r0, r2
10003f36:	d200      	bcs.n	10003f3a <last0+0x12>
10003f38:	3901      	subs	r1, #1
10003f3a:	0c22      	lsrs	r2, r4, #16
10003f3c:	4372      	muls	r2, r6
10003f3e:	0c13      	lsrs	r3, r2, #16
10003f40:	0412      	lsls	r2, r2, #16
10003f42:	1a82      	subs	r2, r0, r2
10003f44:	4199      	sbcs	r1, r3
10003f46:	000b      	movs	r3, r1
10003f48:	4670      	mov	r0, lr
10003f4a:	3504      	adds	r5, #4
10003f4c:	3713      	adds	r7, #19
10003f4e:	0001      	movs	r1, r0
10003f50:	40f9      	lsrs	r1, r7
10003f52:	40a8      	lsls	r0, r5
10003f54:	1980      	adds	r0, r0, r6
10003f56:	d300      	bcc.n	10003f5a <last0+0x32>
10003f58:	3101      	adds	r1, #1
10003f5a:	2b00      	cmp	r3, #0
10003f5c:	d102      	bne.n	10003f64 <last0+0x3c>
10003f5e:	42a2      	cmp	r2, r4
10003f60:	d20a      	bcs.n	10003f78 <last0+0x50>
10003f62:	bdf0      	pop	{r4, r5, r6, r7, pc}
10003f64:	3001      	adds	r0, #1
10003f66:	d300      	bcc.n	10003f6a <last0+0x42>
10003f68:	3101      	adds	r1, #1
10003f6a:	1b12      	subs	r2, r2, r4
10003f6c:	d2fa      	bcs.n	10003f64 <last0+0x3c>
10003f6e:	3b01      	subs	r3, #1
10003f70:	d1f8      	bne.n	10003f64 <last0+0x3c>
10003f72:	42a2      	cmp	r2, r4
10003f74:	d200      	bcs.n	10003f78 <last0+0x50>
10003f76:	bdf0      	pop	{r4, r5, r6, r7, pc}
10003f78:	3001      	adds	r0, #1
10003f7a:	d300      	bcc.n	10003f7e <last0+0x56>
10003f7c:	3101      	adds	r1, #1
10003f7e:	1b12      	subs	r2, r2, r4
10003f80:	e7f7      	b.n	10003f72 <last0+0x4a>

10003f82 <y64_x48>:
10003f82:	b5f0      	push	{r4, r5, r6, r7, lr}
10003f84:	0c1c      	lsrs	r4, r3, #16
10003f86:	d000      	beq.n	10003f8a <y64_x48+0x8>
10003f88:	e080      	b.n	1000408c <y64_x64>
10003f8a:	b40c      	push	{r2, r3}
10003f8c:	2500      	movs	r5, #0
10003f8e:	0a1c      	lsrs	r4, r3, #8
10003f90:	d104      	bne.n	10003f9c <y64_x48+0x1a>
10003f92:	021b      	lsls	r3, r3, #8
10003f94:	0e16      	lsrs	r6, r2, #24
10003f96:	4333      	orrs	r3, r6
10003f98:	0212      	lsls	r2, r2, #8
10003f9a:	3508      	adds	r5, #8
10003f9c:	0b1c      	lsrs	r4, r3, #12
10003f9e:	d104      	bne.n	10003faa <y64_x48+0x28>
10003fa0:	011b      	lsls	r3, r3, #4
10003fa2:	0f16      	lsrs	r6, r2, #28
10003fa4:	4333      	orrs	r3, r6
10003fa6:	0112      	lsls	r2, r2, #4
10003fa8:	3504      	adds	r5, #4
10003faa:	0b9c      	lsrs	r4, r3, #14
10003fac:	d104      	bne.n	10003fb8 <y64_x48+0x36>
10003fae:	009b      	lsls	r3, r3, #2
10003fb0:	0f96      	lsrs	r6, r2, #30
10003fb2:	4333      	orrs	r3, r6
10003fb4:	0092      	lsls	r2, r2, #2
10003fb6:	3502      	adds	r5, #2
10003fb8:	0bdc      	lsrs	r4, r3, #15
10003fba:	d102      	bne.n	10003fc2 <y64_x48+0x40>
10003fbc:	1892      	adds	r2, r2, r2
10003fbe:	415b      	adcs	r3, r3
10003fc0:	3501      	adds	r5, #1
10003fc2:	001c      	movs	r4, r3
10003fc4:	1897      	adds	r7, r2, r2
10003fc6:	4164      	adcs	r4, r4
10003fc8:	3401      	adds	r4, #1
10003fca:	4f46      	ldr	r7, [pc, #280]	; (100040e4 <y64_x64+0x58>)
10003fcc:	667c      	str	r4, [r7, #100]	; 0x64
10003fce:	4c46      	ldr	r4, [pc, #280]	; (100040e8 <y64_x64+0x5c>)
10003fd0:	663c      	str	r4, [r7, #96]	; 0x60
10003fd2:	0c0e      	lsrs	r6, r1, #16
10003fd4:	e7ff      	b.n	10003fd6 <y64_x48+0x54>
10003fd6:	e7ff      	b.n	10003fd8 <y64_x48+0x56>
10003fd8:	e7ff      	b.n	10003fda <y64_x48+0x58>
10003fda:	46c0      	nop			; (mov r8, r8)
10003fdc:	6f3c      	ldr	r4, [r7, #112]	; 0x70
10003fde:	4366      	muls	r6, r4
10003fe0:	0c36      	lsrs	r6, r6, #16
10003fe2:	0377      	lsls	r7, r6, #13
10003fe4:	46be      	mov	lr, r7
10003fe6:	b297      	uxth	r7, r2
10003fe8:	4377      	muls	r7, r6
10003fea:	1bc0      	subs	r0, r0, r7
10003fec:	d200      	bcs.n	10003ff0 <y64_x48+0x6e>
10003fee:	3901      	subs	r1, #1
10003ff0:	1bc0      	subs	r0, r0, r7
10003ff2:	d200      	bcs.n	10003ff6 <y64_x48+0x74>
10003ff4:	3901      	subs	r1, #1
10003ff6:	b29f      	uxth	r7, r3
10003ff8:	4377      	muls	r7, r6
10003ffa:	1bc9      	subs	r1, r1, r7
10003ffc:	1bc9      	subs	r1, r1, r7
10003ffe:	0c17      	lsrs	r7, r2, #16
10004000:	4377      	muls	r7, r6
10004002:	047e      	lsls	r6, r7, #17
10004004:	0bff      	lsrs	r7, r7, #15
10004006:	1b80      	subs	r0, r0, r6
10004008:	41b9      	sbcs	r1, r7
1000400a:	08ce      	lsrs	r6, r1, #3
1000400c:	4366      	muls	r6, r4
1000400e:	0c36      	lsrs	r6, r6, #16
10004010:	2d0c      	cmp	r5, #12
10004012:	db33      	blt.n	1000407c <last1>
10004014:	44b6      	add	lr, r6
10004016:	0b12      	lsrs	r2, r2, #12
10004018:	051f      	lsls	r7, r3, #20
1000401a:	433a      	orrs	r2, r7
1000401c:	0b1b      	lsrs	r3, r3, #12
1000401e:	b297      	uxth	r7, r2
10004020:	4377      	muls	r7, r6
10004022:	1bc0      	subs	r0, r0, r7
10004024:	d200      	bcs.n	10004028 <y64_x48+0xa6>
10004026:	3901      	subs	r1, #1
10004028:	b29f      	uxth	r7, r3
1000402a:	4377      	muls	r7, r6
1000402c:	1bc9      	subs	r1, r1, r7
1000402e:	0c17      	lsrs	r7, r2, #16
10004030:	4377      	muls	r7, r6
10004032:	043e      	lsls	r6, r7, #16
10004034:	0c3f      	lsrs	r7, r7, #16
10004036:	1b80      	subs	r0, r0, r6
10004038:	41b9      	sbcs	r1, r7
1000403a:	0d86      	lsrs	r6, r0, #22
1000403c:	028f      	lsls	r7, r1, #10
1000403e:	433e      	orrs	r6, r7
10004040:	4366      	muls	r6, r4
10004042:	2729      	movs	r7, #41	; 0x29
10004044:	1b7f      	subs	r7, r7, r5
10004046:	40fe      	lsrs	r6, r7
10004048:	3d0c      	subs	r5, #12
1000404a:	4677      	mov	r7, lr
1000404c:	40af      	lsls	r7, r5
1000404e:	19bf      	adds	r7, r7, r6
10004050:	bc30      	pop	{r4, r5}
10004052:	b2a2      	uxth	r2, r4
10004054:	b2ab      	uxth	r3, r5
10004056:	4372      	muls	r2, r6
10004058:	4373      	muls	r3, r6
1000405a:	1a80      	subs	r0, r0, r2
1000405c:	4199      	sbcs	r1, r3
1000405e:	0c22      	lsrs	r2, r4, #16
10004060:	4372      	muls	r2, r6
10004062:	0c13      	lsrs	r3, r2, #16
10004064:	0412      	lsls	r2, r2, #16
10004066:	1a80      	subs	r0, r0, r2
10004068:	4199      	sbcs	r1, r3
1000406a:	0002      	movs	r2, r0
1000406c:	000b      	movs	r3, r1
1000406e:	3701      	adds	r7, #1
10004070:	1b00      	subs	r0, r0, r4
10004072:	41a9      	sbcs	r1, r5
10004074:	d2f9      	bcs.n	1000406a <y64_x48+0xe8>
10004076:	1e78      	subs	r0, r7, #1
10004078:	2100      	movs	r1, #0
1000407a:	bdf0      	pop	{r4, r5, r6, r7, pc}

1000407c <last1>:
1000407c:	270c      	movs	r7, #12
1000407e:	1b7f      	subs	r7, r7, r5
10004080:	40fe      	lsrs	r6, r7
10004082:	4677      	mov	r7, lr
10004084:	0b7f      	lsrs	r7, r7, #13
10004086:	40af      	lsls	r7, r5
10004088:	19ff      	adds	r7, r7, r7
1000408a:	e7e0      	b.n	1000404e <y64_x48+0xcc>

1000408c <y64_x64>:
1000408c:	2400      	movs	r4, #0
1000408e:	1c5d      	adds	r5, r3, #1
10004090:	d007      	beq.n	100040a2 <y64_x64+0x16>
10004092:	4f14      	ldr	r7, [pc, #80]	; (100040e4 <y64_x64+0x58>)
10004094:	667d      	str	r5, [r7, #100]	; 0x64
10004096:	6639      	str	r1, [r7, #96]	; 0x60
10004098:	e7ff      	b.n	1000409a <y64_x64+0xe>
1000409a:	e7ff      	b.n	1000409c <y64_x64+0x10>
1000409c:	e7ff      	b.n	1000409e <y64_x64+0x12>
1000409e:	e7ff      	b.n	100040a0 <y64_x64+0x14>
100040a0:	6f3c      	ldr	r4, [r7, #112]	; 0x70
100040a2:	b295      	uxth	r5, r2
100040a4:	b29e      	uxth	r6, r3
100040a6:	4365      	muls	r5, r4
100040a8:	4366      	muls	r6, r4
100040aa:	1b40      	subs	r0, r0, r5
100040ac:	41b1      	sbcs	r1, r6
100040ae:	0c15      	lsrs	r5, r2, #16
100040b0:	0c1e      	lsrs	r6, r3, #16
100040b2:	4365      	muls	r5, r4
100040b4:	4366      	muls	r6, r4
100040b6:	0436      	lsls	r6, r6, #16
100040b8:	0c2f      	lsrs	r7, r5, #16
100040ba:	433e      	orrs	r6, r7
100040bc:	042d      	lsls	r5, r5, #16
100040be:	1b40      	subs	r0, r0, r5
100040c0:	41b1      	sbcs	r1, r6
100040c2:	4299      	cmp	r1, r3
100040c4:	d204      	bcs.n	100040d0 <y64_x64+0x44>
100040c6:	0002      	movs	r2, r0
100040c8:	000b      	movs	r3, r1
100040ca:	0020      	movs	r0, r4
100040cc:	2100      	movs	r1, #0
100040ce:	bdf0      	pop	{r4, r5, r6, r7, pc}
100040d0:	d101      	bne.n	100040d6 <y64_x64+0x4a>
100040d2:	4290      	cmp	r0, r2
100040d4:	d3f7      	bcc.n	100040c6 <y64_x64+0x3a>
100040d6:	1a80      	subs	r0, r0, r2
100040d8:	4199      	sbcs	r1, r3
100040da:	3401      	adds	r4, #1
100040dc:	4299      	cmp	r1, r3
100040de:	d3f2      	bcc.n	100040c6 <y64_x64+0x3a>
100040e0:	e7f6      	b.n	100040d0 <y64_x64+0x44>
100040e2:	0000      	.short	0x0000
100040e4:	d0000000 	.word	0xd0000000
100040e8:	ffffffff 	.word	0xffffffff

100040ec <__wrap___aeabi_drsub>:
100040ec:	4048      	eors	r0, r1
100040ee:	4041      	eors	r1, r0
100040f0:	4048      	eors	r0, r1

100040f2 <__wrap___aeabi_dsub>:
100040f2:	b418      	push	{r3, r4}
100040f4:	4b1b      	ldr	r3, [pc, #108]	; (10004164 <__wrap___aeabi_dmul+0x12>)
100040f6:	685b      	ldr	r3, [r3, #4]
100040f8:	46fc      	mov	ip, pc
100040fa:	9301      	str	r3, [sp, #4]
100040fc:	bd08      	pop	{r3, pc}
100040fe:	df04      	.short	0xdf04
10004100:	10004513 	.word	0x10004513

10004104 <__wrap___aeabi_dadd>:
10004104:	b418      	push	{r3, r4}
10004106:	4b17      	ldr	r3, [pc, #92]	; (10004164 <__wrap___aeabi_dmul+0x12>)
10004108:	681b      	ldr	r3, [r3, #0]
1000410a:	46fc      	mov	ip, pc
1000410c:	9301      	str	r3, [sp, #4]
1000410e:	bd08      	pop	{r3, pc}
10004110:	451ddf00 	.word	0x451ddf00
10004114:	1000      	.short	0x1000

10004116 <__wrap___aeabi_ddiv>:
10004116:	4694      	mov	ip, r2
10004118:	4a13      	ldr	r2, [pc, #76]	; (10004168 <__wrap___aeabi_dmul+0x16>)
1000411a:	6f92      	ldr	r2, [r2, #120]	; 0x78
1000411c:	0892      	lsrs	r2, r2, #2
1000411e:	d209      	bcs.n	10004134 <ddiv_save_state>
10004120:	4662      	mov	r2, ip

10004122 <ddiv_shim_call>:
10004122:	b418      	push	{r3, r4}
10004124:	4b0f      	ldr	r3, [pc, #60]	; (10004164 <__wrap___aeabi_dmul+0x12>)
10004126:	68db      	ldr	r3, [r3, #12]
10004128:	46fc      	mov	ip, pc
1000412a:	9301      	str	r3, [sp, #4]
1000412c:	bd08      	pop	{r3, pc}
1000412e:	df0c      	.short	0xdf0c
10004130:	100047d5 	.word	0x100047d5

10004134 <ddiv_save_state>:
10004134:	4a0c      	ldr	r2, [pc, #48]	; (10004168 <__wrap___aeabi_dmul+0x16>)
10004136:	b5f0      	push	{r4, r5, r6, r7, lr}
10004138:	6e14      	ldr	r4, [r2, #96]	; 0x60
1000413a:	6e55      	ldr	r5, [r2, #100]	; 0x64
1000413c:	6f57      	ldr	r7, [r2, #116]	; 0x74
1000413e:	6f16      	ldr	r6, [r2, #112]	; 0x70
10004140:	4662      	mov	r2, ip
10004142:	f7ff ffee 	bl	10004122 <ddiv_shim_call>
10004146:	4a08      	ldr	r2, [pc, #32]	; (10004168 <__wrap___aeabi_dmul+0x16>)
10004148:	6614      	str	r4, [r2, #96]	; 0x60
1000414a:	6655      	str	r5, [r2, #100]	; 0x64
1000414c:	6757      	str	r7, [r2, #116]	; 0x74
1000414e:	6716      	str	r6, [r2, #112]	; 0x70
10004150:	bdf0      	pop	{r4, r5, r6, r7, pc}

10004152 <__wrap___aeabi_dmul>:
10004152:	b418      	push	{r3, r4}
10004154:	4b03      	ldr	r3, [pc, #12]	; (10004164 <__wrap___aeabi_dmul+0x12>)
10004156:	689b      	ldr	r3, [r3, #8]
10004158:	46fc      	mov	ip, pc
1000415a:	9301      	str	r3, [sp, #4]
1000415c:	bd08      	pop	{r3, pc}
1000415e:	df08      	.short	0xdf08
10004160:	10004679 	.word	0x10004679
10004164:	200022f8 	.word	0x200022f8
10004168:	d0000000 	.word	0xd0000000

1000416c <__wrap___aeabi_cdrcmple>:
1000416c:	b5ff      	push	{r0, r1, r2, r3, r4, r5, r6, r7, lr}
1000416e:	4050      	eors	r0, r2
10004170:	4042      	eors	r2, r0
10004172:	4050      	eors	r0, r2
10004174:	4059      	eors	r1, r3
10004176:	404b      	eors	r3, r1
10004178:	4059      	eors	r1, r3
1000417a:	e000      	b.n	1000417e <__aeabi_dfcmple_guts>

1000417c <__wrap___aeabi_cdcmpeq>:
1000417c:	b5ff      	push	{r0, r1, r2, r3, r4, r5, r6, r7, lr}

1000417e <__aeabi_dfcmple_guts>:
1000417e:	4f15      	ldr	r7, [pc, #84]	; (100041d4 <__aeabi_dfcmple_guts+0x56>)
10004180:	004c      	lsls	r4, r1, #1
10004182:	0d64      	lsrs	r4, r4, #21
10004184:	d003      	beq.n	1000418e <__aeabi_dfcmple_guts+0x10>
10004186:	42bc      	cmp	r4, r7
10004188:	d104      	bne.n	10004194 <__aeabi_dfcmple_guts+0x16>
1000418a:	030c      	lsls	r4, r1, #12
1000418c:	d814      	bhi.n	100041b8 <__aeabi_dfcmple_guts+0x3a>
1000418e:	2000      	movs	r0, #0
10004190:	0d09      	lsrs	r1, r1, #20
10004192:	0509      	lsls	r1, r1, #20
10004194:	005c      	lsls	r4, r3, #1
10004196:	0d64      	lsrs	r4, r4, #21
10004198:	d003      	beq.n	100041a2 <__aeabi_dfcmple_guts+0x24>
1000419a:	42bc      	cmp	r4, r7
1000419c:	d104      	bne.n	100041a8 <__aeabi_dfcmple_guts+0x2a>
1000419e:	031c      	lsls	r4, r3, #12
100041a0:	d80a      	bhi.n	100041b8 <__aeabi_dfcmple_guts+0x3a>
100041a2:	2200      	movs	r2, #0
100041a4:	0d1b      	lsrs	r3, r3, #20
100041a6:	051b      	lsls	r3, r3, #20
100041a8:	2601      	movs	r6, #1
100041aa:	404b      	eors	r3, r1
100041ac:	d409      	bmi.n	100041c2 <__aeabi_dfcmple_guts+0x44>
100041ae:	404b      	eors	r3, r1
100041b0:	d503      	bpl.n	100041ba <__aeabi_dfcmple_guts+0x3c>
100041b2:	428b      	cmp	r3, r1
100041b4:	d100      	bne.n	100041b8 <__aeabi_dfcmple_guts+0x3a>
100041b6:	4282      	cmp	r2, r0
100041b8:	bdff      	pop	{r0, r1, r2, r3, r4, r5, r6, r7, pc}
100041ba:	4299      	cmp	r1, r3
100041bc:	d1fc      	bne.n	100041b8 <__aeabi_dfcmple_guts+0x3a>
100041be:	4290      	cmp	r0, r2
100041c0:	bdff      	pop	{r0, r1, r2, r3, r4, r5, r6, r7, pc}
100041c2:	430b      	orrs	r3, r1
100041c4:	18db      	adds	r3, r3, r3
100041c6:	4303      	orrs	r3, r0
100041c8:	4313      	orrs	r3, r2
100041ca:	d0f5      	beq.n	100041b8 <__aeabi_dfcmple_guts+0x3a>
100041cc:	43c9      	mvns	r1, r1
100041ce:	1849      	adds	r1, r1, r1
100041d0:	bdff      	pop	{r0, r1, r2, r3, r4, r5, r6, r7, pc}
100041d2:	0000      	.short	0x0000
100041d4:	000007ff 	.word	0x000007ff

100041d8 <__wrap___aeabi_dcmpeq>:
100041d8:	b500      	push	{lr}
100041da:	f7ff ffcf 	bl	1000417c <__wrap___aeabi_cdcmpeq>
100041de:	d001      	beq.n	100041e4 <__wrap___aeabi_dcmpeq+0xc>
100041e0:	2000      	movs	r0, #0
100041e2:	bd00      	pop	{pc}
100041e4:	2001      	movs	r0, #1
100041e6:	bd00      	pop	{pc}

100041e8 <__wrap___aeabi_dcmplt>:
100041e8:	b500      	push	{lr}
100041ea:	f7ff ffc7 	bl	1000417c <__wrap___aeabi_cdcmpeq>
100041ee:	4180      	sbcs	r0, r0
100041f0:	bd00      	pop	{pc}
100041f2:	46c0      	nop			; (mov r8, r8)

100041f4 <__wrap___aeabi_dcmple>:
100041f4:	b500      	push	{lr}
100041f6:	f7ff ffc1 	bl	1000417c <__wrap___aeabi_cdcmpeq>
100041fa:	d901      	bls.n	10004200 <__wrap___aeabi_dcmple+0xc>
100041fc:	2000      	movs	r0, #0
100041fe:	bd00      	pop	{pc}
10004200:	2001      	movs	r0, #1
10004202:	bd00      	pop	{pc}

10004204 <__wrap___aeabi_dcmpge>:
10004204:	b500      	push	{lr}
10004206:	f7ff ffb1 	bl	1000416c <__wrap___aeabi_cdrcmple>
1000420a:	d901      	bls.n	10004210 <__wrap___aeabi_dcmpge+0xc>
1000420c:	2000      	movs	r0, #0
1000420e:	bd00      	pop	{pc}
10004210:	2001      	movs	r0, #1
10004212:	bd00      	pop	{pc}

10004214 <__wrap___aeabi_dcmpgt>:
10004214:	b500      	push	{lr}
10004216:	f7ff ffa9 	bl	1000416c <__wrap___aeabi_cdrcmple>
1000421a:	4180      	sbcs	r0, r0
1000421c:	bd00      	pop	{pc}

1000421e <__wrap___aeabi_dcmpun>:
1000421e:	2001      	movs	r0, #1
10004220:	0540      	lsls	r0, r0, #21
10004222:	004a      	lsls	r2, r1, #1
10004224:	1812      	adds	r2, r2, r0
10004226:	d804      	bhi.n	10004232 <__wrap___aeabi_dcmpun+0x14>
10004228:	005a      	lsls	r2, r3, #1
1000422a:	1812      	adds	r2, r2, r0
1000422c:	d801      	bhi.n	10004232 <__wrap___aeabi_dcmpun+0x14>
1000422e:	2000      	movs	r0, #0
10004230:	4770      	bx	lr
10004232:	2001      	movs	r0, #1
10004234:	4770      	bx	lr
10004236:	2000      	movs	r0, #0
10004238:	4770      	bx	lr
	...

1000423c <__wrap___aeabi_ui2d>:
1000423c:	2100      	movs	r1, #0
1000423e:	2800      	cmp	r0, #0
10004240:	d105      	bne.n	1000424e <__wrap___aeabi_i2d+0xa>
10004242:	4770      	bx	lr

10004244 <__wrap___aeabi_i2d>:
10004244:	17c1      	asrs	r1, r0, #31
10004246:	4048      	eors	r0, r1
10004248:	1a40      	subs	r0, r0, r1
1000424a:	d0fa      	beq.n	10004242 <__wrap___aeabi_ui2d+0x6>
1000424c:	07c9      	lsls	r1, r1, #31
1000424e:	b513      	push	{r0, r1, r4, lr}
10004250:	4b06      	ldr	r3, [pc, #24]	; (1000426c <__wrap___aeabi_i2d+0x28>)
10004252:	681b      	ldr	r3, [r3, #0]
10004254:	4798      	blx	r3
10004256:	bc0c      	pop	{r2, r3}
10004258:	1c44      	adds	r4, r0, #1
1000425a:	40a2      	lsls	r2, r4
1000425c:	0510      	lsls	r0, r2, #20
1000425e:	0b12      	lsrs	r2, r2, #12
10004260:	4903      	ldr	r1, [pc, #12]	; (10004270 <__wrap___aeabi_i2d+0x2c>)
10004262:	1b09      	subs	r1, r1, r4
10004264:	0509      	lsls	r1, r1, #20
10004266:	4319      	orrs	r1, r3
10004268:	4311      	orrs	r1, r2
1000426a:	bd10      	pop	{r4, pc}
1000426c:	200023f8 	.word	0x200023f8
10004270:	0000041f 	.word	0x0000041f

10004274 <__wrap___aeabi_d2iz>:
10004274:	b510      	push	{r4, lr}
10004276:	004c      	lsls	r4, r1, #1
10004278:	0d62      	lsrs	r2, r4, #21
1000427a:	2380      	movs	r3, #128	; 0x80
1000427c:	18d2      	adds	r2, r2, r3
1000427e:	00db      	lsls	r3, r3, #3
10004280:	1ad2      	subs	r2, r2, r3
10004282:	055b      	lsls	r3, r3, #21
10004284:	2a7e      	cmp	r2, #126	; 0x7e
10004286:	dd10      	ble.n	100042aa <__wrap___aeabi_d2iz+0x36>
10004288:	3a9e      	subs	r2, #158	; 0x9e
1000428a:	da13      	bge.n	100042b4 <__wrap___aeabi_d2iz+0x40>
1000428c:	17cc      	asrs	r4, r1, #31
1000428e:	0309      	lsls	r1, r1, #12
10004290:	0849      	lsrs	r1, r1, #1
10004292:	4319      	orrs	r1, r3
10004294:	4252      	negs	r2, r2
10004296:	40d1      	lsrs	r1, r2
10004298:	0064      	lsls	r4, r4, #1
1000429a:	3401      	adds	r4, #1
1000429c:	3215      	adds	r2, #21
1000429e:	2a20      	cmp	r2, #32
100042a0:	da05      	bge.n	100042ae <__wrap___aeabi_d2iz+0x3a>
100042a2:	40d0      	lsrs	r0, r2
100042a4:	4308      	orrs	r0, r1
100042a6:	4360      	muls	r0, r4
100042a8:	bd10      	pop	{r4, pc}
100042aa:	2000      	movs	r0, #0
100042ac:	bd10      	pop	{r4, pc}
100042ae:	4608      	mov	r0, r1
100042b0:	4360      	muls	r0, r4
100042b2:	bd10      	pop	{r4, pc}
100042b4:	0fc8      	lsrs	r0, r1, #31
100042b6:	18c0      	adds	r0, r0, r3
100042b8:	3801      	subs	r0, #1
100042ba:	bd10      	pop	{r4, pc}

100042bc <__wrap___aeabi_d2uiz>:
100042bc:	b418      	push	{r3, r4}
100042be:	4b04      	ldr	r3, [pc, #16]	; (100042d0 <__wrap___aeabi_d2uiz+0x14>)
100042c0:	6a5b      	ldr	r3, [r3, #36]	; 0x24
100042c2:	46fc      	mov	ip, pc
100042c4:	9301      	str	r3, [sp, #4]
100042c6:	bd08      	pop	{r3, pc}
100042c8:	4985df24 	.word	0x4985df24
100042cc:	00001000 	.word	0x00001000
100042d0:	200022f8 	.word	0x200022f8

100042d4 <__wrap___aeabi_l2d>:
100042d4:	b418      	push	{r3, r4}
100042d6:	4b04      	ldr	r3, [pc, #16]	; (100042e8 <__wrap___aeabi_l2d+0x14>)
100042d8:	6ddb      	ldr	r3, [r3, #92]	; 0x5c
100042da:	46fc      	mov	ip, pc
100042dc:	9301      	str	r3, [sp, #4]
100042de:	bd08      	pop	{r3, pc}
100042e0:	4a91df5c 	.word	0x4a91df5c
100042e4:	00001000 	.word	0x00001000
100042e8:	200022f8 	.word	0x200022f8

100042ec <__wrap___aeabi_ul2d>:
100042ec:	b418      	push	{r3, r4}
100042ee:	4b04      	ldr	r3, [pc, #16]	; (10004300 <__wrap___aeabi_ul2d+0x14>)
100042f0:	6e5b      	ldr	r3, [r3, #100]	; 0x64
100042f2:	46fc      	mov	ip, pc
100042f4:	9301      	str	r3, [sp, #4]
100042f6:	bd08      	pop	{r3, pc}
100042f8:	4a89df64 	.word	0x4a89df64
100042fc:	00001000 	.word	0x00001000
10004300:	200022f8 	.word	0x200022f8

10004304 <__wrap___aeabi_d2lz>:
10004304:	42c9      	cmn	r1, r1
10004306:	d311      	bcc.n	1000432c <double2int64>
10004308:	b500      	push	{lr}
1000430a:	0049      	lsls	r1, r1, #1
1000430c:	0849      	lsrs	r1, r1, #1
1000430e:	2200      	movs	r2, #0
10004310:	f000 f818 	bl	10004344 <double2ufix64>
10004314:	2900      	cmp	r1, #0
10004316:	d404      	bmi.n	10004322 <__wrap___aeabi_d2lz+0x1e>
10004318:	2200      	movs	r2, #0
1000431a:	4240      	negs	r0, r0
1000431c:	418a      	sbcs	r2, r1
1000431e:	4611      	mov	r1, r2
10004320:	bd00      	pop	{pc}
10004322:	2180      	movs	r1, #128	; 0x80
10004324:	0609      	lsls	r1, r1, #24
10004326:	2000      	movs	r0, #0
10004328:	bd00      	pop	{pc}
	...

1000432c <double2int64>:
1000432c:	b418      	push	{r3, r4}
1000432e:	4b04      	ldr	r3, [pc, #16]	; (10004340 <double2int64+0x14>)
10004330:	6edb      	ldr	r3, [r3, #108]	; 0x6c
10004332:	46fc      	mov	ip, pc
10004334:	9301      	str	r3, [sp, #4]
10004336:	bd08      	pop	{r3, pc}
10004338:	4993df6c 	.word	0x4993df6c
1000433c:	00001000 	.word	0x00001000
10004340:	200022f8 	.word	0x200022f8

10004344 <double2ufix64>:
10004344:	b418      	push	{r3, r4}
10004346:	4b04      	ldr	r3, [pc, #16]	; (10004358 <double2ufix64+0x14>)
10004348:	6f9b      	ldr	r3, [r3, #120]	; 0x78
1000434a:	46fc      	mov	ip, pc
1000434c:	9301      	str	r3, [sp, #4]
1000434e:	bd08      	pop	{r3, pc}
10004350:	49afdf78 	.word	0x49afdf78
10004354:	00001000 	.word	0x00001000
10004358:	200022f8 	.word	0x200022f8

1000435c <__wrap___aeabi_d2f>:
1000435c:	b418      	push	{r3, r4}
1000435e:	4b04      	ldr	r3, [pc, #16]	; (10004370 <__wrap___aeabi_d2f+0x14>)
10004360:	6fdb      	ldr	r3, [r3, #124]	; 0x7c
10004362:	46fc      	mov	ip, pc
10004364:	9301      	str	r3, [sp, #4]
10004366:	bd08      	pop	{r3, pc}
10004368:	4a1ddf7c 	.word	0x4a1ddf7c
1000436c:	00001000 	.word	0x00001000
10004370:	200022f8 	.word	0x200022f8

10004374 <__aeabi_double_init>:
10004374:	b570      	push	{r4, r5, r6, lr}
10004376:	2313      	movs	r3, #19
10004378:	781c      	ldrb	r4, [r3, #0]
1000437a:	2c01      	cmp	r4, #1
1000437c:	d014      	beq.n	100043a8 <__aeabi_double_init+0x34>
1000437e:	2c01      	cmp	r4, #1
10004380:	dc14      	bgt.n	100043ac <__aeabi_double_init+0x38>
10004382:	2c02      	cmp	r4, #2
10004384:	dc02      	bgt.n	1000438c <__aeabi_double_init+0x18>
10004386:	4a1f      	ldr	r2, [pc, #124]	; (10004404 <__aeabi_double_init+0x90>)
10004388:	4b1f      	ldr	r3, [pc, #124]	; (10004408 <__aeabi_double_init+0x94>)
1000438a:	649a      	str	r2, [r3, #72]	; 0x48
1000438c:	481f      	ldr	r0, [pc, #124]	; (1000440c <__aeabi_double_init+0x98>)
1000438e:	f7ff fc21 	bl	10003bd4 <rom_func_lookup>
10004392:	4b1f      	ldr	r3, [pc, #124]	; (10004410 <__aeabi_double_init+0x9c>)
10004394:	6018      	str	r0, [r3, #0]
10004396:	bd70      	pop	{r4, r5, r6, pc}
10004398:	0099      	lsls	r1, r3, #2
1000439a:	481a      	ldr	r0, [pc, #104]	; (10004404 <__aeabi_double_init+0x90>)
1000439c:	4a1a      	ldr	r2, [pc, #104]	; (10004408 <__aeabi_double_init+0x94>)
1000439e:	5088      	str	r0, [r1, r2]
100043a0:	3301      	adds	r3, #1
100043a2:	2b1f      	cmp	r3, #31
100043a4:	d9f8      	bls.n	10004398 <__aeabi_double_init+0x24>
100043a6:	e7ea      	b.n	1000437e <__aeabi_double_init+0xa>
100043a8:	2300      	movs	r3, #0
100043aa:	e7fa      	b.n	100043a2 <__aeabi_double_init+0x2e>
100043ac:	4819      	ldr	r0, [pc, #100]	; (10004414 <__aeabi_double_init+0xa0>)
100043ae:	f7ff fc19 	bl	10003be4 <rom_data_lookup>
100043b2:	0005      	movs	r5, r0
100043b4:	4818      	ldr	r0, [pc, #96]	; (10004418 <__aeabi_double_init+0xa4>)
100043b6:	f7ff fc15 	bl	10003be4 <rom_data_lookup>
100043ba:	3802      	subs	r0, #2
100043bc:	7803      	ldrb	r3, [r0, #0]
100043be:	009b      	lsls	r3, r3, #2
100043c0:	2b7f      	cmp	r3, #127	; 0x7f
100043c2:	dd19      	ble.n	100043f8 <__aeabi_double_init+0x84>
100043c4:	2280      	movs	r2, #128	; 0x80
100043c6:	0029      	movs	r1, r5
100043c8:	480f      	ldr	r0, [pc, #60]	; (10004408 <__aeabi_double_init+0x94>)
100043ca:	f000 fe79 	bl	100050c0 <__wrap___aeabi_memcpy>
100043ce:	2c02      	cmp	r4, #2
100043d0:	d1d7      	bne.n	10004382 <__aeabi_double_init+0xe>
100043d2:	4b12      	ldr	r3, [pc, #72]	; (1000441c <__aeabi_double_init+0xa8>)
100043d4:	881a      	ldrh	r2, [r3, #0]
100043d6:	23b5      	movs	r3, #181	; 0xb5
100043d8:	021b      	lsls	r3, r3, #8
100043da:	429a      	cmp	r2, r3
100043dc:	d109      	bne.n	100043f2 <__aeabi_double_init+0x7e>
100043de:	4b10      	ldr	r3, [pc, #64]	; (10004420 <__aeabi_double_init+0xac>)
100043e0:	881a      	ldrh	r2, [r3, #0]
100043e2:	4b10      	ldr	r3, [pc, #64]	; (10004424 <__aeabi_double_init+0xb0>)
100043e4:	429a      	cmp	r2, r3
100043e6:	d104      	bne.n	100043f2 <__aeabi_double_init+0x7e>
100043e8:	4b0f      	ldr	r3, [pc, #60]	; (10004428 <__aeabi_double_init+0xb4>)
100043ea:	881a      	ldrh	r2, [r3, #0]
100043ec:	4b0f      	ldr	r3, [pc, #60]	; (1000442c <__aeabi_double_init+0xb8>)
100043ee:	429a      	cmp	r2, r3
100043f0:	d0c7      	beq.n	10004382 <__aeabi_double_init+0xe>
100043f2:	2000      	movs	r0, #0
100043f4:	f7fe fb2e 	bl	10002a54 <panic>
100043f8:	4b0d      	ldr	r3, [pc, #52]	; (10004430 <__aeabi_double_init+0xbc>)
100043fa:	4a0e      	ldr	r2, [pc, #56]	; (10004434 <__aeabi_double_init+0xc0>)
100043fc:	2132      	movs	r1, #50	; 0x32
100043fe:	480e      	ldr	r0, [pc, #56]	; (10004438 <__aeabi_double_init+0xc4>)
10004400:	f7fe fa8e 	bl	10002920 <__assert_func>
10004404:	100044d9 	.word	0x100044d9
10004408:	200022f8 	.word	0x200022f8
1000440c:	0000334c 	.word	0x0000334c
10004410:	200023f8 	.word	0x200023f8
10004414:	00004453 	.word	0x00004453
10004418:	00004653 	.word	0x00004653
1000441c:	00003854 	.word	0x00003854
10004420:	000038d8 	.word	0x000038d8
10004424:	00004649 	.word	0x00004649
10004428:	0000389c 	.word	0x0000389c
1000442c:	00004659 	.word	0x00004659
10004430:	1000b848 	.word	0x1000b848
10004434:	1000b900 	.word	0x1000b900
10004438:	1000b89c 	.word	0x1000b89c

1000443c <__wrap_floor>:
1000443c:	b5f0      	push	{r4, r5, r6, r7, lr}
1000443e:	46c6      	mov	lr, r8
10004440:	b500      	push	{lr}
10004442:	0006      	movs	r6, r0
10004444:	000f      	movs	r7, r1
10004446:	0d0b      	lsrs	r3, r1, #20
10004448:	055b      	lsls	r3, r3, #21
1000444a:	0d5a      	lsrs	r2, r3, #21
1000444c:	2b00      	cmp	r3, #0
1000444e:	d027      	beq.n	100044a0 <__wrap_floor+0x64>
10004450:	4b1f      	ldr	r3, [pc, #124]	; (100044d0 <__wrap_floor+0x94>)
10004452:	18d2      	adds	r2, r2, r3
10004454:	d42c      	bmi.n	100044b0 <__wrap_floor+0x74>
10004456:	2434      	movs	r4, #52	; 0x34
10004458:	1aa3      	subs	r3, r4, r2
1000445a:	4698      	mov	r8, r3
1000445c:	2b00      	cmp	r3, #0
1000445e:	dd24      	ble.n	100044aa <__wrap_floor+0x6e>
10004460:	3b20      	subs	r3, #32
10004462:	469c      	mov	ip, r3
10004464:	d429      	bmi.n	100044ba <__wrap_floor+0x7e>
10004466:	2501      	movs	r5, #1
10004468:	4664      	mov	r4, ip
1000446a:	40a5      	lsls	r5, r4
1000446c:	002b      	movs	r3, r5
1000446e:	2501      	movs	r5, #1
10004470:	4644      	mov	r4, r8
10004472:	40a5      	lsls	r5, r4
10004474:	002a      	movs	r2, r5
10004476:	2401      	movs	r4, #1
10004478:	4264      	negs	r4, r4
1000447a:	17e5      	asrs	r5, r4, #31
1000447c:	18a4      	adds	r4, r4, r2
1000447e:	415d      	adcs	r5, r3
10004480:	2900      	cmp	r1, #0
10004482:	da03      	bge.n	1000448c <__wrap_floor+0x50>
10004484:	1824      	adds	r4, r4, r0
10004486:	414d      	adcs	r5, r1
10004488:	0026      	movs	r6, r4
1000448a:	002f      	movs	r7, r5
1000448c:	2500      	movs	r5, #0
1000448e:	4254      	negs	r4, r2
10004490:	419d      	sbcs	r5, r3
10004492:	0033      	movs	r3, r6
10004494:	4023      	ands	r3, r4
10004496:	0018      	movs	r0, r3
10004498:	003b      	movs	r3, r7
1000449a:	402b      	ands	r3, r5
1000449c:	0019      	movs	r1, r3
1000449e:	e004      	b.n	100044aa <__wrap_floor+0x6e>
100044a0:	2200      	movs	r2, #0
100044a2:	0fc9      	lsrs	r1, r1, #31
100044a4:	07cb      	lsls	r3, r1, #31
100044a6:	0010      	movs	r0, r2
100044a8:	0019      	movs	r1, r3
100044aa:	bc80      	pop	{r7}
100044ac:	46b8      	mov	r8, r7
100044ae:	bdf0      	pop	{r4, r5, r6, r7, pc}
100044b0:	2900      	cmp	r1, #0
100044b2:	da09      	bge.n	100044c8 <__wrap_floor+0x8c>
100044b4:	2000      	movs	r0, #0
100044b6:	4907      	ldr	r1, [pc, #28]	; (100044d4 <__wrap_floor+0x98>)
100044b8:	e7f7      	b.n	100044aa <__wrap_floor+0x6e>
100044ba:	2520      	movs	r5, #32
100044bc:	4643      	mov	r3, r8
100044be:	1aed      	subs	r5, r5, r3
100044c0:	2401      	movs	r4, #1
100044c2:	40ec      	lsrs	r4, r5
100044c4:	0023      	movs	r3, r4
100044c6:	e7d2      	b.n	1000446e <__wrap_floor+0x32>
100044c8:	2000      	movs	r0, #0
100044ca:	2100      	movs	r1, #0
100044cc:	e7ed      	b.n	100044aa <__wrap_floor+0x6e>
100044ce:	46c0      	nop			; (mov r8, r8)
100044d0:	fffffc01 	.word	0xfffffc01
100044d4:	bff00000 	.word	0xbff00000

100044d8 <double_table_shim_on_use_helper>:
100044d8:	b507      	push	{r0, r1, r2, lr}
100044da:	4660      	mov	r0, ip
100044dc:	2800      	cmp	r0, #0
100044de:	d100      	bne.n	100044e2 <double_table_shim_on_use_helper+0xa>
100044e0:	be00      	bkpt	0x0000
100044e2:	8801      	ldrh	r1, [r0, #0]
100044e4:	0a0a      	lsrs	r2, r1, #8
100044e6:	3002      	adds	r0, #2
100044e8:	2adf      	cmp	r2, #223	; 0xdf
100044ea:	d1fa      	bne.n	100044e2 <double_table_shim_on_use_helper+0xa>
100044ec:	b2c9      	uxtb	r1, r1
100044ee:	0882      	lsrs	r2, r0, #2
100044f0:	d304      	bcc.n	100044fc <double_table_shim_on_use_helper+0x24>
100044f2:	8802      	ldrh	r2, [r0, #0]
100044f4:	8840      	ldrh	r0, [r0, #2]
100044f6:	0400      	lsls	r0, r0, #16
100044f8:	4310      	orrs	r0, r2
100044fa:	e000      	b.n	100044fe <double_table_shim_on_use_helper+0x26>
100044fc:	6800      	ldr	r0, [r0, #0]
100044fe:	4a02      	ldr	r2, [pc, #8]	; (10004508 <double_table_shim_on_use_helper+0x30>)
10004500:	5050      	str	r0, [r2, r1]
10004502:	9003      	str	r0, [sp, #12]
10004504:	bd07      	pop	{r0, r1, r2, pc}
10004506:	0000      	.short	0x0000
10004508:	200022f8 	.word	0x200022f8

1000450c <drsub_shim>:
1000450c:	b40f      	push	{r0, r1, r2, r3}
1000450e:	bc03      	pop	{r0, r1}
10004510:	bc0c      	pop	{r2, r3}

10004512 <dsub_shim>:
10004512:	b5f0      	push	{r4, r5, r6, r7, lr}
10004514:	2401      	movs	r4, #1
10004516:	07e4      	lsls	r4, r4, #31
10004518:	4063      	eors	r3, r4
1000451a:	e000      	b.n	1000451e <da_entry>

1000451c <dadd_shim>:
1000451c:	b5f0      	push	{r4, r5, r6, r7, lr}

1000451e <da_entry>:
1000451e:	0d0c      	lsrs	r4, r1, #20
10004520:	0fcf      	lsrs	r7, r1, #31
10004522:	1e66      	subs	r6, r4, #1
10004524:	0536      	lsls	r6, r6, #20
10004526:	1b89      	subs	r1, r1, r6
10004528:	0564      	lsls	r4, r4, #21
1000452a:	d303      	bcc.n	10004534 <l8_1>
1000452c:	43c9      	mvns	r1, r1
1000452e:	4240      	negs	r0, r0
10004530:	d300      	bcc.n	10004534 <l8_1>
10004532:	3101      	adds	r1, #1

10004534 <l8_1>:
10004534:	0d64      	lsrs	r4, r4, #21
10004536:	d003      	beq.n	10004540 <l8_2>
10004538:	1c66      	adds	r6, r4, #1
1000453a:	0af6      	lsrs	r6, r6, #11
1000453c:	d007      	beq.n	1000454e <l8_3>
1000453e:	1be4      	subs	r4, r4, r7

10004540 <l8_2>:
10004540:	2000      	movs	r0, #0
10004542:	007f      	lsls	r7, r7, #1
10004544:	1c79      	adds	r1, r7, #1
10004546:	0789      	lsls	r1, r1, #30
10004548:	1289      	asrs	r1, r1, #10
1000454a:	3c80      	subs	r4, #128	; 0x80
1000454c:	0324      	lsls	r4, r4, #12

1000454e <l8_3>:
1000454e:	0d1d      	lsrs	r5, r3, #20
10004550:	0fdf      	lsrs	r7, r3, #31
10004552:	1e6e      	subs	r6, r5, #1
10004554:	0536      	lsls	r6, r6, #20
10004556:	1b9b      	subs	r3, r3, r6
10004558:	056d      	lsls	r5, r5, #21
1000455a:	d303      	bcc.n	10004564 <l9_1>
1000455c:	43db      	mvns	r3, r3
1000455e:	4252      	negs	r2, r2
10004560:	d300      	bcc.n	10004564 <l9_1>
10004562:	3301      	adds	r3, #1

10004564 <l9_1>:
10004564:	0d6d      	lsrs	r5, r5, #21
10004566:	d003      	beq.n	10004570 <l9_2>
10004568:	1c6e      	adds	r6, r5, #1
1000456a:	0af6      	lsrs	r6, r6, #11
1000456c:	d007      	beq.n	1000457e <l9_3>
1000456e:	1bed      	subs	r5, r5, r7

10004570 <l9_2>:
10004570:	2200      	movs	r2, #0
10004572:	007f      	lsls	r7, r7, #1
10004574:	1c7b      	adds	r3, r7, #1
10004576:	079b      	lsls	r3, r3, #30
10004578:	129b      	asrs	r3, r3, #10
1000457a:	3d80      	subs	r5, #128	; 0x80
1000457c:	032d      	lsls	r5, r5, #12

1000457e <l9_3>:
1000457e:	1b2f      	subs	r7, r5, r4
10004580:	1b66      	subs	r6, r4, r5
10004582:	d458      	bmi.n	10004636 <da_ygtx>
10004584:	46a4      	mov	ip, r4
10004586:	2e20      	cmp	r6, #32
10004588:	da46      	bge.n	10004618 <da_xrgty>
1000458a:	3720      	adds	r7, #32
1000458c:	0014      	movs	r4, r2
1000458e:	40bc      	lsls	r4, r7

10004590 <da_xgty0>:
10004590:	001d      	movs	r5, r3
10004592:	40bd      	lsls	r5, r7
10004594:	40f2      	lsrs	r2, r6
10004596:	4133      	asrs	r3, r6
10004598:	432a      	orrs	r2, r5

1000459a <da_add>:
1000459a:	1880      	adds	r0, r0, r2
1000459c:	4159      	adcs	r1, r3

1000459e <da_pack>:
1000459e:	0fcb      	lsrs	r3, r1, #31
100045a0:	d005      	beq.n	100045ae <da_pack+0x10>
100045a2:	43c9      	mvns	r1, r1
100045a4:	43c0      	mvns	r0, r0
100045a6:	2200      	movs	r2, #0
100045a8:	4264      	negs	r4, r4
100045aa:	4150      	adcs	r0, r2
100045ac:	4151      	adcs	r1, r2
100045ae:	4662      	mov	r2, ip
100045b0:	0d4d      	lsrs	r5, r1, #21
100045b2:	d128      	bne.n	10004606 <da_0>
100045b4:	0d0d      	lsrs	r5, r1, #20
100045b6:	d107      	bne.n	100045c8 <da_1>
100045b8:	2800      	cmp	r0, #0
100045ba:	d01f      	beq.n	100045fc <da_5>

100045bc <da_2>:
100045bc:	1924      	adds	r4, r4, r4
100045be:	4140      	adcs	r0, r0
100045c0:	4149      	adcs	r1, r1
100045c2:	3a01      	subs	r2, #1
100045c4:	0d0d      	lsrs	r5, r1, #20
100045c6:	d0f9      	beq.n	100045bc <da_2>

100045c8 <da_1>:
100045c8:	0064      	lsls	r4, r4, #1
100045ca:	d306      	bcc.n	100045da <da_3>

100045cc <da_4>:
100045cc:	3001      	adds	r0, #1
100045ce:	d300      	bcc.n	100045d2 <da_4+0x6>
100045d0:	3101      	adds	r1, #1
100045d2:	2c00      	cmp	r4, #0
100045d4:	d101      	bne.n	100045da <da_3>
100045d6:	0840      	lsrs	r0, r0, #1
100045d8:	0040      	lsls	r0, r0, #1

100045da <da_3>:
100045da:	3a01      	subs	r2, #1
100045dc:	d40b      	bmi.n	100045f6 <da_6>
100045de:	1c94      	adds	r4, r2, #2
100045e0:	0ae4      	lsrs	r4, r4, #11
100045e2:	d104      	bne.n	100045ee <da_7>
100045e4:	0512      	lsls	r2, r2, #20
100045e6:	4411      	add	r1, r2
100045e8:	07db      	lsls	r3, r3, #31
100045ea:	4419      	add	r1, r3
100045ec:	bdf0      	pop	{r4, r5, r6, r7, pc}

100045ee <da_7>:
100045ee:	07d9      	lsls	r1, r3, #31
100045f0:	4b20      	ldr	r3, [pc, #128]	; (10004674 <da_xmgty+0x4>)
100045f2:	4319      	orrs	r1, r3
100045f4:	e000      	b.n	100045f8 <da_6+0x2>

100045f6 <da_6>:
100045f6:	07d9      	lsls	r1, r3, #31
100045f8:	2000      	movs	r0, #0
100045fa:	bdf0      	pop	{r4, r5, r6, r7, pc}

100045fc <da_5>:
100045fc:	2900      	cmp	r1, #0
100045fe:	d1dd      	bne.n	100045bc <da_2>
10004600:	2c00      	cmp	r4, #0
10004602:	d1db      	bne.n	100045bc <da_2>
10004604:	bdf0      	pop	{r4, r5, r6, r7, pc}

10004606 <da_0>:
10004606:	3201      	adds	r2, #1
10004608:	07c6      	lsls	r6, r0, #31
1000460a:	0840      	lsrs	r0, r0, #1
1000460c:	07cd      	lsls	r5, r1, #31
1000460e:	4328      	orrs	r0, r5
10004610:	0849      	lsrs	r1, r1, #1
10004612:	2e00      	cmp	r6, #0
10004614:	d0e1      	beq.n	100045da <da_3>
10004616:	e7d9      	b.n	100045cc <da_4>

10004618 <da_xrgty>:
10004618:	2e3c      	cmp	r6, #60	; 0x3c
1000461a:	da29      	bge.n	10004670 <da_xmgty>
1000461c:	3e20      	subs	r6, #32
1000461e:	3740      	adds	r7, #64	; 0x40
10004620:	0014      	movs	r4, r2
10004622:	40bc      	lsls	r4, r7
10004624:	d000      	beq.n	10004628 <da_xrgty+0x10>
10004626:	2401      	movs	r4, #1
10004628:	40f2      	lsrs	r2, r6
1000462a:	4314      	orrs	r4, r2
1000462c:	001a      	movs	r2, r3
1000462e:	40bb      	lsls	r3, r7
10004630:	431c      	orrs	r4, r3
10004632:	17d3      	asrs	r3, r2, #31
10004634:	e7ac      	b.n	10004590 <da_xgty0>

10004636 <da_ygtx>:
10004636:	46ac      	mov	ip, r5
10004638:	2f20      	cmp	r7, #32
1000463a:	da08      	bge.n	1000464e <da_yrgtx>
1000463c:	3620      	adds	r6, #32
1000463e:	0004      	movs	r4, r0
10004640:	40b4      	lsls	r4, r6

10004642 <da_ygtx0>:
10004642:	000d      	movs	r5, r1
10004644:	40b5      	lsls	r5, r6
10004646:	40f8      	lsrs	r0, r7
10004648:	4139      	asrs	r1, r7
1000464a:	4328      	orrs	r0, r5
1000464c:	e7a5      	b.n	1000459a <da_add>

1000464e <da_yrgtx>:
1000464e:	2f3c      	cmp	r7, #60	; 0x3c
10004650:	da0c      	bge.n	1000466c <da_ymgtx>
10004652:	3f20      	subs	r7, #32
10004654:	3640      	adds	r6, #64	; 0x40
10004656:	0004      	movs	r4, r0
10004658:	40b4      	lsls	r4, r6
1000465a:	d000      	beq.n	1000465e <da_yrgtx+0x10>
1000465c:	2401      	movs	r4, #1
1000465e:	40f8      	lsrs	r0, r7
10004660:	4304      	orrs	r4, r0
10004662:	0008      	movs	r0, r1
10004664:	40b1      	lsls	r1, r6
10004666:	430c      	orrs	r4, r1
10004668:	17c1      	asrs	r1, r0, #31
1000466a:	e7ea      	b.n	10004642 <da_ygtx0>

1000466c <da_ymgtx>:
1000466c:	0010      	movs	r0, r2
1000466e:	0019      	movs	r1, r3

10004670 <da_xmgty>:
10004670:	2400      	movs	r4, #0
10004672:	e794      	b.n	1000459e <da_pack>
10004674:	7ff00000 	.word	0x7ff00000

10004678 <dmul_shim>:
10004678:	b5f0      	push	{r4, r5, r6, r7, lr}
1000467a:	0d0c      	lsrs	r4, r1, #20
1000467c:	1e66      	subs	r6, r4, #1
1000467e:	0536      	lsls	r6, r6, #20
10004680:	1b89      	subs	r1, r1, r6
10004682:	0ae6      	lsrs	r6, r4, #11
10004684:	0564      	lsls	r4, r4, #21
10004686:	0d64      	lsrs	r4, r4, #21
10004688:	d002      	beq.n	10004690 <l12_1>
1000468a:	1c65      	adds	r5, r4, #1
1000468c:	0aed      	lsrs	r5, r5, #11
1000468e:	d004      	beq.n	1000469a <l12_2>

10004690 <l12_1>:
10004690:	2000      	movs	r0, #0
10004692:	2101      	movs	r1, #1
10004694:	0509      	lsls	r1, r1, #20
10004696:	3c80      	subs	r4, #128	; 0x80
10004698:	0324      	lsls	r4, r4, #12

1000469a <l12_2>:
1000469a:	46a4      	mov	ip, r4
1000469c:	0d1c      	lsrs	r4, r3, #20
1000469e:	1e67      	subs	r7, r4, #1
100046a0:	053f      	lsls	r7, r7, #20
100046a2:	1bdb      	subs	r3, r3, r7
100046a4:	0ae7      	lsrs	r7, r4, #11
100046a6:	0564      	lsls	r4, r4, #21
100046a8:	0d64      	lsrs	r4, r4, #21
100046aa:	d002      	beq.n	100046b2 <l13_1>
100046ac:	1c65      	adds	r5, r4, #1
100046ae:	0aed      	lsrs	r5, r5, #11
100046b0:	d004      	beq.n	100046bc <l13_2>

100046b2 <l13_1>:
100046b2:	2200      	movs	r2, #0
100046b4:	2301      	movs	r3, #1
100046b6:	051b      	lsls	r3, r3, #20
100046b8:	3c80      	subs	r4, #128	; 0x80
100046ba:	0324      	lsls	r4, r4, #12

100046bc <l13_2>:
100046bc:	4077      	eors	r7, r6
100046be:	4464      	add	r4, ip
100046c0:	b497      	push	{r0, r1, r2, r4, r7}
100046c2:	b284      	uxth	r4, r0
100046c4:	b296      	uxth	r6, r2
100046c6:	4374      	muls	r4, r6
100046c8:	0c07      	lsrs	r7, r0, #16
100046ca:	437e      	muls	r6, r7
100046cc:	0c15      	lsrs	r5, r2, #16
100046ce:	436f      	muls	r7, r5
100046d0:	b280      	uxth	r0, r0
100046d2:	4368      	muls	r0, r5
100046d4:	1836      	adds	r6, r6, r0
100046d6:	d302      	bcc.n	100046de <l14_1>
100046d8:	2001      	movs	r0, #1
100046da:	0400      	lsls	r0, r0, #16
100046dc:	183f      	adds	r7, r7, r0

100046de <l14_1>:
100046de:	0430      	lsls	r0, r6, #16
100046e0:	0c35      	lsrs	r5, r6, #16
100046e2:	1900      	adds	r0, r0, r4
100046e4:	417d      	adcs	r5, r7
100046e6:	4684      	mov	ip, r0
100046e8:	b288      	uxth	r0, r1
100046ea:	b29a      	uxth	r2, r3
100046ec:	4350      	muls	r0, r2
100046ee:	0c0c      	lsrs	r4, r1, #16
100046f0:	4362      	muls	r2, r4
100046f2:	0c1f      	lsrs	r7, r3, #16
100046f4:	437c      	muls	r4, r7
100046f6:	b28e      	uxth	r6, r1
100046f8:	437e      	muls	r6, r7
100046fa:	1992      	adds	r2, r2, r6
100046fc:	d302      	bcc.n	10004704 <l15_1>
100046fe:	2601      	movs	r6, #1
10004700:	0436      	lsls	r6, r6, #16
10004702:	19a4      	adds	r4, r4, r6

10004704 <l15_1>:
10004704:	0416      	lsls	r6, r2, #16
10004706:	0c17      	lsrs	r7, r2, #16
10004708:	1836      	adds	r6, r6, r0
1000470a:	4167      	adcs	r7, r4
1000470c:	bc01      	pop	{r0}
1000470e:	b281      	uxth	r1, r0
10004710:	b29a      	uxth	r2, r3
10004712:	4351      	muls	r1, r2
10004714:	0c04      	lsrs	r4, r0, #16
10004716:	4362      	muls	r2, r4
10004718:	0c1b      	lsrs	r3, r3, #16
1000471a:	435c      	muls	r4, r3
1000471c:	b280      	uxth	r0, r0
1000471e:	4358      	muls	r0, r3
10004720:	1812      	adds	r2, r2, r0
10004722:	d302      	bcc.n	1000472a <l16_1>
10004724:	2001      	movs	r0, #1
10004726:	0400      	lsls	r0, r0, #16
10004728:	1824      	adds	r4, r4, r0

1000472a <l16_1>:
1000472a:	0410      	lsls	r0, r2, #16
1000472c:	0c13      	lsrs	r3, r2, #16
1000472e:	1840      	adds	r0, r0, r1
10004730:	4163      	adcs	r3, r4
10004732:	182d      	adds	r5, r5, r0
10004734:	415e      	adcs	r6, r3
10004736:	2000      	movs	r0, #0
10004738:	4147      	adcs	r7, r0
1000473a:	bc06      	pop	{r1, r2}
1000473c:	b288      	uxth	r0, r1
1000473e:	b293      	uxth	r3, r2
10004740:	4358      	muls	r0, r3
10004742:	0c0c      	lsrs	r4, r1, #16
10004744:	4363      	muls	r3, r4
10004746:	0c12      	lsrs	r2, r2, #16
10004748:	4354      	muls	r4, r2
1000474a:	b289      	uxth	r1, r1
1000474c:	4351      	muls	r1, r2
1000474e:	185b      	adds	r3, r3, r1
10004750:	d302      	bcc.n	10004758 <l17_1>
10004752:	2101      	movs	r1, #1
10004754:	0409      	lsls	r1, r1, #16
10004756:	1864      	adds	r4, r4, r1

10004758 <l17_1>:
10004758:	0419      	lsls	r1, r3, #16
1000475a:	0c1a      	lsrs	r2, r3, #16
1000475c:	1809      	adds	r1, r1, r0
1000475e:	4162      	adcs	r2, r4
10004760:	186d      	adds	r5, r5, r1
10004762:	4156      	adcs	r6, r2
10004764:	2000      	movs	r0, #0
10004766:	4147      	adcs	r7, r0
10004768:	bc18      	pop	{r3, r4}
1000476a:	02f9      	lsls	r1, r7, #11
1000476c:	0d72      	lsrs	r2, r6, #21
1000476e:	4311      	orrs	r1, r2
10004770:	02f0      	lsls	r0, r6, #11
10004772:	0d6a      	lsrs	r2, r5, #21
10004774:	4310      	orrs	r0, r2
10004776:	02ed      	lsls	r5, r5, #11
10004778:	0d0a      	lsrs	r2, r1, #20
1000477a:	d103      	bne.n	10004784 <l17_1+0x2c>
1000477c:	196d      	adds	r5, r5, r5
1000477e:	4140      	adcs	r0, r0
10004780:	4149      	adcs	r1, r1
10004782:	3b01      	subs	r3, #1
10004784:	4e12      	ldr	r6, [pc, #72]	; (100047d0 <dm_1+0xa>)
10004786:	1b9b      	subs	r3, r3, r6
10004788:	0076      	lsls	r6, r6, #1
1000478a:	42b3      	cmp	r3, r6
1000478c:	d20e      	bcs.n	100047ac <dm_0>
1000478e:	006d      	lsls	r5, r5, #1
10004790:	d307      	bcc.n	100047a2 <l17_1+0x4a>
10004792:	3001      	adds	r0, #1
10004794:	2600      	movs	r6, #0
10004796:	4171      	adcs	r1, r6
10004798:	4666      	mov	r6, ip
1000479a:	4335      	orrs	r5, r6
1000479c:	d101      	bne.n	100047a2 <l17_1+0x4a>
1000479e:	0840      	lsrs	r0, r0, #1
100047a0:	0040      	lsls	r0, r0, #1
100047a2:	051b      	lsls	r3, r3, #20
100047a4:	18c9      	adds	r1, r1, r3

100047a6 <dm_2>:
100047a6:	07e4      	lsls	r4, r4, #31
100047a8:	4421      	add	r1, r4
100047aa:	bdf0      	pop	{r4, r5, r6, r7, pc}

100047ac <dm_0>:
100047ac:	da0b      	bge.n	100047c6 <dm_1>
100047ae:	3301      	adds	r3, #1
100047b0:	d106      	bne.n	100047c0 <dm_0+0x14>
100047b2:	3001      	adds	r0, #1
100047b4:	d104      	bne.n	100047c0 <dm_0+0x14>
100047b6:	3101      	adds	r1, #1
100047b8:	0d4f      	lsrs	r7, r1, #21
100047ba:	d001      	beq.n	100047c0 <dm_0+0x14>
100047bc:	0849      	lsrs	r1, r1, #1
100047be:	e7f2      	b.n	100047a6 <dm_2>
100047c0:	07e1      	lsls	r1, r4, #31
100047c2:	2000      	movs	r0, #0
100047c4:	bdf0      	pop	{r4, r5, r6, r7, pc}

100047c6 <dm_1>:
100047c6:	3601      	adds	r6, #1
100047c8:	0531      	lsls	r1, r6, #20
100047ca:	2000      	movs	r0, #0
100047cc:	e7eb      	b.n	100047a6 <dm_2>
100047ce:	0000      	.short	0x0000
100047d0:	000003ff 	.word	0x000003ff

100047d4 <ddiv_shim>:
100047d4:	b5f0      	push	{r4, r5, r6, r7, lr}

100047d6 <ddiv0>:
100047d6:	0d1c      	lsrs	r4, r3, #20
100047d8:	1e67      	subs	r7, r4, #1
100047da:	053f      	lsls	r7, r7, #20
100047dc:	1bdb      	subs	r3, r3, r7
100047de:	0ae7      	lsrs	r7, r4, #11
100047e0:	0564      	lsls	r4, r4, #21
100047e2:	0d64      	lsrs	r4, r4, #21
100047e4:	d002      	beq.n	100047ec <l20_1>
100047e6:	1c66      	adds	r6, r4, #1
100047e8:	0af6      	lsrs	r6, r6, #11
100047ea:	d004      	beq.n	100047f6 <l20_2>

100047ec <l20_1>:
100047ec:	2200      	movs	r2, #0
100047ee:	2301      	movs	r3, #1
100047f0:	051b      	lsls	r3, r3, #20
100047f2:	3c80      	subs	r4, #128	; 0x80
100047f4:	0324      	lsls	r4, r4, #12

100047f6 <l20_2>:
100047f6:	25d0      	movs	r5, #208	; 0xd0
100047f8:	062d      	lsls	r5, r5, #24
100047fa:	2600      	movs	r6, #0
100047fc:	43f6      	mvns	r6, r6
100047fe:	662e      	str	r6, [r5, #96]	; 0x60
10004800:	091e      	lsrs	r6, r3, #4
10004802:	666e      	str	r6, [r5, #100]	; 0x64
10004804:	0fce      	lsrs	r6, r1, #31
10004806:	19f6      	adds	r6, r6, r7
10004808:	46b4      	mov	ip, r6
1000480a:	0049      	lsls	r1, r1, #1
1000480c:	0d4f      	lsrs	r7, r1, #21
1000480e:	d002      	beq.n	10004816 <l20_2+0x20>
10004810:	1c7e      	adds	r6, r7, #1
10004812:	0af6      	lsrs	r6, r6, #11
10004814:	d003      	beq.n	1000481e <l20_2+0x28>
10004816:	2000      	movs	r0, #0
10004818:	2100      	movs	r1, #0
1000481a:	3f40      	subs	r7, #64	; 0x40
1000481c:	033f      	lsls	r7, r7, #12
1000481e:	1b3e      	subs	r6, r7, r4
10004820:	00b6      	lsls	r6, r6, #2
10004822:	44b4      	add	ip, r6
10004824:	3f01      	subs	r7, #1
10004826:	057f      	lsls	r7, r7, #21
10004828:	1bc9      	subs	r1, r1, r7
1000482a:	0849      	lsrs	r1, r1, #1
1000482c:	6f2e      	ldr	r6, [r5, #112]	; 0x70
1000482e:	3601      	adds	r6, #1
10004830:	0876      	lsrs	r6, r6, #1
10004832:	029c      	lsls	r4, r3, #10
10004834:	0d95      	lsrs	r5, r2, #22
10004836:	4325      	orrs	r5, r4
10004838:	4375      	muls	r5, r6
1000483a:	13ed      	asrs	r5, r5, #15
1000483c:	4375      	muls	r5, r6
1000483e:	13ad      	asrs	r5, r5, #14
10004840:	3501      	adds	r5, #1
10004842:	106d      	asrs	r5, r5, #1
10004844:	03f6      	lsls	r6, r6, #15
10004846:	1b76      	subs	r6, r6, r5
10004848:	b40c      	push	{r2, r3}
1000484a:	02cc      	lsls	r4, r1, #11
1000484c:	0d45      	lsrs	r5, r0, #21
1000484e:	432c      	orrs	r4, r5
10004850:	b2a2      	uxth	r2, r4
10004852:	b2b3      	uxth	r3, r6
10004854:	435a      	muls	r2, r3
10004856:	0c27      	lsrs	r7, r4, #16
10004858:	437b      	muls	r3, r7
1000485a:	0c35      	lsrs	r5, r6, #16
1000485c:	436f      	muls	r7, r5
1000485e:	b2a4      	uxth	r4, r4
10004860:	436c      	muls	r4, r5
10004862:	191b      	adds	r3, r3, r4
10004864:	d302      	bcc.n	1000486c <l21_1>
10004866:	2401      	movs	r4, #1
10004868:	0424      	lsls	r4, r4, #16
1000486a:	193f      	adds	r7, r7, r4

1000486c <l21_1>:
1000486c:	041c      	lsls	r4, r3, #16
1000486e:	0c1d      	lsrs	r5, r3, #16
10004870:	18a4      	adds	r4, r4, r2
10004872:	417d      	adcs	r5, r7
10004874:	1924      	adds	r4, r4, r4
10004876:	416d      	adcs	r5, r5
10004878:	9a00      	ldr	r2, [sp, #0]
1000487a:	b291      	uxth	r1, r2
1000487c:	b2ac      	uxth	r4, r5
1000487e:	4361      	muls	r1, r4
10004880:	0c17      	lsrs	r7, r2, #16
10004882:	437c      	muls	r4, r7
10004884:	0c2b      	lsrs	r3, r5, #16
10004886:	435f      	muls	r7, r3
10004888:	b292      	uxth	r2, r2
1000488a:	435a      	muls	r2, r3
1000488c:	18a4      	adds	r4, r4, r2
1000488e:	d302      	bcc.n	10004896 <l22_1>
10004890:	2201      	movs	r2, #1
10004892:	0412      	lsls	r2, r2, #16
10004894:	18bf      	adds	r7, r7, r2

10004896 <l22_1>:
10004896:	0422      	lsls	r2, r4, #16
10004898:	0c23      	lsrs	r3, r4, #16
1000489a:	1852      	adds	r2, r2, r1
1000489c:	417b      	adcs	r3, r7
1000489e:	9c01      	ldr	r4, [sp, #4]
100048a0:	436c      	muls	r4, r5
100048a2:	191b      	adds	r3, r3, r4
100048a4:	0e52      	lsrs	r2, r2, #25
100048a6:	01d9      	lsls	r1, r3, #7
100048a8:	430a      	orrs	r2, r1
100048aa:	0144      	lsls	r4, r0, #5
100048ac:	1aa0      	subs	r0, r4, r2
100048ae:	b281      	uxth	r1, r0
100048b0:	b2b2      	uxth	r2, r6
100048b2:	4351      	muls	r1, r2
100048b4:	1403      	asrs	r3, r0, #16
100048b6:	435a      	muls	r2, r3
100048b8:	0c36      	lsrs	r6, r6, #16
100048ba:	4373      	muls	r3, r6
100048bc:	b287      	uxth	r7, r0
100048be:	4377      	muls	r7, r6
100048c0:	17d6      	asrs	r6, r2, #31
100048c2:	19d2      	adds	r2, r2, r7
100048c4:	2700      	movs	r7, #0
100048c6:	417e      	adcs	r6, r7
100048c8:	0436      	lsls	r6, r6, #16
100048ca:	199b      	adds	r3, r3, r6
100048cc:	0417      	lsls	r7, r2, #16
100048ce:	0c16      	lsrs	r6, r2, #16
100048d0:	187f      	adds	r7, r7, r1
100048d2:	415e      	adcs	r6, r3
100048d4:	1673      	asrs	r3, r6, #25
100048d6:	18ed      	adds	r5, r5, r3
100048d8:	01f3      	lsls	r3, r6, #7
100048da:	2600      	movs	r6, #0
100048dc:	3380      	adds	r3, #128	; 0x80
100048de:	4175      	adcs	r5, r6
100048e0:	0fa9      	lsrs	r1, r5, #30
100048e2:	d106      	bne.n	100048f2 <dd_0>
100048e4:	0064      	lsls	r4, r4, #1
100048e6:	0a69      	lsrs	r1, r5, #9
100048e8:	05e8      	lsls	r0, r5, #23
100048ea:	0a5b      	lsrs	r3, r3, #9
100048ec:	4318      	orrs	r0, r3
100048ee:	d209      	bcs.n	10004904 <dd_1>
100048f0:	e02f      	b.n	10004952 <dd_2>

100048f2 <dd_0>:
100048f2:	2204      	movs	r2, #4
100048f4:	4494      	add	ip, r2
100048f6:	3380      	adds	r3, #128	; 0x80
100048f8:	4175      	adcs	r5, r6
100048fa:	0aa9      	lsrs	r1, r5, #10
100048fc:	05a8      	lsls	r0, r5, #22
100048fe:	0a9b      	lsrs	r3, r3, #10
10004900:	4318      	orrs	r0, r3
10004902:	d326      	bcc.n	10004952 <dd_2>

10004904 <dd_1>:
10004904:	4140      	adcs	r0, r0
10004906:	4149      	adcs	r1, r1
10004908:	0424      	lsls	r4, r4, #16
1000490a:	9a00      	ldr	r2, [sp, #0]
1000490c:	9b01      	ldr	r3, [sp, #4]
1000490e:	000d      	movs	r5, r1
10004910:	4355      	muls	r5, r2
10004912:	1b64      	subs	r4, r4, r5
10004914:	4343      	muls	r3, r0
10004916:	1ae4      	subs	r4, r4, r3
10004918:	b295      	uxth	r5, r2
1000491a:	b286      	uxth	r6, r0
1000491c:	4375      	muls	r5, r6
1000491e:	0c17      	lsrs	r7, r2, #16
10004920:	437e      	muls	r6, r7
10004922:	0c03      	lsrs	r3, r0, #16
10004924:	435f      	muls	r7, r3
10004926:	b292      	uxth	r2, r2
10004928:	435a      	muls	r2, r3
1000492a:	18b6      	adds	r6, r6, r2
1000492c:	d302      	bcc.n	10004934 <l24_1>
1000492e:	2201      	movs	r2, #1
10004930:	0412      	lsls	r2, r2, #16
10004932:	18bf      	adds	r7, r7, r2

10004934 <l24_1>:
10004934:	0432      	lsls	r2, r6, #16
10004936:	0c33      	lsrs	r3, r6, #16
10004938:	1952      	adds	r2, r2, r5
1000493a:	417b      	adcs	r3, r7
1000493c:	4252      	negs	r2, r2
1000493e:	419c      	sbcs	r4, r3
10004940:	2c00      	cmp	r4, #0
10004942:	d402      	bmi.n	1000494a <l24_1+0x16>
10004944:	2200      	movs	r2, #0
10004946:	3001      	adds	r0, #1
10004948:	4151      	adcs	r1, r2
1000494a:	0840      	lsrs	r0, r0, #1
1000494c:	07ca      	lsls	r2, r1, #31
1000494e:	4310      	orrs	r0, r2
10004950:	0849      	lsrs	r1, r1, #1

10004952 <dd_2>:
10004952:	b002      	add	sp, #8
10004954:	4662      	mov	r2, ip
10004956:	07d7      	lsls	r7, r2, #31
10004958:	1092      	asrs	r2, r2, #2
1000495a:	4b08      	ldr	r3, [pc, #32]	; (1000497c <dd_4+0x6>)
1000495c:	18d2      	adds	r2, r2, r3
1000495e:	4b08      	ldr	r3, [pc, #32]	; (10004980 <dd_4+0xa>)
10004960:	429a      	cmp	r2, r3
10004962:	d203      	bcs.n	1000496c <dd_3>
10004964:	0512      	lsls	r2, r2, #20
10004966:	1889      	adds	r1, r1, r2

10004968 <dd_5>:
10004968:	19c9      	adds	r1, r1, r7
1000496a:	bdf0      	pop	{r4, r5, r6, r7, pc}

1000496c <dd_3>:
1000496c:	2000      	movs	r0, #0
1000496e:	2a00      	cmp	r2, #0
10004970:	dc01      	bgt.n	10004976 <dd_4>
10004972:	0039      	movs	r1, r7
10004974:	bdf0      	pop	{r4, r5, r6, r7, pc}

10004976 <dd_4>:
10004976:	3301      	adds	r3, #1
10004978:	0519      	lsls	r1, r3, #20
1000497a:	e7f5      	b.n	10004968 <dd_5>
1000497c:	000003fd 	.word	0x000003fd
10004980:	000007fe 	.word	0x000007fe

10004984 <double2uint_shim>:
10004984:	2200      	movs	r2, #0

10004986 <double2ufix_shim>:
10004986:	b500      	push	{lr}
10004988:	3220      	adds	r2, #32
1000498a:	f000 f810 	bl	100049ae <double2ufix64_shim>
1000498e:	0008      	movs	r0, r1
10004990:	bd00      	pop	{pc}

10004992 <double2int64_shim>:
10004992:	2200      	movs	r2, #0

10004994 <double2fix64_shim>:
10004994:	b500      	push	{lr}
10004996:	f000 f80c 	bl	100049b2 <d2fix>
1000499a:	17ca      	asrs	r2, r1, #31
1000499c:	429a      	cmp	r2, r3
1000499e:	d100      	bne.n	100049a2 <double2fix64_shim+0xe>
100049a0:	bd00      	pop	{pc}
100049a2:	43d8      	mvns	r0, r3
100049a4:	2101      	movs	r1, #1
100049a6:	07c9      	lsls	r1, r1, #31
100049a8:	4041      	eors	r1, r0
100049aa:	bd00      	pop	{pc}

100049ac <double2uint64_shim>:
100049ac:	2200      	movs	r2, #0

100049ae <double2ufix64_shim>:
100049ae:	150b      	asrs	r3, r1, #20
100049b0:	d40a      	bmi.n	100049c8 <ret_dzero>

100049b2 <d2fix>:
100049b2:	b510      	push	{r4, lr}
100049b4:	4694      	mov	ip, r2
100049b6:	f000 f8a7 	bl	10004b08 <dunpacks>
100049ba:	1414      	asrs	r4, r2, #16
100049bc:	3401      	adds	r4, #1
100049be:	da00      	bge.n	100049c2 <d2fix+0x10>
100049c0:	2100      	movs	r1, #0
100049c2:	17cb      	asrs	r3, r1, #31
100049c4:	4c14      	ldr	r4, [pc, #80]	; (10004a18 <d2fix_a+0x4a>)
100049c6:	4720      	bx	r4

100049c8 <ret_dzero>:
100049c8:	2000      	movs	r0, #0
100049ca:	2100      	movs	r1, #0
100049cc:	4770      	bx	lr

100049ce <d2fix_a>:
100049ce:	4462      	add	r2, ip
100049d0:	3a34      	subs	r2, #52	; 0x34
100049d2:	d40c      	bmi.n	100049ee <d2fix_a+0x20>
100049d4:	2a0c      	cmp	r2, #12
100049d6:	da07      	bge.n	100049e8 <d2fix_a+0x1a>
100049d8:	0004      	movs	r4, r0
100049da:	4091      	lsls	r1, r2
100049dc:	4090      	lsls	r0, r2
100049de:	4252      	negs	r2, r2
100049e0:	3220      	adds	r2, #32
100049e2:	40d4      	lsrs	r4, r2
100049e4:	4321      	orrs	r1, r4
100049e6:	bd10      	pop	{r4, pc}
100049e8:	43d8      	mvns	r0, r3
100049ea:	43d9      	mvns	r1, r3
100049ec:	bd10      	pop	{r4, pc}
100049ee:	3220      	adds	r2, #32
100049f0:	d407      	bmi.n	10004a02 <d2fix_a+0x34>
100049f2:	460c      	mov	r4, r1
100049f4:	4094      	lsls	r4, r2
100049f6:	4252      	negs	r2, r2
100049f8:	3220      	adds	r2, #32
100049fa:	4111      	asrs	r1, r2
100049fc:	40d0      	lsrs	r0, r2
100049fe:	4320      	orrs	r0, r4
10004a00:	bd10      	pop	{r4, pc}
10004a02:	0008      	movs	r0, r1
10004a04:	17c9      	asrs	r1, r1, #31
10004a06:	3220      	adds	r2, #32
10004a08:	d403      	bmi.n	10004a12 <d2fix_a+0x44>
10004a0a:	4252      	negs	r2, r2
10004a0c:	3220      	adds	r2, #32
10004a0e:	4110      	asrs	r0, r2
10004a10:	bd10      	pop	{r4, pc}
10004a12:	0018      	movs	r0, r3
10004a14:	0019      	movs	r1, r3
10004a16:	bd10      	pop	{r4, pc}
10004a18:	100049cf 	.word	0x100049cf

10004a1c <double2float_shim>:
10004a1c:	004a      	lsls	r2, r1, #1
10004a1e:	0d52      	lsrs	r2, r2, #21
10004a20:	4b14      	ldr	r3, [pc, #80]	; (10004a74 <double2float_shim+0x58>)
10004a22:	1ad2      	subs	r2, r2, r3
10004a24:	dd13      	ble.n	10004a4e <double2float_shim+0x32>
10004a26:	2aff      	cmp	r2, #255	; 0xff
10004a28:	da1e      	bge.n	10004a68 <double2float_shim+0x4c>
10004a2a:	05d2      	lsls	r2, r2, #23
10004a2c:	0fcb      	lsrs	r3, r1, #31
10004a2e:	07db      	lsls	r3, r3, #31
10004a30:	431a      	orrs	r2, r3
10004a32:	00c3      	lsls	r3, r0, #3
10004a34:	0f40      	lsrs	r0, r0, #29
10004a36:	0309      	lsls	r1, r1, #12
10004a38:	0a49      	lsrs	r1, r1, #9
10004a3a:	4308      	orrs	r0, r1
10004a3c:	4310      	orrs	r0, r2
10004a3e:	005b      	lsls	r3, r3, #1
10004a40:	d301      	bcc.n	10004a46 <double2float_shim+0x2a>
10004a42:	d001      	beq.n	10004a48 <double2float_shim+0x2c>
10004a44:	3001      	adds	r0, #1
10004a46:	4770      	bx	lr
10004a48:	0843      	lsrs	r3, r0, #1
10004a4a:	d2fb      	bcs.n	10004a44 <double2float_shim+0x28>
10004a4c:	4770      	bx	lr
10004a4e:	d002      	beq.n	10004a56 <double2float_shim+0x3a>
10004a50:	0fc8      	lsrs	r0, r1, #31
10004a52:	07c0      	lsls	r0, r0, #31
10004a54:	4770      	bx	lr
10004a56:	030a      	lsls	r2, r1, #12
10004a58:	1312      	asrs	r2, r2, #12
10004a5a:	3201      	adds	r2, #1
10004a5c:	d1f8      	bne.n	10004a50 <double2float_shim+0x34>
10004a5e:	0f42      	lsrs	r2, r0, #29
10004a60:	2a07      	cmp	r2, #7
10004a62:	d1f5      	bne.n	10004a50 <double2float_shim+0x34>
10004a64:	2201      	movs	r2, #1
10004a66:	e000      	b.n	10004a6a <double2float_shim+0x4e>
10004a68:	22ff      	movs	r2, #255	; 0xff
10004a6a:	0fc8      	lsrs	r0, r1, #31
10004a6c:	0200      	lsls	r0, r0, #8
10004a6e:	1880      	adds	r0, r0, r2
10004a70:	05c0      	lsls	r0, r0, #23
10004a72:	4770      	bx	lr
10004a74:	00000380 	.word	0x00000380

10004a78 <uint2double_shim>:
10004a78:	2100      	movs	r1, #0

10004a7a <ufix2double_shim>:
10004a7a:	000a      	movs	r2, r1
10004a7c:	2100      	movs	r1, #0
10004a7e:	e004      	b.n	10004a8a <ufix642double_shim>

10004a80 <int2double_shim>:
10004a80:	2100      	movs	r1, #0

10004a82 <fix2double_shim>:
10004a82:	000a      	movs	r2, r1
10004a84:	17c1      	asrs	r1, r0, #31
10004a86:	e004      	b.n	10004a92 <fix642double_shim>

10004a88 <uint642double_shim>:
10004a88:	2200      	movs	r2, #0

10004a8a <ufix642double_shim>:
10004a8a:	2300      	movs	r3, #0
10004a8c:	e006      	b.n	10004a9c <uf2d>
10004a8e:	46c0      	nop			; (mov r8, r8)

10004a90 <int642double_shim>:
10004a90:	2200      	movs	r2, #0

10004a92 <fix642double_shim>:
10004a92:	17cb      	asrs	r3, r1, #31
10004a94:	4058      	eors	r0, r3
10004a96:	4059      	eors	r1, r3
10004a98:	1ac0      	subs	r0, r0, r3
10004a9a:	4199      	sbcs	r1, r3

10004a9c <uf2d>:
10004a9c:	b530      	push	{r4, r5, lr}
10004a9e:	4c18      	ldr	r4, [pc, #96]	; (10004b00 <uf2d+0x64>)
10004aa0:	1aa2      	subs	r2, r4, r2
10004aa2:	2900      	cmp	r1, #0
10004aa4:	d103      	bne.n	10004aae <uf2d+0x12>
10004aa6:	0001      	movs	r1, r0
10004aa8:	d010      	beq.n	10004acc <uf2d+0x30>
10004aaa:	2000      	movs	r0, #0
10004aac:	3a20      	subs	r2, #32
10004aae:	154c      	asrs	r4, r1, #21
10004ab0:	d112      	bne.n	10004ad8 <uf2d+0x3c>
10004ab2:	d204      	bcs.n	10004abe <uf2d+0x22>
10004ab4:	3a01      	subs	r2, #1
10004ab6:	1800      	adds	r0, r0, r0
10004ab8:	4149      	adcs	r1, r1
10004aba:	0d4c      	lsrs	r4, r1, #21
10004abc:	d3fa      	bcc.n	10004ab4 <uf2d+0x18>
10004abe:	4c11      	ldr	r4, [pc, #68]	; (10004b04 <uf2d+0x68>)
10004ac0:	42a2      	cmp	r2, r4
10004ac2:	d204      	bcs.n	10004ace <uf2d+0x32>
10004ac4:	0512      	lsls	r2, r2, #20
10004ac6:	1889      	adds	r1, r1, r2
10004ac8:	07db      	lsls	r3, r3, #31
10004aca:	18c9      	adds	r1, r1, r3
10004acc:	bd30      	pop	{r4, r5, pc}
10004ace:	43d2      	mvns	r2, r2
10004ad0:	0d52      	lsrs	r2, r2, #21
10004ad2:	2000      	movs	r0, #0
10004ad4:	2100      	movs	r1, #0
10004ad6:	e7f5      	b.n	10004ac4 <uf2d+0x28>
10004ad8:	d403      	bmi.n	10004ae2 <uf2d+0x46>
10004ada:	3a01      	subs	r2, #1
10004adc:	1800      	adds	r0, r0, r0
10004ade:	4149      	adcs	r1, r1
10004ae0:	d5fb      	bpl.n	10004ada <uf2d+0x3e>
10004ae2:	320b      	adds	r2, #11
10004ae4:	0544      	lsls	r4, r0, #21
10004ae6:	0ac0      	lsrs	r0, r0, #11
10004ae8:	054d      	lsls	r5, r1, #21
10004aea:	4328      	orrs	r0, r5
10004aec:	0ac9      	lsrs	r1, r1, #11
10004aee:	0064      	lsls	r4, r4, #1
10004af0:	d003      	beq.n	10004afa <uf2d+0x5e>
10004af2:	2400      	movs	r4, #0
10004af4:	4160      	adcs	r0, r4
10004af6:	4161      	adcs	r1, r4
10004af8:	e7e1      	b.n	10004abe <uf2d+0x22>
10004afa:	d3e0      	bcc.n	10004abe <uf2d+0x22>
10004afc:	0844      	lsrs	r4, r0, #1
10004afe:	e7f8      	b.n	10004af2 <uf2d+0x56>
10004b00:	00000432 	.word	0x00000432
10004b04:	000007fe 	.word	0x000007fe

10004b08 <dunpacks>:
10004b08:	0d0a      	lsrs	r2, r1, #20
10004b0a:	0fcc      	lsrs	r4, r1, #31
10004b0c:	1e53      	subs	r3, r2, #1
10004b0e:	051b      	lsls	r3, r3, #20
10004b10:	1ac9      	subs	r1, r1, r3
10004b12:	0552      	lsls	r2, r2, #21
10004b14:	d303      	bcc.n	10004b1e <l60_1>
10004b16:	43c9      	mvns	r1, r1
10004b18:	4240      	negs	r0, r0
10004b1a:	d300      	bcc.n	10004b1e <l60_1>
10004b1c:	3101      	adds	r1, #1

10004b1e <l60_1>:
10004b1e:	0d52      	lsrs	r2, r2, #21
10004b20:	d003      	beq.n	10004b2a <l60_2>
10004b22:	1c53      	adds	r3, r2, #1
10004b24:	0adb      	lsrs	r3, r3, #11
10004b26:	d007      	beq.n	10004b38 <l60_3>
10004b28:	1b12      	subs	r2, r2, r4

10004b2a <l60_2>:
10004b2a:	2000      	movs	r0, #0
10004b2c:	0064      	lsls	r4, r4, #1
10004b2e:	1c61      	adds	r1, r4, #1
10004b30:	0789      	lsls	r1, r1, #30
10004b32:	1289      	asrs	r1, r1, #10
10004b34:	3a80      	subs	r2, #128	; 0x80
10004b36:	0312      	lsls	r2, r2, #12

10004b38 <l60_3>:
10004b38:	4b01      	ldr	r3, [pc, #4]	; (10004b40 <l60_3+0x8>)
10004b3a:	1ad2      	subs	r2, r2, r3
10004b3c:	4770      	bx	lr
10004b3e:	0000      	.short	0x0000
10004b40:	000003ff 	.word	0x000003ff

10004b44 <__wrap___aeabi_lmul>:
10004b44:	4351      	muls	r1, r2
10004b46:	4343      	muls	r3, r0
10004b48:	18c9      	adds	r1, r1, r3
10004b4a:	468c      	mov	ip, r1
10004b4c:	0c11      	lsrs	r1, r2, #16
10004b4e:	b283      	uxth	r3, r0
10004b50:	434b      	muls	r3, r1
10004b52:	b410      	push	{r4}
10004b54:	0c04      	lsrs	r4, r0, #16
10004b56:	4361      	muls	r1, r4
10004b58:	b292      	uxth	r2, r2
10004b5a:	b280      	uxth	r0, r0
10004b5c:	4350      	muls	r0, r2
10004b5e:	4362      	muls	r2, r4
10004b60:	041c      	lsls	r4, r3, #16
10004b62:	0c1b      	lsrs	r3, r3, #16
10004b64:	1900      	adds	r0, r0, r4
10004b66:	bc10      	pop	{r4}
10004b68:	4159      	adcs	r1, r3
10004b6a:	0413      	lsls	r3, r2, #16
10004b6c:	0c12      	lsrs	r2, r2, #16
10004b6e:	18c0      	adds	r0, r0, r3
10004b70:	4151      	adcs	r1, r2
10004b72:	4461      	add	r1, ip
10004b74:	4770      	bx	lr
	...

10004b78 <__wrap___aeabi_frsub>:
10004b78:	4048      	eors	r0, r1
10004b7a:	4041      	eors	r1, r0
10004b7c:	4048      	eors	r0, r1

10004b7e <__wrap___aeabi_fsub>:
10004b7e:	2300      	movs	r3, #0
10004b80:	469c      	mov	ip, r3
10004b82:	4b11      	ldr	r3, [pc, #68]	; (10004bc8 <__wrap___aeabi_fmul+0xa>)
10004b84:	685b      	ldr	r3, [r3, #4]
10004b86:	4718      	bx	r3

10004b88 <__wrap___aeabi_fadd>:
10004b88:	2300      	movs	r3, #0
10004b8a:	469c      	mov	ip, r3
10004b8c:	4b0e      	ldr	r3, [pc, #56]	; (10004bc8 <__wrap___aeabi_fmul+0xa>)
10004b8e:	681b      	ldr	r3, [r3, #0]
10004b90:	4718      	bx	r3

10004b92 <__wrap___aeabi_fdiv>:
10004b92:	4a0e      	ldr	r2, [pc, #56]	; (10004bcc <__wrap___aeabi_fmul+0xe>)
10004b94:	6f93      	ldr	r3, [r2, #120]	; 0x78
10004b96:	089b      	lsrs	r3, r3, #2
10004b98:	d204      	bcs.n	10004ba4 <fdiv_save_state>

10004b9a <fdiv_shim_call>:
10004b9a:	2300      	movs	r3, #0
10004b9c:	469c      	mov	ip, r3
10004b9e:	4b0a      	ldr	r3, [pc, #40]	; (10004bc8 <__wrap___aeabi_fmul+0xa>)
10004ba0:	68db      	ldr	r3, [r3, #12]
10004ba2:	4718      	bx	r3

10004ba4 <fdiv_save_state>:
10004ba4:	b5f0      	push	{r4, r5, r6, r7, lr}
10004ba6:	6e14      	ldr	r4, [r2, #96]	; 0x60
10004ba8:	6e55      	ldr	r5, [r2, #100]	; 0x64
10004baa:	6f57      	ldr	r7, [r2, #116]	; 0x74
10004bac:	6f16      	ldr	r6, [r2, #112]	; 0x70
10004bae:	f7ff fff4 	bl	10004b9a <fdiv_shim_call>
10004bb2:	4a06      	ldr	r2, [pc, #24]	; (10004bcc <__wrap___aeabi_fmul+0xe>)
10004bb4:	6614      	str	r4, [r2, #96]	; 0x60
10004bb6:	6655      	str	r5, [r2, #100]	; 0x64
10004bb8:	6757      	str	r7, [r2, #116]	; 0x74
10004bba:	6716      	str	r6, [r2, #112]	; 0x70
10004bbc:	bdf0      	pop	{r4, r5, r6, r7, pc}

10004bbe <__wrap___aeabi_fmul>:
10004bbe:	2300      	movs	r3, #0
10004bc0:	469c      	mov	ip, r3
10004bc2:	4b01      	ldr	r3, [pc, #4]	; (10004bc8 <__wrap___aeabi_fmul+0xa>)
10004bc4:	689b      	ldr	r3, [r3, #8]
10004bc6:	4718      	bx	r3
10004bc8:	200023fc 	.word	0x200023fc
10004bcc:	d0000000 	.word	0xd0000000

10004bd0 <__wrap___aeabi_cfrcmple>:
10004bd0:	b507      	push	{r0, r1, r2, lr}
10004bd2:	4048      	eors	r0, r1
10004bd4:	4041      	eors	r1, r0
10004bd6:	4048      	eors	r0, r1
10004bd8:	e001      	b.n	10004bde <__aeabi_cfcmple_guts>
10004bda:	46c0      	nop			; (mov r8, r8)

10004bdc <__wrap___aeabi_cfcmpeq>:
10004bdc:	b507      	push	{r0, r1, r2, lr}

10004bde <__aeabi_cfcmple_guts>:
10004bde:	0042      	lsls	r2, r0, #1
10004be0:	0e12      	lsrs	r2, r2, #24
10004be2:	d003      	beq.n	10004bec <__aeabi_cfcmple_guts+0xe>
10004be4:	2aff      	cmp	r2, #255	; 0xff
10004be6:	d103      	bne.n	10004bf0 <__aeabi_cfcmple_guts+0x12>
10004be8:	0242      	lsls	r2, r0, #9
10004bea:	d818      	bhi.n	10004c1e <__aeabi_cfcmple_guts+0x40>
10004bec:	0dc0      	lsrs	r0, r0, #23
10004bee:	05c0      	lsls	r0, r0, #23
10004bf0:	004a      	lsls	r2, r1, #1
10004bf2:	0e12      	lsrs	r2, r2, #24
10004bf4:	d003      	beq.n	10004bfe <__aeabi_cfcmple_guts+0x20>
10004bf6:	2aff      	cmp	r2, #255	; 0xff
10004bf8:	d103      	bne.n	10004c02 <__aeabi_cfcmple_guts+0x24>
10004bfa:	024a      	lsls	r2, r1, #9
10004bfc:	d80f      	bhi.n	10004c1e <__aeabi_cfcmple_guts+0x40>
10004bfe:	0dc9      	lsrs	r1, r1, #23
10004c00:	05c9      	lsls	r1, r1, #23
10004c02:	2201      	movs	r2, #1
10004c04:	4041      	eors	r1, r0
10004c06:	d405      	bmi.n	10004c14 <__aeabi_cfcmple_guts+0x36>
10004c08:	4041      	eors	r1, r0
10004c0a:	d501      	bpl.n	10004c10 <__aeabi_cfcmple_guts+0x32>
10004c0c:	4281      	cmp	r1, r0
10004c0e:	bd07      	pop	{r0, r1, r2, pc}
10004c10:	4288      	cmp	r0, r1
10004c12:	bd07      	pop	{r0, r1, r2, pc}
10004c14:	4301      	orrs	r1, r0
10004c16:	1849      	adds	r1, r1, r1
10004c18:	d001      	beq.n	10004c1e <__aeabi_cfcmple_guts+0x40>
10004c1a:	43c0      	mvns	r0, r0
10004c1c:	1800      	adds	r0, r0, r0
10004c1e:	bd07      	pop	{r0, r1, r2, pc}

10004c20 <__wrap___aeabi_fcmplt>:
10004c20:	b500      	push	{lr}
10004c22:	f7ff ffdb 	bl	10004bdc <__wrap___aeabi_cfcmpeq>
10004c26:	4180      	sbcs	r0, r0
10004c28:	bd00      	pop	{pc}
10004c2a:	46c0      	nop			; (mov r8, r8)

10004c2c <__wrap___aeabi_fcmple>:
10004c2c:	b500      	push	{lr}
10004c2e:	f7ff ffd5 	bl	10004bdc <__wrap___aeabi_cfcmpeq>
10004c32:	d901      	bls.n	10004c38 <__wrap___aeabi_fcmple+0xc>
10004c34:	2000      	movs	r0, #0
10004c36:	bd00      	pop	{pc}
10004c38:	2001      	movs	r0, #1
10004c3a:	bd00      	pop	{pc}

10004c3c <__wrap___aeabi_fcmpge>:
10004c3c:	b500      	push	{lr}
10004c3e:	f7ff ffc7 	bl	10004bd0 <__wrap___aeabi_cfrcmple>
10004c42:	d901      	bls.n	10004c48 <__wrap___aeabi_fcmpge+0xc>
10004c44:	2000      	movs	r0, #0
10004c46:	bd00      	pop	{pc}
10004c48:	2001      	movs	r0, #1
10004c4a:	bd00      	pop	{pc}

10004c4c <__wrap___aeabi_fcmpgt>:
10004c4c:	b500      	push	{lr}
10004c4e:	f7ff ffbf 	bl	10004bd0 <__wrap___aeabi_cfrcmple>
10004c52:	4180      	sbcs	r0, r0
10004c54:	bd00      	pop	{pc}

10004c56 <__wrap___aeabi_fcmpun>:
10004c56:	2301      	movs	r3, #1
10004c58:	061b      	lsls	r3, r3, #24
10004c5a:	0042      	lsls	r2, r0, #1
10004c5c:	18d2      	adds	r2, r2, r3
10004c5e:	d804      	bhi.n	10004c6a <__wrap___aeabi_fcmpun+0x14>
10004c60:	004a      	lsls	r2, r1, #1
10004c62:	18d2      	adds	r2, r2, r3
10004c64:	d801      	bhi.n	10004c6a <__wrap___aeabi_fcmpun+0x14>
10004c66:	2000      	movs	r0, #0
10004c68:	4770      	bx	lr
10004c6a:	2001      	movs	r0, #1
10004c6c:	4770      	bx	lr

10004c6e <__wrap___aeabi_ui2f>:
10004c6e:	1a49      	subs	r1, r1, r1
10004c70:	2800      	cmp	r0, #0
10004c72:	d107      	bne.n	10004c84 <__aeabi_i2f_main>
10004c74:	4608      	mov	r0, r1
10004c76:	4770      	bx	lr

10004c78 <__wrap___aeabi_i2f>:
10004c78:	0fc1      	lsrs	r1, r0, #31
10004c7a:	07c9      	lsls	r1, r1, #31
10004c7c:	d500      	bpl.n	10004c80 <__wrap___aeabi_i2f+0x8>
10004c7e:	4240      	negs	r0, r0
10004c80:	2800      	cmp	r0, #0
10004c82:	d017      	beq.n	10004cb4 <__aeabi_i2f_main+0x30>

10004c84 <__aeabi_i2f_main>:
10004c84:	46f4      	mov	ip, lr
10004c86:	b403      	push	{r0, r1}
10004c88:	4b0b      	ldr	r3, [pc, #44]	; (10004cb8 <__aeabi_i2f_main+0x34>)
10004c8a:	681b      	ldr	r3, [r3, #0]
10004c8c:	4798      	blx	r3
10004c8e:	bc06      	pop	{r1, r2}
10004c90:	4081      	lsls	r1, r0
10004c92:	389e      	subs	r0, #158	; 0x9e
10004c94:	4240      	negs	r0, r0
10004c96:	3180      	adds	r1, #128	; 0x80
10004c98:	d207      	bcs.n	10004caa <__aeabi_i2f_main+0x26>
10004c9a:	060b      	lsls	r3, r1, #24
10004c9c:	d007      	beq.n	10004cae <__aeabi_i2f_main+0x2a>
10004c9e:	0049      	lsls	r1, r1, #1
10004ca0:	0a49      	lsrs	r1, r1, #9
10004ca2:	05c0      	lsls	r0, r0, #23
10004ca4:	4310      	orrs	r0, r2
10004ca6:	4308      	orrs	r0, r1
10004ca8:	4760      	bx	ip
10004caa:	3001      	adds	r0, #1
10004cac:	e7f8      	b.n	10004ca0 <__aeabi_i2f_main+0x1c>
10004cae:	0a49      	lsrs	r1, r1, #9
10004cb0:	0289      	lsls	r1, r1, #10
10004cb2:	e7f5      	b.n	10004ca0 <__aeabi_i2f_main+0x1c>
10004cb4:	4770      	bx	lr
10004cb6:	0000      	.short	0x0000
10004cb8:	200023f8 	.word	0x200023f8

10004cbc <__wrap___aeabi_f2uiz>:
10004cbc:	2300      	movs	r3, #0
10004cbe:	469c      	mov	ip, r3
10004cc0:	4b01      	ldr	r3, [pc, #4]	; (10004cc8 <__wrap___aeabi_f2uiz+0xc>)
10004cc2:	6a5b      	ldr	r3, [r3, #36]	; 0x24
10004cc4:	4718      	bx	r3
10004cc6:	0000      	.short	0x0000
10004cc8:	200023fc 	.word	0x200023fc

10004ccc <fix2float>:
10004ccc:	2300      	movs	r3, #0
10004cce:	469c      	mov	ip, r3
10004cd0:	4b01      	ldr	r3, [pc, #4]	; (10004cd8 <fix2float+0xc>)
10004cd2:	6b1b      	ldr	r3, [r3, #48]	; 0x30
10004cd4:	4718      	bx	r3
10004cd6:	0000      	.short	0x0000
10004cd8:	200023fc 	.word	0x200023fc
10004cdc:	4a05      	ldr	r2, [pc, #20]	; (10004cf4 <__wrap___aeabi_ul2f+0x14>)
10004cde:	4710      	bx	r2

10004ce0 <__wrap___aeabi_ul2f>:
10004ce0:	2900      	cmp	r1, #0
10004ce2:	d0fb      	beq.n	10004cdc <fix2float+0x10>
10004ce4:	4b04      	ldr	r3, [pc, #16]	; (10004cf8 <__wrap___aeabi_ul2f+0x18>)
10004ce6:	6e5b      	ldr	r3, [r3, #100]	; 0x64
10004ce8:	46fc      	mov	ip, pc
10004cea:	4718      	bx	r3
10004cec:	5031df64 	.word	0x5031df64
10004cf0:	00001000 	.word	0x00001000
10004cf4:	10004c6f 	.word	0x10004c6f
10004cf8:	200023fc 	.word	0x200023fc

10004cfc <__wrap___aeabi_f2d>:
10004cfc:	4b03      	ldr	r3, [pc, #12]	; (10004d0c <__wrap___aeabi_f2d+0x10>)
10004cfe:	6fdb      	ldr	r3, [r3, #124]	; 0x7c
10004d00:	46fc      	mov	ip, pc
10004d02:	4718      	bx	r3
10004d04:	5075df7c 	.word	0x5075df7c
10004d08:	00001000 	.word	0x00001000
10004d0c:	200023fc 	.word	0x200023fc

10004d10 <__wrap_sinf>:
10004d10:	0041      	lsls	r1, r0, #1
10004d12:	0e09      	lsrs	r1, r1, #24
10004d14:	2986      	cmp	r1, #134	; 0x86
10004d16:	da04      	bge.n	10004d22 <__wrap_sinf+0x12>
10004d18:	2300      	movs	r3, #0
10004d1a:	469c      	mov	ip, r3
10004d1c:	4b04      	ldr	r3, [pc, #16]	; (10004d30 <__wrap_sinf+0x20>)
10004d1e:	6c1b      	ldr	r3, [r3, #64]	; 0x40
10004d20:	4718      	bx	r3
10004d22:	4904      	ldr	r1, [pc, #16]	; (10004d34 <__wrap_sinf+0x24>)
10004d24:	b500      	push	{lr}
10004d26:	f000 f963 	bl	10004ff0 <__wrap_remainderf>
10004d2a:	bc02      	pop	{r1}
10004d2c:	468e      	mov	lr, r1
10004d2e:	e7f3      	b.n	10004d18 <__wrap_sinf+0x8>
10004d30:	200023fc 	.word	0x200023fc
10004d34:	40c90fdb 	.word	0x40c90fdb

10004d38 <__aeabi_float_init>:
10004d38:	b570      	push	{r4, r5, r6, lr}
10004d3a:	2313      	movs	r3, #19
10004d3c:	781d      	ldrb	r5, [r3, #0]
10004d3e:	482a      	ldr	r0, [pc, #168]	; (10004de8 <__aeabi_float_init+0xb0>)
10004d40:	f7fe ff50 	bl	10003be4 <rom_data_lookup>
10004d44:	0004      	movs	r4, r0
10004d46:	2d01      	cmp	r5, #1
10004d48:	d011      	beq.n	10004d6e <__aeabi_float_init+0x36>
10004d4a:	2d01      	cmp	r5, #1
10004d4c:	dd09      	ble.n	10004d62 <__aeabi_float_init+0x2a>
10004d4e:	1ea3      	subs	r3, r4, #2
10004d50:	781b      	ldrb	r3, [r3, #0]
10004d52:	009b      	lsls	r3, r3, #2
10004d54:	2b7f      	cmp	r3, #127	; 0x7f
10004d56:	dd40      	ble.n	10004dda <__aeabi_float_init+0xa2>
10004d58:	2280      	movs	r2, #128	; 0x80
10004d5a:	0021      	movs	r1, r4
10004d5c:	4823      	ldr	r0, [pc, #140]	; (10004dec <__aeabi_float_init+0xb4>)
10004d5e:	f000 f9af 	bl	100050c0 <__wrap___aeabi_memcpy>
10004d62:	4823      	ldr	r0, [pc, #140]	; (10004df0 <__aeabi_float_init+0xb8>)
10004d64:	f7fe ff36 	bl	10003bd4 <rom_func_lookup>
10004d68:	4b22      	ldr	r3, [pc, #136]	; (10004df4 <__aeabi_float_init+0xbc>)
10004d6a:	6018      	str	r0, [r3, #0]
10004d6c:	bd70      	pop	{r4, r5, r6, pc}
10004d6e:	2254      	movs	r2, #84	; 0x54
10004d70:	0001      	movs	r1, r0
10004d72:	481e      	ldr	r0, [pc, #120]	; (10004dec <__aeabi_float_init+0xb4>)
10004d74:	f000 f9a4 	bl	100050c0 <__wrap___aeabi_memcpy>
10004d78:	4b1f      	ldr	r3, [pc, #124]	; (10004df8 <__aeabi_float_init+0xc0>)
10004d7a:	881a      	ldrh	r2, [r3, #0]
10004d7c:	4b1f      	ldr	r3, [pc, #124]	; (10004dfc <__aeabi_float_init+0xc4>)
10004d7e:	429a      	cmp	r2, r3
10004d80:	d11c      	bne.n	10004dbc <__aeabi_float_init+0x84>
10004d82:	23a7      	movs	r3, #167	; 0xa7
10004d84:	019b      	lsls	r3, r3, #6
10004d86:	881a      	ldrh	r2, [r3, #0]
10004d88:	4b1d      	ldr	r3, [pc, #116]	; (10004e00 <__aeabi_float_init+0xc8>)
10004d8a:	429a      	cmp	r2, r3
10004d8c:	d116      	bne.n	10004dbc <__aeabi_float_init+0x84>
10004d8e:	4b1d      	ldr	r3, [pc, #116]	; (10004e04 <__aeabi_float_init+0xcc>)
10004d90:	881a      	ldrh	r2, [r3, #0]
10004d92:	4b1d      	ldr	r3, [pc, #116]	; (10004e08 <__aeabi_float_init+0xd0>)
10004d94:	429a      	cmp	r2, r3
10004d96:	d111      	bne.n	10004dbc <__aeabi_float_init+0x84>
10004d98:	4b1c      	ldr	r3, [pc, #112]	; (10004e0c <__aeabi_float_init+0xd4>)
10004d9a:	881a      	ldrh	r2, [r3, #0]
10004d9c:	2394      	movs	r3, #148	; 0x94
10004d9e:	019b      	lsls	r3, r3, #6
10004da0:	429a      	cmp	r2, r3
10004da2:	d10b      	bne.n	10004dbc <__aeabi_float_init+0x84>
10004da4:	4b1a      	ldr	r3, [pc, #104]	; (10004e10 <__aeabi_float_init+0xd8>)
10004da6:	881a      	ldrh	r2, [r3, #0]
10004da8:	4b1a      	ldr	r3, [pc, #104]	; (10004e14 <__aeabi_float_init+0xdc>)
10004daa:	429a      	cmp	r2, r3
10004dac:	d106      	bne.n	10004dbc <__aeabi_float_init+0x84>
10004dae:	4b1a      	ldr	r3, [pc, #104]	; (10004e18 <__aeabi_float_init+0xe0>)
10004db0:	681a      	ldr	r2, [r3, #0]
10004db2:	4b1a      	ldr	r3, [pc, #104]	; (10004e1c <__aeabi_float_init+0xe4>)
10004db4:	429a      	cmp	r2, r3
10004db6:	d101      	bne.n	10004dbc <__aeabi_float_init+0x84>
10004db8:	2315      	movs	r3, #21
10004dba:	e007      	b.n	10004dcc <__aeabi_float_init+0x94>
10004dbc:	4818      	ldr	r0, [pc, #96]	; (10004e20 <__aeabi_float_init+0xe8>)
10004dbe:	f7fd fe49 	bl	10002a54 <panic>
10004dc2:	0099      	lsls	r1, r3, #2
10004dc4:	4817      	ldr	r0, [pc, #92]	; (10004e24 <__aeabi_float_init+0xec>)
10004dc6:	4a09      	ldr	r2, [pc, #36]	; (10004dec <__aeabi_float_init+0xb4>)
10004dc8:	5088      	str	r0, [r1, r2]
10004dca:	3301      	adds	r3, #1
10004dcc:	2b1f      	cmp	r3, #31
10004dce:	d9f8      	bls.n	10004dc2 <__aeabi_float_init+0x8a>
10004dd0:	4a14      	ldr	r2, [pc, #80]	; (10004e24 <__aeabi_float_init+0xec>)
10004dd2:	4b06      	ldr	r3, [pc, #24]	; (10004dec <__aeabi_float_init+0xb4>)
10004dd4:	621a      	str	r2, [r3, #32]
10004dd6:	61da      	str	r2, [r3, #28]
10004dd8:	e7b7      	b.n	10004d4a <__aeabi_float_init+0x12>
10004dda:	4b13      	ldr	r3, [pc, #76]	; (10004e28 <__aeabi_float_init+0xf0>)
10004ddc:	4a13      	ldr	r2, [pc, #76]	; (10004e2c <__aeabi_float_init+0xf4>)
10004dde:	2142      	movs	r1, #66	; 0x42
10004de0:	4813      	ldr	r0, [pc, #76]	; (10004e30 <__aeabi_float_init+0xf8>)
10004de2:	f7fd fd9d 	bl	10002920 <__assert_func>
10004de6:	46c0      	nop			; (mov r8, r8)
10004de8:	00004653 	.word	0x00004653
10004dec:	200023fc 	.word	0x200023fc
10004df0:	0000334c 	.word	0x0000334c
10004df4:	200023f8 	.word	0x200023f8
10004df8:	000029ee 	.word	0x000029ee
10004dfc:	00000fc4 	.word	0x00000fc4
10004e00:	00000dc2 	.word	0x00000dc2
10004e04:	00002b96 	.word	0x00002b96
10004e08:	0000b5c0 	.word	0x0000b5c0
10004e0c:	00002b18 	.word	0x00002b18
10004e10:	00002acc 	.word	0x00002acc
10004e14:	0000b510 	.word	0x0000b510
10004e18:	00002cfc 	.word	0x00002cfc
10004e1c:	6487ed51 	.word	0x6487ed51
10004e20:	1000a91c 	.word	0x1000a91c
10004e24:	10004ffd 	.word	0x10004ffd
10004e28:	1000b914 	.word	0x1000b914
10004e2c:	1000b9ac 	.word	0x1000b9ac
10004e30:	1000b948 	.word	0x1000b948

10004e34 <frem_0>:
10004e34:	b5f0      	push	{r4, r5, r6, r7, lr}
10004e36:	46c6      	mov	lr, r8
10004e38:	b500      	push	{lr}
10004e3a:	0005      	movs	r5, r0
10004e3c:	000f      	movs	r7, r1
10004e3e:	1e16      	subs	r6, r2, #0
10004e40:	4698      	mov	r8, r3
10004e42:	dd1b      	ble.n	10004e7c <frem_0+0x48>
10004e44:	11c9      	asrs	r1, r1, #7
10004e46:	2001      	movs	r0, #1
10004e48:	4240      	negs	r0, r0
10004e4a:	f7fe ff17 	bl	10003c7c <__wrap___aeabi_uidiv>
10004e4e:	2200      	movs	r2, #0
10004e50:	e00e      	b.n	10004e70 <frem_0+0x3c>
10004e52:	230c      	movs	r3, #12
10004e54:	126c      	asrs	r4, r5, #9
10004e56:	4344      	muls	r4, r0
10004e58:	211d      	movs	r1, #29
10004e5a:	1ac9      	subs	r1, r1, r3
10004e5c:	410c      	asrs	r4, r1
10004e5e:	3401      	adds	r4, #1
10004e60:	1064      	asrs	r4, r4, #1
10004e62:	409d      	lsls	r5, r3
10004e64:	0021      	movs	r1, r4
10004e66:	4379      	muls	r1, r7
10004e68:	1a6d      	subs	r5, r5, r1
10004e6a:	409a      	lsls	r2, r3
10004e6c:	1912      	adds	r2, r2, r4
10004e6e:	1af6      	subs	r6, r6, r3
10004e70:	2e00      	cmp	r6, #0
10004e72:	dd05      	ble.n	10004e80 <frem_0+0x4c>
10004e74:	2e0c      	cmp	r6, #12
10004e76:	dcec      	bgt.n	10004e52 <frem_0+0x1e>
10004e78:	0033      	movs	r3, r6
10004e7a:	e7eb      	b.n	10004e54 <frem_0+0x20>
10004e7c:	2000      	movs	r0, #0
10004e7e:	e7e6      	b.n	10004e4e <frem_0+0x1a>
10004e80:	42bd      	cmp	r5, r7
10004e82:	db01      	blt.n	10004e88 <frem_0+0x54>
10004e84:	1bed      	subs	r5, r5, r7
10004e86:	3201      	adds	r2, #1
10004e88:	42bd      	cmp	r5, r7
10004e8a:	db01      	blt.n	10004e90 <frem_0+0x5c>
10004e8c:	1bed      	subs	r5, r5, r7
10004e8e:	3201      	adds	r2, #1
10004e90:	2d00      	cmp	r5, #0
10004e92:	db09      	blt.n	10004ea8 <frem_0+0x74>
10004e94:	2d00      	cmp	r5, #0
10004e96:	db0a      	blt.n	10004eae <frem_0+0x7a>
10004e98:	4643      	mov	r3, r8
10004e9a:	2b00      	cmp	r3, #0
10004e9c:	d000      	beq.n	10004ea0 <frem_0+0x6c>
10004e9e:	601a      	str	r2, [r3, #0]
10004ea0:	0028      	movs	r0, r5
10004ea2:	bc80      	pop	{r7}
10004ea4:	46b8      	mov	r8, r7
10004ea6:	bdf0      	pop	{r4, r5, r6, r7, pc}
10004ea8:	19ed      	adds	r5, r5, r7
10004eaa:	3a01      	subs	r2, #1
10004eac:	e7f2      	b.n	10004e94 <frem_0+0x60>
10004eae:	19ed      	adds	r5, r5, r7
10004eb0:	3a01      	subs	r2, #1
10004eb2:	e7f1      	b.n	10004e98 <frem_0+0x64>

10004eb4 <__wrap_fmodf>:
10004eb4:	b5f8      	push	{r3, r4, r5, r6, r7, lr}
10004eb6:	0fc5      	lsrs	r5, r0, #31
10004eb8:	0dc2      	lsrs	r2, r0, #23
10004eba:	24ff      	movs	r4, #255	; 0xff
10004ebc:	4022      	ands	r2, r4
10004ebe:	0246      	lsls	r6, r0, #9
10004ec0:	0a76      	lsrs	r6, r6, #9
10004ec2:	2380      	movs	r3, #128	; 0x80
10004ec4:	041b      	lsls	r3, r3, #16
10004ec6:	431e      	orrs	r6, r3
10004ec8:	0dcf      	lsrs	r7, r1, #23
10004eca:	403c      	ands	r4, r7
10004ecc:	0249      	lsls	r1, r1, #9
10004ece:	0a49      	lsrs	r1, r1, #9
10004ed0:	4319      	orrs	r1, r3
10004ed2:	2aff      	cmp	r2, #255	; 0xff
10004ed4:	d016      	beq.n	10004f04 <__wrap_fmodf+0x50>
10004ed6:	2c00      	cmp	r4, #0
10004ed8:	d017      	beq.n	10004f0a <__wrap_fmodf+0x56>
10004eda:	2a00      	cmp	r2, #0
10004edc:	d103      	bne.n	10004ee6 <__wrap_fmodf+0x32>
10004ede:	2d00      	cmp	r5, #0
10004ee0:	d116      	bne.n	10004f10 <__wrap_fmodf+0x5c>
10004ee2:	2000      	movs	r0, #0
10004ee4:	e013      	b.n	10004f0e <__wrap_fmodf+0x5a>
10004ee6:	42a2      	cmp	r2, r4
10004ee8:	db11      	blt.n	10004f0e <__wrap_fmodf+0x5a>
10004eea:	1b12      	subs	r2, r2, r4
10004eec:	2300      	movs	r3, #0
10004eee:	0030      	movs	r0, r6
10004ef0:	f7ff ffa0 	bl	10004e34 <frem_0>
10004ef4:	2d00      	cmp	r5, #0
10004ef6:	d000      	beq.n	10004efa <__wrap_fmodf+0x46>
10004ef8:	4240      	negs	r0, r0
10004efa:	2196      	movs	r1, #150	; 0x96
10004efc:	1b09      	subs	r1, r1, r4
10004efe:	f7ff fee5 	bl	10004ccc <fix2float>
10004f02:	e004      	b.n	10004f0e <__wrap_fmodf+0x5a>
10004f04:	20ff      	movs	r0, #255	; 0xff
10004f06:	05c0      	lsls	r0, r0, #23
10004f08:	e001      	b.n	10004f0e <__wrap_fmodf+0x5a>
10004f0a:	20ff      	movs	r0, #255	; 0xff
10004f0c:	05c0      	lsls	r0, r0, #23
10004f0e:	bdf8      	pop	{r3, r4, r5, r6, r7, pc}
10004f10:	2080      	movs	r0, #128	; 0x80
10004f12:	0600      	lsls	r0, r0, #24
10004f14:	e7fb      	b.n	10004f0e <__wrap_fmodf+0x5a>

10004f16 <__wrap_remquof>:
10004f16:	b5f0      	push	{r4, r5, r6, r7, lr}
10004f18:	46ce      	mov	lr, r9
10004f1a:	4647      	mov	r7, r8
10004f1c:	b580      	push	{r7, lr}
10004f1e:	b083      	sub	sp, #12
10004f20:	0016      	movs	r6, r2
10004f22:	0fc3      	lsrs	r3, r0, #31
10004f24:	4699      	mov	r9, r3
10004f26:	0dc3      	lsrs	r3, r0, #23
10004f28:	24ff      	movs	r4, #255	; 0xff
10004f2a:	4023      	ands	r3, r4
10004f2c:	0245      	lsls	r5, r0, #9
10004f2e:	0a6d      	lsrs	r5, r5, #9
10004f30:	2280      	movs	r2, #128	; 0x80
10004f32:	0412      	lsls	r2, r2, #16
10004f34:	4690      	mov	r8, r2
10004f36:	4315      	orrs	r5, r2
10004f38:	0fcf      	lsrs	r7, r1, #31
10004f3a:	0dca      	lsrs	r2, r1, #23
10004f3c:	4014      	ands	r4, r2
10004f3e:	0249      	lsls	r1, r1, #9
10004f40:	0a49      	lsrs	r1, r1, #9
10004f42:	4642      	mov	r2, r8
10004f44:	430a      	orrs	r2, r1
10004f46:	4690      	mov	r8, r2
10004f48:	2e00      	cmp	r6, #0
10004f4a:	d001      	beq.n	10004f50 <__wrap_remquof+0x3a>
10004f4c:	2100      	movs	r1, #0
10004f4e:	6031      	str	r1, [r6, #0]
10004f50:	2bff      	cmp	r3, #255	; 0xff
10004f52:	d041      	beq.n	10004fd8 <__wrap_remquof+0xc2>
10004f54:	2c00      	cmp	r4, #0
10004f56:	d042      	beq.n	10004fde <__wrap_remquof+0xc8>
10004f58:	2b00      	cmp	r3, #0
10004f5a:	d047      	beq.n	10004fec <__wrap_remquof+0xd6>
10004f5c:	2cff      	cmp	r4, #255	; 0xff
10004f5e:	d040      	beq.n	10004fe2 <__wrap_remquof+0xcc>
10004f60:	1e61      	subs	r1, r4, #1
10004f62:	4299      	cmp	r1, r3
10004f64:	dc3d      	bgt.n	10004fe2 <__wrap_remquof+0xcc>
10004f66:	d023      	beq.n	10004fb0 <__wrap_remquof+0x9a>
10004f68:	464a      	mov	r2, r9
10004f6a:	2a00      	cmp	r2, #0
10004f6c:	d000      	beq.n	10004f70 <__wrap_remquof+0x5a>
10004f6e:	426d      	negs	r5, r5
10004f70:	1b1a      	subs	r2, r3, r4
10004f72:	ab01      	add	r3, sp, #4
10004f74:	4641      	mov	r1, r8
10004f76:	0028      	movs	r0, r5
10004f78:	f7ff ff5c 	bl	10004e34 <frem_0>
10004f7c:	0043      	lsls	r3, r0, #1
10004f7e:	4543      	cmp	r3, r8
10004f80:	dc03      	bgt.n	10004f8a <__wrap_remquof+0x74>
10004f82:	d107      	bne.n	10004f94 <__wrap_remquof+0x7e>
10004f84:	9b01      	ldr	r3, [sp, #4]
10004f86:	07db      	lsls	r3, r3, #31
10004f88:	d504      	bpl.n	10004f94 <__wrap_remquof+0x7e>
10004f8a:	4643      	mov	r3, r8
10004f8c:	1ac0      	subs	r0, r0, r3
10004f8e:	9b01      	ldr	r3, [sp, #4]
10004f90:	3301      	adds	r3, #1
10004f92:	9301      	str	r3, [sp, #4]
10004f94:	2f00      	cmp	r7, #0
10004f96:	d002      	beq.n	10004f9e <__wrap_remquof+0x88>
10004f98:	9b01      	ldr	r3, [sp, #4]
10004f9a:	425b      	negs	r3, r3
10004f9c:	9301      	str	r3, [sp, #4]
10004f9e:	2e00      	cmp	r6, #0
10004fa0:	d001      	beq.n	10004fa6 <__wrap_remquof+0x90>
10004fa2:	9b01      	ldr	r3, [sp, #4]
10004fa4:	6033      	str	r3, [r6, #0]
10004fa6:	2196      	movs	r1, #150	; 0x96
10004fa8:	1b09      	subs	r1, r1, r4
10004faa:	f7ff fe8f 	bl	10004ccc <fix2float>
10004fae:	e018      	b.n	10004fe2 <__wrap_remquof+0xcc>
10004fb0:	4545      	cmp	r5, r8
10004fb2:	dd16      	ble.n	10004fe2 <__wrap_remquof+0xcc>
10004fb4:	464b      	mov	r3, r9
10004fb6:	2b00      	cmp	r3, #0
10004fb8:	d106      	bne.n	10004fc8 <__wrap_remquof+0xb2>
10004fba:	4643      	mov	r3, r8
10004fbc:	0058      	lsls	r0, r3, #1
10004fbe:	1a28      	subs	r0, r5, r0
10004fc0:	2301      	movs	r3, #1
10004fc2:	9301      	str	r3, [sp, #4]
10004fc4:	000c      	movs	r4, r1
10004fc6:	e7e5      	b.n	10004f94 <__wrap_remquof+0x7e>
10004fc8:	4643      	mov	r3, r8
10004fca:	0058      	lsls	r0, r3, #1
10004fcc:	1b40      	subs	r0, r0, r5
10004fce:	2301      	movs	r3, #1
10004fd0:	425b      	negs	r3, r3
10004fd2:	9301      	str	r3, [sp, #4]
10004fd4:	000c      	movs	r4, r1
10004fd6:	e7dd      	b.n	10004f94 <__wrap_remquof+0x7e>
10004fd8:	20ff      	movs	r0, #255	; 0xff
10004fda:	05c0      	lsls	r0, r0, #23
10004fdc:	e001      	b.n	10004fe2 <__wrap_remquof+0xcc>
10004fde:	20ff      	movs	r0, #255	; 0xff
10004fe0:	05c0      	lsls	r0, r0, #23
10004fe2:	b003      	add	sp, #12
10004fe4:	bcc0      	pop	{r6, r7}
10004fe6:	46b9      	mov	r9, r7
10004fe8:	46b0      	mov	r8, r6
10004fea:	bdf0      	pop	{r4, r5, r6, r7, pc}
10004fec:	2000      	movs	r0, #0
10004fee:	e7f8      	b.n	10004fe2 <__wrap_remquof+0xcc>

10004ff0 <__wrap_remainderf>:
10004ff0:	b510      	push	{r4, lr}
10004ff2:	2200      	movs	r2, #0
10004ff4:	f7ff ff8f 	bl	10004f16 <__wrap_remquof>
10004ff8:	bd10      	pop	{r4, pc}
	...

10004ffc <float_table_shim_on_use_helper>:
10004ffc:	b507      	push	{r0, r1, r2, lr}
10004ffe:	4660      	mov	r0, ip
10005000:	2800      	cmp	r0, #0
10005002:	d100      	bne.n	10005006 <float_table_shim_on_use_helper+0xa>
10005004:	be00      	bkpt	0x0000
10005006:	8801      	ldrh	r1, [r0, #0]
10005008:	0a0a      	lsrs	r2, r1, #8
1000500a:	3002      	adds	r0, #2
1000500c:	2adf      	cmp	r2, #223	; 0xdf
1000500e:	d1fa      	bne.n	10005006 <float_table_shim_on_use_helper+0xa>
10005010:	b2c9      	uxtb	r1, r1
10005012:	0882      	lsrs	r2, r0, #2
10005014:	d304      	bcc.n	10005020 <float_table_shim_on_use_helper+0x24>
10005016:	8802      	ldrh	r2, [r0, #0]
10005018:	8840      	ldrh	r0, [r0, #2]
1000501a:	0400      	lsls	r0, r0, #16
1000501c:	4310      	orrs	r0, r2
1000501e:	e000      	b.n	10005022 <float_table_shim_on_use_helper+0x26>
10005020:	6800      	ldr	r0, [r0, #0]
10005022:	4a02      	ldr	r2, [pc, #8]	; (1000502c <float_table_shim_on_use_helper+0x30>)
10005024:	5050      	str	r0, [r2, r1]
10005026:	9003      	str	r0, [sp, #12]
10005028:	bd07      	pop	{r0, r1, r2, pc}
1000502a:	0000      	.short	0x0000
1000502c:	200023fc 	.word	0x200023fc

10005030 <uint642float_shim>:
10005030:	2200      	movs	r2, #0

10005032 <ufix642float_shim>:
10005032:	b530      	push	{r4, r5, lr}
10005034:	2900      	cmp	r1, #0
10005036:	d506      	bpl.n	10005046 <fix642float_shim+0x2>
10005038:	07cd      	lsls	r5, r1, #31
1000503a:	4305      	orrs	r5, r0
1000503c:	0848      	lsrs	r0, r1, #1
1000503e:	3a01      	subs	r2, #1
10005040:	e010      	b.n	10005064 <fix642float_shim+0x20>

10005042 <int642float_shim>:
10005042:	2200      	movs	r2, #0

10005044 <fix642float_shim>:
10005044:	b530      	push	{r4, r5, lr}
10005046:	0005      	movs	r5, r0
10005048:	430d      	orrs	r5, r1
1000504a:	d00f      	beq.n	1000506c <ret_pop45>
1000504c:	17cd      	asrs	r5, r1, #31
1000504e:	160c      	asrs	r4, r1, #24
10005050:	42ac      	cmp	r4, r5
10005052:	d105      	bne.n	10005060 <fix642float_shim+0x1c>
10005054:	01c9      	lsls	r1, r1, #7
10005056:	0e44      	lsrs	r4, r0, #25
10005058:	4321      	orrs	r1, r4
1000505a:	01c0      	lsls	r0, r0, #7
1000505c:	3207      	adds	r2, #7
1000505e:	e7f6      	b.n	1000504e <fix642float_shim+0xa>
10005060:	0005      	movs	r5, r0
10005062:	0008      	movs	r0, r1
10005064:	4252      	negs	r2, r2
10005066:	323d      	adds	r2, #61	; 0x3d
10005068:	4901      	ldr	r1, [pc, #4]	; (10005070 <ret_pop45+0x4>)
1000506a:	4788      	blx	r1

1000506c <ret_pop45>:
1000506c:	bd30      	pop	{r4, r5, pc}
1000506e:	0000      	.short	0x0000
10005070:	000029ef 	.word	0x000029ef

10005074 <float2double_shim>:
10005074:	0fc3      	lsrs	r3, r0, #31
10005076:	07db      	lsls	r3, r3, #31
10005078:	0041      	lsls	r1, r0, #1
1000507a:	0e0a      	lsrs	r2, r1, #24
1000507c:	d007      	beq.n	1000508e <float2double_shim+0x1a>
1000507e:	2aff      	cmp	r2, #255	; 0xff
10005080:	d008      	beq.n	10005094 <float2double_shim+0x20>
10005082:	0909      	lsrs	r1, r1, #4
10005084:	4a05      	ldr	r2, [pc, #20]	; (1000509c <float2double_shim+0x28>)
10005086:	1889      	adds	r1, r1, r2
10005088:	4319      	orrs	r1, r3
1000508a:	0740      	lsls	r0, r0, #29
1000508c:	4770      	bx	lr
1000508e:	0019      	movs	r1, r3
10005090:	2000      	movs	r0, #0
10005092:	4770      	bx	lr
10005094:	4902      	ldr	r1, [pc, #8]	; (100050a0 <float2double_shim+0x2c>)
10005096:	18c9      	adds	r1, r1, r3
10005098:	e7fa      	b.n	10005090 <float2double_shim+0x1c>
1000509a:	0000      	.short	0x0000
1000509c:	38000000 	.word	0x38000000
100050a0:	7ff00000 	.word	0x7ff00000

100050a4 <__aeabi_mem_init>:
100050a4:	4801      	ldr	r0, [pc, #4]	; (100050ac <__aeabi_mem_init+0x8>)
100050a6:	2104      	movs	r1, #4
100050a8:	4b01      	ldr	r3, [pc, #4]	; (100050b0 <__aeabi_mem_init+0xc>)
100050aa:	4718      	bx	r3
100050ac:	20000d50 	.word	0x20000d50
100050b0:	10003bf5 	.word	0x10003bf5

100050b4 <__wrap_memset>:
100050b4:	4b01      	ldr	r3, [pc, #4]	; (100050bc <__wrap_memset+0x8>)
100050b6:	681b      	ldr	r3, [r3, #0]
100050b8:	4718      	bx	r3
100050ba:	0000      	.short	0x0000
100050bc:	20000d50 	.word	0x20000d50

100050c0 <__wrap___aeabi_memcpy>:
100050c0:	4b01      	ldr	r3, [pc, #4]	; (100050c8 <__wrap___aeabi_memcpy+0x8>)
100050c2:	685b      	ldr	r3, [r3, #4]
100050c4:	4718      	bx	r3
100050c6:	0000      	.short	0x0000
100050c8:	20000d50 	.word	0x20000d50

100050cc <stdio_out_chars_no_crlf>:
100050cc:	b510      	push	{r4, lr}
100050ce:	0003      	movs	r3, r0
100050d0:	0008      	movs	r0, r1
100050d2:	0011      	movs	r1, r2
100050d4:	681b      	ldr	r3, [r3, #0]
100050d6:	4798      	blx	r3
100050d8:	bd10      	pop	{r4, pc}
	...

100050dc <stdio_out_chars_crlf>:
100050dc:	b5f8      	push	{r3, r4, r5, r6, r7, lr}
100050de:	0007      	movs	r7, r0
100050e0:	000d      	movs	r5, r1
100050e2:	0016      	movs	r6, r2
100050e4:	7d43      	ldrb	r3, [r0, #21]
100050e6:	2b00      	cmp	r3, #0
100050e8:	d002      	beq.n	100050f0 <stdio_out_chars_crlf+0x14>
100050ea:	2400      	movs	r4, #0
100050ec:	2000      	movs	r0, #0
100050ee:	e00c      	b.n	1000510a <stdio_out_chars_crlf+0x2e>
100050f0:	6803      	ldr	r3, [r0, #0]
100050f2:	0011      	movs	r1, r2
100050f4:	0028      	movs	r0, r5
100050f6:	4798      	blx	r3
100050f8:	e02d      	b.n	10005156 <stdio_out_chars_crlf+0x7a>
100050fa:	7d3b      	ldrb	r3, [r7, #20]
100050fc:	e010      	b.n	10005120 <stdio_out_chars_crlf+0x44>
100050fe:	2102      	movs	r1, #2
10005100:	4815      	ldr	r0, [pc, #84]	; (10005158 <stdio_out_chars_crlf+0x7c>)
10005102:	683b      	ldr	r3, [r7, #0]
10005104:	4798      	blx	r3
10005106:	1c60      	adds	r0, r4, #1
10005108:	3401      	adds	r4, #1
1000510a:	42b4      	cmp	r4, r6
1000510c:	da14      	bge.n	10005138 <stdio_out_chars_crlf+0x5c>
1000510e:	2c00      	cmp	r4, #0
10005110:	ddf3      	ble.n	100050fa <stdio_out_chars_crlf+0x1e>
10005112:	192b      	adds	r3, r5, r4
10005114:	3b01      	subs	r3, #1
10005116:	781b      	ldrb	r3, [r3, #0]
10005118:	3b0d      	subs	r3, #13
1000511a:	425a      	negs	r2, r3
1000511c:	4153      	adcs	r3, r2
1000511e:	b2db      	uxtb	r3, r3
10005120:	5d2a      	ldrb	r2, [r5, r4]
10005122:	2a0a      	cmp	r2, #10
10005124:	d1f0      	bne.n	10005108 <stdio_out_chars_crlf+0x2c>
10005126:	2b00      	cmp	r3, #0
10005128:	d1ee      	bne.n	10005108 <stdio_out_chars_crlf+0x2c>
1000512a:	42a0      	cmp	r0, r4
1000512c:	dae7      	bge.n	100050fe <stdio_out_chars_crlf+0x22>
1000512e:	1a21      	subs	r1, r4, r0
10005130:	1828      	adds	r0, r5, r0
10005132:	683b      	ldr	r3, [r7, #0]
10005134:	4798      	blx	r3
10005136:	e7e2      	b.n	100050fe <stdio_out_chars_crlf+0x22>
10005138:	42b0      	cmp	r0, r6
1000513a:	da03      	bge.n	10005144 <stdio_out_chars_crlf+0x68>
1000513c:	1a31      	subs	r1, r6, r0
1000513e:	1828      	adds	r0, r5, r0
10005140:	683b      	ldr	r3, [r7, #0]
10005142:	4798      	blx	r3
10005144:	2e00      	cmp	r6, #0
10005146:	dd06      	ble.n	10005156 <stdio_out_chars_crlf+0x7a>
10005148:	19ad      	adds	r5, r5, r6
1000514a:	3d01      	subs	r5, #1
1000514c:	782b      	ldrb	r3, [r5, #0]
1000514e:	3b0d      	subs	r3, #13
10005150:	425a      	negs	r2, r3
10005152:	4153      	adcs	r3, r2
10005154:	753b      	strb	r3, [r7, #20]
10005156:	bdf8      	pop	{r3, r4, r5, r6, r7, pc}
10005158:	1000ba38 	.word	0x1000ba38

1000515c <stdio_stack_buffer_flush>:
1000515c:	b570      	push	{r4, r5, r6, lr}
1000515e:	0005      	movs	r5, r0
10005160:	6803      	ldr	r3, [r0, #0]
10005162:	2b00      	cmp	r3, #0
10005164:	d016      	beq.n	10005194 <stdio_stack_buffer_flush+0x38>
10005166:	4b0c      	ldr	r3, [pc, #48]	; (10005198 <stdio_stack_buffer_flush+0x3c>)
10005168:	681c      	ldr	r4, [r3, #0]
1000516a:	e005      	b.n	10005178 <stdio_stack_buffer_flush+0x1c>
1000516c:	0029      	movs	r1, r5
1000516e:	c904      	ldmia	r1!, {r2}
10005170:	0020      	movs	r0, r4
10005172:	f7ff ffb3 	bl	100050dc <stdio_out_chars_crlf>
10005176:	6924      	ldr	r4, [r4, #16]
10005178:	2c00      	cmp	r4, #0
1000517a:	d009      	beq.n	10005190 <stdio_stack_buffer_flush+0x34>
1000517c:	6823      	ldr	r3, [r4, #0]
1000517e:	2b00      	cmp	r3, #0
10005180:	d0f9      	beq.n	10005176 <stdio_stack_buffer_flush+0x1a>
10005182:	4b06      	ldr	r3, [pc, #24]	; (1000519c <stdio_stack_buffer_flush+0x40>)
10005184:	681b      	ldr	r3, [r3, #0]
10005186:	2b00      	cmp	r3, #0
10005188:	d0f0      	beq.n	1000516c <stdio_stack_buffer_flush+0x10>
1000518a:	42a3      	cmp	r3, r4
1000518c:	d1f3      	bne.n	10005176 <stdio_stack_buffer_flush+0x1a>
1000518e:	e7ed      	b.n	1000516c <stdio_stack_buffer_flush+0x10>
10005190:	2300      	movs	r3, #0
10005192:	602b      	str	r3, [r5, #0]
10005194:	bd70      	pop	{r4, r5, r6, pc}
10005196:	46c0      	nop			; (mov r8, r8)
10005198:	20001ebc 	.word	0x20001ebc
1000519c:	20001ec8 	.word	0x20001ec8

100051a0 <stdio_buffered_printer>:
100051a0:	b570      	push	{r4, r5, r6, lr}
100051a2:	0005      	movs	r5, r0
100051a4:	000c      	movs	r4, r1
100051a6:	680b      	ldr	r3, [r1, #0]
100051a8:	2b80      	cmp	r3, #128	; 0x80
100051aa:	d005      	beq.n	100051b8 <stdio_buffered_printer+0x18>
100051ac:	6821      	ldr	r1, [r4, #0]
100051ae:	1c4b      	adds	r3, r1, #1
100051b0:	6023      	str	r3, [r4, #0]
100051b2:	1864      	adds	r4, r4, r1
100051b4:	7125      	strb	r5, [r4, #4]
100051b6:	bd70      	pop	{r4, r5, r6, pc}
100051b8:	0008      	movs	r0, r1
100051ba:	f7ff ffcf 	bl	1000515c <stdio_stack_buffer_flush>
100051be:	e7f5      	b.n	100051ac <stdio_buffered_printer+0xc>

100051c0 <stdout_serialize_begin>:
100051c0:	b510      	push	{r4, lr}
100051c2:	f7fc fe55 	bl	10001e70 <time_us_64>
100051c6:	0002      	movs	r2, r0
100051c8:	1e0b      	subs	r3, r1, #0
100051ca:	db0b      	blt.n	100051e4 <stdout_serialize_begin+0x24>
100051cc:	480d      	ldr	r0, [pc, #52]	; (10005204 <stdout_serialize_begin+0x44>)
100051ce:	2100      	movs	r1, #0
100051d0:	1812      	adds	r2, r2, r0
100051d2:	414b      	adcs	r3, r1
100051d4:	2b00      	cmp	r3, #0
100051d6:	db0b      	blt.n	100051f0 <stdout_serialize_begin+0x30>
100051d8:	2b00      	cmp	r3, #0
100051da:	db0d      	blt.n	100051f8 <stdout_serialize_begin+0x38>
100051dc:	480a      	ldr	r0, [pc, #40]	; (10005208 <stdout_serialize_begin+0x48>)
100051de:	f005 fadf 	bl	1000a7a0 <__mutex_try_enter_block_until_veneer>
100051e2:	bd10      	pop	{r4, pc}
100051e4:	4b09      	ldr	r3, [pc, #36]	; (1000520c <stdout_serialize_begin+0x4c>)
100051e6:	4a0a      	ldr	r2, [pc, #40]	; (10005210 <stdout_serialize_begin+0x50>)
100051e8:	213f      	movs	r1, #63	; 0x3f
100051ea:	480a      	ldr	r0, [pc, #40]	; (10005214 <stdout_serialize_begin+0x54>)
100051ec:	f7fd fb98 	bl	10002920 <__assert_func>
100051f0:	2201      	movs	r2, #1
100051f2:	4252      	negs	r2, r2
100051f4:	4b08      	ldr	r3, [pc, #32]	; (10005218 <stdout_serialize_begin+0x58>)
100051f6:	e7ef      	b.n	100051d8 <stdout_serialize_begin+0x18>
100051f8:	4b04      	ldr	r3, [pc, #16]	; (1000520c <stdout_serialize_begin+0x4c>)
100051fa:	4a05      	ldr	r2, [pc, #20]	; (10005210 <stdout_serialize_begin+0x50>)
100051fc:	213f      	movs	r1, #63	; 0x3f
100051fe:	4805      	ldr	r0, [pc, #20]	; (10005214 <stdout_serialize_begin+0x54>)
10005200:	f7fd fb8e 	bl	10002920 <__assert_func>
10005204:	000f4240 	.word	0x000f4240
10005208:	20001750 	.word	0x20001750
1000520c:	1000ad0c 	.word	0x1000ad0c
10005210:	1000ba20 	.word	0x1000ba20
10005214:	1000ad28 	.word	0x1000ad28
10005218:	7fffffff 	.word	0x7fffffff

1000521c <stdout_serialize_end>:
1000521c:	b510      	push	{r4, lr}
1000521e:	4802      	ldr	r0, [pc, #8]	; (10005228 <stdout_serialize_end+0xc>)
10005220:	f005 fa86 	bl	1000a730 <__mutex_exit_veneer>
10005224:	bd10      	pop	{r4, pc}
10005226:	46c0      	nop			; (mov r8, r8)
10005228:	20001750 	.word	0x20001750

1000522c <stdio_put_string>:
1000522c:	b5f0      	push	{r4, r5, r6, r7, lr}
1000522e:	46ce      	mov	lr, r9
10005230:	4647      	mov	r7, r8
10005232:	b580      	push	{r7, lr}
10005234:	b083      	sub	sp, #12
10005236:	0006      	movs	r6, r0
10005238:	000d      	movs	r5, r1
1000523a:	4690      	mov	r8, r2
1000523c:	001c      	movs	r4, r3
1000523e:	f7ff ffbf 	bl	100051c0 <stdout_serialize_begin>
10005242:	4681      	mov	r9, r0
10005244:	1c6b      	adds	r3, r5, #1
10005246:	d005      	beq.n	10005254 <stdio_put_string+0x28>
10005248:	2c00      	cmp	r4, #0
1000524a:	d008      	beq.n	1000525e <stdio_put_string+0x32>
1000524c:	4f19      	ldr	r7, [pc, #100]	; (100052b4 <stdio_put_string+0x88>)
1000524e:	4b1a      	ldr	r3, [pc, #104]	; (100052b8 <stdio_put_string+0x8c>)
10005250:	681c      	ldr	r4, [r3, #0]
10005252:	e007      	b.n	10005264 <stdio_put_string+0x38>
10005254:	0030      	movs	r0, r6
10005256:	f002 fedf 	bl	10008018 <strlen>
1000525a:	0005      	movs	r5, r0
1000525c:	e7f4      	b.n	10005248 <stdio_put_string+0x1c>
1000525e:	4f17      	ldr	r7, [pc, #92]	; (100052bc <stdio_put_string+0x90>)
10005260:	e7f5      	b.n	1000524e <stdio_put_string+0x22>
10005262:	6924      	ldr	r4, [r4, #16]
10005264:	2c00      	cmp	r4, #0
10005266:	d017      	beq.n	10005298 <stdio_put_string+0x6c>
10005268:	6823      	ldr	r3, [r4, #0]
1000526a:	2b00      	cmp	r3, #0
1000526c:	d0f9      	beq.n	10005262 <stdio_put_string+0x36>
1000526e:	4b14      	ldr	r3, [pc, #80]	; (100052c0 <stdio_put_string+0x94>)
10005270:	681b      	ldr	r3, [r3, #0]
10005272:	2b00      	cmp	r3, #0
10005274:	d001      	beq.n	1000527a <stdio_put_string+0x4e>
10005276:	42a3      	cmp	r3, r4
10005278:	d1f3      	bne.n	10005262 <stdio_put_string+0x36>
1000527a:	002a      	movs	r2, r5
1000527c:	0031      	movs	r1, r6
1000527e:	0020      	movs	r0, r4
10005280:	47b8      	blx	r7
10005282:	4643      	mov	r3, r8
10005284:	2b00      	cmp	r3, #0
10005286:	d0ec      	beq.n	10005262 <stdio_put_string+0x36>
10005288:	466b      	mov	r3, sp
1000528a:	1dd9      	adds	r1, r3, #7
1000528c:	230a      	movs	r3, #10
1000528e:	700b      	strb	r3, [r1, #0]
10005290:	2201      	movs	r2, #1
10005292:	0020      	movs	r0, r4
10005294:	47b8      	blx	r7
10005296:	e7e4      	b.n	10005262 <stdio_put_string+0x36>
10005298:	464b      	mov	r3, r9
1000529a:	2b00      	cmp	r3, #0
1000529c:	d107      	bne.n	100052ae <stdio_put_string+0x82>
1000529e:	1e6b      	subs	r3, r5, #1
100052a0:	419d      	sbcs	r5, r3
100052a2:	b2e8      	uxtb	r0, r5
100052a4:	b003      	add	sp, #12
100052a6:	bcc0      	pop	{r6, r7}
100052a8:	46b9      	mov	r9, r7
100052aa:	46b0      	mov	r8, r6
100052ac:	bdf0      	pop	{r4, r5, r6, r7, pc}
100052ae:	f7ff ffb5 	bl	1000521c <stdout_serialize_end>
100052b2:	e7f4      	b.n	1000529e <stdio_put_string+0x72>
100052b4:	100050cd 	.word	0x100050cd
100052b8:	20001ebc 	.word	0x20001ebc
100052bc:	100050dd 	.word	0x100050dd
100052c0:	20001ec8 	.word	0x20001ec8

100052c4 <__wrap_putchar>:
100052c4:	b510      	push	{r4, lr}
100052c6:	b082      	sub	sp, #8
100052c8:	0004      	movs	r4, r0
100052ca:	466b      	mov	r3, sp
100052cc:	1dd8      	adds	r0, r3, #7
100052ce:	7004      	strb	r4, [r0, #0]
100052d0:	2300      	movs	r3, #0
100052d2:	2200      	movs	r2, #0
100052d4:	2101      	movs	r1, #1
100052d6:	f7ff ffa9 	bl	1000522c <stdio_put_string>
100052da:	0020      	movs	r0, r4
100052dc:	b002      	add	sp, #8
100052de:	bd10      	pop	{r4, pc}

100052e0 <stdio_set_driver_enabled>:
100052e0:	4a09      	ldr	r2, [pc, #36]	; (10005308 <stdio_set_driver_enabled+0x28>)
100052e2:	e001      	b.n	100052e8 <stdio_set_driver_enabled+0x8>
100052e4:	3310      	adds	r3, #16
100052e6:	001a      	movs	r2, r3
100052e8:	6813      	ldr	r3, [r2, #0]
100052ea:	2b00      	cmp	r3, #0
100052ec:	d008      	beq.n	10005300 <stdio_set_driver_enabled+0x20>
100052ee:	4283      	cmp	r3, r0
100052f0:	d1f8      	bne.n	100052e4 <stdio_set_driver_enabled+0x4>
100052f2:	2900      	cmp	r1, #0
100052f4:	d107      	bne.n	10005306 <stdio_set_driver_enabled+0x26>
100052f6:	6903      	ldr	r3, [r0, #16]
100052f8:	6013      	str	r3, [r2, #0]
100052fa:	2300      	movs	r3, #0
100052fc:	6103      	str	r3, [r0, #16]
100052fe:	e002      	b.n	10005306 <stdio_set_driver_enabled+0x26>
10005300:	2900      	cmp	r1, #0
10005302:	d000      	beq.n	10005306 <stdio_set_driver_enabled+0x26>
10005304:	6010      	str	r0, [r2, #0]
10005306:	4770      	bx	lr
10005308:	20001ebc 	.word	0x20001ebc

1000530c <stdio_flush>:
1000530c:	b510      	push	{r4, lr}
1000530e:	4b06      	ldr	r3, [pc, #24]	; (10005328 <stdio_flush+0x1c>)
10005310:	681c      	ldr	r4, [r3, #0]
10005312:	e001      	b.n	10005318 <stdio_flush+0xc>
10005314:	4798      	blx	r3
10005316:	6924      	ldr	r4, [r4, #16]
10005318:	2c00      	cmp	r4, #0
1000531a:	d003      	beq.n	10005324 <stdio_flush+0x18>
1000531c:	6863      	ldr	r3, [r4, #4]
1000531e:	2b00      	cmp	r3, #0
10005320:	d1f8      	bne.n	10005314 <stdio_flush+0x8>
10005322:	e7f8      	b.n	10005316 <stdio_flush+0xa>
10005324:	bd10      	pop	{r4, pc}
10005326:	46c0      	nop			; (mov r8, r8)
10005328:	20001ebc 	.word	0x20001ebc

1000532c <__wrap_puts>:
1000532c:	b570      	push	{r4, r5, r6, lr}
1000532e:	0005      	movs	r5, r0
10005330:	f002 fe72 	bl	10008018 <strlen>
10005334:	0004      	movs	r4, r0
10005336:	2300      	movs	r3, #0
10005338:	2201      	movs	r2, #1
1000533a:	0001      	movs	r1, r0
1000533c:	0028      	movs	r0, r5
1000533e:	f7ff ff75 	bl	1000522c <stdio_put_string>
10005342:	f7ff ffe3 	bl	1000530c <stdio_flush>
10005346:	0020      	movs	r0, r4
10005348:	bd70      	pop	{r4, r5, r6, pc}
	...

1000534c <__wrap_vprintf>:
1000534c:	b570      	push	{r4, r5, r6, lr}
1000534e:	b0a2      	sub	sp, #136	; 0x88
10005350:	0004      	movs	r4, r0
10005352:	000e      	movs	r6, r1
10005354:	f7ff ff34 	bl	100051c0 <stdout_serialize_begin>
10005358:	0005      	movs	r5, r0
1000535a:	2300      	movs	r3, #0
1000535c:	9301      	str	r3, [sp, #4]
1000535e:	0033      	movs	r3, r6
10005360:	0022      	movs	r2, r4
10005362:	a901      	add	r1, sp, #4
10005364:	4808      	ldr	r0, [pc, #32]	; (10005388 <__wrap_vprintf+0x3c>)
10005366:	f7fe fc1d 	bl	10003ba4 <vfctprintf>
1000536a:	0004      	movs	r4, r0
1000536c:	a801      	add	r0, sp, #4
1000536e:	f7ff fef5 	bl	1000515c <stdio_stack_buffer_flush>
10005372:	f7ff ffcb 	bl	1000530c <stdio_flush>
10005376:	2d00      	cmp	r5, #0
10005378:	d102      	bne.n	10005380 <__wrap_vprintf+0x34>
1000537a:	0020      	movs	r0, r4
1000537c:	b022      	add	sp, #136	; 0x88
1000537e:	bd70      	pop	{r4, r5, r6, pc}
10005380:	f7ff ff4c 	bl	1000521c <stdout_serialize_end>
10005384:	e7f9      	b.n	1000537a <__wrap_vprintf+0x2e>
10005386:	46c0      	nop			; (mov r8, r8)
10005388:	100051a1 	.word	0x100051a1

1000538c <__wrap_printf>:
1000538c:	b40f      	push	{r0, r1, r2, r3}
1000538e:	b500      	push	{lr}
10005390:	b083      	sub	sp, #12
10005392:	a904      	add	r1, sp, #16
10005394:	c901      	ldmia	r1!, {r0}
10005396:	9101      	str	r1, [sp, #4]
10005398:	f7ff ffd8 	bl	1000534c <__wrap_vprintf>
1000539c:	b003      	add	sp, #12
1000539e:	bc08      	pop	{r3}
100053a0:	b004      	add	sp, #16
100053a2:	4718      	bx	r3

100053a4 <stdio_init_all>:
100053a4:	b510      	push	{r4, lr}
100053a6:	f000 f937 	bl	10005618 <stdio_usb_init>
100053aa:	bd10      	pop	{r4, pc}

100053ac <resetd_init>:
100053ac:	4770      	bx	lr
	...

100053b0 <resetd_reset>:
100053b0:	4b01      	ldr	r3, [pc, #4]	; (100053b8 <resetd_reset+0x8>)
100053b2:	2200      	movs	r2, #0
100053b4:	701a      	strb	r2, [r3, #0]
100053b6:	4770      	bx	lr
100053b8:	2000252f 	.word	0x2000252f

100053bc <resetd_open>:
100053bc:	794b      	ldrb	r3, [r1, #5]
100053be:	2bff      	cmp	r3, #255	; 0xff
100053c0:	d10c      	bne.n	100053dc <resetd_open+0x20>
100053c2:	798b      	ldrb	r3, [r1, #6]
100053c4:	2b00      	cmp	r3, #0
100053c6:	d10b      	bne.n	100053e0 <resetd_open+0x24>
100053c8:	79cb      	ldrb	r3, [r1, #7]
100053ca:	2b01      	cmp	r3, #1
100053cc:	d10a      	bne.n	100053e4 <resetd_open+0x28>
100053ce:	2a08      	cmp	r2, #8
100053d0:	d90a      	bls.n	100053e8 <resetd_open+0x2c>
100053d2:	788a      	ldrb	r2, [r1, #2]
100053d4:	4b05      	ldr	r3, [pc, #20]	; (100053ec <resetd_open+0x30>)
100053d6:	701a      	strb	r2, [r3, #0]
100053d8:	2009      	movs	r0, #9
100053da:	e000      	b.n	100053de <resetd_open+0x22>
100053dc:	2000      	movs	r0, #0
100053de:	4770      	bx	lr
100053e0:	2000      	movs	r0, #0
100053e2:	e7fc      	b.n	100053de <resetd_open+0x22>
100053e4:	2000      	movs	r0, #0
100053e6:	e7fa      	b.n	100053de <resetd_open+0x22>
100053e8:	2000      	movs	r0, #0
100053ea:	e7f8      	b.n	100053de <resetd_open+0x22>
100053ec:	2000252f 	.word	0x2000252f

100053f0 <resetd_xfer_cb>:
100053f0:	2001      	movs	r0, #1
100053f2:	4770      	bx	lr

100053f4 <reset_usb_boot>:
100053f4:	b570      	push	{r4, r5, r6, lr}
100053f6:	0004      	movs	r4, r0
100053f8:	000d      	movs	r5, r1
100053fa:	4803      	ldr	r0, [pc, #12]	; (10005408 <reset_usb_boot+0x14>)
100053fc:	f7fe fbea 	bl	10003bd4 <rom_func_lookup>
10005400:	0003      	movs	r3, r0
10005402:	0029      	movs	r1, r5
10005404:	0020      	movs	r0, r4
10005406:	4798      	blx	r3
10005408:	00004255 	.word	0x00004255

1000540c <resetd_control_xfer_cb>:
1000540c:	b510      	push	{r4, lr}
1000540e:	2901      	cmp	r1, #1
10005410:	d126      	bne.n	10005460 <resetd_control_xfer_cb+0x54>
10005412:	7911      	ldrb	r1, [r2, #4]
10005414:	7953      	ldrb	r3, [r2, #5]
10005416:	021b      	lsls	r3, r3, #8
10005418:	430b      	orrs	r3, r1
1000541a:	4912      	ldr	r1, [pc, #72]	; (10005464 <resetd_control_xfer_cb+0x58>)
1000541c:	7809      	ldrb	r1, [r1, #0]
1000541e:	428b      	cmp	r3, r1
10005420:	d001      	beq.n	10005426 <resetd_control_xfer_cb+0x1a>
10005422:	2000      	movs	r0, #0
10005424:	e01d      	b.n	10005462 <resetd_control_xfer_cb+0x56>
10005426:	7853      	ldrb	r3, [r2, #1]
10005428:	2b01      	cmp	r3, #1
1000542a:	d003      	beq.n	10005434 <resetd_control_xfer_cb+0x28>
1000542c:	2b02      	cmp	r3, #2
1000542e:	d010      	beq.n	10005452 <resetd_control_xfer_cb+0x46>
10005430:	2000      	movs	r0, #0
10005432:	e016      	b.n	10005462 <resetd_control_xfer_cb+0x56>
10005434:	7891      	ldrb	r1, [r2, #2]
10005436:	78d3      	ldrb	r3, [r2, #3]
10005438:	021b      	lsls	r3, r3, #8
1000543a:	4319      	orrs	r1, r3
1000543c:	05db      	lsls	r3, r3, #23
1000543e:	d506      	bpl.n	1000544e <resetd_control_xfer_cb+0x42>
10005440:	0a4b      	lsrs	r3, r1, #9
10005442:	2001      	movs	r0, #1
10005444:	4098      	lsls	r0, r3
10005446:	237f      	movs	r3, #127	; 0x7f
10005448:	4019      	ands	r1, r3
1000544a:	f7ff ffd3 	bl	100053f4 <reset_usb_boot>
1000544e:	2000      	movs	r0, #0
10005450:	e7f9      	b.n	10005446 <resetd_control_xfer_cb+0x3a>
10005452:	2264      	movs	r2, #100	; 0x64
10005454:	2100      	movs	r1, #0
10005456:	2000      	movs	r0, #0
10005458:	f7fd fa08 	bl	1000286c <watchdog_reboot>
1000545c:	2001      	movs	r0, #1
1000545e:	e000      	b.n	10005462 <resetd_control_xfer_cb+0x56>
10005460:	2001      	movs	r0, #1
10005462:	bd10      	pop	{r4, pc}
10005464:	2000252f 	.word	0x2000252f

10005468 <usbd_app_driver_get_cb>:
10005468:	2301      	movs	r3, #1
1000546a:	7003      	strb	r3, [r0, #0]
1000546c:	4800      	ldr	r0, [pc, #0]	; (10005470 <usbd_app_driver_get_cb+0x8>)
1000546e:	4770      	bx	lr
10005470:	1000ba3c 	.word	0x1000ba3c

10005474 <tud_cdc_line_coding_cb>:
10005474:	b510      	push	{r4, lr}
10005476:	780b      	ldrb	r3, [r1, #0]
10005478:	7848      	ldrb	r0, [r1, #1]
1000547a:	0200      	lsls	r0, r0, #8
1000547c:	4318      	orrs	r0, r3
1000547e:	788a      	ldrb	r2, [r1, #2]
10005480:	0412      	lsls	r2, r2, #16
10005482:	4310      	orrs	r0, r2
10005484:	78cb      	ldrb	r3, [r1, #3]
10005486:	061b      	lsls	r3, r3, #24
10005488:	4303      	orrs	r3, r0
1000548a:	2296      	movs	r2, #150	; 0x96
1000548c:	00d2      	lsls	r2, r2, #3
1000548e:	4293      	cmp	r3, r2
10005490:	d000      	beq.n	10005494 <tud_cdc_line_coding_cb+0x20>
10005492:	bd10      	pop	{r4, pc}
10005494:	2100      	movs	r1, #0
10005496:	0008      	movs	r0, r1
10005498:	f7ff ffac 	bl	100053f4 <reset_usb_boot>

1000549c <stdio_usb_set_chars_available_callback>:
1000549c:	4b02      	ldr	r3, [pc, #8]	; (100054a8 <stdio_usb_set_chars_available_callback+0xc>)
1000549e:	6018      	str	r0, [r3, #0]
100054a0:	4b02      	ldr	r3, [pc, #8]	; (100054ac <stdio_usb_set_chars_available_callback+0x10>)
100054a2:	6019      	str	r1, [r3, #0]
100054a4:	4770      	bx	lr
100054a6:	46c0      	nop			; (mov r8, r8)
100054a8:	20001e20 	.word	0x20001e20
100054ac:	20001e24 	.word	0x20001e24

100054b0 <usb_irq>:
100054b0:	b510      	push	{r4, lr}
100054b2:	4b02      	ldr	r3, [pc, #8]	; (100054bc <usb_irq+0xc>)
100054b4:	7818      	ldrb	r0, [r3, #0]
100054b6:	f7fb fbc7 	bl	10000c48 <irq_set_pending>
100054ba:	bd10      	pop	{r4, pc}
100054bc:	20002530 	.word	0x20002530

100054c0 <timer_task>:
100054c0:	b570      	push	{r4, r5, r6, lr}
100054c2:	4b13      	ldr	r3, [pc, #76]	; (10005510 <timer_task+0x50>)
100054c4:	681b      	ldr	r3, [r3, #0]
100054c6:	2b00      	cmp	r3, #0
100054c8:	d01d      	beq.n	10005506 <timer_task+0x46>
100054ca:	4b11      	ldr	r3, [pc, #68]	; (10005510 <timer_task+0x50>)
100054cc:	6819      	ldr	r1, [r3, #0]
100054ce:	f3ef 8310 	mrs	r3, PRIMASK
100054d2:	b672      	cpsid	i
100054d4:	680a      	ldr	r2, [r1, #0]
100054d6:	2a00      	cmp	r2, #0
100054d8:	d0fc      	beq.n	100054d4 <timer_task+0x14>
100054da:	f3bf 8f5f 	dmb	sy
100054de:	490c      	ldr	r1, [pc, #48]	; (10005510 <timer_task+0x50>)
100054e0:	604b      	str	r3, [r1, #4]
100054e2:	2200      	movs	r2, #0
100054e4:	480b      	ldr	r0, [pc, #44]	; (10005514 <timer_task+0x54>)
100054e6:	7002      	strb	r2, [r0, #0]
100054e8:	6809      	ldr	r1, [r1, #0]
100054ea:	f3bf 8f5f 	dmb	sy
100054ee:	600a      	str	r2, [r1, #0]
100054f0:	f383 8810 	msr	PRIMASK, r3
100054f4:	2400      	movs	r4, #0
100054f6:	2500      	movs	r5, #0
100054f8:	4b07      	ldr	r3, [pc, #28]	; (10005518 <timer_task+0x58>)
100054fa:	7818      	ldrb	r0, [r3, #0]
100054fc:	f7fb fba4 	bl	10000c48 <irq_set_pending>
10005500:	0020      	movs	r0, r4
10005502:	0029      	movs	r1, r5
10005504:	bd70      	pop	{r4, r5, r6, pc}
10005506:	24fa      	movs	r4, #250	; 0xfa
10005508:	00a4      	lsls	r4, r4, #2
1000550a:	2500      	movs	r5, #0
1000550c:	e7f4      	b.n	100054f8 <timer_task+0x38>
1000550e:	46c0      	nop			; (mov r8, r8)
10005510:	200022d8 	.word	0x200022d8
10005514:	20002531 	.word	0x20002531
10005518:	20002530 	.word	0x20002530

1000551c <low_priority_worker_irq>:
1000551c:	b510      	push	{r4, lr}
1000551e:	b084      	sub	sp, #16
10005520:	2100      	movs	r1, #0
10005522:	482d      	ldr	r0, [pc, #180]	; (100055d8 <low_priority_worker_irq+0xbc>)
10005524:	f005 f91c 	bl	1000a760 <__mutex_try_enter_veneer>
10005528:	2800      	cmp	r0, #0
1000552a:	d13a      	bne.n	100055a2 <low_priority_worker_irq+0x86>
1000552c:	4b2b      	ldr	r3, [pc, #172]	; (100055dc <low_priority_worker_irq+0xc0>)
1000552e:	681b      	ldr	r3, [r3, #0]
10005530:	2b00      	cmp	r3, #0
10005532:	d03e      	beq.n	100055b2 <low_priority_worker_irq+0x96>
10005534:	4b29      	ldr	r3, [pc, #164]	; (100055dc <low_priority_worker_irq+0xc0>)
10005536:	6819      	ldr	r1, [r3, #0]
10005538:	f3ef 8210 	mrs	r2, PRIMASK
1000553c:	b672      	cpsid	i
1000553e:	680b      	ldr	r3, [r1, #0]
10005540:	2b00      	cmp	r3, #0
10005542:	d0fc      	beq.n	1000553e <low_priority_worker_irq+0x22>
10005544:	f3bf 8f5f 	dmb	sy
10005548:	4924      	ldr	r1, [pc, #144]	; (100055dc <low_priority_worker_irq+0xc0>)
1000554a:	604a      	str	r2, [r1, #4]
1000554c:	4824      	ldr	r0, [pc, #144]	; (100055e0 <low_priority_worker_irq+0xc4>)
1000554e:	7803      	ldrb	r3, [r0, #0]
10005550:	2401      	movs	r4, #1
10005552:	4063      	eors	r3, r4
10005554:	b2db      	uxtb	r3, r3
10005556:	2401      	movs	r4, #1
10005558:	7004      	strb	r4, [r0, #0]
1000555a:	6809      	ldr	r1, [r1, #0]
1000555c:	f3bf 8f5f 	dmb	sy
10005560:	2000      	movs	r0, #0
10005562:	6008      	str	r0, [r1, #0]
10005564:	f382 8810 	msr	PRIMASK, r2
10005568:	2b00      	cmp	r3, #0
1000556a:	d022      	beq.n	100055b2 <low_priority_worker_irq+0x96>
1000556c:	f7fc f9da 	bl	10001924 <alarm_pool_get_default>
10005570:	0004      	movs	r4, r0
10005572:	f7fc fc7d 	bl	10001e70 <time_us_64>
10005576:	0002      	movs	r2, r0
10005578:	1e0b      	subs	r3, r1, #0
1000557a:	db1c      	blt.n	100055b6 <low_priority_worker_irq+0x9a>
1000557c:	20fa      	movs	r0, #250	; 0xfa
1000557e:	0080      	lsls	r0, r0, #2
10005580:	2100      	movs	r1, #0
10005582:	1812      	adds	r2, r2, r0
10005584:	414b      	adcs	r3, r1
10005586:	2b00      	cmp	r3, #0
10005588:	db1b      	blt.n	100055c2 <low_priority_worker_irq+0xa6>
1000558a:	2b00      	cmp	r3, #0
1000558c:	db1d      	blt.n	100055ca <low_priority_worker_irq+0xae>
1000558e:	2101      	movs	r1, #1
10005590:	9102      	str	r1, [sp, #8]
10005592:	2100      	movs	r1, #0
10005594:	9101      	str	r1, [sp, #4]
10005596:	4913      	ldr	r1, [pc, #76]	; (100055e4 <low_priority_worker_irq+0xc8>)
10005598:	9100      	str	r1, [sp, #0]
1000559a:	0020      	movs	r0, r4
1000559c:	f7fc f9d8 	bl	10001950 <alarm_pool_add_alarm_at>
100055a0:	e007      	b.n	100055b2 <low_priority_worker_irq+0x96>
100055a2:	2001      	movs	r0, #1
100055a4:	2100      	movs	r1, #0
100055a6:	4240      	negs	r0, r0
100055a8:	f001 f8f0 	bl	1000678c <tud_task_ext>
100055ac:	480a      	ldr	r0, [pc, #40]	; (100055d8 <low_priority_worker_irq+0xbc>)
100055ae:	f005 f8bf 	bl	1000a730 <__mutex_exit_veneer>
100055b2:	b004      	add	sp, #16
100055b4:	bd10      	pop	{r4, pc}
100055b6:	4b0c      	ldr	r3, [pc, #48]	; (100055e8 <low_priority_worker_irq+0xcc>)
100055b8:	4a0c      	ldr	r2, [pc, #48]	; (100055ec <low_priority_worker_irq+0xd0>)
100055ba:	213f      	movs	r1, #63	; 0x3f
100055bc:	480c      	ldr	r0, [pc, #48]	; (100055f0 <low_priority_worker_irq+0xd4>)
100055be:	f7fd f9af 	bl	10002920 <__assert_func>
100055c2:	2201      	movs	r2, #1
100055c4:	4252      	negs	r2, r2
100055c6:	4b0b      	ldr	r3, [pc, #44]	; (100055f4 <low_priority_worker_irq+0xd8>)
100055c8:	e7df      	b.n	1000558a <low_priority_worker_irq+0x6e>
100055ca:	4b07      	ldr	r3, [pc, #28]	; (100055e8 <low_priority_worker_irq+0xcc>)
100055cc:	4a07      	ldr	r2, [pc, #28]	; (100055ec <low_priority_worker_irq+0xd0>)
100055ce:	213f      	movs	r1, #63	; 0x3f
100055d0:	4807      	ldr	r0, [pc, #28]	; (100055f0 <low_priority_worker_irq+0xd4>)
100055d2:	f7fd f9a5 	bl	10002920 <__assert_func>
100055d6:	46c0      	nop			; (mov r8, r8)
100055d8:	20002500 	.word	0x20002500
100055dc:	200022d8 	.word	0x200022d8
100055e0:	20002531 	.word	0x20002531
100055e4:	100054c1 	.word	0x100054c1
100055e8:	1000ad0c 	.word	0x1000ad0c
100055ec:	1000bae8 	.word	0x1000bae8
100055f0:	1000ad28 	.word	0x1000ad28
100055f4:	7fffffff 	.word	0x7fffffff

100055f8 <tud_cdc_rx_cb>:
100055f8:	b510      	push	{r4, lr}
100055fa:	4b05      	ldr	r3, [pc, #20]	; (10005610 <tud_cdc_rx_cb+0x18>)
100055fc:	6818      	ldr	r0, [r3, #0]
100055fe:	2800      	cmp	r0, #0
10005600:	d004      	beq.n	1000560c <tud_cdc_rx_cb+0x14>
10005602:	4b04      	ldr	r3, [pc, #16]	; (10005614 <tud_cdc_rx_cb+0x1c>)
10005604:	6819      	ldr	r1, [r3, #0]
10005606:	2200      	movs	r2, #0
10005608:	f000 fde6 	bl	100061d8 <usbd_defer_func>
1000560c:	bd10      	pop	{r4, pc}
1000560e:	46c0      	nop			; (mov r8, r8)
10005610:	20001e20 	.word	0x20001e20
10005614:	20001e24 	.word	0x20001e24

10005618 <stdio_usb_init>:
10005618:	b510      	push	{r4, lr}
1000561a:	b084      	sub	sp, #16
1000561c:	23d0      	movs	r3, #208	; 0xd0
1000561e:	061b      	lsls	r3, r3, #24
10005620:	681c      	ldr	r4, [r3, #0]
10005622:	f7fc f97f 	bl	10001924 <alarm_pool_get_default>
10005626:	f7fc fac3 	bl	10001bb0 <alarm_pool_core_num>
1000562a:	42a0      	cmp	r0, r4
1000562c:	d12a      	bne.n	10005684 <stdio_usb_init+0x6c>
1000562e:	4b32      	ldr	r3, [pc, #200]	; (100056f8 <stdio_usb_init+0xe0>)
10005630:	781b      	ldrb	r3, [r3, #0]
10005632:	f001 fd93 	bl	1000715c <tusb_init>
10005636:	4831      	ldr	r0, [pc, #196]	; (100056fc <stdio_usb_init+0xe4>)
10005638:	f7fb fde4 	bl	10001204 <mutex_init>
1000563c:	2001      	movs	r0, #1
1000563e:	f7fb fdc5 	bl	100011cc <user_irq_claim_unused>
10005642:	b2c0      	uxtb	r0, r0
10005644:	4c2e      	ldr	r4, [pc, #184]	; (10005700 <stdio_usb_init+0xe8>)
10005646:	7020      	strb	r0, [r4, #0]
10005648:	492e      	ldr	r1, [pc, #184]	; (10005704 <stdio_usb_init+0xec>)
1000564a:	f7fb fb1f 	bl	10000c8c <irq_set_exclusive_handler>
1000564e:	7820      	ldrb	r0, [r4, #0]
10005650:	2101      	movs	r1, #1
10005652:	f7fb faf1 	bl	10000c38 <irq_set_enabled>
10005656:	2005      	movs	r0, #5
10005658:	f7fb fb06 	bl	10000c68 <irq_has_shared_handler>
1000565c:	1e04      	subs	r4, r0, #0
1000565e:	d017      	beq.n	10005690 <stdio_usb_init+0x78>
10005660:	2200      	movs	r2, #0
10005662:	4929      	ldr	r1, [pc, #164]	; (10005708 <stdio_usb_init+0xf0>)
10005664:	2005      	movs	r0, #5
10005666:	f7fb fb3b 	bl	10000ce0 <irq_add_shared_handler>
1000566a:	f7fb fa53 	bl	10000b14 <next_striped_spin_lock_num>
1000566e:	0001      	movs	r1, r0
10005670:	4826      	ldr	r0, [pc, #152]	; (1000570c <stdio_usb_init+0xf4>)
10005672:	f7fb fde3 	bl	1000123c <critical_section_init_with_lock_num>
10005676:	2101      	movs	r1, #1
10005678:	4825      	ldr	r0, [pc, #148]	; (10005710 <stdio_usb_init+0xf8>)
1000567a:	f7ff fe31 	bl	100052e0 <stdio_set_driver_enabled>
1000567e:	0020      	movs	r0, r4
10005680:	b004      	add	sp, #16
10005682:	bd10      	pop	{r4, pc}
10005684:	4b23      	ldr	r3, [pc, #140]	; (10005714 <stdio_usb_init+0xfc>)
10005686:	4a24      	ldr	r2, [pc, #144]	; (10005718 <stdio_usb_init+0x100>)
10005688:	21b2      	movs	r1, #178	; 0xb2
1000568a:	4824      	ldr	r0, [pc, #144]	; (1000571c <stdio_usb_init+0x104>)
1000568c:	f7fd f948 	bl	10002920 <__assert_func>
10005690:	f7fc f948 	bl	10001924 <alarm_pool_get_default>
10005694:	0004      	movs	r4, r0
10005696:	f7fc fbeb 	bl	10001e70 <time_us_64>
1000569a:	0002      	movs	r2, r0
1000569c:	1e0b      	subs	r3, r1, #0
1000569e:	db1b      	blt.n	100056d8 <stdio_usb_init+0xc0>
100056a0:	20fa      	movs	r0, #250	; 0xfa
100056a2:	0080      	lsls	r0, r0, #2
100056a4:	2100      	movs	r1, #0
100056a6:	1812      	adds	r2, r2, r0
100056a8:	414b      	adcs	r3, r1
100056aa:	2b00      	cmp	r3, #0
100056ac:	db1a      	blt.n	100056e4 <stdio_usb_init+0xcc>
100056ae:	2b00      	cmp	r3, #0
100056b0:	db1c      	blt.n	100056ec <stdio_usb_init+0xd4>
100056b2:	2101      	movs	r1, #1
100056b4:	9102      	str	r1, [sp, #8]
100056b6:	2100      	movs	r1, #0
100056b8:	9101      	str	r1, [sp, #4]
100056ba:	4919      	ldr	r1, [pc, #100]	; (10005720 <stdio_usb_init+0x108>)
100056bc:	9100      	str	r1, [sp, #0]
100056be:	0020      	movs	r0, r4
100056c0:	f7fc f946 	bl	10001950 <alarm_pool_add_alarm_at>
100056c4:	43c4      	mvns	r4, r0
100056c6:	0fe4      	lsrs	r4, r4, #31
100056c8:	2208      	movs	r2, #8
100056ca:	2100      	movs	r1, #0
100056cc:	480f      	ldr	r0, [pc, #60]	; (1000570c <stdio_usb_init+0xf4>)
100056ce:	f7ff fcf1 	bl	100050b4 <__wrap_memset>
100056d2:	2c00      	cmp	r4, #0
100056d4:	d0d3      	beq.n	1000567e <stdio_usb_init+0x66>
100056d6:	e7ce      	b.n	10005676 <stdio_usb_init+0x5e>
100056d8:	4b12      	ldr	r3, [pc, #72]	; (10005724 <stdio_usb_init+0x10c>)
100056da:	4a13      	ldr	r2, [pc, #76]	; (10005728 <stdio_usb_init+0x110>)
100056dc:	213f      	movs	r1, #63	; 0x3f
100056de:	4813      	ldr	r0, [pc, #76]	; (1000572c <stdio_usb_init+0x114>)
100056e0:	f7fd f91e 	bl	10002920 <__assert_func>
100056e4:	2201      	movs	r2, #1
100056e6:	4252      	negs	r2, r2
100056e8:	4b11      	ldr	r3, [pc, #68]	; (10005730 <stdio_usb_init+0x118>)
100056ea:	e7e0      	b.n	100056ae <stdio_usb_init+0x96>
100056ec:	4b0d      	ldr	r3, [pc, #52]	; (10005724 <stdio_usb_init+0x10c>)
100056ee:	4a0e      	ldr	r2, [pc, #56]	; (10005728 <stdio_usb_init+0x110>)
100056f0:	213f      	movs	r1, #63	; 0x3f
100056f2:	480e      	ldr	r0, [pc, #56]	; (1000572c <stdio_usb_init+0x114>)
100056f4:	f7fd f914 	bl	10002920 <__assert_func>
100056f8:	1000c654 	.word	0x1000c654
100056fc:	20002500 	.word	0x20002500
10005700:	20002530 	.word	0x20002530
10005704:	1000551d 	.word	0x1000551d
10005708:	100054b1 	.word	0x100054b1
1000570c:	200022d8 	.word	0x200022d8
10005710:	20000d60 	.word	0x20000d60
10005714:	1000aba4 	.word	0x1000aba4
10005718:	1000bad8 	.word	0x1000bad8
1000571c:	1000ba54 	.word	0x1000ba54
10005720:	100054c1 	.word	0x100054c1
10005724:	1000ad0c 	.word	0x1000ad0c
10005728:	1000bae8 	.word	0x1000bae8
1000572c:	1000ad28 	.word	0x1000ad28
10005730:	7fffffff 	.word	0x7fffffff

10005734 <stdio_usb_connected>:
10005734:	b510      	push	{r4, lr}
10005736:	2000      	movs	r0, #0
10005738:	f001 fa30 	bl	10006b9c <tud_cdc_n_connected>
1000573c:	bd10      	pop	{r4, pc}
	...

10005740 <stdio_usb_in_chars>:
10005740:	b570      	push	{r4, r5, r6, lr}
10005742:	0005      	movs	r5, r0
10005744:	000c      	movs	r4, r1
10005746:	f7ff fff5 	bl	10005734 <stdio_usb_connected>
1000574a:	2800      	cmp	r0, #0
1000574c:	d045      	beq.n	100057da <stdio_usb_in_chars+0x9a>
1000574e:	2000      	movs	r0, #0
10005750:	f001 fa46 	bl	10006be0 <tud_cdc_n_available>
10005754:	2800      	cmp	r0, #0
10005756:	d043      	beq.n	100057e0 <stdio_usb_in_chars+0xa0>
10005758:	f7fc fb8a 	bl	10001e70 <time_us_64>
1000575c:	0002      	movs	r2, r0
1000575e:	1e0b      	subs	r3, r1, #0
10005760:	db21      	blt.n	100057a6 <stdio_usb_in_chars+0x66>
10005762:	4822      	ldr	r0, [pc, #136]	; (100057ec <stdio_usb_in_chars+0xac>)
10005764:	2100      	movs	r1, #0
10005766:	1812      	adds	r2, r2, r0
10005768:	414b      	adcs	r3, r1
1000576a:	2b00      	cmp	r3, #0
1000576c:	db21      	blt.n	100057b2 <stdio_usb_in_chars+0x72>
1000576e:	2b00      	cmp	r3, #0
10005770:	db23      	blt.n	100057ba <stdio_usb_in_chars+0x7a>
10005772:	481f      	ldr	r0, [pc, #124]	; (100057f0 <stdio_usb_in_chars+0xb0>)
10005774:	f005 f814 	bl	1000a7a0 <__mutex_try_enter_block_until_veneer>
10005778:	2800      	cmp	r0, #0
1000577a:	d034      	beq.n	100057e6 <stdio_usb_in_chars+0xa6>
1000577c:	f7ff ffda 	bl	10005734 <stdio_usb_connected>
10005780:	2800      	cmp	r0, #0
10005782:	d004      	beq.n	1000578e <stdio_usb_in_chars+0x4e>
10005784:	2000      	movs	r0, #0
10005786:	f001 fa2b 	bl	10006be0 <tud_cdc_n_available>
1000578a:	2800      	cmp	r0, #0
1000578c:	d11b      	bne.n	100057c6 <stdio_usb_in_chars+0x86>
1000578e:	2001      	movs	r0, #1
10005790:	2100      	movs	r1, #0
10005792:	4240      	negs	r0, r0
10005794:	f000 fffa 	bl	1000678c <tud_task_ext>
10005798:	2403      	movs	r4, #3
1000579a:	4264      	negs	r4, r4
1000579c:	4814      	ldr	r0, [pc, #80]	; (100057f0 <stdio_usb_in_chars+0xb0>)
1000579e:	f004 ffc7 	bl	1000a730 <__mutex_exit_veneer>
100057a2:	0020      	movs	r0, r4
100057a4:	bd70      	pop	{r4, r5, r6, pc}
100057a6:	4b13      	ldr	r3, [pc, #76]	; (100057f4 <stdio_usb_in_chars+0xb4>)
100057a8:	4a13      	ldr	r2, [pc, #76]	; (100057f8 <stdio_usb_in_chars+0xb8>)
100057aa:	213f      	movs	r1, #63	; 0x3f
100057ac:	4813      	ldr	r0, [pc, #76]	; (100057fc <stdio_usb_in_chars+0xbc>)
100057ae:	f7fd f8b7 	bl	10002920 <__assert_func>
100057b2:	2201      	movs	r2, #1
100057b4:	4252      	negs	r2, r2
100057b6:	4b12      	ldr	r3, [pc, #72]	; (10005800 <stdio_usb_in_chars+0xc0>)
100057b8:	e7d9      	b.n	1000576e <stdio_usb_in_chars+0x2e>
100057ba:	4b0e      	ldr	r3, [pc, #56]	; (100057f4 <stdio_usb_in_chars+0xb4>)
100057bc:	4a0e      	ldr	r2, [pc, #56]	; (100057f8 <stdio_usb_in_chars+0xb8>)
100057be:	213f      	movs	r1, #63	; 0x3f
100057c0:	480e      	ldr	r0, [pc, #56]	; (100057fc <stdio_usb_in_chars+0xbc>)
100057c2:	f7fd f8ad 	bl	10002920 <__assert_func>
100057c6:	0022      	movs	r2, r4
100057c8:	0029      	movs	r1, r5
100057ca:	2000      	movs	r0, #0
100057cc:	f001 fa14 	bl	10006bf8 <tud_cdc_n_read>
100057d0:	1e04      	subs	r4, r0, #0
100057d2:	d1e3      	bne.n	1000579c <stdio_usb_in_chars+0x5c>
100057d4:	2403      	movs	r4, #3
100057d6:	4264      	negs	r4, r4
100057d8:	e7e0      	b.n	1000579c <stdio_usb_in_chars+0x5c>
100057da:	2403      	movs	r4, #3
100057dc:	4264      	negs	r4, r4
100057de:	e7e0      	b.n	100057a2 <stdio_usb_in_chars+0x62>
100057e0:	2403      	movs	r4, #3
100057e2:	4264      	negs	r4, r4
100057e4:	e7dd      	b.n	100057a2 <stdio_usb_in_chars+0x62>
100057e6:	2403      	movs	r4, #3
100057e8:	4264      	negs	r4, r4
100057ea:	e7da      	b.n	100057a2 <stdio_usb_in_chars+0x62>
100057ec:	000f4240 	.word	0x000f4240
100057f0:	20002500 	.word	0x20002500
100057f4:	1000ad0c 	.word	0x1000ad0c
100057f8:	1000bae8 	.word	0x1000bae8
100057fc:	1000ad28 	.word	0x1000ad28
10005800:	7fffffff 	.word	0x7fffffff

10005804 <stdio_usb_out_chars>:
10005804:	b5f0      	push	{r4, r5, r6, r7, lr}
10005806:	46c6      	mov	lr, r8
10005808:	b500      	push	{lr}
1000580a:	4680      	mov	r8, r0
1000580c:	000c      	movs	r4, r1
1000580e:	f7fc fb2f 	bl	10001e70 <time_us_64>
10005812:	0002      	movs	r2, r0
10005814:	1e0b      	subs	r3, r1, #0
10005816:	db0f      	blt.n	10005838 <stdio_usb_out_chars+0x34>
10005818:	4837      	ldr	r0, [pc, #220]	; (100058f8 <stdio_usb_out_chars+0xf4>)
1000581a:	2100      	movs	r1, #0
1000581c:	1812      	adds	r2, r2, r0
1000581e:	414b      	adcs	r3, r1
10005820:	2b00      	cmp	r3, #0
10005822:	db0f      	blt.n	10005844 <stdio_usb_out_chars+0x40>
10005824:	2b00      	cmp	r3, #0
10005826:	db11      	blt.n	1000584c <stdio_usb_out_chars+0x48>
10005828:	4834      	ldr	r0, [pc, #208]	; (100058fc <stdio_usb_out_chars+0xf8>)
1000582a:	f004 ffb9 	bl	1000a7a0 <__mutex_try_enter_block_until_veneer>
1000582e:	2800      	cmp	r0, #0
10005830:	d112      	bne.n	10005858 <stdio_usb_out_chars+0x54>
10005832:	bc80      	pop	{r7}
10005834:	46b8      	mov	r8, r7
10005836:	bdf0      	pop	{r4, r5, r6, r7, pc}
10005838:	4b31      	ldr	r3, [pc, #196]	; (10005900 <stdio_usb_out_chars+0xfc>)
1000583a:	4a32      	ldr	r2, [pc, #200]	; (10005904 <stdio_usb_out_chars+0x100>)
1000583c:	213f      	movs	r1, #63	; 0x3f
1000583e:	4832      	ldr	r0, [pc, #200]	; (10005908 <stdio_usb_out_chars+0x104>)
10005840:	f7fd f86e 	bl	10002920 <__assert_func>
10005844:	2201      	movs	r2, #1
10005846:	4252      	negs	r2, r2
10005848:	4b30      	ldr	r3, [pc, #192]	; (1000590c <stdio_usb_out_chars+0x108>)
1000584a:	e7eb      	b.n	10005824 <stdio_usb_out_chars+0x20>
1000584c:	4b2c      	ldr	r3, [pc, #176]	; (10005900 <stdio_usb_out_chars+0xfc>)
1000584e:	4a2d      	ldr	r2, [pc, #180]	; (10005904 <stdio_usb_out_chars+0x100>)
10005850:	213f      	movs	r1, #63	; 0x3f
10005852:	482d      	ldr	r0, [pc, #180]	; (10005908 <stdio_usb_out_chars+0x104>)
10005854:	f7fd f864 	bl	10002920 <__assert_func>
10005858:	f7ff ff6c 	bl	10005734 <stdio_usb_connected>
1000585c:	2800      	cmp	r0, #0
1000585e:	d149      	bne.n	100058f4 <stdio_usb_out_chars+0xf0>
10005860:	4b2b      	ldr	r3, [pc, #172]	; (10005910 <stdio_usb_out_chars+0x10c>)
10005862:	2000      	movs	r0, #0
10005864:	2100      	movs	r1, #0
10005866:	6018      	str	r0, [r3, #0]
10005868:	6059      	str	r1, [r3, #4]
1000586a:	4824      	ldr	r0, [pc, #144]	; (100058fc <stdio_usb_out_chars+0xf8>)
1000586c:	f004 ff60 	bl	1000a730 <__mutex_exit_veneer>
10005870:	e7df      	b.n	10005832 <stdio_usb_out_chars+0x2e>
10005872:	2001      	movs	r0, #1
10005874:	2100      	movs	r1, #0
10005876:	4240      	negs	r0, r0
10005878:	f000 ff88 	bl	1000678c <tud_task_ext>
1000587c:	2000      	movs	r0, #0
1000587e:	f001 f9cf 	bl	10006c20 <tud_cdc_n_write_flush>
10005882:	f7ff ff57 	bl	10005734 <stdio_usb_connected>
10005886:	2800      	cmp	r0, #0
10005888:	d0ef      	beq.n	1000586a <stdio_usb_out_chars+0x66>
1000588a:	2000      	movs	r0, #0
1000588c:	f001 fa40 	bl	10006d10 <tud_cdc_n_write_available>
10005890:	2800      	cmp	r0, #0
10005892:	d020      	beq.n	100058d6 <stdio_usb_out_chars+0xd2>
10005894:	42a5      	cmp	r5, r4
10005896:	dae8      	bge.n	1000586a <stdio_usb_out_chars+0x66>
10005898:	1b66      	subs	r6, r4, r5
1000589a:	2000      	movs	r0, #0
1000589c:	f001 fa38 	bl	10006d10 <tud_cdc_n_write_available>
100058a0:	0002      	movs	r2, r0
100058a2:	4286      	cmp	r6, r0
100058a4:	dc00      	bgt.n	100058a8 <stdio_usb_out_chars+0xa4>
100058a6:	0032      	movs	r2, r6
100058a8:	2a00      	cmp	r2, #0
100058aa:	d0e2      	beq.n	10005872 <stdio_usb_out_chars+0x6e>
100058ac:	4643      	mov	r3, r8
100058ae:	1959      	adds	r1, r3, r5
100058b0:	2000      	movs	r0, #0
100058b2:	f001 fa11 	bl	10006cd8 <tud_cdc_n_write>
100058b6:	0006      	movs	r6, r0
100058b8:	2001      	movs	r0, #1
100058ba:	2100      	movs	r1, #0
100058bc:	4240      	negs	r0, r0
100058be:	f000 ff65 	bl	1000678c <tud_task_ext>
100058c2:	2000      	movs	r0, #0
100058c4:	f001 f9ac 	bl	10006c20 <tud_cdc_n_write_flush>
100058c8:	19ad      	adds	r5, r5, r6
100058ca:	f7fc fad1 	bl	10001e70 <time_us_64>
100058ce:	4b10      	ldr	r3, [pc, #64]	; (10005910 <stdio_usb_out_chars+0x10c>)
100058d0:	6018      	str	r0, [r3, #0]
100058d2:	6059      	str	r1, [r3, #4]
100058d4:	e7de      	b.n	10005894 <stdio_usb_out_chars+0x90>
100058d6:	f7fc facb 	bl	10001e70 <time_us_64>
100058da:	4b0d      	ldr	r3, [pc, #52]	; (10005910 <stdio_usb_out_chars+0x10c>)
100058dc:	681e      	ldr	r6, [r3, #0]
100058de:	685f      	ldr	r7, [r3, #4]
100058e0:	4a0c      	ldr	r2, [pc, #48]	; (10005914 <stdio_usb_out_chars+0x110>)
100058e2:	2300      	movs	r3, #0
100058e4:	1992      	adds	r2, r2, r6
100058e6:	417b      	adcs	r3, r7
100058e8:	4299      	cmp	r1, r3
100058ea:	d8be      	bhi.n	1000586a <stdio_usb_out_chars+0x66>
100058ec:	d1d2      	bne.n	10005894 <stdio_usb_out_chars+0x90>
100058ee:	4290      	cmp	r0, r2
100058f0:	d9d0      	bls.n	10005894 <stdio_usb_out_chars+0x90>
100058f2:	e7ba      	b.n	1000586a <stdio_usb_out_chars+0x66>
100058f4:	2500      	movs	r5, #0
100058f6:	e7cd      	b.n	10005894 <stdio_usb_out_chars+0x90>
100058f8:	000f4240 	.word	0x000f4240
100058fc:	20002500 	.word	0x20002500
10005900:	1000ad0c 	.word	0x1000ad0c
10005904:	1000bae8 	.word	0x1000bae8
10005908:	1000ad28 	.word	0x1000ad28
1000590c:	7fffffff 	.word	0x7fffffff
10005910:	20001870 	.word	0x20001870
10005914:	0007a120 	.word	0x0007a120

10005918 <tud_descriptor_device_cb>:
10005918:	4800      	ldr	r0, [pc, #0]	; (1000591c <tud_descriptor_device_cb+0x4>)
1000591a:	4770      	bx	lr
1000591c:	1000bb80 	.word	0x1000bb80

10005920 <tud_descriptor_configuration_cb>:
10005920:	4800      	ldr	r0, [pc, #0]	; (10005924 <tud_descriptor_configuration_cb+0x4>)
10005922:	4770      	bx	lr
10005924:	1000bb2c 	.word	0x1000bb2c

10005928 <tud_descriptor_string_cb>:
10005928:	b510      	push	{r4, lr}
1000592a:	0004      	movs	r4, r0
1000592c:	4b15      	ldr	r3, [pc, #84]	; (10005984 <tud_descriptor_string_cb+0x5c>)
1000592e:	781b      	ldrb	r3, [r3, #0]
10005930:	2b00      	cmp	r3, #0
10005932:	d00e      	beq.n	10005952 <tud_descriptor_string_cb+0x2a>
10005934:	2c00      	cmp	r4, #0
10005936:	d111      	bne.n	1000595c <tud_descriptor_string_cb+0x34>
10005938:	4b13      	ldr	r3, [pc, #76]	; (10005988 <tud_descriptor_string_cb+0x60>)
1000593a:	4a14      	ldr	r2, [pc, #80]	; (1000598c <tud_descriptor_string_cb+0x64>)
1000593c:	805a      	strh	r2, [r3, #2]
1000593e:	2301      	movs	r3, #1
10005940:	3301      	adds	r3, #1
10005942:	005b      	lsls	r3, r3, #1
10005944:	b21b      	sxth	r3, r3
10005946:	22c0      	movs	r2, #192	; 0xc0
10005948:	0092      	lsls	r2, r2, #2
1000594a:	4313      	orrs	r3, r2
1000594c:	480e      	ldr	r0, [pc, #56]	; (10005988 <tud_descriptor_string_cb+0x60>)
1000594e:	8003      	strh	r3, [r0, #0]
10005950:	bd10      	pop	{r4, pc}
10005952:	2111      	movs	r1, #17
10005954:	480b      	ldr	r0, [pc, #44]	; (10005984 <tud_descriptor_string_cb+0x5c>)
10005956:	f000 f825 	bl	100059a4 <pico_get_unique_board_id_string>
1000595a:	e7eb      	b.n	10005934 <tud_descriptor_string_cb+0xc>
1000595c:	2c05      	cmp	r4, #5
1000595e:	d80e      	bhi.n	1000597e <tud_descriptor_string_cb+0x56>
10005960:	00a4      	lsls	r4, r4, #2
10005962:	4b0b      	ldr	r3, [pc, #44]	; (10005990 <tud_descriptor_string_cb+0x68>)
10005964:	58e4      	ldr	r4, [r4, r3]
10005966:	2300      	movs	r3, #0
10005968:	2b12      	cmp	r3, #18
1000596a:	d8e9      	bhi.n	10005940 <tud_descriptor_string_cb+0x18>
1000596c:	5ce2      	ldrb	r2, [r4, r3]
1000596e:	2a00      	cmp	r2, #0
10005970:	d0e6      	beq.n	10005940 <tud_descriptor_string_cb+0x18>
10005972:	3301      	adds	r3, #1
10005974:	0059      	lsls	r1, r3, #1
10005976:	4804      	ldr	r0, [pc, #16]	; (10005988 <tud_descriptor_string_cb+0x60>)
10005978:	5242      	strh	r2, [r0, r1]
1000597a:	b2db      	uxtb	r3, r3
1000597c:	e7f4      	b.n	10005968 <tud_descriptor_string_cb+0x40>
1000597e:	2000      	movs	r0, #0
10005980:	e7e6      	b.n	10005950 <tud_descriptor_string_cb+0x28>
10005982:	46c0      	nop			; (mov r8, r8)
10005984:	20002518 	.word	0x20002518
10005988:	20001e94 	.word	0x20001e94
1000598c:	00000409 	.word	0x00000409
10005990:	1000bb94 	.word	0x1000bb94

10005994 <_retrieve_unique_id_on_boot>:
10005994:	b510      	push	{r4, lr}
10005996:	4802      	ldr	r0, [pc, #8]	; (100059a0 <_retrieve_unique_id_on_boot+0xc>)
10005998:	f000 f834 	bl	10005a04 <flash_get_unique_id>
1000599c:	bd10      	pop	{r4, pc}
1000599e:	46c0      	nop			; (mov r8, r8)
100059a0:	200022f0 	.word	0x200022f0

100059a4 <pico_get_unique_board_id_string>:
100059a4:	b510      	push	{r4, lr}
100059a6:	2900      	cmp	r1, #0
100059a8:	d001      	beq.n	100059ae <pico_get_unique_board_id_string+0xa>
100059aa:	2300      	movs	r3, #0
100059ac:	e00a      	b.n	100059c4 <pico_get_unique_board_id_string+0x20>
100059ae:	4b11      	ldr	r3, [pc, #68]	; (100059f4 <pico_get_unique_board_id_string+0x50>)
100059b0:	4a11      	ldr	r2, [pc, #68]	; (100059f8 <pico_get_unique_board_id_string+0x54>)
100059b2:	311f      	adds	r1, #31
100059b4:	4811      	ldr	r0, [pc, #68]	; (100059fc <pico_get_unique_board_id_string+0x58>)
100059b6:	f7fc ffb3 	bl	10002920 <__assert_func>
100059ba:	2400      	movs	r4, #0
100059bc:	e00d      	b.n	100059da <pico_get_unique_board_id_string+0x36>
100059be:	3237      	adds	r2, #55	; 0x37
100059c0:	54c2      	strb	r2, [r0, r3]
100059c2:	3301      	adds	r3, #1
100059c4:	1e4a      	subs	r2, r1, #1
100059c6:	429a      	cmp	r2, r3
100059c8:	d90f      	bls.n	100059ea <pico_get_unique_board_id_string+0x46>
100059ca:	2b0f      	cmp	r3, #15
100059cc:	d80d      	bhi.n	100059ea <pico_get_unique_board_id_string+0x46>
100059ce:	085a      	lsrs	r2, r3, #1
100059d0:	4c0b      	ldr	r4, [pc, #44]	; (10005a00 <pico_get_unique_board_id_string+0x5c>)
100059d2:	5ca2      	ldrb	r2, [r4, r2]
100059d4:	07dc      	lsls	r4, r3, #31
100059d6:	d4f0      	bmi.n	100059ba <pico_get_unique_board_id_string+0x16>
100059d8:	2404      	movs	r4, #4
100059da:	4122      	asrs	r2, r4
100059dc:	0014      	movs	r4, r2
100059de:	220f      	movs	r2, #15
100059e0:	4022      	ands	r2, r4
100059e2:	2a09      	cmp	r2, #9
100059e4:	dceb      	bgt.n	100059be <pico_get_unique_board_id_string+0x1a>
100059e6:	3230      	adds	r2, #48	; 0x30
100059e8:	e7ea      	b.n	100059c0 <pico_get_unique_board_id_string+0x1c>
100059ea:	18c0      	adds	r0, r0, r3
100059ec:	2300      	movs	r3, #0
100059ee:	7003      	strb	r3, [r0, #0]
100059f0:	bd10      	pop	{r4, pc}
100059f2:	46c0      	nop			; (mov r8, r8)
100059f4:	1000bbac 	.word	0x1000bbac
100059f8:	1000bc18 	.word	0x1000bc18
100059fc:	1000bbb4 	.word	0x1000bbb4
10005a00:	200022f0 	.word	0x200022f0

10005a04 <flash_get_unique_id>:
10005a04:	b570      	push	{r4, r5, r6, lr}
10005a06:	b088      	sub	sp, #32
10005a08:	0004      	movs	r4, r0
10005a0a:	ad04      	add	r5, sp, #16
10005a0c:	2600      	movs	r6, #0
10005a0e:	9604      	str	r6, [sp, #16]
10005a10:	2209      	movs	r2, #9
10005a12:	2100      	movs	r1, #0
10005a14:	a805      	add	r0, sp, #20
10005a16:	f7ff fb4d 	bl	100050b4 <__wrap_memset>
10005a1a:	9600      	str	r6, [sp, #0]
10005a1c:	2209      	movs	r2, #9
10005a1e:	2100      	movs	r1, #0
10005a20:	a801      	add	r0, sp, #4
10005a22:	f7ff fb47 	bl	100050b4 <__wrap_memset>
10005a26:	234b      	movs	r3, #75	; 0x4b
10005a28:	702b      	strb	r3, [r5, #0]
10005a2a:	220d      	movs	r2, #13
10005a2c:	4669      	mov	r1, sp
10005a2e:	0028      	movs	r0, r5
10005a30:	f004 fe76 	bl	1000a720 <__flash_do_cmd_veneer>
10005a34:	2300      	movs	r3, #0
10005a36:	e004      	b.n	10005a42 <flash_get_unique_id+0x3e>
10005a38:	1d5a      	adds	r2, r3, #5
10005a3a:	4669      	mov	r1, sp
10005a3c:	5c8a      	ldrb	r2, [r1, r2]
10005a3e:	54e2      	strb	r2, [r4, r3]
10005a40:	3301      	adds	r3, #1
10005a42:	2b07      	cmp	r3, #7
10005a44:	ddf8      	ble.n	10005a38 <flash_get_unique_id+0x34>
10005a46:	b008      	add	sp, #32
10005a48:	bd70      	pop	{r4, r5, r6, pc}
	...

10005a4c <hw_endpoint_get_by_addr>:
10005a4c:	0002      	movs	r2, r0
10005a4e:	207f      	movs	r0, #127	; 0x7f
10005a50:	4010      	ands	r0, r2
10005a52:	09d2      	lsrs	r2, r2, #7
10005a54:	0040      	lsls	r0, r0, #1
10005a56:	1880      	adds	r0, r0, r2
10005a58:	0140      	lsls	r0, r0, #5
10005a5a:	4b01      	ldr	r3, [pc, #4]	; (10005a60 <hw_endpoint_get_by_addr+0x14>)
10005a5c:	18c0      	adds	r0, r0, r3
10005a5e:	4770      	bx	lr
10005a60:	20001ed0 	.word	0x20001ed0

10005a64 <_hw_endpoint_alloc>:
10005a64:	b510      	push	{r4, lr}
10005a66:	8b03      	ldrh	r3, [r0, #24]
10005a68:	333f      	adds	r3, #63	; 0x3f
10005a6a:	223f      	movs	r2, #63	; 0x3f
10005a6c:	4393      	bics	r3, r2
10005a6e:	2902      	cmp	r1, #2
10005a70:	d015      	beq.n	10005a9e <_hw_endpoint_alloc+0x3a>
10005a72:	4c12      	ldr	r4, [pc, #72]	; (10005abc <_hw_endpoint_alloc+0x58>)
10005a74:	6822      	ldr	r2, [r4, #0]
10005a76:	60c2      	str	r2, [r0, #12]
10005a78:	18d3      	adds	r3, r2, r3
10005a7a:	6023      	str	r3, [r4, #0]
10005a7c:	069c      	lsls	r4, r3, #26
10005a7e:	d110      	bne.n	10005aa2 <_hw_endpoint_alloc+0x3e>
10005a80:	4c0f      	ldr	r4, [pc, #60]	; (10005ac0 <_hw_endpoint_alloc+0x5c>)
10005a82:	4062      	eors	r2, r4
10005a84:	4063      	eors	r3, r4
10005a86:	2480      	movs	r4, #128	; 0x80
10005a88:	0164      	lsls	r4, r4, #5
10005a8a:	42a3      	cmp	r3, r4
10005a8c:	d80f      	bhi.n	10005aae <_hw_endpoint_alloc+0x4a>
10005a8e:	0689      	lsls	r1, r1, #26
10005a90:	4311      	orrs	r1, r2
10005a92:	2380      	movs	r3, #128	; 0x80
10005a94:	061b      	lsls	r3, r3, #24
10005a96:	4319      	orrs	r1, r3
10005a98:	6843      	ldr	r3, [r0, #4]
10005a9a:	6019      	str	r1, [r3, #0]
10005a9c:	bd10      	pop	{r4, pc}
10005a9e:	005b      	lsls	r3, r3, #1
10005aa0:	e7e7      	b.n	10005a72 <_hw_endpoint_alloc+0xe>
10005aa2:	4b08      	ldr	r3, [pc, #32]	; (10005ac4 <_hw_endpoint_alloc+0x60>)
10005aa4:	4a08      	ldr	r2, [pc, #32]	; (10005ac8 <_hw_endpoint_alloc+0x64>)
10005aa6:	2154      	movs	r1, #84	; 0x54
10005aa8:	4808      	ldr	r0, [pc, #32]	; (10005acc <_hw_endpoint_alloc+0x68>)
10005aaa:	f7fc ff39 	bl	10002920 <__assert_func>
10005aae:	4b08      	ldr	r3, [pc, #32]	; (10005ad0 <_hw_endpoint_alloc+0x6c>)
10005ab0:	4a05      	ldr	r2, [pc, #20]	; (10005ac8 <_hw_endpoint_alloc+0x64>)
10005ab2:	2156      	movs	r1, #86	; 0x56
10005ab4:	4805      	ldr	r0, [pc, #20]	; (10005acc <_hw_endpoint_alloc+0x68>)
10005ab6:	f7fc ff33 	bl	10002920 <__assert_func>
10005aba:	46c0      	nop			; (mov r8, r8)
10005abc:	200022d4 	.word	0x200022d4
10005ac0:	50100000 	.word	0x50100000
10005ac4:	1000bdc0 	.word	0x1000bdc0
10005ac8:	1000bef4 	.word	0x1000bef4
10005acc:	1000bdf0 	.word	0x1000bdf0
10005ad0:	1000be60 	.word	0x1000be60

10005ad4 <hw_endpoint_init>:
10005ad4:	b5f8      	push	{r3, r4, r5, r6, r7, lr}
10005ad6:	0005      	movs	r5, r0
10005ad8:	000e      	movs	r6, r1
10005ada:	0014      	movs	r4, r2
10005adc:	f7ff ffb6 	bl	10005a4c <hw_endpoint_get_by_addr>
10005ae0:	237f      	movs	r3, #127	; 0x7f
10005ae2:	402b      	ands	r3, r5
10005ae4:	09ef      	lsrs	r7, r5, #7
10005ae6:	7085      	strb	r5, [r0, #2]
10005ae8:	427a      	negs	r2, r7
10005aea:	417a      	adcs	r2, r7
10005aec:	7042      	strb	r2, [r0, #1]
10005aee:	2200      	movs	r2, #0
10005af0:	70c2      	strb	r2, [r0, #3]
10005af2:	8306      	strh	r6, [r0, #24]
10005af4:	76c4      	strb	r4, [r0, #27]
10005af6:	2f01      	cmp	r7, #1
10005af8:	d00d      	beq.n	10005b16 <hw_endpoint_init+0x42>
10005afa:	00da      	lsls	r2, r3, #3
10005afc:	4912      	ldr	r1, [pc, #72]	; (10005b48 <hw_endpoint_init+0x74>)
10005afe:	468c      	mov	ip, r1
10005b00:	4462      	add	r2, ip
10005b02:	6082      	str	r2, [r0, #8]
10005b04:	6882      	ldr	r2, [r0, #8]
10005b06:	2100      	movs	r1, #0
10005b08:	6011      	str	r1, [r2, #0]
10005b0a:	2b00      	cmp	r3, #0
10005b0c:	d109      	bne.n	10005b22 <hw_endpoint_init+0x4e>
10005b0e:	6043      	str	r3, [r0, #4]
10005b10:	4b0e      	ldr	r3, [pc, #56]	; (10005b4c <hw_endpoint_init+0x78>)
10005b12:	60c3      	str	r3, [r0, #12]
10005b14:	bdf8      	pop	{r3, r4, r5, r6, r7, pc}
10005b16:	00da      	lsls	r2, r3, #3
10005b18:	490d      	ldr	r1, [pc, #52]	; (10005b50 <hw_endpoint_init+0x7c>)
10005b1a:	468c      	mov	ip, r1
10005b1c:	4462      	add	r2, ip
10005b1e:	6082      	str	r2, [r0, #8]
10005b20:	e7f0      	b.n	10005b04 <hw_endpoint_init+0x30>
10005b22:	2f01      	cmp	r7, #1
10005b24:	d009      	beq.n	10005b3a <hw_endpoint_init+0x66>
10005b26:	3b01      	subs	r3, #1
10005b28:	00db      	lsls	r3, r3, #3
10005b2a:	4a0a      	ldr	r2, [pc, #40]	; (10005b54 <hw_endpoint_init+0x80>)
10005b2c:	4694      	mov	ip, r2
10005b2e:	4463      	add	r3, ip
10005b30:	6043      	str	r3, [r0, #4]
10005b32:	0021      	movs	r1, r4
10005b34:	f7ff ff96 	bl	10005a64 <_hw_endpoint_alloc>
10005b38:	e7ec      	b.n	10005b14 <hw_endpoint_init+0x40>
10005b3a:	3b01      	subs	r3, #1
10005b3c:	00db      	lsls	r3, r3, #3
10005b3e:	4a06      	ldr	r2, [pc, #24]	; (10005b58 <hw_endpoint_init+0x84>)
10005b40:	4694      	mov	ip, r2
10005b42:	4463      	add	r3, ip
10005b44:	6043      	str	r3, [r0, #4]
10005b46:	e7f4      	b.n	10005b32 <hw_endpoint_init+0x5e>
10005b48:	50100084 	.word	0x50100084
10005b4c:	50100100 	.word	0x50100100
10005b50:	50100080 	.word	0x50100080
10005b54:	5010000c 	.word	0x5010000c
10005b58:	50100008 	.word	0x50100008

10005b5c <hw_endpoint_xfer>:
10005b5c:	b570      	push	{r4, r5, r6, lr}
10005b5e:	000c      	movs	r4, r1
10005b60:	0015      	movs	r5, r2
10005b62:	f7ff ff73 	bl	10005a4c <hw_endpoint_get_by_addr>
10005b66:	002a      	movs	r2, r5
10005b68:	0021      	movs	r1, r4
10005b6a:	f000 f90d 	bl	10005d88 <hw_endpoint_xfer_start>
10005b6e:	bd70      	pop	{r4, r5, r6, pc}

10005b70 <dcd_int_enable>:
10005b70:	b510      	push	{r4, lr}
10005b72:	2800      	cmp	r0, #0
10005b74:	d104      	bne.n	10005b80 <dcd_int_enable+0x10>
10005b76:	2101      	movs	r1, #1
10005b78:	2005      	movs	r0, #5
10005b7a:	f7fb f85d 	bl	10000c38 <irq_set_enabled>
10005b7e:	bd10      	pop	{r4, pc}
10005b80:	21d5      	movs	r1, #213	; 0xd5
10005b82:	4b03      	ldr	r3, [pc, #12]	; (10005b90 <dcd_int_enable+0x20>)
10005b84:	4a03      	ldr	r2, [pc, #12]	; (10005b94 <dcd_int_enable+0x24>)
10005b86:	0049      	lsls	r1, r1, #1
10005b88:	4803      	ldr	r0, [pc, #12]	; (10005b98 <dcd_int_enable+0x28>)
10005b8a:	f7fc fec9 	bl	10002920 <__assert_func>
10005b8e:	46c0      	nop			; (mov r8, r8)
10005b90:	1000bea8 	.word	0x1000bea8
10005b94:	1000bee4 	.word	0x1000bee4
10005b98:	1000bdf0 	.word	0x1000bdf0

10005b9c <dcd_set_address>:
10005b9c:	b510      	push	{r4, lr}
10005b9e:	2800      	cmp	r0, #0
10005ba0:	d105      	bne.n	10005bae <dcd_set_address+0x12>
10005ba2:	2200      	movs	r2, #0
10005ba4:	2100      	movs	r1, #0
10005ba6:	2080      	movs	r0, #128	; 0x80
10005ba8:	f7ff ffd8 	bl	10005b5c <hw_endpoint_xfer>
10005bac:	bd10      	pop	{r4, pc}
10005bae:	21db      	movs	r1, #219	; 0xdb
10005bb0:	4b02      	ldr	r3, [pc, #8]	; (10005bbc <dcd_set_address+0x20>)
10005bb2:	4a03      	ldr	r2, [pc, #12]	; (10005bc0 <dcd_set_address+0x24>)
10005bb4:	0049      	lsls	r1, r1, #1
10005bb6:	4803      	ldr	r0, [pc, #12]	; (10005bc4 <dcd_set_address+0x28>)
10005bb8:	f7fc feb2 	bl	10002920 <__assert_func>
10005bbc:	1000bea8 	.word	0x1000bea8
10005bc0:	1000bed4 	.word	0x1000bed4
10005bc4:	1000bdf0 	.word	0x1000bdf0

10005bc8 <dcd_connect>:
10005bc8:	4b02      	ldr	r3, [pc, #8]	; (10005bd4 <dcd_connect+0xc>)
10005bca:	2280      	movs	r2, #128	; 0x80
10005bcc:	0252      	lsls	r2, r2, #9
10005bce:	64da      	str	r2, [r3, #76]	; 0x4c
10005bd0:	4770      	bx	lr
10005bd2:	46c0      	nop			; (mov r8, r8)
10005bd4:	50112000 	.word	0x50112000

10005bd8 <dcd_init>:
10005bd8:	b570      	push	{r4, r5, r6, lr}
10005bda:	1e04      	subs	r4, r0, #0
10005bdc:	d126      	bne.n	10005c2c <dcd_init+0x54>
10005bde:	f000 f8ad 	bl	10005d3c <rp2040_usb_init>
10005be2:	4d16      	ldr	r5, [pc, #88]	; (10005c3c <dcd_init+0x64>)
10005be4:	230c      	movs	r3, #12
10005be6:	67ab      	str	r3, [r5, #120]	; 0x78
10005be8:	22ff      	movs	r2, #255	; 0xff
10005bea:	4915      	ldr	r1, [pc, #84]	; (10005c40 <dcd_init+0x68>)
10005bec:	2005      	movs	r0, #5
10005bee:	f7fb f877 	bl	10000ce0 <irq_add_shared_handler>
10005bf2:	2240      	movs	r2, #64	; 0x40
10005bf4:	2100      	movs	r1, #0
10005bf6:	4813      	ldr	r0, [pc, #76]	; (10005c44 <dcd_init+0x6c>)
10005bf8:	f7ff fa5c 	bl	100050b4 <__wrap_memset>
10005bfc:	2200      	movs	r2, #0
10005bfe:	2140      	movs	r1, #64	; 0x40
10005c00:	2000      	movs	r0, #0
10005c02:	f7ff ff67 	bl	10005ad4 <hw_endpoint_init>
10005c06:	2200      	movs	r2, #0
10005c08:	2140      	movs	r1, #64	; 0x40
10005c0a:	2080      	movs	r0, #128	; 0x80
10005c0c:	f7ff ff62 	bl	10005ad4 <hw_endpoint_init>
10005c10:	f004 fdd6 	bl	1000a7c0 <__reset_non_control_endpoints_veneer>
10005c14:	2301      	movs	r3, #1
10005c16:	642b      	str	r3, [r5, #64]	; 0x40
10005c18:	2380      	movs	r3, #128	; 0x80
10005c1a:	059b      	lsls	r3, r3, #22
10005c1c:	64eb      	str	r3, [r5, #76]	; 0x4c
10005c1e:	2390      	movs	r3, #144	; 0x90
10005c20:	4a09      	ldr	r2, [pc, #36]	; (10005c48 <dcd_init+0x70>)
10005c22:	50ea      	str	r2, [r5, r3]
10005c24:	0020      	movs	r0, r4
10005c26:	f7ff ffcf 	bl	10005bc8 <dcd_connect>
10005c2a:	bd70      	pop	{r4, r5, r6, pc}
10005c2c:	2186      	movs	r1, #134	; 0x86
10005c2e:	4b07      	ldr	r3, [pc, #28]	; (10005c4c <dcd_init+0x74>)
10005c30:	4a07      	ldr	r2, [pc, #28]	; (10005c50 <dcd_init+0x78>)
10005c32:	31ff      	adds	r1, #255	; 0xff
10005c34:	4807      	ldr	r0, [pc, #28]	; (10005c54 <dcd_init+0x7c>)
10005c36:	f7fc fe73 	bl	10002920 <__assert_func>
10005c3a:	46c0      	nop			; (mov r8, r8)
10005c3c:	50110000 	.word	0x50110000
10005c40:	200004a1 	.word	0x200004a1
10005c44:	20001ed0 	.word	0x20001ed0
10005c48:	0001d010 	.word	0x0001d010
10005c4c:	1000bea8 	.word	0x1000bea8
10005c50:	1000bf08 	.word	0x1000bf08
10005c54:	1000bdf0 	.word	0x1000bdf0

10005c58 <dcd_edpt0_status_complete>:
10005c58:	780b      	ldrb	r3, [r1, #0]
10005c5a:	065b      	lsls	r3, r3, #25
10005c5c:	d102      	bne.n	10005c64 <dcd_edpt0_status_complete+0xc>
10005c5e:	784b      	ldrb	r3, [r1, #1]
10005c60:	2b05      	cmp	r3, #5
10005c62:	d000      	beq.n	10005c66 <dcd_edpt0_status_complete+0xe>
10005c64:	4770      	bx	lr
10005c66:	788a      	ldrb	r2, [r1, #2]
10005c68:	4b01      	ldr	r3, [pc, #4]	; (10005c70 <dcd_edpt0_status_complete+0x18>)
10005c6a:	601a      	str	r2, [r3, #0]
10005c6c:	e7fa      	b.n	10005c64 <dcd_edpt0_status_complete+0xc>
10005c6e:	46c0      	nop			; (mov r8, r8)
10005c70:	50110000 	.word	0x50110000

10005c74 <dcd_edpt_open>:
10005c74:	b510      	push	{r4, lr}
10005c76:	000c      	movs	r4, r1
10005c78:	2800      	cmp	r0, #0
10005c7a:	d10d      	bne.n	10005c98 <dcd_edpt_open+0x24>
10005c7c:	7909      	ldrb	r1, [r1, #4]
10005c7e:	7963      	ldrb	r3, [r4, #5]
10005c80:	021b      	lsls	r3, r3, #8
10005c82:	430b      	orrs	r3, r1
10005c84:	055b      	lsls	r3, r3, #21
10005c86:	0d59      	lsrs	r1, r3, #21
10005c88:	78e2      	ldrb	r2, [r4, #3]
10005c8a:	0792      	lsls	r2, r2, #30
10005c8c:	0f92      	lsrs	r2, r2, #30
10005c8e:	78a0      	ldrb	r0, [r4, #2]
10005c90:	f7ff ff20 	bl	10005ad4 <hw_endpoint_init>
10005c94:	2001      	movs	r0, #1
10005c96:	bd10      	pop	{r4, pc}
10005c98:	21fc      	movs	r1, #252	; 0xfc
10005c9a:	4b03      	ldr	r3, [pc, #12]	; (10005ca8 <dcd_edpt_open+0x34>)
10005c9c:	4a03      	ldr	r2, [pc, #12]	; (10005cac <dcd_edpt_open+0x38>)
10005c9e:	31ff      	adds	r1, #255	; 0xff
10005ca0:	4803      	ldr	r0, [pc, #12]	; (10005cb0 <dcd_edpt_open+0x3c>)
10005ca2:	f7fc fe3d 	bl	10002920 <__assert_func>
10005ca6:	46c0      	nop			; (mov r8, r8)
10005ca8:	1000bea8 	.word	0x1000bea8
10005cac:	1000bec4 	.word	0x1000bec4
10005cb0:	1000bdf0 	.word	0x1000bdf0

10005cb4 <dcd_edpt_close_all>:
10005cb4:	b510      	push	{r4, lr}
10005cb6:	f004 fd83 	bl	1000a7c0 <__reset_non_control_endpoints_veneer>
10005cba:	bd10      	pop	{r4, pc}

10005cbc <dcd_edpt_xfer>:
10005cbc:	b510      	push	{r4, lr}
10005cbe:	0004      	movs	r4, r0
10005cc0:	0008      	movs	r0, r1
10005cc2:	0011      	movs	r1, r2
10005cc4:	001a      	movs	r2, r3
10005cc6:	2c00      	cmp	r4, #0
10005cc8:	d103      	bne.n	10005cd2 <dcd_edpt_xfer+0x16>
10005cca:	f7ff ff47 	bl	10005b5c <hw_endpoint_xfer>
10005cce:	2001      	movs	r0, #1
10005cd0:	bd10      	pop	{r4, pc}
10005cd2:	4b03      	ldr	r3, [pc, #12]	; (10005ce0 <dcd_edpt_xfer+0x24>)
10005cd4:	4a03      	ldr	r2, [pc, #12]	; (10005ce4 <dcd_edpt_xfer+0x28>)
10005cd6:	4904      	ldr	r1, [pc, #16]	; (10005ce8 <dcd_edpt_xfer+0x2c>)
10005cd8:	4804      	ldr	r0, [pc, #16]	; (10005cec <dcd_edpt_xfer+0x30>)
10005cda:	f7fc fe21 	bl	10002920 <__assert_func>
10005cde:	46c0      	nop			; (mov r8, r8)
10005ce0:	1000bea8 	.word	0x1000bea8
10005ce4:	1000beb4 	.word	0x1000beb4
10005ce8:	0000020a 	.word	0x0000020a
10005cec:	1000bdf0 	.word	0x1000bdf0

10005cf0 <dcd_edpt_stall>:
10005cf0:	b510      	push	{r4, lr}
10005cf2:	0008      	movs	r0, r1
10005cf4:	064b      	lsls	r3, r1, #25
10005cf6:	d105      	bne.n	10005d04 <dcd_edpt_stall+0x14>
10005cf8:	09cb      	lsrs	r3, r1, #7
10005cfa:	2b01      	cmp	r3, #1
10005cfc:	d00a      	beq.n	10005d14 <dcd_edpt_stall+0x24>
10005cfe:	2202      	movs	r2, #2
10005d00:	4b05      	ldr	r3, [pc, #20]	; (10005d18 <dcd_edpt_stall+0x28>)
10005d02:	669a      	str	r2, [r3, #104]	; 0x68
10005d04:	f7ff fea2 	bl	10005a4c <hw_endpoint_get_by_addr>
10005d08:	2280      	movs	r2, #128	; 0x80
10005d0a:	0112      	lsls	r2, r2, #4
10005d0c:	2100      	movs	r1, #0
10005d0e:	f004 fd67 	bl	1000a7e0 <___hw_endpoint_buffer_control_update32_veneer>
10005d12:	bd10      	pop	{r4, pc}
10005d14:	2201      	movs	r2, #1
10005d16:	e7f3      	b.n	10005d00 <dcd_edpt_stall+0x10>
10005d18:	50112000 	.word	0x50112000

10005d1c <dcd_edpt_clear_stall>:
10005d1c:	b510      	push	{r4, lr}
10005d1e:	0008      	movs	r0, r1
10005d20:	064b      	lsls	r3, r1, #25
10005d22:	d100      	bne.n	10005d26 <dcd_edpt_clear_stall+0xa>
10005d24:	bd10      	pop	{r4, pc}
10005d26:	f7ff fe91 	bl	10005a4c <hw_endpoint_get_by_addr>
10005d2a:	2300      	movs	r3, #0
10005d2c:	70c3      	strb	r3, [r0, #3]
10005d2e:	2200      	movs	r2, #0
10005d30:	4901      	ldr	r1, [pc, #4]	; (10005d38 <dcd_edpt_clear_stall+0x1c>)
10005d32:	f004 fd55 	bl	1000a7e0 <___hw_endpoint_buffer_control_update32_veneer>
10005d36:	e7f5      	b.n	10005d24 <dcd_edpt_clear_stall+0x8>
10005d38:	fffff7ff 	.word	0xfffff7ff

10005d3c <rp2040_usb_init>:
10005d3c:	b510      	push	{r4, lr}
10005d3e:	2380      	movs	r3, #128	; 0x80
10005d40:	045b      	lsls	r3, r3, #17
10005d42:	4a0c      	ldr	r2, [pc, #48]	; (10005d74 <rp2040_usb_init+0x38>)
10005d44:	6013      	str	r3, [r2, #0]
10005d46:	4a0c      	ldr	r2, [pc, #48]	; (10005d78 <rp2040_usb_init+0x3c>)
10005d48:	6013      	str	r3, [r2, #0]
10005d4a:	4b0c      	ldr	r3, [pc, #48]	; (10005d7c <rp2040_usb_init+0x40>)
10005d4c:	689a      	ldr	r2, [r3, #8]
10005d4e:	2380      	movs	r3, #128	; 0x80
10005d50:	045b      	lsls	r3, r3, #17
10005d52:	4393      	bics	r3, r2
10005d54:	d1f9      	bne.n	10005d4a <rp2040_usb_init+0xe>
10005d56:	4c0a      	ldr	r4, [pc, #40]	; (10005d80 <rp2040_usb_init+0x44>)
10005d58:	229c      	movs	r2, #156	; 0x9c
10005d5a:	2100      	movs	r1, #0
10005d5c:	0020      	movs	r0, r4
10005d5e:	f7ff f9a9 	bl	100050b4 <__wrap_memset>
10005d62:	2280      	movs	r2, #128	; 0x80
10005d64:	0152      	lsls	r2, r2, #5
10005d66:	2100      	movs	r1, #0
10005d68:	4806      	ldr	r0, [pc, #24]	; (10005d84 <rp2040_usb_init+0x48>)
10005d6a:	f7ff f9a3 	bl	100050b4 <__wrap_memset>
10005d6e:	2309      	movs	r3, #9
10005d70:	6763      	str	r3, [r4, #116]	; 0x74
10005d72:	bd10      	pop	{r4, pc}
10005d74:	4000e000 	.word	0x4000e000
10005d78:	4000f000 	.word	0x4000f000
10005d7c:	4000c000 	.word	0x4000c000
10005d80:	50110000 	.word	0x50110000
10005d84:	50100000 	.word	0x50100000

10005d88 <hw_endpoint_xfer_start>:
10005d88:	b570      	push	{r4, r5, r6, lr}
10005d8a:	0004      	movs	r4, r0
10005d8c:	000d      	movs	r5, r1
10005d8e:	0016      	movs	r6, r2
10005d90:	7e83      	ldrb	r3, [r0, #26]
10005d92:	2b00      	cmp	r3, #0
10005d94:	d117      	bne.n	10005dc6 <hw_endpoint_xfer_start+0x3e>
10005d96:	82a6      	strh	r6, [r4, #20]
10005d98:	2300      	movs	r3, #0
10005d9a:	82e3      	strh	r3, [r4, #22]
10005d9c:	3301      	adds	r3, #1
10005d9e:	76a3      	strb	r3, [r4, #26]
10005da0:	6125      	str	r5, [r4, #16]
10005da2:	0020      	movs	r0, r4
10005da4:	f004 fd24 	bl	1000a7f0 <__e15_is_bulkin_ep_veneer>
10005da8:	2800      	cmp	r0, #0
10005daa:	d004      	beq.n	10005db6 <hw_endpoint_xfer_start+0x2e>
10005dac:	4a09      	ldr	r2, [pc, #36]	; (10005dd4 <hw_endpoint_xfer_start+0x4c>)
10005dae:	2390      	movs	r3, #144	; 0x90
10005db0:	2180      	movs	r1, #128	; 0x80
10005db2:	0289      	lsls	r1, r1, #10
10005db4:	50d1      	str	r1, [r2, r3]
10005db6:	0020      	movs	r0, r4
10005db8:	f004 fcaa 	bl	1000a710 <__e15_is_critical_frame_period_veneer>
10005dbc:	2800      	cmp	r0, #0
10005dbe:	d005      	beq.n	10005dcc <hw_endpoint_xfer_start+0x44>
10005dc0:	2301      	movs	r3, #1
10005dc2:	7723      	strb	r3, [r4, #28]
10005dc4:	bd70      	pop	{r4, r5, r6, pc}
10005dc6:	f004 fd03 	bl	1000a7d0 <__hw_endpoint_reset_transfer_veneer>
10005dca:	e7e4      	b.n	10005d96 <hw_endpoint_xfer_start+0xe>
10005dcc:	0020      	movs	r0, r4
10005dce:	f004 fcef 	bl	1000a7b0 <__hw_endpoint_start_next_buffer_veneer>
10005dd2:	e7f7      	b.n	10005dc4 <hw_endpoint_xfer_start+0x3c>
10005dd4:	50112000 	.word	0x50112000

10005dd8 <configuration_reset>:
10005dd8:	b570      	push	{r4, r5, r6, lr}
10005dda:	0005      	movs	r5, r0
10005ddc:	2400      	movs	r4, #0
10005dde:	e00c      	b.n	10005dfa <configuration_reset+0x22>
10005de0:	0063      	lsls	r3, r4, #1
10005de2:	191b      	adds	r3, r3, r4
10005de4:	00da      	lsls	r2, r3, #3
10005de6:	4b18      	ldr	r3, [pc, #96]	; (10005e48 <configuration_reset+0x70>)
10005de8:	681b      	ldr	r3, [r3, #0]
10005dea:	189b      	adds	r3, r3, r2
10005dec:	2b00      	cmp	r3, #0
10005dee:	d02a      	beq.n	10005e46 <configuration_reset+0x6e>
10005df0:	685b      	ldr	r3, [r3, #4]
10005df2:	0028      	movs	r0, r5
10005df4:	4798      	blx	r3
10005df6:	3401      	adds	r4, #1
10005df8:	b2e4      	uxtb	r4, r4
10005dfa:	4b14      	ldr	r3, [pc, #80]	; (10005e4c <configuration_reset+0x74>)
10005dfc:	781b      	ldrb	r3, [r3, #0]
10005dfe:	42a3      	cmp	r3, r4
10005e00:	d310      	bcc.n	10005e24 <configuration_reset+0x4c>
10005e02:	4a13      	ldr	r2, [pc, #76]	; (10005e50 <configuration_reset+0x78>)
10005e04:	2a00      	cmp	r2, #0
10005e06:	d00b      	beq.n	10005e20 <configuration_reset+0x48>
10005e08:	42a3      	cmp	r3, r4
10005e0a:	d8e9      	bhi.n	10005de0 <configuration_reset+0x8>
10005e0c:	1ae3      	subs	r3, r4, r3
10005e0e:	b2db      	uxtb	r3, r3
10005e10:	2b00      	cmp	r3, #0
10005e12:	d118      	bne.n	10005e46 <configuration_reset+0x6e>
10005e14:	005a      	lsls	r2, r3, #1
10005e16:	18d2      	adds	r2, r2, r3
10005e18:	00d2      	lsls	r2, r2, #3
10005e1a:	4b0e      	ldr	r3, [pc, #56]	; (10005e54 <configuration_reset+0x7c>)
10005e1c:	189b      	adds	r3, r3, r2
10005e1e:	e7e5      	b.n	10005dec <configuration_reset+0x14>
10005e20:	0023      	movs	r3, r4
10005e22:	e7f5      	b.n	10005e10 <configuration_reset+0x38>
10005e24:	4c0c      	ldr	r4, [pc, #48]	; (10005e58 <configuration_reset+0x80>)
10005e26:	2253      	movs	r2, #83	; 0x53
10005e28:	2100      	movs	r1, #0
10005e2a:	0020      	movs	r0, r4
10005e2c:	f7ff f942 	bl	100050b4 <__wrap_memset>
10005e30:	1ce0      	adds	r0, r4, #3
10005e32:	2210      	movs	r2, #16
10005e34:	21ff      	movs	r1, #255	; 0xff
10005e36:	f7ff f93d 	bl	100050b4 <__wrap_memset>
10005e3a:	0020      	movs	r0, r4
10005e3c:	3013      	adds	r0, #19
10005e3e:	2220      	movs	r2, #32
10005e40:	21ff      	movs	r1, #255	; 0xff
10005e42:	f7ff f937 	bl	100050b4 <__wrap_memset>
10005e46:	bd70      	pop	{r4, r5, r6, pc}
10005e48:	200018cc 	.word	0x200018cc
10005e4c:	20002529 	.word	0x20002529
10005e50:	10005469 	.word	0x10005469
10005e54:	1000c0b4 	.word	0x1000c0b4
10005e58:	20001bf4 	.word	0x20001bf4

10005e5c <usbd_reset>:
10005e5c:	b510      	push	{r4, lr}
10005e5e:	f7ff ffbb 	bl	10005dd8 <configuration_reset>
10005e62:	f000 fdf1 	bl	10006a48 <usbd_control_reset>
10005e66:	bd10      	pop	{r4, pc}

10005e68 <invoke_class_control>:
10005e68:	b570      	push	{r4, r5, r6, lr}
10005e6a:	0005      	movs	r5, r0
10005e6c:	000c      	movs	r4, r1
10005e6e:	0016      	movs	r6, r2
10005e70:	68c8      	ldr	r0, [r1, #12]
10005e72:	f000 fdf3 	bl	10006a5c <usbd_control_set_complete_callback>
10005e76:	68e3      	ldr	r3, [r4, #12]
10005e78:	0032      	movs	r2, r6
10005e7a:	2101      	movs	r1, #1
10005e7c:	0028      	movs	r0, r5
10005e7e:	4798      	blx	r3
10005e80:	bd70      	pop	{r4, r5, r6, pc}
	...

10005e84 <process_set_config>:
10005e84:	b5f0      	push	{r4, r5, r6, r7, lr}
10005e86:	46de      	mov	lr, fp
10005e88:	4657      	mov	r7, sl
10005e8a:	464e      	mov	r6, r9
10005e8c:	b5c0      	push	{r6, r7, lr}
10005e8e:	b082      	sub	sp, #8
10005e90:	9000      	str	r0, [sp, #0]
10005e92:	3901      	subs	r1, #1
10005e94:	b2c8      	uxtb	r0, r1
10005e96:	f7ff fd43 	bl	10005920 <tud_descriptor_configuration_cb>
10005e9a:	2800      	cmp	r0, #0
10005e9c:	d100      	bne.n	10005ea0 <process_set_config+0x1c>
10005e9e:	e08c      	b.n	10005fba <process_set_config+0x136>
10005ea0:	7843      	ldrb	r3, [r0, #1]
10005ea2:	469a      	mov	sl, r3
10005ea4:	2b02      	cmp	r3, #2
10005ea6:	d000      	beq.n	10005eaa <process_set_config+0x26>
10005ea8:	e089      	b.n	10005fbe <process_set_config+0x13a>
10005eaa:	79c5      	ldrb	r5, [r0, #7]
10005eac:	116a      	asrs	r2, r5, #5
10005eae:	3b01      	subs	r3, #1
10005eb0:	494b      	ldr	r1, [pc, #300]	; (10005fe0 <process_set_config+0x15c>)
10005eb2:	401a      	ands	r2, r3
10005eb4:	0114      	lsls	r4, r2, #4
10005eb6:	780a      	ldrb	r2, [r1, #0]
10005eb8:	2710      	movs	r7, #16
10005eba:	43ba      	bics	r2, r7
10005ebc:	4322      	orrs	r2, r4
10005ebe:	700a      	strb	r2, [r1, #0]
10005ec0:	11ad      	asrs	r5, r5, #6
10005ec2:	402b      	ands	r3, r5
10005ec4:	015b      	lsls	r3, r3, #5
10005ec6:	b2d2      	uxtb	r2, r2
10005ec8:	2420      	movs	r4, #32
10005eca:	43a2      	bics	r2, r4
10005ecc:	4313      	orrs	r3, r2
10005ece:	700b      	strb	r3, [r1, #0]
10005ed0:	0006      	movs	r6, r0
10005ed2:	3609      	adds	r6, #9
10005ed4:	7882      	ldrb	r2, [r0, #2]
10005ed6:	78c4      	ldrb	r4, [r0, #3]
10005ed8:	0224      	lsls	r4, r4, #8
10005eda:	4314      	orrs	r4, r2
10005edc:	1904      	adds	r4, r0, r4
10005ede:	42a6      	cmp	r6, r4
10005ee0:	d264      	bcs.n	10005fac <process_set_config+0x128>
10005ee2:	7873      	ldrb	r3, [r6, #1]
10005ee4:	2b0b      	cmp	r3, #11
10005ee6:	d009      	beq.n	10005efc <process_set_config+0x78>
10005ee8:	2301      	movs	r3, #1
10005eea:	469b      	mov	fp, r3
10005eec:	7873      	ldrb	r3, [r6, #1]
10005eee:	2b04      	cmp	r3, #4
10005ef0:	d16c      	bne.n	10005fcc <process_set_config+0x148>
10005ef2:	1ba3      	subs	r3, r4, r6
10005ef4:	b29b      	uxth	r3, r3
10005ef6:	4699      	mov	r9, r3
10005ef8:	2500      	movs	r5, #0
10005efa:	e025      	b.n	10005f48 <process_set_config+0xc4>
10005efc:	78f3      	ldrb	r3, [r6, #3]
10005efe:	469b      	mov	fp, r3
10005f00:	7833      	ldrb	r3, [r6, #0]
10005f02:	18f6      	adds	r6, r6, r3
10005f04:	e7f2      	b.n	10005eec <process_set_config+0x68>
10005f06:	006f      	lsls	r7, r5, #1
10005f08:	197f      	adds	r7, r7, r5
10005f0a:	00fb      	lsls	r3, r7, #3
10005f0c:	4a35      	ldr	r2, [pc, #212]	; (10005fe4 <process_set_config+0x160>)
10005f0e:	6817      	ldr	r7, [r2, #0]
10005f10:	18ff      	adds	r7, r7, r3
10005f12:	e02b      	b.n	10005f6c <process_set_config+0xe8>
10005f14:	002b      	movs	r3, r5
10005f16:	e022      	b.n	10005f5e <process_set_config+0xda>
10005f18:	68ba      	ldr	r2, [r7, #8]
10005f1a:	4b33      	ldr	r3, [pc, #204]	; (10005fe8 <process_set_config+0x164>)
10005f1c:	429a      	cmp	r2, r3
10005f1e:	d134      	bne.n	10005f8a <process_set_config+0x106>
10005f20:	46d3      	mov	fp, sl
10005f22:	e032      	b.n	10005f8a <process_set_config+0x106>
10005f24:	482e      	ldr	r0, [pc, #184]	; (10005fe0 <process_set_config+0x15c>)
10005f26:	002b      	movs	r3, r5
10005f28:	9f01      	ldr	r7, [sp, #4]
10005f2a:	003a      	movs	r2, r7
10005f2c:	0031      	movs	r1, r6
10005f2e:	3013      	adds	r0, #19
10005f30:	f001 f9a2 	bl	10007278 <tu_edpt_bind_driver>
10005f34:	46bc      	mov	ip, r7
10005f36:	4466      	add	r6, ip
10005f38:	4b2c      	ldr	r3, [pc, #176]	; (10005fec <process_set_config+0x168>)
10005f3a:	781b      	ldrb	r3, [r3, #0]
10005f3c:	42ab      	cmp	r3, r5
10005f3e:	d2ce      	bcs.n	10005ede <process_set_config+0x5a>
10005f40:	2000      	movs	r0, #0
10005f42:	e03d      	b.n	10005fc0 <process_set_config+0x13c>
10005f44:	3501      	adds	r5, #1
10005f46:	b2ed      	uxtb	r5, r5
10005f48:	4b28      	ldr	r3, [pc, #160]	; (10005fec <process_set_config+0x168>)
10005f4a:	781b      	ldrb	r3, [r3, #0]
10005f4c:	42ab      	cmp	r3, r5
10005f4e:	d3f3      	bcc.n	10005f38 <process_set_config+0xb4>
10005f50:	4a27      	ldr	r2, [pc, #156]	; (10005ff0 <process_set_config+0x16c>)
10005f52:	2a00      	cmp	r2, #0
10005f54:	d0de      	beq.n	10005f14 <process_set_config+0x90>
10005f56:	42ab      	cmp	r3, r5
10005f58:	d8d5      	bhi.n	10005f06 <process_set_config+0x82>
10005f5a:	1aeb      	subs	r3, r5, r3
10005f5c:	b2db      	uxtb	r3, r3
10005f5e:	2b00      	cmp	r3, #0
10005f60:	d136      	bne.n	10005fd0 <process_set_config+0x14c>
10005f62:	005f      	lsls	r7, r3, #1
10005f64:	18fb      	adds	r3, r7, r3
10005f66:	00db      	lsls	r3, r3, #3
10005f68:	4f22      	ldr	r7, [pc, #136]	; (10005ff4 <process_set_config+0x170>)
10005f6a:	18ff      	adds	r7, r7, r3
10005f6c:	2f00      	cmp	r7, #0
10005f6e:	d031      	beq.n	10005fd4 <process_set_config+0x150>
10005f70:	464a      	mov	r2, r9
10005f72:	0031      	movs	r1, r6
10005f74:	9800      	ldr	r0, [sp, #0]
10005f76:	68bb      	ldr	r3, [r7, #8]
10005f78:	4798      	blx	r3
10005f7a:	9001      	str	r0, [sp, #4]
10005f7c:	2808      	cmp	r0, #8
10005f7e:	d9e1      	bls.n	10005f44 <process_set_config+0xc0>
10005f80:	4581      	cmp	r9, r0
10005f82:	d3df      	bcc.n	10005f44 <process_set_config+0xc0>
10005f84:	465b      	mov	r3, fp
10005f86:	2b01      	cmp	r3, #1
10005f88:	d0c6      	beq.n	10005f18 <process_set_config+0x94>
10005f8a:	2200      	movs	r2, #0
10005f8c:	4593      	cmp	fp, r2
10005f8e:	d9c9      	bls.n	10005f24 <process_set_config+0xa0>
10005f90:	78b3      	ldrb	r3, [r6, #2]
10005f92:	189b      	adds	r3, r3, r2
10005f94:	b2db      	uxtb	r3, r3
10005f96:	4912      	ldr	r1, [pc, #72]	; (10005fe0 <process_set_config+0x15c>)
10005f98:	18c9      	adds	r1, r1, r3
10005f9a:	78c9      	ldrb	r1, [r1, #3]
10005f9c:	29ff      	cmp	r1, #255	; 0xff
10005f9e:	d11b      	bne.n	10005fd8 <process_set_config+0x154>
10005fa0:	490f      	ldr	r1, [pc, #60]	; (10005fe0 <process_set_config+0x15c>)
10005fa2:	18cb      	adds	r3, r1, r3
10005fa4:	70dd      	strb	r5, [r3, #3]
10005fa6:	3201      	adds	r2, #1
10005fa8:	b2d2      	uxtb	r2, r2
10005faa:	e7ef      	b.n	10005f8c <process_set_config+0x108>
10005fac:	4b12      	ldr	r3, [pc, #72]	; (10005ff8 <process_set_config+0x174>)
10005fae:	2b00      	cmp	r3, #0
10005fb0:	d014      	beq.n	10005fdc <process_set_config+0x158>
10005fb2:	e000      	b.n	10005fb6 <process_set_config+0x132>
10005fb4:	bf00      	nop
10005fb6:	2001      	movs	r0, #1
10005fb8:	e002      	b.n	10005fc0 <process_set_config+0x13c>
10005fba:	2000      	movs	r0, #0
10005fbc:	e000      	b.n	10005fc0 <process_set_config+0x13c>
10005fbe:	2000      	movs	r0, #0
10005fc0:	b002      	add	sp, #8
10005fc2:	bce0      	pop	{r5, r6, r7}
10005fc4:	46bb      	mov	fp, r7
10005fc6:	46b2      	mov	sl, r6
10005fc8:	46a9      	mov	r9, r5
10005fca:	bdf0      	pop	{r4, r5, r6, r7, pc}
10005fcc:	2000      	movs	r0, #0
10005fce:	e7f7      	b.n	10005fc0 <process_set_config+0x13c>
10005fd0:	2000      	movs	r0, #0
10005fd2:	e7f5      	b.n	10005fc0 <process_set_config+0x13c>
10005fd4:	2000      	movs	r0, #0
10005fd6:	e7f3      	b.n	10005fc0 <process_set_config+0x13c>
10005fd8:	2000      	movs	r0, #0
10005fda:	e7f1      	b.n	10005fc0 <process_set_config+0x13c>
10005fdc:	2001      	movs	r0, #1
10005fde:	e7ef      	b.n	10005fc0 <process_set_config+0x13c>
10005fe0:	20001bf4 	.word	0x20001bf4
10005fe4:	200018cc 	.word	0x200018cc
10005fe8:	10006e2d 	.word	0x10006e2d
10005fec:	20002529 	.word	0x20002529
10005ff0:	10005469 	.word	0x10005469
10005ff4:	1000c0b4 	.word	0x1000c0b4
10005ff8:	00000000 	.word	0x00000000

10005ffc <process_get_descriptor>:
10005ffc:	b570      	push	{r4, r5, r6, lr}
10005ffe:	0005      	movs	r5, r0
10006000:	000c      	movs	r4, r1
10006002:	78cb      	ldrb	r3, [r1, #3]
10006004:	7888      	ldrb	r0, [r1, #2]
10006006:	2b0f      	cmp	r3, #15
10006008:	d850      	bhi.n	100060ac <process_get_descriptor+0xb0>
1000600a:	009a      	lsls	r2, r3, #2
1000600c:	492e      	ldr	r1, [pc, #184]	; (100060c8 <process_get_descriptor+0xcc>)
1000600e:	588a      	ldr	r2, [r1, r2]
10006010:	4697      	mov	pc, r2
10006012:	f7ff fc81 	bl	10005918 <tud_descriptor_device_cb>
10006016:	0002      	movs	r2, r0
10006018:	2312      	movs	r3, #18
1000601a:	0021      	movs	r1, r4
1000601c:	0028      	movs	r0, r5
1000601e:	f000 fcd9 	bl	100069d4 <tud_control_xfer>
10006022:	e044      	b.n	100060ae <process_get_descriptor+0xb2>
10006024:	4b29      	ldr	r3, [pc, #164]	; (100060cc <process_get_descriptor+0xd0>)
10006026:	2b00      	cmp	r3, #0
10006028:	d042      	beq.n	100060b0 <process_get_descriptor+0xb4>
1000602a:	e000      	b.n	1000602e <process_get_descriptor+0x32>
1000602c:	bf00      	nop
1000602e:	1e02      	subs	r2, r0, #0
10006030:	d040      	beq.n	100060b4 <process_get_descriptor+0xb8>
10006032:	7881      	ldrb	r1, [r0, #2]
10006034:	78c3      	ldrb	r3, [r0, #3]
10006036:	021b      	lsls	r3, r3, #8
10006038:	430b      	orrs	r3, r1
1000603a:	0021      	movs	r1, r4
1000603c:	0028      	movs	r0, r5
1000603e:	f000 fcc9 	bl	100069d4 <tud_control_xfer>
10006042:	e034      	b.n	100060ae <process_get_descriptor+0xb2>
10006044:	2b02      	cmp	r3, #2
10006046:	d009      	beq.n	1000605c <process_get_descriptor+0x60>
10006048:	4b21      	ldr	r3, [pc, #132]	; (100060d0 <process_get_descriptor+0xd4>)
1000604a:	2b00      	cmp	r3, #0
1000604c:	d034      	beq.n	100060b8 <process_get_descriptor+0xbc>
1000604e:	e000      	b.n	10006052 <process_get_descriptor+0x56>
10006050:	bf00      	nop
10006052:	0002      	movs	r2, r0
10006054:	2a00      	cmp	r2, #0
10006056:	d105      	bne.n	10006064 <process_get_descriptor+0x68>
10006058:	2000      	movs	r0, #0
1000605a:	e028      	b.n	100060ae <process_get_descriptor+0xb2>
1000605c:	f7ff fc60 	bl	10005920 <tud_descriptor_configuration_cb>
10006060:	0002      	movs	r2, r0
10006062:	e7f7      	b.n	10006054 <process_get_descriptor+0x58>
10006064:	7891      	ldrb	r1, [r2, #2]
10006066:	78d3      	ldrb	r3, [r2, #3]
10006068:	021b      	lsls	r3, r3, #8
1000606a:	430b      	orrs	r3, r1
1000606c:	0021      	movs	r1, r4
1000606e:	0028      	movs	r0, r5
10006070:	f000 fcb0 	bl	100069d4 <tud_control_xfer>
10006074:	e01b      	b.n	100060ae <process_get_descriptor+0xb2>
10006076:	7923      	ldrb	r3, [r4, #4]
10006078:	7961      	ldrb	r1, [r4, #5]
1000607a:	0209      	lsls	r1, r1, #8
1000607c:	4319      	orrs	r1, r3
1000607e:	f7ff fc53 	bl	10005928 <tud_descriptor_string_cb>
10006082:	1e02      	subs	r2, r0, #0
10006084:	d01a      	beq.n	100060bc <process_get_descriptor+0xc0>
10006086:	7803      	ldrb	r3, [r0, #0]
10006088:	0021      	movs	r1, r4
1000608a:	0028      	movs	r0, r5
1000608c:	f000 fca2 	bl	100069d4 <tud_control_xfer>
10006090:	e00d      	b.n	100060ae <process_get_descriptor+0xb2>
10006092:	4b10      	ldr	r3, [pc, #64]	; (100060d4 <process_get_descriptor+0xd8>)
10006094:	2b00      	cmp	r3, #0
10006096:	d013      	beq.n	100060c0 <process_get_descriptor+0xc4>
10006098:	e000      	b.n	1000609c <process_get_descriptor+0xa0>
1000609a:	bf00      	nop
1000609c:	1e02      	subs	r2, r0, #0
1000609e:	d011      	beq.n	100060c4 <process_get_descriptor+0xc8>
100060a0:	7803      	ldrb	r3, [r0, #0]
100060a2:	0021      	movs	r1, r4
100060a4:	0028      	movs	r0, r5
100060a6:	f000 fc95 	bl	100069d4 <tud_control_xfer>
100060aa:	e000      	b.n	100060ae <process_get_descriptor+0xb2>
100060ac:	2000      	movs	r0, #0
100060ae:	bd70      	pop	{r4, r5, r6, pc}
100060b0:	2000      	movs	r0, #0
100060b2:	e7fc      	b.n	100060ae <process_get_descriptor+0xb2>
100060b4:	2000      	movs	r0, #0
100060b6:	e7fa      	b.n	100060ae <process_get_descriptor+0xb2>
100060b8:	2000      	movs	r0, #0
100060ba:	e7f8      	b.n	100060ae <process_get_descriptor+0xb2>
100060bc:	2000      	movs	r0, #0
100060be:	e7f6      	b.n	100060ae <process_get_descriptor+0xb2>
100060c0:	2000      	movs	r0, #0
100060c2:	e7f4      	b.n	100060ae <process_get_descriptor+0xb2>
100060c4:	2000      	movs	r0, #0
100060c6:	e7f2      	b.n	100060ae <process_get_descriptor+0xb2>
100060c8:	1000c028 	.word	0x1000c028
	...

100060d8 <tud_mounted>:
100060d8:	4b02      	ldr	r3, [pc, #8]	; (100060e4 <tud_mounted+0xc>)
100060da:	7858      	ldrb	r0, [r3, #1]
100060dc:	1e43      	subs	r3, r0, #1
100060de:	4198      	sbcs	r0, r3
100060e0:	b2c0      	uxtb	r0, r0
100060e2:	4770      	bx	lr
100060e4:	20001bf4 	.word	0x20001bf4

100060e8 <tud_suspended>:
100060e8:	4b02      	ldr	r3, [pc, #8]	; (100060f4 <tud_suspended+0xc>)
100060ea:	7818      	ldrb	r0, [r3, #0]
100060ec:	0740      	lsls	r0, r0, #29
100060ee:	0fc0      	lsrs	r0, r0, #31
100060f0:	4770      	bx	lr
100060f2:	46c0      	nop			; (mov r8, r8)
100060f4:	20001bf4 	.word	0x20001bf4

100060f8 <tud_inited>:
100060f8:	4b03      	ldr	r3, [pc, #12]	; (10006108 <tud_inited+0x10>)
100060fa:	7818      	ldrb	r0, [r3, #0]
100060fc:	38ff      	subs	r0, #255	; 0xff
100060fe:	1e43      	subs	r3, r0, #1
10006100:	4198      	sbcs	r0, r3
10006102:	b2c0      	uxtb	r0, r0
10006104:	4770      	bx	lr
10006106:	46c0      	nop			; (mov r8, r8)
10006108:	20000d9c 	.word	0x20000d9c

1000610c <tud_init>:
1000610c:	b570      	push	{r4, r5, r6, lr}
1000610e:	0004      	movs	r4, r0
10006110:	f7ff fff2 	bl	100060f8 <tud_inited>
10006114:	1e06      	subs	r6, r0, #0
10006116:	d001      	beq.n	1000611c <tud_init+0x10>
10006118:	0030      	movs	r0, r6
1000611a:	bd70      	pop	{r4, r5, r6, pc}
1000611c:	2253      	movs	r2, #83	; 0x53
1000611e:	2100      	movs	r1, #0
10006120:	4823      	ldr	r0, [pc, #140]	; (100061b0 <tud_init+0xa4>)
10006122:	f7fe ffc7 	bl	100050b4 <__wrap_memset>
10006126:	4d23      	ldr	r5, [pc, #140]	; (100061b4 <tud_init+0xa8>)
10006128:	0028      	movs	r0, r5
1000612a:	f7fb f86b 	bl	10001204 <mutex_init>
1000612e:	4b22      	ldr	r3, [pc, #136]	; (100061b8 <tud_init+0xac>)
10006130:	601d      	str	r5, [r3, #0]
10006132:	4d22      	ldr	r5, [pc, #136]	; (100061bc <tud_init+0xb0>)
10006134:	0028      	movs	r0, r5
10006136:	3014      	adds	r0, #20
10006138:	f7fb f88a 	bl	10001250 <critical_section_init>
1000613c:	0028      	movs	r0, r5
1000613e:	f001 fbf0 	bl	10007922 <tu_fifo_clear>
10006142:	4b1f      	ldr	r3, [pc, #124]	; (100061c0 <tud_init+0xb4>)
10006144:	601d      	str	r5, [r3, #0]
10006146:	4b1f      	ldr	r3, [pc, #124]	; (100061c4 <tud_init+0xb8>)
10006148:	2b00      	cmp	r3, #0
1000614a:	d004      	beq.n	10006156 <tud_init+0x4a>
1000614c:	481e      	ldr	r0, [pc, #120]	; (100061c8 <tud_init+0xbc>)
1000614e:	f7ff f98b 	bl	10005468 <usbd_app_driver_get_cb>
10006152:	4b1e      	ldr	r3, [pc, #120]	; (100061cc <tud_init+0xc0>)
10006154:	6018      	str	r0, [r3, #0]
10006156:	2500      	movs	r5, #0
10006158:	e00b      	b.n	10006172 <tud_init+0x66>
1000615a:	006b      	lsls	r3, r5, #1
1000615c:	195b      	adds	r3, r3, r5
1000615e:	00da      	lsls	r2, r3, #3
10006160:	4b1a      	ldr	r3, [pc, #104]	; (100061cc <tud_init+0xc0>)
10006162:	681b      	ldr	r3, [r3, #0]
10006164:	189b      	adds	r3, r3, r2
10006166:	2b00      	cmp	r3, #0
10006168:	d0d6      	beq.n	10006118 <tud_init+0xc>
1000616a:	681b      	ldr	r3, [r3, #0]
1000616c:	4798      	blx	r3
1000616e:	3501      	adds	r5, #1
10006170:	b2ed      	uxtb	r5, r5
10006172:	4b15      	ldr	r3, [pc, #84]	; (100061c8 <tud_init+0xbc>)
10006174:	781b      	ldrb	r3, [r3, #0]
10006176:	42ab      	cmp	r3, r5
10006178:	d310      	bcc.n	1000619c <tud_init+0x90>
1000617a:	4a12      	ldr	r2, [pc, #72]	; (100061c4 <tud_init+0xb8>)
1000617c:	2a00      	cmp	r2, #0
1000617e:	d00b      	beq.n	10006198 <tud_init+0x8c>
10006180:	42ab      	cmp	r3, r5
10006182:	d8ea      	bhi.n	1000615a <tud_init+0x4e>
10006184:	1aeb      	subs	r3, r5, r3
10006186:	b2db      	uxtb	r3, r3
10006188:	2b00      	cmp	r3, #0
1000618a:	d1c5      	bne.n	10006118 <tud_init+0xc>
1000618c:	005a      	lsls	r2, r3, #1
1000618e:	18d2      	adds	r2, r2, r3
10006190:	00d2      	lsls	r2, r2, #3
10006192:	4b0f      	ldr	r3, [pc, #60]	; (100061d0 <tud_init+0xc4>)
10006194:	189b      	adds	r3, r3, r2
10006196:	e7e6      	b.n	10006166 <tud_init+0x5a>
10006198:	002b      	movs	r3, r5
1000619a:	e7f5      	b.n	10006188 <tud_init+0x7c>
1000619c:	4b0d      	ldr	r3, [pc, #52]	; (100061d4 <tud_init+0xc8>)
1000619e:	701c      	strb	r4, [r3, #0]
100061a0:	0020      	movs	r0, r4
100061a2:	f7ff fd19 	bl	10005bd8 <dcd_init>
100061a6:	0020      	movs	r0, r4
100061a8:	f7ff fce2 	bl	10005b70 <dcd_int_enable>
100061ac:	2601      	movs	r6, #1
100061ae:	e7b3      	b.n	10006118 <tud_init+0xc>
100061b0:	20001bf4 	.word	0x20001bf4
100061b4:	20001bac 	.word	0x20001bac
100061b8:	20001c48 	.word	0x20001c48
100061bc:	20000d80 	.word	0x20000d80
100061c0:	20001c4c 	.word	0x20001c4c
100061c4:	10005469 	.word	0x10005469
100061c8:	20002529 	.word	0x20002529
100061cc:	200018cc 	.word	0x200018cc
100061d0:	1000c0b4 	.word	0x1000c0b4
100061d4:	20000d9c 	.word	0x20000d9c

100061d8 <usbd_defer_func>:
100061d8:	b5f0      	push	{r4, r5, r6, r7, lr}
100061da:	b085      	sub	sp, #20
100061dc:	0007      	movs	r7, r0
100061de:	000e      	movs	r6, r1
100061e0:	0015      	movs	r5, r2
100061e2:	ac01      	add	r4, sp, #4
100061e4:	220c      	movs	r2, #12
100061e6:	2100      	movs	r1, #0
100061e8:	0020      	movs	r0, r4
100061ea:	f7fe ff63 	bl	100050b4 <__wrap_memset>
100061ee:	2308      	movs	r3, #8
100061f0:	7063      	strb	r3, [r4, #1]
100061f2:	9702      	str	r7, [sp, #8]
100061f4:	9603      	str	r6, [sp, #12]
100061f6:	0029      	movs	r1, r5
100061f8:	0020      	movs	r0, r4
100061fa:	f004 fac1 	bl	1000a780 <__dcd_event_handler_veneer>
100061fe:	b005      	add	sp, #20
10006200:	bdf0      	pop	{r4, r5, r6, r7, pc}
	...

10006204 <usbd_edpt_open>:
10006204:	b570      	push	{r4, r5, r6, lr}
10006206:	000c      	movs	r4, r1
10006208:	4b09      	ldr	r3, [pc, #36]	; (10006230 <usbd_edpt_open+0x2c>)
1000620a:	781d      	ldrb	r5, [r3, #0]
1000620c:	788b      	ldrb	r3, [r1, #2]
1000620e:	2270      	movs	r2, #112	; 0x70
10006210:	421a      	tst	r2, r3
10006212:	d001      	beq.n	10006218 <usbd_edpt_open+0x14>
10006214:	2000      	movs	r0, #0
10006216:	bd70      	pop	{r4, r5, r6, pc}
10006218:	4b06      	ldr	r3, [pc, #24]	; (10006234 <usbd_edpt_open+0x30>)
1000621a:	7899      	ldrb	r1, [r3, #2]
1000621c:	0020      	movs	r0, r4
1000621e:	f000 ffef 	bl	10007200 <tu_edpt_validate>
10006222:	2800      	cmp	r0, #0
10006224:	d0f7      	beq.n	10006216 <usbd_edpt_open+0x12>
10006226:	0021      	movs	r1, r4
10006228:	0028      	movs	r0, r5
1000622a:	f7ff fd23 	bl	10005c74 <dcd_edpt_open>
1000622e:	e7f2      	b.n	10006216 <usbd_edpt_open+0x12>
10006230:	20000d9c 	.word	0x20000d9c
10006234:	20001bf4 	.word	0x20001bf4

10006238 <usbd_open_edpt_pair>:
10006238:	b5f8      	push	{r3, r4, r5, r6, r7, lr}
1000623a:	46ce      	mov	lr, r9
1000623c:	4647      	mov	r7, r8
1000623e:	b580      	push	{r7, lr}
10006240:	4681      	mov	r9, r0
10006242:	000c      	movs	r4, r1
10006244:	0017      	movs	r7, r2
10006246:	001e      	movs	r6, r3
10006248:	9b08      	ldr	r3, [sp, #32]
1000624a:	4698      	mov	r8, r3
1000624c:	2500      	movs	r5, #0
1000624e:	e004      	b.n	1000625a <usbd_open_edpt_pair+0x22>
10006250:	9a09      	ldr	r2, [sp, #36]	; 0x24
10006252:	7013      	strb	r3, [r2, #0]
10006254:	7823      	ldrb	r3, [r4, #0]
10006256:	18e4      	adds	r4, r4, r3
10006258:	3501      	adds	r5, #1
1000625a:	42af      	cmp	r7, r5
1000625c:	dd14      	ble.n	10006288 <usbd_open_edpt_pair+0x50>
1000625e:	7863      	ldrb	r3, [r4, #1]
10006260:	2b05      	cmp	r3, #5
10006262:	d116      	bne.n	10006292 <usbd_open_edpt_pair+0x5a>
10006264:	78e1      	ldrb	r1, [r4, #3]
10006266:	0789      	lsls	r1, r1, #30
10006268:	0f89      	lsrs	r1, r1, #30
1000626a:	42b1      	cmp	r1, r6
1000626c:	d113      	bne.n	10006296 <usbd_open_edpt_pair+0x5e>
1000626e:	0021      	movs	r1, r4
10006270:	4648      	mov	r0, r9
10006272:	f7ff ffc7 	bl	10006204 <usbd_edpt_open>
10006276:	2800      	cmp	r0, #0
10006278:	d007      	beq.n	1000628a <usbd_open_edpt_pair+0x52>
1000627a:	78a3      	ldrb	r3, [r4, #2]
1000627c:	09da      	lsrs	r2, r3, #7
1000627e:	2a01      	cmp	r2, #1
10006280:	d0e6      	beq.n	10006250 <usbd_open_edpt_pair+0x18>
10006282:	4642      	mov	r2, r8
10006284:	7013      	strb	r3, [r2, #0]
10006286:	e7e5      	b.n	10006254 <usbd_open_edpt_pair+0x1c>
10006288:	2001      	movs	r0, #1
1000628a:	bcc0      	pop	{r6, r7}
1000628c:	46b9      	mov	r9, r7
1000628e:	46b0      	mov	r8, r6
10006290:	bdf8      	pop	{r3, r4, r5, r6, r7, pc}
10006292:	2000      	movs	r0, #0
10006294:	e7f9      	b.n	1000628a <usbd_open_edpt_pair+0x52>
10006296:	2000      	movs	r0, #0
10006298:	e7f7      	b.n	1000628a <usbd_open_edpt_pair+0x52>
	...

1000629c <usbd_edpt_claim>:
1000629c:	b510      	push	{r4, lr}
1000629e:	207f      	movs	r0, #127	; 0x7f
100062a0:	4008      	ands	r0, r1
100062a2:	09c9      	lsrs	r1, r1, #7
100062a4:	0040      	lsls	r0, r0, #1
100062a6:	1840      	adds	r0, r0, r1
100062a8:	3030      	adds	r0, #48	; 0x30
100062aa:	4904      	ldr	r1, [pc, #16]	; (100062bc <usbd_edpt_claim+0x20>)
100062ac:	1808      	adds	r0, r1, r0
100062ae:	3003      	adds	r0, #3
100062b0:	4b03      	ldr	r3, [pc, #12]	; (100062c0 <usbd_edpt_claim+0x24>)
100062b2:	6819      	ldr	r1, [r3, #0]
100062b4:	f000 ff5e 	bl	10007174 <tu_edpt_claim>
100062b8:	bd10      	pop	{r4, pc}
100062ba:	46c0      	nop			; (mov r8, r8)
100062bc:	20001bf4 	.word	0x20001bf4
100062c0:	20001c48 	.word	0x20001c48

100062c4 <usbd_edpt_release>:
100062c4:	b510      	push	{r4, lr}
100062c6:	207f      	movs	r0, #127	; 0x7f
100062c8:	4008      	ands	r0, r1
100062ca:	09c9      	lsrs	r1, r1, #7
100062cc:	0040      	lsls	r0, r0, #1
100062ce:	1840      	adds	r0, r0, r1
100062d0:	3030      	adds	r0, #48	; 0x30
100062d2:	4904      	ldr	r1, [pc, #16]	; (100062e4 <usbd_edpt_release+0x20>)
100062d4:	1808      	adds	r0, r1, r0
100062d6:	3003      	adds	r0, #3
100062d8:	4b03      	ldr	r3, [pc, #12]	; (100062e8 <usbd_edpt_release+0x24>)
100062da:	6819      	ldr	r1, [r3, #0]
100062dc:	f000 ff72 	bl	100071c4 <tu_edpt_release>
100062e0:	bd10      	pop	{r4, pc}
100062e2:	46c0      	nop			; (mov r8, r8)
100062e4:	20001bf4 	.word	0x20001bf4
100062e8:	20001c48 	.word	0x20001c48

100062ec <usbd_edpt_xfer>:
100062ec:	b5f8      	push	{r3, r4, r5, r6, r7, lr}
100062ee:	46ce      	mov	lr, r9
100062f0:	4647      	mov	r7, r8
100062f2:	b580      	push	{r7, lr}
100062f4:	4819      	ldr	r0, [pc, #100]	; (1000635c <usbd_edpt_xfer+0x70>)
100062f6:	7800      	ldrb	r0, [r0, #0]
100062f8:	257f      	movs	r5, #127	; 0x7f
100062fa:	400d      	ands	r5, r1
100062fc:	09ce      	lsrs	r6, r1, #7
100062fe:	006f      	lsls	r7, r5, #1
10006300:	4c17      	ldr	r4, [pc, #92]	; (10006360 <usbd_edpt_xfer+0x74>)
10006302:	19e4      	adds	r4, r4, r7
10006304:	19a4      	adds	r4, r4, r6
10006306:	3430      	adds	r4, #48	; 0x30
10006308:	78e4      	ldrb	r4, [r4, #3]
1000630a:	07e4      	lsls	r4, r4, #31
1000630c:	d504      	bpl.n	10006318 <usbd_edpt_xfer+0x2c>
1000630e:	2000      	movs	r0, #0
10006310:	bcc0      	pop	{r6, r7}
10006312:	46b9      	mov	r9, r7
10006314:	46b0      	mov	r8, r6
10006316:	bdf8      	pop	{r3, r4, r5, r6, r7, pc}
10006318:	4c11      	ldr	r4, [pc, #68]	; (10006360 <usbd_edpt_xfer+0x74>)
1000631a:	19e4      	adds	r4, r4, r7
1000631c:	19a4      	adds	r4, r4, r6
1000631e:	2730      	movs	r7, #48	; 0x30
10006320:	46b9      	mov	r9, r7
10006322:	44a1      	add	r9, r4
10006324:	464c      	mov	r4, r9
10006326:	78e4      	ldrb	r4, [r4, #3]
10006328:	2701      	movs	r7, #1
1000632a:	46bc      	mov	ip, r7
1000632c:	4667      	mov	r7, ip
1000632e:	433c      	orrs	r4, r7
10006330:	0027      	movs	r7, r4
10006332:	464c      	mov	r4, r9
10006334:	70e7      	strb	r7, [r4, #3]
10006336:	f7ff fcc1 	bl	10005cbc <dcd_edpt_xfer>
1000633a:	2800      	cmp	r0, #0
1000633c:	d1e8      	bne.n	10006310 <usbd_edpt_xfer+0x24>
1000633e:	006d      	lsls	r5, r5, #1
10006340:	4b07      	ldr	r3, [pc, #28]	; (10006360 <usbd_edpt_xfer+0x74>)
10006342:	195d      	adds	r5, r3, r5
10006344:	19ae      	adds	r6, r5, r6
10006346:	3630      	adds	r6, #48	; 0x30
10006348:	78f3      	ldrb	r3, [r6, #3]
1000634a:	2201      	movs	r2, #1
1000634c:	4393      	bics	r3, r2
1000634e:	70f3      	strb	r3, [r6, #3]
10006350:	78f3      	ldrb	r3, [r6, #3]
10006352:	3203      	adds	r2, #3
10006354:	4393      	bics	r3, r2
10006356:	70f3      	strb	r3, [r6, #3]
10006358:	e7da      	b.n	10006310 <usbd_edpt_xfer+0x24>
1000635a:	46c0      	nop			; (mov r8, r8)
1000635c:	20000d9c 	.word	0x20000d9c
10006360:	20001bf4 	.word	0x20001bf4

10006364 <usbd_edpt_stall>:
10006364:	b570      	push	{r4, r5, r6, lr}
10006366:	4b0f      	ldr	r3, [pc, #60]	; (100063a4 <usbd_edpt_stall+0x40>)
10006368:	7818      	ldrb	r0, [r3, #0]
1000636a:	247f      	movs	r4, #127	; 0x7f
1000636c:	400c      	ands	r4, r1
1000636e:	09cd      	lsrs	r5, r1, #7
10006370:	0062      	lsls	r2, r4, #1
10006372:	4b0d      	ldr	r3, [pc, #52]	; (100063a8 <usbd_edpt_stall+0x44>)
10006374:	189b      	adds	r3, r3, r2
10006376:	195b      	adds	r3, r3, r5
10006378:	3330      	adds	r3, #48	; 0x30
1000637a:	78db      	ldrb	r3, [r3, #3]
1000637c:	079b      	lsls	r3, r3, #30
1000637e:	d500      	bpl.n	10006382 <usbd_edpt_stall+0x1e>
10006380:	bd70      	pop	{r4, r5, r6, pc}
10006382:	f7ff fcb5 	bl	10005cf0 <dcd_edpt_stall>
10006386:	0063      	lsls	r3, r4, #1
10006388:	4c07      	ldr	r4, [pc, #28]	; (100063a8 <usbd_edpt_stall+0x44>)
1000638a:	18e4      	adds	r4, r4, r3
1000638c:	1964      	adds	r4, r4, r5
1000638e:	3430      	adds	r4, #48	; 0x30
10006390:	78e3      	ldrb	r3, [r4, #3]
10006392:	2202      	movs	r2, #2
10006394:	4313      	orrs	r3, r2
10006396:	70e3      	strb	r3, [r4, #3]
10006398:	78e3      	ldrb	r3, [r4, #3]
1000639a:	2201      	movs	r2, #1
1000639c:	4313      	orrs	r3, r2
1000639e:	70e3      	strb	r3, [r4, #3]
100063a0:	e7ee      	b.n	10006380 <usbd_edpt_stall+0x1c>
100063a2:	46c0      	nop			; (mov r8, r8)
100063a4:	20000d9c 	.word	0x20000d9c
100063a8:	20001bf4 	.word	0x20001bf4

100063ac <usbd_edpt_clear_stall>:
100063ac:	b570      	push	{r4, r5, r6, lr}
100063ae:	4b0f      	ldr	r3, [pc, #60]	; (100063ec <usbd_edpt_clear_stall+0x40>)
100063b0:	7818      	ldrb	r0, [r3, #0]
100063b2:	247f      	movs	r4, #127	; 0x7f
100063b4:	400c      	ands	r4, r1
100063b6:	09cd      	lsrs	r5, r1, #7
100063b8:	0062      	lsls	r2, r4, #1
100063ba:	4b0d      	ldr	r3, [pc, #52]	; (100063f0 <usbd_edpt_clear_stall+0x44>)
100063bc:	189b      	adds	r3, r3, r2
100063be:	195b      	adds	r3, r3, r5
100063c0:	3330      	adds	r3, #48	; 0x30
100063c2:	78db      	ldrb	r3, [r3, #3]
100063c4:	079b      	lsls	r3, r3, #30
100063c6:	d400      	bmi.n	100063ca <usbd_edpt_clear_stall+0x1e>
100063c8:	bd70      	pop	{r4, r5, r6, pc}
100063ca:	f7ff fca7 	bl	10005d1c <dcd_edpt_clear_stall>
100063ce:	0063      	lsls	r3, r4, #1
100063d0:	4c07      	ldr	r4, [pc, #28]	; (100063f0 <usbd_edpt_clear_stall+0x44>)
100063d2:	18e4      	adds	r4, r4, r3
100063d4:	1964      	adds	r4, r4, r5
100063d6:	3430      	adds	r4, #48	; 0x30
100063d8:	78e3      	ldrb	r3, [r4, #3]
100063da:	2202      	movs	r2, #2
100063dc:	4393      	bics	r3, r2
100063de:	70e3      	strb	r3, [r4, #3]
100063e0:	78e3      	ldrb	r3, [r4, #3]
100063e2:	3a01      	subs	r2, #1
100063e4:	4393      	bics	r3, r2
100063e6:	70e3      	strb	r3, [r4, #3]
100063e8:	e7ee      	b.n	100063c8 <usbd_edpt_clear_stall+0x1c>
100063ea:	46c0      	nop			; (mov r8, r8)
100063ec:	20000d9c 	.word	0x20000d9c
100063f0:	20001bf4 	.word	0x20001bf4

100063f4 <usbd_edpt_stalled>:
100063f4:	227f      	movs	r2, #127	; 0x7f
100063f6:	400a      	ands	r2, r1
100063f8:	09cb      	lsrs	r3, r1, #7
100063fa:	0052      	lsls	r2, r2, #1
100063fc:	4903      	ldr	r1, [pc, #12]	; (1000640c <usbd_edpt_stalled+0x18>)
100063fe:	1889      	adds	r1, r1, r2
10006400:	18c9      	adds	r1, r1, r3
10006402:	3130      	adds	r1, #48	; 0x30
10006404:	78c8      	ldrb	r0, [r1, #3]
10006406:	0780      	lsls	r0, r0, #30
10006408:	0fc0      	lsrs	r0, r0, #31
1000640a:	4770      	bx	lr
1000640c:	20001bf4 	.word	0x20001bf4

10006410 <process_control_request>:
10006410:	b5f0      	push	{r4, r5, r6, r7, lr}
10006412:	46c6      	mov	lr, r8
10006414:	b500      	push	{lr}
10006416:	b082      	sub	sp, #8
10006418:	0005      	movs	r5, r0
1000641a:	000c      	movs	r4, r1
1000641c:	2000      	movs	r0, #0
1000641e:	f000 fb1d 	bl	10006a5c <usbd_control_set_complete_callback>
10006422:	7823      	ldrb	r3, [r4, #0]
10006424:	2260      	movs	r2, #96	; 0x60
10006426:	4013      	ands	r3, r2
10006428:	2b60      	cmp	r3, #96	; 0x60
1000642a:	d100      	bne.n	1000642e <process_control_request+0x1e>
1000642c:	e185      	b.n	1000673a <process_control_request+0x32a>
1000642e:	2b40      	cmp	r3, #64	; 0x40
10006430:	d00f      	beq.n	10006452 <process_control_request+0x42>
10006432:	7822      	ldrb	r2, [r4, #0]
10006434:	06d2      	lsls	r2, r2, #27
10006436:	0ed2      	lsrs	r2, r2, #27
10006438:	2a01      	cmp	r2, #1
1000643a:	d100      	bne.n	1000643e <process_control_request+0x2e>
1000643c:	e0c9      	b.n	100065d2 <process_control_request+0x1c2>
1000643e:	2a02      	cmp	r2, #2
10006440:	d100      	bne.n	10006444 <process_control_request+0x34>
10006442:	e10f      	b.n	10006664 <process_control_request+0x254>
10006444:	2a00      	cmp	r2, #0
10006446:	d011      	beq.n	1000646c <process_control_request+0x5c>
10006448:	2000      	movs	r0, #0
1000644a:	b002      	add	sp, #8
1000644c:	bc80      	pop	{r7}
1000644e:	46b8      	mov	r8, r7
10006450:	bdf0      	pop	{r4, r5, r6, r7, pc}
10006452:	4bc7      	ldr	r3, [pc, #796]	; (10006770 <process_control_request+0x360>)
10006454:	2b00      	cmp	r3, #0
10006456:	d100      	bne.n	1000645a <process_control_request+0x4a>
10006458:	e171      	b.n	1000673e <process_control_request+0x32e>
1000645a:	0018      	movs	r0, r3
1000645c:	f000 fafe 	bl	10006a5c <usbd_control_set_complete_callback>
10006460:	0022      	movs	r2, r4
10006462:	2101      	movs	r1, #1
10006464:	0028      	movs	r0, r5
10006466:	e000      	b.n	1000646a <process_control_request+0x5a>
10006468:	bf00      	nop
1000646a:	e7ee      	b.n	1000644a <process_control_request+0x3a>
1000646c:	2b20      	cmp	r3, #32
1000646e:	d00a      	beq.n	10006486 <process_control_request+0x76>
10006470:	2b00      	cmp	r3, #0
10006472:	d000      	beq.n	10006476 <process_control_request+0x66>
10006474:	e16b      	b.n	1000674e <process_control_request+0x33e>
10006476:	7863      	ldrb	r3, [r4, #1]
10006478:	2b09      	cmp	r3, #9
1000647a:	d900      	bls.n	1000647e <process_control_request+0x6e>
1000647c:	e169      	b.n	10006752 <process_control_request+0x342>
1000647e:	009b      	lsls	r3, r3, #2
10006480:	4abc      	ldr	r2, [pc, #752]	; (10006774 <process_control_request+0x364>)
10006482:	58d3      	ldr	r3, [r2, r3]
10006484:	469f      	mov	pc, r3
10006486:	7923      	ldrb	r3, [r4, #4]
10006488:	2b0f      	cmp	r3, #15
1000648a:	d900      	bls.n	1000648e <process_control_request+0x7e>
1000648c:	e159      	b.n	10006742 <process_control_request+0x332>
1000648e:	4aba      	ldr	r2, [pc, #744]	; (10006778 <process_control_request+0x368>)
10006490:	18d3      	adds	r3, r2, r3
10006492:	78db      	ldrb	r3, [r3, #3]
10006494:	4ab9      	ldr	r2, [pc, #740]	; (1000677c <process_control_request+0x36c>)
10006496:	2a00      	cmp	r2, #0
10006498:	d005      	beq.n	100064a6 <process_control_request+0x96>
1000649a:	4ab9      	ldr	r2, [pc, #740]	; (10006780 <process_control_request+0x370>)
1000649c:	7812      	ldrb	r2, [r2, #0]
1000649e:	4293      	cmp	r3, r2
100064a0:	d311      	bcc.n	100064c6 <process_control_request+0xb6>
100064a2:	1a9b      	subs	r3, r3, r2
100064a4:	b2db      	uxtb	r3, r3
100064a6:	2b00      	cmp	r3, #0
100064a8:	d000      	beq.n	100064ac <process_control_request+0x9c>
100064aa:	e14c      	b.n	10006746 <process_control_request+0x336>
100064ac:	0059      	lsls	r1, r3, #1
100064ae:	18cb      	adds	r3, r1, r3
100064b0:	00db      	lsls	r3, r3, #3
100064b2:	49b4      	ldr	r1, [pc, #720]	; (10006784 <process_control_request+0x374>)
100064b4:	18c9      	adds	r1, r1, r3
100064b6:	2900      	cmp	r1, #0
100064b8:	d100      	bne.n	100064bc <process_control_request+0xac>
100064ba:	e146      	b.n	1000674a <process_control_request+0x33a>
100064bc:	0022      	movs	r2, r4
100064be:	0028      	movs	r0, r5
100064c0:	f7ff fcd2 	bl	10005e68 <invoke_class_control>
100064c4:	e7c1      	b.n	1000644a <process_control_request+0x3a>
100064c6:	0059      	lsls	r1, r3, #1
100064c8:	18cb      	adds	r3, r1, r3
100064ca:	00db      	lsls	r3, r3, #3
100064cc:	4aae      	ldr	r2, [pc, #696]	; (10006788 <process_control_request+0x378>)
100064ce:	6811      	ldr	r1, [r2, #0]
100064d0:	18c9      	adds	r1, r1, r3
100064d2:	e7f0      	b.n	100064b6 <process_control_request+0xa6>
100064d4:	0020      	movs	r0, r4
100064d6:	f000 fac7 	bl	10006a68 <usbd_control_set_request>
100064da:	78a1      	ldrb	r1, [r4, #2]
100064dc:	0028      	movs	r0, r5
100064de:	f7ff fb5d 	bl	10005b9c <dcd_set_address>
100064e2:	4aa5      	ldr	r2, [pc, #660]	; (10006778 <process_control_request+0x368>)
100064e4:	7813      	ldrb	r3, [r2, #0]
100064e6:	2102      	movs	r1, #2
100064e8:	430b      	orrs	r3, r1
100064ea:	7013      	strb	r3, [r2, #0]
100064ec:	2001      	movs	r0, #1
100064ee:	e7ac      	b.n	1000644a <process_control_request+0x3a>
100064f0:	4ba1      	ldr	r3, [pc, #644]	; (10006778 <process_control_request+0x368>)
100064f2:	785b      	ldrb	r3, [r3, #1]
100064f4:	466a      	mov	r2, sp
100064f6:	3206      	adds	r2, #6
100064f8:	7013      	strb	r3, [r2, #0]
100064fa:	2301      	movs	r3, #1
100064fc:	0021      	movs	r1, r4
100064fe:	0028      	movs	r0, r5
10006500:	f000 fa68 	bl	100069d4 <tud_control_xfer>
10006504:	2001      	movs	r0, #1
10006506:	e7a0      	b.n	1000644a <process_control_request+0x3a>
10006508:	78a6      	ldrb	r6, [r4, #2]
1000650a:	4b9b      	ldr	r3, [pc, #620]	; (10006778 <process_control_request+0x368>)
1000650c:	785b      	ldrb	r3, [r3, #1]
1000650e:	b2db      	uxtb	r3, r3
10006510:	42b3      	cmp	r3, r6
10006512:	d005      	beq.n	10006520 <process_control_request+0x110>
10006514:	4b98      	ldr	r3, [pc, #608]	; (10006778 <process_control_request+0x368>)
10006516:	785b      	ldrb	r3, [r3, #1]
10006518:	2b00      	cmp	r3, #0
1000651a:	d109      	bne.n	10006530 <process_control_request+0x120>
1000651c:	2e00      	cmp	r6, #0
1000651e:	d113      	bne.n	10006548 <process_control_request+0x138>
10006520:	4b95      	ldr	r3, [pc, #596]	; (10006778 <process_control_request+0x368>)
10006522:	705e      	strb	r6, [r3, #1]
10006524:	0021      	movs	r1, r4
10006526:	0028      	movs	r0, r5
10006528:	f000 fa38 	bl	1000699c <tud_control_status>
1000652c:	2001      	movs	r0, #1
1000652e:	e78c      	b.n	1000644a <process_control_request+0x3a>
10006530:	0028      	movs	r0, r5
10006532:	f7ff fbbf 	bl	10005cb4 <dcd_edpt_close_all>
10006536:	4f90      	ldr	r7, [pc, #576]	; (10006778 <process_control_request+0x368>)
10006538:	78bb      	ldrb	r3, [r7, #2]
1000653a:	4698      	mov	r8, r3
1000653c:	0028      	movs	r0, r5
1000653e:	f7ff fc4b 	bl	10005dd8 <configuration_reset>
10006542:	4643      	mov	r3, r8
10006544:	70bb      	strb	r3, [r7, #2]
10006546:	e7e9      	b.n	1000651c <process_control_request+0x10c>
10006548:	0031      	movs	r1, r6
1000654a:	0028      	movs	r0, r5
1000654c:	f7ff fc9a 	bl	10005e84 <process_set_config>
10006550:	2800      	cmp	r0, #0
10006552:	d1e5      	bne.n	10006520 <process_control_request+0x110>
10006554:	e779      	b.n	1000644a <process_control_request+0x3a>
10006556:	0021      	movs	r1, r4
10006558:	0028      	movs	r0, r5
1000655a:	f7ff fd4f 	bl	10005ffc <process_get_descriptor>
1000655e:	e774      	b.n	1000644a <process_control_request+0x3a>
10006560:	78a2      	ldrb	r2, [r4, #2]
10006562:	78e3      	ldrb	r3, [r4, #3]
10006564:	021b      	lsls	r3, r3, #8
10006566:	4313      	orrs	r3, r2
10006568:	2b01      	cmp	r3, #1
1000656a:	d001      	beq.n	10006570 <process_control_request+0x160>
1000656c:	2000      	movs	r0, #0
1000656e:	e76c      	b.n	1000644a <process_control_request+0x3a>
10006570:	4a81      	ldr	r2, [pc, #516]	; (10006778 <process_control_request+0x368>)
10006572:	7813      	ldrb	r3, [r2, #0]
10006574:	2108      	movs	r1, #8
10006576:	430b      	orrs	r3, r1
10006578:	7013      	strb	r3, [r2, #0]
1000657a:	0021      	movs	r1, r4
1000657c:	0028      	movs	r0, r5
1000657e:	f000 fa0d 	bl	1000699c <tud_control_status>
10006582:	2001      	movs	r0, #1
10006584:	e761      	b.n	1000644a <process_control_request+0x3a>
10006586:	78a2      	ldrb	r2, [r4, #2]
10006588:	78e3      	ldrb	r3, [r4, #3]
1000658a:	021b      	lsls	r3, r3, #8
1000658c:	4313      	orrs	r3, r2
1000658e:	2b01      	cmp	r3, #1
10006590:	d001      	beq.n	10006596 <process_control_request+0x186>
10006592:	2000      	movs	r0, #0
10006594:	e759      	b.n	1000644a <process_control_request+0x3a>
10006596:	4a78      	ldr	r2, [pc, #480]	; (10006778 <process_control_request+0x368>)
10006598:	7813      	ldrb	r3, [r2, #0]
1000659a:	2108      	movs	r1, #8
1000659c:	438b      	bics	r3, r1
1000659e:	7013      	strb	r3, [r2, #0]
100065a0:	0021      	movs	r1, r4
100065a2:	0028      	movs	r0, r5
100065a4:	f000 f9fa 	bl	1000699c <tud_control_status>
100065a8:	2001      	movs	r0, #1
100065aa:	e74e      	b.n	1000644a <process_control_request+0x3a>
100065ac:	4b72      	ldr	r3, [pc, #456]	; (10006778 <process_control_request+0x368>)
100065ae:	781a      	ldrb	r2, [r3, #0]
100065b0:	0951      	lsrs	r1, r2, #5
100065b2:	0892      	lsrs	r2, r2, #2
100065b4:	2301      	movs	r3, #1
100065b6:	400b      	ands	r3, r1
100065b8:	2102      	movs	r1, #2
100065ba:	400a      	ands	r2, r1
100065bc:	4313      	orrs	r3, r2
100065be:	466a      	mov	r2, sp
100065c0:	3206      	adds	r2, #6
100065c2:	8013      	strh	r3, [r2, #0]
100065c4:	2302      	movs	r3, #2
100065c6:	0021      	movs	r1, r4
100065c8:	0028      	movs	r0, r5
100065ca:	f000 fa03 	bl	100069d4 <tud_control_xfer>
100065ce:	2001      	movs	r0, #1
100065d0:	e73b      	b.n	1000644a <process_control_request+0x3a>
100065d2:	7923      	ldrb	r3, [r4, #4]
100065d4:	2b0f      	cmp	r3, #15
100065d6:	d900      	bls.n	100065da <process_control_request+0x1ca>
100065d8:	e0bd      	b.n	10006756 <process_control_request+0x346>
100065da:	4a67      	ldr	r2, [pc, #412]	; (10006778 <process_control_request+0x368>)
100065dc:	18d3      	adds	r3, r2, r3
100065de:	78d9      	ldrb	r1, [r3, #3]
100065e0:	4b66      	ldr	r3, [pc, #408]	; (1000677c <process_control_request+0x36c>)
100065e2:	2b00      	cmp	r3, #0
100065e4:	d005      	beq.n	100065f2 <process_control_request+0x1e2>
100065e6:	4b66      	ldr	r3, [pc, #408]	; (10006780 <process_control_request+0x370>)
100065e8:	781b      	ldrb	r3, [r3, #0]
100065ea:	4299      	cmp	r1, r3
100065ec:	d328      	bcc.n	10006640 <process_control_request+0x230>
100065ee:	1ac9      	subs	r1, r1, r3
100065f0:	b2c9      	uxtb	r1, r1
100065f2:	2900      	cmp	r1, #0
100065f4:	d000      	beq.n	100065f8 <process_control_request+0x1e8>
100065f6:	e0b0      	b.n	1000675a <process_control_request+0x34a>
100065f8:	004b      	lsls	r3, r1, #1
100065fa:	185b      	adds	r3, r3, r1
100065fc:	00db      	lsls	r3, r3, #3
100065fe:	4961      	ldr	r1, [pc, #388]	; (10006784 <process_control_request+0x374>)
10006600:	18c9      	adds	r1, r1, r3
10006602:	2900      	cmp	r1, #0
10006604:	d100      	bne.n	10006608 <process_control_request+0x1f8>
10006606:	e0aa      	b.n	1000675e <process_control_request+0x34e>
10006608:	0022      	movs	r2, r4
1000660a:	0028      	movs	r0, r5
1000660c:	f7ff fc2c 	bl	10005e68 <invoke_class_control>
10006610:	2800      	cmp	r0, #0
10006612:	d000      	beq.n	10006616 <process_control_request+0x206>
10006614:	e719      	b.n	1000644a <process_control_request+0x3a>
10006616:	7823      	ldrb	r3, [r4, #0]
10006618:	2260      	movs	r2, #96	; 0x60
1000661a:	421a      	tst	r2, r3
1000661c:	d000      	beq.n	10006620 <process_control_request+0x210>
1000661e:	e714      	b.n	1000644a <process_control_request+0x3a>
10006620:	7863      	ldrb	r3, [r4, #1]
10006622:	3b0a      	subs	r3, #10
10006624:	2b01      	cmp	r3, #1
10006626:	d900      	bls.n	1000662a <process_control_request+0x21a>
10006628:	e70f      	b.n	1000644a <process_control_request+0x3a>
1000662a:	f000 fa17 	bl	10006a5c <usbd_control_set_complete_callback>
1000662e:	7863      	ldrb	r3, [r4, #1]
10006630:	2b0a      	cmp	r3, #10
10006632:	d00c      	beq.n	1000664e <process_control_request+0x23e>
10006634:	0021      	movs	r1, r4
10006636:	0028      	movs	r0, r5
10006638:	f000 f9b0 	bl	1000699c <tud_control_status>
1000663c:	2001      	movs	r0, #1
1000663e:	e704      	b.n	1000644a <process_control_request+0x3a>
10006640:	004b      	lsls	r3, r1, #1
10006642:	185b      	adds	r3, r3, r1
10006644:	00db      	lsls	r3, r3, #3
10006646:	4a50      	ldr	r2, [pc, #320]	; (10006788 <process_control_request+0x378>)
10006648:	6811      	ldr	r1, [r2, #0]
1000664a:	18c9      	adds	r1, r1, r3
1000664c:	e7d9      	b.n	10006602 <process_control_request+0x1f2>
1000664e:	466b      	mov	r3, sp
10006650:	1d9a      	adds	r2, r3, #6
10006652:	2300      	movs	r3, #0
10006654:	7013      	strb	r3, [r2, #0]
10006656:	3301      	adds	r3, #1
10006658:	0021      	movs	r1, r4
1000665a:	0028      	movs	r0, r5
1000665c:	f000 f9ba 	bl	100069d4 <tud_control_xfer>
10006660:	2001      	movs	r0, #1
10006662:	e6f2      	b.n	1000644a <process_control_request+0x3a>
10006664:	7921      	ldrb	r1, [r4, #4]
10006666:	227f      	movs	r2, #127	; 0x7f
10006668:	400a      	ands	r2, r1
1000666a:	09ce      	lsrs	r6, r1, #7
1000666c:	2070      	movs	r0, #112	; 0x70
1000666e:	4208      	tst	r0, r1
10006670:	d177      	bne.n	10006762 <process_control_request+0x352>
10006672:	0052      	lsls	r2, r2, #1
10006674:	4840      	ldr	r0, [pc, #256]	; (10006778 <process_control_request+0x368>)
10006676:	1882      	adds	r2, r0, r2
10006678:	1992      	adds	r2, r2, r6
1000667a:	7cd2      	ldrb	r2, [r2, #19]
1000667c:	483f      	ldr	r0, [pc, #252]	; (1000677c <process_control_request+0x36c>)
1000667e:	2800      	cmp	r0, #0
10006680:	d005      	beq.n	1000668e <process_control_request+0x27e>
10006682:	483f      	ldr	r0, [pc, #252]	; (10006780 <process_control_request+0x370>)
10006684:	7800      	ldrb	r0, [r0, #0]
10006686:	4282      	cmp	r2, r0
10006688:	d312      	bcc.n	100066b0 <process_control_request+0x2a0>
1000668a:	1a12      	subs	r2, r2, r0
1000668c:	b2d2      	uxtb	r2, r2
1000668e:	2a00      	cmp	r2, #0
10006690:	d115      	bne.n	100066be <process_control_request+0x2ae>
10006692:	0056      	lsls	r6, r2, #1
10006694:	18b2      	adds	r2, r6, r2
10006696:	00d2      	lsls	r2, r2, #3
10006698:	4e3a      	ldr	r6, [pc, #232]	; (10006784 <process_control_request+0x374>)
1000669a:	18b6      	adds	r6, r6, r2
1000669c:	2b00      	cmp	r3, #0
1000669e:	d010      	beq.n	100066c2 <process_control_request+0x2b2>
100066a0:	2e00      	cmp	r6, #0
100066a2:	d060      	beq.n	10006766 <process_control_request+0x356>
100066a4:	0022      	movs	r2, r4
100066a6:	0031      	movs	r1, r6
100066a8:	0028      	movs	r0, r5
100066aa:	f7ff fbdd 	bl	10005e68 <invoke_class_control>
100066ae:	e6cc      	b.n	1000644a <process_control_request+0x3a>
100066b0:	0056      	lsls	r6, r2, #1
100066b2:	18b2      	adds	r2, r6, r2
100066b4:	00d2      	lsls	r2, r2, #3
100066b6:	4834      	ldr	r0, [pc, #208]	; (10006788 <process_control_request+0x378>)
100066b8:	6806      	ldr	r6, [r0, #0]
100066ba:	18b6      	adds	r6, r6, r2
100066bc:	e7ee      	b.n	1000669c <process_control_request+0x28c>
100066be:	2600      	movs	r6, #0
100066c0:	e7ec      	b.n	1000669c <process_control_request+0x28c>
100066c2:	7863      	ldrb	r3, [r4, #1]
100066c4:	2b01      	cmp	r3, #1
100066c6:	d012      	beq.n	100066ee <process_control_request+0x2de>
100066c8:	2b03      	cmp	r3, #3
100066ca:	d010      	beq.n	100066ee <process_control_request+0x2de>
100066cc:	2b00      	cmp	r3, #0
100066ce:	d001      	beq.n	100066d4 <process_control_request+0x2c4>
100066d0:	2000      	movs	r0, #0
100066d2:	e6ba      	b.n	1000644a <process_control_request+0x3a>
100066d4:	0028      	movs	r0, r5
100066d6:	f7ff fe8d 	bl	100063f4 <usbd_edpt_stalled>
100066da:	466b      	mov	r3, sp
100066dc:	1d9a      	adds	r2, r3, #6
100066de:	8010      	strh	r0, [r2, #0]
100066e0:	2302      	movs	r3, #2
100066e2:	0021      	movs	r1, r4
100066e4:	0028      	movs	r0, r5
100066e6:	f000 f975 	bl	100069d4 <tud_control_xfer>
100066ea:	2001      	movs	r0, #1
100066ec:	e6ad      	b.n	1000644a <process_control_request+0x3a>
100066ee:	78a7      	ldrb	r7, [r4, #2]
100066f0:	78e2      	ldrb	r2, [r4, #3]
100066f2:	0212      	lsls	r2, r2, #8
100066f4:	433a      	orrs	r2, r7
100066f6:	d104      	bne.n	10006702 <process_control_request+0x2f2>
100066f8:	2b01      	cmp	r3, #1
100066fa:	d01a      	beq.n	10006732 <process_control_request+0x322>
100066fc:	0028      	movs	r0, r5
100066fe:	f7ff fe31 	bl	10006364 <usbd_edpt_stall>
10006702:	2e00      	cmp	r6, #0
10006704:	d031      	beq.n	1000676a <process_control_request+0x35a>
10006706:	0022      	movs	r2, r4
10006708:	0031      	movs	r1, r6
1000670a:	0028      	movs	r0, r5
1000670c:	f7ff fbac 	bl	10005e68 <invoke_class_control>
10006710:	2000      	movs	r0, #0
10006712:	f000 f9a3 	bl	10006a5c <usbd_control_set_complete_callback>
10006716:	4a18      	ldr	r2, [pc, #96]	; (10006778 <process_control_request+0x368>)
10006718:	2334      	movs	r3, #52	; 0x34
1000671a:	5cd3      	ldrb	r3, [r2, r3]
1000671c:	07db      	lsls	r3, r3, #31
1000671e:	0fd8      	lsrs	r0, r3, #31
10006720:	2b00      	cmp	r3, #0
10006722:	d000      	beq.n	10006726 <process_control_request+0x316>
10006724:	e691      	b.n	1000644a <process_control_request+0x3a>
10006726:	0021      	movs	r1, r4
10006728:	0028      	movs	r0, r5
1000672a:	f000 f937 	bl	1000699c <tud_control_status>
1000672e:	2001      	movs	r0, #1
10006730:	e68b      	b.n	1000644a <process_control_request+0x3a>
10006732:	0028      	movs	r0, r5
10006734:	f7ff fe3a 	bl	100063ac <usbd_edpt_clear_stall>
10006738:	e7e3      	b.n	10006702 <process_control_request+0x2f2>
1000673a:	2000      	movs	r0, #0
1000673c:	e685      	b.n	1000644a <process_control_request+0x3a>
1000673e:	2000      	movs	r0, #0
10006740:	e683      	b.n	1000644a <process_control_request+0x3a>
10006742:	2000      	movs	r0, #0
10006744:	e681      	b.n	1000644a <process_control_request+0x3a>
10006746:	2000      	movs	r0, #0
10006748:	e67f      	b.n	1000644a <process_control_request+0x3a>
1000674a:	2000      	movs	r0, #0
1000674c:	e67d      	b.n	1000644a <process_control_request+0x3a>
1000674e:	2000      	movs	r0, #0
10006750:	e67b      	b.n	1000644a <process_control_request+0x3a>
10006752:	2000      	movs	r0, #0
10006754:	e679      	b.n	1000644a <process_control_request+0x3a>
10006756:	2000      	movs	r0, #0
10006758:	e677      	b.n	1000644a <process_control_request+0x3a>
1000675a:	2000      	movs	r0, #0
1000675c:	e675      	b.n	1000644a <process_control_request+0x3a>
1000675e:	2000      	movs	r0, #0
10006760:	e673      	b.n	1000644a <process_control_request+0x3a>
10006762:	2000      	movs	r0, #0
10006764:	e671      	b.n	1000644a <process_control_request+0x3a>
10006766:	2000      	movs	r0, #0
10006768:	e66f      	b.n	1000644a <process_control_request+0x3a>
1000676a:	2001      	movs	r0, #1
1000676c:	e66d      	b.n	1000644a <process_control_request+0x3a>
1000676e:	46c0      	nop			; (mov r8, r8)
10006770:	00000000 	.word	0x00000000
10006774:	1000c068 	.word	0x1000c068
10006778:	20001bf4 	.word	0x20001bf4
1000677c:	10005469 	.word	0x10005469
10006780:	20002529 	.word	0x20002529
10006784:	1000c0b4 	.word	0x1000c0b4
10006788:	200018cc 	.word	0x200018cc

1000678c <tud_task_ext>:
1000678c:	b530      	push	{r4, r5, lr}
1000678e:	b085      	sub	sp, #20
10006790:	f000 fce9 	bl	10007166 <tusb_inited>
10006794:	2800      	cmp	r0, #0
10006796:	d108      	bne.n	100067aa <tud_task_ext+0x1e>
10006798:	b005      	add	sp, #20
1000679a:	bd30      	pop	{r4, r5, pc}
1000679c:	ac01      	add	r4, sp, #4
1000679e:	7820      	ldrb	r0, [r4, #0]
100067a0:	f7ff fb5c 	bl	10005e5c <usbd_reset>
100067a4:	7922      	ldrb	r2, [r4, #4]
100067a6:	4b5d      	ldr	r3, [pc, #372]	; (1000691c <tud_task_ext+0x190>)
100067a8:	709a      	strb	r2, [r3, #2]
100067aa:	4b5d      	ldr	r3, [pc, #372]	; (10006920 <tud_task_ext+0x194>)
100067ac:	681c      	ldr	r4, [r3, #0]
100067ae:	0021      	movs	r1, r4
100067b0:	3114      	adds	r1, #20
100067b2:	6962      	ldr	r2, [r4, #20]
100067b4:	f3ef 8010 	mrs	r0, PRIMASK
100067b8:	b672      	cpsid	i
100067ba:	6813      	ldr	r3, [r2, #0]
100067bc:	2b00      	cmp	r3, #0
100067be:	d0fc      	beq.n	100067ba <tud_task_ext+0x2e>
100067c0:	f3bf 8f5f 	dmb	sy
100067c4:	6048      	str	r0, [r1, #4]
100067c6:	a901      	add	r1, sp, #4
100067c8:	0020      	movs	r0, r4
100067ca:	f001 f84d 	bl	10007868 <tu_fifo_read>
100067ce:	6962      	ldr	r2, [r4, #20]
100067d0:	69a3      	ldr	r3, [r4, #24]
100067d2:	f3bf 8f5f 	dmb	sy
100067d6:	2100      	movs	r1, #0
100067d8:	6011      	str	r1, [r2, #0]
100067da:	f383 8810 	msr	PRIMASK, r3
100067de:	2800      	cmp	r0, #0
100067e0:	d0da      	beq.n	10006798 <tud_task_ext+0xc>
100067e2:	ab01      	add	r3, sp, #4
100067e4:	785b      	ldrb	r3, [r3, #1]
100067e6:	2b08      	cmp	r3, #8
100067e8:	d8df      	bhi.n	100067aa <tud_task_ext+0x1e>
100067ea:	009b      	lsls	r3, r3, #2
100067ec:	4a4d      	ldr	r2, [pc, #308]	; (10006924 <tud_task_ext+0x198>)
100067ee:	58d3      	ldr	r3, [r2, r3]
100067f0:	469f      	mov	pc, r3
100067f2:	ab01      	add	r3, sp, #4
100067f4:	7818      	ldrb	r0, [r3, #0]
100067f6:	f7ff fb31 	bl	10005e5c <usbd_reset>
100067fa:	4b4b      	ldr	r3, [pc, #300]	; (10006928 <tud_task_ext+0x19c>)
100067fc:	2b00      	cmp	r3, #0
100067fe:	d0d4      	beq.n	100067aa <tud_task_ext+0x1e>
10006800:	e000      	b.n	10006804 <tud_task_ext+0x78>
10006802:	bf00      	nop
10006804:	e7d1      	b.n	100067aa <tud_task_ext+0x1e>
10006806:	4b45      	ldr	r3, [pc, #276]	; (1000691c <tud_task_ext+0x190>)
10006808:	781a      	ldrb	r2, [r3, #0]
1000680a:	2401      	movs	r4, #1
1000680c:	2101      	movs	r1, #1
1000680e:	430a      	orrs	r2, r1
10006810:	701a      	strb	r2, [r3, #0]
10006812:	2233      	movs	r2, #51	; 0x33
10006814:	5c99      	ldrb	r1, [r3, r2]
10006816:	43a1      	bics	r1, r4
10006818:	5499      	strb	r1, [r3, r2]
1000681a:	5c99      	ldrb	r1, [r3, r2]
1000681c:	2004      	movs	r0, #4
1000681e:	4381      	bics	r1, r0
10006820:	5499      	strb	r1, [r3, r2]
10006822:	3201      	adds	r2, #1
10006824:	5c99      	ldrb	r1, [r3, r2]
10006826:	43a1      	bics	r1, r4
10006828:	5499      	strb	r1, [r3, r2]
1000682a:	5c99      	ldrb	r1, [r3, r2]
1000682c:	4381      	bics	r1, r0
1000682e:	5499      	strb	r1, [r3, r2]
10006830:	ab01      	add	r3, sp, #4
10006832:	7818      	ldrb	r0, [r3, #0]
10006834:	a902      	add	r1, sp, #8
10006836:	f7ff fdeb 	bl	10006410 <process_control_request>
1000683a:	2800      	cmp	r0, #0
1000683c:	d1b5      	bne.n	100067aa <tud_task_ext+0x1e>
1000683e:	ac01      	add	r4, sp, #4
10006840:	7820      	ldrb	r0, [r4, #0]
10006842:	2100      	movs	r1, #0
10006844:	f7ff fa54 	bl	10005cf0 <dcd_edpt_stall>
10006848:	7820      	ldrb	r0, [r4, #0]
1000684a:	2180      	movs	r1, #128	; 0x80
1000684c:	f7ff fa50 	bl	10005cf0 <dcd_edpt_stall>
10006850:	e7ab      	b.n	100067aa <tud_task_ext+0x1e>
10006852:	ab01      	add	r3, sp, #4
10006854:	7919      	ldrb	r1, [r3, #4]
10006856:	227f      	movs	r2, #127	; 0x7f
10006858:	400a      	ands	r2, r1
1000685a:	09cc      	lsrs	r4, r1, #7
1000685c:	0050      	lsls	r0, r2, #1
1000685e:	4b2f      	ldr	r3, [pc, #188]	; (1000691c <tud_task_ext+0x190>)
10006860:	181b      	adds	r3, r3, r0
10006862:	191b      	adds	r3, r3, r4
10006864:	3330      	adds	r3, #48	; 0x30
10006866:	78d8      	ldrb	r0, [r3, #3]
10006868:	2501      	movs	r5, #1
1000686a:	43a8      	bics	r0, r5
1000686c:	70d8      	strb	r0, [r3, #3]
1000686e:	78d8      	ldrb	r0, [r3, #3]
10006870:	3503      	adds	r5, #3
10006872:	43a8      	bics	r0, r5
10006874:	70d8      	strb	r0, [r3, #3]
10006876:	2a00      	cmp	r2, #0
10006878:	d01f      	beq.n	100068ba <tud_task_ext+0x12e>
1000687a:	0052      	lsls	r2, r2, #1
1000687c:	4b27      	ldr	r3, [pc, #156]	; (1000691c <tud_task_ext+0x190>)
1000687e:	189a      	adds	r2, r3, r2
10006880:	1912      	adds	r2, r2, r4
10006882:	7cd3      	ldrb	r3, [r2, #19]
10006884:	4a29      	ldr	r2, [pc, #164]	; (1000692c <tud_task_ext+0x1a0>)
10006886:	2a00      	cmp	r2, #0
10006888:	d005      	beq.n	10006896 <tud_task_ext+0x10a>
1000688a:	4a29      	ldr	r2, [pc, #164]	; (10006930 <tud_task_ext+0x1a4>)
1000688c:	7812      	ldrb	r2, [r2, #0]
1000688e:	4293      	cmp	r3, r2
10006890:	d31a      	bcc.n	100068c8 <tud_task_ext+0x13c>
10006892:	1a9b      	subs	r3, r3, r2
10006894:	b2db      	uxtb	r3, r3
10006896:	2b00      	cmp	r3, #0
10006898:	d000      	beq.n	1000689c <tud_task_ext+0x110>
1000689a:	e77d      	b.n	10006798 <tud_task_ext+0xc>
1000689c:	005a      	lsls	r2, r3, #1
1000689e:	18d2      	adds	r2, r2, r3
100068a0:	00d2      	lsls	r2, r2, #3
100068a2:	4b24      	ldr	r3, [pc, #144]	; (10006934 <tud_task_ext+0x1a8>)
100068a4:	189b      	adds	r3, r3, r2
100068a6:	2b00      	cmp	r3, #0
100068a8:	d100      	bne.n	100068ac <tud_task_ext+0x120>
100068aa:	e775      	b.n	10006798 <tud_task_ext+0xc>
100068ac:	691c      	ldr	r4, [r3, #16]
100068ae:	a801      	add	r0, sp, #4
100068b0:	7942      	ldrb	r2, [r0, #5]
100068b2:	9b03      	ldr	r3, [sp, #12]
100068b4:	7800      	ldrb	r0, [r0, #0]
100068b6:	47a0      	blx	r4
100068b8:	e777      	b.n	100067aa <tud_task_ext+0x1e>
100068ba:	a801      	add	r0, sp, #4
100068bc:	7942      	ldrb	r2, [r0, #5]
100068be:	9b03      	ldr	r3, [sp, #12]
100068c0:	7800      	ldrb	r0, [r0, #0]
100068c2:	f000 f8df 	bl	10006a84 <usbd_control_xfer_cb>
100068c6:	e770      	b.n	100067aa <tud_task_ext+0x1e>
100068c8:	005a      	lsls	r2, r3, #1
100068ca:	18d2      	adds	r2, r2, r3
100068cc:	00d2      	lsls	r2, r2, #3
100068ce:	4b1a      	ldr	r3, [pc, #104]	; (10006938 <tud_task_ext+0x1ac>)
100068d0:	681b      	ldr	r3, [r3, #0]
100068d2:	189b      	adds	r3, r3, r2
100068d4:	e7e7      	b.n	100068a6 <tud_task_ext+0x11a>
100068d6:	4b11      	ldr	r3, [pc, #68]	; (1000691c <tud_task_ext+0x190>)
100068d8:	781b      	ldrb	r3, [r3, #0]
100068da:	07db      	lsls	r3, r3, #31
100068dc:	d400      	bmi.n	100068e0 <tud_task_ext+0x154>
100068de:	e764      	b.n	100067aa <tud_task_ext+0x1e>
100068e0:	4b16      	ldr	r3, [pc, #88]	; (1000693c <tud_task_ext+0x1b0>)
100068e2:	2b00      	cmp	r3, #0
100068e4:	d100      	bne.n	100068e8 <tud_task_ext+0x15c>
100068e6:	e760      	b.n	100067aa <tud_task_ext+0x1e>
100068e8:	4b0c      	ldr	r3, [pc, #48]	; (1000691c <tud_task_ext+0x190>)
100068ea:	7818      	ldrb	r0, [r3, #0]
100068ec:	0700      	lsls	r0, r0, #28
100068ee:	0fc0      	lsrs	r0, r0, #31
100068f0:	e000      	b.n	100068f4 <tud_task_ext+0x168>
100068f2:	bf00      	nop
100068f4:	e759      	b.n	100067aa <tud_task_ext+0x1e>
100068f6:	4b09      	ldr	r3, [pc, #36]	; (1000691c <tud_task_ext+0x190>)
100068f8:	781b      	ldrb	r3, [r3, #0]
100068fa:	07db      	lsls	r3, r3, #31
100068fc:	d400      	bmi.n	10006900 <tud_task_ext+0x174>
100068fe:	e754      	b.n	100067aa <tud_task_ext+0x1e>
10006900:	4b0f      	ldr	r3, [pc, #60]	; (10006940 <tud_task_ext+0x1b4>)
10006902:	2b00      	cmp	r3, #0
10006904:	d100      	bne.n	10006908 <tud_task_ext+0x17c>
10006906:	e750      	b.n	100067aa <tud_task_ext+0x1e>
10006908:	e000      	b.n	1000690c <tud_task_ext+0x180>
1000690a:	bf00      	nop
1000690c:	e74d      	b.n	100067aa <tud_task_ext+0x1e>
1000690e:	9b02      	ldr	r3, [sp, #8]
10006910:	2b00      	cmp	r3, #0
10006912:	d100      	bne.n	10006916 <tud_task_ext+0x18a>
10006914:	e749      	b.n	100067aa <tud_task_ext+0x1e>
10006916:	9803      	ldr	r0, [sp, #12]
10006918:	4798      	blx	r3
1000691a:	e746      	b.n	100067aa <tud_task_ext+0x1e>
1000691c:	20001bf4 	.word	0x20001bf4
10006920:	20001c4c 	.word	0x20001c4c
10006924:	1000c090 	.word	0x1000c090
10006928:	00000000 	.word	0x00000000
1000692c:	10005469 	.word	0x10005469
10006930:	20002529 	.word	0x20002529
10006934:	1000c0b4 	.word	0x1000c0b4
10006938:	200018cc 	.word	0x200018cc
	...

10006944 <_data_stage_xact>:
10006944:	b5f8      	push	{r3, r4, r5, r6, r7, lr}
10006946:	0005      	movs	r5, r0
10006948:	4b12      	ldr	r3, [pc, #72]	; (10006994 <_data_stage_xact+0x50>)
1000694a:	899f      	ldrh	r7, [r3, #12]
1000694c:	89de      	ldrh	r6, [r3, #14]
1000694e:	1bb9      	subs	r1, r7, r6
10006950:	b289      	uxth	r1, r1
10006952:	1c0b      	adds	r3, r1, #0
10006954:	2940      	cmp	r1, #64	; 0x40
10006956:	d900      	bls.n	1000695a <_data_stage_xact+0x16>
10006958:	2340      	movs	r3, #64	; 0x40
1000695a:	b29c      	uxth	r4, r3
1000695c:	4b0d      	ldr	r3, [pc, #52]	; (10006994 <_data_stage_xact+0x50>)
1000695e:	781b      	ldrb	r3, [r3, #0]
10006960:	b25b      	sxtb	r3, r3
10006962:	2b00      	cmp	r3, #0
10006964:	db08      	blt.n	10006978 <_data_stage_xact+0x34>
10006966:	2100      	movs	r1, #0
10006968:	42b7      	cmp	r7, r6
1000696a:	d011      	beq.n	10006990 <_data_stage_xact+0x4c>
1000696c:	4a0a      	ldr	r2, [pc, #40]	; (10006998 <_data_stage_xact+0x54>)
1000696e:	0023      	movs	r3, r4
10006970:	0028      	movs	r0, r5
10006972:	f7ff fcbb 	bl	100062ec <usbd_edpt_xfer>
10006976:	bdf8      	pop	{r3, r4, r5, r6, r7, pc}
10006978:	42b7      	cmp	r7, r6
1000697a:	d101      	bne.n	10006980 <_data_stage_xact+0x3c>
1000697c:	2180      	movs	r1, #128	; 0x80
1000697e:	e7f3      	b.n	10006968 <_data_stage_xact+0x24>
10006980:	4b04      	ldr	r3, [pc, #16]	; (10006994 <_data_stage_xact+0x50>)
10006982:	6899      	ldr	r1, [r3, #8]
10006984:	0022      	movs	r2, r4
10006986:	4804      	ldr	r0, [pc, #16]	; (10006998 <_data_stage_xact+0x54>)
10006988:	f7fe fb9a 	bl	100050c0 <__wrap___aeabi_memcpy>
1000698c:	2180      	movs	r1, #128	; 0x80
1000698e:	e7eb      	b.n	10006968 <_data_stage_xact+0x24>
10006990:	2200      	movs	r2, #0
10006992:	e7ec      	b.n	1000696e <_data_stage_xact+0x2a>
10006994:	20001b98 	.word	0x20001b98
10006998:	20001bb4 	.word	0x20001bb4

1000699c <tud_control_status>:
1000699c:	b570      	push	{r4, r5, r6, lr}
1000699e:	0006      	movs	r6, r0
100069a0:	000c      	movs	r4, r1
100069a2:	4d0b      	ldr	r5, [pc, #44]	; (100069d0 <tud_control_status+0x34>)
100069a4:	2208      	movs	r2, #8
100069a6:	0028      	movs	r0, r5
100069a8:	f7fe fb8a 	bl	100050c0 <__wrap___aeabi_memcpy>
100069ac:	2300      	movs	r3, #0
100069ae:	60ab      	str	r3, [r5, #8]
100069b0:	81eb      	strh	r3, [r5, #14]
100069b2:	81ab      	strh	r3, [r5, #12]
100069b4:	2300      	movs	r3, #0
100069b6:	56e3      	ldrsb	r3, [r4, r3]
100069b8:	2b00      	cmp	r3, #0
100069ba:	db06      	blt.n	100069ca <tud_control_status+0x2e>
100069bc:	2180      	movs	r1, #128	; 0x80
100069be:	2300      	movs	r3, #0
100069c0:	2200      	movs	r2, #0
100069c2:	0030      	movs	r0, r6
100069c4:	f7ff fc92 	bl	100062ec <usbd_edpt_xfer>
100069c8:	bd70      	pop	{r4, r5, r6, pc}
100069ca:	2100      	movs	r1, #0
100069cc:	e7f7      	b.n	100069be <tud_control_status+0x22>
100069ce:	46c0      	nop			; (mov r8, r8)
100069d0:	20001b98 	.word	0x20001b98

100069d4 <tud_control_xfer>:
100069d4:	b5f0      	push	{r4, r5, r6, r7, lr}
100069d6:	46c6      	mov	lr, r8
100069d8:	b500      	push	{lr}
100069da:	4680      	mov	r8, r0
100069dc:	000c      	movs	r4, r1
100069de:	0016      	movs	r6, r2
100069e0:	001d      	movs	r5, r3
100069e2:	4f18      	ldr	r7, [pc, #96]	; (10006a44 <tud_control_xfer+0x70>)
100069e4:	2208      	movs	r2, #8
100069e6:	0038      	movs	r0, r7
100069e8:	f7fe fb6a 	bl	100050c0 <__wrap___aeabi_memcpy>
100069ec:	60be      	str	r6, [r7, #8]
100069ee:	2300      	movs	r3, #0
100069f0:	81fb      	strh	r3, [r7, #14]
100069f2:	79a3      	ldrb	r3, [r4, #6]
100069f4:	79e1      	ldrb	r1, [r4, #7]
100069f6:	0209      	lsls	r1, r1, #8
100069f8:	4319      	orrs	r1, r3
100069fa:	1c0b      	adds	r3, r1, #0
100069fc:	42a9      	cmp	r1, r5
100069fe:	d900      	bls.n	10006a02 <tud_control_xfer+0x2e>
10006a00:	1c2b      	adds	r3, r5, #0
10006a02:	b299      	uxth	r1, r3
10006a04:	4a0f      	ldr	r2, [pc, #60]	; (10006a44 <tud_control_xfer+0x70>)
10006a06:	8193      	strh	r3, [r2, #12]
10006a08:	79a2      	ldrb	r2, [r4, #6]
10006a0a:	79e3      	ldrb	r3, [r4, #7]
10006a0c:	021b      	lsls	r3, r3, #8
10006a0e:	4313      	orrs	r3, r2
10006a10:	d009      	beq.n	10006a26 <tud_control_xfer+0x52>
10006a12:	2900      	cmp	r1, #0
10006a14:	d001      	beq.n	10006a1a <tud_control_xfer+0x46>
10006a16:	2e00      	cmp	r6, #0
10006a18:	d012      	beq.n	10006a40 <tud_control_xfer+0x6c>
10006a1a:	4640      	mov	r0, r8
10006a1c:	f7ff ff92 	bl	10006944 <_data_stage_xact>
10006a20:	bc80      	pop	{r7}
10006a22:	46b8      	mov	r8, r7
10006a24:	bdf0      	pop	{r4, r5, r6, r7, pc}
10006a26:	2300      	movs	r3, #0
10006a28:	56e3      	ldrsb	r3, [r4, r3]
10006a2a:	2b00      	cmp	r3, #0
10006a2c:	db06      	blt.n	10006a3c <tud_control_xfer+0x68>
10006a2e:	2180      	movs	r1, #128	; 0x80
10006a30:	2300      	movs	r3, #0
10006a32:	2200      	movs	r2, #0
10006a34:	4640      	mov	r0, r8
10006a36:	f7ff fc59 	bl	100062ec <usbd_edpt_xfer>
10006a3a:	e7f1      	b.n	10006a20 <tud_control_xfer+0x4c>
10006a3c:	2100      	movs	r1, #0
10006a3e:	e7f7      	b.n	10006a30 <tud_control_xfer+0x5c>
10006a40:	2000      	movs	r0, #0
10006a42:	e7ed      	b.n	10006a20 <tud_control_xfer+0x4c>
10006a44:	20001b98 	.word	0x20001b98

10006a48 <usbd_control_reset>:
10006a48:	b510      	push	{r4, lr}
10006a4a:	2214      	movs	r2, #20
10006a4c:	2100      	movs	r1, #0
10006a4e:	4802      	ldr	r0, [pc, #8]	; (10006a58 <usbd_control_reset+0x10>)
10006a50:	f7fe fb30 	bl	100050b4 <__wrap_memset>
10006a54:	bd10      	pop	{r4, pc}
10006a56:	46c0      	nop			; (mov r8, r8)
10006a58:	20001b98 	.word	0x20001b98

10006a5c <usbd_control_set_complete_callback>:
10006a5c:	4b01      	ldr	r3, [pc, #4]	; (10006a64 <usbd_control_set_complete_callback+0x8>)
10006a5e:	6118      	str	r0, [r3, #16]
10006a60:	4770      	bx	lr
10006a62:	46c0      	nop			; (mov r8, r8)
10006a64:	20001b98 	.word	0x20001b98

10006a68 <usbd_control_set_request>:
10006a68:	b510      	push	{r4, lr}
10006a6a:	0001      	movs	r1, r0
10006a6c:	4c04      	ldr	r4, [pc, #16]	; (10006a80 <usbd_control_set_request+0x18>)
10006a6e:	2208      	movs	r2, #8
10006a70:	0020      	movs	r0, r4
10006a72:	f7fe fb25 	bl	100050c0 <__wrap___aeabi_memcpy>
10006a76:	2300      	movs	r3, #0
10006a78:	60a3      	str	r3, [r4, #8]
10006a7a:	81e3      	strh	r3, [r4, #14]
10006a7c:	81a3      	strh	r3, [r4, #12]
10006a7e:	bd10      	pop	{r4, pc}
10006a80:	20001b98 	.word	0x20001b98

10006a84 <usbd_control_xfer_cb>:
10006a84:	b570      	push	{r4, r5, r6, lr}
10006a86:	0005      	movs	r5, r0
10006a88:	001c      	movs	r4, r3
10006a8a:	09c9      	lsrs	r1, r1, #7
10006a8c:	4b2d      	ldr	r3, [pc, #180]	; (10006b44 <usbd_control_xfer_cb+0xc0>)
10006a8e:	781b      	ldrb	r3, [r3, #0]
10006a90:	09db      	lsrs	r3, r3, #7
10006a92:	428b      	cmp	r3, r1
10006a94:	d011      	beq.n	10006aba <usbd_control_xfer_cb+0x36>
10006a96:	2c00      	cmp	r4, #0
10006a98:	d150      	bne.n	10006b3c <usbd_control_xfer_cb+0xb8>
10006a9a:	4b2b      	ldr	r3, [pc, #172]	; (10006b48 <usbd_control_xfer_cb+0xc4>)
10006a9c:	2b00      	cmp	r3, #0
10006a9e:	d002      	beq.n	10006aa6 <usbd_control_xfer_cb+0x22>
10006aa0:	4928      	ldr	r1, [pc, #160]	; (10006b44 <usbd_control_xfer_cb+0xc0>)
10006aa2:	f7ff f8d9 	bl	10005c58 <dcd_edpt0_status_complete>
10006aa6:	4b27      	ldr	r3, [pc, #156]	; (10006b44 <usbd_control_xfer_cb+0xc0>)
10006aa8:	691b      	ldr	r3, [r3, #16]
10006aaa:	2b00      	cmp	r3, #0
10006aac:	d003      	beq.n	10006ab6 <usbd_control_xfer_cb+0x32>
10006aae:	4a25      	ldr	r2, [pc, #148]	; (10006b44 <usbd_control_xfer_cb+0xc0>)
10006ab0:	2103      	movs	r1, #3
10006ab2:	0028      	movs	r0, r5
10006ab4:	4798      	blx	r3
10006ab6:	2001      	movs	r0, #1
10006ab8:	bd70      	pop	{r4, r5, r6, pc}
10006aba:	4b22      	ldr	r3, [pc, #136]	; (10006b44 <usbd_control_xfer_cb+0xc0>)
10006abc:	781b      	ldrb	r3, [r3, #0]
10006abe:	b25b      	sxtb	r3, r3
10006ac0:	2b00      	cmp	r3, #0
10006ac2:	db07      	blt.n	10006ad4 <usbd_control_xfer_cb+0x50>
10006ac4:	4b1f      	ldr	r3, [pc, #124]	; (10006b44 <usbd_control_xfer_cb+0xc0>)
10006ac6:	6898      	ldr	r0, [r3, #8]
10006ac8:	2800      	cmp	r0, #0
10006aca:	d039      	beq.n	10006b40 <usbd_control_xfer_cb+0xbc>
10006acc:	0022      	movs	r2, r4
10006ace:	491f      	ldr	r1, [pc, #124]	; (10006b4c <usbd_control_xfer_cb+0xc8>)
10006ad0:	f7fe faf6 	bl	100050c0 <__wrap___aeabi_memcpy>
10006ad4:	b2a2      	uxth	r2, r4
10006ad6:	491b      	ldr	r1, [pc, #108]	; (10006b44 <usbd_control_xfer_cb+0xc0>)
10006ad8:	89cb      	ldrh	r3, [r1, #14]
10006ada:	18d3      	adds	r3, r2, r3
10006adc:	b29b      	uxth	r3, r3
10006ade:	81cb      	strh	r3, [r1, #14]
10006ae0:	688a      	ldr	r2, [r1, #8]
10006ae2:	1912      	adds	r2, r2, r4
10006ae4:	608a      	str	r2, [r1, #8]
10006ae6:	88ca      	ldrh	r2, [r1, #6]
10006ae8:	4293      	cmp	r3, r2
10006aea:	d001      	beq.n	10006af0 <usbd_control_xfer_cb+0x6c>
10006aec:	2c3f      	cmp	r4, #63	; 0x3f
10006aee:	d821      	bhi.n	10006b34 <usbd_control_xfer_cb+0xb0>
10006af0:	4b14      	ldr	r3, [pc, #80]	; (10006b44 <usbd_control_xfer_cb+0xc0>)
10006af2:	691b      	ldr	r3, [r3, #16]
10006af4:	2b00      	cmp	r3, #0
10006af6:	d005      	beq.n	10006b04 <usbd_control_xfer_cb+0x80>
10006af8:	4a12      	ldr	r2, [pc, #72]	; (10006b44 <usbd_control_xfer_cb+0xc0>)
10006afa:	2102      	movs	r1, #2
10006afc:	0028      	movs	r0, r5
10006afe:	4798      	blx	r3
10006b00:	2800      	cmp	r0, #0
10006b02:	d00d      	beq.n	10006b20 <usbd_control_xfer_cb+0x9c>
10006b04:	4b0f      	ldr	r3, [pc, #60]	; (10006b44 <usbd_control_xfer_cb+0xc0>)
10006b06:	781b      	ldrb	r3, [r3, #0]
10006b08:	b25b      	sxtb	r3, r3
10006b0a:	2b00      	cmp	r3, #0
10006b0c:	db06      	blt.n	10006b1c <usbd_control_xfer_cb+0x98>
10006b0e:	2180      	movs	r1, #128	; 0x80
10006b10:	2300      	movs	r3, #0
10006b12:	2200      	movs	r2, #0
10006b14:	0028      	movs	r0, r5
10006b16:	f7ff fbe9 	bl	100062ec <usbd_edpt_xfer>
10006b1a:	e7cd      	b.n	10006ab8 <usbd_control_xfer_cb+0x34>
10006b1c:	2100      	movs	r1, #0
10006b1e:	e7f7      	b.n	10006b10 <usbd_control_xfer_cb+0x8c>
10006b20:	2100      	movs	r1, #0
10006b22:	0028      	movs	r0, r5
10006b24:	f7ff f8e4 	bl	10005cf0 <dcd_edpt_stall>
10006b28:	2180      	movs	r1, #128	; 0x80
10006b2a:	0028      	movs	r0, r5
10006b2c:	f7ff f8e0 	bl	10005cf0 <dcd_edpt_stall>
10006b30:	2001      	movs	r0, #1
10006b32:	e7c1      	b.n	10006ab8 <usbd_control_xfer_cb+0x34>
10006b34:	0028      	movs	r0, r5
10006b36:	f7ff ff05 	bl	10006944 <_data_stage_xact>
10006b3a:	e7bd      	b.n	10006ab8 <usbd_control_xfer_cb+0x34>
10006b3c:	2000      	movs	r0, #0
10006b3e:	e7bb      	b.n	10006ab8 <usbd_control_xfer_cb+0x34>
10006b40:	2000      	movs	r0, #0
10006b42:	e7b9      	b.n	10006ab8 <usbd_control_xfer_cb+0x34>
10006b44:	20001b98 	.word	0x20001b98
10006b48:	10005c59 	.word	0x10005c59
10006b4c:	20001bb4 	.word	0x20001bb4

10006b50 <_prep_out_transaction>:
10006b50:	b570      	push	{r4, r5, r6, lr}
10006b52:	0004      	movs	r4, r0
10006b54:	0005      	movs	r5, r0
10006b56:	3510      	adds	r5, #16
10006b58:	0028      	movs	r0, r5
10006b5a:	f000 fe6f 	bl	1000783c <tu_fifo_remaining>
10006b5e:	283f      	cmp	r0, #63	; 0x3f
10006b60:	d801      	bhi.n	10006b66 <_prep_out_transaction+0x16>
10006b62:	2000      	movs	r0, #0
10006b64:	bd70      	pop	{r4, r5, r6, pc}
10006b66:	78e1      	ldrb	r1, [r4, #3]
10006b68:	2000      	movs	r0, #0
10006b6a:	f7ff fb97 	bl	1000629c <usbd_edpt_claim>
10006b6e:	2800      	cmp	r0, #0
10006b70:	d0f8      	beq.n	10006b64 <_prep_out_transaction+0x14>
10006b72:	0028      	movs	r0, r5
10006b74:	f000 fe62 	bl	1000783c <tu_fifo_remaining>
10006b78:	283f      	cmp	r0, #63	; 0x3f
10006b7a:	d908      	bls.n	10006b8e <_prep_out_transaction+0x3e>
10006b7c:	2392      	movs	r3, #146	; 0x92
10006b7e:	009b      	lsls	r3, r3, #2
10006b80:	18e2      	adds	r2, r4, r3
10006b82:	78e1      	ldrb	r1, [r4, #3]
10006b84:	2340      	movs	r3, #64	; 0x40
10006b86:	2000      	movs	r0, #0
10006b88:	f7ff fbb0 	bl	100062ec <usbd_edpt_xfer>
10006b8c:	e7ea      	b.n	10006b64 <_prep_out_transaction+0x14>
10006b8e:	78e1      	ldrb	r1, [r4, #3]
10006b90:	2000      	movs	r0, #0
10006b92:	f7ff fb97 	bl	100062c4 <usbd_edpt_release>
10006b96:	2000      	movs	r0, #0
10006b98:	e7e4      	b.n	10006b64 <_prep_out_transaction+0x14>
	...

10006b9c <tud_cdc_n_connected>:
10006b9c:	b510      	push	{r4, lr}
10006b9e:	0004      	movs	r4, r0
10006ba0:	f7ff fa9a 	bl	100060d8 <tud_mounted>
10006ba4:	2800      	cmp	r0, #0
10006ba6:	d10c      	bne.n	10006bc2 <tud_cdc_n_connected+0x26>
10006ba8:	2200      	movs	r2, #0
10006baa:	2a00      	cmp	r2, #0
10006bac:	d011      	beq.n	10006bd2 <tud_cdc_n_connected+0x36>
10006bae:	23b2      	movs	r3, #178	; 0xb2
10006bb0:	009b      	lsls	r3, r3, #2
10006bb2:	4363      	muls	r3, r4
10006bb4:	4809      	ldr	r0, [pc, #36]	; (10006bdc <tud_cdc_n_connected+0x40>)
10006bb6:	18c0      	adds	r0, r0, r3
10006bb8:	7903      	ldrb	r3, [r0, #4]
10006bba:	07db      	lsls	r3, r3, #31
10006bbc:	d50b      	bpl.n	10006bd6 <tud_cdc_n_connected+0x3a>
10006bbe:	2001      	movs	r0, #1
10006bc0:	e008      	b.n	10006bd4 <tud_cdc_n_connected+0x38>
10006bc2:	f7ff fa91 	bl	100060e8 <tud_suspended>
10006bc6:	2800      	cmp	r0, #0
10006bc8:	d101      	bne.n	10006bce <tud_cdc_n_connected+0x32>
10006bca:	2201      	movs	r2, #1
10006bcc:	e7ed      	b.n	10006baa <tud_cdc_n_connected+0xe>
10006bce:	2200      	movs	r2, #0
10006bd0:	e7eb      	b.n	10006baa <tud_cdc_n_connected+0xe>
10006bd2:	2000      	movs	r0, #0
10006bd4:	bd10      	pop	{r4, pc}
10006bd6:	2000      	movs	r0, #0
10006bd8:	e7fc      	b.n	10006bd4 <tud_cdc_n_connected+0x38>
10006bda:	46c0      	nop			; (mov r8, r8)
10006bdc:	200018d0 	.word	0x200018d0

10006be0 <tud_cdc_n_available>:
10006be0:	b510      	push	{r4, lr}
10006be2:	23b2      	movs	r3, #178	; 0xb2
10006be4:	009b      	lsls	r3, r3, #2
10006be6:	4358      	muls	r0, r3
10006be8:	3010      	adds	r0, #16
10006bea:	4b02      	ldr	r3, [pc, #8]	; (10006bf4 <tud_cdc_n_available+0x14>)
10006bec:	18c0      	adds	r0, r0, r3
10006bee:	f000 fdf4 	bl	100077da <tu_fifo_count>
10006bf2:	bd10      	pop	{r4, pc}
10006bf4:	200018d0 	.word	0x200018d0

10006bf8 <tud_cdc_n_read>:
10006bf8:	b570      	push	{r4, r5, r6, lr}
10006bfa:	23b2      	movs	r3, #178	; 0xb2
10006bfc:	009b      	lsls	r3, r3, #2
10006bfe:	4358      	muls	r0, r3
10006c00:	4b06      	ldr	r3, [pc, #24]	; (10006c1c <tud_cdc_n_read+0x24>)
10006c02:	18c5      	adds	r5, r0, r3
10006c04:	b292      	uxth	r2, r2
10006c06:	3010      	adds	r0, #16
10006c08:	18c0      	adds	r0, r0, r3
10006c0a:	f000 fe4e 	bl	100078aa <tu_fifo_read_n>
10006c0e:	0004      	movs	r4, r0
10006c10:	0028      	movs	r0, r5
10006c12:	f7ff ff9d 	bl	10006b50 <_prep_out_transaction>
10006c16:	0020      	movs	r0, r4
10006c18:	bd70      	pop	{r4, r5, r6, pc}
10006c1a:	46c0      	nop			; (mov r8, r8)
10006c1c:	200018d0 	.word	0x200018d0

10006c20 <tud_cdc_n_write_flush>:
10006c20:	b570      	push	{r4, r5, r6, lr}
10006c22:	0005      	movs	r5, r0
10006c24:	f7ff fa58 	bl	100060d8 <tud_mounted>
10006c28:	2800      	cmp	r0, #0
10006c2a:	d104      	bne.n	10006c36 <tud_cdc_n_write_flush+0x16>
10006c2c:	2300      	movs	r3, #0
10006c2e:	2b00      	cmp	r3, #0
10006c30:	d109      	bne.n	10006c46 <tud_cdc_n_write_flush+0x26>
10006c32:	2000      	movs	r0, #0
10006c34:	bd70      	pop	{r4, r5, r6, pc}
10006c36:	f7ff fa57 	bl	100060e8 <tud_suspended>
10006c3a:	2800      	cmp	r0, #0
10006c3c:	d101      	bne.n	10006c42 <tud_cdc_n_write_flush+0x22>
10006c3e:	2301      	movs	r3, #1
10006c40:	e7f5      	b.n	10006c2e <tud_cdc_n_write_flush+0xe>
10006c42:	2300      	movs	r3, #0
10006c44:	e7f3      	b.n	10006c2e <tud_cdc_n_write_flush+0xe>
10006c46:	24b2      	movs	r4, #178	; 0xb2
10006c48:	00a4      	lsls	r4, r4, #2
10006c4a:	436c      	muls	r4, r5
10006c4c:	3420      	adds	r4, #32
10006c4e:	4b21      	ldr	r3, [pc, #132]	; (10006cd4 <tud_cdc_n_write_flush+0xb4>)
10006c50:	18e4      	adds	r4, r4, r3
10006c52:	3404      	adds	r4, #4
10006c54:	0020      	movs	r0, r4
10006c56:	f000 fdc0 	bl	100077da <tu_fifo_count>
10006c5a:	2800      	cmp	r0, #0
10006c5c:	d101      	bne.n	10006c62 <tud_cdc_n_write_flush+0x42>
10006c5e:	2000      	movs	r0, #0
10006c60:	e7e8      	b.n	10006c34 <tud_cdc_n_write_flush+0x14>
10006c62:	22b2      	movs	r2, #178	; 0xb2
10006c64:	0092      	lsls	r2, r2, #2
10006c66:	436a      	muls	r2, r5
10006c68:	4b1a      	ldr	r3, [pc, #104]	; (10006cd4 <tud_cdc_n_write_flush+0xb4>)
10006c6a:	189b      	adds	r3, r3, r2
10006c6c:	7899      	ldrb	r1, [r3, #2]
10006c6e:	2000      	movs	r0, #0
10006c70:	f7ff fb14 	bl	1000629c <usbd_edpt_claim>
10006c74:	2800      	cmp	r0, #0
10006c76:	d101      	bne.n	10006c7c <tud_cdc_n_write_flush+0x5c>
10006c78:	2000      	movs	r0, #0
10006c7a:	e7db      	b.n	10006c34 <tud_cdc_n_write_flush+0x14>
10006c7c:	26b2      	movs	r6, #178	; 0xb2
10006c7e:	00b6      	lsls	r6, r6, #2
10006c80:	436e      	muls	r6, r5
10006c82:	23a2      	movs	r3, #162	; 0xa2
10006c84:	009b      	lsls	r3, r3, #2
10006c86:	469c      	mov	ip, r3
10006c88:	4466      	add	r6, ip
10006c8a:	4b12      	ldr	r3, [pc, #72]	; (10006cd4 <tud_cdc_n_write_flush+0xb4>)
10006c8c:	18f6      	adds	r6, r6, r3
10006c8e:	2240      	movs	r2, #64	; 0x40
10006c90:	0031      	movs	r1, r6
10006c92:	0020      	movs	r0, r4
10006c94:	f000 fe09 	bl	100078aa <tu_fifo_read_n>
10006c98:	1e04      	subs	r4, r0, #0
10006c9a:	d00e      	beq.n	10006cba <tud_cdc_n_write_flush+0x9a>
10006c9c:	20b2      	movs	r0, #178	; 0xb2
10006c9e:	0080      	lsls	r0, r0, #2
10006ca0:	4368      	muls	r0, r5
10006ca2:	4d0c      	ldr	r5, [pc, #48]	; (10006cd4 <tud_cdc_n_write_flush+0xb4>)
10006ca4:	182d      	adds	r5, r5, r0
10006ca6:	78a9      	ldrb	r1, [r5, #2]
10006ca8:	0023      	movs	r3, r4
10006caa:	0032      	movs	r2, r6
10006cac:	2000      	movs	r0, #0
10006cae:	f7ff fb1d 	bl	100062ec <usbd_edpt_xfer>
10006cb2:	2800      	cmp	r0, #0
10006cb4:	d00c      	beq.n	10006cd0 <tud_cdc_n_write_flush+0xb0>
10006cb6:	0020      	movs	r0, r4
10006cb8:	e7bc      	b.n	10006c34 <tud_cdc_n_write_flush+0x14>
10006cba:	20b2      	movs	r0, #178	; 0xb2
10006cbc:	0080      	lsls	r0, r0, #2
10006cbe:	4368      	muls	r0, r5
10006cc0:	4d04      	ldr	r5, [pc, #16]	; (10006cd4 <tud_cdc_n_write_flush+0xb4>)
10006cc2:	182d      	adds	r5, r5, r0
10006cc4:	78a9      	ldrb	r1, [r5, #2]
10006cc6:	2000      	movs	r0, #0
10006cc8:	f7ff fafc 	bl	100062c4 <usbd_edpt_release>
10006ccc:	2000      	movs	r0, #0
10006cce:	e7b1      	b.n	10006c34 <tud_cdc_n_write_flush+0x14>
10006cd0:	2000      	movs	r0, #0
10006cd2:	e7af      	b.n	10006c34 <tud_cdc_n_write_flush+0x14>
10006cd4:	200018d0 	.word	0x200018d0

10006cd8 <tud_cdc_n_write>:
10006cd8:	b570      	push	{r4, r5, r6, lr}
10006cda:	0005      	movs	r5, r0
10006cdc:	24b2      	movs	r4, #178	; 0xb2
10006cde:	00a4      	lsls	r4, r4, #2
10006ce0:	4344      	muls	r4, r0
10006ce2:	3420      	adds	r4, #32
10006ce4:	4b09      	ldr	r3, [pc, #36]	; (10006d0c <tud_cdc_n_write+0x34>)
10006ce6:	18e4      	adds	r4, r4, r3
10006ce8:	3404      	adds	r4, #4
10006cea:	b292      	uxth	r2, r2
10006cec:	0020      	movs	r0, r4
10006cee:	f000 fe13 	bl	10007918 <tu_fifo_write_n>
10006cf2:	0006      	movs	r6, r0
10006cf4:	0020      	movs	r0, r4
10006cf6:	f000 fd70 	bl	100077da <tu_fifo_count>
10006cfa:	283f      	cmp	r0, #63	; 0x3f
10006cfc:	d801      	bhi.n	10006d02 <tud_cdc_n_write+0x2a>
10006cfe:	0030      	movs	r0, r6
10006d00:	bd70      	pop	{r4, r5, r6, pc}
10006d02:	0028      	movs	r0, r5
10006d04:	f7ff ff8c 	bl	10006c20 <tud_cdc_n_write_flush>
10006d08:	e7f9      	b.n	10006cfe <tud_cdc_n_write+0x26>
10006d0a:	46c0      	nop			; (mov r8, r8)
10006d0c:	200018d0 	.word	0x200018d0

10006d10 <tud_cdc_n_write_available>:
10006d10:	b510      	push	{r4, lr}
10006d12:	23b2      	movs	r3, #178	; 0xb2
10006d14:	009b      	lsls	r3, r3, #2
10006d16:	4358      	muls	r0, r3
10006d18:	3020      	adds	r0, #32
10006d1a:	4b03      	ldr	r3, [pc, #12]	; (10006d28 <tud_cdc_n_write_available+0x18>)
10006d1c:	18c0      	adds	r0, r0, r3
10006d1e:	3004      	adds	r0, #4
10006d20:	f000 fd8c 	bl	1000783c <tu_fifo_remaining>
10006d24:	bd10      	pop	{r4, pc}
10006d26:	46c0      	nop			; (mov r8, r8)
10006d28:	200018d0 	.word	0x200018d0

10006d2c <cdcd_init>:
10006d2c:	b5f0      	push	{r4, r5, r6, r7, lr}
10006d2e:	46ce      	mov	lr, r9
10006d30:	4647      	mov	r7, r8
10006d32:	b580      	push	{r7, lr}
10006d34:	b083      	sub	sp, #12
10006d36:	22b2      	movs	r2, #178	; 0xb2
10006d38:	0092      	lsls	r2, r2, #2
10006d3a:	2100      	movs	r1, #0
10006d3c:	4828      	ldr	r0, [pc, #160]	; (10006de0 <cdcd_init+0xb4>)
10006d3e:	f7fe f9b9 	bl	100050b4 <__wrap_memset>
10006d42:	2600      	movs	r6, #0
10006d44:	2e00      	cmp	r6, #0
10006d46:	d004      	beq.n	10006d52 <cdcd_init+0x26>
10006d48:	b003      	add	sp, #12
10006d4a:	bcc0      	pop	{r6, r7}
10006d4c:	46b9      	mov	r9, r7
10006d4e:	46b0      	mov	r8, r6
10006d50:	bdf0      	pop	{r4, r5, r6, r7, pc}
10006d52:	4f23      	ldr	r7, [pc, #140]	; (10006de0 <cdcd_init+0xb4>)
10006d54:	24b2      	movs	r4, #178	; 0xb2
10006d56:	00a4      	lsls	r4, r4, #2
10006d58:	4374      	muls	r4, r6
10006d5a:	193d      	adds	r5, r7, r4
10006d5c:	23ff      	movs	r3, #255	; 0xff
10006d5e:	716b      	strb	r3, [r5, #5]
10006d60:	2300      	movs	r3, #0
10006d62:	4698      	mov	r8, r3
10006d64:	4a1f      	ldr	r2, [pc, #124]	; (10006de4 <cdcd_init+0xb8>)
10006d66:	80ea      	strh	r2, [r5, #6]
10006d68:	2201      	movs	r2, #1
10006d6a:	812a      	strh	r2, [r5, #8]
10006d6c:	72ab      	strb	r3, [r5, #10]
10006d6e:	72eb      	strb	r3, [r5, #11]
10006d70:	2308      	movs	r3, #8
10006d72:	732b      	strb	r3, [r5, #12]
10006d74:	0021      	movs	r1, r4
10006d76:	3138      	adds	r1, #56	; 0x38
10006d78:	19c9      	adds	r1, r1, r7
10006d7a:	33f8      	adds	r3, #248	; 0xf8
10006d7c:	4699      	mov	r9, r3
10006d7e:	0020      	movs	r0, r4
10006d80:	3010      	adds	r0, #16
10006d82:	19c0      	adds	r0, r0, r7
10006d84:	4643      	mov	r3, r8
10006d86:	9300      	str	r3, [sp, #0]
10006d88:	3301      	adds	r3, #1
10006d8a:	464a      	mov	r2, r9
10006d8c:	f000 fce7 	bl	1000775e <tu_fifo_config>
10006d90:	0021      	movs	r1, r4
10006d92:	3139      	adds	r1, #57	; 0x39
10006d94:	31ff      	adds	r1, #255	; 0xff
10006d96:	19c9      	adds	r1, r1, r7
10006d98:	0020      	movs	r0, r4
10006d9a:	3020      	adds	r0, #32
10006d9c:	19c0      	adds	r0, r0, r7
10006d9e:	3004      	adds	r0, #4
10006da0:	2301      	movs	r3, #1
10006da2:	9300      	str	r3, [sp, #0]
10006da4:	464a      	mov	r2, r9
10006da6:	f000 fcda 	bl	1000775e <tu_fifo_config>
10006daa:	238e      	movs	r3, #142	; 0x8e
10006dac:	009b      	lsls	r3, r3, #2
10006dae:	18e3      	adds	r3, r4, r3
10006db0:	4699      	mov	r9, r3
10006db2:	44b9      	add	r9, r7
10006db4:	4648      	mov	r0, r9
10006db6:	f7fa fa25 	bl	10001204 <mutex_init>
10006dba:	4643      	mov	r3, r8
10006dbc:	61eb      	str	r3, [r5, #28]
10006dbe:	464b      	mov	r3, r9
10006dc0:	622b      	str	r3, [r5, #32]
10006dc2:	2390      	movs	r3, #144	; 0x90
10006dc4:	009b      	lsls	r3, r3, #2
10006dc6:	469c      	mov	ip, r3
10006dc8:	4464      	add	r4, ip
10006dca:	19e4      	adds	r4, r4, r7
10006dcc:	0020      	movs	r0, r4
10006dce:	f7fa fa19 	bl	10001204 <mutex_init>
10006dd2:	632c      	str	r4, [r5, #48]	; 0x30
10006dd4:	4643      	mov	r3, r8
10006dd6:	636b      	str	r3, [r5, #52]	; 0x34
10006dd8:	3601      	adds	r6, #1
10006dda:	b2f6      	uxtb	r6, r6
10006ddc:	e7b2      	b.n	10006d44 <cdcd_init+0x18>
10006dde:	46c0      	nop			; (mov r8, r8)
10006de0:	200018d0 	.word	0x200018d0
10006de4:	ffffc200 	.word	0xffffc200

10006de8 <cdcd_reset>:
10006de8:	b570      	push	{r4, r5, r6, lr}
10006dea:	2500      	movs	r5, #0
10006dec:	2d00      	cmp	r5, #0
10006dee:	d000      	beq.n	10006df2 <cdcd_reset+0xa>
10006df0:	bd70      	pop	{r4, r5, r6, pc}
10006df2:	24b2      	movs	r4, #178	; 0xb2
10006df4:	00a4      	lsls	r4, r4, #2
10006df6:	436c      	muls	r4, r5
10006df8:	4e0b      	ldr	r6, [pc, #44]	; (10006e28 <cdcd_reset+0x40>)
10006dfa:	19a0      	adds	r0, r4, r6
10006dfc:	2205      	movs	r2, #5
10006dfe:	2100      	movs	r1, #0
10006e00:	f7fe f958 	bl	100050b4 <__wrap_memset>
10006e04:	0020      	movs	r0, r4
10006e06:	3010      	adds	r0, #16
10006e08:	1980      	adds	r0, r0, r6
10006e0a:	f000 fd8a 	bl	10007922 <tu_fifo_clear>
10006e0e:	3420      	adds	r4, #32
10006e10:	19a4      	adds	r4, r4, r6
10006e12:	3404      	adds	r4, #4
10006e14:	0020      	movs	r0, r4
10006e16:	f000 fd84 	bl	10007922 <tu_fifo_clear>
10006e1a:	2101      	movs	r1, #1
10006e1c:	0020      	movs	r0, r4
10006e1e:	f000 fd9f 	bl	10007960 <tu_fifo_set_overwritable>
10006e22:	3501      	adds	r5, #1
10006e24:	b2ed      	uxtb	r5, r5
10006e26:	e7e1      	b.n	10006dec <cdcd_reset+0x4>
10006e28:	200018d0 	.word	0x200018d0

10006e2c <cdcd_open>:
10006e2c:	b5f0      	push	{r4, r5, r6, r7, lr}
10006e2e:	b083      	sub	sp, #12
10006e30:	0006      	movs	r6, r0
10006e32:	794b      	ldrb	r3, [r1, #5]
10006e34:	2b02      	cmp	r3, #2
10006e36:	d150      	bne.n	10006eda <cdcd_open+0xae>
10006e38:	798b      	ldrb	r3, [r1, #6]
10006e3a:	2b02      	cmp	r3, #2
10006e3c:	d151      	bne.n	10006ee2 <cdcd_open+0xb6>
10006e3e:	2300      	movs	r3, #0
10006e40:	2b00      	cmp	r3, #0
10006e42:	d008      	beq.n	10006e56 <cdcd_open+0x2a>
10006e44:	2700      	movs	r7, #0
10006e46:	2f00      	cmp	r7, #0
10006e48:	d04d      	beq.n	10006ee6 <cdcd_open+0xba>
10006e4a:	788b      	ldrb	r3, [r1, #2]
10006e4c:	703b      	strb	r3, [r7, #0]
10006e4e:	780c      	ldrb	r4, [r1, #0]
10006e50:	190c      	adds	r4, r1, r4
10006e52:	2509      	movs	r5, #9
10006e54:	e011      	b.n	10006e7a <cdcd_open+0x4e>
10006e56:	24b2      	movs	r4, #178	; 0xb2
10006e58:	00a4      	lsls	r4, r4, #2
10006e5a:	435c      	muls	r4, r3
10006e5c:	4825      	ldr	r0, [pc, #148]	; (10006ef4 <cdcd_open+0xc8>)
10006e5e:	1900      	adds	r0, r0, r4
10006e60:	7880      	ldrb	r0, [r0, #2]
10006e62:	2800      	cmp	r0, #0
10006e64:	d002      	beq.n	10006e6c <cdcd_open+0x40>
10006e66:	3301      	adds	r3, #1
10006e68:	b2db      	uxtb	r3, r3
10006e6a:	e7e9      	b.n	10006e40 <cdcd_open+0x14>
10006e6c:	4f21      	ldr	r7, [pc, #132]	; (10006ef4 <cdcd_open+0xc8>)
10006e6e:	19e7      	adds	r7, r4, r7
10006e70:	e7e9      	b.n	10006e46 <cdcd_open+0x1a>
10006e72:	7821      	ldrb	r1, [r4, #0]
10006e74:	194d      	adds	r5, r1, r5
10006e76:	b2ad      	uxth	r5, r5
10006e78:	1864      	adds	r4, r4, r1
10006e7a:	7863      	ldrb	r3, [r4, #1]
10006e7c:	2b24      	cmp	r3, #36	; 0x24
10006e7e:	d101      	bne.n	10006e84 <cdcd_open+0x58>
10006e80:	4295      	cmp	r5, r2
10006e82:	d9f6      	bls.n	10006e72 <cdcd_open+0x46>
10006e84:	2b05      	cmp	r3, #5
10006e86:	d009      	beq.n	10006e9c <cdcd_open+0x70>
10006e88:	7863      	ldrb	r3, [r4, #1]
10006e8a:	2b04      	cmp	r3, #4
10006e8c:	d102      	bne.n	10006e94 <cdcd_open+0x68>
10006e8e:	7963      	ldrb	r3, [r4, #5]
10006e90:	2b0a      	cmp	r3, #10
10006e92:	d010      	beq.n	10006eb6 <cdcd_open+0x8a>
10006e94:	0038      	movs	r0, r7
10006e96:	f7ff fe5b 	bl	10006b50 <_prep_out_transaction>
10006e9a:	e01f      	b.n	10006edc <cdcd_open+0xb0>
10006e9c:	0021      	movs	r1, r4
10006e9e:	0030      	movs	r0, r6
10006ea0:	f7ff f9b0 	bl	10006204 <usbd_edpt_open>
10006ea4:	2800      	cmp	r0, #0
10006ea6:	d020      	beq.n	10006eea <cdcd_open+0xbe>
10006ea8:	78a3      	ldrb	r3, [r4, #2]
10006eaa:	707b      	strb	r3, [r7, #1]
10006eac:	7822      	ldrb	r2, [r4, #0]
10006eae:	1955      	adds	r5, r2, r5
10006eb0:	b2ad      	uxth	r5, r5
10006eb2:	18a4      	adds	r4, r4, r2
10006eb4:	e7e8      	b.n	10006e88 <cdcd_open+0x5c>
10006eb6:	7821      	ldrb	r1, [r4, #0]
10006eb8:	194d      	adds	r5, r1, r5
10006eba:	b2ad      	uxth	r5, r5
10006ebc:	1861      	adds	r1, r4, r1
10006ebe:	1cbb      	adds	r3, r7, #2
10006ec0:	9301      	str	r3, [sp, #4]
10006ec2:	1cfb      	adds	r3, r7, #3
10006ec4:	9300      	str	r3, [sp, #0]
10006ec6:	2302      	movs	r3, #2
10006ec8:	2202      	movs	r2, #2
10006eca:	0030      	movs	r0, r6
10006ecc:	f7ff f9b4 	bl	10006238 <usbd_open_edpt_pair>
10006ed0:	2800      	cmp	r0, #0
10006ed2:	d00c      	beq.n	10006eee <cdcd_open+0xc2>
10006ed4:	350e      	adds	r5, #14
10006ed6:	b2ad      	uxth	r5, r5
10006ed8:	e7dc      	b.n	10006e94 <cdcd_open+0x68>
10006eda:	2500      	movs	r5, #0
10006edc:	0028      	movs	r0, r5
10006ede:	b003      	add	sp, #12
10006ee0:	bdf0      	pop	{r4, r5, r6, r7, pc}
10006ee2:	2500      	movs	r5, #0
10006ee4:	e7fa      	b.n	10006edc <cdcd_open+0xb0>
10006ee6:	2500      	movs	r5, #0
10006ee8:	e7f8      	b.n	10006edc <cdcd_open+0xb0>
10006eea:	2500      	movs	r5, #0
10006eec:	e7f6      	b.n	10006edc <cdcd_open+0xb0>
10006eee:	2500      	movs	r5, #0
10006ef0:	e7f4      	b.n	10006edc <cdcd_open+0xb0>
10006ef2:	46c0      	nop			; (mov r8, r8)
10006ef4:	200018d0 	.word	0x200018d0

10006ef8 <cdcd_control_xfer_cb>:
10006ef8:	b5f8      	push	{r3, r4, r5, r6, r7, lr}
10006efa:	0014      	movs	r4, r2
10006efc:	7812      	ldrb	r2, [r2, #0]
10006efe:	2360      	movs	r3, #96	; 0x60
10006f00:	4013      	ands	r3, r2
10006f02:	2b20      	cmp	r3, #32
10006f04:	d000      	beq.n	10006f08 <cdcd_control_xfer_cb+0x10>
10006f06:	e07f      	b.n	10007008 <cdcd_control_xfer_cb+0x110>
10006f08:	4a44      	ldr	r2, [pc, #272]	; (1000701c <cdcd_control_xfer_cb+0x124>)
10006f0a:	2500      	movs	r5, #0
10006f0c:	2d00      	cmp	r5, #0
10006f0e:	d000      	beq.n	10006f12 <cdcd_control_xfer_cb+0x1a>
10006f10:	e07c      	b.n	1000700c <cdcd_control_xfer_cb+0x114>
10006f12:	7816      	ldrb	r6, [r2, #0]
10006f14:	7927      	ldrb	r7, [r4, #4]
10006f16:	7963      	ldrb	r3, [r4, #5]
10006f18:	021b      	lsls	r3, r3, #8
10006f1a:	433b      	orrs	r3, r7
10006f1c:	429e      	cmp	r6, r3
10006f1e:	d006      	beq.n	10006f2e <cdcd_control_xfer_cb+0x36>
10006f20:	3501      	adds	r5, #1
10006f22:	b2ed      	uxtb	r5, r5
10006f24:	23b2      	movs	r3, #178	; 0xb2
10006f26:	009b      	lsls	r3, r3, #2
10006f28:	469c      	mov	ip, r3
10006f2a:	4462      	add	r2, ip
10006f2c:	e7ee      	b.n	10006f0c <cdcd_control_xfer_cb+0x14>
10006f2e:	7863      	ldrb	r3, [r4, #1]
10006f30:	2b22      	cmp	r3, #34	; 0x22
10006f32:	d031      	beq.n	10006f98 <cdcd_control_xfer_cb+0xa0>
10006f34:	d809      	bhi.n	10006f4a <cdcd_control_xfer_cb+0x52>
10006f36:	2b20      	cmp	r3, #32
10006f38:	d011      	beq.n	10006f5e <cdcd_control_xfer_cb+0x66>
10006f3a:	2b21      	cmp	r3, #33	; 0x21
10006f3c:	d103      	bne.n	10006f46 <cdcd_control_xfer_cb+0x4e>
10006f3e:	2901      	cmp	r1, #1
10006f40:	d023      	beq.n	10006f8a <cdcd_control_xfer_cb+0x92>
10006f42:	2001      	movs	r0, #1
10006f44:	e061      	b.n	1000700a <cdcd_control_xfer_cb+0x112>
10006f46:	2000      	movs	r0, #0
10006f48:	e05f      	b.n	1000700a <cdcd_control_xfer_cb+0x112>
10006f4a:	2b23      	cmp	r3, #35	; 0x23
10006f4c:	d105      	bne.n	10006f5a <cdcd_control_xfer_cb+0x62>
10006f4e:	2901      	cmp	r1, #1
10006f50:	d049      	beq.n	10006fe6 <cdcd_control_xfer_cb+0xee>
10006f52:	2903      	cmp	r1, #3
10006f54:	d04c      	beq.n	10006ff0 <cdcd_control_xfer_cb+0xf8>
10006f56:	2001      	movs	r0, #1
10006f58:	e057      	b.n	1000700a <cdcd_control_xfer_cb+0x112>
10006f5a:	2000      	movs	r0, #0
10006f5c:	e055      	b.n	1000700a <cdcd_control_xfer_cb+0x112>
10006f5e:	2901      	cmp	r1, #1
10006f60:	d003      	beq.n	10006f6a <cdcd_control_xfer_cb+0x72>
10006f62:	2903      	cmp	r1, #3
10006f64:	d008      	beq.n	10006f78 <cdcd_control_xfer_cb+0x80>
10006f66:	2001      	movs	r0, #1
10006f68:	e04f      	b.n	1000700a <cdcd_control_xfer_cb+0x112>
10006f6a:	3206      	adds	r2, #6
10006f6c:	2307      	movs	r3, #7
10006f6e:	0021      	movs	r1, r4
10006f70:	f7ff fd30 	bl	100069d4 <tud_control_xfer>
10006f74:	2001      	movs	r0, #1
10006f76:	e048      	b.n	1000700a <cdcd_control_xfer_cb+0x112>
10006f78:	4b29      	ldr	r3, [pc, #164]	; (10007020 <cdcd_control_xfer_cb+0x128>)
10006f7a:	2b00      	cmp	r3, #0
10006f7c:	d048      	beq.n	10007010 <cdcd_control_xfer_cb+0x118>
10006f7e:	1d91      	adds	r1, r2, #6
10006f80:	0028      	movs	r0, r5
10006f82:	f7fe fa77 	bl	10005474 <tud_cdc_line_coding_cb>
10006f86:	2001      	movs	r0, #1
10006f88:	e03f      	b.n	1000700a <cdcd_control_xfer_cb+0x112>
10006f8a:	3206      	adds	r2, #6
10006f8c:	2307      	movs	r3, #7
10006f8e:	0021      	movs	r1, r4
10006f90:	f7ff fd20 	bl	100069d4 <tud_control_xfer>
10006f94:	2001      	movs	r0, #1
10006f96:	e038      	b.n	1000700a <cdcd_control_xfer_cb+0x112>
10006f98:	2901      	cmp	r1, #1
10006f9a:	d003      	beq.n	10006fa4 <cdcd_control_xfer_cb+0xac>
10006f9c:	2903      	cmp	r1, #3
10006f9e:	d006      	beq.n	10006fae <cdcd_control_xfer_cb+0xb6>
10006fa0:	2001      	movs	r0, #1
10006fa2:	e032      	b.n	1000700a <cdcd_control_xfer_cb+0x112>
10006fa4:	0021      	movs	r1, r4
10006fa6:	f7ff fcf9 	bl	1000699c <tud_control_status>
10006faa:	2001      	movs	r0, #1
10006fac:	e02d      	b.n	1000700a <cdcd_control_xfer_cb+0x112>
10006fae:	78a1      	ldrb	r1, [r4, #2]
10006fb0:	78e3      	ldrb	r3, [r4, #3]
10006fb2:	021b      	lsls	r3, r3, #8
10006fb4:	430b      	orrs	r3, r1
10006fb6:	2001      	movs	r0, #1
10006fb8:	0019      	movs	r1, r3
10006fba:	4001      	ands	r1, r0
10006fbc:	000e      	movs	r6, r1
10006fbe:	085c      	lsrs	r4, r3, #1
10006fc0:	4004      	ands	r4, r0
10006fc2:	7113      	strb	r3, [r2, #4]
10006fc4:	424b      	negs	r3, r1
10006fc6:	4159      	adcs	r1, r3
10006fc8:	b2c9      	uxtb	r1, r1
10006fca:	3224      	adds	r2, #36	; 0x24
10006fcc:	0010      	movs	r0, r2
10006fce:	f000 fcc7 	bl	10007960 <tu_fifo_set_overwritable>
10006fd2:	4b14      	ldr	r3, [pc, #80]	; (10007024 <cdcd_control_xfer_cb+0x12c>)
10006fd4:	2b00      	cmp	r3, #0
10006fd6:	d01d      	beq.n	10007014 <cdcd_control_xfer_cb+0x11c>
10006fd8:	0022      	movs	r2, r4
10006fda:	0031      	movs	r1, r6
10006fdc:	0028      	movs	r0, r5
10006fde:	e000      	b.n	10006fe2 <cdcd_control_xfer_cb+0xea>
10006fe0:	bf00      	nop
10006fe2:	2001      	movs	r0, #1
10006fe4:	e011      	b.n	1000700a <cdcd_control_xfer_cb+0x112>
10006fe6:	0021      	movs	r1, r4
10006fe8:	f7ff fcd8 	bl	1000699c <tud_control_status>
10006fec:	2001      	movs	r0, #1
10006fee:	e00c      	b.n	1000700a <cdcd_control_xfer_cb+0x112>
10006ff0:	4b0d      	ldr	r3, [pc, #52]	; (10007028 <cdcd_control_xfer_cb+0x130>)
10006ff2:	2b00      	cmp	r3, #0
10006ff4:	d010      	beq.n	10007018 <cdcd_control_xfer_cb+0x120>
10006ff6:	78a3      	ldrb	r3, [r4, #2]
10006ff8:	78e1      	ldrb	r1, [r4, #3]
10006ffa:	0209      	lsls	r1, r1, #8
10006ffc:	4319      	orrs	r1, r3
10006ffe:	0028      	movs	r0, r5
10007000:	e000      	b.n	10007004 <cdcd_control_xfer_cb+0x10c>
10007002:	bf00      	nop
10007004:	2001      	movs	r0, #1
10007006:	e000      	b.n	1000700a <cdcd_control_xfer_cb+0x112>
10007008:	2000      	movs	r0, #0
1000700a:	bdf8      	pop	{r3, r4, r5, r6, r7, pc}
1000700c:	2000      	movs	r0, #0
1000700e:	e7fc      	b.n	1000700a <cdcd_control_xfer_cb+0x112>
10007010:	2001      	movs	r0, #1
10007012:	e7fa      	b.n	1000700a <cdcd_control_xfer_cb+0x112>
10007014:	2001      	movs	r0, #1
10007016:	e7f8      	b.n	1000700a <cdcd_control_xfer_cb+0x112>
10007018:	2001      	movs	r0, #1
1000701a:	e7f6      	b.n	1000700a <cdcd_control_xfer_cb+0x112>
1000701c:	200018d0 	.word	0x200018d0
10007020:	10005475 	.word	0x10005475
	...

1000702c <cdcd_xfer_cb>:
1000702c:	b5f0      	push	{r4, r5, r6, r7, lr}
1000702e:	46d6      	mov	lr, sl
10007030:	b500      	push	{lr}
10007032:	b082      	sub	sp, #8
10007034:	9001      	str	r0, [sp, #4]
10007036:	000f      	movs	r7, r1
10007038:	9300      	str	r3, [sp, #0]
1000703a:	2400      	movs	r4, #0
1000703c:	2c00      	cmp	r4, #0
1000703e:	d00e      	beq.n	1000705e <cdcd_xfer_cb+0x32>
10007040:	2c00      	cmp	r4, #0
10007042:	d000      	beq.n	10007046 <cdcd_xfer_cb+0x1a>
10007044:	e07c      	b.n	10007140 <cdcd_xfer_cb+0x114>
10007046:	78eb      	ldrb	r3, [r5, #3]
10007048:	42bb      	cmp	r3, r7
1000704a:	d016      	beq.n	1000707a <cdcd_xfer_cb+0x4e>
1000704c:	78ab      	ldrb	r3, [r5, #2]
1000704e:	42bb      	cmp	r3, r7
10007050:	d04d      	beq.n	100070ee <cdcd_xfer_cb+0xc2>
10007052:	2401      	movs	r4, #1
10007054:	0020      	movs	r0, r4
10007056:	b002      	add	sp, #8
10007058:	bc80      	pop	{r7}
1000705a:	46ba      	mov	sl, r7
1000705c:	bdf0      	pop	{r4, r5, r6, r7, pc}
1000705e:	25b2      	movs	r5, #178	; 0xb2
10007060:	00ad      	lsls	r5, r5, #2
10007062:	4365      	muls	r5, r4
10007064:	4b39      	ldr	r3, [pc, #228]	; (1000714c <cdcd_xfer_cb+0x120>)
10007066:	18ed      	adds	r5, r5, r3
10007068:	78eb      	ldrb	r3, [r5, #3]
1000706a:	42bb      	cmp	r3, r7
1000706c:	d0e8      	beq.n	10007040 <cdcd_xfer_cb+0x14>
1000706e:	78ab      	ldrb	r3, [r5, #2]
10007070:	42bb      	cmp	r3, r7
10007072:	d0e5      	beq.n	10007040 <cdcd_xfer_cb+0x14>
10007074:	3401      	adds	r4, #1
10007076:	b2e4      	uxtb	r4, r4
10007078:	e7e0      	b.n	1000703c <cdcd_xfer_cb+0x10>
1000707a:	2310      	movs	r3, #16
1000707c:	469a      	mov	sl, r3
1000707e:	44aa      	add	sl, r5
10007080:	2392      	movs	r3, #146	; 0x92
10007082:	009b      	lsls	r3, r3, #2
10007084:	18e9      	adds	r1, r5, r3
10007086:	466b      	mov	r3, sp
10007088:	881a      	ldrh	r2, [r3, #0]
1000708a:	4650      	mov	r0, sl
1000708c:	f000 fc44 	bl	10007918 <tu_fifo_write_n>
10007090:	4b2f      	ldr	r3, [pc, #188]	; (10007150 <cdcd_xfer_cb+0x124>)
10007092:	2b00      	cmp	r3, #0
10007094:	d01b      	beq.n	100070ce <cdcd_xfer_cb+0xa2>
10007096:	796b      	ldrb	r3, [r5, #5]
10007098:	2bff      	cmp	r3, #255	; 0xff
1000709a:	d018      	beq.n	100070ce <cdcd_xfer_cb+0xa2>
1000709c:	2600      	movs	r6, #0
1000709e:	e000      	b.n	100070a2 <cdcd_xfer_cb+0x76>
100070a0:	3601      	adds	r6, #1
100070a2:	9b00      	ldr	r3, [sp, #0]
100070a4:	429e      	cmp	r6, r3
100070a6:	d212      	bcs.n	100070ce <cdcd_xfer_cb+0xa2>
100070a8:	796a      	ldrb	r2, [r5, #5]
100070aa:	19ab      	adds	r3, r5, r6
100070ac:	2192      	movs	r1, #146	; 0x92
100070ae:	0089      	lsls	r1, r1, #2
100070b0:	468c      	mov	ip, r1
100070b2:	4463      	add	r3, ip
100070b4:	781b      	ldrb	r3, [r3, #0]
100070b6:	429a      	cmp	r2, r3
100070b8:	d1f2      	bne.n	100070a0 <cdcd_xfer_cb+0x74>
100070ba:	4650      	mov	r0, sl
100070bc:	f000 fba2 	bl	10007804 <tu_fifo_empty>
100070c0:	2800      	cmp	r0, #0
100070c2:	d1ed      	bne.n	100070a0 <cdcd_xfer_cb+0x74>
100070c4:	7969      	ldrb	r1, [r5, #5]
100070c6:	0020      	movs	r0, r4
100070c8:	e000      	b.n	100070cc <cdcd_xfer_cb+0xa0>
100070ca:	bf00      	nop
100070cc:	e7e8      	b.n	100070a0 <cdcd_xfer_cb+0x74>
100070ce:	4b21      	ldr	r3, [pc, #132]	; (10007154 <cdcd_xfer_cb+0x128>)
100070d0:	2b00      	cmp	r3, #0
100070d2:	d004      	beq.n	100070de <cdcd_xfer_cb+0xb2>
100070d4:	4650      	mov	r0, sl
100070d6:	f000 fb95 	bl	10007804 <tu_fifo_empty>
100070da:	2800      	cmp	r0, #0
100070dc:	d003      	beq.n	100070e6 <cdcd_xfer_cb+0xba>
100070de:	0028      	movs	r0, r5
100070e0:	f7ff fd36 	bl	10006b50 <_prep_out_transaction>
100070e4:	e7b2      	b.n	1000704c <cdcd_xfer_cb+0x20>
100070e6:	0020      	movs	r0, r4
100070e8:	f7fe fa86 	bl	100055f8 <tud_cdc_rx_cb>
100070ec:	e7f7      	b.n	100070de <cdcd_xfer_cb+0xb2>
100070ee:	4b1a      	ldr	r3, [pc, #104]	; (10007158 <cdcd_xfer_cb+0x12c>)
100070f0:	2b00      	cmp	r3, #0
100070f2:	d002      	beq.n	100070fa <cdcd_xfer_cb+0xce>
100070f4:	0020      	movs	r0, r4
100070f6:	e000      	b.n	100070fa <cdcd_xfer_cb+0xce>
100070f8:	bf00      	nop
100070fa:	0020      	movs	r0, r4
100070fc:	f7ff fd90 	bl	10006c20 <tud_cdc_n_write_flush>
10007100:	2800      	cmp	r0, #0
10007102:	d001      	beq.n	10007108 <cdcd_xfer_cb+0xdc>
10007104:	2401      	movs	r4, #1
10007106:	e7a5      	b.n	10007054 <cdcd_xfer_cb+0x28>
10007108:	0028      	movs	r0, r5
1000710a:	3024      	adds	r0, #36	; 0x24
1000710c:	f000 fb65 	bl	100077da <tu_fifo_count>
10007110:	2800      	cmp	r0, #0
10007112:	d117      	bne.n	10007144 <cdcd_xfer_cb+0x118>
10007114:	9b00      	ldr	r3, [sp, #0]
10007116:	2b00      	cmp	r3, #0
10007118:	d016      	beq.n	10007148 <cdcd_xfer_cb+0x11c>
1000711a:	069b      	lsls	r3, r3, #26
1000711c:	d001      	beq.n	10007122 <cdcd_xfer_cb+0xf6>
1000711e:	2401      	movs	r4, #1
10007120:	e798      	b.n	10007054 <cdcd_xfer_cb+0x28>
10007122:	78a9      	ldrb	r1, [r5, #2]
10007124:	9801      	ldr	r0, [sp, #4]
10007126:	f7ff f8b9 	bl	1000629c <usbd_edpt_claim>
1000712a:	1e04      	subs	r4, r0, #0
1000712c:	d101      	bne.n	10007132 <cdcd_xfer_cb+0x106>
1000712e:	2401      	movs	r4, #1
10007130:	e790      	b.n	10007054 <cdcd_xfer_cb+0x28>
10007132:	78a9      	ldrb	r1, [r5, #2]
10007134:	2300      	movs	r3, #0
10007136:	2200      	movs	r2, #0
10007138:	9801      	ldr	r0, [sp, #4]
1000713a:	f7ff f8d7 	bl	100062ec <usbd_edpt_xfer>
1000713e:	e789      	b.n	10007054 <cdcd_xfer_cb+0x28>
10007140:	2400      	movs	r4, #0
10007142:	e787      	b.n	10007054 <cdcd_xfer_cb+0x28>
10007144:	2401      	movs	r4, #1
10007146:	e785      	b.n	10007054 <cdcd_xfer_cb+0x28>
10007148:	2401      	movs	r4, #1
1000714a:	e783      	b.n	10007054 <cdcd_xfer_cb+0x28>
1000714c:	200018d0 	.word	0x200018d0
10007150:	00000000 	.word	0x00000000
10007154:	100055f9 	.word	0x100055f9
10007158:	00000000 	.word	0x00000000

1000715c <tusb_init>:
1000715c:	b510      	push	{r4, lr}
1000715e:	2000      	movs	r0, #0
10007160:	f7fe ffd4 	bl	1000610c <tud_init>
10007164:	bd10      	pop	{r4, pc}

10007166 <tusb_inited>:
10007166:	b510      	push	{r4, lr}
10007168:	f7fe ffc6 	bl	100060f8 <tud_inited>
1000716c:	2800      	cmp	r0, #0
1000716e:	d000      	beq.n	10007172 <tusb_inited+0xc>
10007170:	2001      	movs	r0, #1
10007172:	bd10      	pop	{r4, pc}

10007174 <tu_edpt_claim>:
10007174:	b570      	push	{r4, r5, r6, lr}
10007176:	0004      	movs	r4, r0
10007178:	000d      	movs	r5, r1
1000717a:	7803      	ldrb	r3, [r0, #0]
1000717c:	07db      	lsls	r3, r3, #31
1000717e:	0fde      	lsrs	r6, r3, #31
10007180:	2b00      	cmp	r3, #0
10007182:	d11c      	bne.n	100071be <tu_edpt_claim+0x4a>
10007184:	7803      	ldrb	r3, [r0, #0]
10007186:	075b      	lsls	r3, r3, #29
10007188:	d41a      	bmi.n	100071c0 <tu_edpt_claim+0x4c>
1000718a:	2101      	movs	r1, #1
1000718c:	4249      	negs	r1, r1
1000718e:	0028      	movs	r0, r5
10007190:	f003 faee 	bl	1000a770 <__mutex_enter_timeout_ms_veneer>
10007194:	7823      	ldrb	r3, [r4, #0]
10007196:	07db      	lsls	r3, r3, #31
10007198:	d404      	bmi.n	100071a4 <tu_edpt_claim+0x30>
1000719a:	7823      	ldrb	r3, [r4, #0]
1000719c:	075b      	lsls	r3, r3, #29
1000719e:	d50c      	bpl.n	100071ba <tu_edpt_claim+0x46>
100071a0:	2600      	movs	r6, #0
100071a2:	e000      	b.n	100071a6 <tu_edpt_claim+0x32>
100071a4:	2600      	movs	r6, #0
100071a6:	2e00      	cmp	r6, #0
100071a8:	d003      	beq.n	100071b2 <tu_edpt_claim+0x3e>
100071aa:	7823      	ldrb	r3, [r4, #0]
100071ac:	2204      	movs	r2, #4
100071ae:	4313      	orrs	r3, r2
100071b0:	7023      	strb	r3, [r4, #0]
100071b2:	0028      	movs	r0, r5
100071b4:	f003 fabc 	bl	1000a730 <__mutex_exit_veneer>
100071b8:	e002      	b.n	100071c0 <tu_edpt_claim+0x4c>
100071ba:	2601      	movs	r6, #1
100071bc:	e7f3      	b.n	100071a6 <tu_edpt_claim+0x32>
100071be:	2600      	movs	r6, #0
100071c0:	0030      	movs	r0, r6
100071c2:	bd70      	pop	{r4, r5, r6, pc}

100071c4 <tu_edpt_release>:
100071c4:	b570      	push	{r4, r5, r6, lr}
100071c6:	0004      	movs	r4, r0
100071c8:	000e      	movs	r6, r1
100071ca:	2101      	movs	r1, #1
100071cc:	4249      	negs	r1, r1
100071ce:	0030      	movs	r0, r6
100071d0:	f003 face 	bl	1000a770 <__mutex_enter_timeout_ms_veneer>
100071d4:	7823      	ldrb	r3, [r4, #0]
100071d6:	075b      	lsls	r3, r3, #29
100071d8:	d40b      	bmi.n	100071f2 <tu_edpt_release+0x2e>
100071da:	2500      	movs	r5, #0
100071dc:	2d00      	cmp	r5, #0
100071de:	d003      	beq.n	100071e8 <tu_edpt_release+0x24>
100071e0:	7823      	ldrb	r3, [r4, #0]
100071e2:	2204      	movs	r2, #4
100071e4:	4393      	bics	r3, r2
100071e6:	7023      	strb	r3, [r4, #0]
100071e8:	0030      	movs	r0, r6
100071ea:	f003 faa1 	bl	1000a730 <__mutex_exit_veneer>
100071ee:	0028      	movs	r0, r5
100071f0:	bd70      	pop	{r4, r5, r6, pc}
100071f2:	7823      	ldrb	r3, [r4, #0]
100071f4:	07db      	lsls	r3, r3, #31
100071f6:	d501      	bpl.n	100071fc <tu_edpt_release+0x38>
100071f8:	2500      	movs	r5, #0
100071fa:	e7ef      	b.n	100071dc <tu_edpt_release+0x18>
100071fc:	2501      	movs	r5, #1
100071fe:	e7ed      	b.n	100071dc <tu_edpt_release+0x18>

10007200 <tu_edpt_validate>:
10007200:	b510      	push	{r4, lr}
10007202:	7904      	ldrb	r4, [r0, #4]
10007204:	7943      	ldrb	r3, [r0, #5]
10007206:	021b      	lsls	r3, r3, #8
10007208:	4323      	orrs	r3, r4
1000720a:	055b      	lsls	r3, r3, #21
1000720c:	0d5b      	lsrs	r3, r3, #21
1000720e:	78c2      	ldrb	r2, [r0, #3]
10007210:	0792      	lsls	r2, r2, #30
10007212:	0f92      	lsrs	r2, r2, #30
10007214:	2a02      	cmp	r2, #2
10007216:	d00f      	beq.n	10007238 <tu_edpt_validate+0x38>
10007218:	2a03      	cmp	r2, #3
1000721a:	d019      	beq.n	10007250 <tu_edpt_validate+0x50>
1000721c:	2a01      	cmp	r2, #1
1000721e:	d001      	beq.n	10007224 <tu_edpt_validate+0x24>
10007220:	2000      	movs	r0, #0
10007222:	bd10      	pop	{r4, pc}
10007224:	2902      	cmp	r1, #2
10007226:	d004      	beq.n	10007232 <tu_edpt_validate+0x32>
10007228:	4a12      	ldr	r2, [pc, #72]	; (10007274 <tu_edpt_validate+0x74>)
1000722a:	429a      	cmp	r2, r3
1000722c:	d31a      	bcc.n	10007264 <tu_edpt_validate+0x64>
1000722e:	2001      	movs	r0, #1
10007230:	e7f7      	b.n	10007222 <tu_edpt_validate+0x22>
10007232:	2280      	movs	r2, #128	; 0x80
10007234:	00d2      	lsls	r2, r2, #3
10007236:	e7f8      	b.n	1000722a <tu_edpt_validate+0x2a>
10007238:	2902      	cmp	r1, #2
1000723a:	d003      	beq.n	10007244 <tu_edpt_validate+0x44>
1000723c:	2b40      	cmp	r3, #64	; 0x40
1000723e:	d815      	bhi.n	1000726c <tu_edpt_validate+0x6c>
10007240:	2001      	movs	r0, #1
10007242:	e7ee      	b.n	10007222 <tu_edpt_validate+0x22>
10007244:	2280      	movs	r2, #128	; 0x80
10007246:	0092      	lsls	r2, r2, #2
10007248:	4293      	cmp	r3, r2
1000724a:	d10d      	bne.n	10007268 <tu_edpt_validate+0x68>
1000724c:	2001      	movs	r0, #1
1000724e:	e7e8      	b.n	10007222 <tu_edpt_validate+0x22>
10007250:	2902      	cmp	r1, #2
10007252:	d004      	beq.n	1000725e <tu_edpt_validate+0x5e>
10007254:	2240      	movs	r2, #64	; 0x40
10007256:	429a      	cmp	r2, r3
10007258:	d30a      	bcc.n	10007270 <tu_edpt_validate+0x70>
1000725a:	2001      	movs	r0, #1
1000725c:	e7e1      	b.n	10007222 <tu_edpt_validate+0x22>
1000725e:	2280      	movs	r2, #128	; 0x80
10007260:	00d2      	lsls	r2, r2, #3
10007262:	e7f8      	b.n	10007256 <tu_edpt_validate+0x56>
10007264:	2000      	movs	r0, #0
10007266:	e7dc      	b.n	10007222 <tu_edpt_validate+0x22>
10007268:	2000      	movs	r0, #0
1000726a:	e7da      	b.n	10007222 <tu_edpt_validate+0x22>
1000726c:	2000      	movs	r0, #0
1000726e:	e7d8      	b.n	10007222 <tu_edpt_validate+0x22>
10007270:	2000      	movs	r0, #0
10007272:	e7d6      	b.n	10007222 <tu_edpt_validate+0x22>
10007274:	000003ff 	.word	0x000003ff

10007278 <tu_edpt_bind_driver>:
10007278:	b530      	push	{r4, r5, lr}
1000727a:	188a      	adds	r2, r1, r2
1000727c:	e001      	b.n	10007282 <tu_edpt_bind_driver+0xa>
1000727e:	780c      	ldrb	r4, [r1, #0]
10007280:	1909      	adds	r1, r1, r4
10007282:	4291      	cmp	r1, r2
10007284:	d20a      	bcs.n	1000729c <tu_edpt_bind_driver+0x24>
10007286:	784c      	ldrb	r4, [r1, #1]
10007288:	2c05      	cmp	r4, #5
1000728a:	d1f8      	bne.n	1000727e <tu_edpt_bind_driver+0x6>
1000728c:	788d      	ldrb	r5, [r1, #2]
1000728e:	347a      	adds	r4, #122	; 0x7a
10007290:	402c      	ands	r4, r5
10007292:	0064      	lsls	r4, r4, #1
10007294:	1904      	adds	r4, r0, r4
10007296:	09ed      	lsrs	r5, r5, #7
10007298:	5563      	strb	r3, [r4, r5]
1000729a:	e7f0      	b.n	1000727e <tu_edpt_bind_driver+0x6>
1000729c:	bd30      	pop	{r4, r5, pc}

1000729e <advance_index>:
1000729e:	0003      	movs	r3, r0
100072a0:	188a      	adds	r2, r1, r2
100072a2:	b290      	uxth	r0, r2
100072a4:	4281      	cmp	r1, r0
100072a6:	d802      	bhi.n	100072ae <advance_index+0x10>
100072a8:	005a      	lsls	r2, r3, #1
100072aa:	4290      	cmp	r0, r2
100072ac:	db03      	blt.n	100072b6 <advance_index+0x18>
100072ae:	005b      	lsls	r3, r3, #1
100072b0:	b29b      	uxth	r3, r3
100072b2:	1ac0      	subs	r0, r0, r3
100072b4:	b280      	uxth	r0, r0
100072b6:	4770      	bx	lr

100072b8 <_tu_fifo_peek>:
100072b8:	b570      	push	{r4, r5, r6, lr}
100072ba:	0005      	movs	r5, r0
100072bc:	0008      	movs	r0, r1
100072be:	88ac      	ldrh	r4, [r5, #4]
100072c0:	429a      	cmp	r2, r3
100072c2:	d30b      	bcc.n	100072dc <_tu_fifo_peek+0x24>
100072c4:	1ad1      	subs	r1, r2, r3
100072c6:	b289      	uxth	r1, r1
100072c8:	2900      	cmp	r1, #0
100072ca:	d01e      	beq.n	1000730a <_tu_fifo_peek+0x52>
100072cc:	428c      	cmp	r4, r1
100072ce:	d210      	bcs.n	100072f2 <_tu_fifo_peek+0x3a>
100072d0:	4294      	cmp	r4, r2
100072d2:	d809      	bhi.n	100072e8 <_tu_fifo_peek+0x30>
100072d4:	1b13      	subs	r3, r2, r4
100072d6:	b29b      	uxth	r3, r3
100072d8:	816b      	strh	r3, [r5, #10]
100072da:	e00a      	b.n	100072f2 <_tu_fifo_peek+0x3a>
100072dc:	1ad1      	subs	r1, r2, r3
100072de:	b289      	uxth	r1, r1
100072e0:	0066      	lsls	r6, r4, #1
100072e2:	1989      	adds	r1, r1, r6
100072e4:	b289      	uxth	r1, r1
100072e6:	e7ef      	b.n	100072c8 <_tu_fifo_peek+0x10>
100072e8:	18a2      	adds	r2, r4, r2
100072ea:	b293      	uxth	r3, r2
100072ec:	e7f4      	b.n	100072d8 <_tu_fifo_peek+0x20>
100072ee:	1b1b      	subs	r3, r3, r4
100072f0:	b29b      	uxth	r3, r3
100072f2:	429c      	cmp	r4, r3
100072f4:	d9fb      	bls.n	100072ee <_tu_fifo_peek+0x36>
100072f6:	6829      	ldr	r1, [r5, #0]
100072f8:	88ea      	ldrh	r2, [r5, #6]
100072fa:	0452      	lsls	r2, r2, #17
100072fc:	0c52      	lsrs	r2, r2, #17
100072fe:	4353      	muls	r3, r2
10007300:	18c9      	adds	r1, r1, r3
10007302:	f7fd fedd 	bl	100050c0 <__wrap___aeabi_memcpy>
10007306:	2001      	movs	r0, #1
10007308:	bd70      	pop	{r4, r5, r6, pc}
1000730a:	2000      	movs	r0, #0
1000730c:	e7fc      	b.n	10007308 <_tu_fifo_peek+0x50>

1000730e <_ff_pull_const_addr>:
1000730e:	b5f0      	push	{r4, r5, r6, r7, lr}
10007310:	b083      	sub	sp, #12
10007312:	0006      	movs	r6, r0
10007314:	0893      	lsrs	r3, r2, #2
10007316:	e00c      	b.n	10007332 <_ff_pull_const_addr+0x24>
10007318:	780b      	ldrb	r3, [r1, #0]
1000731a:	784d      	ldrb	r5, [r1, #1]
1000731c:	022d      	lsls	r5, r5, #8
1000731e:	431d      	orrs	r5, r3
10007320:	788c      	ldrb	r4, [r1, #2]
10007322:	0424      	lsls	r4, r4, #16
10007324:	4325      	orrs	r5, r4
10007326:	78cb      	ldrb	r3, [r1, #3]
10007328:	061b      	lsls	r3, r3, #24
1000732a:	432b      	orrs	r3, r5
1000732c:	6033      	str	r3, [r6, #0]
1000732e:	3104      	adds	r1, #4
10007330:	003b      	movs	r3, r7
10007332:	1e5f      	subs	r7, r3, #1
10007334:	b2bf      	uxth	r7, r7
10007336:	2b00      	cmp	r3, #0
10007338:	d1ee      	bne.n	10007318 <_ff_pull_const_addr+0xa>
1000733a:	3303      	adds	r3, #3
1000733c:	0010      	movs	r0, r2
1000733e:	4018      	ands	r0, r3
10007340:	421a      	tst	r2, r3
10007342:	d101      	bne.n	10007348 <_ff_pull_const_addr+0x3a>
10007344:	b003      	add	sp, #12
10007346:	bdf0      	pop	{r4, r5, r6, r7, pc}
10007348:	2300      	movs	r3, #0
1000734a:	9301      	str	r3, [sp, #4]
1000734c:	0002      	movs	r2, r0
1000734e:	a801      	add	r0, sp, #4
10007350:	f7fd feb6 	bl	100050c0 <__wrap___aeabi_memcpy>
10007354:	9b01      	ldr	r3, [sp, #4]
10007356:	6033      	str	r3, [r6, #0]
10007358:	e7f4      	b.n	10007344 <_ff_pull_const_addr+0x36>

1000735a <_ff_pull_n>:
1000735a:	b5f0      	push	{r4, r5, r6, r7, lr}
1000735c:	46de      	mov	lr, fp
1000735e:	4657      	mov	r7, sl
10007360:	464e      	mov	r6, r9
10007362:	4645      	mov	r5, r8
10007364:	b5e0      	push	{r5, r6, r7, lr}
10007366:	b083      	sub	sp, #12
10007368:	0005      	movs	r5, r0
1000736a:	468a      	mov	sl, r1
1000736c:	a90c      	add	r1, sp, #48	; 0x30
1000736e:	7809      	ldrb	r1, [r1, #0]
10007370:	8884      	ldrh	r4, [r0, #4]
10007372:	1ae0      	subs	r0, r4, r3
10007374:	b280      	uxth	r0, r0
10007376:	1b1c      	subs	r4, r3, r4
10007378:	1914      	adds	r4, r2, r4
1000737a:	b2a4      	uxth	r4, r4
1000737c:	88ef      	ldrh	r7, [r5, #6]
1000737e:	047f      	lsls	r7, r7, #17
10007380:	0c7e      	lsrs	r6, r7, #17
10007382:	0007      	movs	r7, r0
10007384:	4377      	muls	r7, r6
10007386:	b2bf      	uxth	r7, r7
10007388:	4374      	muls	r4, r6
1000738a:	b2a4      	uxth	r4, r4
1000738c:	46a3      	mov	fp, r4
1000738e:	4373      	muls	r3, r6
10007390:	682c      	ldr	r4, [r5, #0]
10007392:	46a0      	mov	r8, r4
10007394:	4498      	add	r8, r3
10007396:	2900      	cmp	r1, #0
10007398:	d008      	beq.n	100073ac <_ff_pull_n+0x52>
1000739a:	2901      	cmp	r1, #1
1000739c:	d01a      	beq.n	100073d4 <_ff_pull_n+0x7a>
1000739e:	b003      	add	sp, #12
100073a0:	bcf0      	pop	{r4, r5, r6, r7}
100073a2:	46bb      	mov	fp, r7
100073a4:	46b2      	mov	sl, r6
100073a6:	46a9      	mov	r9, r5
100073a8:	46a0      	mov	r8, r4
100073aa:	bdf0      	pop	{r4, r5, r6, r7, pc}
100073ac:	4290      	cmp	r0, r2
100073ae:	d305      	bcc.n	100073bc <_ff_pull_n+0x62>
100073b0:	4372      	muls	r2, r6
100073b2:	4641      	mov	r1, r8
100073b4:	4650      	mov	r0, sl
100073b6:	f7fd fe83 	bl	100050c0 <__wrap___aeabi_memcpy>
100073ba:	e7f0      	b.n	1000739e <_ff_pull_n+0x44>
100073bc:	003a      	movs	r2, r7
100073be:	4641      	mov	r1, r8
100073c0:	4650      	mov	r0, sl
100073c2:	f7fd fe7d 	bl	100050c0 <__wrap___aeabi_memcpy>
100073c6:	6829      	ldr	r1, [r5, #0]
100073c8:	0038      	movs	r0, r7
100073ca:	4450      	add	r0, sl
100073cc:	465a      	mov	r2, fp
100073ce:	f7fd fe77 	bl	100050c0 <__wrap___aeabi_memcpy>
100073d2:	e7e4      	b.n	1000739e <_ff_pull_n+0x44>
100073d4:	4290      	cmp	r0, r2
100073d6:	d306      	bcc.n	100073e6 <_ff_pull_n+0x8c>
100073d8:	4372      	muls	r2, r6
100073da:	b292      	uxth	r2, r2
100073dc:	4641      	mov	r1, r8
100073de:	4650      	mov	r0, sl
100073e0:	f7ff ff95 	bl	1000730e <_ff_pull_const_addr>
100073e4:	e7db      	b.n	1000739e <_ff_pull_n+0x44>
100073e6:	2303      	movs	r3, #3
100073e8:	003a      	movs	r2, r7
100073ea:	439a      	bics	r2, r3
100073ec:	4691      	mov	r9, r2
100073ee:	4641      	mov	r1, r8
100073f0:	4650      	mov	r0, sl
100073f2:	f7ff ff8c 	bl	1000730e <_ff_pull_const_addr>
100073f6:	4643      	mov	r3, r8
100073f8:	444b      	add	r3, r9
100073fa:	2103      	movs	r1, #3
100073fc:	003a      	movs	r2, r7
100073fe:	400a      	ands	r2, r1
10007400:	420f      	tst	r7, r1
10007402:	d030      	beq.n	10007466 <_ff_pull_n+0x10c>
10007404:	2104      	movs	r1, #4
10007406:	1a89      	subs	r1, r1, r2
10007408:	b289      	uxth	r1, r1
1000740a:	1c08      	adds	r0, r1, #0
1000740c:	4559      	cmp	r1, fp
1000740e:	d900      	bls.n	10007412 <_ff_pull_n+0xb8>
10007410:	4658      	mov	r0, fp
10007412:	b2c7      	uxtb	r7, r0
10007414:	21ff      	movs	r1, #255	; 0xff
10007416:	4001      	ands	r1, r0
10007418:	4658      	mov	r0, fp
1000741a:	1a44      	subs	r4, r0, r1
1000741c:	b2a1      	uxth	r1, r4
1000741e:	468b      	mov	fp, r1
10007420:	2100      	movs	r1, #0
10007422:	9101      	str	r1, [sp, #4]
10007424:	a801      	add	r0, sp, #4
10007426:	e004      	b.n	10007432 <_ff_pull_n+0xd8>
10007428:	781a      	ldrb	r2, [r3, #0]
1000742a:	7002      	strb	r2, [r0, #0]
1000742c:	3001      	adds	r0, #1
1000742e:	000a      	movs	r2, r1
10007430:	3301      	adds	r3, #1
10007432:	1e51      	subs	r1, r2, #1
10007434:	b2c9      	uxtb	r1, r1
10007436:	2a00      	cmp	r2, #0
10007438:	d1f6      	bne.n	10007428 <_ff_pull_n+0xce>
1000743a:	6829      	ldr	r1, [r5, #0]
1000743c:	e004      	b.n	10007448 <_ff_pull_n+0xee>
1000743e:	780a      	ldrb	r2, [r1, #0]
10007440:	7002      	strb	r2, [r0, #0]
10007442:	3001      	adds	r0, #1
10007444:	001f      	movs	r7, r3
10007446:	3101      	adds	r1, #1
10007448:	1e7b      	subs	r3, r7, #1
1000744a:	b2db      	uxtb	r3, r3
1000744c:	2f00      	cmp	r7, #0
1000744e:	d1f6      	bne.n	1000743e <_ff_pull_n+0xe4>
10007450:	4653      	mov	r3, sl
10007452:	9a01      	ldr	r2, [sp, #4]
10007454:	601a      	str	r2, [r3, #0]
10007456:	465b      	mov	r3, fp
10007458:	2b00      	cmp	r3, #0
1000745a:	d0a0      	beq.n	1000739e <_ff_pull_n+0x44>
1000745c:	465a      	mov	r2, fp
1000745e:	4650      	mov	r0, sl
10007460:	f7ff ff55 	bl	1000730e <_ff_pull_const_addr>
10007464:	e79b      	b.n	1000739e <_ff_pull_n+0x44>
10007466:	6829      	ldr	r1, [r5, #0]
10007468:	e7f5      	b.n	10007456 <_ff_pull_n+0xfc>

1000746a <_tu_fifo_peek_n>:
1000746a:	b5f0      	push	{r4, r5, r6, r7, lr}
1000746c:	46c6      	mov	lr, r8
1000746e:	b500      	push	{lr}
10007470:	b082      	sub	sp, #8
10007472:	001e      	movs	r6, r3
10007474:	ab08      	add	r3, sp, #32
10007476:	881b      	ldrh	r3, [r3, #0]
10007478:	ac09      	add	r4, sp, #36	; 0x24
1000747a:	7827      	ldrb	r7, [r4, #0]
1000747c:	8884      	ldrh	r4, [r0, #4]
1000747e:	429e      	cmp	r6, r3
10007480:	d30f      	bcc.n	100074a2 <_tu_fifo_peek_n+0x38>
10007482:	1af5      	subs	r5, r6, r3
10007484:	b2ad      	uxth	r5, r5
10007486:	2d00      	cmp	r5, #0
10007488:	d01f      	beq.n	100074ca <_tu_fifo_peek_n+0x60>
1000748a:	42ac      	cmp	r4, r5
1000748c:	d205      	bcs.n	1000749a <_tu_fifo_peek_n+0x30>
1000748e:	42b4      	cmp	r4, r6
10007490:	d810      	bhi.n	100074b4 <_tu_fifo_peek_n+0x4a>
10007492:	1b33      	subs	r3, r6, r4
10007494:	b29b      	uxth	r3, r3
10007496:	8143      	strh	r3, [r0, #10]
10007498:	0025      	movs	r5, r4
1000749a:	4295      	cmp	r5, r2
1000749c:	d30f      	bcc.n	100074be <_tu_fifo_peek_n+0x54>
1000749e:	0015      	movs	r5, r2
100074a0:	e00d      	b.n	100074be <_tu_fifo_peek_n+0x54>
100074a2:	1af5      	subs	r5, r6, r3
100074a4:	b2ad      	uxth	r5, r5
100074a6:	46a8      	mov	r8, r5
100074a8:	0065      	lsls	r5, r4, #1
100074aa:	46ac      	mov	ip, r5
100074ac:	4645      	mov	r5, r8
100074ae:	4465      	add	r5, ip
100074b0:	b2ad      	uxth	r5, r5
100074b2:	e7e8      	b.n	10007486 <_tu_fifo_peek_n+0x1c>
100074b4:	19a6      	adds	r6, r4, r6
100074b6:	b2b3      	uxth	r3, r6
100074b8:	e7ed      	b.n	10007496 <_tu_fifo_peek_n+0x2c>
100074ba:	1b1b      	subs	r3, r3, r4
100074bc:	b29b      	uxth	r3, r3
100074be:	429c      	cmp	r4, r3
100074c0:	d9fb      	bls.n	100074ba <_tu_fifo_peek_n+0x50>
100074c2:	9700      	str	r7, [sp, #0]
100074c4:	002a      	movs	r2, r5
100074c6:	f7ff ff48 	bl	1000735a <_ff_pull_n>
100074ca:	0028      	movs	r0, r5
100074cc:	b002      	add	sp, #8
100074ce:	bc80      	pop	{r7}
100074d0:	46b8      	mov	r8, r7
100074d2:	bdf0      	pop	{r4, r5, r6, r7, pc}

100074d4 <_tu_fifo_read_n>:
100074d4:	b5f0      	push	{r4, r5, r6, r7, lr}
100074d6:	b083      	sub	sp, #12
100074d8:	0004      	movs	r4, r0
100074da:	000d      	movs	r5, r1
100074dc:	0016      	movs	r6, r2
100074de:	001f      	movs	r7, r3
100074e0:	6900      	ldr	r0, [r0, #16]
100074e2:	2800      	cmp	r0, #0
100074e4:	d003      	beq.n	100074ee <_tu_fifo_read_n+0x1a>
100074e6:	2101      	movs	r1, #1
100074e8:	4249      	negs	r1, r1
100074ea:	f003 f941 	bl	1000a770 <__mutex_enter_timeout_ms_veneer>
100074ee:	8923      	ldrh	r3, [r4, #8]
100074f0:	b29b      	uxth	r3, r3
100074f2:	8962      	ldrh	r2, [r4, #10]
100074f4:	9701      	str	r7, [sp, #4]
100074f6:	9200      	str	r2, [sp, #0]
100074f8:	0032      	movs	r2, r6
100074fa:	0029      	movs	r1, r5
100074fc:	0020      	movs	r0, r4
100074fe:	f7ff ffb4 	bl	1000746a <_tu_fifo_peek_n>
10007502:	0005      	movs	r5, r0
10007504:	8961      	ldrh	r1, [r4, #10]
10007506:	b289      	uxth	r1, r1
10007508:	88a0      	ldrh	r0, [r4, #4]
1000750a:	002a      	movs	r2, r5
1000750c:	f7ff fec7 	bl	1000729e <advance_index>
10007510:	8160      	strh	r0, [r4, #10]
10007512:	6920      	ldr	r0, [r4, #16]
10007514:	2800      	cmp	r0, #0
10007516:	d001      	beq.n	1000751c <_tu_fifo_read_n+0x48>
10007518:	f003 f90a 	bl	1000a730 <__mutex_exit_veneer>
1000751c:	0028      	movs	r0, r5
1000751e:	b003      	add	sp, #12
10007520:	bdf0      	pop	{r4, r5, r6, r7, pc}

10007522 <_ff_push_const_addr>:
10007522:	b570      	push	{r4, r5, r6, lr}
10007524:	b082      	sub	sp, #8
10007526:	0016      	movs	r6, r2
10007528:	0895      	lsrs	r5, r2, #2
1000752a:	e009      	b.n	10007540 <_ff_push_const_addr+0x1e>
1000752c:	680b      	ldr	r3, [r1, #0]
1000752e:	7003      	strb	r3, [r0, #0]
10007530:	0a1d      	lsrs	r5, r3, #8
10007532:	7045      	strb	r5, [r0, #1]
10007534:	0c1d      	lsrs	r5, r3, #16
10007536:	7085      	strb	r5, [r0, #2]
10007538:	0e1b      	lsrs	r3, r3, #24
1000753a:	70c3      	strb	r3, [r0, #3]
1000753c:	3004      	adds	r0, #4
1000753e:	0025      	movs	r5, r4
10007540:	1e6c      	subs	r4, r5, #1
10007542:	b2a4      	uxth	r4, r4
10007544:	2d00      	cmp	r5, #0
10007546:	d1f1      	bne.n	1000752c <_ff_push_const_addr+0xa>
10007548:	2303      	movs	r3, #3
1000754a:	0032      	movs	r2, r6
1000754c:	401a      	ands	r2, r3
1000754e:	421e      	tst	r6, r3
10007550:	d101      	bne.n	10007556 <_ff_push_const_addr+0x34>
10007552:	b002      	add	sp, #8
10007554:	bd70      	pop	{r4, r5, r6, pc}
10007556:	680b      	ldr	r3, [r1, #0]
10007558:	9301      	str	r3, [sp, #4]
1000755a:	a901      	add	r1, sp, #4
1000755c:	f7fd fdb0 	bl	100050c0 <__wrap___aeabi_memcpy>
10007560:	e7f7      	b.n	10007552 <_ff_push_const_addr+0x30>

10007562 <_ff_push_n>:
10007562:	b5f0      	push	{r4, r5, r6, r7, lr}
10007564:	46de      	mov	lr, fp
10007566:	4657      	mov	r7, sl
10007568:	464e      	mov	r6, r9
1000756a:	4645      	mov	r5, r8
1000756c:	b5e0      	push	{r5, r6, r7, lr}
1000756e:	b083      	sub	sp, #12
10007570:	0005      	movs	r5, r0
10007572:	468a      	mov	sl, r1
10007574:	a90c      	add	r1, sp, #48	; 0x30
10007576:	7808      	ldrb	r0, [r1, #0]
10007578:	88ac      	ldrh	r4, [r5, #4]
1000757a:	1ae1      	subs	r1, r4, r3
1000757c:	b289      	uxth	r1, r1
1000757e:	1b1c      	subs	r4, r3, r4
10007580:	1914      	adds	r4, r2, r4
10007582:	b2a4      	uxth	r4, r4
10007584:	88ef      	ldrh	r7, [r5, #6]
10007586:	047f      	lsls	r7, r7, #17
10007588:	0c7e      	lsrs	r6, r7, #17
1000758a:	000f      	movs	r7, r1
1000758c:	4377      	muls	r7, r6
1000758e:	b2bf      	uxth	r7, r7
10007590:	4374      	muls	r4, r6
10007592:	b2a4      	uxth	r4, r4
10007594:	46a3      	mov	fp, r4
10007596:	4373      	muls	r3, r6
10007598:	682c      	ldr	r4, [r5, #0]
1000759a:	46a0      	mov	r8, r4
1000759c:	4498      	add	r8, r3
1000759e:	2800      	cmp	r0, #0
100075a0:	d008      	beq.n	100075b4 <_ff_push_n+0x52>
100075a2:	2801      	cmp	r0, #1
100075a4:	d01a      	beq.n	100075dc <_ff_push_n+0x7a>
100075a6:	b003      	add	sp, #12
100075a8:	bcf0      	pop	{r4, r5, r6, r7}
100075aa:	46bb      	mov	fp, r7
100075ac:	46b2      	mov	sl, r6
100075ae:	46a9      	mov	r9, r5
100075b0:	46a0      	mov	r8, r4
100075b2:	bdf0      	pop	{r4, r5, r6, r7, pc}
100075b4:	4291      	cmp	r1, r2
100075b6:	d305      	bcc.n	100075c4 <_ff_push_n+0x62>
100075b8:	4372      	muls	r2, r6
100075ba:	4651      	mov	r1, sl
100075bc:	4640      	mov	r0, r8
100075be:	f7fd fd7f 	bl	100050c0 <__wrap___aeabi_memcpy>
100075c2:	e7f0      	b.n	100075a6 <_ff_push_n+0x44>
100075c4:	003a      	movs	r2, r7
100075c6:	4651      	mov	r1, sl
100075c8:	4640      	mov	r0, r8
100075ca:	f7fd fd79 	bl	100050c0 <__wrap___aeabi_memcpy>
100075ce:	6828      	ldr	r0, [r5, #0]
100075d0:	0039      	movs	r1, r7
100075d2:	4451      	add	r1, sl
100075d4:	465a      	mov	r2, fp
100075d6:	f7fd fd73 	bl	100050c0 <__wrap___aeabi_memcpy>
100075da:	e7e4      	b.n	100075a6 <_ff_push_n+0x44>
100075dc:	4291      	cmp	r1, r2
100075de:	d306      	bcc.n	100075ee <_ff_push_n+0x8c>
100075e0:	4372      	muls	r2, r6
100075e2:	b292      	uxth	r2, r2
100075e4:	4651      	mov	r1, sl
100075e6:	4640      	mov	r0, r8
100075e8:	f7ff ff9b 	bl	10007522 <_ff_push_const_addr>
100075ec:	e7db      	b.n	100075a6 <_ff_push_n+0x44>
100075ee:	2303      	movs	r3, #3
100075f0:	003a      	movs	r2, r7
100075f2:	439a      	bics	r2, r3
100075f4:	4691      	mov	r9, r2
100075f6:	4651      	mov	r1, sl
100075f8:	4640      	mov	r0, r8
100075fa:	f7ff ff92 	bl	10007522 <_ff_push_const_addr>
100075fe:	4643      	mov	r3, r8
10007600:	444b      	add	r3, r9
10007602:	2103      	movs	r1, #3
10007604:	003a      	movs	r2, r7
10007606:	400a      	ands	r2, r1
10007608:	420f      	tst	r7, r1
1000760a:	d02e      	beq.n	1000766a <_ff_push_n+0x108>
1000760c:	2104      	movs	r1, #4
1000760e:	1a89      	subs	r1, r1, r2
10007610:	b289      	uxth	r1, r1
10007612:	1c08      	adds	r0, r1, #0
10007614:	4559      	cmp	r1, fp
10007616:	d900      	bls.n	1000761a <_ff_push_n+0xb8>
10007618:	4658      	mov	r0, fp
1000761a:	b2c7      	uxtb	r7, r0
1000761c:	21ff      	movs	r1, #255	; 0xff
1000761e:	4001      	ands	r1, r0
10007620:	4658      	mov	r0, fp
10007622:	1a44      	subs	r4, r0, r1
10007624:	b2a1      	uxth	r1, r4
10007626:	468b      	mov	fp, r1
10007628:	4651      	mov	r1, sl
1000762a:	6809      	ldr	r1, [r1, #0]
1000762c:	9101      	str	r1, [sp, #4]
1000762e:	a901      	add	r1, sp, #4
10007630:	e004      	b.n	1000763c <_ff_push_n+0xda>
10007632:	780a      	ldrb	r2, [r1, #0]
10007634:	701a      	strb	r2, [r3, #0]
10007636:	3101      	adds	r1, #1
10007638:	0002      	movs	r2, r0
1000763a:	3301      	adds	r3, #1
1000763c:	1e50      	subs	r0, r2, #1
1000763e:	b2c0      	uxtb	r0, r0
10007640:	2a00      	cmp	r2, #0
10007642:	d1f6      	bne.n	10007632 <_ff_push_n+0xd0>
10007644:	6828      	ldr	r0, [r5, #0]
10007646:	e004      	b.n	10007652 <_ff_push_n+0xf0>
10007648:	780a      	ldrb	r2, [r1, #0]
1000764a:	7002      	strb	r2, [r0, #0]
1000764c:	3101      	adds	r1, #1
1000764e:	001f      	movs	r7, r3
10007650:	3001      	adds	r0, #1
10007652:	1e7b      	subs	r3, r7, #1
10007654:	b2db      	uxtb	r3, r3
10007656:	2f00      	cmp	r7, #0
10007658:	d1f6      	bne.n	10007648 <_ff_push_n+0xe6>
1000765a:	465b      	mov	r3, fp
1000765c:	2b00      	cmp	r3, #0
1000765e:	d0a2      	beq.n	100075a6 <_ff_push_n+0x44>
10007660:	465a      	mov	r2, fp
10007662:	4651      	mov	r1, sl
10007664:	f7ff ff5d 	bl	10007522 <_ff_push_const_addr>
10007668:	e79d      	b.n	100075a6 <_ff_push_n+0x44>
1000766a:	6828      	ldr	r0, [r5, #0]
1000766c:	e7f5      	b.n	1000765a <_ff_push_n+0xf8>

1000766e <_tu_fifo_write_n>:
1000766e:	b5f0      	push	{r4, r5, r6, r7, lr}
10007670:	b085      	sub	sp, #20
10007672:	0006      	movs	r6, r0
10007674:	9103      	str	r1, [sp, #12]
10007676:	1e15      	subs	r5, r2, #0
10007678:	9302      	str	r3, [sp, #8]
1000767a:	d100      	bne.n	1000767e <_tu_fifo_write_n+0x10>
1000767c:	e06d      	b.n	1000775a <_tu_fifo_write_n+0xec>
1000767e:	68c0      	ldr	r0, [r0, #12]
10007680:	2800      	cmp	r0, #0
10007682:	d003      	beq.n	1000768c <_tu_fifo_write_n+0x1e>
10007684:	2101      	movs	r1, #1
10007686:	4249      	negs	r1, r1
10007688:	f003 f872 	bl	1000a770 <__mutex_enter_timeout_ms_veneer>
1000768c:	8934      	ldrh	r4, [r6, #8]
1000768e:	b2a4      	uxth	r4, r4
10007690:	8971      	ldrh	r1, [r6, #10]
10007692:	b289      	uxth	r1, r1
10007694:	79f3      	ldrb	r3, [r6, #7]
10007696:	09db      	lsrs	r3, r3, #7
10007698:	d11a      	bne.n	100076d0 <_tu_fifo_write_n+0x62>
1000769a:	88b3      	ldrh	r3, [r6, #4]
1000769c:	428c      	cmp	r4, r1
1000769e:	d30f      	bcc.n	100076c0 <_tu_fifo_write_n+0x52>
100076a0:	1a61      	subs	r1, r4, r1
100076a2:	b289      	uxth	r1, r1
100076a4:	428b      	cmp	r3, r1
100076a6:	d911      	bls.n	100076cc <_tu_fifo_write_n+0x5e>
100076a8:	1a5b      	subs	r3, r3, r1
100076aa:	b29b      	uxth	r3, r3
100076ac:	1c2f      	adds	r7, r5, #0
100076ae:	429d      	cmp	r5, r3
100076b0:	d900      	bls.n	100076b4 <_tu_fifo_write_n+0x46>
100076b2:	1c1f      	adds	r7, r3, #0
100076b4:	b2bf      	uxth	r7, r7
100076b6:	2f00      	cmp	r7, #0
100076b8:	d047      	beq.n	1000774a <_tu_fifo_write_n+0xdc>
100076ba:	88b2      	ldrh	r2, [r6, #4]
100076bc:	0023      	movs	r3, r4
100076be:	e035      	b.n	1000772c <_tu_fifo_write_n+0xbe>
100076c0:	1a61      	subs	r1, r4, r1
100076c2:	b289      	uxth	r1, r1
100076c4:	005a      	lsls	r2, r3, #1
100076c6:	1889      	adds	r1, r1, r2
100076c8:	b289      	uxth	r1, r1
100076ca:	e7eb      	b.n	100076a4 <_tu_fifo_write_n+0x36>
100076cc:	2300      	movs	r3, #0
100076ce:	e7ed      	b.n	100076ac <_tu_fifo_write_n+0x3e>
100076d0:	88b7      	ldrh	r7, [r6, #4]
100076d2:	42af      	cmp	r7, r5
100076d4:	d80e      	bhi.n	100076f4 <_tu_fifo_write_n+0x86>
100076d6:	9b02      	ldr	r3, [sp, #8]
100076d8:	2b00      	cmp	r3, #0
100076da:	d121      	bne.n	10007720 <_tu_fifo_write_n+0xb2>
100076dc:	1bed      	subs	r5, r5, r7
100076de:	88f3      	ldrh	r3, [r6, #6]
100076e0:	045b      	lsls	r3, r3, #17
100076e2:	0c5a      	lsrs	r2, r3, #17
100076e4:	436a      	muls	r2, r5
100076e6:	9b03      	ldr	r3, [sp, #12]
100076e8:	469c      	mov	ip, r3
100076ea:	4494      	add	ip, r2
100076ec:	4663      	mov	r3, ip
100076ee:	9303      	str	r3, [sp, #12]
100076f0:	000c      	movs	r4, r1
100076f2:	e7e0      	b.n	100076b6 <_tu_fifo_write_n+0x48>
100076f4:	428c      	cmp	r4, r1
100076f6:	d30d      	bcc.n	10007714 <_tu_fifo_write_n+0xa6>
100076f8:	1a63      	subs	r3, r4, r1
100076fa:	b29b      	uxth	r3, r3
100076fc:	195b      	adds	r3, r3, r5
100076fe:	007a      	lsls	r2, r7, #1
10007700:	4293      	cmp	r3, r2
10007702:	db0f      	blt.n	10007724 <_tu_fifo_write_n+0xb6>
10007704:	1b7a      	subs	r2, r7, r5
10007706:	b292      	uxth	r2, r2
10007708:	0038      	movs	r0, r7
1000770a:	f7ff fdc8 	bl	1000729e <advance_index>
1000770e:	0004      	movs	r4, r0
10007710:	002f      	movs	r7, r5
10007712:	e7d0      	b.n	100076b6 <_tu_fifo_write_n+0x48>
10007714:	1a63      	subs	r3, r4, r1
10007716:	b29b      	uxth	r3, r3
10007718:	007a      	lsls	r2, r7, #1
1000771a:	189b      	adds	r3, r3, r2
1000771c:	b29b      	uxth	r3, r3
1000771e:	e7ed      	b.n	100076fc <_tu_fifo_write_n+0x8e>
10007720:	000c      	movs	r4, r1
10007722:	e7c8      	b.n	100076b6 <_tu_fifo_write_n+0x48>
10007724:	002f      	movs	r7, r5
10007726:	e7c6      	b.n	100076b6 <_tu_fifo_write_n+0x48>
10007728:	1a9b      	subs	r3, r3, r2
1000772a:	b29b      	uxth	r3, r3
1000772c:	429a      	cmp	r2, r3
1000772e:	d9fb      	bls.n	10007728 <_tu_fifo_write_n+0xba>
10007730:	9a02      	ldr	r2, [sp, #8]
10007732:	9200      	str	r2, [sp, #0]
10007734:	003a      	movs	r2, r7
10007736:	9903      	ldr	r1, [sp, #12]
10007738:	0030      	movs	r0, r6
1000773a:	f7ff ff12 	bl	10007562 <_ff_push_n>
1000773e:	88b0      	ldrh	r0, [r6, #4]
10007740:	003a      	movs	r2, r7
10007742:	0021      	movs	r1, r4
10007744:	f7ff fdab 	bl	1000729e <advance_index>
10007748:	8130      	strh	r0, [r6, #8]
1000774a:	68f0      	ldr	r0, [r6, #12]
1000774c:	2800      	cmp	r0, #0
1000774e:	d001      	beq.n	10007754 <_tu_fifo_write_n+0xe6>
10007750:	f002 ffee 	bl	1000a730 <__mutex_exit_veneer>
10007754:	0038      	movs	r0, r7
10007756:	b005      	add	sp, #20
10007758:	bdf0      	pop	{r4, r5, r6, r7, pc}
1000775a:	0017      	movs	r7, r2
1000775c:	e7fa      	b.n	10007754 <_tu_fifo_write_n+0xe6>

1000775e <tu_fifo_config>:
1000775e:	b5f0      	push	{r4, r5, r6, r7, lr}
10007760:	b083      	sub	sp, #12
10007762:	0004      	movs	r4, r0
10007764:	9101      	str	r1, [sp, #4]
10007766:	0016      	movs	r6, r2
10007768:	001d      	movs	r5, r3
1000776a:	ab08      	add	r3, sp, #32
1000776c:	781f      	ldrb	r7, [r3, #0]
1000776e:	2380      	movs	r3, #128	; 0x80
10007770:	021b      	lsls	r3, r3, #8
10007772:	429a      	cmp	r2, r3
10007774:	d82d      	bhi.n	100077d2 <tu_fifo_config+0x74>
10007776:	68c0      	ldr	r0, [r0, #12]
10007778:	2800      	cmp	r0, #0
1000777a:	d003      	beq.n	10007784 <tu_fifo_config+0x26>
1000777c:	2101      	movs	r1, #1
1000777e:	4249      	negs	r1, r1
10007780:	f002 fff6 	bl	1000a770 <__mutex_enter_timeout_ms_veneer>
10007784:	6920      	ldr	r0, [r4, #16]
10007786:	2800      	cmp	r0, #0
10007788:	d003      	beq.n	10007792 <tu_fifo_config+0x34>
1000778a:	2101      	movs	r1, #1
1000778c:	4249      	negs	r1, r1
1000778e:	f002 ffef 	bl	1000a770 <__mutex_enter_timeout_ms_veneer>
10007792:	9b01      	ldr	r3, [sp, #4]
10007794:	6023      	str	r3, [r4, #0]
10007796:	80a6      	strh	r6, [r4, #4]
10007798:	046d      	lsls	r5, r5, #17
1000779a:	0c6b      	lsrs	r3, r5, #17
1000779c:	88e2      	ldrh	r2, [r4, #6]
1000779e:	0bd2      	lsrs	r2, r2, #15
100077a0:	03d5      	lsls	r5, r2, #15
100077a2:	431d      	orrs	r5, r3
100077a4:	80e5      	strh	r5, [r4, #6]
100077a6:	01fb      	lsls	r3, r7, #7
100077a8:	79e2      	ldrb	r2, [r4, #7]
100077aa:	277f      	movs	r7, #127	; 0x7f
100077ac:	4017      	ands	r7, r2
100077ae:	431f      	orrs	r7, r3
100077b0:	71e7      	strb	r7, [r4, #7]
100077b2:	2300      	movs	r3, #0
100077b4:	8163      	strh	r3, [r4, #10]
100077b6:	8123      	strh	r3, [r4, #8]
100077b8:	68e0      	ldr	r0, [r4, #12]
100077ba:	2800      	cmp	r0, #0
100077bc:	d001      	beq.n	100077c2 <tu_fifo_config+0x64>
100077be:	f002 ffb7 	bl	1000a730 <__mutex_exit_veneer>
100077c2:	6920      	ldr	r0, [r4, #16]
100077c4:	2800      	cmp	r0, #0
100077c6:	d006      	beq.n	100077d6 <tu_fifo_config+0x78>
100077c8:	f002 ffb2 	bl	1000a730 <__mutex_exit_veneer>
100077cc:	2001      	movs	r0, #1
100077ce:	b003      	add	sp, #12
100077d0:	bdf0      	pop	{r4, r5, r6, r7, pc}
100077d2:	2000      	movs	r0, #0
100077d4:	e7fb      	b.n	100077ce <tu_fifo_config+0x70>
100077d6:	2001      	movs	r0, #1
100077d8:	e7f9      	b.n	100077ce <tu_fifo_config+0x70>

100077da <tu_fifo_count>:
100077da:	8881      	ldrh	r1, [r0, #4]
100077dc:	8903      	ldrh	r3, [r0, #8]
100077de:	b29b      	uxth	r3, r3
100077e0:	8942      	ldrh	r2, [r0, #10]
100077e2:	b292      	uxth	r2, r2
100077e4:	4293      	cmp	r3, r2
100077e6:	d307      	bcc.n	100077f8 <tu_fifo_count+0x1e>
100077e8:	1a9b      	subs	r3, r3, r2
100077ea:	b29b      	uxth	r3, r3
100077ec:	1c08      	adds	r0, r1, #0
100077ee:	4299      	cmp	r1, r3
100077f0:	d900      	bls.n	100077f4 <tu_fifo_count+0x1a>
100077f2:	1c18      	adds	r0, r3, #0
100077f4:	b280      	uxth	r0, r0
100077f6:	4770      	bx	lr
100077f8:	1a9b      	subs	r3, r3, r2
100077fa:	b29b      	uxth	r3, r3
100077fc:	004a      	lsls	r2, r1, #1
100077fe:	189b      	adds	r3, r3, r2
10007800:	b29b      	uxth	r3, r3
10007802:	e7f3      	b.n	100077ec <tu_fifo_count+0x12>

10007804 <tu_fifo_empty>:
10007804:	0003      	movs	r3, r0
10007806:	8900      	ldrh	r0, [r0, #8]
10007808:	895b      	ldrh	r3, [r3, #10]
1000780a:	1ac0      	subs	r0, r0, r3
1000780c:	4243      	negs	r3, r0
1000780e:	4158      	adcs	r0, r3
10007810:	b2c0      	uxtb	r0, r0
10007812:	4770      	bx	lr

10007814 <tu_fifo_full>:
10007814:	8881      	ldrh	r1, [r0, #4]
10007816:	8903      	ldrh	r3, [r0, #8]
10007818:	b29b      	uxth	r3, r3
1000781a:	8942      	ldrh	r2, [r0, #10]
1000781c:	b292      	uxth	r2, r2
1000781e:	4293      	cmp	r3, r2
10007820:	d306      	bcc.n	10007830 <tu_fifo_full+0x1c>
10007822:	1a9b      	subs	r3, r3, r2
10007824:	b29b      	uxth	r3, r3
10007826:	2000      	movs	r0, #0
10007828:	428b      	cmp	r3, r1
1000782a:	4140      	adcs	r0, r0
1000782c:	b2c0      	uxtb	r0, r0
1000782e:	4770      	bx	lr
10007830:	1a9b      	subs	r3, r3, r2
10007832:	b29b      	uxth	r3, r3
10007834:	004a      	lsls	r2, r1, #1
10007836:	189b      	adds	r3, r3, r2
10007838:	b29b      	uxth	r3, r3
1000783a:	e7f4      	b.n	10007826 <tu_fifo_full+0x12>

1000783c <tu_fifo_remaining>:
1000783c:	8882      	ldrh	r2, [r0, #4]
1000783e:	8903      	ldrh	r3, [r0, #8]
10007840:	b29b      	uxth	r3, r3
10007842:	8940      	ldrh	r0, [r0, #10]
10007844:	b280      	uxth	r0, r0
10007846:	4283      	cmp	r3, r0
10007848:	d306      	bcc.n	10007858 <tu_fifo_remaining+0x1c>
1000784a:	1a1b      	subs	r3, r3, r0
1000784c:	b29b      	uxth	r3, r3
1000784e:	429a      	cmp	r2, r3
10007850:	d908      	bls.n	10007864 <tu_fifo_remaining+0x28>
10007852:	1ad3      	subs	r3, r2, r3
10007854:	b298      	uxth	r0, r3
10007856:	4770      	bx	lr
10007858:	1a1b      	subs	r3, r3, r0
1000785a:	b29b      	uxth	r3, r3
1000785c:	0050      	lsls	r0, r2, #1
1000785e:	181b      	adds	r3, r3, r0
10007860:	b29b      	uxth	r3, r3
10007862:	e7f4      	b.n	1000784e <tu_fifo_remaining+0x12>
10007864:	2000      	movs	r0, #0
10007866:	e7f6      	b.n	10007856 <tu_fifo_remaining+0x1a>

10007868 <tu_fifo_read>:
10007868:	b570      	push	{r4, r5, r6, lr}
1000786a:	0004      	movs	r4, r0
1000786c:	000d      	movs	r5, r1
1000786e:	6900      	ldr	r0, [r0, #16]
10007870:	2800      	cmp	r0, #0
10007872:	d003      	beq.n	1000787c <tu_fifo_read+0x14>
10007874:	2101      	movs	r1, #1
10007876:	4249      	negs	r1, r1
10007878:	f002 ff7a 	bl	1000a770 <__mutex_enter_timeout_ms_veneer>
1000787c:	8922      	ldrh	r2, [r4, #8]
1000787e:	b292      	uxth	r2, r2
10007880:	8963      	ldrh	r3, [r4, #10]
10007882:	b29b      	uxth	r3, r3
10007884:	0029      	movs	r1, r5
10007886:	0020      	movs	r0, r4
10007888:	f7ff fd16 	bl	100072b8 <_tu_fifo_peek>
1000788c:	0005      	movs	r5, r0
1000788e:	8961      	ldrh	r1, [r4, #10]
10007890:	b289      	uxth	r1, r1
10007892:	b282      	uxth	r2, r0
10007894:	88a0      	ldrh	r0, [r4, #4]
10007896:	f7ff fd02 	bl	1000729e <advance_index>
1000789a:	8160      	strh	r0, [r4, #10]
1000789c:	6920      	ldr	r0, [r4, #16]
1000789e:	2800      	cmp	r0, #0
100078a0:	d001      	beq.n	100078a6 <tu_fifo_read+0x3e>
100078a2:	f002 ff45 	bl	1000a730 <__mutex_exit_veneer>
100078a6:	0028      	movs	r0, r5
100078a8:	bd70      	pop	{r4, r5, r6, pc}

100078aa <tu_fifo_read_n>:
100078aa:	b510      	push	{r4, lr}
100078ac:	2300      	movs	r3, #0
100078ae:	f7ff fe11 	bl	100074d4 <_tu_fifo_read_n>
100078b2:	bd10      	pop	{r4, pc}

100078b4 <tu_fifo_write>:
100078b4:	b5f8      	push	{r3, r4, r5, r6, r7, lr}
100078b6:	0004      	movs	r4, r0
100078b8:	000e      	movs	r6, r1
100078ba:	68c0      	ldr	r0, [r0, #12]
100078bc:	2800      	cmp	r0, #0
100078be:	d003      	beq.n	100078c8 <tu_fifo_write+0x14>
100078c0:	2101      	movs	r1, #1
100078c2:	4249      	negs	r1, r1
100078c4:	f002 ff54 	bl	1000a770 <__mutex_enter_timeout_ms_veneer>
100078c8:	8925      	ldrh	r5, [r4, #8]
100078ca:	b2ad      	uxth	r5, r5
100078cc:	0020      	movs	r0, r4
100078ce:	f7ff ffa1 	bl	10007814 <tu_fifo_full>
100078d2:	2800      	cmp	r0, #0
100078d4:	d002      	beq.n	100078dc <tu_fifo_write+0x28>
100078d6:	79e7      	ldrb	r7, [r4, #7]
100078d8:	09ff      	lsrs	r7, r7, #7
100078da:	d016      	beq.n	1000790a <tu_fifo_write+0x56>
100078dc:	88a2      	ldrh	r2, [r4, #4]
100078de:	002b      	movs	r3, r5
100078e0:	e001      	b.n	100078e6 <tu_fifo_write+0x32>
100078e2:	1a9b      	subs	r3, r3, r2
100078e4:	b29b      	uxth	r3, r3
100078e6:	429a      	cmp	r2, r3
100078e8:	d9fb      	bls.n	100078e2 <tu_fifo_write+0x2e>
100078ea:	88e2      	ldrh	r2, [r4, #6]
100078ec:	0452      	lsls	r2, r2, #17
100078ee:	0c52      	lsrs	r2, r2, #17
100078f0:	4353      	muls	r3, r2
100078f2:	6821      	ldr	r1, [r4, #0]
100078f4:	18c8      	adds	r0, r1, r3
100078f6:	0031      	movs	r1, r6
100078f8:	f7fd fbe2 	bl	100050c0 <__wrap___aeabi_memcpy>
100078fc:	88a0      	ldrh	r0, [r4, #4]
100078fe:	2201      	movs	r2, #1
10007900:	0029      	movs	r1, r5
10007902:	f7ff fccc 	bl	1000729e <advance_index>
10007906:	8120      	strh	r0, [r4, #8]
10007908:	2701      	movs	r7, #1
1000790a:	68e0      	ldr	r0, [r4, #12]
1000790c:	2800      	cmp	r0, #0
1000790e:	d001      	beq.n	10007914 <tu_fifo_write+0x60>
10007910:	f002 ff0e 	bl	1000a730 <__mutex_exit_veneer>
10007914:	0038      	movs	r0, r7
10007916:	bdf8      	pop	{r3, r4, r5, r6, r7, pc}

10007918 <tu_fifo_write_n>:
10007918:	b510      	push	{r4, lr}
1000791a:	2300      	movs	r3, #0
1000791c:	f7ff fea7 	bl	1000766e <_tu_fifo_write_n>
10007920:	bd10      	pop	{r4, pc}

10007922 <tu_fifo_clear>:
10007922:	b510      	push	{r4, lr}
10007924:	0004      	movs	r4, r0
10007926:	68c0      	ldr	r0, [r0, #12]
10007928:	2800      	cmp	r0, #0
1000792a:	d003      	beq.n	10007934 <tu_fifo_clear+0x12>
1000792c:	2101      	movs	r1, #1
1000792e:	4249      	negs	r1, r1
10007930:	f002 ff1e 	bl	1000a770 <__mutex_enter_timeout_ms_veneer>
10007934:	6920      	ldr	r0, [r4, #16]
10007936:	2800      	cmp	r0, #0
10007938:	d003      	beq.n	10007942 <tu_fifo_clear+0x20>
1000793a:	2101      	movs	r1, #1
1000793c:	4249      	negs	r1, r1
1000793e:	f002 ff17 	bl	1000a770 <__mutex_enter_timeout_ms_veneer>
10007942:	2300      	movs	r3, #0
10007944:	8163      	strh	r3, [r4, #10]
10007946:	8123      	strh	r3, [r4, #8]
10007948:	68e0      	ldr	r0, [r4, #12]
1000794a:	2800      	cmp	r0, #0
1000794c:	d001      	beq.n	10007952 <tu_fifo_clear+0x30>
1000794e:	f002 feef 	bl	1000a730 <__mutex_exit_veneer>
10007952:	6920      	ldr	r0, [r4, #16]
10007954:	2800      	cmp	r0, #0
10007956:	d001      	beq.n	1000795c <tu_fifo_clear+0x3a>
10007958:	f002 feea 	bl	1000a730 <__mutex_exit_veneer>
1000795c:	2001      	movs	r0, #1
1000795e:	bd10      	pop	{r4, pc}

10007960 <tu_fifo_set_overwritable>:
10007960:	b570      	push	{r4, r5, r6, lr}
10007962:	0004      	movs	r4, r0
10007964:	000d      	movs	r5, r1
10007966:	68c0      	ldr	r0, [r0, #12]
10007968:	2800      	cmp	r0, #0
1000796a:	d003      	beq.n	10007974 <tu_fifo_set_overwritable+0x14>
1000796c:	2101      	movs	r1, #1
1000796e:	4249      	negs	r1, r1
10007970:	f002 fefe 	bl	1000a770 <__mutex_enter_timeout_ms_veneer>
10007974:	6920      	ldr	r0, [r4, #16]
10007976:	2800      	cmp	r0, #0
10007978:	d003      	beq.n	10007982 <tu_fifo_set_overwritable+0x22>
1000797a:	2101      	movs	r1, #1
1000797c:	4249      	negs	r1, r1
1000797e:	f002 fef7 	bl	1000a770 <__mutex_enter_timeout_ms_veneer>
10007982:	01ed      	lsls	r5, r5, #7
10007984:	79e3      	ldrb	r3, [r4, #7]
10007986:	217f      	movs	r1, #127	; 0x7f
10007988:	4019      	ands	r1, r3
1000798a:	4329      	orrs	r1, r5
1000798c:	71e1      	strb	r1, [r4, #7]
1000798e:	68e0      	ldr	r0, [r4, #12]
10007990:	2800      	cmp	r0, #0
10007992:	d001      	beq.n	10007998 <tu_fifo_set_overwritable+0x38>
10007994:	f002 fecc 	bl	1000a730 <__mutex_exit_veneer>
10007998:	6920      	ldr	r0, [r4, #16]
1000799a:	2800      	cmp	r0, #0
1000799c:	d001      	beq.n	100079a2 <tu_fifo_set_overwritable+0x42>
1000799e:	f002 fec7 	bl	1000a730 <__mutex_exit_veneer>
100079a2:	2001      	movs	r0, #1
100079a4:	bd70      	pop	{r4, r5, r6, pc}
	...

100079a8 <_calloc_r>:
100079a8:	b570      	push	{r4, r5, r6, lr}
100079aa:	0c0b      	lsrs	r3, r1, #16
100079ac:	2400      	movs	r4, #0
100079ae:	0c15      	lsrs	r5, r2, #16
100079b0:	2b00      	cmp	r3, #0
100079b2:	d128      	bne.n	10007a06 <_calloc_r+0x5e>
100079b4:	2d00      	cmp	r5, #0
100079b6:	d137      	bne.n	10007a28 <_calloc_r+0x80>
100079b8:	b28b      	uxth	r3, r1
100079ba:	b291      	uxth	r1, r2
100079bc:	4359      	muls	r1, r3
100079be:	f000 f847 	bl	10007a50 <_malloc_r>
100079c2:	1e05      	subs	r5, r0, #0
100079c4:	d019      	beq.n	100079fa <_calloc_r+0x52>
100079c6:	0003      	movs	r3, r0
100079c8:	3b08      	subs	r3, #8
100079ca:	685a      	ldr	r2, [r3, #4]
100079cc:	2303      	movs	r3, #3
100079ce:	439a      	bics	r2, r3
100079d0:	3a04      	subs	r2, #4
100079d2:	2a24      	cmp	r2, #36	; 0x24
100079d4:	d813      	bhi.n	100079fe <_calloc_r+0x56>
100079d6:	0003      	movs	r3, r0
100079d8:	2a13      	cmp	r2, #19
100079da:	d90a      	bls.n	100079f2 <_calloc_r+0x4a>
100079dc:	6004      	str	r4, [r0, #0]
100079de:	6044      	str	r4, [r0, #4]
100079e0:	3308      	adds	r3, #8
100079e2:	2a1b      	cmp	r2, #27
100079e4:	d905      	bls.n	100079f2 <_calloc_r+0x4a>
100079e6:	6084      	str	r4, [r0, #8]
100079e8:	60c4      	str	r4, [r0, #12]
100079ea:	2a24      	cmp	r2, #36	; 0x24
100079ec:	d025      	beq.n	10007a3a <_calloc_r+0x92>
100079ee:	0003      	movs	r3, r0
100079f0:	3310      	adds	r3, #16
100079f2:	2200      	movs	r2, #0
100079f4:	601a      	str	r2, [r3, #0]
100079f6:	605a      	str	r2, [r3, #4]
100079f8:	609a      	str	r2, [r3, #8]
100079fa:	0028      	movs	r0, r5
100079fc:	bd70      	pop	{r4, r5, r6, pc}
100079fe:	2100      	movs	r1, #0
10007a00:	f7fd fb58 	bl	100050b4 <__wrap_memset>
10007a04:	e7f9      	b.n	100079fa <_calloc_r+0x52>
10007a06:	2d00      	cmp	r5, #0
10007a08:	d111      	bne.n	10007a2e <_calloc_r+0x86>
10007a0a:	1c15      	adds	r5, r2, #0
10007a0c:	b289      	uxth	r1, r1
10007a0e:	b292      	uxth	r2, r2
10007a10:	434a      	muls	r2, r1
10007a12:	b2ad      	uxth	r5, r5
10007a14:	b29b      	uxth	r3, r3
10007a16:	436b      	muls	r3, r5
10007a18:	0c11      	lsrs	r1, r2, #16
10007a1a:	185b      	adds	r3, r3, r1
10007a1c:	0c19      	lsrs	r1, r3, #16
10007a1e:	d106      	bne.n	10007a2e <_calloc_r+0x86>
10007a20:	0419      	lsls	r1, r3, #16
10007a22:	b292      	uxth	r2, r2
10007a24:	4311      	orrs	r1, r2
10007a26:	e7ca      	b.n	100079be <_calloc_r+0x16>
10007a28:	1c2b      	adds	r3, r5, #0
10007a2a:	1c0d      	adds	r5, r1, #0
10007a2c:	e7ee      	b.n	10007a0c <_calloc_r+0x64>
10007a2e:	f000 f809 	bl	10007a44 <__errno>
10007a32:	230c      	movs	r3, #12
10007a34:	2500      	movs	r5, #0
10007a36:	6003      	str	r3, [r0, #0]
10007a38:	e7df      	b.n	100079fa <_calloc_r+0x52>
10007a3a:	0003      	movs	r3, r0
10007a3c:	6104      	str	r4, [r0, #16]
10007a3e:	3318      	adds	r3, #24
10007a40:	6144      	str	r4, [r0, #20]
10007a42:	e7d6      	b.n	100079f2 <_calloc_r+0x4a>

10007a44 <__errno>:
10007a44:	4b01      	ldr	r3, [pc, #4]	; (10007a4c <__errno+0x8>)
10007a46:	6818      	ldr	r0, [r3, #0]
10007a48:	4770      	bx	lr
10007a4a:	46c0      	nop			; (mov r8, r8)
10007a4c:	20000da0 	.word	0x20000da0

10007a50 <_malloc_r>:
10007a50:	b5f0      	push	{r4, r5, r6, r7, lr}
10007a52:	464e      	mov	r6, r9
10007a54:	4645      	mov	r5, r8
10007a56:	46de      	mov	lr, fp
10007a58:	4657      	mov	r7, sl
10007a5a:	b5e0      	push	{r5, r6, r7, lr}
10007a5c:	000d      	movs	r5, r1
10007a5e:	350b      	adds	r5, #11
10007a60:	0006      	movs	r6, r0
10007a62:	b083      	sub	sp, #12
10007a64:	2d16      	cmp	r5, #22
10007a66:	d822      	bhi.n	10007aae <_malloc_r+0x5e>
10007a68:	2910      	cmp	r1, #16
10007a6a:	d900      	bls.n	10007a6e <_malloc_r+0x1e>
10007a6c:	e0b2      	b.n	10007bd4 <_malloc_r+0x184>
10007a6e:	f000 fab1 	bl	10007fd4 <__malloc_lock>
10007a72:	2510      	movs	r5, #16
10007a74:	2318      	movs	r3, #24
10007a76:	2002      	movs	r0, #2
10007a78:	4fcc      	ldr	r7, [pc, #816]	; (10007dac <_malloc_r+0x35c>)
10007a7a:	18fb      	adds	r3, r7, r3
10007a7c:	001a      	movs	r2, r3
10007a7e:	685c      	ldr	r4, [r3, #4]
10007a80:	3a08      	subs	r2, #8
10007a82:	4294      	cmp	r4, r2
10007a84:	d100      	bne.n	10007a88 <_malloc_r+0x38>
10007a86:	e0b5      	b.n	10007bf4 <_malloc_r+0x1a4>
10007a88:	2303      	movs	r3, #3
10007a8a:	6862      	ldr	r2, [r4, #4]
10007a8c:	439a      	bics	r2, r3
10007a8e:	0013      	movs	r3, r2
10007a90:	68e2      	ldr	r2, [r4, #12]
10007a92:	68a1      	ldr	r1, [r4, #8]
10007a94:	60ca      	str	r2, [r1, #12]
10007a96:	6091      	str	r1, [r2, #8]
10007a98:	2201      	movs	r2, #1
10007a9a:	18e3      	adds	r3, r4, r3
10007a9c:	6859      	ldr	r1, [r3, #4]
10007a9e:	0030      	movs	r0, r6
10007aa0:	430a      	orrs	r2, r1
10007aa2:	605a      	str	r2, [r3, #4]
10007aa4:	f000 fa9e 	bl	10007fe4 <__malloc_unlock>
10007aa8:	0020      	movs	r0, r4
10007aaa:	3008      	adds	r0, #8
10007aac:	e095      	b.n	10007bda <_malloc_r+0x18a>
10007aae:	2307      	movs	r3, #7
10007ab0:	439d      	bics	r5, r3
10007ab2:	d500      	bpl.n	10007ab6 <_malloc_r+0x66>
10007ab4:	e08e      	b.n	10007bd4 <_malloc_r+0x184>
10007ab6:	42a9      	cmp	r1, r5
10007ab8:	d900      	bls.n	10007abc <_malloc_r+0x6c>
10007aba:	e08b      	b.n	10007bd4 <_malloc_r+0x184>
10007abc:	f000 fa8a 	bl	10007fd4 <__malloc_lock>
10007ac0:	23fc      	movs	r3, #252	; 0xfc
10007ac2:	005b      	lsls	r3, r3, #1
10007ac4:	429d      	cmp	r5, r3
10007ac6:	d200      	bcs.n	10007aca <_malloc_r+0x7a>
10007ac8:	e1a7      	b.n	10007e1a <_malloc_r+0x3ca>
10007aca:	0a68      	lsrs	r0, r5, #9
10007acc:	d100      	bne.n	10007ad0 <_malloc_r+0x80>
10007ace:	e08b      	b.n	10007be8 <_malloc_r+0x198>
10007ad0:	2804      	cmp	r0, #4
10007ad2:	d900      	bls.n	10007ad6 <_malloc_r+0x86>
10007ad4:	e17a      	b.n	10007dcc <_malloc_r+0x37c>
10007ad6:	2338      	movs	r3, #56	; 0x38
10007ad8:	4698      	mov	r8, r3
10007ada:	09a8      	lsrs	r0, r5, #6
10007adc:	4480      	add	r8, r0
10007ade:	3039      	adds	r0, #57	; 0x39
10007ae0:	00c1      	lsls	r1, r0, #3
10007ae2:	4fb2      	ldr	r7, [pc, #712]	; (10007dac <_malloc_r+0x35c>)
10007ae4:	1879      	adds	r1, r7, r1
10007ae6:	684c      	ldr	r4, [r1, #4]
10007ae8:	3908      	subs	r1, #8
10007aea:	42a1      	cmp	r1, r4
10007aec:	d00e      	beq.n	10007b0c <_malloc_r+0xbc>
10007aee:	2303      	movs	r3, #3
10007af0:	469c      	mov	ip, r3
10007af2:	e004      	b.n	10007afe <_malloc_r+0xae>
10007af4:	2a00      	cmp	r2, #0
10007af6:	dacb      	bge.n	10007a90 <_malloc_r+0x40>
10007af8:	68e4      	ldr	r4, [r4, #12]
10007afa:	42a1      	cmp	r1, r4
10007afc:	d006      	beq.n	10007b0c <_malloc_r+0xbc>
10007afe:	4662      	mov	r2, ip
10007b00:	6863      	ldr	r3, [r4, #4]
10007b02:	4393      	bics	r3, r2
10007b04:	1b5a      	subs	r2, r3, r5
10007b06:	2a0f      	cmp	r2, #15
10007b08:	ddf4      	ble.n	10007af4 <_malloc_r+0xa4>
10007b0a:	4640      	mov	r0, r8
10007b0c:	003a      	movs	r2, r7
10007b0e:	693c      	ldr	r4, [r7, #16]
10007b10:	3208      	adds	r2, #8
10007b12:	4294      	cmp	r4, r2
10007b14:	d100      	bne.n	10007b18 <_malloc_r+0xc8>
10007b16:	e078      	b.n	10007c0a <_malloc_r+0x1ba>
10007b18:	2303      	movs	r3, #3
10007b1a:	6861      	ldr	r1, [r4, #4]
10007b1c:	4399      	bics	r1, r3
10007b1e:	4689      	mov	r9, r1
10007b20:	000b      	movs	r3, r1
10007b22:	1b49      	subs	r1, r1, r5
10007b24:	290f      	cmp	r1, #15
10007b26:	dd00      	ble.n	10007b2a <_malloc_r+0xda>
10007b28:	e17b      	b.n	10007e22 <_malloc_r+0x3d2>
10007b2a:	617a      	str	r2, [r7, #20]
10007b2c:	613a      	str	r2, [r7, #16]
10007b2e:	2900      	cmp	r1, #0
10007b30:	dab2      	bge.n	10007a98 <_malloc_r+0x48>
10007b32:	2280      	movs	r2, #128	; 0x80
10007b34:	0092      	lsls	r2, r2, #2
10007b36:	4591      	cmp	r9, r2
10007b38:	d300      	bcc.n	10007b3c <_malloc_r+0xec>
10007b3a:	e10f      	b.n	10007d5c <_malloc_r+0x30c>
10007b3c:	0959      	lsrs	r1, r3, #5
10007b3e:	08da      	lsrs	r2, r3, #3
10007b40:	2301      	movs	r3, #1
10007b42:	408b      	lsls	r3, r1
10007b44:	00d2      	lsls	r2, r2, #3
10007b46:	6879      	ldr	r1, [r7, #4]
10007b48:	19d2      	adds	r2, r2, r7
10007b4a:	430b      	orrs	r3, r1
10007b4c:	6891      	ldr	r1, [r2, #8]
10007b4e:	607b      	str	r3, [r7, #4]
10007b50:	60e2      	str	r2, [r4, #12]
10007b52:	60a1      	str	r1, [r4, #8]
10007b54:	6094      	str	r4, [r2, #8]
10007b56:	60cc      	str	r4, [r1, #12]
10007b58:	2101      	movs	r1, #1
10007b5a:	1082      	asrs	r2, r0, #2
10007b5c:	4091      	lsls	r1, r2
10007b5e:	4299      	cmp	r1, r3
10007b60:	d859      	bhi.n	10007c16 <_malloc_r+0x1c6>
10007b62:	420b      	tst	r3, r1
10007b64:	d105      	bne.n	10007b72 <_malloc_r+0x122>
10007b66:	2203      	movs	r2, #3
10007b68:	4390      	bics	r0, r2
10007b6a:	0049      	lsls	r1, r1, #1
10007b6c:	3004      	adds	r0, #4
10007b6e:	420b      	tst	r3, r1
10007b70:	d0fb      	beq.n	10007b6a <_malloc_r+0x11a>
10007b72:	2303      	movs	r3, #3
10007b74:	4698      	mov	r8, r3
10007b76:	00c3      	lsls	r3, r0, #3
10007b78:	4699      	mov	r9, r3
10007b7a:	44b9      	add	r9, r7
10007b7c:	46cc      	mov	ip, r9
10007b7e:	4682      	mov	sl, r0
10007b80:	4663      	mov	r3, ip
10007b82:	68dc      	ldr	r4, [r3, #12]
10007b84:	45a4      	cmp	ip, r4
10007b86:	d107      	bne.n	10007b98 <_malloc_r+0x148>
10007b88:	e12c      	b.n	10007de4 <_malloc_r+0x394>
10007b8a:	2a00      	cmp	r2, #0
10007b8c:	db00      	blt.n	10007b90 <_malloc_r+0x140>
10007b8e:	e135      	b.n	10007dfc <_malloc_r+0x3ac>
10007b90:	68e4      	ldr	r4, [r4, #12]
10007b92:	45a4      	cmp	ip, r4
10007b94:	d100      	bne.n	10007b98 <_malloc_r+0x148>
10007b96:	e125      	b.n	10007de4 <_malloc_r+0x394>
10007b98:	4642      	mov	r2, r8
10007b9a:	6863      	ldr	r3, [r4, #4]
10007b9c:	4393      	bics	r3, r2
10007b9e:	1b5a      	subs	r2, r3, r5
10007ba0:	2a0f      	cmp	r2, #15
10007ba2:	ddf2      	ble.n	10007b8a <_malloc_r+0x13a>
10007ba4:	2001      	movs	r0, #1
10007ba6:	4680      	mov	r8, r0
10007ba8:	1961      	adds	r1, r4, r5
10007baa:	4305      	orrs	r5, r0
10007bac:	6065      	str	r5, [r4, #4]
10007bae:	68a0      	ldr	r0, [r4, #8]
10007bb0:	68e5      	ldr	r5, [r4, #12]
10007bb2:	3708      	adds	r7, #8
10007bb4:	60c5      	str	r5, [r0, #12]
10007bb6:	60a8      	str	r0, [r5, #8]
10007bb8:	4640      	mov	r0, r8
10007bba:	4310      	orrs	r0, r2
10007bbc:	60f9      	str	r1, [r7, #12]
10007bbe:	60b9      	str	r1, [r7, #8]
10007bc0:	6048      	str	r0, [r1, #4]
10007bc2:	60cf      	str	r7, [r1, #12]
10007bc4:	0030      	movs	r0, r6
10007bc6:	608f      	str	r7, [r1, #8]
10007bc8:	50e2      	str	r2, [r4, r3]
10007bca:	f000 fa0b 	bl	10007fe4 <__malloc_unlock>
10007bce:	0020      	movs	r0, r4
10007bd0:	3008      	adds	r0, #8
10007bd2:	e002      	b.n	10007bda <_malloc_r+0x18a>
10007bd4:	230c      	movs	r3, #12
10007bd6:	2000      	movs	r0, #0
10007bd8:	6033      	str	r3, [r6, #0]
10007bda:	b003      	add	sp, #12
10007bdc:	bcf0      	pop	{r4, r5, r6, r7}
10007bde:	46bb      	mov	fp, r7
10007be0:	46b2      	mov	sl, r6
10007be2:	46a9      	mov	r9, r5
10007be4:	46a0      	mov	r8, r4
10007be6:	bdf0      	pop	{r4, r5, r6, r7, pc}
10007be8:	2180      	movs	r1, #128	; 0x80
10007bea:	233f      	movs	r3, #63	; 0x3f
10007bec:	2040      	movs	r0, #64	; 0x40
10007bee:	4698      	mov	r8, r3
10007bf0:	0089      	lsls	r1, r1, #2
10007bf2:	e776      	b.n	10007ae2 <_malloc_r+0x92>
10007bf4:	68dc      	ldr	r4, [r3, #12]
10007bf6:	3002      	adds	r0, #2
10007bf8:	42a3      	cmp	r3, r4
10007bfa:	d000      	beq.n	10007bfe <_malloc_r+0x1ae>
10007bfc:	e744      	b.n	10007a88 <_malloc_r+0x38>
10007bfe:	003a      	movs	r2, r7
10007c00:	693c      	ldr	r4, [r7, #16]
10007c02:	3208      	adds	r2, #8
10007c04:	4294      	cmp	r4, r2
10007c06:	d000      	beq.n	10007c0a <_malloc_r+0x1ba>
10007c08:	e786      	b.n	10007b18 <_malloc_r+0xc8>
10007c0a:	2101      	movs	r1, #1
10007c0c:	687b      	ldr	r3, [r7, #4]
10007c0e:	1082      	asrs	r2, r0, #2
10007c10:	4091      	lsls	r1, r2
10007c12:	4299      	cmp	r1, r3
10007c14:	d9a5      	bls.n	10007b62 <_malloc_r+0x112>
10007c16:	2303      	movs	r3, #3
10007c18:	68bc      	ldr	r4, [r7, #8]
10007c1a:	6862      	ldr	r2, [r4, #4]
10007c1c:	439a      	bics	r2, r3
10007c1e:	4691      	mov	r9, r2
10007c20:	4295      	cmp	r5, r2
10007c22:	d803      	bhi.n	10007c2c <_malloc_r+0x1dc>
10007c24:	1b53      	subs	r3, r2, r5
10007c26:	2b0f      	cmp	r3, #15
10007c28:	dd00      	ble.n	10007c2c <_malloc_r+0x1dc>
10007c2a:	e089      	b.n	10007d40 <_malloc_r+0x2f0>
10007c2c:	0023      	movs	r3, r4
10007c2e:	444b      	add	r3, r9
10007c30:	4a5f      	ldr	r2, [pc, #380]	; (10007db0 <_malloc_r+0x360>)
10007c32:	9301      	str	r3, [sp, #4]
10007c34:	4b5f      	ldr	r3, [pc, #380]	; (10007db4 <_malloc_r+0x364>)
10007c36:	4693      	mov	fp, r2
10007c38:	681b      	ldr	r3, [r3, #0]
10007c3a:	6812      	ldr	r2, [r2, #0]
10007c3c:	18eb      	adds	r3, r5, r3
10007c3e:	3201      	adds	r2, #1
10007c40:	d100      	bne.n	10007c44 <_malloc_r+0x1f4>
10007c42:	e13d      	b.n	10007ec0 <_malloc_r+0x470>
10007c44:	4a5c      	ldr	r2, [pc, #368]	; (10007db8 <_malloc_r+0x368>)
10007c46:	4694      	mov	ip, r2
10007c48:	4463      	add	r3, ip
10007c4a:	0b1b      	lsrs	r3, r3, #12
10007c4c:	031b      	lsls	r3, r3, #12
10007c4e:	9300      	str	r3, [sp, #0]
10007c50:	0030      	movs	r0, r6
10007c52:	9900      	ldr	r1, [sp, #0]
10007c54:	f000 f9ce 	bl	10007ff4 <_sbrk_r>
10007c58:	0003      	movs	r3, r0
10007c5a:	4680      	mov	r8, r0
10007c5c:	3301      	adds	r3, #1
10007c5e:	d100      	bne.n	10007c62 <_malloc_r+0x212>
10007c60:	e0fa      	b.n	10007e58 <_malloc_r+0x408>
10007c62:	9b01      	ldr	r3, [sp, #4]
10007c64:	4283      	cmp	r3, r0
10007c66:	d900      	bls.n	10007c6a <_malloc_r+0x21a>
10007c68:	e0f4      	b.n	10007e54 <_malloc_r+0x404>
10007c6a:	4b54      	ldr	r3, [pc, #336]	; (10007dbc <_malloc_r+0x36c>)
10007c6c:	9800      	ldr	r0, [sp, #0]
10007c6e:	001a      	movs	r2, r3
10007c70:	469a      	mov	sl, r3
10007c72:	6812      	ldr	r2, [r2, #0]
10007c74:	0003      	movs	r3, r0
10007c76:	4694      	mov	ip, r2
10007c78:	4651      	mov	r1, sl
10007c7a:	4463      	add	r3, ip
10007c7c:	600b      	str	r3, [r1, #0]
10007c7e:	9901      	ldr	r1, [sp, #4]
10007c80:	001a      	movs	r2, r3
10007c82:	4541      	cmp	r1, r8
10007c84:	d100      	bne.n	10007c88 <_malloc_r+0x238>
10007c86:	e151      	b.n	10007f2c <_malloc_r+0x4dc>
10007c88:	465b      	mov	r3, fp
10007c8a:	681b      	ldr	r3, [r3, #0]
10007c8c:	3301      	adds	r3, #1
10007c8e:	d100      	bne.n	10007c92 <_malloc_r+0x242>
10007c90:	e156      	b.n	10007f40 <_malloc_r+0x4f0>
10007c92:	4643      	mov	r3, r8
10007c94:	9901      	ldr	r1, [sp, #4]
10007c96:	1a5b      	subs	r3, r3, r1
10007c98:	189a      	adds	r2, r3, r2
10007c9a:	4653      	mov	r3, sl
10007c9c:	601a      	str	r2, [r3, #0]
10007c9e:	2307      	movs	r3, #7
10007ca0:	4642      	mov	r2, r8
10007ca2:	4641      	mov	r1, r8
10007ca4:	401a      	ands	r2, r3
10007ca6:	9201      	str	r2, [sp, #4]
10007ca8:	4219      	tst	r1, r3
10007caa:	d100      	bne.n	10007cae <_malloc_r+0x25e>
10007cac:	e112      	b.n	10007ed4 <_malloc_r+0x484>
10007cae:	2308      	movs	r3, #8
10007cb0:	4698      	mov	r8, r3
10007cb2:	1a88      	subs	r0, r1, r2
10007cb4:	4b42      	ldr	r3, [pc, #264]	; (10007dc0 <_malloc_r+0x370>)
10007cb6:	9900      	ldr	r1, [sp, #0]
10007cb8:	4480      	add	r8, r0
10007cba:	4441      	add	r1, r8
10007cbc:	1a9b      	subs	r3, r3, r2
10007cbe:	1a5b      	subs	r3, r3, r1
10007cc0:	051b      	lsls	r3, r3, #20
10007cc2:	0d1b      	lsrs	r3, r3, #20
10007cc4:	9100      	str	r1, [sp, #0]
10007cc6:	0030      	movs	r0, r6
10007cc8:	0019      	movs	r1, r3
10007cca:	469b      	mov	fp, r3
10007ccc:	f000 f992 	bl	10007ff4 <_sbrk_r>
10007cd0:	1c43      	adds	r3, r0, #1
10007cd2:	d100      	bne.n	10007cd6 <_malloc_r+0x286>
10007cd4:	e150      	b.n	10007f78 <_malloc_r+0x528>
10007cd6:	4643      	mov	r3, r8
10007cd8:	1ac0      	subs	r0, r0, r3
10007cda:	0003      	movs	r3, r0
10007cdc:	445b      	add	r3, fp
10007cde:	9300      	str	r3, [sp, #0]
10007ce0:	4653      	mov	r3, sl
10007ce2:	4652      	mov	r2, sl
10007ce4:	681b      	ldr	r3, [r3, #0]
10007ce6:	2101      	movs	r1, #1
10007ce8:	445b      	add	r3, fp
10007cea:	6013      	str	r3, [r2, #0]
10007cec:	4642      	mov	r2, r8
10007cee:	4640      	mov	r0, r8
10007cf0:	60ba      	str	r2, [r7, #8]
10007cf2:	9a00      	ldr	r2, [sp, #0]
10007cf4:	430a      	orrs	r2, r1
10007cf6:	6042      	str	r2, [r0, #4]
10007cf8:	42bc      	cmp	r4, r7
10007cfa:	d100      	bne.n	10007cfe <_malloc_r+0x2ae>
10007cfc:	e124      	b.n	10007f48 <_malloc_r+0x4f8>
10007cfe:	464a      	mov	r2, r9
10007d00:	2a0f      	cmp	r2, #15
10007d02:	d800      	bhi.n	10007d06 <_malloc_r+0x2b6>
10007d04:	e122      	b.n	10007f4c <_malloc_r+0x4fc>
10007d06:	2007      	movs	r0, #7
10007d08:	3a0c      	subs	r2, #12
10007d0a:	4382      	bics	r2, r0
10007d0c:	6860      	ldr	r0, [r4, #4]
10007d0e:	4001      	ands	r1, r0
10007d10:	2005      	movs	r0, #5
10007d12:	4311      	orrs	r1, r2
10007d14:	6061      	str	r1, [r4, #4]
10007d16:	18a1      	adds	r1, r4, r2
10007d18:	6048      	str	r0, [r1, #4]
10007d1a:	6088      	str	r0, [r1, #8]
10007d1c:	2a0f      	cmp	r2, #15
10007d1e:	d900      	bls.n	10007d22 <_malloc_r+0x2d2>
10007d20:	e135      	b.n	10007f8e <_malloc_r+0x53e>
10007d22:	4642      	mov	r2, r8
10007d24:	4644      	mov	r4, r8
10007d26:	6852      	ldr	r2, [r2, #4]
10007d28:	4926      	ldr	r1, [pc, #152]	; (10007dc4 <_malloc_r+0x374>)
10007d2a:	6808      	ldr	r0, [r1, #0]
10007d2c:	4298      	cmp	r0, r3
10007d2e:	d200      	bcs.n	10007d32 <_malloc_r+0x2e2>
10007d30:	600b      	str	r3, [r1, #0]
10007d32:	4925      	ldr	r1, [pc, #148]	; (10007dc8 <_malloc_r+0x378>)
10007d34:	6808      	ldr	r0, [r1, #0]
10007d36:	4298      	cmp	r0, r3
10007d38:	d300      	bcc.n	10007d3c <_malloc_r+0x2ec>
10007d3a:	e08f      	b.n	10007e5c <_malloc_r+0x40c>
10007d3c:	600b      	str	r3, [r1, #0]
10007d3e:	e08d      	b.n	10007e5c <_malloc_r+0x40c>
10007d40:	2201      	movs	r2, #1
10007d42:	0029      	movs	r1, r5
10007d44:	4313      	orrs	r3, r2
10007d46:	4311      	orrs	r1, r2
10007d48:	1965      	adds	r5, r4, r5
10007d4a:	6061      	str	r1, [r4, #4]
10007d4c:	0030      	movs	r0, r6
10007d4e:	60bd      	str	r5, [r7, #8]
10007d50:	606b      	str	r3, [r5, #4]
10007d52:	f000 f947 	bl	10007fe4 <__malloc_unlock>
10007d56:	0020      	movs	r0, r4
10007d58:	3008      	adds	r0, #8
10007d5a:	e73e      	b.n	10007bda <_malloc_r+0x18a>
10007d5c:	0a5a      	lsrs	r2, r3, #9
10007d5e:	2a04      	cmp	r2, #4
10007d60:	d972      	bls.n	10007e48 <_malloc_r+0x3f8>
10007d62:	2a14      	cmp	r2, #20
10007d64:	d900      	bls.n	10007d68 <_malloc_r+0x318>
10007d66:	e0c5      	b.n	10007ef4 <_malloc_r+0x4a4>
10007d68:	0011      	movs	r1, r2
10007d6a:	325c      	adds	r2, #92	; 0x5c
10007d6c:	315b      	adds	r1, #91	; 0x5b
10007d6e:	00d2      	lsls	r2, r2, #3
10007d70:	2308      	movs	r3, #8
10007d72:	425b      	negs	r3, r3
10007d74:	469c      	mov	ip, r3
10007d76:	18ba      	adds	r2, r7, r2
10007d78:	4494      	add	ip, r2
10007d7a:	4663      	mov	r3, ip
10007d7c:	689a      	ldr	r2, [r3, #8]
10007d7e:	2303      	movs	r3, #3
10007d80:	4698      	mov	r8, r3
10007d82:	4594      	cmp	ip, r2
10007d84:	d100      	bne.n	10007d88 <_malloc_r+0x338>
10007d86:	e09e      	b.n	10007ec6 <_malloc_r+0x476>
10007d88:	4643      	mov	r3, r8
10007d8a:	6851      	ldr	r1, [r2, #4]
10007d8c:	4399      	bics	r1, r3
10007d8e:	4549      	cmp	r1, r9
10007d90:	d902      	bls.n	10007d98 <_malloc_r+0x348>
10007d92:	6892      	ldr	r2, [r2, #8]
10007d94:	4594      	cmp	ip, r2
10007d96:	d1f7      	bne.n	10007d88 <_malloc_r+0x338>
10007d98:	68d3      	ldr	r3, [r2, #12]
10007d9a:	469c      	mov	ip, r3
10007d9c:	687b      	ldr	r3, [r7, #4]
10007d9e:	4661      	mov	r1, ip
10007da0:	60a2      	str	r2, [r4, #8]
10007da2:	60e1      	str	r1, [r4, #12]
10007da4:	608c      	str	r4, [r1, #8]
10007da6:	60d4      	str	r4, [r2, #12]
10007da8:	e6d6      	b.n	10007b58 <_malloc_r+0x108>
10007daa:	46c0      	nop			; (mov r8, r8)
10007dac:	200011d0 	.word	0x200011d0
10007db0:	200015d8 	.word	0x200015d8
10007db4:	200018c8 	.word	0x200018c8
10007db8:	0000100f 	.word	0x0000100f
10007dbc:	20001898 	.word	0x20001898
10007dc0:	00001008 	.word	0x00001008
10007dc4:	200018c0 	.word	0x200018c0
10007dc8:	200018c4 	.word	0x200018c4
10007dcc:	2814      	cmp	r0, #20
10007dce:	d952      	bls.n	10007e76 <_malloc_r+0x426>
10007dd0:	2854      	cmp	r0, #84	; 0x54
10007dd2:	d900      	bls.n	10007dd6 <_malloc_r+0x386>
10007dd4:	e096      	b.n	10007f04 <_malloc_r+0x4b4>
10007dd6:	236e      	movs	r3, #110	; 0x6e
10007dd8:	4698      	mov	r8, r3
10007dda:	0b28      	lsrs	r0, r5, #12
10007ddc:	4480      	add	r8, r0
10007dde:	306f      	adds	r0, #111	; 0x6f
10007de0:	00c1      	lsls	r1, r0, #3
10007de2:	e67e      	b.n	10007ae2 <_malloc_r+0x92>
10007de4:	2308      	movs	r3, #8
10007de6:	469b      	mov	fp, r3
10007de8:	3b07      	subs	r3, #7
10007dea:	44dc      	add	ip, fp
10007dec:	469b      	mov	fp, r3
10007dee:	44da      	add	sl, fp
10007df0:	4643      	mov	r3, r8
10007df2:	4652      	mov	r2, sl
10007df4:	4213      	tst	r3, r2
10007df6:	d000      	beq.n	10007dfa <_malloc_r+0x3aa>
10007df8:	e6c2      	b.n	10007b80 <_malloc_r+0x130>
10007dfa:	e04c      	b.n	10007e96 <_malloc_r+0x446>
10007dfc:	2201      	movs	r2, #1
10007dfe:	18e3      	adds	r3, r4, r3
10007e00:	6859      	ldr	r1, [r3, #4]
10007e02:	0030      	movs	r0, r6
10007e04:	430a      	orrs	r2, r1
10007e06:	605a      	str	r2, [r3, #4]
10007e08:	68e3      	ldr	r3, [r4, #12]
10007e0a:	68a2      	ldr	r2, [r4, #8]
10007e0c:	60d3      	str	r3, [r2, #12]
10007e0e:	609a      	str	r2, [r3, #8]
10007e10:	f000 f8e8 	bl	10007fe4 <__malloc_unlock>
10007e14:	0020      	movs	r0, r4
10007e16:	3008      	adds	r0, #8
10007e18:	e6df      	b.n	10007bda <_malloc_r+0x18a>
10007e1a:	002b      	movs	r3, r5
10007e1c:	08e8      	lsrs	r0, r5, #3
10007e1e:	3308      	adds	r3, #8
10007e20:	e62a      	b.n	10007a78 <_malloc_r+0x28>
10007e22:	2301      	movs	r3, #1
10007e24:	1960      	adds	r0, r4, r5
10007e26:	431d      	orrs	r5, r3
10007e28:	6065      	str	r5, [r4, #4]
10007e2a:	6178      	str	r0, [r7, #20]
10007e2c:	6138      	str	r0, [r7, #16]
10007e2e:	60c2      	str	r2, [r0, #12]
10007e30:	6082      	str	r2, [r0, #8]
10007e32:	001a      	movs	r2, r3
10007e34:	464b      	mov	r3, r9
10007e36:	430a      	orrs	r2, r1
10007e38:	6042      	str	r2, [r0, #4]
10007e3a:	0030      	movs	r0, r6
10007e3c:	50e1      	str	r1, [r4, r3]
10007e3e:	f000 f8d1 	bl	10007fe4 <__malloc_unlock>
10007e42:	0020      	movs	r0, r4
10007e44:	3008      	adds	r0, #8
10007e46:	e6c8      	b.n	10007bda <_malloc_r+0x18a>
10007e48:	099a      	lsrs	r2, r3, #6
10007e4a:	0011      	movs	r1, r2
10007e4c:	3239      	adds	r2, #57	; 0x39
10007e4e:	3138      	adds	r1, #56	; 0x38
10007e50:	00d2      	lsls	r2, r2, #3
10007e52:	e78d      	b.n	10007d70 <_malloc_r+0x320>
10007e54:	42bc      	cmp	r4, r7
10007e56:	d060      	beq.n	10007f1a <_malloc_r+0x4ca>
10007e58:	68bc      	ldr	r4, [r7, #8]
10007e5a:	6862      	ldr	r2, [r4, #4]
10007e5c:	2303      	movs	r3, #3
10007e5e:	439a      	bics	r2, r3
10007e60:	1b53      	subs	r3, r2, r5
10007e62:	4295      	cmp	r5, r2
10007e64:	d802      	bhi.n	10007e6c <_malloc_r+0x41c>
10007e66:	2b0f      	cmp	r3, #15
10007e68:	dd00      	ble.n	10007e6c <_malloc_r+0x41c>
10007e6a:	e769      	b.n	10007d40 <_malloc_r+0x2f0>
10007e6c:	0030      	movs	r0, r6
10007e6e:	f000 f8b9 	bl	10007fe4 <__malloc_unlock>
10007e72:	2000      	movs	r0, #0
10007e74:	e6b1      	b.n	10007bda <_malloc_r+0x18a>
10007e76:	235b      	movs	r3, #91	; 0x5b
10007e78:	4698      	mov	r8, r3
10007e7a:	4480      	add	r8, r0
10007e7c:	305c      	adds	r0, #92	; 0x5c
10007e7e:	00c1      	lsls	r1, r0, #3
10007e80:	e62f      	b.n	10007ae2 <_malloc_r+0x92>
10007e82:	2308      	movs	r3, #8
10007e84:	425b      	negs	r3, r3
10007e86:	469c      	mov	ip, r3
10007e88:	44e1      	add	r9, ip
10007e8a:	464b      	mov	r3, r9
10007e8c:	689b      	ldr	r3, [r3, #8]
10007e8e:	3801      	subs	r0, #1
10007e90:	454b      	cmp	r3, r9
10007e92:	d000      	beq.n	10007e96 <_malloc_r+0x446>
10007e94:	e098      	b.n	10007fc8 <_malloc_r+0x578>
10007e96:	4643      	mov	r3, r8
10007e98:	4203      	tst	r3, r0
10007e9a:	d1f2      	bne.n	10007e82 <_malloc_r+0x432>
10007e9c:	687b      	ldr	r3, [r7, #4]
10007e9e:	438b      	bics	r3, r1
10007ea0:	607b      	str	r3, [r7, #4]
10007ea2:	0049      	lsls	r1, r1, #1
10007ea4:	4299      	cmp	r1, r3
10007ea6:	d900      	bls.n	10007eaa <_malloc_r+0x45a>
10007ea8:	e6b5      	b.n	10007c16 <_malloc_r+0x1c6>
10007eaa:	2900      	cmp	r1, #0
10007eac:	d104      	bne.n	10007eb8 <_malloc_r+0x468>
10007eae:	e6b2      	b.n	10007c16 <_malloc_r+0x1c6>
10007eb0:	2204      	movs	r2, #4
10007eb2:	4694      	mov	ip, r2
10007eb4:	0049      	lsls	r1, r1, #1
10007eb6:	44e2      	add	sl, ip
10007eb8:	420b      	tst	r3, r1
10007eba:	d0f9      	beq.n	10007eb0 <_malloc_r+0x460>
10007ebc:	4650      	mov	r0, sl
10007ebe:	e65a      	b.n	10007b76 <_malloc_r+0x126>
10007ec0:	3310      	adds	r3, #16
10007ec2:	9300      	str	r3, [sp, #0]
10007ec4:	e6c4      	b.n	10007c50 <_malloc_r+0x200>
10007ec6:	1089      	asrs	r1, r1, #2
10007ec8:	3b02      	subs	r3, #2
10007eca:	408b      	lsls	r3, r1
10007ecc:	6879      	ldr	r1, [r7, #4]
10007ece:	430b      	orrs	r3, r1
10007ed0:	607b      	str	r3, [r7, #4]
10007ed2:	e764      	b.n	10007d9e <_malloc_r+0x34e>
10007ed4:	9b00      	ldr	r3, [sp, #0]
10007ed6:	0030      	movs	r0, r6
10007ed8:	4443      	add	r3, r8
10007eda:	425b      	negs	r3, r3
10007edc:	051b      	lsls	r3, r3, #20
10007ede:	0d1b      	lsrs	r3, r3, #20
10007ee0:	0019      	movs	r1, r3
10007ee2:	469b      	mov	fp, r3
10007ee4:	f000 f886 	bl	10007ff4 <_sbrk_r>
10007ee8:	1c43      	adds	r3, r0, #1
10007eea:	d000      	beq.n	10007eee <_malloc_r+0x49e>
10007eec:	e6f3      	b.n	10007cd6 <_malloc_r+0x286>
10007eee:	2300      	movs	r3, #0
10007ef0:	469b      	mov	fp, r3
10007ef2:	e6f5      	b.n	10007ce0 <_malloc_r+0x290>
10007ef4:	2a54      	cmp	r2, #84	; 0x54
10007ef6:	d82b      	bhi.n	10007f50 <_malloc_r+0x500>
10007ef8:	0b1a      	lsrs	r2, r3, #12
10007efa:	0011      	movs	r1, r2
10007efc:	326f      	adds	r2, #111	; 0x6f
10007efe:	316e      	adds	r1, #110	; 0x6e
10007f00:	00d2      	lsls	r2, r2, #3
10007f02:	e735      	b.n	10007d70 <_malloc_r+0x320>
10007f04:	23aa      	movs	r3, #170	; 0xaa
10007f06:	005b      	lsls	r3, r3, #1
10007f08:	4298      	cmp	r0, r3
10007f0a:	d82b      	bhi.n	10007f64 <_malloc_r+0x514>
10007f0c:	3bdd      	subs	r3, #221	; 0xdd
10007f0e:	4698      	mov	r8, r3
10007f10:	0be8      	lsrs	r0, r5, #15
10007f12:	4480      	add	r8, r0
10007f14:	3078      	adds	r0, #120	; 0x78
10007f16:	00c1      	lsls	r1, r0, #3
10007f18:	e5e3      	b.n	10007ae2 <_malloc_r+0x92>
10007f1a:	4b2c      	ldr	r3, [pc, #176]	; (10007fcc <_malloc_r+0x57c>)
10007f1c:	9a00      	ldr	r2, [sp, #0]
10007f1e:	469a      	mov	sl, r3
10007f20:	681b      	ldr	r3, [r3, #0]
10007f22:	469c      	mov	ip, r3
10007f24:	4653      	mov	r3, sl
10007f26:	4462      	add	r2, ip
10007f28:	601a      	str	r2, [r3, #0]
10007f2a:	e6ad      	b.n	10007c88 <_malloc_r+0x238>
10007f2c:	0509      	lsls	r1, r1, #20
10007f2e:	d000      	beq.n	10007f32 <_malloc_r+0x4e2>
10007f30:	e6aa      	b.n	10007c88 <_malloc_r+0x238>
10007f32:	0002      	movs	r2, r0
10007f34:	68bc      	ldr	r4, [r7, #8]
10007f36:	444a      	add	r2, r9
10007f38:	3101      	adds	r1, #1
10007f3a:	430a      	orrs	r2, r1
10007f3c:	6062      	str	r2, [r4, #4]
10007f3e:	e6f3      	b.n	10007d28 <_malloc_r+0x2d8>
10007f40:	465b      	mov	r3, fp
10007f42:	4642      	mov	r2, r8
10007f44:	601a      	str	r2, [r3, #0]
10007f46:	e6aa      	b.n	10007c9e <_malloc_r+0x24e>
10007f48:	4644      	mov	r4, r8
10007f4a:	e6ed      	b.n	10007d28 <_malloc_r+0x2d8>
10007f4c:	6041      	str	r1, [r0, #4]
10007f4e:	e78d      	b.n	10007e6c <_malloc_r+0x41c>
10007f50:	21aa      	movs	r1, #170	; 0xaa
10007f52:	0049      	lsls	r1, r1, #1
10007f54:	428a      	cmp	r2, r1
10007f56:	d824      	bhi.n	10007fa2 <_malloc_r+0x552>
10007f58:	0bda      	lsrs	r2, r3, #15
10007f5a:	0011      	movs	r1, r2
10007f5c:	3278      	adds	r2, #120	; 0x78
10007f5e:	3177      	adds	r1, #119	; 0x77
10007f60:	00d2      	lsls	r2, r2, #3
10007f62:	e705      	b.n	10007d70 <_malloc_r+0x320>
10007f64:	4b1a      	ldr	r3, [pc, #104]	; (10007fd0 <_malloc_r+0x580>)
10007f66:	4298      	cmp	r0, r3
10007f68:	d824      	bhi.n	10007fb4 <_malloc_r+0x564>
10007f6a:	237c      	movs	r3, #124	; 0x7c
10007f6c:	4698      	mov	r8, r3
10007f6e:	0ca8      	lsrs	r0, r5, #18
10007f70:	4480      	add	r8, r0
10007f72:	307d      	adds	r0, #125	; 0x7d
10007f74:	00c1      	lsls	r1, r0, #3
10007f76:	e5b4      	b.n	10007ae2 <_malloc_r+0x92>
10007f78:	9a00      	ldr	r2, [sp, #0]
10007f7a:	9b01      	ldr	r3, [sp, #4]
10007f7c:	4694      	mov	ip, r2
10007f7e:	4642      	mov	r2, r8
10007f80:	3b08      	subs	r3, #8
10007f82:	4463      	add	r3, ip
10007f84:	1a9b      	subs	r3, r3, r2
10007f86:	9300      	str	r3, [sp, #0]
10007f88:	2300      	movs	r3, #0
10007f8a:	469b      	mov	fp, r3
10007f8c:	e6a8      	b.n	10007ce0 <_malloc_r+0x290>
10007f8e:	0021      	movs	r1, r4
10007f90:	0030      	movs	r0, r6
10007f92:	3108      	adds	r1, #8
10007f94:	f001 f8d2 	bl	1000913c <_free_r>
10007f98:	4653      	mov	r3, sl
10007f9a:	68bc      	ldr	r4, [r7, #8]
10007f9c:	681b      	ldr	r3, [r3, #0]
10007f9e:	6862      	ldr	r2, [r4, #4]
10007fa0:	e6c2      	b.n	10007d28 <_malloc_r+0x2d8>
10007fa2:	490b      	ldr	r1, [pc, #44]	; (10007fd0 <_malloc_r+0x580>)
10007fa4:	428a      	cmp	r2, r1
10007fa6:	d80b      	bhi.n	10007fc0 <_malloc_r+0x570>
10007fa8:	0c9a      	lsrs	r2, r3, #18
10007faa:	0011      	movs	r1, r2
10007fac:	327d      	adds	r2, #125	; 0x7d
10007fae:	317c      	adds	r1, #124	; 0x7c
10007fb0:	00d2      	lsls	r2, r2, #3
10007fb2:	e6dd      	b.n	10007d70 <_malloc_r+0x320>
10007fb4:	21fe      	movs	r1, #254	; 0xfe
10007fb6:	237e      	movs	r3, #126	; 0x7e
10007fb8:	207f      	movs	r0, #127	; 0x7f
10007fba:	4698      	mov	r8, r3
10007fbc:	0089      	lsls	r1, r1, #2
10007fbe:	e590      	b.n	10007ae2 <_malloc_r+0x92>
10007fc0:	22fe      	movs	r2, #254	; 0xfe
10007fc2:	217e      	movs	r1, #126	; 0x7e
10007fc4:	0092      	lsls	r2, r2, #2
10007fc6:	e6d3      	b.n	10007d70 <_malloc_r+0x320>
10007fc8:	687b      	ldr	r3, [r7, #4]
10007fca:	e76a      	b.n	10007ea2 <_malloc_r+0x452>
10007fcc:	20001898 	.word	0x20001898
10007fd0:	00000554 	.word	0x00000554

10007fd4 <__malloc_lock>:
10007fd4:	b510      	push	{r4, lr}
10007fd6:	4802      	ldr	r0, [pc, #8]	; (10007fe0 <__malloc_lock+0xc>)
10007fd8:	f001 fdc8 	bl	10009b6c <__retarget_lock_acquire_recursive>
10007fdc:	bd10      	pop	{r4, pc}
10007fde:	46c0      	nop			; (mov r8, r8)
10007fe0:	20001894 	.word	0x20001894

10007fe4 <__malloc_unlock>:
10007fe4:	b510      	push	{r4, lr}
10007fe6:	4802      	ldr	r0, [pc, #8]	; (10007ff0 <__malloc_unlock+0xc>)
10007fe8:	f001 fdc2 	bl	10009b70 <__retarget_lock_release_recursive>
10007fec:	bd10      	pop	{r4, pc}
10007fee:	46c0      	nop			; (mov r8, r8)
10007ff0:	20001894 	.word	0x20001894

10007ff4 <_sbrk_r>:
10007ff4:	2300      	movs	r3, #0
10007ff6:	b570      	push	{r4, r5, r6, lr}
10007ff8:	4d06      	ldr	r5, [pc, #24]	; (10008014 <_sbrk_r+0x20>)
10007ffa:	0004      	movs	r4, r0
10007ffc:	0008      	movs	r0, r1
10007ffe:	602b      	str	r3, [r5, #0]
10008000:	f7fa fc6e 	bl	100028e0 <_sbrk>
10008004:	1c43      	adds	r3, r0, #1
10008006:	d000      	beq.n	1000800a <_sbrk_r+0x16>
10008008:	bd70      	pop	{r4, r5, r6, pc}
1000800a:	682b      	ldr	r3, [r5, #0]
1000800c:	2b00      	cmp	r3, #0
1000800e:	d0fb      	beq.n	10008008 <_sbrk_r+0x14>
10008010:	6023      	str	r3, [r4, #0]
10008012:	e7f9      	b.n	10008008 <_sbrk_r+0x14>
10008014:	20001ec4 	.word	0x20001ec4

10008018 <strlen>:
10008018:	b510      	push	{r4, lr}
1000801a:	0783      	lsls	r3, r0, #30
1000801c:	d00a      	beq.n	10008034 <strlen+0x1c>
1000801e:	0003      	movs	r3, r0
10008020:	2103      	movs	r1, #3
10008022:	e002      	b.n	1000802a <strlen+0x12>
10008024:	3301      	adds	r3, #1
10008026:	420b      	tst	r3, r1
10008028:	d005      	beq.n	10008036 <strlen+0x1e>
1000802a:	781a      	ldrb	r2, [r3, #0]
1000802c:	2a00      	cmp	r2, #0
1000802e:	d1f9      	bne.n	10008024 <strlen+0xc>
10008030:	1a18      	subs	r0, r3, r0
10008032:	bd10      	pop	{r4, pc}
10008034:	0003      	movs	r3, r0
10008036:	6819      	ldr	r1, [r3, #0]
10008038:	4a0c      	ldr	r2, [pc, #48]	; (1000806c <strlen+0x54>)
1000803a:	4c0d      	ldr	r4, [pc, #52]	; (10008070 <strlen+0x58>)
1000803c:	188a      	adds	r2, r1, r2
1000803e:	438a      	bics	r2, r1
10008040:	4222      	tst	r2, r4
10008042:	d10f      	bne.n	10008064 <strlen+0x4c>
10008044:	6859      	ldr	r1, [r3, #4]
10008046:	4a09      	ldr	r2, [pc, #36]	; (1000806c <strlen+0x54>)
10008048:	3304      	adds	r3, #4
1000804a:	188a      	adds	r2, r1, r2
1000804c:	438a      	bics	r2, r1
1000804e:	4222      	tst	r2, r4
10008050:	d108      	bne.n	10008064 <strlen+0x4c>
10008052:	6859      	ldr	r1, [r3, #4]
10008054:	4a05      	ldr	r2, [pc, #20]	; (1000806c <strlen+0x54>)
10008056:	3304      	adds	r3, #4
10008058:	188a      	adds	r2, r1, r2
1000805a:	438a      	bics	r2, r1
1000805c:	4222      	tst	r2, r4
1000805e:	d0f1      	beq.n	10008044 <strlen+0x2c>
10008060:	e000      	b.n	10008064 <strlen+0x4c>
10008062:	3301      	adds	r3, #1
10008064:	781a      	ldrb	r2, [r3, #0]
10008066:	2a00      	cmp	r2, #0
10008068:	d1fb      	bne.n	10008062 <strlen+0x4a>
1000806a:	e7e1      	b.n	10008030 <strlen+0x18>
1000806c:	fefefeff 	.word	0xfefefeff
10008070:	80808080 	.word	0x80808080

10008074 <_strtod_l>:
10008074:	b5f0      	push	{r4, r5, r6, r7, lr}
10008076:	46de      	mov	lr, fp
10008078:	4657      	mov	r7, sl
1000807a:	4645      	mov	r5, r8
1000807c:	464e      	mov	r6, r9
1000807e:	001c      	movs	r4, r3
10008080:	2300      	movs	r3, #0
10008082:	b5e0      	push	{r5, r6, r7, lr}
10008084:	b0a1      	sub	sp, #132	; 0x84
10008086:	931c      	str	r3, [sp, #112]	; 0x70
10008088:	4bbb      	ldr	r3, [pc, #748]	; (10008378 <_strtod_l+0x304>)
1000808a:	4682      	mov	sl, r0
1000808c:	681b      	ldr	r3, [r3, #0]
1000808e:	000d      	movs	r5, r1
10008090:	0018      	movs	r0, r3
10008092:	9208      	str	r2, [sp, #32]
10008094:	9307      	str	r3, [sp, #28]
10008096:	f7ff ffbf 	bl	10008018 <strlen>
1000809a:	2200      	movs	r2, #0
1000809c:	2300      	movs	r3, #0
1000809e:	4683      	mov	fp, r0
100080a0:	002f      	movs	r7, r5
100080a2:	9204      	str	r2, [sp, #16]
100080a4:	9305      	str	r3, [sp, #20]
100080a6:	4ab5      	ldr	r2, [pc, #724]	; (1000837c <_strtod_l+0x308>)
100080a8:	951b      	str	r5, [sp, #108]	; 0x6c
100080aa:	783b      	ldrb	r3, [r7, #0]
100080ac:	2b2d      	cmp	r3, #45	; 0x2d
100080ae:	d802      	bhi.n	100080b6 <_strtod_l+0x42>
100080b0:	0099      	lsls	r1, r3, #2
100080b2:	5851      	ldr	r1, [r2, r1]
100080b4:	468f      	mov	pc, r1
100080b6:	2200      	movs	r2, #0
100080b8:	9209      	str	r2, [sp, #36]	; 0x24
100080ba:	2200      	movs	r2, #0
100080bc:	920a      	str	r2, [sp, #40]	; 0x28
100080be:	2b30      	cmp	r3, #48	; 0x30
100080c0:	d100      	bne.n	100080c4 <_strtod_l+0x50>
100080c2:	e0e5      	b.n	10008290 <_strtod_l+0x21c>
100080c4:	001c      	movs	r4, r3
100080c6:	2b2f      	cmp	r3, #47	; 0x2f
100080c8:	d801      	bhi.n	100080ce <_strtod_l+0x5a>
100080ca:	f000 fd7a 	bl	10008bc2 <_strtod_l+0xb4e>
100080ce:	2200      	movs	r2, #0
100080d0:	46ac      	mov	ip, r5
100080d2:	0038      	movs	r0, r7
100080d4:	2600      	movs	r6, #0
100080d6:	0019      	movs	r1, r3
100080d8:	0015      	movs	r5, r2
100080da:	e00b      	b.n	100080f4 <_strtod_l+0x80>
100080dc:	3001      	adds	r0, #1
100080de:	0093      	lsls	r3, r2, #2
100080e0:	189a      	adds	r2, r3, r2
100080e2:	901b      	str	r0, [sp, #108]	; 0x6c
100080e4:	7804      	ldrb	r4, [r0, #0]
100080e6:	0052      	lsls	r2, r2, #1
100080e8:	1852      	adds	r2, r2, r1
100080ea:	3a30      	subs	r2, #48	; 0x30
100080ec:	0021      	movs	r1, r4
100080ee:	3601      	adds	r6, #1
100080f0:	2c2f      	cmp	r4, #47	; 0x2f
100080f2:	dd10      	ble.n	10008116 <_strtod_l+0xa2>
100080f4:	2c39      	cmp	r4, #57	; 0x39
100080f6:	dc5b      	bgt.n	100081b0 <_strtod_l+0x13c>
100080f8:	2e08      	cmp	r6, #8
100080fa:	ddef      	ble.n	100080dc <_strtod_l+0x68>
100080fc:	00ab      	lsls	r3, r5, #2
100080fe:	195b      	adds	r3, r3, r5
10008100:	3001      	adds	r0, #1
10008102:	005b      	lsls	r3, r3, #1
10008104:	901b      	str	r0, [sp, #108]	; 0x6c
10008106:	185b      	adds	r3, r3, r1
10008108:	7804      	ldrb	r4, [r0, #0]
1000810a:	3b30      	subs	r3, #48	; 0x30
1000810c:	001d      	movs	r5, r3
1000810e:	0021      	movs	r1, r4
10008110:	3601      	adds	r6, #1
10008112:	2c2f      	cmp	r4, #47	; 0x2f
10008114:	dcee      	bgt.n	100080f4 <_strtod_l+0x80>
10008116:	4690      	mov	r8, r2
10008118:	9907      	ldr	r1, [sp, #28]
1000811a:	465a      	mov	r2, fp
1000811c:	46a9      	mov	r9, r5
1000811e:	4665      	mov	r5, ip
10008120:	f002 faac 	bl	1000a67c <strncmp>
10008124:	2800      	cmp	r0, #0
10008126:	d100      	bne.n	1000812a <_strtod_l+0xb6>
10008128:	e2ba      	b.n	100086a0 <_strtod_l+0x62c>
1000812a:	960d      	str	r6, [sp, #52]	; 0x34
1000812c:	2300      	movs	r3, #0
1000812e:	2000      	movs	r0, #0
10008130:	469c      	mov	ip, r3
10008132:	9310      	str	r3, [sp, #64]	; 0x40
10008134:	930b      	str	r3, [sp, #44]	; 0x2c
10008136:	2e00      	cmp	r6, #0
10008138:	d000      	beq.n	1000813c <_strtod_l+0xc8>
1000813a:	e127      	b.n	1000838c <_strtod_l+0x318>
1000813c:	9b0a      	ldr	r3, [sp, #40]	; 0x28
1000813e:	4303      	orrs	r3, r0
10008140:	d000      	beq.n	10008144 <_strtod_l+0xd0>
10008142:	e29c      	b.n	1000867e <_strtod_l+0x60a>
10008144:	4663      	mov	r3, ip
10008146:	2b00      	cmp	r3, #0
10008148:	d11e      	bne.n	10008188 <_strtod_l+0x114>
1000814a:	2c69      	cmp	r4, #105	; 0x69
1000814c:	d101      	bne.n	10008152 <_strtod_l+0xde>
1000814e:	f000 fcb2 	bl	10008ab6 <_strtod_l+0xa42>
10008152:	dc17      	bgt.n	10008184 <_strtod_l+0x110>
10008154:	2c49      	cmp	r4, #73	; 0x49
10008156:	d101      	bne.n	1000815c <_strtod_l+0xe8>
10008158:	f000 fcad 	bl	10008ab6 <_strtod_l+0xa42>
1000815c:	2c4e      	cmp	r4, #78	; 0x4e
1000815e:	d113      	bne.n	10008188 <_strtod_l+0x114>
10008160:	4987      	ldr	r1, [pc, #540]	; (10008380 <_strtod_l+0x30c>)
10008162:	a81b      	add	r0, sp, #108	; 0x6c
10008164:	f001 fc04 	bl	10009970 <__match>
10008168:	2800      	cmp	r0, #0
1000816a:	d00d      	beq.n	10008188 <_strtod_l+0x114>
1000816c:	9b1b      	ldr	r3, [sp, #108]	; 0x6c
1000816e:	781b      	ldrb	r3, [r3, #0]
10008170:	2b28      	cmp	r3, #40	; 0x28
10008172:	d101      	bne.n	10008178 <_strtod_l+0x104>
10008174:	f000 fe52 	bl	10008e1c <_strtod_l+0xda8>
10008178:	4882      	ldr	r0, [pc, #520]	; (10008384 <_strtod_l+0x310>)
1000817a:	f002 fa75 	bl	1000a668 <nan>
1000817e:	4683      	mov	fp, r0
10008180:	000f      	movs	r7, r1
10008182:	e27f      	b.n	10008684 <_strtod_l+0x610>
10008184:	2c6e      	cmp	r4, #110	; 0x6e
10008186:	d0eb      	beq.n	10008160 <_strtod_l+0xec>
10008188:	9b08      	ldr	r3, [sp, #32]
1000818a:	2b00      	cmp	r3, #0
1000818c:	d002      	beq.n	10008194 <_strtod_l+0x120>
1000818e:	9b08      	ldr	r3, [sp, #32]
10008190:	601d      	str	r5, [r3, #0]
10008192:	2300      	movs	r3, #0
10008194:	469b      	mov	fp, r3
10008196:	2700      	movs	r7, #0
10008198:	4658      	mov	r0, fp
1000819a:	0039      	movs	r1, r7
1000819c:	b021      	add	sp, #132	; 0x84
1000819e:	bcf0      	pop	{r4, r5, r6, r7}
100081a0:	46bb      	mov	fp, r7
100081a2:	46b2      	mov	sl, r6
100081a4:	46a9      	mov	r9, r5
100081a6:	46a0      	mov	r8, r4
100081a8:	bdf0      	pop	{r4, r5, r6, r7, pc}
100081aa:	3701      	adds	r7, #1
100081ac:	971b      	str	r7, [sp, #108]	; 0x6c
100081ae:	e77c      	b.n	100080aa <_strtod_l+0x36>
100081b0:	4690      	mov	r8, r2
100081b2:	9907      	ldr	r1, [sp, #28]
100081b4:	465a      	mov	r2, fp
100081b6:	46a9      	mov	r9, r5
100081b8:	4665      	mov	r5, ip
100081ba:	f002 fa5f 	bl	1000a67c <strncmp>
100081be:	2800      	cmp	r0, #0
100081c0:	d17a      	bne.n	100082b8 <_strtod_l+0x244>
100081c2:	9b1b      	ldr	r3, [sp, #108]	; 0x6c
100081c4:	445b      	add	r3, fp
100081c6:	931b      	str	r3, [sp, #108]	; 0x6c
100081c8:	781c      	ldrb	r4, [r3, #0]
100081ca:	2e00      	cmp	r6, #0
100081cc:	d001      	beq.n	100081d2 <_strtod_l+0x15e>
100081ce:	f000 fd7d 	bl	10008ccc <_strtod_l+0xc58>
100081d2:	2c30      	cmp	r4, #48	; 0x30
100081d4:	d001      	beq.n	100081da <_strtod_l+0x166>
100081d6:	f000 fd6a 	bl	10008cae <_strtod_l+0xc3a>
100081da:	2201      	movs	r2, #1
100081dc:	1ad2      	subs	r2, r2, r3
100081de:	1898      	adds	r0, r3, r2
100081e0:	3301      	adds	r3, #1
100081e2:	931b      	str	r3, [sp, #108]	; 0x6c
100081e4:	781c      	ldrb	r4, [r3, #0]
100081e6:	2c30      	cmp	r4, #48	; 0x30
100081e8:	d0f9      	beq.n	100081de <_strtod_l+0x16a>
100081ea:	0023      	movs	r3, r4
100081ec:	3b31      	subs	r3, #49	; 0x31
100081ee:	2b08      	cmp	r3, #8
100081f0:	d900      	bls.n	100081f4 <_strtod_l+0x180>
100081f2:	e3b9      	b.n	10008968 <_strtod_l+0x8f4>
100081f4:	9b1b      	ldr	r3, [sp, #108]	; 0x6c
100081f6:	2601      	movs	r6, #1
100081f8:	469c      	mov	ip, r3
100081fa:	2330      	movs	r3, #48	; 0x30
100081fc:	425b      	negs	r3, r3
100081fe:	469b      	mov	fp, r3
10008200:	44a3      	add	fp, r4
10008202:	465b      	mov	r3, fp
10008204:	9307      	str	r3, [sp, #28]
10008206:	1c43      	adds	r3, r0, #1
10008208:	9310      	str	r3, [sp, #64]	; 0x40
1000820a:	2300      	movs	r3, #0
1000820c:	4667      	mov	r7, ip
1000820e:	930d      	str	r3, [sp, #52]	; 0x34
10008210:	4643      	mov	r3, r8
10008212:	9a07      	ldr	r2, [sp, #28]
10008214:	009b      	lsls	r3, r3, #2
10008216:	4443      	add	r3, r8
10008218:	4690      	mov	r8, r2
1000821a:	005b      	lsls	r3, r3, #1
1000821c:	4443      	add	r3, r8
1000821e:	4698      	mov	r8, r3
10008220:	2000      	movs	r0, #0
10008222:	4663      	mov	r3, ip
10008224:	3301      	adds	r3, #1
10008226:	931b      	str	r3, [sp, #108]	; 0x6c
10008228:	4663      	mov	r3, ip
1000822a:	785c      	ldrb	r4, [r3, #1]
1000822c:	0021      	movs	r1, r4
1000822e:	3930      	subs	r1, #48	; 0x30
10008230:	2909      	cmp	r1, #9
10008232:	d900      	bls.n	10008236 <_strtod_l+0x1c2>
10008234:	e337      	b.n	100088a6 <_strtod_l+0x832>
10008236:	9b1b      	ldr	r3, [sp, #108]	; 0x6c
10008238:	3001      	adds	r0, #1
1000823a:	469c      	mov	ip, r3
1000823c:	9107      	str	r1, [sp, #28]
1000823e:	2900      	cmp	r1, #0
10008240:	d0ef      	beq.n	10008222 <_strtod_l+0x1ae>
10008242:	9c10      	ldr	r4, [sp, #64]	; 0x40
10008244:	1c73      	adds	r3, r6, #1
10008246:	46a3      	mov	fp, r4
10008248:	4483      	add	fp, r0
1000824a:	465c      	mov	r4, fp
1000824c:	001a      	movs	r2, r3
1000824e:	9410      	str	r4, [sp, #64]	; 0x40
10008250:	2801      	cmp	r0, #1
10008252:	d101      	bne.n	10008258 <_strtod_l+0x1e4>
10008254:	f000 fcb0 	bl	10008bb8 <_strtod_l+0xb44>
10008258:	000a      	movs	r2, r1
1000825a:	002c      	movs	r4, r5
1000825c:	1980      	adds	r0, r0, r6
1000825e:	468b      	mov	fp, r1
10008260:	4645      	mov	r5, r8
10008262:	4649      	mov	r1, r9
10008264:	46a0      	mov	r8, r4
10008266:	4691      	mov	r9, r2
10008268:	3801      	subs	r0, #1
1000826a:	e007      	b.n	1000827c <_strtod_l+0x208>
1000826c:	00ac      	lsls	r4, r5, #2
1000826e:	1965      	adds	r5, r4, r5
10008270:	006d      	lsls	r5, r5, #1
10008272:	4298      	cmp	r0, r3
10008274:	d101      	bne.n	1000827a <_strtod_l+0x206>
10008276:	f000 fc96 	bl	10008ba6 <_strtod_l+0xb32>
1000827a:	3301      	adds	r3, #1
1000827c:	0032      	movs	r2, r6
1000827e:	001e      	movs	r6, r3
10008280:	2a08      	cmp	r2, #8
10008282:	d9f3      	bls.n	1000826c <_strtod_l+0x1f8>
10008284:	2b10      	cmp	r3, #16
10008286:	dcf4      	bgt.n	10008272 <_strtod_l+0x1fe>
10008288:	008c      	lsls	r4, r1, #2
1000828a:	1861      	adds	r1, r4, r1
1000828c:	0049      	lsls	r1, r1, #1
1000828e:	e7f0      	b.n	10008272 <_strtod_l+0x1fe>
10008290:	787b      	ldrb	r3, [r7, #1]
10008292:	3220      	adds	r2, #32
10008294:	4393      	bics	r3, r2
10008296:	1c7e      	adds	r6, r7, #1
10008298:	2b58      	cmp	r3, #88	; 0x58
1000829a:	d101      	bne.n	100082a0 <_strtod_l+0x22c>
1000829c:	f000 fc5e 	bl	10008b5c <_strtod_l+0xae8>
100082a0:	0037      	movs	r7, r6
100082a2:	961b      	str	r6, [sp, #108]	; 0x6c
100082a4:	783b      	ldrb	r3, [r7, #0]
100082a6:	3601      	adds	r6, #1
100082a8:	2b30      	cmp	r3, #48	; 0x30
100082aa:	d0f9      	beq.n	100082a0 <_strtod_l+0x22c>
100082ac:	2b00      	cmp	r3, #0
100082ae:	d100      	bne.n	100082b2 <_strtod_l+0x23e>
100082b0:	e1e5      	b.n	1000867e <_strtod_l+0x60a>
100082b2:	2201      	movs	r2, #1
100082b4:	920a      	str	r2, [sp, #40]	; 0x28
100082b6:	e705      	b.n	100080c4 <_strtod_l+0x50>
100082b8:	2300      	movs	r3, #0
100082ba:	2000      	movs	r0, #0
100082bc:	469c      	mov	ip, r3
100082be:	960d      	str	r6, [sp, #52]	; 0x34
100082c0:	9310      	str	r3, [sp, #64]	; 0x40
100082c2:	2320      	movs	r3, #32
100082c4:	0022      	movs	r2, r4
100082c6:	439a      	bics	r2, r3
100082c8:	0013      	movs	r3, r2
100082ca:	2200      	movs	r2, #0
100082cc:	920b      	str	r2, [sp, #44]	; 0x2c
100082ce:	2b45      	cmp	r3, #69	; 0x45
100082d0:	d000      	beq.n	100082d4 <_strtod_l+0x260>
100082d2:	e730      	b.n	10008136 <_strtod_l+0xc2>
100082d4:	0033      	movs	r3, r6
100082d6:	9a0a      	ldr	r2, [sp, #40]	; 0x28
100082d8:	4303      	orrs	r3, r0
100082da:	4313      	orrs	r3, r2
100082dc:	d100      	bne.n	100082e0 <_strtod_l+0x26c>
100082de:	e753      	b.n	10008188 <_strtod_l+0x114>
100082e0:	9d1b      	ldr	r5, [sp, #108]	; 0x6c
100082e2:	1c6b      	adds	r3, r5, #1
100082e4:	931b      	str	r3, [sp, #108]	; 0x6c
100082e6:	786c      	ldrb	r4, [r5, #1]
100082e8:	2c2b      	cmp	r4, #43	; 0x2b
100082ea:	d101      	bne.n	100082f0 <_strtod_l+0x27c>
100082ec:	f000 fc24 	bl	10008b38 <_strtod_l+0xac4>
100082f0:	2c2d      	cmp	r4, #45	; 0x2d
100082f2:	d100      	bne.n	100082f6 <_strtod_l+0x282>
100082f4:	e306      	b.n	10008904 <_strtod_l+0x890>
100082f6:	2300      	movs	r3, #0
100082f8:	469b      	mov	fp, r3
100082fa:	0023      	movs	r3, r4
100082fc:	3b30      	subs	r3, #48	; 0x30
100082fe:	2b09      	cmp	r3, #9
10008300:	d900      	bls.n	10008304 <_strtod_l+0x290>
10008302:	e2fa      	b.n	100088fa <_strtod_l+0x886>
10008304:	2c30      	cmp	r4, #48	; 0x30
10008306:	d106      	bne.n	10008316 <_strtod_l+0x2a2>
10008308:	9b1b      	ldr	r3, [sp, #108]	; 0x6c
1000830a:	3301      	adds	r3, #1
1000830c:	931b      	str	r3, [sp, #108]	; 0x6c
1000830e:	781c      	ldrb	r4, [r3, #0]
10008310:	3301      	adds	r3, #1
10008312:	2c30      	cmp	r4, #48	; 0x30
10008314:	d0fa      	beq.n	1000830c <_strtod_l+0x298>
10008316:	2300      	movs	r3, #0
10008318:	930b      	str	r3, [sp, #44]	; 0x2c
1000831a:	0023      	movs	r3, r4
1000831c:	3b31      	subs	r3, #49	; 0x31
1000831e:	2b08      	cmp	r3, #8
10008320:	d900      	bls.n	10008324 <_strtod_l+0x2b0>
10008322:	e708      	b.n	10008136 <_strtod_l+0xc2>
10008324:	9a1b      	ldr	r2, [sp, #108]	; 0x6c
10008326:	3301      	adds	r3, #1
10008328:	1c51      	adds	r1, r2, #1
1000832a:	911b      	str	r1, [sp, #108]	; 0x6c
1000832c:	7854      	ldrb	r4, [r2, #1]
1000832e:	9207      	str	r2, [sp, #28]
10008330:	0022      	movs	r2, r4
10008332:	2c2f      	cmp	r4, #47	; 0x2f
10008334:	dc0d      	bgt.n	10008352 <_strtod_l+0x2de>
10008336:	f000 fc77 	bl	10008c28 <_strtod_l+0xbb4>
1000833a:	009c      	lsls	r4, r3, #2
1000833c:	18e4      	adds	r4, r4, r3
1000833e:	0064      	lsls	r4, r4, #1
10008340:	18a4      	adds	r4, r4, r2
10008342:	000a      	movs	r2, r1
10008344:	0023      	movs	r3, r4
10008346:	3101      	adds	r1, #1
10008348:	911b      	str	r1, [sp, #108]	; 0x6c
1000834a:	7852      	ldrb	r2, [r2, #1]
1000834c:	3b30      	subs	r3, #48	; 0x30
1000834e:	2a2f      	cmp	r2, #47	; 0x2f
10008350:	dd01      	ble.n	10008356 <_strtod_l+0x2e2>
10008352:	2a39      	cmp	r2, #57	; 0x39
10008354:	ddf1      	ble.n	1000833a <_strtod_l+0x2c6>
10008356:	0014      	movs	r4, r2
10008358:	9a07      	ldr	r2, [sp, #28]
1000835a:	1a89      	subs	r1, r1, r2
1000835c:	2908      	cmp	r1, #8
1000835e:	dc01      	bgt.n	10008364 <_strtod_l+0x2f0>
10008360:	f000 fc62 	bl	10008c28 <_strtod_l+0xbb4>
10008364:	4b08      	ldr	r3, [pc, #32]	; (10008388 <_strtod_l+0x314>)
10008366:	930b      	str	r3, [sp, #44]	; 0x2c
10008368:	465b      	mov	r3, fp
1000836a:	2b00      	cmp	r3, #0
1000836c:	d100      	bne.n	10008370 <_strtod_l+0x2fc>
1000836e:	e6e2      	b.n	10008136 <_strtod_l+0xc2>
10008370:	9b0b      	ldr	r3, [sp, #44]	; 0x2c
10008372:	425b      	negs	r3, r3
10008374:	930b      	str	r3, [sp, #44]	; 0x2c
10008376:	e6de      	b.n	10008136 <_strtod_l+0xc2>
10008378:	1000c3a0 	.word	0x1000c3a0
1000837c:	1000c0dc 	.word	0x1000c0dc
10008380:	1000c0d8 	.word	0x1000c0d8
10008384:	1000a91c 	.word	0x1000a91c
10008388:	00004e1f 	.word	0x00004e1f
1000838c:	9b0b      	ldr	r3, [sp, #44]	; 0x2c
1000838e:	9a10      	ldr	r2, [sp, #64]	; 0x40
10008390:	1a9b      	subs	r3, r3, r2
10008392:	930c      	str	r3, [sp, #48]	; 0x30
10008394:	9b0d      	ldr	r3, [sp, #52]	; 0x34
10008396:	2b00      	cmp	r3, #0
10008398:	d100      	bne.n	1000839c <_strtod_l+0x328>
1000839a:	960d      	str	r6, [sp, #52]	; 0x34
1000839c:	46b3      	mov	fp, r6
1000839e:	2e10      	cmp	r6, #16
100083a0:	dd01      	ble.n	100083a6 <_strtod_l+0x332>
100083a2:	2310      	movs	r3, #16
100083a4:	469b      	mov	fp, r3
100083a6:	4640      	mov	r0, r8
100083a8:	f7fb ff48 	bl	1000423c <__wrap___aeabi_ui2d>
100083ac:	9004      	str	r0, [sp, #16]
100083ae:	9105      	str	r1, [sp, #20]
100083b0:	2e09      	cmp	r6, #9
100083b2:	dd15      	ble.n	100083e0 <_strtod_l+0x36c>
100083b4:	465a      	mov	r2, fp
100083b6:	4bbe      	ldr	r3, [pc, #760]	; (100086b0 <_strtod_l+0x63c>)
100083b8:	3a09      	subs	r2, #9
100083ba:	00d2      	lsls	r2, r2, #3
100083bc:	189b      	adds	r3, r3, r2
100083be:	681a      	ldr	r2, [r3, #0]
100083c0:	685b      	ldr	r3, [r3, #4]
100083c2:	f7fb fec6 	bl	10004152 <__wrap___aeabi_dmul>
100083c6:	0004      	movs	r4, r0
100083c8:	4648      	mov	r0, r9
100083ca:	000d      	movs	r5, r1
100083cc:	f7fb ff36 	bl	1000423c <__wrap___aeabi_ui2d>
100083d0:	0002      	movs	r2, r0
100083d2:	000b      	movs	r3, r1
100083d4:	0020      	movs	r0, r4
100083d6:	0029      	movs	r1, r5
100083d8:	f7fb fe94 	bl	10004104 <__wrap___aeabi_dadd>
100083dc:	9004      	str	r0, [sp, #16]
100083de:	9105      	str	r1, [sp, #20]
100083e0:	2e0f      	cmp	r6, #15
100083e2:	dd00      	ble.n	100083e6 <_strtod_l+0x372>
100083e4:	e172      	b.n	100086cc <_strtod_l+0x658>
100083e6:	9b0c      	ldr	r3, [sp, #48]	; 0x30
100083e8:	2b00      	cmp	r3, #0
100083ea:	d100      	bne.n	100083ee <_strtod_l+0x37a>
100083ec:	e35e      	b.n	10008aac <_strtod_l+0xa38>
100083ee:	9b0c      	ldr	r3, [sp, #48]	; 0x30
100083f0:	2b00      	cmp	r3, #0
100083f2:	dc01      	bgt.n	100083f8 <_strtod_l+0x384>
100083f4:	f000 fbf3 	bl	10008bde <_strtod_l+0xb6a>
100083f8:	2b16      	cmp	r3, #22
100083fa:	dc01      	bgt.n	10008400 <_strtod_l+0x38c>
100083fc:	f000 fc5a 	bl	10008cb4 <_strtod_l+0xc40>
10008400:	2325      	movs	r3, #37	; 0x25
10008402:	9a0c      	ldr	r2, [sp, #48]	; 0x30
10008404:	1b9b      	subs	r3, r3, r6
10008406:	4293      	cmp	r3, r2
10008408:	db01      	blt.n	1000840e <_strtod_l+0x39a>
1000840a:	f000 fc71 	bl	10008cf0 <_strtod_l+0xc7c>
1000840e:	465b      	mov	r3, fp
10008410:	1af4      	subs	r4, r6, r3
10008412:	9b0c      	ldr	r3, [sp, #48]	; 0x30
10008414:	469c      	mov	ip, r3
10008416:	4464      	add	r4, ip
10008418:	230f      	movs	r3, #15
1000841a:	001a      	movs	r2, r3
1000841c:	4022      	ands	r2, r4
1000841e:	4223      	tst	r3, r4
10008420:	d00a      	beq.n	10008438 <_strtod_l+0x3c4>
10008422:	49a3      	ldr	r1, [pc, #652]	; (100086b0 <_strtod_l+0x63c>)
10008424:	00d2      	lsls	r2, r2, #3
10008426:	1889      	adds	r1, r1, r2
10008428:	6808      	ldr	r0, [r1, #0]
1000842a:	6849      	ldr	r1, [r1, #4]
1000842c:	9a04      	ldr	r2, [sp, #16]
1000842e:	9b05      	ldr	r3, [sp, #20]
10008430:	f7fb fe8f 	bl	10004152 <__wrap___aeabi_dmul>
10008434:	9004      	str	r0, [sp, #16]
10008436:	9105      	str	r1, [sp, #20]
10008438:	230f      	movs	r3, #15
1000843a:	439c      	bics	r4, r3
1000843c:	1e23      	subs	r3, r4, #0
1000843e:	d000      	beq.n	10008442 <_strtod_l+0x3ce>
10008440:	e2aa      	b.n	10008998 <_strtod_l+0x924>
10008442:	2300      	movs	r3, #0
10008444:	9307      	str	r3, [sp, #28]
10008446:	4643      	mov	r3, r8
10008448:	0039      	movs	r1, r7
1000844a:	9300      	str	r3, [sp, #0]
1000844c:	4650      	mov	r0, sl
1000844e:	0033      	movs	r3, r6
10008450:	9a0d      	ldr	r2, [sp, #52]	; 0x34
10008452:	f001 fc2b 	bl	10009cac <__s2b>
10008456:	4680      	mov	r8, r0
10008458:	2800      	cmp	r0, #0
1000845a:	d100      	bne.n	1000845e <_strtod_l+0x3ea>
1000845c:	e39d      	b.n	10008b9a <_strtod_l+0xb26>
1000845e:	990c      	ldr	r1, [sp, #48]	; 0x30
10008460:	9b10      	ldr	r3, [sp, #64]	; 0x40
10008462:	980b      	ldr	r0, [sp, #44]	; 0x2c
10008464:	17ca      	asrs	r2, r1, #31
10008466:	1a1b      	subs	r3, r3, r0
10008468:	401a      	ands	r2, r3
1000846a:	43cb      	mvns	r3, r1
1000846c:	17db      	asrs	r3, r3, #31
1000846e:	4019      	ands	r1, r3
10008470:	2600      	movs	r6, #0
10008472:	2300      	movs	r3, #0
10008474:	46c3      	mov	fp, r8
10008476:	4699      	mov	r9, r3
10008478:	46b0      	mov	r8, r6
1000847a:	4657      	mov	r7, sl
1000847c:	920d      	str	r2, [sp, #52]	; 0x34
1000847e:	9113      	str	r1, [sp, #76]	; 0x4c
10008480:	465b      	mov	r3, fp
10008482:	0038      	movs	r0, r7
10008484:	6859      	ldr	r1, [r3, #4]
10008486:	f001 fb8b 	bl	10009ba0 <_Balloc>
1000848a:	4682      	mov	sl, r0
1000848c:	2800      	cmp	r0, #0
1000848e:	d100      	bne.n	10008492 <_strtod_l+0x41e>
10008490:	e387      	b.n	10008ba2 <_strtod_l+0xb2e>
10008492:	465b      	mov	r3, fp
10008494:	4659      	mov	r1, fp
10008496:	691b      	ldr	r3, [r3, #16]
10008498:	310c      	adds	r1, #12
1000849a:	1c9a      	adds	r2, r3, #2
1000849c:	0092      	lsls	r2, r2, #2
1000849e:	300c      	adds	r0, #12
100084a0:	f7fc fe0e 	bl	100050c0 <__wrap___aeabi_memcpy>
100084a4:	9b04      	ldr	r3, [sp, #16]
100084a6:	9c05      	ldr	r4, [sp, #20]
100084a8:	0019      	movs	r1, r3
100084aa:	930b      	str	r3, [sp, #44]	; 0x2c
100084ac:	ab1e      	add	r3, sp, #120	; 0x78
100084ae:	9301      	str	r3, [sp, #4]
100084b0:	ab1d      	add	r3, sp, #116	; 0x74
100084b2:	9300      	str	r3, [sp, #0]
100084b4:	000a      	movs	r2, r1
100084b6:	0023      	movs	r3, r4
100084b8:	0038      	movs	r0, r7
100084ba:	940a      	str	r4, [sp, #40]	; 0x28
100084bc:	f001 ffec 	bl	1000a498 <__d2b>
100084c0:	901c      	str	r0, [sp, #112]	; 0x70
100084c2:	2800      	cmp	r0, #0
100084c4:	d100      	bne.n	100084c8 <_strtod_l+0x454>
100084c6:	e1a9      	b.n	1000881c <_strtod_l+0x7a8>
100084c8:	2101      	movs	r1, #1
100084ca:	0038      	movs	r0, r7
100084cc:	f001 fc90 	bl	10009df0 <__i2b>
100084d0:	4681      	mov	r9, r0
100084d2:	2800      	cmp	r0, #0
100084d4:	d100      	bne.n	100084d8 <_strtod_l+0x464>
100084d6:	e364      	b.n	10008ba2 <_strtod_l+0xb2e>
100084d8:	9b1d      	ldr	r3, [sp, #116]	; 0x74
100084da:	2b00      	cmp	r3, #0
100084dc:	da00      	bge.n	100084e0 <_strtod_l+0x46c>
100084de:	e1bd      	b.n	1000885c <_strtod_l+0x7e8>
100084e0:	9a0d      	ldr	r2, [sp, #52]	; 0x34
100084e2:	9c13      	ldr	r4, [sp, #76]	; 0x4c
100084e4:	189d      	adds	r5, r3, r2
100084e6:	9907      	ldr	r1, [sp, #28]
100084e8:	9a1e      	ldr	r2, [sp, #120]	; 0x78
100084ea:	1a5b      	subs	r3, r3, r1
100084ec:	2136      	movs	r1, #54	; 0x36
100084ee:	189b      	adds	r3, r3, r2
100084f0:	1a8a      	subs	r2, r1, r2
100084f2:	4970      	ldr	r1, [pc, #448]	; (100086b4 <_strtod_l+0x640>)
100084f4:	3b01      	subs	r3, #1
100084f6:	428b      	cmp	r3, r1
100084f8:	db00      	blt.n	100084fc <_strtod_l+0x488>
100084fa:	e14e      	b.n	1000879a <_strtod_l+0x726>
100084fc:	1ac9      	subs	r1, r1, r3
100084fe:	1a52      	subs	r2, r2, r1
10008500:	291f      	cmp	r1, #31
10008502:	dd00      	ble.n	10008506 <_strtod_l+0x492>
10008504:	e1c7      	b.n	10008896 <_strtod_l+0x822>
10008506:	2301      	movs	r3, #1
10008508:	408b      	lsls	r3, r1
1000850a:	930e      	str	r3, [sp, #56]	; 0x38
1000850c:	2300      	movs	r3, #0
1000850e:	9311      	str	r3, [sp, #68]	; 0x44
10008510:	9b07      	ldr	r3, [sp, #28]
10008512:	18a4      	adds	r4, r4, r2
10008514:	469c      	mov	ip, r3
10008516:	18ae      	adds	r6, r5, r2
10008518:	002b      	movs	r3, r5
1000851a:	4464      	add	r4, ip
1000851c:	42b5      	cmp	r5, r6
1000851e:	dd00      	ble.n	10008522 <_strtod_l+0x4ae>
10008520:	0033      	movs	r3, r6
10008522:	42a3      	cmp	r3, r4
10008524:	dd00      	ble.n	10008528 <_strtod_l+0x4b4>
10008526:	0023      	movs	r3, r4
10008528:	2b00      	cmp	r3, #0
1000852a:	dd02      	ble.n	10008532 <_strtod_l+0x4be>
1000852c:	1af6      	subs	r6, r6, r3
1000852e:	1ae4      	subs	r4, r4, r3
10008530:	1aed      	subs	r5, r5, r3
10008532:	9b0d      	ldr	r3, [sp, #52]	; 0x34
10008534:	2b00      	cmp	r3, #0
10008536:	dd00      	ble.n	1000853a <_strtod_l+0x4c6>
10008538:	e14c      	b.n	100087d4 <_strtod_l+0x760>
1000853a:	2e00      	cmp	r6, #0
1000853c:	dd00      	ble.n	10008540 <_strtod_l+0x4cc>
1000853e:	e164      	b.n	1000880a <_strtod_l+0x796>
10008540:	9b0c      	ldr	r3, [sp, #48]	; 0x30
10008542:	2b00      	cmp	r3, #0
10008544:	dd00      	ble.n	10008548 <_strtod_l+0x4d4>
10008546:	e18d      	b.n	10008864 <_strtod_l+0x7f0>
10008548:	2c00      	cmp	r4, #0
1000854a:	dd00      	ble.n	1000854e <_strtod_l+0x4da>
1000854c:	e199      	b.n	10008882 <_strtod_l+0x80e>
1000854e:	2d00      	cmp	r5, #0
10008550:	dd08      	ble.n	10008564 <_strtod_l+0x4f0>
10008552:	4649      	mov	r1, r9
10008554:	002a      	movs	r2, r5
10008556:	0038      	movs	r0, r7
10008558:	f001 fdb8 	bl	1000a0cc <__lshift>
1000855c:	4681      	mov	r9, r0
1000855e:	2800      	cmp	r0, #0
10008560:	d100      	bne.n	10008564 <_strtod_l+0x4f0>
10008562:	e31e      	b.n	10008ba2 <_strtod_l+0xb2e>
10008564:	4652      	mov	r2, sl
10008566:	0038      	movs	r0, r7
10008568:	991c      	ldr	r1, [sp, #112]	; 0x70
1000856a:	f001 fe47 	bl	1000a1fc <__mdiff>
1000856e:	4680      	mov	r8, r0
10008570:	2800      	cmp	r0, #0
10008572:	d100      	bne.n	10008576 <_strtod_l+0x502>
10008574:	e315      	b.n	10008ba2 <_strtod_l+0xb2e>
10008576:	68c3      	ldr	r3, [r0, #12]
10008578:	4649      	mov	r1, r9
1000857a:	9310      	str	r3, [sp, #64]	; 0x40
1000857c:	2300      	movs	r3, #0
1000857e:	60c3      	str	r3, [r0, #12]
10008580:	f001 fe22 	bl	1000a1c8 <__mcmp>
10008584:	2800      	cmp	r0, #0
10008586:	da01      	bge.n	1000858c <_strtod_l+0x518>
10008588:	f000 fc5d 	bl	10008e46 <_strtod_l+0xdd2>
1000858c:	d100      	bne.n	10008590 <_strtod_l+0x51c>
1000858e:	e3c5      	b.n	10008d1c <_strtod_l+0xca8>
10008590:	4649      	mov	r1, r9
10008592:	4640      	mov	r0, r8
10008594:	f001 ffec 	bl	1000a570 <__ratio>
10008598:	2380      	movs	r3, #128	; 0x80
1000859a:	2200      	movs	r2, #0
1000859c:	05db      	lsls	r3, r3, #23
1000859e:	0004      	movs	r4, r0
100085a0:	000d      	movs	r5, r1
100085a2:	f7fb fe27 	bl	100041f4 <__wrap___aeabi_dcmple>
100085a6:	2800      	cmp	r0, #0
100085a8:	d100      	bne.n	100085ac <_strtod_l+0x538>
100085aa:	e0fb      	b.n	100087a4 <_strtod_l+0x730>
100085ac:	9b10      	ldr	r3, [sp, #64]	; 0x40
100085ae:	2b00      	cmp	r3, #0
100085b0:	d100      	bne.n	100085b4 <_strtod_l+0x540>
100085b2:	e180      	b.n	100088b6 <_strtod_l+0x842>
100085b4:	9b05      	ldr	r3, [sp, #20]
100085b6:	2400      	movs	r4, #0
100085b8:	930e      	str	r3, [sp, #56]	; 0x38
100085ba:	2300      	movs	r3, #0
100085bc:	9311      	str	r3, [sp, #68]	; 0x44
100085be:	4b3e      	ldr	r3, [pc, #248]	; (100086b8 <_strtod_l+0x644>)
100085c0:	4d3d      	ldr	r5, [pc, #244]	; (100086b8 <_strtod_l+0x644>)
100085c2:	9312      	str	r3, [sp, #72]	; 0x48
100085c4:	4b3d      	ldr	r3, [pc, #244]	; (100086bc <_strtod_l+0x648>)
100085c6:	9e0e      	ldr	r6, [sp, #56]	; 0x38
100085c8:	401e      	ands	r6, r3
100085ca:	4b3d      	ldr	r3, [pc, #244]	; (100086c0 <_strtod_l+0x64c>)
100085cc:	429e      	cmp	r6, r3
100085ce:	d100      	bne.n	100085d2 <_strtod_l+0x55e>
100085d0:	e19e      	b.n	10008910 <_strtod_l+0x89c>
100085d2:	9b07      	ldr	r3, [sp, #28]
100085d4:	2b00      	cmp	r3, #0
100085d6:	d028      	beq.n	1000862a <_strtod_l+0x5b6>
100085d8:	23d4      	movs	r3, #212	; 0xd4
100085da:	04db      	lsls	r3, r3, #19
100085dc:	429e      	cmp	r6, r3
100085de:	d824      	bhi.n	1000862a <_strtod_l+0x5b6>
100085e0:	4a38      	ldr	r2, [pc, #224]	; (100086c4 <_strtod_l+0x650>)
100085e2:	4b39      	ldr	r3, [pc, #228]	; (100086c8 <_strtod_l+0x654>)
100085e4:	9811      	ldr	r0, [sp, #68]	; 0x44
100085e6:	9912      	ldr	r1, [sp, #72]	; 0x48
100085e8:	f7fb fe04 	bl	100041f4 <__wrap___aeabi_dcmple>
100085ec:	2800      	cmp	r0, #0
100085ee:	d018      	beq.n	10008622 <_strtod_l+0x5ae>
100085f0:	9811      	ldr	r0, [sp, #68]	; 0x44
100085f2:	9912      	ldr	r1, [sp, #72]	; 0x48
100085f4:	f7fb fe62 	bl	100042bc <__wrap___aeabi_d2uiz>
100085f8:	2800      	cmp	r0, #0
100085fa:	d100      	bne.n	100085fe <_strtod_l+0x58a>
100085fc:	3001      	adds	r0, #1
100085fe:	f7fb fe1d 	bl	1000423c <__wrap___aeabi_ui2d>
10008602:	000b      	movs	r3, r1
10008604:	9112      	str	r1, [sp, #72]	; 0x48
10008606:	9910      	ldr	r1, [sp, #64]	; 0x40
10008608:	0002      	movs	r2, r0
1000860a:	9011      	str	r0, [sp, #68]	; 0x44
1000860c:	2900      	cmp	r1, #0
1000860e:	d000      	beq.n	10008612 <_strtod_l+0x59e>
10008610:	e313      	b.n	10008c3a <_strtod_l+0xbc6>
10008612:	9216      	str	r2, [sp, #88]	; 0x58
10008614:	2280      	movs	r2, #128	; 0x80
10008616:	0612      	lsls	r2, r2, #24
10008618:	4694      	mov	ip, r2
1000861a:	4463      	add	r3, ip
1000861c:	9317      	str	r3, [sp, #92]	; 0x5c
1000861e:	9c16      	ldr	r4, [sp, #88]	; 0x58
10008620:	9d17      	ldr	r5, [sp, #92]	; 0x5c
10008622:	23d6      	movs	r3, #214	; 0xd6
10008624:	04db      	lsls	r3, r3, #19
10008626:	18eb      	adds	r3, r5, r3
10008628:	1b9d      	subs	r5, r3, r6
1000862a:	980b      	ldr	r0, [sp, #44]	; 0x2c
1000862c:	990a      	ldr	r1, [sp, #40]	; 0x28
1000862e:	f001 feab 	bl	1000a388 <__ulp>
10008632:	0002      	movs	r2, r0
10008634:	000b      	movs	r3, r1
10008636:	0020      	movs	r0, r4
10008638:	0029      	movs	r1, r5
1000863a:	f7fb fd8a 	bl	10004152 <__wrap___aeabi_dmul>
1000863e:	9a0b      	ldr	r2, [sp, #44]	; 0x2c
10008640:	9b0a      	ldr	r3, [sp, #40]	; 0x28
10008642:	f7fb fd5f 	bl	10004104 <__wrap___aeabi_dadd>
10008646:	000c      	movs	r4, r1
10008648:	9004      	str	r0, [sp, #16]
1000864a:	9105      	str	r1, [sp, #20]
1000864c:	9b07      	ldr	r3, [sp, #28]
1000864e:	2b00      	cmp	r3, #0
10008650:	d104      	bne.n	1000865c <_strtod_l+0x5e8>
10008652:	4b1a      	ldr	r3, [pc, #104]	; (100086bc <_strtod_l+0x648>)
10008654:	4023      	ands	r3, r4
10008656:	429e      	cmp	r6, r3
10008658:	d100      	bne.n	1000865c <_strtod_l+0x5e8>
1000865a:	e244      	b.n	10008ae6 <_strtod_l+0xa72>
1000865c:	0038      	movs	r0, r7
1000865e:	991c      	ldr	r1, [sp, #112]	; 0x70
10008660:	f001 fac6 	bl	10009bf0 <_Bfree>
10008664:	4651      	mov	r1, sl
10008666:	0038      	movs	r0, r7
10008668:	f001 fac2 	bl	10009bf0 <_Bfree>
1000866c:	4649      	mov	r1, r9
1000866e:	0038      	movs	r0, r7
10008670:	f001 fabe 	bl	10009bf0 <_Bfree>
10008674:	4641      	mov	r1, r8
10008676:	0038      	movs	r0, r7
10008678:	f001 faba 	bl	10009bf0 <_Bfree>
1000867c:	e700      	b.n	10008480 <_strtod_l+0x40c>
1000867e:	2300      	movs	r3, #0
10008680:	2700      	movs	r7, #0
10008682:	469b      	mov	fp, r3
10008684:	9b08      	ldr	r3, [sp, #32]
10008686:	2b00      	cmp	r3, #0
10008688:	d001      	beq.n	1000868e <_strtod_l+0x61a>
1000868a:	9a1b      	ldr	r2, [sp, #108]	; 0x6c
1000868c:	601a      	str	r2, [r3, #0]
1000868e:	9b09      	ldr	r3, [sp, #36]	; 0x24
10008690:	2b00      	cmp	r3, #0
10008692:	d100      	bne.n	10008696 <_strtod_l+0x622>
10008694:	e580      	b.n	10008198 <_strtod_l+0x124>
10008696:	2180      	movs	r1, #128	; 0x80
10008698:	0609      	lsls	r1, r1, #24
1000869a:	187b      	adds	r3, r7, r1
1000869c:	001f      	movs	r7, r3
1000869e:	e57b      	b.n	10008198 <_strtod_l+0x124>
100086a0:	9b1b      	ldr	r3, [sp, #108]	; 0x6c
100086a2:	960d      	str	r6, [sp, #52]	; 0x34
100086a4:	445b      	add	r3, fp
100086a6:	931b      	str	r3, [sp, #108]	; 0x6c
100086a8:	781c      	ldrb	r4, [r3, #0]
100086aa:	2300      	movs	r3, #0
100086ac:	9310      	str	r3, [sp, #64]	; 0x40
100086ae:	e5bd      	b.n	1000822c <_strtod_l+0x1b8>
100086b0:	1000c460 	.word	0x1000c460
100086b4:	fffffc02 	.word	0xfffffc02
100086b8:	3ff00000 	.word	0x3ff00000
100086bc:	7ff00000 	.word	0x7ff00000
100086c0:	7fe00000 	.word	0x7fe00000
100086c4:	ffc00000 	.word	0xffc00000
100086c8:	41dfffff 	.word	0x41dfffff
100086cc:	465b      	mov	r3, fp
100086ce:	1af4      	subs	r4, r6, r3
100086d0:	9b0c      	ldr	r3, [sp, #48]	; 0x30
100086d2:	469c      	mov	ip, r3
100086d4:	4464      	add	r4, ip
100086d6:	2c00      	cmp	r4, #0
100086d8:	dd00      	ble.n	100086dc <_strtod_l+0x668>
100086da:	e69d      	b.n	10008418 <_strtod_l+0x3a4>
100086dc:	d100      	bne.n	100086e0 <_strtod_l+0x66c>
100086de:	e6b0      	b.n	10008442 <_strtod_l+0x3ce>
100086e0:	230f      	movs	r3, #15
100086e2:	001a      	movs	r2, r3
100086e4:	4264      	negs	r4, r4
100086e6:	4022      	ands	r2, r4
100086e8:	4223      	tst	r3, r4
100086ea:	d00a      	beq.n	10008702 <_strtod_l+0x68e>
100086ec:	9804      	ldr	r0, [sp, #16]
100086ee:	9905      	ldr	r1, [sp, #20]
100086f0:	4bd0      	ldr	r3, [pc, #832]	; (10008a34 <_strtod_l+0x9c0>)
100086f2:	00d2      	lsls	r2, r2, #3
100086f4:	189a      	adds	r2, r3, r2
100086f6:	6853      	ldr	r3, [r2, #4]
100086f8:	6812      	ldr	r2, [r2, #0]
100086fa:	f7fb fd0c 	bl	10004116 <__wrap___aeabi_ddiv>
100086fe:	9004      	str	r0, [sp, #16]
10008700:	9105      	str	r1, [sp, #20]
10008702:	1124      	asrs	r4, r4, #4
10008704:	d100      	bne.n	10008708 <_strtod_l+0x694>
10008706:	e69c      	b.n	10008442 <_strtod_l+0x3ce>
10008708:	2c1f      	cmp	r4, #31
1000870a:	dc3f      	bgt.n	1000878c <_strtod_l+0x718>
1000870c:	2310      	movs	r3, #16
1000870e:	001a      	movs	r2, r3
10008710:	4022      	ands	r2, r4
10008712:	9207      	str	r2, [sp, #28]
10008714:	4223      	tst	r3, r4
10008716:	d001      	beq.n	1000871c <_strtod_l+0x6a8>
10008718:	335a      	adds	r3, #90	; 0x5a
1000871a:	9307      	str	r3, [sp, #28]
1000871c:	2201      	movs	r2, #1
1000871e:	9804      	ldr	r0, [sp, #16]
10008720:	9905      	ldr	r1, [sp, #20]
10008722:	2300      	movs	r3, #0
10008724:	4691      	mov	r9, r2
10008726:	4dc4      	ldr	r5, [pc, #784]	; (10008a38 <_strtod_l+0x9c4>)
10008728:	464a      	mov	r2, r9
1000872a:	4222      	tst	r2, r4
1000872c:	d004      	beq.n	10008738 <_strtod_l+0x6c4>
1000872e:	682a      	ldr	r2, [r5, #0]
10008730:	686b      	ldr	r3, [r5, #4]
10008732:	f7fb fd0e 	bl	10004152 <__wrap___aeabi_dmul>
10008736:	2301      	movs	r3, #1
10008738:	1064      	asrs	r4, r4, #1
1000873a:	3508      	adds	r5, #8
1000873c:	2c00      	cmp	r4, #0
1000873e:	d1f3      	bne.n	10008728 <_strtod_l+0x6b4>
10008740:	2b00      	cmp	r3, #0
10008742:	d001      	beq.n	10008748 <_strtod_l+0x6d4>
10008744:	9004      	str	r0, [sp, #16]
10008746:	9105      	str	r1, [sp, #20]
10008748:	9b07      	ldr	r3, [sp, #28]
1000874a:	2b00      	cmp	r3, #0
1000874c:	d015      	beq.n	1000877a <_strtod_l+0x706>
1000874e:	9b04      	ldr	r3, [sp, #16]
10008750:	9c05      	ldr	r4, [sp, #20]
10008752:	236b      	movs	r3, #107	; 0x6b
10008754:	0062      	lsls	r2, r4, #1
10008756:	0d52      	lsrs	r2, r2, #21
10008758:	0021      	movs	r1, r4
1000875a:	1a9b      	subs	r3, r3, r2
1000875c:	2b00      	cmp	r3, #0
1000875e:	dd0c      	ble.n	1000877a <_strtod_l+0x706>
10008760:	2b1f      	cmp	r3, #31
10008762:	dc01      	bgt.n	10008768 <_strtod_l+0x6f4>
10008764:	f000 fbdc 	bl	10008f20 <_strtod_l+0xeac>
10008768:	2000      	movs	r0, #0
1000876a:	9004      	str	r0, [sp, #16]
1000876c:	2b34      	cmp	r3, #52	; 0x34
1000876e:	dc01      	bgt.n	10008774 <_strtod_l+0x700>
10008770:	f000 fc22 	bl	10008fb8 <_strtod_l+0xf44>
10008774:	23dc      	movs	r3, #220	; 0xdc
10008776:	049b      	lsls	r3, r3, #18
10008778:	9305      	str	r3, [sp, #20]
1000877a:	2200      	movs	r2, #0
1000877c:	9804      	ldr	r0, [sp, #16]
1000877e:	9905      	ldr	r1, [sp, #20]
10008780:	2300      	movs	r3, #0
10008782:	f7fb fd29 	bl	100041d8 <__wrap___aeabi_dcmpeq>
10008786:	2800      	cmp	r0, #0
10008788:	d100      	bne.n	1000878c <_strtod_l+0x718>
1000878a:	e65c      	b.n	10008446 <_strtod_l+0x3d2>
1000878c:	2322      	movs	r3, #34	; 0x22
1000878e:	4652      	mov	r2, sl
10008790:	6013      	str	r3, [r2, #0]
10008792:	2300      	movs	r3, #0
10008794:	2700      	movs	r7, #0
10008796:	469b      	mov	fp, r3
10008798:	e774      	b.n	10008684 <_strtod_l+0x610>
1000879a:	2300      	movs	r3, #0
1000879c:	9311      	str	r3, [sp, #68]	; 0x44
1000879e:	3301      	adds	r3, #1
100087a0:	930e      	str	r3, [sp, #56]	; 0x38
100087a2:	e6b5      	b.n	10008510 <_strtod_l+0x49c>
100087a4:	2200      	movs	r2, #0
100087a6:	4ba5      	ldr	r3, [pc, #660]	; (10008a3c <_strtod_l+0x9c8>)
100087a8:	0020      	movs	r0, r4
100087aa:	0029      	movs	r1, r5
100087ac:	f7fb fcd1 	bl	10004152 <__wrap___aeabi_dmul>
100087b0:	000b      	movs	r3, r1
100087b2:	9112      	str	r1, [sp, #72]	; 0x48
100087b4:	9910      	ldr	r1, [sp, #64]	; 0x40
100087b6:	0002      	movs	r2, r0
100087b8:	9011      	str	r0, [sp, #68]	; 0x44
100087ba:	2900      	cmp	r1, #0
100087bc:	d176      	bne.n	100088ac <_strtod_l+0x838>
100087be:	9214      	str	r2, [sp, #80]	; 0x50
100087c0:	2280      	movs	r2, #128	; 0x80
100087c2:	0612      	lsls	r2, r2, #24
100087c4:	4694      	mov	ip, r2
100087c6:	4463      	add	r3, ip
100087c8:	9315      	str	r3, [sp, #84]	; 0x54
100087ca:	9b05      	ldr	r3, [sp, #20]
100087cc:	9c14      	ldr	r4, [sp, #80]	; 0x50
100087ce:	9d15      	ldr	r5, [sp, #84]	; 0x54
100087d0:	930e      	str	r3, [sp, #56]	; 0x38
100087d2:	e6f7      	b.n	100085c4 <_strtod_l+0x550>
100087d4:	4649      	mov	r1, r9
100087d6:	001a      	movs	r2, r3
100087d8:	0038      	movs	r0, r7
100087da:	f001 fc0b 	bl	10009ff4 <__pow5mult>
100087de:	4681      	mov	r9, r0
100087e0:	2800      	cmp	r0, #0
100087e2:	d100      	bne.n	100087e6 <_strtod_l+0x772>
100087e4:	e1dd      	b.n	10008ba2 <_strtod_l+0xb2e>
100087e6:	0001      	movs	r1, r0
100087e8:	9a1c      	ldr	r2, [sp, #112]	; 0x70
100087ea:	0038      	movs	r0, r7
100087ec:	f001 fb30 	bl	10009e50 <__multiply>
100087f0:	9010      	str	r0, [sp, #64]	; 0x40
100087f2:	2800      	cmp	r0, #0
100087f4:	d100      	bne.n	100087f8 <_strtod_l+0x784>
100087f6:	e1d4      	b.n	10008ba2 <_strtod_l+0xb2e>
100087f8:	0038      	movs	r0, r7
100087fa:	991c      	ldr	r1, [sp, #112]	; 0x70
100087fc:	f001 f9f8 	bl	10009bf0 <_Bfree>
10008800:	9b10      	ldr	r3, [sp, #64]	; 0x40
10008802:	931c      	str	r3, [sp, #112]	; 0x70
10008804:	2e00      	cmp	r6, #0
10008806:	dc00      	bgt.n	1000880a <_strtod_l+0x796>
10008808:	e69a      	b.n	10008540 <_strtod_l+0x4cc>
1000880a:	0032      	movs	r2, r6
1000880c:	0038      	movs	r0, r7
1000880e:	991c      	ldr	r1, [sp, #112]	; 0x70
10008810:	f001 fc5c 	bl	1000a0cc <__lshift>
10008814:	901c      	str	r0, [sp, #112]	; 0x70
10008816:	2800      	cmp	r0, #0
10008818:	d000      	beq.n	1000881c <_strtod_l+0x7a8>
1000881a:	e691      	b.n	10008540 <_strtod_l+0x4cc>
1000881c:	4653      	mov	r3, sl
1000881e:	4646      	mov	r6, r8
10008820:	46ba      	mov	sl, r7
10008822:	46d8      	mov	r8, fp
10008824:	930c      	str	r3, [sp, #48]	; 0x30
10008826:	2322      	movs	r3, #34	; 0x22
10008828:	4652      	mov	r2, sl
1000882a:	6013      	str	r3, [r2, #0]
1000882c:	2300      	movs	r3, #0
1000882e:	469b      	mov	fp, r3
10008830:	4f83      	ldr	r7, [pc, #524]	; (10008a40 <_strtod_l+0x9cc>)
10008832:	0001      	movs	r1, r0
10008834:	4650      	mov	r0, sl
10008836:	f001 f9db 	bl	10009bf0 <_Bfree>
1000883a:	4650      	mov	r0, sl
1000883c:	990c      	ldr	r1, [sp, #48]	; 0x30
1000883e:	f001 f9d7 	bl	10009bf0 <_Bfree>
10008842:	4649      	mov	r1, r9
10008844:	4650      	mov	r0, sl
10008846:	f001 f9d3 	bl	10009bf0 <_Bfree>
1000884a:	4641      	mov	r1, r8
1000884c:	4650      	mov	r0, sl
1000884e:	f001 f9cf 	bl	10009bf0 <_Bfree>
10008852:	0031      	movs	r1, r6
10008854:	4650      	mov	r0, sl
10008856:	f001 f9cb 	bl	10009bf0 <_Bfree>
1000885a:	e713      	b.n	10008684 <_strtod_l+0x610>
1000885c:	9a13      	ldr	r2, [sp, #76]	; 0x4c
1000885e:	9d0d      	ldr	r5, [sp, #52]	; 0x34
10008860:	1ad4      	subs	r4, r2, r3
10008862:	e640      	b.n	100084e6 <_strtod_l+0x472>
10008864:	4651      	mov	r1, sl
10008866:	0038      	movs	r0, r7
10008868:	9a13      	ldr	r2, [sp, #76]	; 0x4c
1000886a:	f001 fbc3 	bl	10009ff4 <__pow5mult>
1000886e:	4682      	mov	sl, r0
10008870:	1e03      	subs	r3, r0, #0
10008872:	d000      	beq.n	10008876 <_strtod_l+0x802>
10008874:	e668      	b.n	10008548 <_strtod_l+0x4d4>
10008876:	4646      	mov	r6, r8
10008878:	46ba      	mov	sl, r7
1000887a:	46d8      	mov	r8, fp
1000887c:	981c      	ldr	r0, [sp, #112]	; 0x70
1000887e:	930c      	str	r3, [sp, #48]	; 0x30
10008880:	e7d1      	b.n	10008826 <_strtod_l+0x7b2>
10008882:	4651      	mov	r1, sl
10008884:	0022      	movs	r2, r4
10008886:	0038      	movs	r0, r7
10008888:	f001 fc20 	bl	1000a0cc <__lshift>
1000888c:	4682      	mov	sl, r0
1000888e:	1e03      	subs	r3, r0, #0
10008890:	d000      	beq.n	10008894 <_strtod_l+0x820>
10008892:	e65c      	b.n	1000854e <_strtod_l+0x4da>
10008894:	e7ef      	b.n	10008876 <_strtod_l+0x802>
10008896:	496b      	ldr	r1, [pc, #428]	; (10008a44 <_strtod_l+0x9d0>)
10008898:	1acb      	subs	r3, r1, r3
1000889a:	2101      	movs	r1, #1
1000889c:	4099      	lsls	r1, r3
1000889e:	2301      	movs	r3, #1
100088a0:	9111      	str	r1, [sp, #68]	; 0x44
100088a2:	930e      	str	r3, [sp, #56]	; 0x38
100088a4:	e634      	b.n	10008510 <_strtod_l+0x49c>
100088a6:	2301      	movs	r3, #1
100088a8:	469c      	mov	ip, r3
100088aa:	e50a      	b.n	100082c2 <_strtod_l+0x24e>
100088ac:	9a11      	ldr	r2, [sp, #68]	; 0x44
100088ae:	9b12      	ldr	r3, [sp, #72]	; 0x48
100088b0:	9214      	str	r2, [sp, #80]	; 0x50
100088b2:	9315      	str	r3, [sp, #84]	; 0x54
100088b4:	e789      	b.n	100087ca <_strtod_l+0x756>
100088b6:	9904      	ldr	r1, [sp, #16]
100088b8:	9a05      	ldr	r2, [sp, #20]
100088ba:	2900      	cmp	r1, #0
100088bc:	d15b      	bne.n	10008976 <_strtod_l+0x902>
100088be:	920e      	str	r2, [sp, #56]	; 0x38
100088c0:	0313      	lsls	r3, r2, #12
100088c2:	d15d      	bne.n	10008980 <_strtod_l+0x90c>
100088c4:	2200      	movs	r2, #0
100088c6:	0020      	movs	r0, r4
100088c8:	0029      	movs	r1, r5
100088ca:	4b5f      	ldr	r3, [pc, #380]	; (10008a48 <_strtod_l+0x9d4>)
100088cc:	f7fb fc8c 	bl	100041e8 <__wrap___aeabi_dcmplt>
100088d0:	2800      	cmp	r0, #0
100088d2:	d000      	beq.n	100088d6 <_strtod_l+0x862>
100088d4:	e1ff      	b.n	10008cd6 <_strtod_l+0xc62>
100088d6:	2200      	movs	r2, #0
100088d8:	4b58      	ldr	r3, [pc, #352]	; (10008a3c <_strtod_l+0x9c8>)
100088da:	0020      	movs	r0, r4
100088dc:	0029      	movs	r1, r5
100088de:	f7fb fc38 	bl	10004152 <__wrap___aeabi_dmul>
100088e2:	2280      	movs	r2, #128	; 0x80
100088e4:	0612      	lsls	r2, r2, #24
100088e6:	000b      	movs	r3, r1
100088e8:	4694      	mov	ip, r2
100088ea:	4463      	add	r3, ip
100088ec:	9011      	str	r0, [sp, #68]	; 0x44
100088ee:	9112      	str	r1, [sp, #72]	; 0x48
100088f0:	9018      	str	r0, [sp, #96]	; 0x60
100088f2:	9319      	str	r3, [sp, #100]	; 0x64
100088f4:	9c18      	ldr	r4, [sp, #96]	; 0x60
100088f6:	9d19      	ldr	r5, [sp, #100]	; 0x64
100088f8:	e664      	b.n	100085c4 <_strtod_l+0x550>
100088fa:	2300      	movs	r3, #0
100088fc:	951b      	str	r5, [sp, #108]	; 0x6c
100088fe:	930b      	str	r3, [sp, #44]	; 0x2c
10008900:	f7ff fc19 	bl	10008136 <_strtod_l+0xc2>
10008904:	2301      	movs	r3, #1
10008906:	469b      	mov	fp, r3
10008908:	1cab      	adds	r3, r5, #2
1000890a:	931b      	str	r3, [sp, #108]	; 0x6c
1000890c:	78ac      	ldrb	r4, [r5, #2]
1000890e:	e4f4      	b.n	100082fa <_strtod_l+0x286>
10008910:	4a4e      	ldr	r2, [pc, #312]	; (10008a4c <_strtod_l+0x9d8>)
10008912:	9b0e      	ldr	r3, [sp, #56]	; 0x38
10008914:	4694      	mov	ip, r2
10008916:	4463      	add	r3, ip
10008918:	9305      	str	r3, [sp, #20]
1000891a:	940e      	str	r4, [sp, #56]	; 0x38
1000891c:	950f      	str	r5, [sp, #60]	; 0x3c
1000891e:	9c04      	ldr	r4, [sp, #16]
10008920:	9d05      	ldr	r5, [sp, #20]
10008922:	0020      	movs	r0, r4
10008924:	0029      	movs	r1, r5
10008926:	f001 fd2f 	bl	1000a388 <__ulp>
1000892a:	0002      	movs	r2, r0
1000892c:	000b      	movs	r3, r1
1000892e:	980e      	ldr	r0, [sp, #56]	; 0x38
10008930:	990f      	ldr	r1, [sp, #60]	; 0x3c
10008932:	f7fb fc0e 	bl	10004152 <__wrap___aeabi_dmul>
10008936:	0022      	movs	r2, r4
10008938:	002b      	movs	r3, r5
1000893a:	f7fb fbe3 	bl	10004104 <__wrap___aeabi_dadd>
1000893e:	4b40      	ldr	r3, [pc, #256]	; (10008a40 <_strtod_l+0x9cc>)
10008940:	4a43      	ldr	r2, [pc, #268]	; (10008a50 <_strtod_l+0x9dc>)
10008942:	9004      	str	r0, [sp, #16]
10008944:	9105      	str	r1, [sp, #20]
10008946:	400b      	ands	r3, r1
10008948:	4293      	cmp	r3, r2
1000894a:	d920      	bls.n	1000898e <_strtod_l+0x91a>
1000894c:	9a0a      	ldr	r2, [sp, #40]	; 0x28
1000894e:	4b41      	ldr	r3, [pc, #260]	; (10008a54 <_strtod_l+0x9e0>)
10008950:	429a      	cmp	r2, r3
10008952:	d103      	bne.n	1000895c <_strtod_l+0x8e8>
10008954:	9b0b      	ldr	r3, [sp, #44]	; 0x2c
10008956:	3301      	adds	r3, #1
10008958:	d100      	bne.n	1000895c <_strtod_l+0x8e8>
1000895a:	e122      	b.n	10008ba2 <_strtod_l+0xb2e>
1000895c:	4b3d      	ldr	r3, [pc, #244]	; (10008a54 <_strtod_l+0x9e0>)
1000895e:	9305      	str	r3, [sp, #20]
10008960:	2301      	movs	r3, #1
10008962:	425b      	negs	r3, r3
10008964:	9304      	str	r3, [sp, #16]
10008966:	e679      	b.n	1000865c <_strtod_l+0x5e8>
10008968:	2300      	movs	r3, #0
1000896a:	930d      	str	r3, [sp, #52]	; 0x34
1000896c:	9310      	str	r3, [sp, #64]	; 0x40
1000896e:	3301      	adds	r3, #1
10008970:	2600      	movs	r6, #0
10008972:	469c      	mov	ip, r3
10008974:	e4a5      	b.n	100082c2 <_strtod_l+0x24e>
10008976:	2901      	cmp	r1, #1
10008978:	d100      	bne.n	1000897c <_strtod_l+0x908>
1000897a:	e143      	b.n	10008c04 <_strtod_l+0xb90>
1000897c:	9b05      	ldr	r3, [sp, #20]
1000897e:	930e      	str	r3, [sp, #56]	; 0x38
10008980:	2300      	movs	r3, #0
10008982:	9311      	str	r3, [sp, #68]	; 0x44
10008984:	4b30      	ldr	r3, [pc, #192]	; (10008a48 <_strtod_l+0x9d4>)
10008986:	2400      	movs	r4, #0
10008988:	4d33      	ldr	r5, [pc, #204]	; (10008a58 <_strtod_l+0x9e4>)
1000898a:	9312      	str	r3, [sp, #72]	; 0x48
1000898c:	e61a      	b.n	100085c4 <_strtod_l+0x550>
1000898e:	23d4      	movs	r3, #212	; 0xd4
10008990:	049b      	lsls	r3, r3, #18
10008992:	18cc      	adds	r4, r1, r3
10008994:	9405      	str	r4, [sp, #20]
10008996:	e659      	b.n	1000864c <_strtod_l+0x5d8>
10008998:	229a      	movs	r2, #154	; 0x9a
1000899a:	0052      	lsls	r2, r2, #1
1000899c:	4294      	cmp	r4, r2
1000899e:	dd00      	ble.n	100089a2 <_strtod_l+0x92e>
100089a0:	e0fb      	b.n	10008b9a <_strtod_l+0xb26>
100089a2:	1124      	asrs	r4, r4, #4
100089a4:	2b1f      	cmp	r3, #31
100089a6:	dc00      	bgt.n	100089aa <_strtod_l+0x936>
100089a8:	e294      	b.n	10008ed4 <_strtod_l+0xe60>
100089aa:	9804      	ldr	r0, [sp, #16]
100089ac:	9905      	ldr	r1, [sp, #20]
100089ae:	2200      	movs	r2, #0
100089b0:	4691      	mov	r9, r2
100089b2:	3201      	adds	r2, #1
100089b4:	4693      	mov	fp, r2
100089b6:	464a      	mov	r2, r9
100089b8:	4b28      	ldr	r3, [pc, #160]	; (10008a5c <_strtod_l+0x9e8>)
100089ba:	46b1      	mov	r9, r6
100089bc:	001d      	movs	r5, r3
100089be:	9307      	str	r3, [sp, #28]
100089c0:	0016      	movs	r6, r2
100089c2:	2300      	movs	r3, #0
100089c4:	465a      	mov	r2, fp
100089c6:	4222      	tst	r2, r4
100089c8:	d004      	beq.n	100089d4 <_strtod_l+0x960>
100089ca:	682a      	ldr	r2, [r5, #0]
100089cc:	686b      	ldr	r3, [r5, #4]
100089ce:	f7fb fbc0 	bl	10004152 <__wrap___aeabi_dmul>
100089d2:	2301      	movs	r3, #1
100089d4:	3601      	adds	r6, #1
100089d6:	1064      	asrs	r4, r4, #1
100089d8:	3508      	adds	r5, #8
100089da:	2c01      	cmp	r4, #1
100089dc:	d1f2      	bne.n	100089c4 <_strtod_l+0x950>
100089de:	0032      	movs	r2, r6
100089e0:	464e      	mov	r6, r9
100089e2:	4691      	mov	r9, r2
100089e4:	2b00      	cmp	r3, #0
100089e6:	d001      	beq.n	100089ec <_strtod_l+0x978>
100089e8:	9004      	str	r0, [sp, #16]
100089ea:	9105      	str	r1, [sp, #20]
100089ec:	4a17      	ldr	r2, [pc, #92]	; (10008a4c <_strtod_l+0x9d8>)
100089ee:	9b05      	ldr	r3, [sp, #20]
100089f0:	4694      	mov	ip, r2
100089f2:	4463      	add	r3, ip
100089f4:	9305      	str	r3, [sp, #20]
100089f6:	464b      	mov	r3, r9
100089f8:	00d9      	lsls	r1, r3, #3
100089fa:	9b07      	ldr	r3, [sp, #28]
100089fc:	469c      	mov	ip, r3
100089fe:	9a04      	ldr	r2, [sp, #16]
10008a00:	9b05      	ldr	r3, [sp, #20]
10008a02:	4461      	add	r1, ip
10008a04:	6808      	ldr	r0, [r1, #0]
10008a06:	6849      	ldr	r1, [r1, #4]
10008a08:	f7fb fba3 	bl	10004152 <__wrap___aeabi_dmul>
10008a0c:	4b0c      	ldr	r3, [pc, #48]	; (10008a40 <_strtod_l+0x9cc>)
10008a0e:	4a14      	ldr	r2, [pc, #80]	; (10008a60 <_strtod_l+0x9ec>)
10008a10:	9004      	str	r0, [sp, #16]
10008a12:	9105      	str	r1, [sp, #20]
10008a14:	400b      	ands	r3, r1
10008a16:	4293      	cmp	r3, r2
10008a18:	d900      	bls.n	10008a1c <_strtod_l+0x9a8>
10008a1a:	e0be      	b.n	10008b9a <_strtod_l+0xb26>
10008a1c:	4a11      	ldr	r2, [pc, #68]	; (10008a64 <_strtod_l+0x9f0>)
10008a1e:	4293      	cmp	r3, r2
10008a20:	d800      	bhi.n	10008a24 <_strtod_l+0x9b0>
10008a22:	e1cb      	b.n	10008dbc <_strtod_l+0xd48>
10008a24:	4b0b      	ldr	r3, [pc, #44]	; (10008a54 <_strtod_l+0x9e0>)
10008a26:	9305      	str	r3, [sp, #20]
10008a28:	2301      	movs	r3, #1
10008a2a:	425b      	negs	r3, r3
10008a2c:	9304      	str	r3, [sp, #16]
10008a2e:	2300      	movs	r3, #0
10008a30:	9307      	str	r3, [sp, #28]
10008a32:	e508      	b.n	10008446 <_strtod_l+0x3d2>
10008a34:	1000c460 	.word	0x1000c460
10008a38:	1000c1d8 	.word	0x1000c1d8
10008a3c:	3fe00000 	.word	0x3fe00000
10008a40:	7ff00000 	.word	0x7ff00000
10008a44:	fffffbe2 	.word	0xfffffbe2
10008a48:	3ff00000 	.word	0x3ff00000
10008a4c:	fcb00000 	.word	0xfcb00000
10008a50:	7c9fffff 	.word	0x7c9fffff
10008a54:	7fefffff 	.word	0x7fefffff
10008a58:	bff00000 	.word	0xbff00000
10008a5c:	1000c438 	.word	0x1000c438
10008a60:	7ca00000 	.word	0x7ca00000
10008a64:	7c900000 	.word	0x7c900000
10008a68:	2301      	movs	r3, #1
10008a6a:	9309      	str	r3, [sp, #36]	; 0x24
10008a6c:	1c7a      	adds	r2, r7, #1
10008a6e:	921b      	str	r2, [sp, #108]	; 0x6c
10008a70:	787b      	ldrb	r3, [r7, #1]
10008a72:	2b00      	cmp	r3, #0
10008a74:	d101      	bne.n	10008a7a <_strtod_l+0xa06>
10008a76:	f7ff fb87 	bl	10008188 <_strtod_l+0x114>
10008a7a:	0017      	movs	r7, r2
10008a7c:	f7ff fb1d 	bl	100080ba <_strtod_l+0x46>
10008a80:	2300      	movs	r3, #0
10008a82:	9309      	str	r3, [sp, #36]	; 0x24
10008a84:	e7f2      	b.n	10008a6c <_strtod_l+0x9f8>
10008a86:	49d2      	ldr	r1, [pc, #840]	; (10008dd0 <_strtod_l+0xd5c>)
10008a88:	9b1e      	ldr	r3, [sp, #120]	; 0x78
10008a8a:	468c      	mov	ip, r1
10008a8c:	4ad1      	ldr	r2, [pc, #836]	; (10008dd4 <_strtod_l+0xd60>)
10008a8e:	9304      	str	r3, [sp, #16]
10008a90:	9b1f      	ldr	r3, [sp, #124]	; 0x7c
10008a92:	401a      	ands	r2, r3
10008a94:	9b1d      	ldr	r3, [sp, #116]	; 0x74
10008a96:	4463      	add	r3, ip
10008a98:	051b      	lsls	r3, r3, #20
10008a9a:	431a      	orrs	r2, r3
10008a9c:	9205      	str	r2, [sp, #20]
10008a9e:	0723      	lsls	r3, r4, #28
10008aa0:	d504      	bpl.n	10008aac <_strtod_l+0xa38>
10008aa2:	2380      	movs	r3, #128	; 0x80
10008aa4:	9a05      	ldr	r2, [sp, #20]
10008aa6:	061b      	lsls	r3, r3, #24
10008aa8:	431a      	orrs	r2, r3
10008aaa:	9205      	str	r2, [sp, #20]
10008aac:	9b04      	ldr	r3, [sp, #16]
10008aae:	9c05      	ldr	r4, [sp, #20]
10008ab0:	469b      	mov	fp, r3
10008ab2:	0027      	movs	r7, r4
10008ab4:	e5e6      	b.n	10008684 <_strtod_l+0x610>
10008ab6:	49c8      	ldr	r1, [pc, #800]	; (10008dd8 <_strtod_l+0xd64>)
10008ab8:	a81b      	add	r0, sp, #108	; 0x6c
10008aba:	f000 ff59 	bl	10009970 <__match>
10008abe:	2800      	cmp	r0, #0
10008ac0:	d101      	bne.n	10008ac6 <_strtod_l+0xa52>
10008ac2:	f7ff fb61 	bl	10008188 <_strtod_l+0x114>
10008ac6:	9b1b      	ldr	r3, [sp, #108]	; 0x6c
10008ac8:	49c4      	ldr	r1, [pc, #784]	; (10008ddc <_strtod_l+0xd68>)
10008aca:	3b01      	subs	r3, #1
10008acc:	a81b      	add	r0, sp, #108	; 0x6c
10008ace:	931b      	str	r3, [sp, #108]	; 0x6c
10008ad0:	f000 ff4e 	bl	10009970 <__match>
10008ad4:	2800      	cmp	r0, #0
10008ad6:	d102      	bne.n	10008ade <_strtod_l+0xa6a>
10008ad8:	9b1b      	ldr	r3, [sp, #108]	; 0x6c
10008ada:	3301      	adds	r3, #1
10008adc:	931b      	str	r3, [sp, #108]	; 0x6c
10008ade:	2300      	movs	r3, #0
10008ae0:	4fbf      	ldr	r7, [pc, #764]	; (10008de0 <_strtod_l+0xd6c>)
10008ae2:	469b      	mov	fp, r3
10008ae4:	e5ce      	b.n	10008684 <_strtod_l+0x610>
10008ae6:	9e11      	ldr	r6, [sp, #68]	; 0x44
10008ae8:	9d12      	ldr	r5, [sp, #72]	; 0x48
10008aea:	0030      	movs	r0, r6
10008aec:	0029      	movs	r1, r5
10008aee:	f7fb fc09 	bl	10004304 <__wrap___aeabi_d2lz>
10008af2:	f7fb fbef 	bl	100042d4 <__wrap___aeabi_l2d>
10008af6:	0002      	movs	r2, r0
10008af8:	000b      	movs	r3, r1
10008afa:	0030      	movs	r0, r6
10008afc:	0029      	movs	r1, r5
10008afe:	f7fb faf8 	bl	100040f2 <__wrap___aeabi_dsub>
10008b02:	9a04      	ldr	r2, [sp, #16]
10008b04:	9b10      	ldr	r3, [sp, #64]	; 0x40
10008b06:	0324      	lsls	r4, r4, #12
10008b08:	4313      	orrs	r3, r2
10008b0a:	0b24      	lsrs	r4, r4, #12
10008b0c:	0005      	movs	r5, r0
10008b0e:	000e      	movs	r6, r1
10008b10:	4ab4      	ldr	r2, [pc, #720]	; (10008de4 <_strtod_l+0xd70>)
10008b12:	431c      	orrs	r4, r3
10008b14:	d113      	bne.n	10008b3e <_strtod_l+0xaca>
10008b16:	4bb4      	ldr	r3, [pc, #720]	; (10008de8 <_strtod_l+0xd74>)
10008b18:	f7fb fb66 	bl	100041e8 <__wrap___aeabi_dcmplt>
10008b1c:	2800      	cmp	r0, #0
10008b1e:	d100      	bne.n	10008b22 <_strtod_l+0xaae>
10008b20:	e59c      	b.n	1000865c <_strtod_l+0x5e8>
10008b22:	4653      	mov	r3, sl
10008b24:	4646      	mov	r6, r8
10008b26:	46ba      	mov	sl, r7
10008b28:	46d8      	mov	r8, fp
10008b2a:	930c      	str	r3, [sp, #48]	; 0x30
10008b2c:	981c      	ldr	r0, [sp, #112]	; 0x70
10008b2e:	9b04      	ldr	r3, [sp, #16]
10008b30:	9c05      	ldr	r4, [sp, #20]
10008b32:	469b      	mov	fp, r3
10008b34:	0027      	movs	r7, r4
10008b36:	e67c      	b.n	10008832 <_strtod_l+0x7be>
10008b38:	2300      	movs	r3, #0
10008b3a:	469b      	mov	fp, r3
10008b3c:	e6e4      	b.n	10008908 <_strtod_l+0x894>
10008b3e:	4bab      	ldr	r3, [pc, #684]	; (10008dec <_strtod_l+0xd78>)
10008b40:	f7fb fb52 	bl	100041e8 <__wrap___aeabi_dcmplt>
10008b44:	2800      	cmp	r0, #0
10008b46:	d1ec      	bne.n	10008b22 <_strtod_l+0xaae>
10008b48:	0028      	movs	r0, r5
10008b4a:	0031      	movs	r1, r6
10008b4c:	4aa8      	ldr	r2, [pc, #672]	; (10008df0 <_strtod_l+0xd7c>)
10008b4e:	4ba9      	ldr	r3, [pc, #676]	; (10008df4 <_strtod_l+0xd80>)
10008b50:	f7fb fb60 	bl	10004214 <__wrap___aeabi_dcmpgt>
10008b54:	2800      	cmp	r0, #0
10008b56:	d100      	bne.n	10008b5a <_strtod_l+0xae6>
10008b58:	e580      	b.n	1000865c <_strtod_l+0x5e8>
10008b5a:	e7e2      	b.n	10008b22 <_strtod_l+0xaae>
10008b5c:	9b09      	ldr	r3, [sp, #36]	; 0x24
10008b5e:	9402      	str	r4, [sp, #8]
10008b60:	9301      	str	r3, [sp, #4]
10008b62:	ab1c      	add	r3, sp, #112	; 0x70
10008b64:	9300      	str	r3, [sp, #0]
10008b66:	4650      	mov	r0, sl
10008b68:	ab1d      	add	r3, sp, #116	; 0x74
10008b6a:	4aa3      	ldr	r2, [pc, #652]	; (10008df8 <_strtod_l+0xd84>)
10008b6c:	a91b      	add	r1, sp, #108	; 0x6c
10008b6e:	f000 fc19 	bl	100093a4 <__gethex>
10008b72:	2307      	movs	r3, #7
10008b74:	001d      	movs	r5, r3
10008b76:	0004      	movs	r4, r0
10008b78:	4005      	ands	r5, r0
10008b7a:	4203      	tst	r3, r0
10008b7c:	d100      	bne.n	10008b80 <_strtod_l+0xb0c>
10008b7e:	e57e      	b.n	1000867e <_strtod_l+0x60a>
10008b80:	2d06      	cmp	r5, #6
10008b82:	d174      	bne.n	10008c6e <_strtod_l+0xbfa>
10008b84:	9b08      	ldr	r3, [sp, #32]
10008b86:	2b00      	cmp	r3, #0
10008b88:	d101      	bne.n	10008b8e <_strtod_l+0xb1a>
10008b8a:	f7ff fb02 	bl	10008192 <_strtod_l+0x11e>
10008b8e:	601e      	str	r6, [r3, #0]
10008b90:	2300      	movs	r3, #0
10008b92:	2700      	movs	r7, #0
10008b94:	469b      	mov	fp, r3
10008b96:	f7ff faff 	bl	10008198 <_strtod_l+0x124>
10008b9a:	2322      	movs	r3, #34	; 0x22
10008b9c:	4652      	mov	r2, sl
10008b9e:	6013      	str	r3, [r2, #0]
10008ba0:	e79d      	b.n	10008ade <_strtod_l+0xa6a>
10008ba2:	4653      	mov	r3, sl
10008ba4:	e667      	b.n	10008876 <_strtod_l+0x802>
10008ba6:	465b      	mov	r3, fp
10008ba8:	4648      	mov	r0, r9
10008baa:	9307      	str	r3, [sp, #28]
10008bac:	4643      	mov	r3, r8
10008bae:	4689      	mov	r9, r1
10008bb0:	46a8      	mov	r8, r5
10008bb2:	0001      	movs	r1, r0
10008bb4:	001d      	movs	r5, r3
10008bb6:	3202      	adds	r2, #2
10008bb8:	2e08      	cmp	r6, #8
10008bba:	dc43      	bgt.n	10008c44 <_strtod_l+0xbd0>
10008bbc:	0016      	movs	r6, r2
10008bbe:	f7ff fb27 	bl	10008210 <_strtod_l+0x19c>
10008bc2:	465a      	mov	r2, fp
10008bc4:	0038      	movs	r0, r7
10008bc6:	9907      	ldr	r1, [sp, #28]
10008bc8:	f001 fd58 	bl	1000a67c <strncmp>
10008bcc:	2800      	cmp	r0, #0
10008bce:	d045      	beq.n	10008c5c <_strtod_l+0xbe8>
10008bd0:	2300      	movs	r3, #0
10008bd2:	2600      	movs	r6, #0
10008bd4:	4699      	mov	r9, r3
10008bd6:	4698      	mov	r8, r3
10008bd8:	930d      	str	r3, [sp, #52]	; 0x34
10008bda:	f7ff faa7 	bl	1000812c <_strtod_l+0xb8>
10008bde:	9b0c      	ldr	r3, [sp, #48]	; 0x30
10008be0:	3316      	adds	r3, #22
10008be2:	da00      	bge.n	10008be6 <_strtod_l+0xb72>
10008be4:	e572      	b.n	100086cc <_strtod_l+0x658>
10008be6:	9804      	ldr	r0, [sp, #16]
10008be8:	9905      	ldr	r1, [sp, #20]
10008bea:	9b10      	ldr	r3, [sp, #64]	; 0x40
10008bec:	9a0b      	ldr	r2, [sp, #44]	; 0x2c
10008bee:	1a9a      	subs	r2, r3, r2
10008bf0:	4b82      	ldr	r3, [pc, #520]	; (10008dfc <_strtod_l+0xd88>)
10008bf2:	00d2      	lsls	r2, r2, #3
10008bf4:	189b      	adds	r3, r3, r2
10008bf6:	681a      	ldr	r2, [r3, #0]
10008bf8:	685b      	ldr	r3, [r3, #4]
10008bfa:	f7fb fa8c 	bl	10004116 <__wrap___aeabi_ddiv>
10008bfe:	4683      	mov	fp, r0
10008c00:	000f      	movs	r7, r1
10008c02:	e53f      	b.n	10008684 <_strtod_l+0x610>
10008c04:	9b05      	ldr	r3, [sp, #20]
10008c06:	930e      	str	r3, [sp, #56]	; 0x38
10008c08:	2b00      	cmp	r3, #0
10008c0a:	d000      	beq.n	10008c0e <_strtod_l+0xb9a>
10008c0c:	e6b8      	b.n	10008980 <_strtod_l+0x90c>
10008c0e:	4653      	mov	r3, sl
10008c10:	4646      	mov	r6, r8
10008c12:	46ba      	mov	sl, r7
10008c14:	46d8      	mov	r8, fp
10008c16:	930c      	str	r3, [sp, #48]	; 0x30
10008c18:	2322      	movs	r3, #34	; 0x22
10008c1a:	4652      	mov	r2, sl
10008c1c:	6013      	str	r3, [r2, #0]
10008c1e:	2300      	movs	r3, #0
10008c20:	981c      	ldr	r0, [sp, #112]	; 0x70
10008c22:	469b      	mov	fp, r3
10008c24:	001f      	movs	r7, r3
10008c26:	e604      	b.n	10008832 <_strtod_l+0x7be>
10008c28:	001a      	movs	r2, r3
10008c2a:	930b      	str	r3, [sp, #44]	; 0x2c
10008c2c:	4b74      	ldr	r3, [pc, #464]	; (10008e00 <_strtod_l+0xd8c>)
10008c2e:	429a      	cmp	r2, r3
10008c30:	dc01      	bgt.n	10008c36 <_strtod_l+0xbc2>
10008c32:	f7ff fb99 	bl	10008368 <_strtod_l+0x2f4>
10008c36:	f7ff fb96 	bl	10008366 <_strtod_l+0x2f2>
10008c3a:	9a11      	ldr	r2, [sp, #68]	; 0x44
10008c3c:	9b12      	ldr	r3, [sp, #72]	; 0x48
10008c3e:	9216      	str	r2, [sp, #88]	; 0x58
10008c40:	9317      	str	r3, [sp, #92]	; 0x5c
10008c42:	e4ec      	b.n	1000861e <_strtod_l+0x5aa>
10008c44:	2a10      	cmp	r2, #16
10008c46:	dc4f      	bgt.n	10008ce8 <_strtod_l+0xc74>
10008c48:	464b      	mov	r3, r9
10008c4a:	009b      	lsls	r3, r3, #2
10008c4c:	444b      	add	r3, r9
10008c4e:	4689      	mov	r9, r1
10008c50:	005b      	lsls	r3, r3, #1
10008c52:	0016      	movs	r6, r2
10008c54:	2000      	movs	r0, #0
10008c56:	4499      	add	r9, r3
10008c58:	f7ff fae3 	bl	10008222 <_strtod_l+0x1ae>
10008c5c:	2200      	movs	r2, #0
10008c5e:	9b1b      	ldr	r3, [sp, #108]	; 0x6c
10008c60:	4690      	mov	r8, r2
10008c62:	445b      	add	r3, fp
10008c64:	931b      	str	r3, [sp, #108]	; 0x6c
10008c66:	4691      	mov	r9, r2
10008c68:	781c      	ldrb	r4, [r3, #0]
10008c6a:	f7ff fab2 	bl	100081d2 <_strtod_l+0x15e>
10008c6e:	9a1c      	ldr	r2, [sp, #112]	; 0x70
10008c70:	2a00      	cmp	r2, #0
10008c72:	d007      	beq.n	10008c84 <_strtod_l+0xc10>
10008c74:	2135      	movs	r1, #53	; 0x35
10008c76:	a81e      	add	r0, sp, #120	; 0x78
10008c78:	f001 fcae 	bl	1000a5d8 <__copybits>
10008c7c:	4650      	mov	r0, sl
10008c7e:	991c      	ldr	r1, [sp, #112]	; 0x70
10008c80:	f000 ffb6 	bl	10009bf0 <_Bfree>
10008c84:	2d05      	cmp	r5, #5
10008c86:	d900      	bls.n	10008c8a <_strtod_l+0xc16>
10008c88:	e709      	b.n	10008a9e <_strtod_l+0xa2a>
10008c8a:	4b5e      	ldr	r3, [pc, #376]	; (10008e04 <_strtod_l+0xd90>)
10008c8c:	00ad      	lsls	r5, r5, #2
10008c8e:	595b      	ldr	r3, [r3, r5]
10008c90:	469f      	mov	pc, r3
10008c92:	4b5d      	ldr	r3, [pc, #372]	; (10008e08 <_strtod_l+0xd94>)
10008c94:	9305      	str	r3, [sp, #20]
10008c96:	2301      	movs	r3, #1
10008c98:	425b      	negs	r3, r3
10008c9a:	9304      	str	r3, [sp, #16]
10008c9c:	e6ff      	b.n	10008a9e <_strtod_l+0xa2a>
10008c9e:	4b50      	ldr	r3, [pc, #320]	; (10008de0 <_strtod_l+0xd6c>)
10008ca0:	9305      	str	r3, [sp, #20]
10008ca2:	e6fc      	b.n	10008a9e <_strtod_l+0xa2a>
10008ca4:	9b1e      	ldr	r3, [sp, #120]	; 0x78
10008ca6:	9304      	str	r3, [sp, #16]
10008ca8:	9b1f      	ldr	r3, [sp, #124]	; 0x7c
10008caa:	9305      	str	r3, [sp, #20]
10008cac:	e6f7      	b.n	10008a9e <_strtod_l+0xa2a>
10008cae:	2000      	movs	r0, #0
10008cb0:	f7ff fa9b 	bl	100081ea <_strtod_l+0x176>
10008cb4:	4951      	ldr	r1, [pc, #324]	; (10008dfc <_strtod_l+0xd88>)
10008cb6:	00db      	lsls	r3, r3, #3
10008cb8:	18c9      	adds	r1, r1, r3
10008cba:	6808      	ldr	r0, [r1, #0]
10008cbc:	6849      	ldr	r1, [r1, #4]
10008cbe:	9a04      	ldr	r2, [sp, #16]
10008cc0:	9b05      	ldr	r3, [sp, #20]
10008cc2:	f7fb fa46 	bl	10004152 <__wrap___aeabi_dmul>
10008cc6:	4683      	mov	fp, r0
10008cc8:	000f      	movs	r7, r1
10008cca:	e4db      	b.n	10008684 <_strtod_l+0x610>
10008ccc:	2300      	movs	r3, #0
10008cce:	960d      	str	r6, [sp, #52]	; 0x34
10008cd0:	9310      	str	r3, [sp, #64]	; 0x40
10008cd2:	f7ff faab 	bl	1000822c <_strtod_l+0x1b8>
10008cd6:	2300      	movs	r3, #0
10008cd8:	4c4c      	ldr	r4, [pc, #304]	; (10008e0c <_strtod_l+0xd98>)
10008cda:	9318      	str	r3, [sp, #96]	; 0x60
10008cdc:	9419      	str	r4, [sp, #100]	; 0x64
10008cde:	2300      	movs	r3, #0
10008ce0:	9311      	str	r3, [sp, #68]	; 0x44
10008ce2:	4b44      	ldr	r3, [pc, #272]	; (10008df4 <_strtod_l+0xd80>)
10008ce4:	9312      	str	r3, [sp, #72]	; 0x48
10008ce6:	e605      	b.n	100088f4 <_strtod_l+0x880>
10008ce8:	0016      	movs	r6, r2
10008cea:	2000      	movs	r0, #0
10008cec:	f7ff fa99 	bl	10008222 <_strtod_l+0x1ae>
10008cf0:	230f      	movs	r3, #15
10008cf2:	4c42      	ldr	r4, [pc, #264]	; (10008dfc <_strtod_l+0xd88>)
10008cf4:	1b9e      	subs	r6, r3, r6
10008cf6:	00f1      	lsls	r1, r6, #3
10008cf8:	1861      	adds	r1, r4, r1
10008cfa:	9a04      	ldr	r2, [sp, #16]
10008cfc:	9b05      	ldr	r3, [sp, #20]
10008cfe:	6808      	ldr	r0, [r1, #0]
10008d00:	6849      	ldr	r1, [r1, #4]
10008d02:	f7fb fa26 	bl	10004152 <__wrap___aeabi_dmul>
10008d06:	9b0c      	ldr	r3, [sp, #48]	; 0x30
10008d08:	1b9e      	subs	r6, r3, r6
10008d0a:	00f6      	lsls	r6, r6, #3
10008d0c:	19a6      	adds	r6, r4, r6
10008d0e:	6832      	ldr	r2, [r6, #0]
10008d10:	6873      	ldr	r3, [r6, #4]
10008d12:	f7fb fa1e 	bl	10004152 <__wrap___aeabi_dmul>
10008d16:	4683      	mov	fp, r0
10008d18:	000f      	movs	r7, r1
10008d1a:	e4b3      	b.n	10008684 <_strtod_l+0x610>
10008d1c:	4653      	mov	r3, sl
10008d1e:	930c      	str	r3, [sp, #48]	; 0x30
10008d20:	9b0b      	ldr	r3, [sp, #44]	; 0x2c
10008d22:	4646      	mov	r6, r8
10008d24:	46d8      	mov	r8, fp
10008d26:	469b      	mov	fp, r3
10008d28:	9b10      	ldr	r3, [sp, #64]	; 0x40
10008d2a:	46ba      	mov	sl, r7
10008d2c:	9f0a      	ldr	r7, [sp, #40]	; 0x28
10008d2e:	2b00      	cmp	r3, #0
10008d30:	d100      	bne.n	10008d34 <_strtod_l+0xcc0>
10008d32:	e0bf      	b.n	10008eb4 <_strtod_l+0xe40>
10008d34:	9b04      	ldr	r3, [sp, #16]
10008d36:	9c05      	ldr	r4, [sp, #20]
10008d38:	4935      	ldr	r1, [pc, #212]	; (10008e10 <_strtod_l+0xd9c>)
10008d3a:	0323      	lsls	r3, r4, #12
10008d3c:	0022      	movs	r2, r4
10008d3e:	0b1b      	lsrs	r3, r3, #12
10008d40:	428b      	cmp	r3, r1
10008d42:	d100      	bne.n	10008d46 <_strtod_l+0xcd2>
10008d44:	e0f4      	b.n	10008f30 <_strtod_l+0xebc>
10008d46:	9911      	ldr	r1, [sp, #68]	; 0x44
10008d48:	2900      	cmp	r1, #0
10008d4a:	d100      	bne.n	10008d4e <_strtod_l+0xcda>
10008d4c:	e0bb      	b.n	10008ec6 <_strtod_l+0xe52>
10008d4e:	9a04      	ldr	r2, [sp, #16]
10008d50:	9b05      	ldr	r3, [sp, #20]
10008d52:	001c      	movs	r4, r3
10008d54:	4219      	tst	r1, r3
10008d56:	d01e      	beq.n	10008d96 <_strtod_l+0xd22>
10008d58:	9b10      	ldr	r3, [sp, #64]	; 0x40
10008d5a:	4658      	mov	r0, fp
10008d5c:	0039      	movs	r1, r7
10008d5e:	2b00      	cmp	r3, #0
10008d60:	d100      	bne.n	10008d64 <_strtod_l+0xcf0>
10008d62:	e0bc      	b.n	10008ede <_strtod_l+0xe6a>
10008d64:	f001 fb10 	bl	1000a388 <__ulp>
10008d68:	9b07      	ldr	r3, [sp, #28]
10008d6a:	2b00      	cmp	r3, #0
10008d6c:	d00b      	beq.n	10008d86 <_strtod_l+0xd12>
10008d6e:	236b      	movs	r3, #107	; 0x6b
10008d70:	0064      	lsls	r4, r4, #1
10008d72:	0d64      	lsrs	r4, r4, #21
10008d74:	1b1c      	subs	r4, r3, r4
10008d76:	2c00      	cmp	r4, #0
10008d78:	dd05      	ble.n	10008d86 <_strtod_l+0xd12>
10008d7a:	4d26      	ldr	r5, [pc, #152]	; (10008e14 <_strtod_l+0xda0>)
10008d7c:	0524      	lsls	r4, r4, #20
10008d7e:	2200      	movs	r2, #0
10008d80:	1963      	adds	r3, r4, r5
10008d82:	f7fb f9e6 	bl	10004152 <__wrap___aeabi_dmul>
10008d86:	0002      	movs	r2, r0
10008d88:	000b      	movs	r3, r1
10008d8a:	4658      	mov	r0, fp
10008d8c:	0039      	movs	r1, r7
10008d8e:	f7fb f9b9 	bl	10004104 <__wrap___aeabi_dadd>
10008d92:	4683      	mov	fp, r0
10008d94:	000f      	movs	r7, r1
10008d96:	9b07      	ldr	r3, [sp, #28]
10008d98:	2b00      	cmp	r3, #0
10008d9a:	d00d      	beq.n	10008db8 <_strtod_l+0xd44>
10008d9c:	4658      	mov	r0, fp
10008d9e:	0039      	movs	r1, r7
10008da0:	4b1d      	ldr	r3, [pc, #116]	; (10008e18 <_strtod_l+0xda4>)
10008da2:	2200      	movs	r2, #0
10008da4:	f7fb f9d5 	bl	10004152 <__wrap___aeabi_dmul>
10008da8:	0003      	movs	r3, r0
10008daa:	4683      	mov	fp, r0
10008dac:	000f      	movs	r7, r1
10008dae:	430b      	orrs	r3, r1
10008db0:	d102      	bne.n	10008db8 <_strtod_l+0xd44>
10008db2:	2322      	movs	r3, #34	; 0x22
10008db4:	4652      	mov	r2, sl
10008db6:	6013      	str	r3, [r2, #0]
10008db8:	981c      	ldr	r0, [sp, #112]	; 0x70
10008dba:	e53a      	b.n	10008832 <_strtod_l+0x7be>
10008dbc:	22d4      	movs	r2, #212	; 0xd4
10008dbe:	0492      	lsls	r2, r2, #18
10008dc0:	000b      	movs	r3, r1
10008dc2:	4694      	mov	ip, r2
10008dc4:	4463      	add	r3, ip
10008dc6:	9305      	str	r3, [sp, #20]
10008dc8:	2300      	movs	r3, #0
10008dca:	9307      	str	r3, [sp, #28]
10008dcc:	f7ff fb3b 	bl	10008446 <_strtod_l+0x3d2>
10008dd0:	00000433 	.word	0x00000433
10008dd4:	ffefffff 	.word	0xffefffff
10008dd8:	1000c0cc 	.word	0x1000c0cc
10008ddc:	1000c0d0 	.word	0x1000c0d0
10008de0:	7ff00000 	.word	0x7ff00000
10008de4:	94a03595 	.word	0x94a03595
10008de8:	3fcfffff 	.word	0x3fcfffff
10008dec:	3fdfffff 	.word	0x3fdfffff
10008df0:	35afe535 	.word	0x35afe535
10008df4:	3fe00000 	.word	0x3fe00000
10008df8:	1000c1ac 	.word	0x1000c1ac
10008dfc:	1000c460 	.word	0x1000c460
10008e00:	00004e1f 	.word	0x00004e1f
10008e04:	1000c194 	.word	0x1000c194
10008e08:	7fffffff 	.word	0x7fffffff
10008e0c:	bfe00000 	.word	0xbfe00000
10008e10:	000fffff 	.word	0x000fffff
10008e14:	3ff00000 	.word	0x3ff00000
10008e18:	39500000 	.word	0x39500000
10008e1c:	496c      	ldr	r1, [pc, #432]	; (10008fd0 <_strtod_l+0xf5c>)
10008e1e:	aa1e      	add	r2, sp, #120	; 0x78
10008e20:	a81b      	add	r0, sp, #108	; 0x6c
10008e22:	f000 fdbb 	bl	1000999c <__hexnan>
10008e26:	2805      	cmp	r0, #5
10008e28:	d001      	beq.n	10008e2e <_strtod_l+0xdba>
10008e2a:	f7ff f9a5 	bl	10008178 <_strtod_l+0x104>
10008e2e:	9b1f      	ldr	r3, [sp, #124]	; 0x7c
10008e30:	4a68      	ldr	r2, [pc, #416]	; (10008fd4 <_strtod_l+0xf60>)
10008e32:	431a      	orrs	r2, r3
10008e34:	9b1e      	ldr	r3, [sp, #120]	; 0x78
10008e36:	9205      	str	r2, [sp, #20]
10008e38:	9304      	str	r3, [sp, #16]
10008e3a:	9b04      	ldr	r3, [sp, #16]
10008e3c:	9c05      	ldr	r4, [sp, #20]
10008e3e:	469b      	mov	fp, r3
10008e40:	0027      	movs	r7, r4
10008e42:	f7ff fc1f 	bl	10008684 <_strtod_l+0x610>
10008e46:	4653      	mov	r3, sl
10008e48:	9904      	ldr	r1, [sp, #16]
10008e4a:	9a05      	ldr	r2, [sp, #20]
10008e4c:	930c      	str	r3, [sp, #48]	; 0x30
10008e4e:	9b0b      	ldr	r3, [sp, #44]	; 0x2c
10008e50:	4646      	mov	r6, r8
10008e52:	46d8      	mov	r8, fp
10008e54:	469b      	mov	fp, r3
10008e56:	9b10      	ldr	r3, [sp, #64]	; 0x40
10008e58:	46ba      	mov	sl, r7
10008e5a:	430b      	orrs	r3, r1
10008e5c:	9f0a      	ldr	r7, [sp, #40]	; 0x28
10008e5e:	d19a      	bne.n	10008d96 <_strtod_l+0xd22>
10008e60:	0014      	movs	r4, r2
10008e62:	0313      	lsls	r3, r2, #12
10008e64:	d197      	bne.n	10008d96 <_strtod_l+0xd22>
10008e66:	4b5b      	ldr	r3, [pc, #364]	; (10008fd4 <_strtod_l+0xf60>)
10008e68:	4013      	ands	r3, r2
10008e6a:	22d6      	movs	r2, #214	; 0xd6
10008e6c:	04d2      	lsls	r2, r2, #19
10008e6e:	4293      	cmp	r3, r2
10008e70:	d991      	bls.n	10008d96 <_strtod_l+0xd22>
10008e72:	6973      	ldr	r3, [r6, #20]
10008e74:	2b00      	cmp	r3, #0
10008e76:	d102      	bne.n	10008e7e <_strtod_l+0xe0a>
10008e78:	6933      	ldr	r3, [r6, #16]
10008e7a:	2b01      	cmp	r3, #1
10008e7c:	dd8b      	ble.n	10008d96 <_strtod_l+0xd22>
10008e7e:	0031      	movs	r1, r6
10008e80:	2201      	movs	r2, #1
10008e82:	4650      	mov	r0, sl
10008e84:	f001 f922 	bl	1000a0cc <__lshift>
10008e88:	4649      	mov	r1, r9
10008e8a:	0006      	movs	r6, r0
10008e8c:	f001 f99c 	bl	1000a1c8 <__mcmp>
10008e90:	2800      	cmp	r0, #0
10008e92:	dc00      	bgt.n	10008e96 <_strtod_l+0xe22>
10008e94:	e77f      	b.n	10008d96 <_strtod_l+0xd22>
10008e96:	9b07      	ldr	r3, [sp, #28]
10008e98:	2b00      	cmp	r3, #0
10008e9a:	d06e      	beq.n	10008f7a <_strtod_l+0xf06>
10008e9c:	22d6      	movs	r2, #214	; 0xd6
10008e9e:	4b4d      	ldr	r3, [pc, #308]	; (10008fd4 <_strtod_l+0xf60>)
10008ea0:	04d2      	lsls	r2, r2, #19
10008ea2:	4023      	ands	r3, r4
10008ea4:	4293      	cmp	r3, r2
10008ea6:	dc68      	bgt.n	10008f7a <_strtod_l+0xf06>
10008ea8:	22dc      	movs	r2, #220	; 0xdc
10008eaa:	0492      	lsls	r2, r2, #18
10008eac:	4293      	cmp	r3, r2
10008eae:	dd00      	ble.n	10008eb2 <_strtod_l+0xe3e>
10008eb0:	e774      	b.n	10008d9c <_strtod_l+0xd28>
10008eb2:	e6b1      	b.n	10008c18 <_strtod_l+0xba4>
10008eb4:	9904      	ldr	r1, [sp, #16]
10008eb6:	9a05      	ldr	r2, [sp, #20]
10008eb8:	0313      	lsls	r3, r2, #12
10008eba:	0b1b      	lsrs	r3, r3, #12
10008ebc:	0014      	movs	r4, r2
10008ebe:	430b      	orrs	r3, r1
10008ec0:	d000      	beq.n	10008ec4 <_strtod_l+0xe50>
10008ec2:	e740      	b.n	10008d46 <_strtod_l+0xcd2>
10008ec4:	e7e7      	b.n	10008e96 <_strtod_l+0xe22>
10008ec6:	9a0e      	ldr	r2, [sp, #56]	; 0x38
10008ec8:	9b04      	ldr	r3, [sp, #16]
10008eca:	9c05      	ldr	r4, [sp, #20]
10008ecc:	421a      	tst	r2, r3
10008ece:	d100      	bne.n	10008ed2 <_strtod_l+0xe5e>
10008ed0:	e761      	b.n	10008d96 <_strtod_l+0xd22>
10008ed2:	e741      	b.n	10008d58 <_strtod_l+0xce4>
10008ed4:	2300      	movs	r3, #0
10008ed6:	4699      	mov	r9, r3
10008ed8:	4b3f      	ldr	r3, [pc, #252]	; (10008fd8 <_strtod_l+0xf64>)
10008eda:	9307      	str	r3, [sp, #28]
10008edc:	e586      	b.n	100089ec <_strtod_l+0x978>
10008ede:	f001 fa53 	bl	1000a388 <__ulp>
10008ee2:	9b07      	ldr	r3, [sp, #28]
10008ee4:	2b00      	cmp	r3, #0
10008ee6:	d056      	beq.n	10008f96 <_strtod_l+0xf22>
10008ee8:	236b      	movs	r3, #107	; 0x6b
10008eea:	0064      	lsls	r4, r4, #1
10008eec:	0d64      	lsrs	r4, r4, #21
10008eee:	1b1c      	subs	r4, r3, r4
10008ef0:	2c00      	cmp	r4, #0
10008ef2:	dd05      	ble.n	10008f00 <_strtod_l+0xe8c>
10008ef4:	4d39      	ldr	r5, [pc, #228]	; (10008fdc <_strtod_l+0xf68>)
10008ef6:	0524      	lsls	r4, r4, #20
10008ef8:	2200      	movs	r2, #0
10008efa:	1963      	adds	r3, r4, r5
10008efc:	f7fb f929 	bl	10004152 <__wrap___aeabi_dmul>
10008f00:	0002      	movs	r2, r0
10008f02:	000b      	movs	r3, r1
10008f04:	4658      	mov	r0, fp
10008f06:	0039      	movs	r1, r7
10008f08:	f7fb f8f3 	bl	100040f2 <__wrap___aeabi_dsub>
10008f0c:	2200      	movs	r2, #0
10008f0e:	2300      	movs	r3, #0
10008f10:	4683      	mov	fp, r0
10008f12:	000f      	movs	r7, r1
10008f14:	f7fb f960 	bl	100041d8 <__wrap___aeabi_dcmpeq>
10008f18:	2800      	cmp	r0, #0
10008f1a:	d100      	bne.n	10008f1e <_strtod_l+0xeaa>
10008f1c:	e73e      	b.n	10008d9c <_strtod_l+0xd28>
10008f1e:	e67b      	b.n	10008c18 <_strtod_l+0xba4>
10008f20:	2201      	movs	r2, #1
10008f22:	4252      	negs	r2, r2
10008f24:	409a      	lsls	r2, r3
10008f26:	9b04      	ldr	r3, [sp, #16]
10008f28:	4013      	ands	r3, r2
10008f2a:	9304      	str	r3, [sp, #16]
10008f2c:	f7ff fc25 	bl	1000877a <_strtod_l+0x706>
10008f30:	9b07      	ldr	r3, [sp, #28]
10008f32:	9904      	ldr	r1, [sp, #16]
10008f34:	2b00      	cmp	r3, #0
10008f36:	d02b      	beq.n	10008f90 <_strtod_l+0xf1c>
10008f38:	20d4      	movs	r0, #212	; 0xd4
10008f3a:	4b26      	ldr	r3, [pc, #152]	; (10008fd4 <_strtod_l+0xf60>)
10008f3c:	04c0      	lsls	r0, r0, #19
10008f3e:	4023      	ands	r3, r4
10008f40:	4283      	cmp	r3, r0
10008f42:	d825      	bhi.n	10008f90 <_strtod_l+0xf1c>
10008f44:	206b      	movs	r0, #107	; 0x6b
10008f46:	0d1b      	lsrs	r3, r3, #20
10008f48:	1ac0      	subs	r0, r0, r3
10008f4a:	2301      	movs	r3, #1
10008f4c:	425b      	negs	r3, r3
10008f4e:	4083      	lsls	r3, r0
10008f50:	4299      	cmp	r1, r3
10008f52:	d000      	beq.n	10008f56 <_strtod_l+0xee2>
10008f54:	e6f7      	b.n	10008d46 <_strtod_l+0xcd2>
10008f56:	4b22      	ldr	r3, [pc, #136]	; (10008fe0 <_strtod_l+0xf6c>)
10008f58:	429a      	cmp	r2, r3
10008f5a:	d035      	beq.n	10008fc8 <_strtod_l+0xf54>
10008f5c:	2180      	movs	r1, #128	; 0x80
10008f5e:	4b1d      	ldr	r3, [pc, #116]	; (10008fd4 <_strtod_l+0xf60>)
10008f60:	0349      	lsls	r1, r1, #13
10008f62:	401a      	ands	r2, r3
10008f64:	0013      	movs	r3, r2
10008f66:	468c      	mov	ip, r1
10008f68:	4463      	add	r3, ip
10008f6a:	9305      	str	r3, [sp, #20]
10008f6c:	2300      	movs	r3, #0
10008f6e:	9304      	str	r3, [sp, #16]
10008f70:	9b04      	ldr	r3, [sp, #16]
10008f72:	9c05      	ldr	r4, [sp, #20]
10008f74:	469b      	mov	fp, r3
10008f76:	0027      	movs	r7, r4
10008f78:	e70d      	b.n	10008d96 <_strtod_l+0xd22>
10008f7a:	4b16      	ldr	r3, [pc, #88]	; (10008fd4 <_strtod_l+0xf60>)
10008f7c:	401c      	ands	r4, r3
10008f7e:	4b19      	ldr	r3, [pc, #100]	; (10008fe4 <_strtod_l+0xf70>)
10008f80:	469c      	mov	ip, r3
10008f82:	4b19      	ldr	r3, [pc, #100]	; (10008fe8 <_strtod_l+0xf74>)
10008f84:	4464      	add	r4, ip
10008f86:	4323      	orrs	r3, r4
10008f88:	9305      	str	r3, [sp, #20]
10008f8a:	2301      	movs	r3, #1
10008f8c:	425b      	negs	r3, r3
10008f8e:	e7ee      	b.n	10008f6e <_strtod_l+0xefa>
10008f90:	2301      	movs	r3, #1
10008f92:	425b      	negs	r3, r3
10008f94:	e7dc      	b.n	10008f50 <_strtod_l+0xedc>
10008f96:	0002      	movs	r2, r0
10008f98:	000b      	movs	r3, r1
10008f9a:	4658      	mov	r0, fp
10008f9c:	0039      	movs	r1, r7
10008f9e:	f7fb f8a8 	bl	100040f2 <__wrap___aeabi_dsub>
10008fa2:	2200      	movs	r2, #0
10008fa4:	2300      	movs	r3, #0
10008fa6:	4683      	mov	fp, r0
10008fa8:	000f      	movs	r7, r1
10008faa:	f7fb f915 	bl	100041d8 <__wrap___aeabi_dcmpeq>
10008fae:	2800      	cmp	r0, #0
10008fb0:	d000      	beq.n	10008fb4 <_strtod_l+0xf40>
10008fb2:	e631      	b.n	10008c18 <_strtod_l+0xba4>
10008fb4:	981c      	ldr	r0, [sp, #112]	; 0x70
10008fb6:	e43c      	b.n	10008832 <_strtod_l+0x7be>
10008fb8:	234b      	movs	r3, #75	; 0x4b
10008fba:	1a9a      	subs	r2, r3, r2
10008fbc:	3b4c      	subs	r3, #76	; 0x4c
10008fbe:	4093      	lsls	r3, r2
10008fc0:	4019      	ands	r1, r3
10008fc2:	9105      	str	r1, [sp, #20]
10008fc4:	f7ff fbd9 	bl	1000877a <_strtod_l+0x706>
10008fc8:	1c4b      	adds	r3, r1, #1
10008fca:	d1c7      	bne.n	10008f5c <_strtod_l+0xee8>
10008fcc:	981c      	ldr	r0, [sp, #112]	; 0x70
10008fce:	e42a      	b.n	10008826 <_strtod_l+0x7b2>
10008fd0:	1000c1c0 	.word	0x1000c1c0
10008fd4:	7ff00000 	.word	0x7ff00000
10008fd8:	1000c438 	.word	0x1000c438
10008fdc:	3ff00000 	.word	0x3ff00000
10008fe0:	7fefffff 	.word	0x7fefffff
10008fe4:	fff00000 	.word	0xfff00000
10008fe8:	000fffff 	.word	0x000fffff

10008fec <strtof>:
10008fec:	4b27      	ldr	r3, [pc, #156]	; (1000908c <strtof+0xa0>)
10008fee:	b5f0      	push	{r4, r5, r6, r7, lr}
10008ff0:	46c6      	mov	lr, r8
10008ff2:	4698      	mov	r8, r3
10008ff4:	000a      	movs	r2, r1
10008ff6:	0001      	movs	r1, r0
10008ff8:	4640      	mov	r0, r8
10008ffa:	b500      	push	{lr}
10008ffc:	4b24      	ldr	r3, [pc, #144]	; (10009090 <strtof+0xa4>)
10008ffe:	6800      	ldr	r0, [r0, #0]
10009000:	f7ff f838 	bl	10008074 <_strtod_l>
10009004:	0002      	movs	r2, r0
10009006:	000b      	movs	r3, r1
10009008:	0005      	movs	r5, r0
1000900a:	000c      	movs	r4, r1
1000900c:	f7fb f907 	bl	1000421e <__wrap___aeabi_dcmpun>
10009010:	2800      	cmp	r0, #0
10009012:	d12e      	bne.n	10009072 <strtof+0x86>
10009014:	0021      	movs	r1, r4
10009016:	0028      	movs	r0, r5
10009018:	f7fb f9a0 	bl	1000435c <__wrap___aeabi_d2f>
1000901c:	0047      	lsls	r7, r0, #1
1000901e:	087f      	lsrs	r7, r7, #1
10009020:	1c06      	adds	r6, r0, #0
10009022:	491c      	ldr	r1, [pc, #112]	; (10009094 <strtof+0xa8>)
10009024:	1c38      	adds	r0, r7, #0
10009026:	f7fb fe16 	bl	10004c56 <__wrap___aeabi_fcmpun>
1000902a:	2800      	cmp	r0, #0
1000902c:	d11d      	bne.n	1000906a <strtof+0x7e>
1000902e:	4919      	ldr	r1, [pc, #100]	; (10009094 <strtof+0xa8>)
10009030:	1c38      	adds	r0, r7, #0
10009032:	f7fb fdfb 	bl	10004c2c <__wrap___aeabi_fcmple>
10009036:	2800      	cmp	r0, #0
10009038:	d117      	bne.n	1000906a <strtof+0x7e>
1000903a:	2201      	movs	r2, #1
1000903c:	0064      	lsls	r4, r4, #1
1000903e:	0864      	lsrs	r4, r4, #1
10009040:	0028      	movs	r0, r5
10009042:	0021      	movs	r1, r4
10009044:	4b14      	ldr	r3, [pc, #80]	; (10009098 <strtof+0xac>)
10009046:	4252      	negs	r2, r2
10009048:	f7fb f8e9 	bl	1000421e <__wrap___aeabi_dcmpun>
1000904c:	2800      	cmp	r0, #0
1000904e:	d108      	bne.n	10009062 <strtof+0x76>
10009050:	2201      	movs	r2, #1
10009052:	0028      	movs	r0, r5
10009054:	0021      	movs	r1, r4
10009056:	4b10      	ldr	r3, [pc, #64]	; (10009098 <strtof+0xac>)
10009058:	4252      	negs	r2, r2
1000905a:	f7fb f8cb 	bl	100041f4 <__wrap___aeabi_dcmple>
1000905e:	2800      	cmp	r0, #0
10009060:	d003      	beq.n	1000906a <strtof+0x7e>
10009062:	4643      	mov	r3, r8
10009064:	2222      	movs	r2, #34	; 0x22
10009066:	681b      	ldr	r3, [r3, #0]
10009068:	601a      	str	r2, [r3, #0]
1000906a:	1c30      	adds	r0, r6, #0
1000906c:	bc80      	pop	{r7}
1000906e:	46b8      	mov	r8, r7
10009070:	bdf0      	pop	{r4, r5, r6, r7, pc}
10009072:	480a      	ldr	r0, [pc, #40]	; (1000909c <strtof+0xb0>)
10009074:	2c00      	cmp	r4, #0
10009076:	da05      	bge.n	10009084 <strtof+0x98>
10009078:	f001 fafc 	bl	1000a674 <nanf>
1000907c:	2380      	movs	r3, #128	; 0x80
1000907e:	061b      	lsls	r3, r3, #24
10009080:	18c6      	adds	r6, r0, r3
10009082:	e7f2      	b.n	1000906a <strtof+0x7e>
10009084:	f001 faf6 	bl	1000a674 <nanf>
10009088:	1c06      	adds	r6, r0, #0
1000908a:	e7ee      	b.n	1000906a <strtof+0x7e>
1000908c:	20000da0 	.word	0x20000da0
10009090:	200015e4 	.word	0x200015e4
10009094:	7f7fffff 	.word	0x7f7fffff
10009098:	7fefffff 	.word	0x7fefffff
1000909c:	1000a91c 	.word	0x1000a91c

100090a0 <_malloc_trim_r>:
100090a0:	b5f8      	push	{r3, r4, r5, r6, r7, lr}
100090a2:	000c      	movs	r4, r1
100090a4:	0005      	movs	r5, r0
100090a6:	f7fe ff95 	bl	10007fd4 <__malloc_lock>
100090aa:	4f20      	ldr	r7, [pc, #128]	; (1000912c <_malloc_trim_r+0x8c>)
100090ac:	68bb      	ldr	r3, [r7, #8]
100090ae:	685e      	ldr	r6, [r3, #4]
100090b0:	2303      	movs	r3, #3
100090b2:	439e      	bics	r6, r3
100090b4:	4b1e      	ldr	r3, [pc, #120]	; (10009130 <_malloc_trim_r+0x90>)
100090b6:	1b34      	subs	r4, r6, r4
100090b8:	469c      	mov	ip, r3
100090ba:	4464      	add	r4, ip
100090bc:	0b24      	lsrs	r4, r4, #12
100090be:	3c01      	subs	r4, #1
100090c0:	3311      	adds	r3, #17
100090c2:	0324      	lsls	r4, r4, #12
100090c4:	429c      	cmp	r4, r3
100090c6:	db07      	blt.n	100090d8 <_malloc_trim_r+0x38>
100090c8:	2100      	movs	r1, #0
100090ca:	0028      	movs	r0, r5
100090cc:	f7fe ff92 	bl	10007ff4 <_sbrk_r>
100090d0:	68bb      	ldr	r3, [r7, #8]
100090d2:	199b      	adds	r3, r3, r6
100090d4:	4298      	cmp	r0, r3
100090d6:	d004      	beq.n	100090e2 <_malloc_trim_r+0x42>
100090d8:	0028      	movs	r0, r5
100090da:	f7fe ff83 	bl	10007fe4 <__malloc_unlock>
100090de:	2000      	movs	r0, #0
100090e0:	bdf8      	pop	{r3, r4, r5, r6, r7, pc}
100090e2:	0028      	movs	r0, r5
100090e4:	4261      	negs	r1, r4
100090e6:	f7fe ff85 	bl	10007ff4 <_sbrk_r>
100090ea:	1c43      	adds	r3, r0, #1
100090ec:	d00d      	beq.n	1000910a <_malloc_trim_r+0x6a>
100090ee:	2201      	movs	r2, #1
100090f0:	68bb      	ldr	r3, [r7, #8]
100090f2:	1b36      	subs	r6, r6, r4
100090f4:	4316      	orrs	r6, r2
100090f6:	605e      	str	r6, [r3, #4]
100090f8:	4b0e      	ldr	r3, [pc, #56]	; (10009134 <_malloc_trim_r+0x94>)
100090fa:	0028      	movs	r0, r5
100090fc:	681a      	ldr	r2, [r3, #0]
100090fe:	1b14      	subs	r4, r2, r4
10009100:	601c      	str	r4, [r3, #0]
10009102:	f7fe ff6f 	bl	10007fe4 <__malloc_unlock>
10009106:	2001      	movs	r0, #1
10009108:	e7ea      	b.n	100090e0 <_malloc_trim_r+0x40>
1000910a:	2100      	movs	r1, #0
1000910c:	0028      	movs	r0, r5
1000910e:	f7fe ff71 	bl	10007ff4 <_sbrk_r>
10009112:	68ba      	ldr	r2, [r7, #8]
10009114:	1a83      	subs	r3, r0, r2
10009116:	2b0f      	cmp	r3, #15
10009118:	ddde      	ble.n	100090d8 <_malloc_trim_r+0x38>
1000911a:	4907      	ldr	r1, [pc, #28]	; (10009138 <_malloc_trim_r+0x98>)
1000911c:	6809      	ldr	r1, [r1, #0]
1000911e:	1a40      	subs	r0, r0, r1
10009120:	4904      	ldr	r1, [pc, #16]	; (10009134 <_malloc_trim_r+0x94>)
10009122:	6008      	str	r0, [r1, #0]
10009124:	2101      	movs	r1, #1
10009126:	430b      	orrs	r3, r1
10009128:	6053      	str	r3, [r2, #4]
1000912a:	e7d5      	b.n	100090d8 <_malloc_trim_r+0x38>
1000912c:	200011d0 	.word	0x200011d0
10009130:	00000fef 	.word	0x00000fef
10009134:	20001898 	.word	0x20001898
10009138:	200015d8 	.word	0x200015d8

1000913c <_free_r>:
1000913c:	b5f0      	push	{r4, r5, r6, r7, lr}
1000913e:	46c6      	mov	lr, r8
10009140:	0005      	movs	r5, r0
10009142:	000c      	movs	r4, r1
10009144:	b500      	push	{lr}
10009146:	2900      	cmp	r1, #0
10009148:	d04f      	beq.n	100091ea <_free_r+0xae>
1000914a:	f7fe ff43 	bl	10007fd4 <__malloc_lock>
1000914e:	0021      	movs	r1, r4
10009150:	3908      	subs	r1, #8
10009152:	684c      	ldr	r4, [r1, #4]
10009154:	2601      	movs	r6, #1
10009156:	0022      	movs	r2, r4
10009158:	2003      	movs	r0, #3
1000915a:	43b2      	bics	r2, r6
1000915c:	188f      	adds	r7, r1, r2
1000915e:	687b      	ldr	r3, [r7, #4]
10009160:	4383      	bics	r3, r0
10009162:	4862      	ldr	r0, [pc, #392]	; (100092ec <_free_r+0x1b0>)
10009164:	4698      	mov	r8, r3
10009166:	6883      	ldr	r3, [r0, #8]
10009168:	42bb      	cmp	r3, r7
1000916a:	d06a      	beq.n	10009242 <_free_r+0x106>
1000916c:	4643      	mov	r3, r8
1000916e:	607b      	str	r3, [r7, #4]
10009170:	4226      	tst	r6, r4
10009172:	d11e      	bne.n	100091b2 <_free_r+0x76>
10009174:	2308      	movs	r3, #8
10009176:	469c      	mov	ip, r3
10009178:	680c      	ldr	r4, [r1, #0]
1000917a:	4484      	add	ip, r0
1000917c:	1b09      	subs	r1, r1, r4
1000917e:	1912      	adds	r2, r2, r4
10009180:	688c      	ldr	r4, [r1, #8]
10009182:	4564      	cmp	r4, ip
10009184:	d04f      	beq.n	10009226 <_free_r+0xea>
10009186:	68cb      	ldr	r3, [r1, #12]
10009188:	60e3      	str	r3, [r4, #12]
1000918a:	609c      	str	r4, [r3, #8]
1000918c:	4643      	mov	r3, r8
1000918e:	18fc      	adds	r4, r7, r3
10009190:	6864      	ldr	r4, [r4, #4]
10009192:	4234      	tst	r4, r6
10009194:	d111      	bne.n	100091ba <_free_r+0x7e>
10009196:	68bb      	ldr	r3, [r7, #8]
10009198:	4c55      	ldr	r4, [pc, #340]	; (100092f0 <_free_r+0x1b4>)
1000919a:	4442      	add	r2, r8
1000919c:	42a3      	cmp	r3, r4
1000919e:	d100      	bne.n	100091a2 <_free_r+0x66>
100091a0:	e07e      	b.n	100092a0 <_free_r+0x164>
100091a2:	68fc      	ldr	r4, [r7, #12]
100091a4:	60dc      	str	r4, [r3, #12]
100091a6:	60a3      	str	r3, [r4, #8]
100091a8:	2301      	movs	r3, #1
100091aa:	4313      	orrs	r3, r2
100091ac:	604b      	str	r3, [r1, #4]
100091ae:	508a      	str	r2, [r1, r2]
100091b0:	e006      	b.n	100091c0 <_free_r+0x84>
100091b2:	18fc      	adds	r4, r7, r3
100091b4:	6864      	ldr	r4, [r4, #4]
100091b6:	4234      	tst	r4, r6
100091b8:	d0ed      	beq.n	10009196 <_free_r+0x5a>
100091ba:	4316      	orrs	r6, r2
100091bc:	604e      	str	r6, [r1, #4]
100091be:	603a      	str	r2, [r7, #0]
100091c0:	2380      	movs	r3, #128	; 0x80
100091c2:	009b      	lsls	r3, r3, #2
100091c4:	429a      	cmp	r2, r3
100091c6:	d213      	bcs.n	100091f0 <_free_r+0xb4>
100091c8:	0954      	lsrs	r4, r2, #5
100091ca:	08d3      	lsrs	r3, r2, #3
100091cc:	2201      	movs	r2, #1
100091ce:	40a2      	lsls	r2, r4
100091d0:	6844      	ldr	r4, [r0, #4]
100091d2:	00db      	lsls	r3, r3, #3
100091d4:	4322      	orrs	r2, r4
100091d6:	6042      	str	r2, [r0, #4]
100091d8:	1818      	adds	r0, r3, r0
100091da:	6883      	ldr	r3, [r0, #8]
100091dc:	60c8      	str	r0, [r1, #12]
100091de:	608b      	str	r3, [r1, #8]
100091e0:	6081      	str	r1, [r0, #8]
100091e2:	60d9      	str	r1, [r3, #12]
100091e4:	0028      	movs	r0, r5
100091e6:	f7fe fefd 	bl	10007fe4 <__malloc_unlock>
100091ea:	bc80      	pop	{r7}
100091ec:	46b8      	mov	r8, r7
100091ee:	bdf0      	pop	{r4, r5, r6, r7, pc}
100091f0:	0a53      	lsrs	r3, r2, #9
100091f2:	2b04      	cmp	r3, #4
100091f4:	d83e      	bhi.n	10009274 <_free_r+0x138>
100091f6:	0994      	lsrs	r4, r2, #6
100091f8:	0026      	movs	r6, r4
100091fa:	3439      	adds	r4, #57	; 0x39
100091fc:	3638      	adds	r6, #56	; 0x38
100091fe:	00e4      	lsls	r4, r4, #3
10009200:	1904      	adds	r4, r0, r4
10009202:	6823      	ldr	r3, [r4, #0]
10009204:	3c08      	subs	r4, #8
10009206:	2703      	movs	r7, #3
10009208:	429c      	cmp	r4, r3
1000920a:	d042      	beq.n	10009292 <_free_r+0x156>
1000920c:	6858      	ldr	r0, [r3, #4]
1000920e:	43b8      	bics	r0, r7
10009210:	4290      	cmp	r0, r2
10009212:	d902      	bls.n	1000921a <_free_r+0xde>
10009214:	689b      	ldr	r3, [r3, #8]
10009216:	429c      	cmp	r4, r3
10009218:	d1f8      	bne.n	1000920c <_free_r+0xd0>
1000921a:	68dc      	ldr	r4, [r3, #12]
1000921c:	60cc      	str	r4, [r1, #12]
1000921e:	608b      	str	r3, [r1, #8]
10009220:	60a1      	str	r1, [r4, #8]
10009222:	60d9      	str	r1, [r3, #12]
10009224:	e7de      	b.n	100091e4 <_free_r+0xa8>
10009226:	4643      	mov	r3, r8
10009228:	18f8      	adds	r0, r7, r3
1000922a:	6840      	ldr	r0, [r0, #4]
1000922c:	4230      	tst	r0, r6
1000922e:	d157      	bne.n	100092e0 <_free_r+0x1a4>
10009230:	68fb      	ldr	r3, [r7, #12]
10009232:	68b8      	ldr	r0, [r7, #8]
10009234:	4442      	add	r2, r8
10009236:	4316      	orrs	r6, r2
10009238:	60c3      	str	r3, [r0, #12]
1000923a:	6098      	str	r0, [r3, #8]
1000923c:	604e      	str	r6, [r1, #4]
1000923e:	508a      	str	r2, [r1, r2]
10009240:	e7d0      	b.n	100091e4 <_free_r+0xa8>
10009242:	0013      	movs	r3, r2
10009244:	4443      	add	r3, r8
10009246:	4226      	tst	r6, r4
10009248:	d106      	bne.n	10009258 <_free_r+0x11c>
1000924a:	680a      	ldr	r2, [r1, #0]
1000924c:	1a89      	subs	r1, r1, r2
1000924e:	688c      	ldr	r4, [r1, #8]
10009250:	189b      	adds	r3, r3, r2
10009252:	68ca      	ldr	r2, [r1, #12]
10009254:	60e2      	str	r2, [r4, #12]
10009256:	6094      	str	r4, [r2, #8]
10009258:	2201      	movs	r2, #1
1000925a:	431a      	orrs	r2, r3
1000925c:	604a      	str	r2, [r1, #4]
1000925e:	4a25      	ldr	r2, [pc, #148]	; (100092f4 <_free_r+0x1b8>)
10009260:	6081      	str	r1, [r0, #8]
10009262:	6812      	ldr	r2, [r2, #0]
10009264:	429a      	cmp	r2, r3
10009266:	d8bd      	bhi.n	100091e4 <_free_r+0xa8>
10009268:	4b23      	ldr	r3, [pc, #140]	; (100092f8 <_free_r+0x1bc>)
1000926a:	0028      	movs	r0, r5
1000926c:	6819      	ldr	r1, [r3, #0]
1000926e:	f7ff ff17 	bl	100090a0 <_malloc_trim_r>
10009272:	e7b7      	b.n	100091e4 <_free_r+0xa8>
10009274:	2b14      	cmp	r3, #20
10009276:	d907      	bls.n	10009288 <_free_r+0x14c>
10009278:	2b54      	cmp	r3, #84	; 0x54
1000927a:	d81a      	bhi.n	100092b2 <_free_r+0x176>
1000927c:	0b14      	lsrs	r4, r2, #12
1000927e:	0026      	movs	r6, r4
10009280:	346f      	adds	r4, #111	; 0x6f
10009282:	366e      	adds	r6, #110	; 0x6e
10009284:	00e4      	lsls	r4, r4, #3
10009286:	e7bb      	b.n	10009200 <_free_r+0xc4>
10009288:	001e      	movs	r6, r3
1000928a:	335c      	adds	r3, #92	; 0x5c
1000928c:	365b      	adds	r6, #91	; 0x5b
1000928e:	00dc      	lsls	r4, r3, #3
10009290:	e7b6      	b.n	10009200 <_free_r+0xc4>
10009292:	2201      	movs	r2, #1
10009294:	10b6      	asrs	r6, r6, #2
10009296:	40b2      	lsls	r2, r6
10009298:	6846      	ldr	r6, [r0, #4]
1000929a:	4332      	orrs	r2, r6
1000929c:	6042      	str	r2, [r0, #4]
1000929e:	e7bd      	b.n	1000921c <_free_r+0xe0>
100092a0:	60d9      	str	r1, [r3, #12]
100092a2:	6099      	str	r1, [r3, #8]
100092a4:	60cb      	str	r3, [r1, #12]
100092a6:	608b      	str	r3, [r1, #8]
100092a8:	2301      	movs	r3, #1
100092aa:	4313      	orrs	r3, r2
100092ac:	604b      	str	r3, [r1, #4]
100092ae:	508a      	str	r2, [r1, r2]
100092b0:	e798      	b.n	100091e4 <_free_r+0xa8>
100092b2:	24aa      	movs	r4, #170	; 0xaa
100092b4:	0064      	lsls	r4, r4, #1
100092b6:	42a3      	cmp	r3, r4
100092b8:	d805      	bhi.n	100092c6 <_free_r+0x18a>
100092ba:	0bd4      	lsrs	r4, r2, #15
100092bc:	0026      	movs	r6, r4
100092be:	3478      	adds	r4, #120	; 0x78
100092c0:	3677      	adds	r6, #119	; 0x77
100092c2:	00e4      	lsls	r4, r4, #3
100092c4:	e79c      	b.n	10009200 <_free_r+0xc4>
100092c6:	4c0d      	ldr	r4, [pc, #52]	; (100092fc <_free_r+0x1c0>)
100092c8:	42a3      	cmp	r3, r4
100092ca:	d805      	bhi.n	100092d8 <_free_r+0x19c>
100092cc:	0c94      	lsrs	r4, r2, #18
100092ce:	0026      	movs	r6, r4
100092d0:	347d      	adds	r4, #125	; 0x7d
100092d2:	367c      	adds	r6, #124	; 0x7c
100092d4:	00e4      	lsls	r4, r4, #3
100092d6:	e793      	b.n	10009200 <_free_r+0xc4>
100092d8:	24fe      	movs	r4, #254	; 0xfe
100092da:	267e      	movs	r6, #126	; 0x7e
100092dc:	00a4      	lsls	r4, r4, #2
100092de:	e78f      	b.n	10009200 <_free_r+0xc4>
100092e0:	0033      	movs	r3, r6
100092e2:	4313      	orrs	r3, r2
100092e4:	604b      	str	r3, [r1, #4]
100092e6:	603a      	str	r2, [r7, #0]
100092e8:	e77c      	b.n	100091e4 <_free_r+0xa8>
100092ea:	46c0      	nop			; (mov r8, r8)
100092ec:	200011d0 	.word	0x200011d0
100092f0:	200011d8 	.word	0x200011d8
100092f4:	200015dc 	.word	0x200015dc
100092f8:	200018c8 	.word	0x200018c8
100092fc:	00000554 	.word	0x00000554

10009300 <rshift>:
10009300:	b5f0      	push	{r4, r5, r6, r7, lr}
10009302:	46d6      	mov	lr, sl
10009304:	464f      	mov	r7, r9
10009306:	4646      	mov	r6, r8
10009308:	6903      	ldr	r3, [r0, #16]
1000930a:	b5c0      	push	{r6, r7, lr}
1000930c:	469a      	mov	sl, r3
1000930e:	114f      	asrs	r7, r1, #5
10009310:	42bb      	cmp	r3, r7
10009312:	dd2d      	ble.n	10009370 <rshift+0x70>
10009314:	221f      	movs	r2, #31
10009316:	0005      	movs	r5, r0
10009318:	0014      	movs	r4, r2
1000931a:	3514      	adds	r5, #20
1000931c:	009e      	lsls	r6, r3, #2
1000931e:	400c      	ands	r4, r1
10009320:	00bb      	lsls	r3, r7, #2
10009322:	46a4      	mov	ip, r4
10009324:	19ae      	adds	r6, r5, r6
10009326:	18eb      	adds	r3, r5, r3
10009328:	420a      	tst	r2, r1
1000932a:	d02a      	beq.n	10009382 <rshift+0x82>
1000932c:	2220      	movs	r2, #32
1000932e:	cb02      	ldmia	r3!, {r1}
10009330:	1b12      	subs	r2, r2, r4
10009332:	4690      	mov	r8, r2
10009334:	40e1      	lsrs	r1, r4
10009336:	429e      	cmp	r6, r3
10009338:	d916      	bls.n	10009368 <rshift+0x68>
1000933a:	46a9      	mov	r9, r5
1000933c:	4644      	mov	r4, r8
1000933e:	681a      	ldr	r2, [r3, #0]
10009340:	40a2      	lsls	r2, r4
10009342:	430a      	orrs	r2, r1
10009344:	4649      	mov	r1, r9
10009346:	c104      	stmia	r1!, {r2}
10009348:	4662      	mov	r2, ip
1000934a:	4689      	mov	r9, r1
1000934c:	cb02      	ldmia	r3!, {r1}
1000934e:	40d1      	lsrs	r1, r2
10009350:	429e      	cmp	r6, r3
10009352:	d8f3      	bhi.n	1000933c <rshift+0x3c>
10009354:	4653      	mov	r3, sl
10009356:	1bdc      	subs	r4, r3, r7
10009358:	00a4      	lsls	r4, r4, #2
1000935a:	3c04      	subs	r4, #4
1000935c:	192c      	adds	r4, r5, r4
1000935e:	6021      	str	r1, [r4, #0]
10009360:	2900      	cmp	r1, #0
10009362:	d019      	beq.n	10009398 <rshift+0x98>
10009364:	3404      	adds	r4, #4
10009366:	e017      	b.n	10009398 <rshift+0x98>
10009368:	002c      	movs	r4, r5
1000936a:	6141      	str	r1, [r0, #20]
1000936c:	2900      	cmp	r1, #0
1000936e:	d1f9      	bne.n	10009364 <rshift+0x64>
10009370:	2300      	movs	r3, #0
10009372:	6103      	str	r3, [r0, #16]
10009374:	2300      	movs	r3, #0
10009376:	6143      	str	r3, [r0, #20]
10009378:	bce0      	pop	{r5, r6, r7}
1000937a:	46ba      	mov	sl, r7
1000937c:	46b1      	mov	r9, r6
1000937e:	46a8      	mov	r8, r5
10009380:	bdf0      	pop	{r4, r5, r6, r7, pc}
10009382:	002a      	movs	r2, r5
10009384:	429e      	cmp	r6, r3
10009386:	d9f3      	bls.n	10009370 <rshift+0x70>
10009388:	cb02      	ldmia	r3!, {r1}
1000938a:	c202      	stmia	r2!, {r1}
1000938c:	429e      	cmp	r6, r3
1000938e:	d8fb      	bhi.n	10009388 <rshift+0x88>
10009390:	4653      	mov	r3, sl
10009392:	1bdc      	subs	r4, r3, r7
10009394:	00a4      	lsls	r4, r4, #2
10009396:	192c      	adds	r4, r5, r4
10009398:	1b63      	subs	r3, r4, r5
1000939a:	109b      	asrs	r3, r3, #2
1000939c:	6103      	str	r3, [r0, #16]
1000939e:	42ac      	cmp	r4, r5
100093a0:	d1ea      	bne.n	10009378 <rshift+0x78>
100093a2:	e7e7      	b.n	10009374 <rshift+0x74>

100093a4 <__gethex>:
100093a4:	b5f0      	push	{r4, r5, r6, r7, lr}
100093a6:	46de      	mov	lr, fp
100093a8:	464e      	mov	r6, r9
100093aa:	4645      	mov	r5, r8
100093ac:	4657      	mov	r7, sl
100093ae:	b5e0      	push	{r5, r6, r7, lr}
100093b0:	b08b      	sub	sp, #44	; 0x2c
100093b2:	9309      	str	r3, [sp, #36]	; 0x24
100093b4:	4bb9      	ldr	r3, [pc, #740]	; (1000969c <__gethex+0x2f8>)
100093b6:	9007      	str	r0, [sp, #28]
100093b8:	681b      	ldr	r3, [r3, #0]
100093ba:	4689      	mov	r9, r1
100093bc:	0018      	movs	r0, r3
100093be:	001c      	movs	r4, r3
100093c0:	4693      	mov	fp, r2
100093c2:	9305      	str	r3, [sp, #20]
100093c4:	f7fe fe28 	bl	10008018 <strlen>
100093c8:	46a4      	mov	ip, r4
100093ca:	0002      	movs	r2, r0
100093cc:	4462      	add	r2, ip
100093ce:	0013      	movs	r3, r2
100093d0:	3b01      	subs	r3, #1
100093d2:	781b      	ldrb	r3, [r3, #0]
100093d4:	9004      	str	r0, [sp, #16]
100093d6:	9301      	str	r3, [sp, #4]
100093d8:	464b      	mov	r3, r9
100093da:	681d      	ldr	r5, [r3, #0]
100093dc:	78aa      	ldrb	r2, [r5, #2]
100093de:	2a30      	cmp	r2, #48	; 0x30
100093e0:	d000      	beq.n	100093e4 <__gethex+0x40>
100093e2:	e216      	b.n	10009812 <__gethex+0x46e>
100093e4:	2102      	movs	r1, #2
100093e6:	4249      	negs	r1, r1
100093e8:	1ceb      	adds	r3, r5, #3
100093ea:	1b49      	subs	r1, r1, r5
100093ec:	001d      	movs	r5, r3
100093ee:	18cf      	adds	r7, r1, r3
100093f0:	3301      	adds	r3, #1
100093f2:	1e5a      	subs	r2, r3, #1
100093f4:	7812      	ldrb	r2, [r2, #0]
100093f6:	2a30      	cmp	r2, #48	; 0x30
100093f8:	d0f8      	beq.n	100093ec <__gethex+0x48>
100093fa:	4ba9      	ldr	r3, [pc, #676]	; (100096a0 <__gethex+0x2fc>)
100093fc:	4698      	mov	r8, r3
100093fe:	5c9b      	ldrb	r3, [r3, r2]
10009400:	2b00      	cmp	r3, #0
10009402:	d100      	bne.n	10009406 <__gethex+0x62>
10009404:	e0f3      	b.n	100095ee <__gethex+0x24a>
10009406:	4642      	mov	r2, r8
10009408:	782b      	ldrb	r3, [r5, #0]
1000940a:	2400      	movs	r4, #0
1000940c:	5cd3      	ldrb	r3, [r2, r3]
1000940e:	2200      	movs	r2, #0
10009410:	4692      	mov	sl, r2
10009412:	002e      	movs	r6, r5
10009414:	2b00      	cmp	r3, #0
10009416:	d005      	beq.n	10009424 <__gethex+0x80>
10009418:	4642      	mov	r2, r8
1000941a:	7873      	ldrb	r3, [r6, #1]
1000941c:	3601      	adds	r6, #1
1000941e:	5cd3      	ldrb	r3, [r2, r3]
10009420:	2b00      	cmp	r3, #0
10009422:	d1f9      	bne.n	10009418 <__gethex+0x74>
10009424:	0030      	movs	r0, r6
10009426:	9a04      	ldr	r2, [sp, #16]
10009428:	9905      	ldr	r1, [sp, #20]
1000942a:	f001 f927 	bl	1000a67c <strncmp>
1000942e:	9003      	str	r0, [sp, #12]
10009430:	2800      	cmp	r0, #0
10009432:	d057      	beq.n	100094e4 <__gethex+0x140>
10009434:	2c00      	cmp	r4, #0
10009436:	d158      	bne.n	100094ea <__gethex+0x146>
10009438:	2200      	movs	r2, #0
1000943a:	7833      	ldrb	r3, [r6, #0]
1000943c:	9203      	str	r2, [sp, #12]
1000943e:	2220      	movs	r2, #32
10009440:	0034      	movs	r4, r6
10009442:	4393      	bics	r3, r2
10009444:	2b50      	cmp	r3, #80	; 0x50
10009446:	d059      	beq.n	100094fc <__gethex+0x158>
10009448:	464b      	mov	r3, r9
1000944a:	601e      	str	r6, [r3, #0]
1000944c:	4653      	mov	r3, sl
1000944e:	2b00      	cmp	r3, #0
10009450:	d177      	bne.n	10009542 <__gethex+0x19e>
10009452:	1b63      	subs	r3, r4, r5
10009454:	3b01      	subs	r3, #1
10009456:	2100      	movs	r1, #0
10009458:	2b07      	cmp	r3, #7
1000945a:	dd03      	ble.n	10009464 <__gethex+0xc0>
1000945c:	3101      	adds	r1, #1
1000945e:	105b      	asrs	r3, r3, #1
10009460:	2b07      	cmp	r3, #7
10009462:	dcfb      	bgt.n	1000945c <__gethex+0xb8>
10009464:	9807      	ldr	r0, [sp, #28]
10009466:	f000 fb9b 	bl	10009ba0 <_Balloc>
1000946a:	4682      	mov	sl, r0
1000946c:	2800      	cmp	r0, #0
1000946e:	d100      	bne.n	10009472 <__gethex+0xce>
10009470:	e270      	b.n	10009954 <__gethex+0x5b0>
10009472:	2314      	movs	r3, #20
10009474:	4453      	add	r3, sl
10009476:	9308      	str	r3, [sp, #32]
10009478:	42a5      	cmp	r5, r4
1000947a:	d300      	bcc.n	1000947e <__gethex+0xda>
1000947c:	e1d5      	b.n	1000982a <__gethex+0x486>
1000947e:	9302      	str	r3, [sp, #8]
10009480:	2300      	movs	r3, #0
10009482:	9a04      	ldr	r2, [sp, #16]
10009484:	4699      	mov	r9, r3
10009486:	3301      	adds	r3, #1
10009488:	1a9b      	subs	r3, r3, r2
1000948a:	9306      	str	r3, [sp, #24]
1000948c:	002b      	movs	r3, r5
1000948e:	2700      	movs	r7, #0
10009490:	464d      	mov	r5, r9
10009492:	4699      	mov	r9, r3
10009494:	e00d      	b.n	100094b2 <__gethex+0x10e>
10009496:	2f20      	cmp	r7, #32
10009498:	d01d      	beq.n	100094d6 <__gethex+0x132>
1000949a:	003a      	movs	r2, r7
1000949c:	3704      	adds	r7, #4
1000949e:	4641      	mov	r1, r8
100094a0:	7833      	ldrb	r3, [r6, #0]
100094a2:	0034      	movs	r4, r6
100094a4:	5ccb      	ldrb	r3, [r1, r3]
100094a6:	210f      	movs	r1, #15
100094a8:	400b      	ands	r3, r1
100094aa:	4093      	lsls	r3, r2
100094ac:	431d      	orrs	r5, r3
100094ae:	454c      	cmp	r4, r9
100094b0:	d955      	bls.n	1000955e <__gethex+0x1ba>
100094b2:	1e66      	subs	r6, r4, #1
100094b4:	7833      	ldrb	r3, [r6, #0]
100094b6:	9a01      	ldr	r2, [sp, #4]
100094b8:	4293      	cmp	r3, r2
100094ba:	d1ec      	bne.n	10009496 <__gethex+0xf2>
100094bc:	9b06      	ldr	r3, [sp, #24]
100094be:	18f4      	adds	r4, r6, r3
100094c0:	454c      	cmp	r4, r9
100094c2:	d3e8      	bcc.n	10009496 <__gethex+0xf2>
100094c4:	0020      	movs	r0, r4
100094c6:	9a04      	ldr	r2, [sp, #16]
100094c8:	9905      	ldr	r1, [sp, #20]
100094ca:	f001 f8d7 	bl	1000a67c <strncmp>
100094ce:	2800      	cmp	r0, #0
100094d0:	d0ed      	beq.n	100094ae <__gethex+0x10a>
100094d2:	2f20      	cmp	r7, #32
100094d4:	d1e1      	bne.n	1000949a <__gethex+0xf6>
100094d6:	9b02      	ldr	r3, [sp, #8]
100094d8:	2200      	movs	r2, #0
100094da:	c320      	stmia	r3!, {r5}
100094dc:	2704      	movs	r7, #4
100094de:	2500      	movs	r5, #0
100094e0:	9302      	str	r3, [sp, #8]
100094e2:	e7dc      	b.n	1000949e <__gethex+0xfa>
100094e4:	2c00      	cmp	r4, #0
100094e6:	d100      	bne.n	100094ea <__gethex+0x146>
100094e8:	e180      	b.n	100097ec <__gethex+0x448>
100094ea:	2220      	movs	r2, #32
100094ec:	1ba4      	subs	r4, r4, r6
100094ee:	00a3      	lsls	r3, r4, #2
100094f0:	9303      	str	r3, [sp, #12]
100094f2:	7833      	ldrb	r3, [r6, #0]
100094f4:	0034      	movs	r4, r6
100094f6:	4393      	bics	r3, r2
100094f8:	2b50      	cmp	r3, #80	; 0x50
100094fa:	d1a5      	bne.n	10009448 <__gethex+0xa4>
100094fc:	7863      	ldrb	r3, [r4, #1]
100094fe:	2b2b      	cmp	r3, #43	; 0x2b
10009500:	d100      	bne.n	10009504 <__gethex+0x160>
10009502:	e163      	b.n	100097cc <__gethex+0x428>
10009504:	2b2d      	cmp	r3, #45	; 0x2d
10009506:	d100      	bne.n	1000950a <__gethex+0x166>
10009508:	e0a3      	b.n	10009652 <__gethex+0x2ae>
1000950a:	2200      	movs	r2, #0
1000950c:	1c61      	adds	r1, r4, #1
1000950e:	4640      	mov	r0, r8
10009510:	5cc3      	ldrb	r3, [r0, r3]
10009512:	0026      	movs	r6, r4
10009514:	1e58      	subs	r0, r3, #1
10009516:	2818      	cmp	r0, #24
10009518:	d896      	bhi.n	10009448 <__gethex+0xa4>
1000951a:	4640      	mov	r0, r8
1000951c:	1c4e      	adds	r6, r1, #1
1000951e:	7849      	ldrb	r1, [r1, #1]
10009520:	3b10      	subs	r3, #16
10009522:	5c41      	ldrb	r1, [r0, r1]
10009524:	1e08      	subs	r0, r1, #0
10009526:	d15f      	bne.n	100095e8 <__gethex+0x244>
10009528:	2a00      	cmp	r2, #0
1000952a:	d000      	beq.n	1000952e <__gethex+0x18a>
1000952c:	425b      	negs	r3, r3
1000952e:	9a03      	ldr	r2, [sp, #12]
10009530:	4694      	mov	ip, r2
10009532:	449c      	add	ip, r3
10009534:	4663      	mov	r3, ip
10009536:	9303      	str	r3, [sp, #12]
10009538:	464b      	mov	r3, r9
1000953a:	601e      	str	r6, [r3, #0]
1000953c:	4653      	mov	r3, sl
1000953e:	2b00      	cmp	r3, #0
10009540:	d087      	beq.n	10009452 <__gethex+0xae>
10009542:	1e7b      	subs	r3, r7, #1
10009544:	419f      	sbcs	r7, r3
10009546:	2305      	movs	r3, #5
10009548:	427f      	negs	r7, r7
1000954a:	439f      	bics	r7, r3
1000954c:	3706      	adds	r7, #6
1000954e:	0038      	movs	r0, r7
10009550:	b00b      	add	sp, #44	; 0x2c
10009552:	bcf0      	pop	{r4, r5, r6, r7}
10009554:	46bb      	mov	fp, r7
10009556:	46b2      	mov	sl, r6
10009558:	46a9      	mov	r9, r5
1000955a:	46a0      	mov	r8, r4
1000955c:	bdf0      	pop	{r4, r5, r6, r7, pc}
1000955e:	46a9      	mov	r9, r5
10009560:	464a      	mov	r2, r9
10009562:	9b02      	ldr	r3, [sp, #8]
10009564:	4648      	mov	r0, r9
10009566:	c304      	stmia	r3!, {r2}
10009568:	9a08      	ldr	r2, [sp, #32]
1000956a:	1a9b      	subs	r3, r3, r2
1000956c:	4652      	mov	r2, sl
1000956e:	109b      	asrs	r3, r3, #2
10009570:	6113      	str	r3, [r2, #16]
10009572:	015e      	lsls	r6, r3, #5
10009574:	f000 fbf2 	bl	10009d5c <__hi0bits>
10009578:	465b      	mov	r3, fp
1000957a:	681c      	ldr	r4, [r3, #0]
1000957c:	1a36      	subs	r6, r6, r0
1000957e:	42a6      	cmp	r6, r4
10009580:	dc6b      	bgt.n	1000965a <__gethex+0x2b6>
10009582:	2500      	movs	r5, #0
10009584:	42a6      	cmp	r6, r4
10009586:	da00      	bge.n	1000958a <__gethex+0x1e6>
10009588:	e122      	b.n	100097d0 <__gethex+0x42c>
1000958a:	465b      	mov	r3, fp
1000958c:	9a03      	ldr	r2, [sp, #12]
1000958e:	689b      	ldr	r3, [r3, #8]
10009590:	4293      	cmp	r3, r2
10009592:	da00      	bge.n	10009596 <__gethex+0x1f2>
10009594:	e140      	b.n	10009818 <__gethex+0x474>
10009596:	465b      	mov	r3, fp
10009598:	9a03      	ldr	r2, [sp, #12]
1000959a:	685b      	ldr	r3, [r3, #4]
1000959c:	4293      	cmp	r3, r2
1000959e:	dd43      	ble.n	10009628 <__gethex+0x284>
100095a0:	1a9e      	subs	r6, r3, r2
100095a2:	42b4      	cmp	r4, r6
100095a4:	dd00      	ble.n	100095a8 <__gethex+0x204>
100095a6:	e07d      	b.n	100096a4 <__gethex+0x300>
100095a8:	465a      	mov	r2, fp
100095aa:	68d2      	ldr	r2, [r2, #12]
100095ac:	2a02      	cmp	r2, #2
100095ae:	d100      	bne.n	100095b2 <__gethex+0x20e>
100095b0:	e175      	b.n	1000989e <__gethex+0x4fa>
100095b2:	2a03      	cmp	r2, #3
100095b4:	d100      	bne.n	100095b8 <__gethex+0x214>
100095b6:	e16d      	b.n	10009894 <__gethex+0x4f0>
100095b8:	2a01      	cmp	r2, #1
100095ba:	d100      	bne.n	100095be <__gethex+0x21a>
100095bc:	e150      	b.n	10009860 <__gethex+0x4bc>
100095be:	4651      	mov	r1, sl
100095c0:	9807      	ldr	r0, [sp, #28]
100095c2:	f000 fb15 	bl	10009bf0 <_Bfree>
100095c6:	2300      	movs	r3, #0
100095c8:	9a14      	ldr	r2, [sp, #80]	; 0x50
100095ca:	2750      	movs	r7, #80	; 0x50
100095cc:	6013      	str	r3, [r2, #0]
100095ce:	e7be      	b.n	1000954e <__gethex+0x1aa>
100095d0:	0099      	lsls	r1, r3, #2
100095d2:	18c9      	adds	r1, r1, r3
100095d4:	0049      	lsls	r1, r1, #1
100095d6:	1809      	adds	r1, r1, r0
100095d8:	4640      	mov	r0, r8
100095da:	000b      	movs	r3, r1
100095dc:	7871      	ldrb	r1, [r6, #1]
100095de:	3601      	adds	r6, #1
100095e0:	5c40      	ldrb	r0, [r0, r1]
100095e2:	3b10      	subs	r3, #16
100095e4:	2800      	cmp	r0, #0
100095e6:	d09f      	beq.n	10009528 <__gethex+0x184>
100095e8:	2819      	cmp	r0, #25
100095ea:	ddf1      	ble.n	100095d0 <__gethex+0x22c>
100095ec:	e79c      	b.n	10009528 <__gethex+0x184>
100095ee:	9c04      	ldr	r4, [sp, #16]
100095f0:	0028      	movs	r0, r5
100095f2:	0022      	movs	r2, r4
100095f4:	9905      	ldr	r1, [sp, #20]
100095f6:	f001 f841 	bl	1000a67c <strncmp>
100095fa:	2800      	cmp	r0, #0
100095fc:	d16f      	bne.n	100096de <__gethex+0x33a>
100095fe:	0023      	movs	r3, r4
10009600:	5cea      	ldrb	r2, [r5, r3]
10009602:	4643      	mov	r3, r8
10009604:	5c9b      	ldrb	r3, [r3, r2]
10009606:	192c      	adds	r4, r5, r4
10009608:	2b00      	cmp	r3, #0
1000960a:	d06a      	beq.n	100096e2 <__gethex+0x33e>
1000960c:	0025      	movs	r5, r4
1000960e:	2a30      	cmp	r2, #48	; 0x30
10009610:	d105      	bne.n	1000961e <__gethex+0x27a>
10009612:	786b      	ldrb	r3, [r5, #1]
10009614:	3501      	adds	r5, #1
10009616:	2b30      	cmp	r3, #48	; 0x30
10009618:	d0fb      	beq.n	10009612 <__gethex+0x26e>
1000961a:	4642      	mov	r2, r8
1000961c:	5cd3      	ldrb	r3, [r2, r3]
1000961e:	4259      	negs	r1, r3
10009620:	4159      	adcs	r1, r3
10009622:	2701      	movs	r7, #1
10009624:	468a      	mov	sl, r1
10009626:	e6f4      	b.n	10009412 <__gethex+0x6e>
10009628:	2701      	movs	r7, #1
1000962a:	2d00      	cmp	r5, #0
1000962c:	d00a      	beq.n	10009644 <__gethex+0x2a0>
1000962e:	465b      	mov	r3, fp
10009630:	68db      	ldr	r3, [r3, #12]
10009632:	2b02      	cmp	r3, #2
10009634:	d05d      	beq.n	100096f2 <__gethex+0x34e>
10009636:	2b03      	cmp	r3, #3
10009638:	d05f      	beq.n	100096fa <__gethex+0x356>
1000963a:	2b01      	cmp	r3, #1
1000963c:	d100      	bne.n	10009640 <__gethex+0x29c>
1000963e:	e0bb      	b.n	100097b8 <__gethex+0x414>
10009640:	2310      	movs	r3, #16
10009642:	431f      	orrs	r7, r3
10009644:	4652      	mov	r2, sl
10009646:	9b14      	ldr	r3, [sp, #80]	; 0x50
10009648:	601a      	str	r2, [r3, #0]
1000964a:	9b09      	ldr	r3, [sp, #36]	; 0x24
1000964c:	9a03      	ldr	r2, [sp, #12]
1000964e:	601a      	str	r2, [r3, #0]
10009650:	e77d      	b.n	1000954e <__gethex+0x1aa>
10009652:	2201      	movs	r2, #1
10009654:	78a3      	ldrb	r3, [r4, #2]
10009656:	1ca1      	adds	r1, r4, #2
10009658:	e759      	b.n	1000950e <__gethex+0x16a>
1000965a:	1b36      	subs	r6, r6, r4
1000965c:	0031      	movs	r1, r6
1000965e:	4650      	mov	r0, sl
10009660:	f000 ffda 	bl	1000a618 <__any_on>
10009664:	1e05      	subs	r5, r0, #0
10009666:	d00f      	beq.n	10009688 <__gethex+0x2e4>
10009668:	211f      	movs	r1, #31
1000966a:	2301      	movs	r3, #1
1000966c:	1e70      	subs	r0, r6, #1
1000966e:	4001      	ands	r1, r0
10009670:	408b      	lsls	r3, r1
10009672:	1142      	asrs	r2, r0, #5
10009674:	9908      	ldr	r1, [sp, #32]
10009676:	0092      	lsls	r2, r2, #2
10009678:	588a      	ldr	r2, [r1, r2]
1000967a:	2501      	movs	r5, #1
1000967c:	421a      	tst	r2, r3
1000967e:	d003      	beq.n	10009688 <__gethex+0x2e4>
10009680:	2801      	cmp	r0, #1
10009682:	dd00      	ble.n	10009686 <__gethex+0x2e2>
10009684:	e0de      	b.n	10009844 <__gethex+0x4a0>
10009686:	2502      	movs	r5, #2
10009688:	0031      	movs	r1, r6
1000968a:	4650      	mov	r0, sl
1000968c:	f7ff fe38 	bl	10009300 <rshift>
10009690:	9b03      	ldr	r3, [sp, #12]
10009692:	469c      	mov	ip, r3
10009694:	44b4      	add	ip, r6
10009696:	4663      	mov	r3, ip
10009698:	9303      	str	r3, [sp, #12]
1000969a:	e776      	b.n	1000958a <__gethex+0x1e6>
1000969c:	1000c3a0 	.word	0x1000c3a0
100096a0:	1000c29c 	.word	0x1000c29c
100096a4:	1e77      	subs	r7, r6, #1
100096a6:	2d00      	cmp	r5, #0
100096a8:	d000      	beq.n	100096ac <__gethex+0x308>
100096aa:	e0c3      	b.n	10009834 <__gethex+0x490>
100096ac:	2f00      	cmp	r7, #0
100096ae:	d000      	beq.n	100096b2 <__gethex+0x30e>
100096b0:	e0c2      	b.n	10009838 <__gethex+0x494>
100096b2:	231f      	movs	r3, #31
100096b4:	117a      	asrs	r2, r7, #5
100096b6:	401f      	ands	r7, r3
100096b8:	3b1e      	subs	r3, #30
100096ba:	40bb      	lsls	r3, r7
100096bc:	9908      	ldr	r1, [sp, #32]
100096be:	0092      	lsls	r2, r2, #2
100096c0:	588a      	ldr	r2, [r1, r2]
100096c2:	421a      	tst	r2, r3
100096c4:	d001      	beq.n	100096ca <__gethex+0x326>
100096c6:	2302      	movs	r3, #2
100096c8:	431d      	orrs	r5, r3
100096ca:	0031      	movs	r1, r6
100096cc:	4650      	mov	r0, sl
100096ce:	f7ff fe17 	bl	10009300 <rshift>
100096d2:	465b      	mov	r3, fp
100096d4:	685b      	ldr	r3, [r3, #4]
100096d6:	2702      	movs	r7, #2
100096d8:	1ba4      	subs	r4, r4, r6
100096da:	9303      	str	r3, [sp, #12]
100096dc:	e7a5      	b.n	1000962a <__gethex+0x286>
100096de:	002c      	movs	r4, r5
100096e0:	782a      	ldrb	r2, [r5, #0]
100096e2:	2320      	movs	r3, #32
100096e4:	439a      	bics	r2, r3
100096e6:	2a50      	cmp	r2, #80	; 0x50
100096e8:	d100      	bne.n	100096ec <__gethex+0x348>
100096ea:	e0b4      	b.n	10009856 <__gethex+0x4b2>
100096ec:	464b      	mov	r3, r9
100096ee:	601c      	str	r4, [r3, #0]
100096f0:	e727      	b.n	10009542 <__gethex+0x19e>
100096f2:	2301      	movs	r3, #1
100096f4:	9a15      	ldr	r2, [sp, #84]	; 0x54
100096f6:	1a9b      	subs	r3, r3, r2
100096f8:	9315      	str	r3, [sp, #84]	; 0x54
100096fa:	9b15      	ldr	r3, [sp, #84]	; 0x54
100096fc:	2b00      	cmp	r3, #0
100096fe:	d09f      	beq.n	10009640 <__gethex+0x29c>
10009700:	4653      	mov	r3, sl
10009702:	691e      	ldr	r6, [r3, #16]
10009704:	9d08      	ldr	r5, [sp, #32]
10009706:	00b3      	lsls	r3, r6, #2
10009708:	4699      	mov	r9, r3
1000970a:	18e8      	adds	r0, r5, r3
1000970c:	2100      	movs	r1, #0
1000970e:	002b      	movs	r3, r5
10009710:	46b4      	mov	ip, r6
10009712:	e003      	b.n	1000971c <__gethex+0x378>
10009714:	c302      	stmia	r3!, {r1}
10009716:	4298      	cmp	r0, r3
10009718:	d800      	bhi.n	1000971c <__gethex+0x378>
1000971a:	e0c5      	b.n	100098a8 <__gethex+0x504>
1000971c:	681a      	ldr	r2, [r3, #0]
1000971e:	1c56      	adds	r6, r2, #1
10009720:	d0f8      	beq.n	10009714 <__gethex+0x370>
10009722:	3201      	adds	r2, #1
10009724:	601a      	str	r2, [r3, #0]
10009726:	2f02      	cmp	r7, #2
10009728:	d100      	bne.n	1000972c <__gethex+0x388>
1000972a:	e0d1      	b.n	100098d0 <__gethex+0x52c>
1000972c:	231f      	movs	r3, #31
1000972e:	001e      	movs	r6, r3
10009730:	2721      	movs	r7, #33	; 0x21
10009732:	4026      	ands	r6, r4
10009734:	4223      	tst	r3, r4
10009736:	d085      	beq.n	10009644 <__gethex+0x2a0>
10009738:	464b      	mov	r3, r9
1000973a:	18eb      	adds	r3, r5, r3
1000973c:	3b04      	subs	r3, #4
1000973e:	6818      	ldr	r0, [r3, #0]
10009740:	f000 fb0c 	bl	10009d5c <__hi0bits>
10009744:	2320      	movs	r3, #32
10009746:	1b9e      	subs	r6, r3, r6
10009748:	42b0      	cmp	r0, r6
1000974a:	db00      	blt.n	1000974e <__gethex+0x3aa>
1000974c:	e77a      	b.n	10009644 <__gethex+0x2a0>
1000974e:	4653      	mov	r3, sl
10009750:	691a      	ldr	r2, [r3, #16]
10009752:	2a00      	cmp	r2, #0
10009754:	dc00      	bgt.n	10009758 <__gethex+0x3b4>
10009756:	e0ea      	b.n	1000992e <__gethex+0x58a>
10009758:	4653      	mov	r3, sl
1000975a:	4650      	mov	r0, sl
1000975c:	695b      	ldr	r3, [r3, #20]
1000975e:	0092      	lsls	r2, r2, #2
10009760:	18aa      	adds	r2, r5, r2
10009762:	3018      	adds	r0, #24
10009764:	085b      	lsrs	r3, r3, #1
10009766:	4282      	cmp	r2, r0
10009768:	d800      	bhi.n	1000976c <__gethex+0x3c8>
1000976a:	e0e7      	b.n	1000993c <__gethex+0x598>
1000976c:	002c      	movs	r4, r5
1000976e:	0019      	movs	r1, r3
10009770:	6803      	ldr	r3, [r0, #0]
10009772:	07db      	lsls	r3, r3, #31
10009774:	430b      	orrs	r3, r1
10009776:	c408      	stmia	r4!, {r3}
10009778:	c802      	ldmia	r0!, {r1}
1000977a:	0849      	lsrs	r1, r1, #1
1000977c:	4282      	cmp	r2, r0
1000977e:	d8f7      	bhi.n	10009770 <__gethex+0x3cc>
10009780:	000b      	movs	r3, r1
10009782:	4651      	mov	r1, sl
10009784:	1a52      	subs	r2, r2, r1
10009786:	3a19      	subs	r2, #25
10009788:	0892      	lsrs	r2, r2, #2
1000978a:	3201      	adds	r2, #1
1000978c:	0092      	lsls	r2, r2, #2
1000978e:	18aa      	adds	r2, r5, r2
10009790:	6013      	str	r3, [r2, #0]
10009792:	2b00      	cmp	r3, #0
10009794:	d000      	beq.n	10009798 <__gethex+0x3f4>
10009796:	e0d5      	b.n	10009944 <__gethex+0x5a0>
10009798:	4651      	mov	r1, sl
1000979a:	1b53      	subs	r3, r2, r5
1000979c:	109b      	asrs	r3, r3, #2
1000979e:	610b      	str	r3, [r1, #16]
100097a0:	42aa      	cmp	r2, r5
100097a2:	d100      	bne.n	100097a6 <__gethex+0x402>
100097a4:	e0c6      	b.n	10009934 <__gethex+0x590>
100097a6:	465b      	mov	r3, fp
100097a8:	9a03      	ldr	r2, [sp, #12]
100097aa:	689b      	ldr	r3, [r3, #8]
100097ac:	3201      	adds	r2, #1
100097ae:	9203      	str	r2, [sp, #12]
100097b0:	4293      	cmp	r3, r2
100097b2:	db31      	blt.n	10009818 <__gethex+0x474>
100097b4:	2721      	movs	r7, #33	; 0x21
100097b6:	e745      	b.n	10009644 <__gethex+0x2a0>
100097b8:	07aa      	lsls	r2, r5, #30
100097ba:	d400      	bmi.n	100097be <__gethex+0x41a>
100097bc:	e740      	b.n	10009640 <__gethex+0x29c>
100097be:	9a08      	ldr	r2, [sp, #32]
100097c0:	6812      	ldr	r2, [r2, #0]
100097c2:	4315      	orrs	r5, r2
100097c4:	9201      	str	r2, [sp, #4]
100097c6:	422b      	tst	r3, r5
100097c8:	d19a      	bne.n	10009700 <__gethex+0x35c>
100097ca:	e739      	b.n	10009640 <__gethex+0x29c>
100097cc:	2200      	movs	r2, #0
100097ce:	e741      	b.n	10009654 <__gethex+0x2b0>
100097d0:	1ba6      	subs	r6, r4, r6
100097d2:	4651      	mov	r1, sl
100097d4:	0032      	movs	r2, r6
100097d6:	9807      	ldr	r0, [sp, #28]
100097d8:	f000 fc78 	bl	1000a0cc <__lshift>
100097dc:	9b03      	ldr	r3, [sp, #12]
100097de:	4682      	mov	sl, r0
100097e0:	1b9b      	subs	r3, r3, r6
100097e2:	9303      	str	r3, [sp, #12]
100097e4:	2314      	movs	r3, #20
100097e6:	4453      	add	r3, sl
100097e8:	9308      	str	r3, [sp, #32]
100097ea:	e6ce      	b.n	1000958a <__gethex+0x1e6>
100097ec:	4642      	mov	r2, r8
100097ee:	9b04      	ldr	r3, [sp, #16]
100097f0:	18f1      	adds	r1, r6, r3
100097f2:	5cf3      	ldrb	r3, [r6, r3]
100097f4:	000e      	movs	r6, r1
100097f6:	5cd2      	ldrb	r2, [r2, r3]
100097f8:	2a00      	cmp	r2, #0
100097fa:	d100      	bne.n	100097fe <__gethex+0x45a>
100097fc:	e61f      	b.n	1000943e <__gethex+0x9a>
100097fe:	4642      	mov	r2, r8
10009800:	7873      	ldrb	r3, [r6, #1]
10009802:	3601      	adds	r6, #1
10009804:	5cd2      	ldrb	r2, [r2, r3]
10009806:	2a00      	cmp	r2, #0
10009808:	d1f9      	bne.n	100097fe <__gethex+0x45a>
1000980a:	1b89      	subs	r1, r1, r6
1000980c:	008a      	lsls	r2, r1, #2
1000980e:	9203      	str	r2, [sp, #12]
10009810:	e615      	b.n	1000943e <__gethex+0x9a>
10009812:	2700      	movs	r7, #0
10009814:	3502      	adds	r5, #2
10009816:	e5f0      	b.n	100093fa <__gethex+0x56>
10009818:	4651      	mov	r1, sl
1000981a:	9807      	ldr	r0, [sp, #28]
1000981c:	f000 f9e8 	bl	10009bf0 <_Bfree>
10009820:	2300      	movs	r3, #0
10009822:	9a14      	ldr	r2, [sp, #80]	; 0x50
10009824:	27a3      	movs	r7, #163	; 0xa3
10009826:	6013      	str	r3, [r2, #0]
10009828:	e691      	b.n	1000954e <__gethex+0x1aa>
1000982a:	9b08      	ldr	r3, [sp, #32]
1000982c:	9302      	str	r3, [sp, #8]
1000982e:	2300      	movs	r3, #0
10009830:	4699      	mov	r9, r3
10009832:	e695      	b.n	10009560 <__gethex+0x1bc>
10009834:	2501      	movs	r5, #1
10009836:	e73c      	b.n	100096b2 <__gethex+0x30e>
10009838:	0039      	movs	r1, r7
1000983a:	4650      	mov	r0, sl
1000983c:	f000 feec 	bl	1000a618 <__any_on>
10009840:	0005      	movs	r5, r0
10009842:	e736      	b.n	100096b2 <__gethex+0x30e>
10009844:	4650      	mov	r0, sl
10009846:	1eb1      	subs	r1, r6, #2
10009848:	f000 fee6 	bl	1000a618 <__any_on>
1000984c:	3502      	adds	r5, #2
1000984e:	2800      	cmp	r0, #0
10009850:	d000      	beq.n	10009854 <__gethex+0x4b0>
10009852:	e719      	b.n	10009688 <__gethex+0x2e4>
10009854:	e717      	b.n	10009686 <__gethex+0x2e2>
10009856:	2300      	movs	r3, #0
10009858:	9303      	str	r3, [sp, #12]
1000985a:	3301      	adds	r3, #1
1000985c:	469a      	mov	sl, r3
1000985e:	e64d      	b.n	100094fc <__gethex+0x158>
10009860:	42b4      	cmp	r4, r6
10009862:	d000      	beq.n	10009866 <__gethex+0x4c2>
10009864:	e6ab      	b.n	100095be <__gethex+0x21a>
10009866:	2c01      	cmp	r4, #1
10009868:	d008      	beq.n	1000987c <__gethex+0x4d8>
1000986a:	4650      	mov	r0, sl
1000986c:	1e61      	subs	r1, r4, #1
1000986e:	f000 fed3 	bl	1000a618 <__any_on>
10009872:	2800      	cmp	r0, #0
10009874:	d100      	bne.n	10009878 <__gethex+0x4d4>
10009876:	e6a2      	b.n	100095be <__gethex+0x21a>
10009878:	465b      	mov	r3, fp
1000987a:	685b      	ldr	r3, [r3, #4]
1000987c:	9a09      	ldr	r2, [sp, #36]	; 0x24
1000987e:	2762      	movs	r7, #98	; 0x62
10009880:	6013      	str	r3, [r2, #0]
10009882:	2301      	movs	r3, #1
10009884:	4652      	mov	r2, sl
10009886:	6113      	str	r3, [r2, #16]
10009888:	9a08      	ldr	r2, [sp, #32]
1000988a:	6013      	str	r3, [r2, #0]
1000988c:	4652      	mov	r2, sl
1000988e:	9b14      	ldr	r3, [sp, #80]	; 0x50
10009890:	601a      	str	r2, [r3, #0]
10009892:	e65c      	b.n	1000954e <__gethex+0x1aa>
10009894:	9a15      	ldr	r2, [sp, #84]	; 0x54
10009896:	2a00      	cmp	r2, #0
10009898:	d100      	bne.n	1000989c <__gethex+0x4f8>
1000989a:	e690      	b.n	100095be <__gethex+0x21a>
1000989c:	e7ee      	b.n	1000987c <__gethex+0x4d8>
1000989e:	9a15      	ldr	r2, [sp, #84]	; 0x54
100098a0:	2a00      	cmp	r2, #0
100098a2:	d000      	beq.n	100098a6 <__gethex+0x502>
100098a4:	e68b      	b.n	100095be <__gethex+0x21a>
100098a6:	e7e9      	b.n	1000987c <__gethex+0x4d8>
100098a8:	4652      	mov	r2, sl
100098aa:	4666      	mov	r6, ip
100098ac:	6892      	ldr	r2, [r2, #8]
100098ae:	4663      	mov	r3, ip
100098b0:	4296      	cmp	r6, r2
100098b2:	da20      	bge.n	100098f6 <__gethex+0x552>
100098b4:	4651      	mov	r1, sl
100098b6:	1c5a      	adds	r2, r3, #1
100098b8:	610a      	str	r2, [r1, #16]
100098ba:	2101      	movs	r1, #1
100098bc:	3304      	adds	r3, #4
100098be:	009b      	lsls	r3, r3, #2
100098c0:	4453      	add	r3, sl
100098c2:	6059      	str	r1, [r3, #4]
100098c4:	2f02      	cmp	r7, #2
100098c6:	d003      	beq.n	100098d0 <__gethex+0x52c>
100098c8:	4296      	cmp	r6, r2
100098ca:	da00      	bge.n	100098ce <__gethex+0x52a>
100098cc:	e741      	b.n	10009752 <__gethex+0x3ae>
100098ce:	e72d      	b.n	1000972c <__gethex+0x388>
100098d0:	465b      	mov	r3, fp
100098d2:	681b      	ldr	r3, [r3, #0]
100098d4:	2722      	movs	r7, #34	; 0x22
100098d6:	3b01      	subs	r3, #1
100098d8:	42a3      	cmp	r3, r4
100098da:	d000      	beq.n	100098de <__gethex+0x53a>
100098dc:	e6b2      	b.n	10009644 <__gethex+0x2a0>
100098de:	231f      	movs	r3, #31
100098e0:	1162      	asrs	r2, r4, #5
100098e2:	401c      	ands	r4, r3
100098e4:	3b1e      	subs	r3, #30
100098e6:	40a3      	lsls	r3, r4
100098e8:	0092      	lsls	r2, r2, #2
100098ea:	5957      	ldr	r7, [r2, r5]
100098ec:	401f      	ands	r7, r3
100098ee:	427b      	negs	r3, r7
100098f0:	415f      	adcs	r7, r3
100098f2:	3721      	adds	r7, #33	; 0x21
100098f4:	e6a6      	b.n	10009644 <__gethex+0x2a0>
100098f6:	4653      	mov	r3, sl
100098f8:	685b      	ldr	r3, [r3, #4]
100098fa:	9807      	ldr	r0, [sp, #28]
100098fc:	1c59      	adds	r1, r3, #1
100098fe:	f000 f94f 	bl	10009ba0 <_Balloc>
10009902:	4680      	mov	r8, r0
10009904:	2800      	cmp	r0, #0
10009906:	d01f      	beq.n	10009948 <__gethex+0x5a4>
10009908:	4653      	mov	r3, sl
1000990a:	4651      	mov	r1, sl
1000990c:	691b      	ldr	r3, [r3, #16]
1000990e:	310c      	adds	r1, #12
10009910:	1c9a      	adds	r2, r3, #2
10009912:	0092      	lsls	r2, r2, #2
10009914:	300c      	adds	r0, #12
10009916:	f7fb fbd3 	bl	100050c0 <__wrap___aeabi_memcpy>
1000991a:	4651      	mov	r1, sl
1000991c:	9807      	ldr	r0, [sp, #28]
1000991e:	f000 f967 	bl	10009bf0 <_Bfree>
10009922:	4645      	mov	r5, r8
10009924:	4643      	mov	r3, r8
10009926:	46c2      	mov	sl, r8
10009928:	691b      	ldr	r3, [r3, #16]
1000992a:	3514      	adds	r5, #20
1000992c:	e7c2      	b.n	100098b4 <__gethex+0x510>
1000992e:	2300      	movs	r3, #0
10009930:	4652      	mov	r2, sl
10009932:	6113      	str	r3, [r2, #16]
10009934:	2300      	movs	r3, #0
10009936:	4652      	mov	r2, sl
10009938:	6153      	str	r3, [r2, #20]
1000993a:	e734      	b.n	100097a6 <__gethex+0x402>
1000993c:	002a      	movs	r2, r5
1000993e:	602b      	str	r3, [r5, #0]
10009940:	2b00      	cmp	r3, #0
10009942:	d00d      	beq.n	10009960 <__gethex+0x5bc>
10009944:	3204      	adds	r2, #4
10009946:	e727      	b.n	10009798 <__gethex+0x3f4>
10009948:	2200      	movs	r2, #0
1000994a:	2184      	movs	r1, #132	; 0x84
1000994c:	4b06      	ldr	r3, [pc, #24]	; (10009968 <__gethex+0x5c4>)
1000994e:	4807      	ldr	r0, [pc, #28]	; (1000996c <__gethex+0x5c8>)
10009950:	f7f8 ffe6 	bl	10002920 <__assert_func>
10009954:	2200      	movs	r2, #0
10009956:	21de      	movs	r1, #222	; 0xde
10009958:	4b03      	ldr	r3, [pc, #12]	; (10009968 <__gethex+0x5c4>)
1000995a:	4804      	ldr	r0, [pc, #16]	; (1000996c <__gethex+0x5c8>)
1000995c:	f7f8 ffe0 	bl	10002920 <__assert_func>
10009960:	4652      	mov	r2, sl
10009962:	6113      	str	r3, [r2, #16]
10009964:	e7e6      	b.n	10009934 <__gethex+0x590>
10009966:	46c0      	nop			; (mov r8, r8)
10009968:	1000c200 	.word	0x1000c200
1000996c:	1000c214 	.word	0x1000c214

10009970 <__match>:
10009970:	b530      	push	{r4, r5, lr}
10009972:	6802      	ldr	r2, [r0, #0]
10009974:	e008      	b.n	10009988 <__match+0x18>
10009976:	7813      	ldrb	r3, [r2, #0]
10009978:	001d      	movs	r5, r3
1000997a:	3d41      	subs	r5, #65	; 0x41
1000997c:	2d19      	cmp	r5, #25
1000997e:	d800      	bhi.n	10009982 <__match+0x12>
10009980:	3320      	adds	r3, #32
10009982:	3101      	adds	r1, #1
10009984:	42a3      	cmp	r3, r4
10009986:	d106      	bne.n	10009996 <__match+0x26>
10009988:	780c      	ldrb	r4, [r1, #0]
1000998a:	3201      	adds	r2, #1
1000998c:	2c00      	cmp	r4, #0
1000998e:	d1f2      	bne.n	10009976 <__match+0x6>
10009990:	6002      	str	r2, [r0, #0]
10009992:	2001      	movs	r0, #1
10009994:	bd30      	pop	{r4, r5, pc}
10009996:	2000      	movs	r0, #0
10009998:	e7fc      	b.n	10009994 <__match+0x24>
1000999a:	46c0      	nop			; (mov r8, r8)

1000999c <__hexnan>:
1000999c:	b5f0      	push	{r4, r5, r6, r7, lr}
1000999e:	4645      	mov	r5, r8
100099a0:	46de      	mov	lr, fp
100099a2:	4657      	mov	r7, sl
100099a4:	464e      	mov	r6, r9
100099a6:	4690      	mov	r8, r2
100099a8:	680a      	ldr	r2, [r1, #0]
100099aa:	211f      	movs	r1, #31
100099ac:	b5e0      	push	{r5, r6, r7, lr}
100099ae:	b085      	sub	sp, #20
100099b0:	9000      	str	r0, [sp, #0]
100099b2:	0008      	movs	r0, r1
100099b4:	1153      	asrs	r3, r2, #5
100099b6:	009b      	lsls	r3, r3, #2
100099b8:	4010      	ands	r0, r2
100099ba:	4443      	add	r3, r8
100099bc:	9001      	str	r0, [sp, #4]
100099be:	4211      	tst	r1, r2
100099c0:	d000      	beq.n	100099c4 <__hexnan+0x28>
100099c2:	e092      	b.n	10009aea <__hexnan+0x14e>
100099c4:	001a      	movs	r2, r3
100099c6:	1f1f      	subs	r7, r3, #4
100099c8:	1f13      	subs	r3, r2, #4
100099ca:	469a      	mov	sl, r3
100099cc:	2300      	movs	r3, #0
100099ce:	4652      	mov	r2, sl
100099d0:	6013      	str	r3, [r2, #0]
100099d2:	9b00      	ldr	r3, [sp, #0]
100099d4:	6818      	ldr	r0, [r3, #0]
100099d6:	7841      	ldrb	r1, [r0, #1]
100099d8:	2900      	cmp	r1, #0
100099da:	d100      	bne.n	100099de <__hexnan+0x42>
100099dc:	e09a      	b.n	10009b14 <__hexnan+0x178>
100099de:	2300      	movs	r3, #0
100099e0:	46bc      	mov	ip, r7
100099e2:	469b      	mov	fp, r3
100099e4:	4b60      	ldr	r3, [pc, #384]	; (10009b68 <__hexnan+0x1cc>)
100099e6:	003d      	movs	r5, r7
100099e8:	2400      	movs	r4, #0
100099ea:	465f      	mov	r7, fp
100099ec:	2200      	movs	r2, #0
100099ee:	4699      	mov	r9, r3
100099f0:	46e3      	mov	fp, ip
100099f2:	e016      	b.n	10009a22 <__hexnan+0x86>
100099f4:	2920      	cmp	r1, #32
100099f6:	d900      	bls.n	100099fa <__hexnan+0x5e>
100099f8:	e089      	b.n	10009b0e <__hexnan+0x172>
100099fa:	4297      	cmp	r7, r2
100099fc:	da0d      	bge.n	10009a1a <__hexnan+0x7e>
100099fe:	4565      	cmp	r5, ip
10009a00:	d201      	bcs.n	10009a06 <__hexnan+0x6a>
10009a02:	2c07      	cmp	r4, #7
10009a04:	dd56      	ble.n	10009ab4 <__hexnan+0x118>
10009a06:	2408      	movs	r4, #8
10009a08:	45a8      	cmp	r8, r5
10009a0a:	d206      	bcs.n	10009a1a <__hexnan+0x7e>
10009a0c:	1f2b      	subs	r3, r5, #4
10009a0e:	2100      	movs	r1, #0
10009a10:	469c      	mov	ip, r3
10009a12:	0017      	movs	r7, r2
10009a14:	001d      	movs	r5, r3
10009a16:	2400      	movs	r4, #0
10009a18:	6019      	str	r1, [r3, #0]
10009a1a:	7881      	ldrb	r1, [r0, #2]
10009a1c:	3001      	adds	r0, #1
10009a1e:	2900      	cmp	r1, #0
10009a20:	d011      	beq.n	10009a46 <__hexnan+0xaa>
10009a22:	464b      	mov	r3, r9
10009a24:	5c5b      	ldrb	r3, [r3, r1]
10009a26:	2b00      	cmp	r3, #0
10009a28:	d0e4      	beq.n	100099f4 <__hexnan+0x58>
10009a2a:	3401      	adds	r4, #1
10009a2c:	3201      	adds	r2, #1
10009a2e:	2c08      	cmp	r4, #8
10009a30:	dc39      	bgt.n	10009aa6 <__hexnan+0x10a>
10009a32:	6829      	ldr	r1, [r5, #0]
10009a34:	0109      	lsls	r1, r1, #4
10009a36:	260f      	movs	r6, #15
10009a38:	4033      	ands	r3, r6
10009a3a:	430b      	orrs	r3, r1
10009a3c:	602b      	str	r3, [r5, #0]
10009a3e:	7881      	ldrb	r1, [r0, #2]
10009a40:	3001      	adds	r0, #1
10009a42:	2900      	cmp	r1, #0
10009a44:	d1ed      	bne.n	10009a22 <__hexnan+0x86>
10009a46:	465f      	mov	r7, fp
10009a48:	2a00      	cmp	r2, #0
10009a4a:	d063      	beq.n	10009b14 <__hexnan+0x178>
10009a4c:	45ac      	cmp	ip, r5
10009a4e:	d901      	bls.n	10009a54 <__hexnan+0xb8>
10009a50:	2c07      	cmp	r4, #7
10009a52:	dd6e      	ble.n	10009b32 <__hexnan+0x196>
10009a54:	45a8      	cmp	r8, r5
10009a56:	d24b      	bcs.n	10009af0 <__hexnan+0x154>
10009a58:	4642      	mov	r2, r8
10009a5a:	002b      	movs	r3, r5
10009a5c:	cb02      	ldmia	r3!, {r1}
10009a5e:	c202      	stmia	r2!, {r1}
10009a60:	429f      	cmp	r7, r3
10009a62:	d2fb      	bcs.n	10009a5c <__hexnan+0xc0>
10009a64:	1c79      	adds	r1, r7, #1
10009a66:	1c6a      	adds	r2, r5, #1
10009a68:	2304      	movs	r3, #4
10009a6a:	4291      	cmp	r1, r2
10009a6c:	d25c      	bcs.n	10009b28 <__hexnan+0x18c>
10009a6e:	4443      	add	r3, r8
10009a70:	001d      	movs	r5, r3
10009a72:	2300      	movs	r3, #0
10009a74:	c508      	stmia	r5!, {r3}
10009a76:	42af      	cmp	r7, r5
10009a78:	d2fc      	bcs.n	10009a74 <__hexnan+0xd8>
10009a7a:	4653      	mov	r3, sl
10009a7c:	681b      	ldr	r3, [r3, #0]
10009a7e:	2b00      	cmp	r3, #0
10009a80:	d109      	bne.n	10009a96 <__hexnan+0xfa>
10009a82:	4643      	mov	r3, r8
10009a84:	45b8      	cmp	r8, r7
10009a86:	d102      	bne.n	10009a8e <__hexnan+0xf2>
10009a88:	e046      	b.n	10009b18 <__hexnan+0x17c>
10009a8a:	42bb      	cmp	r3, r7
10009a8c:	d044      	beq.n	10009b18 <__hexnan+0x17c>
10009a8e:	3f04      	subs	r7, #4
10009a90:	683a      	ldr	r2, [r7, #0]
10009a92:	2a00      	cmp	r2, #0
10009a94:	d0f9      	beq.n	10009a8a <__hexnan+0xee>
10009a96:	2005      	movs	r0, #5
10009a98:	b005      	add	sp, #20
10009a9a:	bcf0      	pop	{r4, r5, r6, r7}
10009a9c:	46bb      	mov	fp, r7
10009a9e:	46b2      	mov	sl, r6
10009aa0:	46a9      	mov	r9, r5
10009aa2:	46a0      	mov	r8, r4
10009aa4:	bdf0      	pop	{r4, r5, r6, r7, pc}
10009aa6:	45a8      	cmp	r8, r5
10009aa8:	d2b7      	bcs.n	10009a1a <__hexnan+0x7e>
10009aaa:	2100      	movs	r1, #0
10009aac:	3d04      	subs	r5, #4
10009aae:	2401      	movs	r4, #1
10009ab0:	6029      	str	r1, [r5, #0]
10009ab2:	e7c0      	b.n	10009a36 <__hexnan+0x9a>
10009ab4:	2308      	movs	r3, #8
10009ab6:	1b1c      	subs	r4, r3, r4
10009ab8:	00a4      	lsls	r4, r4, #2
10009aba:	3318      	adds	r3, #24
10009abc:	1b19      	subs	r1, r3, r4
10009abe:	9002      	str	r0, [sp, #8]
10009ac0:	002e      	movs	r6, r5
10009ac2:	0008      	movs	r0, r1
10009ac4:	9403      	str	r4, [sp, #12]
10009ac6:	682b      	ldr	r3, [r5, #0]
10009ac8:	4664      	mov	r4, ip
10009aca:	4694      	mov	ip, r2
10009acc:	9a03      	ldr	r2, [sp, #12]
10009ace:	6871      	ldr	r1, [r6, #4]
10009ad0:	4081      	lsls	r1, r0
10009ad2:	430b      	orrs	r3, r1
10009ad4:	6033      	str	r3, [r6, #0]
10009ad6:	6873      	ldr	r3, [r6, #4]
10009ad8:	3604      	adds	r6, #4
10009ada:	40d3      	lsrs	r3, r2
10009adc:	6033      	str	r3, [r6, #0]
10009ade:	42a6      	cmp	r6, r4
10009ae0:	d3f5      	bcc.n	10009ace <__hexnan+0x132>
10009ae2:	4662      	mov	r2, ip
10009ae4:	9802      	ldr	r0, [sp, #8]
10009ae6:	46a4      	mov	ip, r4
10009ae8:	e78d      	b.n	10009a06 <__hexnan+0x6a>
10009aea:	001f      	movs	r7, r3
10009aec:	1d1a      	adds	r2, r3, #4
10009aee:	e76b      	b.n	100099c8 <__hexnan+0x2c>
10009af0:	9b01      	ldr	r3, [sp, #4]
10009af2:	2b00      	cmp	r3, #0
10009af4:	d0c1      	beq.n	10009a7a <__hexnan+0xde>
10009af6:	2220      	movs	r2, #32
10009af8:	9b01      	ldr	r3, [sp, #4]
10009afa:	1ad2      	subs	r2, r2, r3
10009afc:	2301      	movs	r3, #1
10009afe:	425b      	negs	r3, r3
10009b00:	40d3      	lsrs	r3, r2
10009b02:	4652      	mov	r2, sl
10009b04:	6812      	ldr	r2, [r2, #0]
10009b06:	4013      	ands	r3, r2
10009b08:	4652      	mov	r2, sl
10009b0a:	6013      	str	r3, [r2, #0]
10009b0c:	e7b7      	b.n	10009a7e <__hexnan+0xe2>
10009b0e:	465f      	mov	r7, fp
10009b10:	2929      	cmp	r1, #41	; 0x29
10009b12:	d005      	beq.n	10009b20 <__hexnan+0x184>
10009b14:	2004      	movs	r0, #4
10009b16:	e7bf      	b.n	10009a98 <__hexnan+0xfc>
10009b18:	2301      	movs	r3, #1
10009b1a:	2005      	movs	r0, #5
10009b1c:	603b      	str	r3, [r7, #0]
10009b1e:	e7bb      	b.n	10009a98 <__hexnan+0xfc>
10009b20:	9b00      	ldr	r3, [sp, #0]
10009b22:	3002      	adds	r0, #2
10009b24:	6018      	str	r0, [r3, #0]
10009b26:	e78f      	b.n	10009a48 <__hexnan+0xac>
10009b28:	1b7d      	subs	r5, r7, r5
10009b2a:	08ad      	lsrs	r5, r5, #2
10009b2c:	3501      	adds	r5, #1
10009b2e:	00ab      	lsls	r3, r5, #2
10009b30:	e79d      	b.n	10009a6e <__hexnan+0xd2>
10009b32:	2308      	movs	r3, #8
10009b34:	2620      	movs	r6, #32
10009b36:	1b1c      	subs	r4, r3, r4
10009b38:	00a4      	lsls	r4, r4, #2
10009b3a:	682b      	ldr	r3, [r5, #0]
10009b3c:	1b36      	subs	r6, r6, r4
10009b3e:	001a      	movs	r2, r3
10009b40:	0033      	movs	r3, r6
10009b42:	0028      	movs	r0, r5
10009b44:	0026      	movs	r6, r4
10009b46:	4664      	mov	r4, ip
10009b48:	46ac      	mov	ip, r5
10009b4a:	001d      	movs	r5, r3
10009b4c:	6841      	ldr	r1, [r0, #4]
10009b4e:	000b      	movs	r3, r1
10009b50:	40ab      	lsls	r3, r5
10009b52:	4313      	orrs	r3, r2
10009b54:	000a      	movs	r2, r1
10009b56:	40f2      	lsrs	r2, r6
10009b58:	6003      	str	r3, [r0, #0]
10009b5a:	6042      	str	r2, [r0, #4]
10009b5c:	3004      	adds	r0, #4
10009b5e:	4284      	cmp	r4, r0
10009b60:	d8f4      	bhi.n	10009b4c <__hexnan+0x1b0>
10009b62:	4665      	mov	r5, ip
10009b64:	e776      	b.n	10009a54 <__hexnan+0xb8>
10009b66:	46c0      	nop			; (mov r8, r8)
10009b68:	1000c29c 	.word	0x1000c29c

10009b6c <__retarget_lock_acquire_recursive>:
10009b6c:	4770      	bx	lr
10009b6e:	46c0      	nop			; (mov r8, r8)

10009b70 <__retarget_lock_release_recursive>:
10009b70:	4770      	bx	lr
10009b72:	46c0      	nop			; (mov r8, r8)

10009b74 <__ascii_mbtowc>:
10009b74:	b082      	sub	sp, #8
10009b76:	2900      	cmp	r1, #0
10009b78:	d00a      	beq.n	10009b90 <__ascii_mbtowc+0x1c>
10009b7a:	2a00      	cmp	r2, #0
10009b7c:	d00b      	beq.n	10009b96 <__ascii_mbtowc+0x22>
10009b7e:	2b00      	cmp	r3, #0
10009b80:	d00b      	beq.n	10009b9a <__ascii_mbtowc+0x26>
10009b82:	7813      	ldrb	r3, [r2, #0]
10009b84:	600b      	str	r3, [r1, #0]
10009b86:	7810      	ldrb	r0, [r2, #0]
10009b88:	1e43      	subs	r3, r0, #1
10009b8a:	4198      	sbcs	r0, r3
10009b8c:	b002      	add	sp, #8
10009b8e:	4770      	bx	lr
10009b90:	a901      	add	r1, sp, #4
10009b92:	2a00      	cmp	r2, #0
10009b94:	d1f3      	bne.n	10009b7e <__ascii_mbtowc+0xa>
10009b96:	2000      	movs	r0, #0
10009b98:	e7f8      	b.n	10009b8c <__ascii_mbtowc+0x18>
10009b9a:	2002      	movs	r0, #2
10009b9c:	4240      	negs	r0, r0
10009b9e:	e7f5      	b.n	10009b8c <__ascii_mbtowc+0x18>

10009ba0 <_Balloc>:
10009ba0:	6cc3      	ldr	r3, [r0, #76]	; 0x4c
10009ba2:	b570      	push	{r4, r5, r6, lr}
10009ba4:	0004      	movs	r4, r0
10009ba6:	000d      	movs	r5, r1
10009ba8:	2b00      	cmp	r3, #0
10009baa:	d00a      	beq.n	10009bc2 <_Balloc+0x22>
10009bac:	00a8      	lsls	r0, r5, #2
10009bae:	181b      	adds	r3, r3, r0
10009bb0:	6818      	ldr	r0, [r3, #0]
10009bb2:	2800      	cmp	r0, #0
10009bb4:	d00e      	beq.n	10009bd4 <_Balloc+0x34>
10009bb6:	6802      	ldr	r2, [r0, #0]
10009bb8:	601a      	str	r2, [r3, #0]
10009bba:	2300      	movs	r3, #0
10009bbc:	6103      	str	r3, [r0, #16]
10009bbe:	60c3      	str	r3, [r0, #12]
10009bc0:	bd70      	pop	{r4, r5, r6, pc}
10009bc2:	2221      	movs	r2, #33	; 0x21
10009bc4:	2104      	movs	r1, #4
10009bc6:	f7fd feef 	bl	100079a8 <_calloc_r>
10009bca:	1e03      	subs	r3, r0, #0
10009bcc:	64e0      	str	r0, [r4, #76]	; 0x4c
10009bce:	d1ed      	bne.n	10009bac <_Balloc+0xc>
10009bd0:	2000      	movs	r0, #0
10009bd2:	e7f5      	b.n	10009bc0 <_Balloc+0x20>
10009bd4:	2601      	movs	r6, #1
10009bd6:	40ae      	lsls	r6, r5
10009bd8:	1d72      	adds	r2, r6, #5
10009bda:	2101      	movs	r1, #1
10009bdc:	0020      	movs	r0, r4
10009bde:	0092      	lsls	r2, r2, #2
10009be0:	f7fd fee2 	bl	100079a8 <_calloc_r>
10009be4:	2800      	cmp	r0, #0
10009be6:	d0f3      	beq.n	10009bd0 <_Balloc+0x30>
10009be8:	6045      	str	r5, [r0, #4]
10009bea:	6086      	str	r6, [r0, #8]
10009bec:	e7e5      	b.n	10009bba <_Balloc+0x1a>
10009bee:	46c0      	nop			; (mov r8, r8)

10009bf0 <_Bfree>:
10009bf0:	2900      	cmp	r1, #0
10009bf2:	d006      	beq.n	10009c02 <_Bfree+0x12>
10009bf4:	684b      	ldr	r3, [r1, #4]
10009bf6:	009a      	lsls	r2, r3, #2
10009bf8:	6cc3      	ldr	r3, [r0, #76]	; 0x4c
10009bfa:	189b      	adds	r3, r3, r2
10009bfc:	681a      	ldr	r2, [r3, #0]
10009bfe:	600a      	str	r2, [r1, #0]
10009c00:	6019      	str	r1, [r3, #0]
10009c02:	4770      	bx	lr

10009c04 <__multadd>:
10009c04:	b5f0      	push	{r4, r5, r6, r7, lr}
10009c06:	46c6      	mov	lr, r8
10009c08:	001f      	movs	r7, r3
10009c0a:	4680      	mov	r8, r0
10009c0c:	2300      	movs	r3, #0
10009c0e:	b500      	push	{lr}
10009c10:	000e      	movs	r6, r1
10009c12:	690d      	ldr	r5, [r1, #16]
10009c14:	3114      	adds	r1, #20
10009c16:	680c      	ldr	r4, [r1, #0]
10009c18:	3301      	adds	r3, #1
10009c1a:	0420      	lsls	r0, r4, #16
10009c1c:	0c00      	lsrs	r0, r0, #16
10009c1e:	4350      	muls	r0, r2
10009c20:	0c24      	lsrs	r4, r4, #16
10009c22:	4354      	muls	r4, r2
10009c24:	19c0      	adds	r0, r0, r7
10009c26:	0c07      	lsrs	r7, r0, #16
10009c28:	19e4      	adds	r4, r4, r7
10009c2a:	0400      	lsls	r0, r0, #16
10009c2c:	0c27      	lsrs	r7, r4, #16
10009c2e:	0c00      	lsrs	r0, r0, #16
10009c30:	0424      	lsls	r4, r4, #16
10009c32:	1824      	adds	r4, r4, r0
10009c34:	c110      	stmia	r1!, {r4}
10009c36:	429d      	cmp	r5, r3
10009c38:	dced      	bgt.n	10009c16 <__multadd+0x12>
10009c3a:	2f00      	cmp	r7, #0
10009c3c:	d008      	beq.n	10009c50 <__multadd+0x4c>
10009c3e:	68b3      	ldr	r3, [r6, #8]
10009c40:	42ab      	cmp	r3, r5
10009c42:	dd09      	ble.n	10009c58 <__multadd+0x54>
10009c44:	1d2b      	adds	r3, r5, #4
10009c46:	009b      	lsls	r3, r3, #2
10009c48:	18f3      	adds	r3, r6, r3
10009c4a:	3501      	adds	r5, #1
10009c4c:	605f      	str	r7, [r3, #4]
10009c4e:	6135      	str	r5, [r6, #16]
10009c50:	0030      	movs	r0, r6
10009c52:	bc80      	pop	{r7}
10009c54:	46b8      	mov	r8, r7
10009c56:	bdf0      	pop	{r4, r5, r6, r7, pc}
10009c58:	6873      	ldr	r3, [r6, #4]
10009c5a:	4640      	mov	r0, r8
10009c5c:	1c59      	adds	r1, r3, #1
10009c5e:	f7ff ff9f 	bl	10009ba0 <_Balloc>
10009c62:	1e04      	subs	r4, r0, #0
10009c64:	d017      	beq.n	10009c96 <__multadd+0x92>
10009c66:	0031      	movs	r1, r6
10009c68:	6933      	ldr	r3, [r6, #16]
10009c6a:	310c      	adds	r1, #12
10009c6c:	1c9a      	adds	r2, r3, #2
10009c6e:	0092      	lsls	r2, r2, #2
10009c70:	300c      	adds	r0, #12
10009c72:	f7fb fa25 	bl	100050c0 <__wrap___aeabi_memcpy>
10009c76:	6873      	ldr	r3, [r6, #4]
10009c78:	009a      	lsls	r2, r3, #2
10009c7a:	4643      	mov	r3, r8
10009c7c:	6cdb      	ldr	r3, [r3, #76]	; 0x4c
10009c7e:	189b      	adds	r3, r3, r2
10009c80:	681a      	ldr	r2, [r3, #0]
10009c82:	6032      	str	r2, [r6, #0]
10009c84:	601e      	str	r6, [r3, #0]
10009c86:	0026      	movs	r6, r4
10009c88:	1d2b      	adds	r3, r5, #4
10009c8a:	009b      	lsls	r3, r3, #2
10009c8c:	18f3      	adds	r3, r6, r3
10009c8e:	3501      	adds	r5, #1
10009c90:	605f      	str	r7, [r3, #4]
10009c92:	6135      	str	r5, [r6, #16]
10009c94:	e7dc      	b.n	10009c50 <__multadd+0x4c>
10009c96:	2200      	movs	r2, #0
10009c98:	21b5      	movs	r1, #181	; 0xb5
10009c9a:	4b02      	ldr	r3, [pc, #8]	; (10009ca4 <__multadd+0xa0>)
10009c9c:	4802      	ldr	r0, [pc, #8]	; (10009ca8 <__multadd+0xa4>)
10009c9e:	f7f8 fe3f 	bl	10002920 <__assert_func>
10009ca2:	46c0      	nop			; (mov r8, r8)
10009ca4:	1000c200 	.word	0x1000c200
10009ca8:	1000c3b4 	.word	0x1000c3b4

10009cac <__s2b>:
10009cac:	b5f8      	push	{r3, r4, r5, r6, r7, lr}
10009cae:	4647      	mov	r7, r8
10009cb0:	46ce      	mov	lr, r9
10009cb2:	0006      	movs	r6, r0
10009cb4:	0018      	movs	r0, r3
10009cb6:	b580      	push	{r7, lr}
10009cb8:	000c      	movs	r4, r1
10009cba:	3008      	adds	r0, #8
10009cbc:	2109      	movs	r1, #9
10009cbe:	001f      	movs	r7, r3
10009cc0:	4690      	mov	r8, r2
10009cc2:	f7f9 ffb3 	bl	10003c2c <__wrap___aeabi_idiv>
10009cc6:	2f09      	cmp	r7, #9
10009cc8:	dd3b      	ble.n	10009d42 <__s2b+0x96>
10009cca:	2501      	movs	r5, #1
10009ccc:	2100      	movs	r1, #0
10009cce:	006d      	lsls	r5, r5, #1
10009cd0:	3101      	adds	r1, #1
10009cd2:	42a8      	cmp	r0, r5
10009cd4:	dcfb      	bgt.n	10009cce <__s2b+0x22>
10009cd6:	0030      	movs	r0, r6
10009cd8:	f7ff ff62 	bl	10009ba0 <_Balloc>
10009cdc:	1e01      	subs	r1, r0, #0
10009cde:	d032      	beq.n	10009d46 <__s2b+0x9a>
10009ce0:	9b08      	ldr	r3, [sp, #32]
10009ce2:	6143      	str	r3, [r0, #20]
10009ce4:	2301      	movs	r3, #1
10009ce6:	6103      	str	r3, [r0, #16]
10009ce8:	4643      	mov	r3, r8
10009cea:	2b09      	cmp	r3, #9
10009cec:	dc16      	bgt.n	10009d1c <__s2b+0x70>
10009cee:	2309      	movs	r3, #9
10009cf0:	4698      	mov	r8, r3
10009cf2:	340a      	adds	r4, #10
10009cf4:	4547      	cmp	r7, r8
10009cf6:	dd0c      	ble.n	10009d12 <__s2b+0x66>
10009cf8:	4643      	mov	r3, r8
10009cfa:	19e7      	adds	r7, r4, r7
10009cfc:	1aff      	subs	r7, r7, r3
10009cfe:	7823      	ldrb	r3, [r4, #0]
10009d00:	220a      	movs	r2, #10
10009d02:	0030      	movs	r0, r6
10009d04:	3b30      	subs	r3, #48	; 0x30
10009d06:	f7ff ff7d 	bl	10009c04 <__multadd>
10009d0a:	3401      	adds	r4, #1
10009d0c:	0001      	movs	r1, r0
10009d0e:	42bc      	cmp	r4, r7
10009d10:	d1f5      	bne.n	10009cfe <__s2b+0x52>
10009d12:	0008      	movs	r0, r1
10009d14:	bcc0      	pop	{r6, r7}
10009d16:	46b9      	mov	r9, r7
10009d18:	46b0      	mov	r8, r6
10009d1a:	bdf8      	pop	{r3, r4, r5, r6, r7, pc}
10009d1c:	2309      	movs	r3, #9
10009d1e:	4699      	mov	r9, r3
10009d20:	44a1      	add	r9, r4
10009d22:	464d      	mov	r5, r9
10009d24:	4444      	add	r4, r8
10009d26:	782b      	ldrb	r3, [r5, #0]
10009d28:	220a      	movs	r2, #10
10009d2a:	0030      	movs	r0, r6
10009d2c:	3b30      	subs	r3, #48	; 0x30
10009d2e:	f7ff ff69 	bl	10009c04 <__multadd>
10009d32:	3501      	adds	r5, #1
10009d34:	0001      	movs	r1, r0
10009d36:	42a5      	cmp	r5, r4
10009d38:	d1f5      	bne.n	10009d26 <__s2b+0x7a>
10009d3a:	4644      	mov	r4, r8
10009d3c:	3c08      	subs	r4, #8
10009d3e:	444c      	add	r4, r9
10009d40:	e7d8      	b.n	10009cf4 <__s2b+0x48>
10009d42:	2100      	movs	r1, #0
10009d44:	e7c7      	b.n	10009cd6 <__s2b+0x2a>
10009d46:	2200      	movs	r2, #0
10009d48:	4b02      	ldr	r3, [pc, #8]	; (10009d54 <__s2b+0xa8>)
10009d4a:	4803      	ldr	r0, [pc, #12]	; (10009d58 <__s2b+0xac>)
10009d4c:	31ce      	adds	r1, #206	; 0xce
10009d4e:	f7f8 fde7 	bl	10002920 <__assert_func>
10009d52:	46c0      	nop			; (mov r8, r8)
10009d54:	1000c200 	.word	0x1000c200
10009d58:	1000c3b4 	.word	0x1000c3b4

10009d5c <__hi0bits>:
10009d5c:	0003      	movs	r3, r0
10009d5e:	0c02      	lsrs	r2, r0, #16
10009d60:	2000      	movs	r0, #0
10009d62:	2a00      	cmp	r2, #0
10009d64:	d101      	bne.n	10009d6a <__hi0bits+0xe>
10009d66:	041b      	lsls	r3, r3, #16
10009d68:	3010      	adds	r0, #16
10009d6a:	0e1a      	lsrs	r2, r3, #24
10009d6c:	d101      	bne.n	10009d72 <__hi0bits+0x16>
10009d6e:	3008      	adds	r0, #8
10009d70:	021b      	lsls	r3, r3, #8
10009d72:	0f1a      	lsrs	r2, r3, #28
10009d74:	d101      	bne.n	10009d7a <__hi0bits+0x1e>
10009d76:	3004      	adds	r0, #4
10009d78:	011b      	lsls	r3, r3, #4
10009d7a:	0f9a      	lsrs	r2, r3, #30
10009d7c:	d101      	bne.n	10009d82 <__hi0bits+0x26>
10009d7e:	3002      	adds	r0, #2
10009d80:	009b      	lsls	r3, r3, #2
10009d82:	2b00      	cmp	r3, #0
10009d84:	db02      	blt.n	10009d8c <__hi0bits+0x30>
10009d86:	3001      	adds	r0, #1
10009d88:	005b      	lsls	r3, r3, #1
10009d8a:	d500      	bpl.n	10009d8e <__hi0bits+0x32>
10009d8c:	4770      	bx	lr
10009d8e:	2020      	movs	r0, #32
10009d90:	e7fc      	b.n	10009d8c <__hi0bits+0x30>
10009d92:	46c0      	nop			; (mov r8, r8)

10009d94 <__lo0bits>:
10009d94:	6803      	ldr	r3, [r0, #0]
10009d96:	0002      	movs	r2, r0
10009d98:	0759      	lsls	r1, r3, #29
10009d9a:	d007      	beq.n	10009dac <__lo0bits+0x18>
10009d9c:	07d9      	lsls	r1, r3, #31
10009d9e:	d41e      	bmi.n	10009dde <__lo0bits+0x4a>
10009da0:	0799      	lsls	r1, r3, #30
10009da2:	d520      	bpl.n	10009de6 <__lo0bits+0x52>
10009da4:	085b      	lsrs	r3, r3, #1
10009da6:	6003      	str	r3, [r0, #0]
10009da8:	2001      	movs	r0, #1
10009daa:	4770      	bx	lr
10009dac:	2000      	movs	r0, #0
10009dae:	0419      	lsls	r1, r3, #16
10009db0:	d101      	bne.n	10009db6 <__lo0bits+0x22>
10009db2:	0c1b      	lsrs	r3, r3, #16
10009db4:	3010      	adds	r0, #16
10009db6:	21ff      	movs	r1, #255	; 0xff
10009db8:	4219      	tst	r1, r3
10009dba:	d101      	bne.n	10009dc0 <__lo0bits+0x2c>
10009dbc:	3008      	adds	r0, #8
10009dbe:	0a1b      	lsrs	r3, r3, #8
10009dc0:	0719      	lsls	r1, r3, #28
10009dc2:	d101      	bne.n	10009dc8 <__lo0bits+0x34>
10009dc4:	3004      	adds	r0, #4
10009dc6:	091b      	lsrs	r3, r3, #4
10009dc8:	0799      	lsls	r1, r3, #30
10009dca:	d101      	bne.n	10009dd0 <__lo0bits+0x3c>
10009dcc:	3002      	adds	r0, #2
10009dce:	089b      	lsrs	r3, r3, #2
10009dd0:	07d9      	lsls	r1, r3, #31
10009dd2:	d402      	bmi.n	10009dda <__lo0bits+0x46>
10009dd4:	3001      	adds	r0, #1
10009dd6:	085b      	lsrs	r3, r3, #1
10009dd8:	d003      	beq.n	10009de2 <__lo0bits+0x4e>
10009dda:	6013      	str	r3, [r2, #0]
10009ddc:	e7e5      	b.n	10009daa <__lo0bits+0x16>
10009dde:	2000      	movs	r0, #0
10009de0:	e7e3      	b.n	10009daa <__lo0bits+0x16>
10009de2:	2020      	movs	r0, #32
10009de4:	e7e1      	b.n	10009daa <__lo0bits+0x16>
10009de6:	089b      	lsrs	r3, r3, #2
10009de8:	6003      	str	r3, [r0, #0]
10009dea:	2002      	movs	r0, #2
10009dec:	e7dd      	b.n	10009daa <__lo0bits+0x16>
10009dee:	46c0      	nop			; (mov r8, r8)

10009df0 <__i2b>:
10009df0:	6cc3      	ldr	r3, [r0, #76]	; 0x4c
10009df2:	b570      	push	{r4, r5, r6, lr}
10009df4:	0004      	movs	r4, r0
10009df6:	000d      	movs	r5, r1
10009df8:	2b00      	cmp	r3, #0
10009dfa:	d00a      	beq.n	10009e12 <__i2b+0x22>
10009dfc:	6858      	ldr	r0, [r3, #4]
10009dfe:	2800      	cmp	r0, #0
10009e00:	d015      	beq.n	10009e2e <__i2b+0x3e>
10009e02:	6802      	ldr	r2, [r0, #0]
10009e04:	605a      	str	r2, [r3, #4]
10009e06:	2300      	movs	r3, #0
10009e08:	60c3      	str	r3, [r0, #12]
10009e0a:	3301      	adds	r3, #1
10009e0c:	6145      	str	r5, [r0, #20]
10009e0e:	6103      	str	r3, [r0, #16]
10009e10:	bd70      	pop	{r4, r5, r6, pc}
10009e12:	2221      	movs	r2, #33	; 0x21
10009e14:	2104      	movs	r1, #4
10009e16:	f7fd fdc7 	bl	100079a8 <_calloc_r>
10009e1a:	1e03      	subs	r3, r0, #0
10009e1c:	64e0      	str	r0, [r4, #76]	; 0x4c
10009e1e:	d1ed      	bne.n	10009dfc <__i2b+0xc>
10009e20:	21a0      	movs	r1, #160	; 0xa0
10009e22:	2200      	movs	r2, #0
10009e24:	4b08      	ldr	r3, [pc, #32]	; (10009e48 <__i2b+0x58>)
10009e26:	4809      	ldr	r0, [pc, #36]	; (10009e4c <__i2b+0x5c>)
10009e28:	0049      	lsls	r1, r1, #1
10009e2a:	f7f8 fd79 	bl	10002920 <__assert_func>
10009e2e:	221c      	movs	r2, #28
10009e30:	2101      	movs	r1, #1
10009e32:	0020      	movs	r0, r4
10009e34:	f7fd fdb8 	bl	100079a8 <_calloc_r>
10009e38:	2800      	cmp	r0, #0
10009e3a:	d0f1      	beq.n	10009e20 <__i2b+0x30>
10009e3c:	2301      	movs	r3, #1
10009e3e:	6043      	str	r3, [r0, #4]
10009e40:	3301      	adds	r3, #1
10009e42:	6083      	str	r3, [r0, #8]
10009e44:	e7df      	b.n	10009e06 <__i2b+0x16>
10009e46:	46c0      	nop			; (mov r8, r8)
10009e48:	1000c200 	.word	0x1000c200
10009e4c:	1000c3b4 	.word	0x1000c3b4

10009e50 <__multiply>:
10009e50:	b5f0      	push	{r4, r5, r6, r7, lr}
10009e52:	464e      	mov	r6, r9
10009e54:	4645      	mov	r5, r8
10009e56:	46de      	mov	lr, fp
10009e58:	4657      	mov	r7, sl
10009e5a:	b5e0      	push	{r5, r6, r7, lr}
10009e5c:	690d      	ldr	r5, [r1, #16]
10009e5e:	6916      	ldr	r6, [r2, #16]
10009e60:	4689      	mov	r9, r1
10009e62:	0014      	movs	r4, r2
10009e64:	b087      	sub	sp, #28
10009e66:	42b5      	cmp	r5, r6
10009e68:	db04      	blt.n	10009e74 <__multiply+0x24>
10009e6a:	0033      	movs	r3, r6
10009e6c:	000c      	movs	r4, r1
10009e6e:	002e      	movs	r6, r5
10009e70:	4691      	mov	r9, r2
10009e72:	001d      	movs	r5, r3
10009e74:	68a3      	ldr	r3, [r4, #8]
10009e76:	1977      	adds	r7, r6, r5
10009e78:	6861      	ldr	r1, [r4, #4]
10009e7a:	42bb      	cmp	r3, r7
10009e7c:	da00      	bge.n	10009e80 <__multiply+0x30>
10009e7e:	3101      	adds	r1, #1
10009e80:	f7ff fe8e 	bl	10009ba0 <_Balloc>
10009e84:	9005      	str	r0, [sp, #20]
10009e86:	2800      	cmp	r0, #0
10009e88:	d100      	bne.n	10009e8c <__multiply+0x3c>
10009e8a:	e0a7      	b.n	10009fdc <__multiply+0x18c>
10009e8c:	2214      	movs	r2, #20
10009e8e:	4694      	mov	ip, r2
10009e90:	9b05      	ldr	r3, [sp, #20]
10009e92:	2200      	movs	r2, #0
10009e94:	4463      	add	r3, ip
10009e96:	469b      	mov	fp, r3
10009e98:	00bb      	lsls	r3, r7, #2
10009e9a:	445b      	add	r3, fp
10009e9c:	469a      	mov	sl, r3
10009e9e:	465b      	mov	r3, fp
10009ea0:	4651      	mov	r1, sl
10009ea2:	45d3      	cmp	fp, sl
10009ea4:	d203      	bcs.n	10009eae <__multiply+0x5e>
10009ea6:	c304      	stmia	r3!, {r2}
10009ea8:	4299      	cmp	r1, r3
10009eaa:	d8fc      	bhi.n	10009ea6 <__multiply+0x56>
10009eac:	468a      	mov	sl, r1
10009eae:	2314      	movs	r3, #20
10009eb0:	469c      	mov	ip, r3
10009eb2:	44a4      	add	ip, r4
10009eb4:	4663      	mov	r3, ip
10009eb6:	9304      	str	r3, [sp, #16]
10009eb8:	2314      	movs	r3, #20
10009eba:	00b6      	lsls	r6, r6, #2
10009ebc:	4466      	add	r6, ip
10009ebe:	00ad      	lsls	r5, r5, #2
10009ec0:	469c      	mov	ip, r3
10009ec2:	002b      	movs	r3, r5
10009ec4:	44e1      	add	r9, ip
10009ec6:	444b      	add	r3, r9
10009ec8:	9302      	str	r3, [sp, #8]
10009eca:	4599      	cmp	r9, r3
10009ecc:	d26e      	bcs.n	10009fac <__multiply+0x15c>
10009ece:	2304      	movs	r3, #4
10009ed0:	9303      	str	r3, [sp, #12]
10009ed2:	0023      	movs	r3, r4
10009ed4:	3315      	adds	r3, #21
10009ed6:	429e      	cmp	r6, r3
10009ed8:	d200      	bcs.n	10009edc <__multiply+0x8c>
10009eda:	e07c      	b.n	10009fd6 <__multiply+0x186>
10009edc:	1b33      	subs	r3, r6, r4
10009ede:	3b15      	subs	r3, #21
10009ee0:	089b      	lsrs	r3, r3, #2
10009ee2:	3301      	adds	r3, #1
10009ee4:	009b      	lsls	r3, r3, #2
10009ee6:	46b8      	mov	r8, r7
10009ee8:	9303      	str	r3, [sp, #12]
10009eea:	9601      	str	r6, [sp, #4]
10009eec:	e008      	b.n	10009f00 <__multiply+0xb0>
10009eee:	0c00      	lsrs	r0, r0, #16
10009ef0:	d131      	bne.n	10009f56 <__multiply+0x106>
10009ef2:	2304      	movs	r3, #4
10009ef4:	469c      	mov	ip, r3
10009ef6:	9b02      	ldr	r3, [sp, #8]
10009ef8:	44e1      	add	r9, ip
10009efa:	44e3      	add	fp, ip
10009efc:	454b      	cmp	r3, r9
10009efe:	d954      	bls.n	10009faa <__multiply+0x15a>
10009f00:	464b      	mov	r3, r9
10009f02:	6818      	ldr	r0, [r3, #0]
10009f04:	0403      	lsls	r3, r0, #16
10009f06:	0c1e      	lsrs	r6, r3, #16
10009f08:	2b00      	cmp	r3, #0
10009f0a:	d0f0      	beq.n	10009eee <__multiply+0x9e>
10009f0c:	9b01      	ldr	r3, [sp, #4]
10009f0e:	465d      	mov	r5, fp
10009f10:	2700      	movs	r7, #0
10009f12:	469c      	mov	ip, r3
10009f14:	9c04      	ldr	r4, [sp, #16]
10009f16:	cc04      	ldmia	r4!, {r2}
10009f18:	6829      	ldr	r1, [r5, #0]
10009f1a:	0413      	lsls	r3, r2, #16
10009f1c:	0c1b      	lsrs	r3, r3, #16
10009f1e:	4373      	muls	r3, r6
10009f20:	0408      	lsls	r0, r1, #16
10009f22:	0c00      	lsrs	r0, r0, #16
10009f24:	181b      	adds	r3, r3, r0
10009f26:	19d8      	adds	r0, r3, r7
10009f28:	0c13      	lsrs	r3, r2, #16
10009f2a:	4373      	muls	r3, r6
10009f2c:	0c09      	lsrs	r1, r1, #16
10009f2e:	0c02      	lsrs	r2, r0, #16
10009f30:	185b      	adds	r3, r3, r1
10009f32:	189b      	adds	r3, r3, r2
10009f34:	0402      	lsls	r2, r0, #16
10009f36:	0c1f      	lsrs	r7, r3, #16
10009f38:	0c12      	lsrs	r2, r2, #16
10009f3a:	041b      	lsls	r3, r3, #16
10009f3c:	4313      	orrs	r3, r2
10009f3e:	c508      	stmia	r5!, {r3}
10009f40:	45a4      	cmp	ip, r4
10009f42:	d8e8      	bhi.n	10009f16 <__multiply+0xc6>
10009f44:	4663      	mov	r3, ip
10009f46:	9301      	str	r3, [sp, #4]
10009f48:	465b      	mov	r3, fp
10009f4a:	9a03      	ldr	r2, [sp, #12]
10009f4c:	509f      	str	r7, [r3, r2]
10009f4e:	464b      	mov	r3, r9
10009f50:	6818      	ldr	r0, [r3, #0]
10009f52:	0c00      	lsrs	r0, r0, #16
10009f54:	d0cd      	beq.n	10009ef2 <__multiply+0xa2>
10009f56:	465b      	mov	r3, fp
10009f58:	2700      	movs	r7, #0
10009f5a:	681b      	ldr	r3, [r3, #0]
10009f5c:	465c      	mov	r4, fp
10009f5e:	0019      	movs	r1, r3
10009f60:	003e      	movs	r6, r7
10009f62:	9d04      	ldr	r5, [sp, #16]
10009f64:	9a01      	ldr	r2, [sp, #4]
10009f66:	882f      	ldrh	r7, [r5, #0]
10009f68:	0c09      	lsrs	r1, r1, #16
10009f6a:	4347      	muls	r7, r0
10009f6c:	187f      	adds	r7, r7, r1
10009f6e:	19bf      	adds	r7, r7, r6
10009f70:	041b      	lsls	r3, r3, #16
10009f72:	0439      	lsls	r1, r7, #16
10009f74:	0c1b      	lsrs	r3, r3, #16
10009f76:	430b      	orrs	r3, r1
10009f78:	6023      	str	r3, [r4, #0]
10009f7a:	cd08      	ldmia	r5!, {r3}
10009f7c:	6861      	ldr	r1, [r4, #4]
10009f7e:	0c1b      	lsrs	r3, r3, #16
10009f80:	4343      	muls	r3, r0
10009f82:	040e      	lsls	r6, r1, #16
10009f84:	0c36      	lsrs	r6, r6, #16
10009f86:	199b      	adds	r3, r3, r6
10009f88:	0c3f      	lsrs	r7, r7, #16
10009f8a:	19db      	adds	r3, r3, r7
10009f8c:	0c1e      	lsrs	r6, r3, #16
10009f8e:	3404      	adds	r4, #4
10009f90:	42aa      	cmp	r2, r5
10009f92:	d8e8      	bhi.n	10009f66 <__multiply+0x116>
10009f94:	9201      	str	r2, [sp, #4]
10009f96:	465a      	mov	r2, fp
10009f98:	9903      	ldr	r1, [sp, #12]
10009f9a:	5053      	str	r3, [r2, r1]
10009f9c:	2304      	movs	r3, #4
10009f9e:	469c      	mov	ip, r3
10009fa0:	9b02      	ldr	r3, [sp, #8]
10009fa2:	44e1      	add	r9, ip
10009fa4:	44e3      	add	fp, ip
10009fa6:	454b      	cmp	r3, r9
10009fa8:	d8aa      	bhi.n	10009f00 <__multiply+0xb0>
10009faa:	4647      	mov	r7, r8
10009fac:	4653      	mov	r3, sl
10009fae:	2f00      	cmp	r7, #0
10009fb0:	dc03      	bgt.n	10009fba <__multiply+0x16a>
10009fb2:	e006      	b.n	10009fc2 <__multiply+0x172>
10009fb4:	3f01      	subs	r7, #1
10009fb6:	2f00      	cmp	r7, #0
10009fb8:	d003      	beq.n	10009fc2 <__multiply+0x172>
10009fba:	3b04      	subs	r3, #4
10009fbc:	681a      	ldr	r2, [r3, #0]
10009fbe:	2a00      	cmp	r2, #0
10009fc0:	d0f8      	beq.n	10009fb4 <__multiply+0x164>
10009fc2:	9b05      	ldr	r3, [sp, #20]
10009fc4:	0018      	movs	r0, r3
10009fc6:	611f      	str	r7, [r3, #16]
10009fc8:	b007      	add	sp, #28
10009fca:	bcf0      	pop	{r4, r5, r6, r7}
10009fcc:	46bb      	mov	fp, r7
10009fce:	46b2      	mov	sl, r6
10009fd0:	46a9      	mov	r9, r5
10009fd2:	46a0      	mov	r8, r4
10009fd4:	bdf0      	pop	{r4, r5, r6, r7, pc}
10009fd6:	46b8      	mov	r8, r7
10009fd8:	9601      	str	r6, [sp, #4]
10009fda:	e791      	b.n	10009f00 <__multiply+0xb0>
10009fdc:	215e      	movs	r1, #94	; 0x5e
10009fde:	2200      	movs	r2, #0
10009fe0:	4b02      	ldr	r3, [pc, #8]	; (10009fec <__multiply+0x19c>)
10009fe2:	4803      	ldr	r0, [pc, #12]	; (10009ff0 <__multiply+0x1a0>)
10009fe4:	31ff      	adds	r1, #255	; 0xff
10009fe6:	f7f8 fc9b 	bl	10002920 <__assert_func>
10009fea:	46c0      	nop			; (mov r8, r8)
10009fec:	1000c200 	.word	0x1000c200
10009ff0:	1000c3b4 	.word	0x1000c3b4

10009ff4 <__pow5mult>:
10009ff4:	b5f8      	push	{r3, r4, r5, r6, r7, lr}
10009ff6:	2303      	movs	r3, #3
10009ff8:	4647      	mov	r7, r8
10009ffa:	0014      	movs	r4, r2
10009ffc:	46ce      	mov	lr, r9
10009ffe:	001a      	movs	r2, r3
1000a000:	b580      	push	{r7, lr}
1000a002:	000e      	movs	r6, r1
1000a004:	0007      	movs	r7, r0
1000a006:	4022      	ands	r2, r4
1000a008:	4223      	tst	r3, r4
1000a00a:	d138      	bne.n	1000a07e <__pow5mult+0x8a>
1000a00c:	10a4      	asrs	r4, r4, #2
1000a00e:	d025      	beq.n	1000a05c <__pow5mult+0x68>
1000a010:	6cbd      	ldr	r5, [r7, #72]	; 0x48
1000a012:	2d00      	cmp	r5, #0
1000a014:	d03c      	beq.n	1000a090 <__pow5mult+0x9c>
1000a016:	2301      	movs	r3, #1
1000a018:	4698      	mov	r8, r3
1000a01a:	2300      	movs	r3, #0
1000a01c:	4699      	mov	r9, r3
1000a01e:	4643      	mov	r3, r8
1000a020:	4223      	tst	r3, r4
1000a022:	d108      	bne.n	1000a036 <__pow5mult+0x42>
1000a024:	1064      	asrs	r4, r4, #1
1000a026:	d019      	beq.n	1000a05c <__pow5mult+0x68>
1000a028:	6828      	ldr	r0, [r5, #0]
1000a02a:	2800      	cmp	r0, #0
1000a02c:	d01b      	beq.n	1000a066 <__pow5mult+0x72>
1000a02e:	0005      	movs	r5, r0
1000a030:	4643      	mov	r3, r8
1000a032:	4223      	tst	r3, r4
1000a034:	d0f6      	beq.n	1000a024 <__pow5mult+0x30>
1000a036:	002a      	movs	r2, r5
1000a038:	0031      	movs	r1, r6
1000a03a:	0038      	movs	r0, r7
1000a03c:	f7ff ff08 	bl	10009e50 <__multiply>
1000a040:	2e00      	cmp	r6, #0
1000a042:	d01a      	beq.n	1000a07a <__pow5mult+0x86>
1000a044:	6cfa      	ldr	r2, [r7, #76]	; 0x4c
1000a046:	6873      	ldr	r3, [r6, #4]
1000a048:	4694      	mov	ip, r2
1000a04a:	009b      	lsls	r3, r3, #2
1000a04c:	4463      	add	r3, ip
1000a04e:	681a      	ldr	r2, [r3, #0]
1000a050:	1064      	asrs	r4, r4, #1
1000a052:	6032      	str	r2, [r6, #0]
1000a054:	601e      	str	r6, [r3, #0]
1000a056:	0006      	movs	r6, r0
1000a058:	2c00      	cmp	r4, #0
1000a05a:	d1e5      	bne.n	1000a028 <__pow5mult+0x34>
1000a05c:	0030      	movs	r0, r6
1000a05e:	bcc0      	pop	{r6, r7}
1000a060:	46b9      	mov	r9, r7
1000a062:	46b0      	mov	r8, r6
1000a064:	bdf8      	pop	{r3, r4, r5, r6, r7, pc}
1000a066:	002a      	movs	r2, r5
1000a068:	0029      	movs	r1, r5
1000a06a:	0038      	movs	r0, r7
1000a06c:	f7ff fef0 	bl	10009e50 <__multiply>
1000a070:	464b      	mov	r3, r9
1000a072:	6028      	str	r0, [r5, #0]
1000a074:	0005      	movs	r5, r0
1000a076:	6003      	str	r3, [r0, #0]
1000a078:	e7da      	b.n	1000a030 <__pow5mult+0x3c>
1000a07a:	0006      	movs	r6, r0
1000a07c:	e7d2      	b.n	1000a024 <__pow5mult+0x30>
1000a07e:	4b0f      	ldr	r3, [pc, #60]	; (1000a0bc <__pow5mult+0xc8>)
1000a080:	3a01      	subs	r2, #1
1000a082:	0092      	lsls	r2, r2, #2
1000a084:	58d2      	ldr	r2, [r2, r3]
1000a086:	2300      	movs	r3, #0
1000a088:	f7ff fdbc 	bl	10009c04 <__multadd>
1000a08c:	0006      	movs	r6, r0
1000a08e:	e7bd      	b.n	1000a00c <__pow5mult+0x18>
1000a090:	2101      	movs	r1, #1
1000a092:	0038      	movs	r0, r7
1000a094:	f7ff fd84 	bl	10009ba0 <_Balloc>
1000a098:	1e05      	subs	r5, r0, #0
1000a09a:	d007      	beq.n	1000a0ac <__pow5mult+0xb8>
1000a09c:	4b08      	ldr	r3, [pc, #32]	; (1000a0c0 <__pow5mult+0xcc>)
1000a09e:	6143      	str	r3, [r0, #20]
1000a0a0:	2301      	movs	r3, #1
1000a0a2:	6103      	str	r3, [r0, #16]
1000a0a4:	2300      	movs	r3, #0
1000a0a6:	64b8      	str	r0, [r7, #72]	; 0x48
1000a0a8:	6003      	str	r3, [r0, #0]
1000a0aa:	e7b4      	b.n	1000a016 <__pow5mult+0x22>
1000a0ac:	21a0      	movs	r1, #160	; 0xa0
1000a0ae:	2200      	movs	r2, #0
1000a0b0:	4b04      	ldr	r3, [pc, #16]	; (1000a0c4 <__pow5mult+0xd0>)
1000a0b2:	4805      	ldr	r0, [pc, #20]	; (1000a0c8 <__pow5mult+0xd4>)
1000a0b4:	0049      	lsls	r1, r1, #1
1000a0b6:	f7f8 fc33 	bl	10002920 <__assert_func>
1000a0ba:	46c0      	nop			; (mov r8, r8)
1000a0bc:	1000c528 	.word	0x1000c528
1000a0c0:	00000271 	.word	0x00000271
1000a0c4:	1000c200 	.word	0x1000c200
1000a0c8:	1000c3b4 	.word	0x1000c3b4

1000a0cc <__lshift>:
1000a0cc:	b5f0      	push	{r4, r5, r6, r7, lr}
1000a0ce:	000c      	movs	r4, r1
1000a0d0:	6923      	ldr	r3, [r4, #16]
1000a0d2:	4645      	mov	r5, r8
1000a0d4:	46de      	mov	lr, fp
1000a0d6:	4657      	mov	r7, sl
1000a0d8:	464e      	mov	r6, r9
1000a0da:	4698      	mov	r8, r3
1000a0dc:	b5e0      	push	{r5, r6, r7, lr}
1000a0de:	1157      	asrs	r7, r2, #5
1000a0e0:	44b8      	add	r8, r7
1000a0e2:	4643      	mov	r3, r8
1000a0e4:	1c5d      	adds	r5, r3, #1
1000a0e6:	68a3      	ldr	r3, [r4, #8]
1000a0e8:	4683      	mov	fp, r0
1000a0ea:	0016      	movs	r6, r2
1000a0ec:	6849      	ldr	r1, [r1, #4]
1000a0ee:	b083      	sub	sp, #12
1000a0f0:	429d      	cmp	r5, r3
1000a0f2:	dd03      	ble.n	1000a0fc <__lshift+0x30>
1000a0f4:	3101      	adds	r1, #1
1000a0f6:	005b      	lsls	r3, r3, #1
1000a0f8:	429d      	cmp	r5, r3
1000a0fa:	dcfb      	bgt.n	1000a0f4 <__lshift+0x28>
1000a0fc:	4658      	mov	r0, fp
1000a0fe:	f7ff fd4f 	bl	10009ba0 <_Balloc>
1000a102:	4684      	mov	ip, r0
1000a104:	2800      	cmp	r0, #0
1000a106:	d053      	beq.n	1000a1b0 <__lshift+0xe4>
1000a108:	3014      	adds	r0, #20
1000a10a:	0003      	movs	r3, r0
1000a10c:	9001      	str	r0, [sp, #4]
1000a10e:	2f00      	cmp	r7, #0
1000a110:	dd0c      	ble.n	1000a12c <__lshift+0x60>
1000a112:	00bf      	lsls	r7, r7, #2
1000a114:	003a      	movs	r2, r7
1000a116:	2100      	movs	r1, #0
1000a118:	3214      	adds	r2, #20
1000a11a:	4462      	add	r2, ip
1000a11c:	c302      	stmia	r3!, {r1}
1000a11e:	4293      	cmp	r3, r2
1000a120:	d1fc      	bne.n	1000a11c <__lshift+0x50>
1000a122:	9b01      	ldr	r3, [sp, #4]
1000a124:	4699      	mov	r9, r3
1000a126:	44b9      	add	r9, r7
1000a128:	464b      	mov	r3, r9
1000a12a:	9301      	str	r3, [sp, #4]
1000a12c:	6922      	ldr	r2, [r4, #16]
1000a12e:	0023      	movs	r3, r4
1000a130:	0091      	lsls	r1, r2, #2
1000a132:	221f      	movs	r2, #31
1000a134:	0010      	movs	r0, r2
1000a136:	3314      	adds	r3, #20
1000a138:	4030      	ands	r0, r6
1000a13a:	4681      	mov	r9, r0
1000a13c:	1859      	adds	r1, r3, r1
1000a13e:	4232      	tst	r2, r6
1000a140:	d030      	beq.n	1000a1a4 <__lshift+0xd8>
1000a142:	3201      	adds	r2, #1
1000a144:	1a12      	subs	r2, r2, r0
1000a146:	4692      	mov	sl, r2
1000a148:	2600      	movs	r6, #0
1000a14a:	9f01      	ldr	r7, [sp, #4]
1000a14c:	4648      	mov	r0, r9
1000a14e:	681a      	ldr	r2, [r3, #0]
1000a150:	4082      	lsls	r2, r0
1000a152:	4332      	orrs	r2, r6
1000a154:	c704      	stmia	r7!, {r2}
1000a156:	4652      	mov	r2, sl
1000a158:	cb40      	ldmia	r3!, {r6}
1000a15a:	40d6      	lsrs	r6, r2
1000a15c:	4299      	cmp	r1, r3
1000a15e:	d8f5      	bhi.n	1000a14c <__lshift+0x80>
1000a160:	0022      	movs	r2, r4
1000a162:	3215      	adds	r2, #21
1000a164:	2304      	movs	r3, #4
1000a166:	4291      	cmp	r1, r2
1000a168:	d304      	bcc.n	1000a174 <__lshift+0xa8>
1000a16a:	1b0b      	subs	r3, r1, r4
1000a16c:	3b15      	subs	r3, #21
1000a16e:	089b      	lsrs	r3, r3, #2
1000a170:	3301      	adds	r3, #1
1000a172:	009b      	lsls	r3, r3, #2
1000a174:	9a01      	ldr	r2, [sp, #4]
1000a176:	50d6      	str	r6, [r2, r3]
1000a178:	2e00      	cmp	r6, #0
1000a17a:	d000      	beq.n	1000a17e <__lshift+0xb2>
1000a17c:	46a8      	mov	r8, r5
1000a17e:	4663      	mov	r3, ip
1000a180:	4642      	mov	r2, r8
1000a182:	611a      	str	r2, [r3, #16]
1000a184:	6863      	ldr	r3, [r4, #4]
1000a186:	4660      	mov	r0, ip
1000a188:	009a      	lsls	r2, r3, #2
1000a18a:	465b      	mov	r3, fp
1000a18c:	6cdb      	ldr	r3, [r3, #76]	; 0x4c
1000a18e:	189b      	adds	r3, r3, r2
1000a190:	681a      	ldr	r2, [r3, #0]
1000a192:	6022      	str	r2, [r4, #0]
1000a194:	601c      	str	r4, [r3, #0]
1000a196:	b003      	add	sp, #12
1000a198:	bcf0      	pop	{r4, r5, r6, r7}
1000a19a:	46bb      	mov	fp, r7
1000a19c:	46b2      	mov	sl, r6
1000a19e:	46a9      	mov	r9, r5
1000a1a0:	46a0      	mov	r8, r4
1000a1a2:	bdf0      	pop	{r4, r5, r6, r7, pc}
1000a1a4:	9801      	ldr	r0, [sp, #4]
1000a1a6:	cb04      	ldmia	r3!, {r2}
1000a1a8:	c004      	stmia	r0!, {r2}
1000a1aa:	4299      	cmp	r1, r3
1000a1ac:	d8fb      	bhi.n	1000a1a6 <__lshift+0xda>
1000a1ae:	e7e6      	b.n	1000a17e <__lshift+0xb2>
1000a1b0:	21da      	movs	r1, #218	; 0xda
1000a1b2:	2200      	movs	r2, #0
1000a1b4:	4b02      	ldr	r3, [pc, #8]	; (1000a1c0 <__lshift+0xf4>)
1000a1b6:	4803      	ldr	r0, [pc, #12]	; (1000a1c4 <__lshift+0xf8>)
1000a1b8:	31ff      	adds	r1, #255	; 0xff
1000a1ba:	f7f8 fbb1 	bl	10002920 <__assert_func>
1000a1be:	46c0      	nop			; (mov r8, r8)
1000a1c0:	1000c200 	.word	0x1000c200
1000a1c4:	1000c3b4 	.word	0x1000c3b4

1000a1c8 <__mcmp>:
1000a1c8:	6903      	ldr	r3, [r0, #16]
1000a1ca:	690a      	ldr	r2, [r1, #16]
1000a1cc:	b530      	push	{r4, r5, lr}
1000a1ce:	0005      	movs	r5, r0
1000a1d0:	1a98      	subs	r0, r3, r2
1000a1d2:	4293      	cmp	r3, r2
1000a1d4:	d111      	bne.n	1000a1fa <__mcmp+0x32>
1000a1d6:	0092      	lsls	r2, r2, #2
1000a1d8:	3514      	adds	r5, #20
1000a1da:	3114      	adds	r1, #20
1000a1dc:	18ab      	adds	r3, r5, r2
1000a1de:	1889      	adds	r1, r1, r2
1000a1e0:	e001      	b.n	1000a1e6 <__mcmp+0x1e>
1000a1e2:	429d      	cmp	r5, r3
1000a1e4:	d209      	bcs.n	1000a1fa <__mcmp+0x32>
1000a1e6:	3b04      	subs	r3, #4
1000a1e8:	3904      	subs	r1, #4
1000a1ea:	681a      	ldr	r2, [r3, #0]
1000a1ec:	680c      	ldr	r4, [r1, #0]
1000a1ee:	42a2      	cmp	r2, r4
1000a1f0:	d0f7      	beq.n	1000a1e2 <__mcmp+0x1a>
1000a1f2:	42a2      	cmp	r2, r4
1000a1f4:	4192      	sbcs	r2, r2
1000a1f6:	2001      	movs	r0, #1
1000a1f8:	4310      	orrs	r0, r2
1000a1fa:	bd30      	pop	{r4, r5, pc}

1000a1fc <__mdiff>:
1000a1fc:	b5f0      	push	{r4, r5, r6, r7, lr}
1000a1fe:	464e      	mov	r6, r9
1000a200:	4645      	mov	r5, r8
1000a202:	46de      	mov	lr, fp
1000a204:	4657      	mov	r7, sl
1000a206:	b5e0      	push	{r5, r6, r7, lr}
1000a208:	690b      	ldr	r3, [r1, #16]
1000a20a:	4688      	mov	r8, r1
1000a20c:	6911      	ldr	r1, [r2, #16]
1000a20e:	4691      	mov	r9, r2
1000a210:	b083      	sub	sp, #12
1000a212:	1a5c      	subs	r4, r3, r1
1000a214:	428b      	cmp	r3, r1
1000a216:	d000      	beq.n	1000a21a <__mdiff+0x1e>
1000a218:	e095      	b.n	1000a346 <__mdiff+0x14a>
1000a21a:	4646      	mov	r6, r8
1000a21c:	0089      	lsls	r1, r1, #2
1000a21e:	3614      	adds	r6, #20
1000a220:	3214      	adds	r2, #20
1000a222:	1873      	adds	r3, r6, r1
1000a224:	1852      	adds	r2, r2, r1
1000a226:	e002      	b.n	1000a22e <__mdiff+0x32>
1000a228:	429e      	cmp	r6, r3
1000a22a:	d300      	bcc.n	1000a22e <__mdiff+0x32>
1000a22c:	e08f      	b.n	1000a34e <__mdiff+0x152>
1000a22e:	3b04      	subs	r3, #4
1000a230:	3a04      	subs	r2, #4
1000a232:	681d      	ldr	r5, [r3, #0]
1000a234:	6811      	ldr	r1, [r2, #0]
1000a236:	428d      	cmp	r5, r1
1000a238:	d0f6      	beq.n	1000a228 <__mdiff+0x2c>
1000a23a:	d200      	bcs.n	1000a23e <__mdiff+0x42>
1000a23c:	e07e      	b.n	1000a33c <__mdiff+0x140>
1000a23e:	4643      	mov	r3, r8
1000a240:	6859      	ldr	r1, [r3, #4]
1000a242:	f7ff fcad 	bl	10009ba0 <_Balloc>
1000a246:	2800      	cmp	r0, #0
1000a248:	d100      	bne.n	1000a24c <__mdiff+0x50>
1000a24a:	e08a      	b.n	1000a362 <__mdiff+0x166>
1000a24c:	4643      	mov	r3, r8
1000a24e:	691a      	ldr	r2, [r3, #16]
1000a250:	2314      	movs	r3, #20
1000a252:	4443      	add	r3, r8
1000a254:	469c      	mov	ip, r3
1000a256:	60c4      	str	r4, [r0, #12]
1000a258:	001c      	movs	r4, r3
1000a25a:	464b      	mov	r3, r9
1000a25c:	691b      	ldr	r3, [r3, #16]
1000a25e:	0091      	lsls	r1, r2, #2
1000a260:	009b      	lsls	r3, r3, #2
1000a262:	4461      	add	r1, ip
1000a264:	469c      	mov	ip, r3
1000a266:	2314      	movs	r3, #20
1000a268:	464f      	mov	r7, r9
1000a26a:	469a      	mov	sl, r3
1000a26c:	3714      	adds	r7, #20
1000a26e:	4482      	add	sl, r0
1000a270:	4653      	mov	r3, sl
1000a272:	44bc      	add	ip, r7
1000a274:	468b      	mov	fp, r1
1000a276:	46a2      	mov	sl, r4
1000a278:	2614      	movs	r6, #20
1000a27a:	4664      	mov	r4, ip
1000a27c:	2100      	movs	r1, #0
1000a27e:	4694      	mov	ip, r2
1000a280:	4642      	mov	r2, r8
1000a282:	4680      	mov	r8, r0
1000a284:	9301      	str	r3, [sp, #4]
1000a286:	5993      	ldr	r3, [r2, r6]
1000a288:	cf01      	ldmia	r7!, {r0}
1000a28a:	041d      	lsls	r5, r3, #16
1000a28c:	0c2d      	lsrs	r5, r5, #16
1000a28e:	1869      	adds	r1, r5, r1
1000a290:	0405      	lsls	r5, r0, #16
1000a292:	0c2d      	lsrs	r5, r5, #16
1000a294:	1b4d      	subs	r5, r1, r5
1000a296:	0c01      	lsrs	r1, r0, #16
1000a298:	4640      	mov	r0, r8
1000a29a:	0c1b      	lsrs	r3, r3, #16
1000a29c:	1a5b      	subs	r3, r3, r1
1000a29e:	1429      	asrs	r1, r5, #16
1000a2a0:	185b      	adds	r3, r3, r1
1000a2a2:	042d      	lsls	r5, r5, #16
1000a2a4:	1419      	asrs	r1, r3, #16
1000a2a6:	0c2d      	lsrs	r5, r5, #16
1000a2a8:	041b      	lsls	r3, r3, #16
1000a2aa:	432b      	orrs	r3, r5
1000a2ac:	5183      	str	r3, [r0, r6]
1000a2ae:	3604      	adds	r6, #4
1000a2b0:	42bc      	cmp	r4, r7
1000a2b2:	d8e8      	bhi.n	1000a286 <__mdiff+0x8a>
1000a2b4:	4662      	mov	r2, ip
1000a2b6:	46a4      	mov	ip, r4
1000a2b8:	464d      	mov	r5, r9
1000a2ba:	001c      	movs	r4, r3
1000a2bc:	4663      	mov	r3, ip
1000a2be:	464e      	mov	r6, r9
1000a2c0:	1b5d      	subs	r5, r3, r5
1000a2c2:	3d15      	subs	r5, #21
1000a2c4:	3615      	adds	r6, #21
1000a2c6:	2300      	movs	r3, #0
1000a2c8:	08ad      	lsrs	r5, r5, #2
1000a2ca:	45b4      	cmp	ip, r6
1000a2cc:	d300      	bcc.n	1000a2d0 <__mdiff+0xd4>
1000a2ce:	00ab      	lsls	r3, r5, #2
1000a2d0:	9f01      	ldr	r7, [sp, #4]
1000a2d2:	46b8      	mov	r8, r7
1000a2d4:	2704      	movs	r7, #4
1000a2d6:	4443      	add	r3, r8
1000a2d8:	45b4      	cmp	ip, r6
1000a2da:	d301      	bcc.n	1000a2e0 <__mdiff+0xe4>
1000a2dc:	3501      	adds	r5, #1
1000a2de:	00af      	lsls	r7, r5, #2
1000a2e0:	9d01      	ldr	r5, [sp, #4]
1000a2e2:	44ba      	add	sl, r7
1000a2e4:	46ac      	mov	ip, r5
1000a2e6:	44bc      	add	ip, r7
1000a2e8:	45d3      	cmp	fp, sl
1000a2ea:	d918      	bls.n	1000a31e <__mdiff+0x122>
1000a2ec:	4665      	mov	r5, ip
1000a2ee:	4657      	mov	r7, sl
1000a2f0:	465e      	mov	r6, fp
1000a2f2:	cf10      	ldmia	r7!, {r4}
1000a2f4:	0423      	lsls	r3, r4, #16
1000a2f6:	0c1b      	lsrs	r3, r3, #16
1000a2f8:	185b      	adds	r3, r3, r1
1000a2fa:	1419      	asrs	r1, r3, #16
1000a2fc:	0c24      	lsrs	r4, r4, #16
1000a2fe:	1864      	adds	r4, r4, r1
1000a300:	041b      	lsls	r3, r3, #16
1000a302:	1421      	asrs	r1, r4, #16
1000a304:	0c1b      	lsrs	r3, r3, #16
1000a306:	0424      	lsls	r4, r4, #16
1000a308:	431c      	orrs	r4, r3
1000a30a:	c510      	stmia	r5!, {r4}
1000a30c:	42be      	cmp	r6, r7
1000a30e:	d8f0      	bhi.n	1000a2f2 <__mdiff+0xf6>
1000a310:	0031      	movs	r1, r6
1000a312:	4653      	mov	r3, sl
1000a314:	3901      	subs	r1, #1
1000a316:	1acb      	subs	r3, r1, r3
1000a318:	089b      	lsrs	r3, r3, #2
1000a31a:	009b      	lsls	r3, r3, #2
1000a31c:	4463      	add	r3, ip
1000a31e:	2c00      	cmp	r4, #0
1000a320:	d104      	bne.n	1000a32c <__mdiff+0x130>
1000a322:	3b04      	subs	r3, #4
1000a324:	6819      	ldr	r1, [r3, #0]
1000a326:	3a01      	subs	r2, #1
1000a328:	2900      	cmp	r1, #0
1000a32a:	d0fa      	beq.n	1000a322 <__mdiff+0x126>
1000a32c:	6102      	str	r2, [r0, #16]
1000a32e:	b003      	add	sp, #12
1000a330:	bcf0      	pop	{r4, r5, r6, r7}
1000a332:	46bb      	mov	fp, r7
1000a334:	46b2      	mov	sl, r6
1000a336:	46a9      	mov	r9, r5
1000a338:	46a0      	mov	r8, r4
1000a33a:	bdf0      	pop	{r4, r5, r6, r7, pc}
1000a33c:	4643      	mov	r3, r8
1000a33e:	2401      	movs	r4, #1
1000a340:	46c8      	mov	r8, r9
1000a342:	4699      	mov	r9, r3
1000a344:	e77b      	b.n	1000a23e <__mdiff+0x42>
1000a346:	2c00      	cmp	r4, #0
1000a348:	dbf8      	blt.n	1000a33c <__mdiff+0x140>
1000a34a:	2400      	movs	r4, #0
1000a34c:	e777      	b.n	1000a23e <__mdiff+0x42>
1000a34e:	2100      	movs	r1, #0
1000a350:	f7ff fc26 	bl	10009ba0 <_Balloc>
1000a354:	2800      	cmp	r0, #0
1000a356:	d00b      	beq.n	1000a370 <__mdiff+0x174>
1000a358:	2301      	movs	r3, #1
1000a35a:	6103      	str	r3, [r0, #16]
1000a35c:	2300      	movs	r3, #0
1000a35e:	6143      	str	r3, [r0, #20]
1000a360:	e7e5      	b.n	1000a32e <__mdiff+0x132>
1000a362:	2190      	movs	r1, #144	; 0x90
1000a364:	2200      	movs	r2, #0
1000a366:	4b05      	ldr	r3, [pc, #20]	; (1000a37c <__mdiff+0x180>)
1000a368:	4805      	ldr	r0, [pc, #20]	; (1000a380 <__mdiff+0x184>)
1000a36a:	0089      	lsls	r1, r1, #2
1000a36c:	f7f8 fad8 	bl	10002920 <__assert_func>
1000a370:	2200      	movs	r2, #0
1000a372:	4b02      	ldr	r3, [pc, #8]	; (1000a37c <__mdiff+0x180>)
1000a374:	4903      	ldr	r1, [pc, #12]	; (1000a384 <__mdiff+0x188>)
1000a376:	4802      	ldr	r0, [pc, #8]	; (1000a380 <__mdiff+0x184>)
1000a378:	f7f8 fad2 	bl	10002920 <__assert_func>
1000a37c:	1000c200 	.word	0x1000c200
1000a380:	1000c3b4 	.word	0x1000c3b4
1000a384:	00000232 	.word	0x00000232

1000a388 <__ulp>:
1000a388:	4b0f      	ldr	r3, [pc, #60]	; (1000a3c8 <__ulp+0x40>)
1000a38a:	4019      	ands	r1, r3
1000a38c:	4b0f      	ldr	r3, [pc, #60]	; (1000a3cc <__ulp+0x44>)
1000a38e:	469c      	mov	ip, r3
1000a390:	4461      	add	r1, ip
1000a392:	2900      	cmp	r1, #0
1000a394:	dd04      	ble.n	1000a3a0 <__ulp+0x18>
1000a396:	2200      	movs	r2, #0
1000a398:	000b      	movs	r3, r1
1000a39a:	0010      	movs	r0, r2
1000a39c:	0019      	movs	r1, r3
1000a39e:	4770      	bx	lr
1000a3a0:	4249      	negs	r1, r1
1000a3a2:	2200      	movs	r2, #0
1000a3a4:	2300      	movs	r3, #0
1000a3a6:	1509      	asrs	r1, r1, #20
1000a3a8:	2913      	cmp	r1, #19
1000a3aa:	dc04      	bgt.n	1000a3b6 <__ulp+0x2e>
1000a3ac:	2080      	movs	r0, #128	; 0x80
1000a3ae:	0300      	lsls	r0, r0, #12
1000a3b0:	4108      	asrs	r0, r1
1000a3b2:	0003      	movs	r3, r0
1000a3b4:	e7f1      	b.n	1000a39a <__ulp+0x12>
1000a3b6:	3914      	subs	r1, #20
1000a3b8:	2001      	movs	r0, #1
1000a3ba:	291e      	cmp	r1, #30
1000a3bc:	dc02      	bgt.n	1000a3c4 <__ulp+0x3c>
1000a3be:	2080      	movs	r0, #128	; 0x80
1000a3c0:	0600      	lsls	r0, r0, #24
1000a3c2:	40c8      	lsrs	r0, r1
1000a3c4:	0002      	movs	r2, r0
1000a3c6:	e7e8      	b.n	1000a39a <__ulp+0x12>
1000a3c8:	7ff00000 	.word	0x7ff00000
1000a3cc:	fcc00000 	.word	0xfcc00000

1000a3d0 <__b2d>:
1000a3d0:	b5f8      	push	{r3, r4, r5, r6, r7, lr}
1000a3d2:	0006      	movs	r6, r0
1000a3d4:	4647      	mov	r7, r8
1000a3d6:	46ce      	mov	lr, r9
1000a3d8:	6904      	ldr	r4, [r0, #16]
1000a3da:	3614      	adds	r6, #20
1000a3dc:	00a4      	lsls	r4, r4, #2
1000a3de:	1934      	adds	r4, r6, r4
1000a3e0:	1f23      	subs	r3, r4, #4
1000a3e2:	681d      	ldr	r5, [r3, #0]
1000a3e4:	b580      	push	{r7, lr}
1000a3e6:	0028      	movs	r0, r5
1000a3e8:	000f      	movs	r7, r1
1000a3ea:	4698      	mov	r8, r3
1000a3ec:	f7ff fcb6 	bl	10009d5c <__hi0bits>
1000a3f0:	2120      	movs	r1, #32
1000a3f2:	1a0a      	subs	r2, r1, r0
1000a3f4:	603a      	str	r2, [r7, #0]
1000a3f6:	280a      	cmp	r0, #10
1000a3f8:	dd2e      	ble.n	1000a458 <__b2d+0x88>
1000a3fa:	4546      	cmp	r6, r8
1000a3fc:	d223      	bcs.n	1000a446 <__b2d+0x76>
1000a3fe:	2308      	movs	r3, #8
1000a400:	425b      	negs	r3, r3
1000a402:	4698      	mov	r8, r3
1000a404:	44a0      	add	r8, r4
1000a406:	4643      	mov	r3, r8
1000a408:	681f      	ldr	r7, [r3, #0]
1000a40a:	230b      	movs	r3, #11
1000a40c:	425b      	negs	r3, r3
1000a40e:	469c      	mov	ip, r3
1000a410:	4484      	add	ip, r0
1000a412:	280b      	cmp	r0, #11
1000a414:	d01c      	beq.n	1000a450 <__b2d+0x80>
1000a416:	4663      	mov	r3, ip
1000a418:	409d      	lsls	r5, r3
1000a41a:	1ac9      	subs	r1, r1, r3
1000a41c:	003b      	movs	r3, r7
1000a41e:	40cb      	lsrs	r3, r1
1000a420:	481c      	ldr	r0, [pc, #112]	; (1000a494 <__b2d+0xc4>)
1000a422:	431d      	orrs	r5, r3
1000a424:	4328      	orrs	r0, r5
1000a426:	0003      	movs	r3, r0
1000a428:	4546      	cmp	r6, r8
1000a42a:	d22f      	bcs.n	1000a48c <__b2d+0xbc>
1000a42c:	3c0c      	subs	r4, #12
1000a42e:	6820      	ldr	r0, [r4, #0]
1000a430:	40c8      	lsrs	r0, r1
1000a432:	4661      	mov	r1, ip
1000a434:	408f      	lsls	r7, r1
1000a436:	4307      	orrs	r7, r0
1000a438:	003a      	movs	r2, r7
1000a43a:	0010      	movs	r0, r2
1000a43c:	0019      	movs	r1, r3
1000a43e:	bcc0      	pop	{r6, r7}
1000a440:	46b9      	mov	r9, r7
1000a442:	46b0      	mov	r8, r6
1000a444:	bdf8      	pop	{r3, r4, r5, r6, r7, pc}
1000a446:	0003      	movs	r3, r0
1000a448:	2700      	movs	r7, #0
1000a44a:	3b0b      	subs	r3, #11
1000a44c:	280b      	cmp	r0, #11
1000a44e:	d117      	bne.n	1000a480 <__b2d+0xb0>
1000a450:	4910      	ldr	r1, [pc, #64]	; (1000a494 <__b2d+0xc4>)
1000a452:	4329      	orrs	r1, r5
1000a454:	000b      	movs	r3, r1
1000a456:	e7ef      	b.n	1000a438 <__b2d+0x68>
1000a458:	002f      	movs	r7, r5
1000a45a:	3915      	subs	r1, #21
1000a45c:	1a0b      	subs	r3, r1, r0
1000a45e:	40df      	lsrs	r7, r3
1000a460:	490c      	ldr	r1, [pc, #48]	; (1000a494 <__b2d+0xc4>)
1000a462:	4699      	mov	r9, r3
1000a464:	4339      	orrs	r1, r7
1000a466:	000b      	movs	r3, r1
1000a468:	2700      	movs	r7, #0
1000a46a:	4546      	cmp	r6, r8
1000a46c:	d203      	bcs.n	1000a476 <__b2d+0xa6>
1000a46e:	4649      	mov	r1, r9
1000a470:	3c08      	subs	r4, #8
1000a472:	6827      	ldr	r7, [r4, #0]
1000a474:	40cf      	lsrs	r7, r1
1000a476:	3015      	adds	r0, #21
1000a478:	4085      	lsls	r5, r0
1000a47a:	433d      	orrs	r5, r7
1000a47c:	002a      	movs	r2, r5
1000a47e:	e7dc      	b.n	1000a43a <__b2d+0x6a>
1000a480:	409d      	lsls	r5, r3
1000a482:	4904      	ldr	r1, [pc, #16]	; (1000a494 <__b2d+0xc4>)
1000a484:	2700      	movs	r7, #0
1000a486:	4329      	orrs	r1, r5
1000a488:	000b      	movs	r3, r1
1000a48a:	e7d5      	b.n	1000a438 <__b2d+0x68>
1000a48c:	4661      	mov	r1, ip
1000a48e:	408f      	lsls	r7, r1
1000a490:	e7d2      	b.n	1000a438 <__b2d+0x68>
1000a492:	46c0      	nop			; (mov r8, r8)
1000a494:	3ff00000 	.word	0x3ff00000

1000a498 <__d2b>:
1000a498:	b570      	push	{r4, r5, r6, lr}
1000a49a:	2101      	movs	r1, #1
1000a49c:	b082      	sub	sp, #8
1000a49e:	0015      	movs	r5, r2
1000a4a0:	001c      	movs	r4, r3
1000a4a2:	f7ff fb7d 	bl	10009ba0 <_Balloc>
1000a4a6:	1e06      	subs	r6, r0, #0
1000a4a8:	d04f      	beq.n	1000a54a <__d2b+0xb2>
1000a4aa:	0323      	lsls	r3, r4, #12
1000a4ac:	0064      	lsls	r4, r4, #1
1000a4ae:	0b1b      	lsrs	r3, r3, #12
1000a4b0:	0d64      	lsrs	r4, r4, #21
1000a4b2:	d002      	beq.n	1000a4ba <__d2b+0x22>
1000a4b4:	2280      	movs	r2, #128	; 0x80
1000a4b6:	0352      	lsls	r2, r2, #13
1000a4b8:	4313      	orrs	r3, r2
1000a4ba:	9301      	str	r3, [sp, #4]
1000a4bc:	2d00      	cmp	r5, #0
1000a4be:	d117      	bne.n	1000a4f0 <__d2b+0x58>
1000a4c0:	a801      	add	r0, sp, #4
1000a4c2:	f7ff fc67 	bl	10009d94 <__lo0bits>
1000a4c6:	9b01      	ldr	r3, [sp, #4]
1000a4c8:	2501      	movs	r5, #1
1000a4ca:	6173      	str	r3, [r6, #20]
1000a4cc:	2301      	movs	r3, #1
1000a4ce:	3020      	adds	r0, #32
1000a4d0:	6133      	str	r3, [r6, #16]
1000a4d2:	2c00      	cmp	r4, #0
1000a4d4:	d024      	beq.n	1000a520 <__d2b+0x88>
1000a4d6:	4b20      	ldr	r3, [pc, #128]	; (1000a558 <__d2b+0xc0>)
1000a4d8:	469c      	mov	ip, r3
1000a4da:	9b06      	ldr	r3, [sp, #24]
1000a4dc:	4464      	add	r4, ip
1000a4de:	1824      	adds	r4, r4, r0
1000a4e0:	601c      	str	r4, [r3, #0]
1000a4e2:	2335      	movs	r3, #53	; 0x35
1000a4e4:	1a18      	subs	r0, r3, r0
1000a4e6:	9b07      	ldr	r3, [sp, #28]
1000a4e8:	6018      	str	r0, [r3, #0]
1000a4ea:	0030      	movs	r0, r6
1000a4ec:	b002      	add	sp, #8
1000a4ee:	bd70      	pop	{r4, r5, r6, pc}
1000a4f0:	4668      	mov	r0, sp
1000a4f2:	9500      	str	r5, [sp, #0]
1000a4f4:	f7ff fc4e 	bl	10009d94 <__lo0bits>
1000a4f8:	2800      	cmp	r0, #0
1000a4fa:	d022      	beq.n	1000a542 <__d2b+0xaa>
1000a4fc:	9d01      	ldr	r5, [sp, #4]
1000a4fe:	2320      	movs	r3, #32
1000a500:	002a      	movs	r2, r5
1000a502:	1a1b      	subs	r3, r3, r0
1000a504:	409a      	lsls	r2, r3
1000a506:	0013      	movs	r3, r2
1000a508:	40c5      	lsrs	r5, r0
1000a50a:	9a00      	ldr	r2, [sp, #0]
1000a50c:	9501      	str	r5, [sp, #4]
1000a50e:	4313      	orrs	r3, r2
1000a510:	6173      	str	r3, [r6, #20]
1000a512:	61b5      	str	r5, [r6, #24]
1000a514:	1e6b      	subs	r3, r5, #1
1000a516:	419d      	sbcs	r5, r3
1000a518:	3501      	adds	r5, #1
1000a51a:	6135      	str	r5, [r6, #16]
1000a51c:	2c00      	cmp	r4, #0
1000a51e:	d1da      	bne.n	1000a4d6 <__d2b+0x3e>
1000a520:	4b0e      	ldr	r3, [pc, #56]	; (1000a55c <__d2b+0xc4>)
1000a522:	469c      	mov	ip, r3
1000a524:	9b06      	ldr	r3, [sp, #24]
1000a526:	4460      	add	r0, ip
1000a528:	6018      	str	r0, [r3, #0]
1000a52a:	4b0d      	ldr	r3, [pc, #52]	; (1000a560 <__d2b+0xc8>)
1000a52c:	18eb      	adds	r3, r5, r3
1000a52e:	009b      	lsls	r3, r3, #2
1000a530:	18f3      	adds	r3, r6, r3
1000a532:	6958      	ldr	r0, [r3, #20]
1000a534:	f7ff fc12 	bl	10009d5c <__hi0bits>
1000a538:	016d      	lsls	r5, r5, #5
1000a53a:	9b07      	ldr	r3, [sp, #28]
1000a53c:	1a2d      	subs	r5, r5, r0
1000a53e:	601d      	str	r5, [r3, #0]
1000a540:	e7d3      	b.n	1000a4ea <__d2b+0x52>
1000a542:	9b00      	ldr	r3, [sp, #0]
1000a544:	9d01      	ldr	r5, [sp, #4]
1000a546:	6173      	str	r3, [r6, #20]
1000a548:	e7e3      	b.n	1000a512 <__d2b+0x7a>
1000a54a:	2200      	movs	r2, #0
1000a54c:	4b05      	ldr	r3, [pc, #20]	; (1000a564 <__d2b+0xcc>)
1000a54e:	4906      	ldr	r1, [pc, #24]	; (1000a568 <__d2b+0xd0>)
1000a550:	4806      	ldr	r0, [pc, #24]	; (1000a56c <__d2b+0xd4>)
1000a552:	f7f8 f9e5 	bl	10002920 <__assert_func>
1000a556:	46c0      	nop			; (mov r8, r8)
1000a558:	fffffbcd 	.word	0xfffffbcd
1000a55c:	fffffbce 	.word	0xfffffbce
1000a560:	3fffffff 	.word	0x3fffffff
1000a564:	1000c200 	.word	0x1000c200
1000a568:	0000030a 	.word	0x0000030a
1000a56c:	1000c3b4 	.word	0x1000c3b4

1000a570 <__ratio>:
1000a570:	b5f0      	push	{r4, r5, r6, r7, lr}
1000a572:	46ce      	mov	lr, r9
1000a574:	4647      	mov	r7, r8
1000a576:	b580      	push	{r7, lr}
1000a578:	b085      	sub	sp, #20
1000a57a:	4688      	mov	r8, r1
1000a57c:	a902      	add	r1, sp, #8
1000a57e:	4681      	mov	r9, r0
1000a580:	f7ff ff26 	bl	1000a3d0 <__b2d>
1000a584:	0004      	movs	r4, r0
1000a586:	000d      	movs	r5, r1
1000a588:	4640      	mov	r0, r8
1000a58a:	a903      	add	r1, sp, #12
1000a58c:	f7ff ff20 	bl	1000a3d0 <__b2d>
1000a590:	0002      	movs	r2, r0
1000a592:	000b      	movs	r3, r1
1000a594:	4640      	mov	r0, r8
1000a596:	4649      	mov	r1, r9
1000a598:	6900      	ldr	r0, [r0, #16]
1000a59a:	6909      	ldr	r1, [r1, #16]
1000a59c:	9200      	str	r2, [sp, #0]
1000a59e:	9301      	str	r3, [sp, #4]
1000a5a0:	1a09      	subs	r1, r1, r0
1000a5a2:	0149      	lsls	r1, r1, #5
1000a5a4:	468c      	mov	ip, r1
1000a5a6:	9802      	ldr	r0, [sp, #8]
1000a5a8:	9903      	ldr	r1, [sp, #12]
1000a5aa:	1a40      	subs	r0, r0, r1
1000a5ac:	0001      	movs	r1, r0
1000a5ae:	4461      	add	r1, ip
1000a5b0:	2900      	cmp	r1, #0
1000a5b2:	dd0b      	ble.n	1000a5cc <__ratio+0x5c>
1000a5b4:	0509      	lsls	r1, r1, #20
1000a5b6:	194f      	adds	r7, r1, r5
1000a5b8:	003d      	movs	r5, r7
1000a5ba:	0020      	movs	r0, r4
1000a5bc:	0029      	movs	r1, r5
1000a5be:	f7f9 fdaa 	bl	10004116 <__wrap___aeabi_ddiv>
1000a5c2:	b005      	add	sp, #20
1000a5c4:	bcc0      	pop	{r6, r7}
1000a5c6:	46b9      	mov	r9, r7
1000a5c8:	46b0      	mov	r8, r6
1000a5ca:	bdf0      	pop	{r4, r5, r6, r7, pc}
1000a5cc:	0509      	lsls	r1, r1, #20
1000a5ce:	1a5b      	subs	r3, r3, r1
1000a5d0:	9301      	str	r3, [sp, #4]
1000a5d2:	9a00      	ldr	r2, [sp, #0]
1000a5d4:	9b01      	ldr	r3, [sp, #4]
1000a5d6:	e7f0      	b.n	1000a5ba <__ratio+0x4a>

1000a5d8 <__copybits>:
1000a5d8:	0013      	movs	r3, r2
1000a5da:	3901      	subs	r1, #1
1000a5dc:	b570      	push	{r4, r5, r6, lr}
1000a5de:	114c      	asrs	r4, r1, #5
1000a5e0:	6911      	ldr	r1, [r2, #16]
1000a5e2:	3401      	adds	r4, #1
1000a5e4:	3314      	adds	r3, #20
1000a5e6:	0089      	lsls	r1, r1, #2
1000a5e8:	00a4      	lsls	r4, r4, #2
1000a5ea:	1859      	adds	r1, r3, r1
1000a5ec:	1904      	adds	r4, r0, r4
1000a5ee:	428b      	cmp	r3, r1
1000a5f0:	d20a      	bcs.n	1000a608 <__copybits+0x30>
1000a5f2:	0005      	movs	r5, r0
1000a5f4:	cb40      	ldmia	r3!, {r6}
1000a5f6:	c540      	stmia	r5!, {r6}
1000a5f8:	4299      	cmp	r1, r3
1000a5fa:	d8fb      	bhi.n	1000a5f4 <__copybits+0x1c>
1000a5fc:	1a8b      	subs	r3, r1, r2
1000a5fe:	3b15      	subs	r3, #21
1000a600:	089b      	lsrs	r3, r3, #2
1000a602:	3301      	adds	r3, #1
1000a604:	009b      	lsls	r3, r3, #2
1000a606:	18c0      	adds	r0, r0, r3
1000a608:	4284      	cmp	r4, r0
1000a60a:	d903      	bls.n	1000a614 <__copybits+0x3c>
1000a60c:	2300      	movs	r3, #0
1000a60e:	c008      	stmia	r0!, {r3}
1000a610:	4284      	cmp	r4, r0
1000a612:	d8fc      	bhi.n	1000a60e <__copybits+0x36>
1000a614:	bd70      	pop	{r4, r5, r6, pc}
1000a616:	46c0      	nop			; (mov r8, r8)

1000a618 <__any_on>:
1000a618:	0002      	movs	r2, r0
1000a61a:	6903      	ldr	r3, [r0, #16]
1000a61c:	b510      	push	{r4, lr}
1000a61e:	3214      	adds	r2, #20
1000a620:	1148      	asrs	r0, r1, #5
1000a622:	4283      	cmp	r3, r0
1000a624:	da0a      	bge.n	1000a63c <__any_on+0x24>
1000a626:	009b      	lsls	r3, r3, #2
1000a628:	18d3      	adds	r3, r2, r3
1000a62a:	e003      	b.n	1000a634 <__any_on+0x1c>
1000a62c:	3b04      	subs	r3, #4
1000a62e:	6819      	ldr	r1, [r3, #0]
1000a630:	2900      	cmp	r1, #0
1000a632:	d117      	bne.n	1000a664 <__any_on+0x4c>
1000a634:	4293      	cmp	r3, r2
1000a636:	d8f9      	bhi.n	1000a62c <__any_on+0x14>
1000a638:	2000      	movs	r0, #0
1000a63a:	bd10      	pop	{r4, pc}
1000a63c:	4283      	cmp	r3, r0
1000a63e:	dd0e      	ble.n	1000a65e <__any_on+0x46>
1000a640:	231f      	movs	r3, #31
1000a642:	001c      	movs	r4, r3
1000a644:	400c      	ands	r4, r1
1000a646:	420b      	tst	r3, r1
1000a648:	d009      	beq.n	1000a65e <__any_on+0x46>
1000a64a:	0083      	lsls	r3, r0, #2
1000a64c:	18d3      	adds	r3, r2, r3
1000a64e:	6819      	ldr	r1, [r3, #0]
1000a650:	2001      	movs	r0, #1
1000a652:	40e1      	lsrs	r1, r4
1000a654:	40a1      	lsls	r1, r4
1000a656:	681c      	ldr	r4, [r3, #0]
1000a658:	428c      	cmp	r4, r1
1000a65a:	d1ee      	bne.n	1000a63a <__any_on+0x22>
1000a65c:	e7ea      	b.n	1000a634 <__any_on+0x1c>
1000a65e:	0083      	lsls	r3, r0, #2
1000a660:	18d3      	adds	r3, r2, r3
1000a662:	e7e7      	b.n	1000a634 <__any_on+0x1c>
1000a664:	2001      	movs	r0, #1
1000a666:	e7e8      	b.n	1000a63a <__any_on+0x22>

1000a668 <nan>:
1000a668:	2000      	movs	r0, #0
1000a66a:	4901      	ldr	r1, [pc, #4]	; (1000a670 <nan+0x8>)
1000a66c:	4770      	bx	lr
1000a66e:	46c0      	nop			; (mov r8, r8)
1000a670:	7ff80000 	.word	0x7ff80000

1000a674 <nanf>:
1000a674:	4800      	ldr	r0, [pc, #0]	; (1000a678 <nanf+0x4>)
1000a676:	4770      	bx	lr
1000a678:	7fc00000 	.word	0x7fc00000

1000a67c <strncmp>:
1000a67c:	b530      	push	{r4, r5, lr}
1000a67e:	2a00      	cmp	r2, #0
1000a680:	d026      	beq.n	1000a6d0 <strncmp+0x54>
1000a682:	0003      	movs	r3, r0
1000a684:	430b      	orrs	r3, r1
1000a686:	079b      	lsls	r3, r3, #30
1000a688:	d124      	bne.n	1000a6d4 <strncmp+0x58>
1000a68a:	2a03      	cmp	r2, #3
1000a68c:	d922      	bls.n	1000a6d4 <strncmp+0x58>
1000a68e:	4d16      	ldr	r5, [pc, #88]	; (1000a6e8 <strncmp+0x6c>)
1000a690:	e00b      	b.n	1000a6aa <strncmp+0x2e>
1000a692:	3a04      	subs	r2, #4
1000a694:	2a00      	cmp	r2, #0
1000a696:	d01b      	beq.n	1000a6d0 <strncmp+0x54>
1000a698:	4c14      	ldr	r4, [pc, #80]	; (1000a6ec <strncmp+0x70>)
1000a69a:	191c      	adds	r4, r3, r4
1000a69c:	439c      	bics	r4, r3
1000a69e:	422c      	tst	r4, r5
1000a6a0:	d116      	bne.n	1000a6d0 <strncmp+0x54>
1000a6a2:	3004      	adds	r0, #4
1000a6a4:	3104      	adds	r1, #4
1000a6a6:	2a03      	cmp	r2, #3
1000a6a8:	d914      	bls.n	1000a6d4 <strncmp+0x58>
1000a6aa:	6803      	ldr	r3, [r0, #0]
1000a6ac:	680c      	ldr	r4, [r1, #0]
1000a6ae:	42a3      	cmp	r3, r4
1000a6b0:	d0ef      	beq.n	1000a692 <strncmp+0x16>
1000a6b2:	7804      	ldrb	r4, [r0, #0]
1000a6b4:	780d      	ldrb	r5, [r1, #0]
1000a6b6:	42ac      	cmp	r4, r5
1000a6b8:	d113      	bne.n	1000a6e2 <strncmp+0x66>
1000a6ba:	2301      	movs	r3, #1
1000a6bc:	e006      	b.n	1000a6cc <strncmp+0x50>
1000a6be:	5cc4      	ldrb	r4, [r0, r3]
1000a6c0:	5ccd      	ldrb	r5, [r1, r3]
1000a6c2:	42ac      	cmp	r4, r5
1000a6c4:	d10d      	bne.n	1000a6e2 <strncmp+0x66>
1000a6c6:	3301      	adds	r3, #1
1000a6c8:	4293      	cmp	r3, r2
1000a6ca:	d001      	beq.n	1000a6d0 <strncmp+0x54>
1000a6cc:	2c00      	cmp	r4, #0
1000a6ce:	d1f6      	bne.n	1000a6be <strncmp+0x42>
1000a6d0:	2000      	movs	r0, #0
1000a6d2:	bd30      	pop	{r4, r5, pc}
1000a6d4:	7804      	ldrb	r4, [r0, #0]
1000a6d6:	780d      	ldrb	r5, [r1, #0]
1000a6d8:	42a5      	cmp	r5, r4
1000a6da:	d102      	bne.n	1000a6e2 <strncmp+0x66>
1000a6dc:	2a01      	cmp	r2, #1
1000a6de:	d1ec      	bne.n	1000a6ba <strncmp+0x3e>
1000a6e0:	e7f6      	b.n	1000a6d0 <strncmp+0x54>
1000a6e2:	1b60      	subs	r0, r4, r5
1000a6e4:	e7f5      	b.n	1000a6d2 <strncmp+0x56>
1000a6e6:	46c0      	nop			; (mov r8, r8)
1000a6e8:	80808080 	.word	0x80808080
1000a6ec:	fefefeff 	.word	0xfefefeff

1000a6f0 <__ascii_wctomb>:
1000a6f0:	2900      	cmp	r1, #0
1000a6f2:	d009      	beq.n	1000a708 <__ascii_wctomb+0x18>
1000a6f4:	2aff      	cmp	r2, #255	; 0xff
1000a6f6:	d802      	bhi.n	1000a6fe <__ascii_wctomb+0xe>
1000a6f8:	2001      	movs	r0, #1
1000a6fa:	700a      	strb	r2, [r1, #0]
1000a6fc:	4770      	bx	lr
1000a6fe:	238a      	movs	r3, #138	; 0x8a
1000a700:	6003      	str	r3, [r0, #0]
1000a702:	2001      	movs	r0, #1
1000a704:	4240      	negs	r0, r0
1000a706:	e7f9      	b.n	1000a6fc <__ascii_wctomb+0xc>
1000a708:	2000      	movs	r0, #0
1000a70a:	e7f7      	b.n	1000a6fc <__ascii_wctomb+0xc>

1000a70c <_fini>:
1000a70c:	b5f8      	push	{r3, r4, r5, r6, r7, lr}
1000a70e:	46c0      	nop			; (mov r8, r8)

1000a710 <__e15_is_critical_frame_period_veneer>:
1000a710:	b401      	push	{r0}
1000a712:	4802      	ldr	r0, [pc, #8]	; (1000a71c <__e15_is_critical_frame_period_veneer+0xc>)
1000a714:	4684      	mov	ip, r0
1000a716:	bc01      	pop	{r0}
1000a718:	4760      	bx	ip
1000a71a:	bf00      	nop
1000a71c:	20000699 	.word	0x20000699

1000a720 <__flash_do_cmd_veneer>:
1000a720:	b401      	push	{r0}
1000a722:	4802      	ldr	r0, [pc, #8]	; (1000a72c <__flash_do_cmd_veneer+0xc>)
1000a724:	4684      	mov	ip, r0
1000a726:	bc01      	pop	{r0}
1000a728:	4760      	bx	ip
1000a72a:	bf00      	nop
1000a72c:	200002e5 	.word	0x200002e5

1000a730 <__mutex_exit_veneer>:
1000a730:	b401      	push	{r0}
1000a732:	4802      	ldr	r0, [pc, #8]	; (1000a73c <__mutex_exit_veneer+0xc>)
1000a734:	4684      	mov	ip, r0
1000a736:	bc01      	pop	{r0}
1000a738:	4760      	bx	ip
1000a73a:	bf00      	nop
1000a73c:	20000231 	.word	0x20000231

1000a740 <____aeabi_ldiv0_veneer>:
1000a740:	b401      	push	{r0}
1000a742:	4802      	ldr	r0, [pc, #8]	; (1000a74c <____aeabi_ldiv0_veneer+0xc>)
1000a744:	4684      	mov	ip, r0
1000a746:	bc01      	pop	{r0}
1000a748:	4760      	bx	ip
1000a74a:	bf00      	nop
1000a74c:	20000bb5 	.word	0x20000bb5

1000a750 <____aeabi_idiv0_veneer>:
1000a750:	b401      	push	{r0}
1000a752:	4802      	ldr	r0, [pc, #8]	; (1000a75c <____aeabi_idiv0_veneer+0xc>)
1000a754:	4684      	mov	ip, r0
1000a756:	bc01      	pop	{r0}
1000a758:	4760      	bx	ip
1000a75a:	bf00      	nop
1000a75c:	20000bb5 	.word	0x20000bb5

1000a760 <__mutex_try_enter_veneer>:
1000a760:	b401      	push	{r0}
1000a762:	4802      	ldr	r0, [pc, #8]	; (1000a76c <__mutex_try_enter_veneer+0xc>)
1000a764:	4684      	mov	ip, r0
1000a766:	bc01      	pop	{r0}
1000a768:	4760      	bx	ip
1000a76a:	bf00      	nop
1000a76c:	200000c1 	.word	0x200000c1

1000a770 <__mutex_enter_timeout_ms_veneer>:
1000a770:	b401      	push	{r0}
1000a772:	4802      	ldr	r0, [pc, #8]	; (1000a77c <__mutex_enter_timeout_ms_veneer+0xc>)
1000a774:	4684      	mov	ip, r0
1000a776:	bc01      	pop	{r0}
1000a778:	4760      	bx	ip
1000a77a:	bf00      	nop
1000a77c:	200001c9 	.word	0x200001c9

1000a780 <__dcd_event_handler_veneer>:
1000a780:	b401      	push	{r0}
1000a782:	4802      	ldr	r0, [pc, #8]	; (1000a78c <__dcd_event_handler_veneer+0xc>)
1000a784:	4684      	mov	ip, r0
1000a786:	bc01      	pop	{r0}
1000a788:	4760      	bx	ip
1000a78a:	bf00      	nop
1000a78c:	2000091d 	.word	0x2000091d

1000a790 <__fmaxf_veneer>:
1000a790:	b401      	push	{r0}
1000a792:	4802      	ldr	r0, [pc, #8]	; (1000a79c <__fmaxf_veneer+0xc>)
1000a794:	4684      	mov	ip, r0
1000a796:	bc01      	pop	{r0}
1000a798:	4760      	bx	ip
1000a79a:	bf00      	nop
1000a79c:	20000b1d 	.word	0x20000b1d

1000a7a0 <__mutex_try_enter_block_until_veneer>:
1000a7a0:	b401      	push	{r0}
1000a7a2:	4802      	ldr	r0, [pc, #8]	; (1000a7ac <__mutex_try_enter_block_until_veneer+0xc>)
1000a7a4:	4684      	mov	ip, r0
1000a7a6:	bc01      	pop	{r0}
1000a7a8:	4760      	bx	ip
1000a7aa:	bf00      	nop
1000a7ac:	20000195 	.word	0x20000195

1000a7b0 <__hw_endpoint_start_next_buffer_veneer>:
1000a7b0:	b401      	push	{r0}
1000a7b2:	4802      	ldr	r0, [pc, #8]	; (1000a7bc <__hw_endpoint_start_next_buffer_veneer+0xc>)
1000a7b4:	4684      	mov	ip, r0
1000a7b6:	bc01      	pop	{r0}
1000a7b8:	4760      	bx	ip
1000a7ba:	bf00      	nop
1000a7bc:	20000845 	.word	0x20000845

1000a7c0 <__reset_non_control_endpoints_veneer>:
1000a7c0:	b401      	push	{r0}
1000a7c2:	4802      	ldr	r0, [pc, #8]	; (1000a7cc <__reset_non_control_endpoints_veneer+0xc>)
1000a7c4:	4684      	mov	ip, r0
1000a7c6:	bc01      	pop	{r0}
1000a7c8:	4760      	bx	ip
1000a7ca:	bf00      	nop
1000a7cc:	200003bd 	.word	0x200003bd

1000a7d0 <__hw_endpoint_reset_transfer_veneer>:
1000a7d0:	b401      	push	{r0}
1000a7d2:	4802      	ldr	r0, [pc, #8]	; (1000a7dc <__hw_endpoint_reset_transfer_veneer+0xc>)
1000a7d4:	4684      	mov	ip, r0
1000a7d6:	bc01      	pop	{r0}
1000a7d8:	4760      	bx	ip
1000a7da:	bf00      	nop
1000a7dc:	200007e1 	.word	0x200007e1

1000a7e0 <___hw_endpoint_buffer_control_update32_veneer>:
1000a7e0:	b401      	push	{r0}
1000a7e2:	4802      	ldr	r0, [pc, #8]	; (1000a7ec <___hw_endpoint_buffer_control_update32_veneer+0xc>)
1000a7e4:	4684      	mov	ip, r0
1000a7e6:	bc01      	pop	{r0}
1000a7e8:	4760      	bx	ip
1000a7ea:	bf00      	nop
1000a7ec:	200007ed 	.word	0x200007ed

1000a7f0 <__e15_is_bulkin_ep_veneer>:
1000a7f0:	b401      	push	{r0}
1000a7f2:	4802      	ldr	r0, [pc, #8]	; (1000a7fc <__e15_is_bulkin_ep_veneer+0xc>)
1000a7f4:	4684      	mov	ip, r0
1000a7f6:	bc01      	pop	{r0}
1000a7f8:	4760      	bx	ip
1000a7fa:	bf00      	nop
1000a7fc:	2000066d 	.word	0x2000066d

1000a800 <__fminf_veneer>:
1000a800:	b401      	push	{r0}
1000a802:	4802      	ldr	r0, [pc, #8]	; (1000a80c <__fminf_veneer+0xc>)
1000a804:	4684      	mov	ip, r0
1000a806:	bc01      	pop	{r0}
1000a808:	4760      	bx	ip
1000a80a:	bf00      	nop
1000a80c:	20000b49 	.word	0x20000b49

Disassembly of section .data:

200000c0 <mutex_try_enter>:
200000c0:	0003      	movs	r3, r0
200000c2:	6800      	ldr	r0, [r0, #0]
200000c4:	f3ef 8c10 	mrs	ip, PRIMASK
200000c8:	b672      	cpsid	i
200000ca:	6802      	ldr	r2, [r0, #0]
200000cc:	2a00      	cmp	r2, #0
200000ce:	d0fc      	beq.n	200000ca <mutex_try_enter+0xa>
200000d0:	f3bf 8f5f 	dmb	sy
200000d4:	2204      	movs	r2, #4
200000d6:	569a      	ldrsb	r2, [r3, r2]
200000d8:	2a00      	cmp	r2, #0
200000da:	db0b      	blt.n	200000f4 <mutex_try_enter+0x34>
200000dc:	2900      	cmp	r1, #0
200000de:	d010      	beq.n	20000102 <mutex_try_enter+0x42>
200000e0:	600a      	str	r2, [r1, #0]
200000e2:	2000      	movs	r0, #0
200000e4:	681b      	ldr	r3, [r3, #0]
200000e6:	f3bf 8f5f 	dmb	sy
200000ea:	2200      	movs	r2, #0
200000ec:	601a      	str	r2, [r3, #0]
200000ee:	f38c 8810 	msr	PRIMASK, ip
200000f2:	4770      	bx	lr
200000f4:	22d0      	movs	r2, #208	; 0xd0
200000f6:	0612      	lsls	r2, r2, #24
200000f8:	7812      	ldrb	r2, [r2, #0]
200000fa:	b252      	sxtb	r2, r2
200000fc:	711a      	strb	r2, [r3, #4]
200000fe:	2001      	movs	r0, #1
20000100:	e7f0      	b.n	200000e4 <mutex_try_enter+0x24>
20000102:	2000      	movs	r0, #0
20000104:	e7ee      	b.n	200000e4 <mutex_try_enter+0x24>
	...

20000108 <mutex_enter_block_until>:
20000108:	b5f8      	push	{r3, r4, r5, r6, r7, lr}
2000010a:	46ce      	mov	lr, r9
2000010c:	4647      	mov	r7, r8
2000010e:	b580      	push	{r7, lr}
20000110:	0004      	movs	r4, r0
20000112:	0017      	movs	r7, r2
20000114:	4698      	mov	r8, r3
20000116:	6803      	ldr	r3, [r0, #0]
20000118:	2b00      	cmp	r3, #0
2000011a:	d020      	beq.n	2000015e <mutex_enter_block_until+0x56>
2000011c:	23d0      	movs	r3, #208	; 0xd0
2000011e:	061b      	lsls	r3, r3, #24
20000120:	781b      	ldrb	r3, [r3, #0]
20000122:	b25b      	sxtb	r3, r3
20000124:	4699      	mov	r9, r3
20000126:	6826      	ldr	r6, [r4, #0]
20000128:	f3ef 8c10 	mrs	ip, PRIMASK
2000012c:	b672      	cpsid	i
2000012e:	6835      	ldr	r5, [r6, #0]
20000130:	2d00      	cmp	r5, #0
20000132:	d0fc      	beq.n	2000012e <mutex_enter_block_until+0x26>
20000134:	f3bf 8f5f 	dmb	sy
20000138:	2504      	movs	r5, #4
2000013a:	5765      	ldrsb	r5, [r4, r5]
2000013c:	2d00      	cmp	r5, #0
2000013e:	db14      	blt.n	2000016a <mutex_enter_block_until+0x62>
20000140:	6823      	ldr	r3, [r4, #0]
20000142:	f3bf 8f5f 	dmb	sy
20000146:	2200      	movs	r2, #0
20000148:	601a      	str	r2, [r3, #0]
2000014a:	f38c 8810 	msr	PRIMASK, ip
2000014e:	0038      	movs	r0, r7
20000150:	4641      	mov	r1, r8
20000152:	f000 fd71 	bl	20000c38 <__best_effort_wfe_or_timeout_veneer>
20000156:	2800      	cmp	r0, #0
20000158:	d0e5      	beq.n	20000126 <mutex_enter_block_until+0x1e>
2000015a:	2000      	movs	r0, #0
2000015c:	e00f      	b.n	2000017e <mutex_enter_block_until+0x76>
2000015e:	4b0a      	ldr	r3, [pc, #40]	; (20000188 <mutex_enter_block_until+0x80>)
20000160:	4a0a      	ldr	r2, [pc, #40]	; (2000018c <mutex_enter_block_until+0x84>)
20000162:	2185      	movs	r1, #133	; 0x85
20000164:	480a      	ldr	r0, [pc, #40]	; (20000190 <mutex_enter_block_until+0x88>)
20000166:	f000 fd47 	bl	20000bf8 <____assert_func_veneer>
2000016a:	464b      	mov	r3, r9
2000016c:	7123      	strb	r3, [r4, #4]
2000016e:	6823      	ldr	r3, [r4, #0]
20000170:	f3bf 8f5f 	dmb	sy
20000174:	2200      	movs	r2, #0
20000176:	601a      	str	r2, [r3, #0]
20000178:	f38c 8810 	msr	PRIMASK, ip
2000017c:	2001      	movs	r0, #1
2000017e:	bcc0      	pop	{r6, r7}
20000180:	46b9      	mov	r9, r7
20000182:	46b0      	mov	r8, r6
20000184:	bdf8      	pop	{r3, r4, r5, r6, r7, pc}
20000186:	46c0      	nop			; (mov r8, r8)
20000188:	1000acf8 	.word	0x1000acf8
2000018c:	1000add0 	.word	0x1000add0
20000190:	1000aca4 	.word	0x1000aca4

20000194 <mutex_try_enter_block_until>:
20000194:	b570      	push	{r4, r5, r6, lr}
20000196:	b082      	sub	sp, #8
20000198:	0006      	movs	r6, r0
2000019a:	0015      	movs	r5, r2
2000019c:	001c      	movs	r4, r3
2000019e:	a901      	add	r1, sp, #4
200001a0:	f7ff ff8e 	bl	200000c0 <mutex_try_enter>
200001a4:	2800      	cmp	r0, #0
200001a6:	d107      	bne.n	200001b8 <mutex_try_enter_block_until+0x24>
200001a8:	9b01      	ldr	r3, [sp, #4]
200001aa:	b25b      	sxtb	r3, r3
200001ac:	22d0      	movs	r2, #208	; 0xd0
200001ae:	0612      	lsls	r2, r2, #24
200001b0:	7812      	ldrb	r2, [r2, #0]
200001b2:	b252      	sxtb	r2, r2
200001b4:	4293      	cmp	r3, r2
200001b6:	d101      	bne.n	200001bc <mutex_try_enter_block_until+0x28>
200001b8:	b002      	add	sp, #8
200001ba:	bd70      	pop	{r4, r5, r6, pc}
200001bc:	002a      	movs	r2, r5
200001be:	0023      	movs	r3, r4
200001c0:	0030      	movs	r0, r6
200001c2:	f7ff ffa1 	bl	20000108 <mutex_enter_block_until>
200001c6:	e7f7      	b.n	200001b8 <mutex_try_enter_block_until+0x24>

200001c8 <mutex_enter_timeout_ms>:
200001c8:	b5f8      	push	{r3, r4, r5, r6, r7, lr}
200001ca:	0006      	movs	r6, r0
200001cc:	000f      	movs	r7, r1
200001ce:	f000 fcf3 	bl	20000bb8 <__time_us_64_veneer>
200001d2:	0004      	movs	r4, r0
200001d4:	1e0d      	subs	r5, r1, #0
200001d6:	db12      	blt.n	200001fe <mutex_enter_timeout_ms+0x36>
200001d8:	22fa      	movs	r2, #250	; 0xfa
200001da:	0092      	lsls	r2, r2, #2
200001dc:	2300      	movs	r3, #0
200001de:	0038      	movs	r0, r7
200001e0:	2100      	movs	r1, #0
200001e2:	f000 fd21 	bl	20000c28 <____wrap___aeabi_lmul_veneer>
200001e6:	0022      	movs	r2, r4
200001e8:	002b      	movs	r3, r5
200001ea:	1812      	adds	r2, r2, r0
200001ec:	414b      	adcs	r3, r1
200001ee:	2b00      	cmp	r3, #0
200001f0:	db0b      	blt.n	2000020a <mutex_enter_timeout_ms+0x42>
200001f2:	2b00      	cmp	r3, #0
200001f4:	db0d      	blt.n	20000212 <mutex_enter_timeout_ms+0x4a>
200001f6:	0030      	movs	r0, r6
200001f8:	f7ff ff86 	bl	20000108 <mutex_enter_block_until>
200001fc:	bdf8      	pop	{r3, r4, r5, r6, r7, pc}
200001fe:	4b08      	ldr	r3, [pc, #32]	; (20000220 <mutex_enter_timeout_ms+0x58>)
20000200:	4a08      	ldr	r2, [pc, #32]	; (20000224 <mutex_enter_timeout_ms+0x5c>)
20000202:	213f      	movs	r1, #63	; 0x3f
20000204:	4808      	ldr	r0, [pc, #32]	; (20000228 <mutex_enter_timeout_ms+0x60>)
20000206:	f000 fcf7 	bl	20000bf8 <____assert_func_veneer>
2000020a:	2201      	movs	r2, #1
2000020c:	4252      	negs	r2, r2
2000020e:	4b07      	ldr	r3, [pc, #28]	; (2000022c <mutex_enter_timeout_ms+0x64>)
20000210:	e7ef      	b.n	200001f2 <mutex_enter_timeout_ms+0x2a>
20000212:	4b03      	ldr	r3, [pc, #12]	; (20000220 <mutex_enter_timeout_ms+0x58>)
20000214:	4a03      	ldr	r2, [pc, #12]	; (20000224 <mutex_enter_timeout_ms+0x5c>)
20000216:	213f      	movs	r1, #63	; 0x3f
20000218:	4803      	ldr	r0, [pc, #12]	; (20000228 <mutex_enter_timeout_ms+0x60>)
2000021a:	f000 fced 	bl	20000bf8 <____assert_func_veneer>
2000021e:	46c0      	nop			; (mov r8, r8)
20000220:	1000ad0c 	.word	0x1000ad0c
20000224:	1000ade8 	.word	0x1000ade8
20000228:	1000ad28 	.word	0x1000ad28
2000022c:	7fffffff 	.word	0x7fffffff

20000230 <mutex_exit>:
20000230:	b510      	push	{r4, lr}
20000232:	6802      	ldr	r2, [r0, #0]
20000234:	f3ef 8110 	mrs	r1, PRIMASK
20000238:	b672      	cpsid	i
2000023a:	6813      	ldr	r3, [r2, #0]
2000023c:	2b00      	cmp	r3, #0
2000023e:	d0fc      	beq.n	2000023a <mutex_exit+0xa>
20000240:	f3bf 8f5f 	dmb	sy
20000244:	2304      	movs	r3, #4
20000246:	56c3      	ldrsb	r3, [r0, r3]
20000248:	2b00      	cmp	r3, #0
2000024a:	db0a      	blt.n	20000262 <mutex_exit+0x32>
2000024c:	23ff      	movs	r3, #255	; 0xff
2000024e:	7103      	strb	r3, [r0, #4]
20000250:	6803      	ldr	r3, [r0, #0]
20000252:	f3bf 8f5f 	dmb	sy
20000256:	2200      	movs	r2, #0
20000258:	601a      	str	r2, [r3, #0]
2000025a:	f381 8810 	msr	PRIMASK, r1
2000025e:	bf40      	sev
20000260:	bd10      	pop	{r4, pc}
20000262:	4b03      	ldr	r3, [pc, #12]	; (20000270 <mutex_exit+0x40>)
20000264:	4a03      	ldr	r2, [pc, #12]	; (20000274 <mutex_exit+0x44>)
20000266:	21b4      	movs	r1, #180	; 0xb4
20000268:	4803      	ldr	r0, [pc, #12]	; (20000278 <mutex_exit+0x48>)
2000026a:	f000 fcc5 	bl	20000bf8 <____assert_func_veneer>
2000026e:	46c0      	nop			; (mov r8, r8)
20000270:	1000ad8c 	.word	0x1000ad8c
20000274:	1000adc4 	.word	0x1000adc4
20000278:	1000aca4 	.word	0x1000aca4

2000027c <flash_init_boot2_copyout>:
2000027c:	4b09      	ldr	r3, [pc, #36]	; (200002a4 <flash_init_boot2_copyout+0x28>)
2000027e:	781b      	ldrb	r3, [r3, #0]
20000280:	2b00      	cmp	r3, #0
20000282:	d008      	beq.n	20000296 <flash_init_boot2_copyout+0x1a>
20000284:	e00c      	b.n	200002a0 <flash_init_boot2_copyout+0x24>
20000286:	009a      	lsls	r2, r3, #2
20000288:	2180      	movs	r1, #128	; 0x80
2000028a:	0549      	lsls	r1, r1, #21
2000028c:	1851      	adds	r1, r2, r1
2000028e:	6808      	ldr	r0, [r1, #0]
20000290:	4905      	ldr	r1, [pc, #20]	; (200002a8 <flash_init_boot2_copyout+0x2c>)
20000292:	5050      	str	r0, [r2, r1]
20000294:	3301      	adds	r3, #1
20000296:	2b3f      	cmp	r3, #63	; 0x3f
20000298:	ddf5      	ble.n	20000286 <flash_init_boot2_copyout+0xa>
2000029a:	4b02      	ldr	r3, [pc, #8]	; (200002a4 <flash_init_boot2_copyout+0x28>)
2000029c:	2201      	movs	r2, #1
2000029e:	701a      	strb	r2, [r3, #0]
200002a0:	4770      	bx	lr
200002a2:	46c0      	nop			; (mov r8, r8)
200002a4:	2000252b 	.word	0x2000252b
200002a8:	20001d20 	.word	0x20001d20

200002ac <flash_enable_xip_via_boot2>:
200002ac:	b510      	push	{r4, lr}
200002ae:	4b02      	ldr	r3, [pc, #8]	; (200002b8 <flash_enable_xip_via_boot2+0xc>)
200002b0:	3301      	adds	r3, #1
200002b2:	4798      	blx	r3
200002b4:	bd10      	pop	{r4, pc}
200002b6:	46c0      	nop			; (mov r8, r8)
200002b8:	20001d20 	.word	0x20001d20

200002bc <flash_cs_force>:
200002bc:	2800      	cmp	r0, #0
200002be:	d00a      	beq.n	200002d6 <flash_cs_force+0x1a>
200002c0:	2303      	movs	r3, #3
200002c2:	021b      	lsls	r3, r3, #8
200002c4:	4a05      	ldr	r2, [pc, #20]	; (200002dc <flash_cs_force+0x20>)
200002c6:	6812      	ldr	r2, [r2, #0]
200002c8:	4053      	eors	r3, r2
200002ca:	22c0      	movs	r2, #192	; 0xc0
200002cc:	0092      	lsls	r2, r2, #2
200002ce:	4013      	ands	r3, r2
200002d0:	4a03      	ldr	r2, [pc, #12]	; (200002e0 <flash_cs_force+0x24>)
200002d2:	6013      	str	r3, [r2, #0]
200002d4:	4770      	bx	lr
200002d6:	2302      	movs	r3, #2
200002d8:	e7f3      	b.n	200002c2 <flash_cs_force+0x6>
200002da:	46c0      	nop			; (mov r8, r8)
200002dc:	4001800c 	.word	0x4001800c
200002e0:	4001900c 	.word	0x4001900c

200002e4 <flash_do_cmd>:
200002e4:	b5f0      	push	{r4, r5, r6, r7, lr}
200002e6:	46d6      	mov	lr, sl
200002e8:	464f      	mov	r7, r9
200002ea:	4646      	mov	r6, r8
200002ec:	b5c0      	push	{r6, r7, lr}
200002ee:	0007      	movs	r7, r0
200002f0:	000e      	movs	r6, r1
200002f2:	0015      	movs	r5, r2
200002f4:	2318      	movs	r3, #24
200002f6:	469a      	mov	sl, r3
200002f8:	881b      	ldrh	r3, [r3, #0]
200002fa:	2214      	movs	r2, #20
200002fc:	4690      	mov	r8, r2
200002fe:	8810      	ldrh	r0, [r2, #0]
20000300:	4928      	ldr	r1, [pc, #160]	; (200003a4 <flash_do_cmd+0xc0>)
20000302:	4798      	blx	r3
20000304:	4681      	mov	r9, r0
20000306:	4653      	mov	r3, sl
20000308:	881b      	ldrh	r3, [r3, #0]
2000030a:	4642      	mov	r2, r8
2000030c:	8810      	ldrh	r0, [r2, #0]
2000030e:	4926      	ldr	r1, [pc, #152]	; (200003a8 <flash_do_cmd+0xc4>)
20000310:	4798      	blx	r3
20000312:	0004      	movs	r4, r0
20000314:	4653      	mov	r3, sl
20000316:	881b      	ldrh	r3, [r3, #0]
20000318:	4642      	mov	r2, r8
2000031a:	8810      	ldrh	r0, [r2, #0]
2000031c:	4923      	ldr	r1, [pc, #140]	; (200003ac <flash_do_cmd+0xc8>)
2000031e:	4798      	blx	r3
20000320:	4680      	mov	r8, r0
20000322:	464b      	mov	r3, r9
20000324:	2b00      	cmp	r3, #0
20000326:	d00c      	beq.n	20000342 <flash_do_cmd+0x5e>
20000328:	2c00      	cmp	r4, #0
2000032a:	d00a      	beq.n	20000342 <flash_do_cmd+0x5e>
2000032c:	2800      	cmp	r0, #0
2000032e:	d008      	beq.n	20000342 <flash_do_cmd+0x5e>
20000330:	f7ff ffa4 	bl	2000027c <flash_init_boot2_copyout>
20000334:	47c8      	blx	r9
20000336:	47a0      	blx	r4
20000338:	2000      	movs	r0, #0
2000033a:	f7ff ffbf 	bl	200002bc <flash_cs_force>
2000033e:	002a      	movs	r2, r5
20000340:	e00f      	b.n	20000362 <flash_do_cmd+0x7e>
20000342:	4b1b      	ldr	r3, [pc, #108]	; (200003b0 <flash_do_cmd+0xcc>)
20000344:	4a1b      	ldr	r2, [pc, #108]	; (200003b4 <flash_do_cmd+0xd0>)
20000346:	2180      	movs	r1, #128	; 0x80
20000348:	481b      	ldr	r0, [pc, #108]	; (200003b8 <flash_do_cmd+0xd4>)
2000034a:	f000 fc55 	bl	20000bf8 <____assert_func_veneer>
2000034e:	2b00      	cmp	r3, #0
20000350:	d007      	beq.n	20000362 <flash_do_cmd+0x7e>
20000352:	2a00      	cmp	r2, #0
20000354:	d005      	beq.n	20000362 <flash_do_cmd+0x7e>
20000356:	23c0      	movs	r3, #192	; 0xc0
20000358:	055b      	lsls	r3, r3, #21
2000035a:	6e1b      	ldr	r3, [r3, #96]	; 0x60
2000035c:	7033      	strb	r3, [r6, #0]
2000035e:	3a01      	subs	r2, #1
20000360:	3601      	adds	r6, #1
20000362:	002b      	movs	r3, r5
20000364:	4313      	orrs	r3, r2
20000366:	d012      	beq.n	2000038e <flash_do_cmd+0xaa>
20000368:	23c0      	movs	r3, #192	; 0xc0
2000036a:	055b      	lsls	r3, r3, #21
2000036c:	6a9c      	ldr	r4, [r3, #40]	; 0x28
2000036e:	2308      	movs	r3, #8
20000370:	4023      	ands	r3, r4
20000372:	07a1      	lsls	r1, r4, #30
20000374:	d5eb      	bpl.n	2000034e <flash_do_cmd+0x6a>
20000376:	2d00      	cmp	r5, #0
20000378:	d0e9      	beq.n	2000034e <flash_do_cmd+0x6a>
2000037a:	1b51      	subs	r1, r2, r5
2000037c:	290d      	cmp	r1, #13
2000037e:	d8e6      	bhi.n	2000034e <flash_do_cmd+0x6a>
20000380:	7838      	ldrb	r0, [r7, #0]
20000382:	21c0      	movs	r1, #192	; 0xc0
20000384:	0549      	lsls	r1, r1, #21
20000386:	6608      	str	r0, [r1, #96]	; 0x60
20000388:	3d01      	subs	r5, #1
2000038a:	3701      	adds	r7, #1
2000038c:	e7df      	b.n	2000034e <flash_do_cmd+0x6a>
2000038e:	2001      	movs	r0, #1
20000390:	f7ff ff94 	bl	200002bc <flash_cs_force>
20000394:	47c0      	blx	r8
20000396:	f7ff ff89 	bl	200002ac <flash_enable_xip_via_boot2>
2000039a:	bce0      	pop	{r5, r6, r7}
2000039c:	46ba      	mov	sl, r7
2000039e:	46b1      	mov	r9, r6
200003a0:	46a8      	mov	r8, r5
200003a2:	bdf0      	pop	{r4, r5, r6, r7, pc}
200003a4:	00004649 	.word	0x00004649
200003a8:	00005845 	.word	0x00005845
200003ac:	00004346 	.word	0x00004346
200003b0:	1000bd70 	.word	0x1000bd70
200003b4:	1000bdb0 	.word	0x1000bdb0
200003b8:	1000bc64 	.word	0x1000bc64

200003bc <reset_non_control_endpoints>:
200003bc:	b510      	push	{r4, lr}
200003be:	2300      	movs	r3, #0
200003c0:	e008      	b.n	200003d4 <reset_non_control_endpoints+0x18>
200003c2:	3301      	adds	r3, #1
200003c4:	00da      	lsls	r2, r3, #3
200003c6:	2100      	movs	r1, #0
200003c8:	4808      	ldr	r0, [pc, #32]	; (200003ec <reset_non_control_endpoints+0x30>)
200003ca:	5011      	str	r1, [r2, r0]
200003cc:	4684      	mov	ip, r0
200003ce:	4462      	add	r2, ip
200003d0:	6051      	str	r1, [r2, #4]
200003d2:	b2db      	uxtb	r3, r3
200003d4:	2b0e      	cmp	r3, #14
200003d6:	d9f4      	bls.n	200003c2 <reset_non_control_endpoints+0x6>
200003d8:	22f0      	movs	r2, #240	; 0xf0
200003da:	0092      	lsls	r2, r2, #2
200003dc:	2100      	movs	r1, #0
200003de:	4804      	ldr	r0, [pc, #16]	; (200003f0 <reset_non_control_endpoints+0x34>)
200003e0:	f000 fbf2 	bl	20000bc8 <____wrap_memset_veneer>
200003e4:	4b03      	ldr	r3, [pc, #12]	; (200003f4 <reset_non_control_endpoints+0x38>)
200003e6:	4a04      	ldr	r2, [pc, #16]	; (200003f8 <reset_non_control_endpoints+0x3c>)
200003e8:	601a      	str	r2, [r3, #0]
200003ea:	bd10      	pop	{r4, pc}
200003ec:	50100000 	.word	0x50100000
200003f0:	20001f10 	.word	0x20001f10
200003f4:	200022d4 	.word	0x200022d4
200003f8:	50100180 	.word	0x50100180

200003fc <hw_handle_buff_status>:
200003fc:	b5f0      	push	{r4, r5, r6, r7, lr}
200003fe:	46ce      	mov	lr, r9
20000400:	4647      	mov	r7, r8
20000402:	b580      	push	{r7, lr}
20000404:	b085      	sub	sp, #20
20000406:	4b23      	ldr	r3, [pc, #140]	; (20000494 <hw_handle_buff_status+0x98>)
20000408:	6d9f      	ldr	r7, [r3, #88]	; 0x58
2000040a:	2400      	movs	r4, #0
2000040c:	2601      	movs	r6, #1
2000040e:	e003      	b.n	20000418 <hw_handle_buff_status+0x1c>
20000410:	43b7      	bics	r7, r6
20000412:	0076      	lsls	r6, r6, #1
20000414:	3401      	adds	r4, #1
20000416:	b2e4      	uxtb	r4, r4
20000418:	2f00      	cmp	r7, #0
2000041a:	d036      	beq.n	2000048a <hw_handle_buff_status+0x8e>
2000041c:	2c1f      	cmp	r4, #31
2000041e:	d834      	bhi.n	2000048a <hw_handle_buff_status+0x8e>
20000420:	423e      	tst	r6, r7
20000422:	d0f6      	beq.n	20000412 <hw_handle_buff_status+0x16>
20000424:	4b1c      	ldr	r3, [pc, #112]	; (20000498 <hw_handle_buff_status+0x9c>)
20000426:	659e      	str	r6, [r3, #88]	; 0x58
20000428:	0863      	lsrs	r3, r4, #1
2000042a:	4699      	mov	r9, r3
2000042c:	2301      	movs	r3, #1
2000042e:	4063      	eors	r3, r4
20000430:	2201      	movs	r2, #1
20000432:	401a      	ands	r2, r3
20000434:	4690      	mov	r8, r2
20000436:	464b      	mov	r3, r9
20000438:	005d      	lsls	r5, r3, #1
2000043a:	4445      	add	r5, r8
2000043c:	016d      	lsls	r5, r5, #5
2000043e:	4b17      	ldr	r3, [pc, #92]	; (2000049c <hw_handle_buff_status+0xa0>)
20000440:	18ed      	adds	r5, r5, r3
20000442:	0028      	movs	r0, r5
20000444:	f000 fa42 	bl	200008cc <hw_endpoint_xfer_continue>
20000448:	2800      	cmp	r0, #0
2000044a:	d0e1      	beq.n	20000410 <hw_handle_buff_status+0x14>
2000044c:	464b      	mov	r3, r9
2000044e:	005b      	lsls	r3, r3, #1
20000450:	4443      	add	r3, r8
20000452:	015b      	lsls	r3, r3, #5
20000454:	4a11      	ldr	r2, [pc, #68]	; (2000049c <hw_handle_buff_status+0xa0>)
20000456:	18d3      	adds	r3, r2, r3
20000458:	789a      	ldrb	r2, [r3, #2]
2000045a:	4691      	mov	r9, r2
2000045c:	8adb      	ldrh	r3, [r3, #22]
2000045e:	4698      	mov	r8, r3
20000460:	220c      	movs	r2, #12
20000462:	2100      	movs	r1, #0
20000464:	a801      	add	r0, sp, #4
20000466:	f000 fbaf 	bl	20000bc8 <____wrap_memset_veneer>
2000046a:	2307      	movs	r3, #7
2000046c:	466a      	mov	r2, sp
2000046e:	7153      	strb	r3, [r2, #5]
20000470:	466b      	mov	r3, sp
20000472:	464a      	mov	r2, r9
20000474:	721a      	strb	r2, [r3, #8]
20000476:	4643      	mov	r3, r8
20000478:	9303      	str	r3, [sp, #12]
2000047a:	2101      	movs	r1, #1
2000047c:	a801      	add	r0, sp, #4
2000047e:	f000 fa4d 	bl	2000091c <dcd_event_handler>
20000482:	0028      	movs	r0, r5
20000484:	f000 f9ac 	bl	200007e0 <hw_endpoint_reset_transfer>
20000488:	e7c2      	b.n	20000410 <hw_handle_buff_status+0x14>
2000048a:	b005      	add	sp, #20
2000048c:	bcc0      	pop	{r6, r7}
2000048e:	46b9      	mov	r9, r7
20000490:	46b0      	mov	r8, r6
20000492:	bdf0      	pop	{r4, r5, r6, r7, pc}
20000494:	50110000 	.word	0x50110000
20000498:	50113000 	.word	0x50113000
2000049c:	20001ed0 	.word	0x20001ed0

200004a0 <dcd_rp2040_irq>:
200004a0:	b5f0      	push	{r4, r5, r6, r7, lr}
200004a2:	b085      	sub	sp, #20
200004a4:	4a68      	ldr	r2, [pc, #416]	; (20000648 <dcd_rp2040_irq+0x1a8>)
200004a6:	2398      	movs	r3, #152	; 0x98
200004a8:	58d5      	ldr	r5, [r2, r3]
200004aa:	2380      	movs	r3, #128	; 0x80
200004ac:	029b      	lsls	r3, r3, #10
200004ae:	002c      	movs	r4, r5
200004b0:	401c      	ands	r4, r3
200004b2:	421d      	tst	r5, r3
200004b4:	d04a      	beq.n	2000054c <dcd_rp2040_irq+0xac>
200004b6:	4b65      	ldr	r3, [pc, #404]	; (2000064c <dcd_rp2040_irq+0x1ac>)
200004b8:	6a9a      	ldr	r2, [r3, #40]	; 0x28
200004ba:	4b65      	ldr	r3, [pc, #404]	; (20000650 <dcd_rp2040_irq+0x1b0>)
200004bc:	601a      	str	r2, [r3, #0]
200004be:	2400      	movs	r4, #0
200004c0:	2600      	movs	r6, #0
200004c2:	e009      	b.n	200004d8 <dcd_rp2040_irq+0x38>
200004c4:	4b63      	ldr	r3, [pc, #396]	; (20000654 <dcd_rp2040_irq+0x1b4>)
200004c6:	1899      	adds	r1, r3, r2
200004c8:	313c      	adds	r1, #60	; 0x3c
200004ca:	2300      	movs	r3, #0
200004cc:	700b      	strb	r3, [r1, #0]
200004ce:	f000 f9b9 	bl	20000844 <hw_endpoint_start_next_buffer>
200004d2:	003e      	movs	r6, r7
200004d4:	3401      	adds	r4, #1
200004d6:	b2e4      	uxtb	r4, r4
200004d8:	2c0f      	cmp	r4, #15
200004da:	d817      	bhi.n	2000050c <dcd_rp2040_irq+0x6c>
200004dc:	01a2      	lsls	r2, r4, #6
200004de:	0010      	movs	r0, r2
200004e0:	3020      	adds	r0, #32
200004e2:	4b5c      	ldr	r3, [pc, #368]	; (20000654 <dcd_rp2040_irq+0x1b4>)
200004e4:	18c0      	adds	r0, r0, r3
200004e6:	189b      	adds	r3, r3, r2
200004e8:	333b      	adds	r3, #59	; 0x3b
200004ea:	781b      	ldrb	r3, [r3, #0]
200004ec:	2b02      	cmp	r3, #2
200004ee:	d1f1      	bne.n	200004d4 <dcd_rp2040_irq+0x34>
200004f0:	4b58      	ldr	r3, [pc, #352]	; (20000654 <dcd_rp2040_irq+0x1b4>)
200004f2:	189b      	adds	r3, r3, r2
200004f4:	333a      	adds	r3, #58	; 0x3a
200004f6:	781f      	ldrb	r7, [r3, #0]
200004f8:	2f00      	cmp	r7, #0
200004fa:	d0eb      	beq.n	200004d4 <dcd_rp2040_irq+0x34>
200004fc:	4b55      	ldr	r3, [pc, #340]	; (20000654 <dcd_rp2040_irq+0x1b4>)
200004fe:	189b      	adds	r3, r3, r2
20000500:	333c      	adds	r3, #60	; 0x3c
20000502:	781b      	ldrb	r3, [r3, #0]
20000504:	2b00      	cmp	r3, #0
20000506:	d1dd      	bne.n	200004c4 <dcd_rp2040_irq+0x24>
20000508:	003e      	movs	r6, r7
2000050a:	e7e3      	b.n	200004d4 <dcd_rp2040_irq+0x34>
2000050c:	2e00      	cmp	r6, #0
2000050e:	d108      	bne.n	20000522 <dcd_rp2040_irq+0x82>
20000510:	4b51      	ldr	r3, [pc, #324]	; (20000658 <dcd_rp2040_irq+0x1b8>)
20000512:	781b      	ldrb	r3, [r3, #0]
20000514:	2b00      	cmp	r3, #0
20000516:	d104      	bne.n	20000522 <dcd_rp2040_irq+0x82>
20000518:	4a50      	ldr	r2, [pc, #320]	; (2000065c <dcd_rp2040_irq+0x1bc>)
2000051a:	3390      	adds	r3, #144	; 0x90
2000051c:	2180      	movs	r1, #128	; 0x80
2000051e:	0289      	lsls	r1, r1, #10
20000520:	50d1      	str	r1, [r2, r3]
20000522:	4b49      	ldr	r3, [pc, #292]	; (20000648 <dcd_rp2040_irq+0x1a8>)
20000524:	6c9c      	ldr	r4, [r3, #72]	; 0x48
20000526:	0564      	lsls	r4, r4, #21
20000528:	0d64      	lsrs	r4, r4, #21
2000052a:	220c      	movs	r2, #12
2000052c:	2100      	movs	r1, #0
2000052e:	a801      	add	r0, sp, #4
20000530:	f000 fb4a 	bl	20000bc8 <____wrap_memset_veneer>
20000534:	2300      	movs	r3, #0
20000536:	466a      	mov	r2, sp
20000538:	7113      	strb	r3, [r2, #4]
2000053a:	3303      	adds	r3, #3
2000053c:	7153      	strb	r3, [r2, #5]
2000053e:	9402      	str	r4, [sp, #8]
20000540:	2101      	movs	r1, #1
20000542:	a801      	add	r0, sp, #4
20000544:	f000 f9ea 	bl	2000091c <dcd_event_handler>
20000548:	2480      	movs	r4, #128	; 0x80
2000054a:	02a4      	lsls	r4, r4, #10
2000054c:	06eb      	lsls	r3, r5, #27
2000054e:	d409      	bmi.n	20000564 <dcd_rp2040_irq+0xc4>
20000550:	03eb      	lsls	r3, r5, #15
20000552:	d529      	bpl.n	200005a8 <dcd_rp2040_irq+0x108>
20000554:	2380      	movs	r3, #128	; 0x80
20000556:	025b      	lsls	r3, r3, #9
20000558:	431c      	orrs	r4, r3
2000055a:	ab01      	add	r3, sp, #4
2000055c:	4a40      	ldr	r2, [pc, #256]	; (20000660 <dcd_rp2040_irq+0x1c0>)
2000055e:	801a      	strh	r2, [r3, #0]
20000560:	2600      	movs	r6, #0
20000562:	e00b      	b.n	2000057c <dcd_rp2040_irq+0xdc>
20000564:	2310      	movs	r3, #16
20000566:	431c      	orrs	r4, r3
20000568:	f7ff ff48 	bl	200003fc <hw_handle_buff_status>
2000056c:	e7f0      	b.n	20000550 <dcd_rp2040_irq+0xb0>
2000056e:	ab01      	add	r3, sp, #4
20000570:	5d98      	ldrb	r0, [r3, r6]
20000572:	f000 fb71 	bl	20000c58 <__hw_endpoint_get_by_addr_veneer>
20000576:	2301      	movs	r3, #1
20000578:	70c3      	strb	r3, [r0, #3]
2000057a:	3601      	adds	r6, #1
2000057c:	2e01      	cmp	r6, #1
2000057e:	d9f6      	bls.n	2000056e <dcd_rp2040_irq+0xce>
20000580:	ae01      	add	r6, sp, #4
20000582:	220c      	movs	r2, #12
20000584:	2100      	movs	r1, #0
20000586:	0030      	movs	r0, r6
20000588:	f000 fb1e 	bl	20000bc8 <____wrap_memset_veneer>
2000058c:	2306      	movs	r3, #6
2000058e:	7073      	strb	r3, [r6, #1]
20000590:	4a34      	ldr	r2, [pc, #208]	; (20000664 <dcd_rp2040_irq+0x1c4>)
20000592:	ab02      	add	r3, sp, #8
20000594:	ca03      	ldmia	r2!, {r0, r1}
20000596:	c303      	stmia	r3!, {r0, r1}
20000598:	2101      	movs	r1, #1
2000059a:	0030      	movs	r0, r6
2000059c:	f000 f9be 	bl	2000091c <dcd_event_handler>
200005a0:	4b2e      	ldr	r3, [pc, #184]	; (2000065c <dcd_rp2040_irq+0x1bc>)
200005a2:	2280      	movs	r2, #128	; 0x80
200005a4:	0292      	lsls	r2, r2, #10
200005a6:	651a      	str	r2, [r3, #80]	; 0x50
200005a8:	04eb      	lsls	r3, r5, #19
200005aa:	d407      	bmi.n	200005bc <dcd_rp2040_irq+0x11c>
200005ac:	046b      	lsls	r3, r5, #17
200005ae:	d41e      	bmi.n	200005ee <dcd_rp2040_irq+0x14e>
200005b0:	042b      	lsls	r3, r5, #16
200005b2:	d42f      	bmi.n	20000614 <dcd_rp2040_irq+0x174>
200005b4:	42ac      	cmp	r4, r5
200005b6:	d141      	bne.n	2000063c <dcd_rp2040_irq+0x19c>
200005b8:	b005      	add	sp, #20
200005ba:	bdf0      	pop	{r4, r5, r6, r7, pc}
200005bc:	2380      	movs	r3, #128	; 0x80
200005be:	015b      	lsls	r3, r3, #5
200005c0:	431c      	orrs	r4, r3
200005c2:	4b21      	ldr	r3, [pc, #132]	; (20000648 <dcd_rp2040_irq+0x1a8>)
200005c4:	2200      	movs	r2, #0
200005c6:	601a      	str	r2, [r3, #0]
200005c8:	f7ff fef8 	bl	200003bc <reset_non_control_endpoints>
200005cc:	ae01      	add	r6, sp, #4
200005ce:	220c      	movs	r2, #12
200005d0:	2100      	movs	r1, #0
200005d2:	0030      	movs	r0, r6
200005d4:	f000 faf8 	bl	20000bc8 <____wrap_memset_veneer>
200005d8:	2301      	movs	r3, #1
200005da:	7073      	strb	r3, [r6, #1]
200005dc:	2101      	movs	r1, #1
200005de:	0030      	movs	r0, r6
200005e0:	f000 f99c 	bl	2000091c <dcd_event_handler>
200005e4:	4b1d      	ldr	r3, [pc, #116]	; (2000065c <dcd_rp2040_irq+0x1bc>)
200005e6:	2280      	movs	r2, #128	; 0x80
200005e8:	0312      	lsls	r2, r2, #12
200005ea:	651a      	str	r2, [r3, #80]	; 0x50
200005ec:	e7de      	b.n	200005ac <dcd_rp2040_irq+0x10c>
200005ee:	2380      	movs	r3, #128	; 0x80
200005f0:	01db      	lsls	r3, r3, #7
200005f2:	431c      	orrs	r4, r3
200005f4:	ae01      	add	r6, sp, #4
200005f6:	220c      	movs	r2, #12
200005f8:	2100      	movs	r1, #0
200005fa:	0030      	movs	r0, r6
200005fc:	f000 fae4 	bl	20000bc8 <____wrap_memset_veneer>
20000600:	2304      	movs	r3, #4
20000602:	7073      	strb	r3, [r6, #1]
20000604:	2101      	movs	r1, #1
20000606:	0030      	movs	r0, r6
20000608:	f000 f988 	bl	2000091c <dcd_event_handler>
2000060c:	4b13      	ldr	r3, [pc, #76]	; (2000065c <dcd_rp2040_irq+0x1bc>)
2000060e:	2210      	movs	r2, #16
20000610:	651a      	str	r2, [r3, #80]	; 0x50
20000612:	e7cd      	b.n	200005b0 <dcd_rp2040_irq+0x110>
20000614:	2380      	movs	r3, #128	; 0x80
20000616:	021b      	lsls	r3, r3, #8
20000618:	431c      	orrs	r4, r3
2000061a:	ae01      	add	r6, sp, #4
2000061c:	220c      	movs	r2, #12
2000061e:	2100      	movs	r1, #0
20000620:	0030      	movs	r0, r6
20000622:	f000 fad1 	bl	20000bc8 <____wrap_memset_veneer>
20000626:	2305      	movs	r3, #5
20000628:	7073      	strb	r3, [r6, #1]
2000062a:	2101      	movs	r1, #1
2000062c:	0030      	movs	r0, r6
2000062e:	f000 f975 	bl	2000091c <dcd_event_handler>
20000632:	4b0a      	ldr	r3, [pc, #40]	; (2000065c <dcd_rp2040_irq+0x1bc>)
20000634:	2280      	movs	r2, #128	; 0x80
20000636:	0112      	lsls	r2, r2, #4
20000638:	651a      	str	r2, [r3, #80]	; 0x50
2000063a:	e7bb      	b.n	200005b4 <dcd_rp2040_irq+0x114>
2000063c:	0021      	movs	r1, r4
2000063e:	4069      	eors	r1, r5
20000640:	4809      	ldr	r0, [pc, #36]	; (20000668 <dcd_rp2040_irq+0x1c8>)
20000642:	f000 fad1 	bl	20000be8 <__panic_veneer>
20000646:	46c0      	nop			; (mov r8, r8)
20000648:	50110000 	.word	0x50110000
2000064c:	40054000 	.word	0x40054000
20000650:	20001ec0 	.word	0x20001ec0
20000654:	20001ed0 	.word	0x20001ed0
20000658:	2000252a 	.word	0x2000252a
2000065c:	50113000 	.word	0x50113000
20000660:	ffff8000 	.word	0xffff8000
20000664:	50100000 	.word	0x50100000
20000668:	1000be94 	.word	0x1000be94

2000066c <e15_is_bulkin_ep>:
2000066c:	4b09      	ldr	r3, [pc, #36]	; (20000694 <e15_is_bulkin_ep+0x28>)
2000066e:	6c1b      	ldr	r3, [r3, #64]	; 0x40
20000670:	079b      	lsls	r3, r3, #30
20000672:	d40c      	bmi.n	2000068e <e15_is_bulkin_ep+0x22>
20000674:	7883      	ldrb	r3, [r0, #2]
20000676:	09db      	lsrs	r3, r3, #7
20000678:	2b01      	cmp	r3, #1
2000067a:	d001      	beq.n	20000680 <e15_is_bulkin_ep+0x14>
2000067c:	2000      	movs	r0, #0
2000067e:	e007      	b.n	20000690 <e15_is_bulkin_ep+0x24>
20000680:	7ec3      	ldrb	r3, [r0, #27]
20000682:	2b02      	cmp	r3, #2
20000684:	d001      	beq.n	2000068a <e15_is_bulkin_ep+0x1e>
20000686:	2000      	movs	r0, #0
20000688:	e002      	b.n	20000690 <e15_is_bulkin_ep+0x24>
2000068a:	2001      	movs	r0, #1
2000068c:	e000      	b.n	20000690 <e15_is_bulkin_ep+0x24>
2000068e:	2000      	movs	r0, #0
20000690:	4770      	bx	lr
20000692:	46c0      	nop			; (mov r8, r8)
20000694:	50110000 	.word	0x50110000

20000698 <e15_is_critical_frame_period>:
20000698:	b510      	push	{r4, lr}
2000069a:	f7ff ffe7 	bl	2000066c <e15_is_bulkin_ep>
2000069e:	2800      	cmp	r0, #0
200006a0:	d009      	beq.n	200006b6 <e15_is_critical_frame_period+0x1e>
200006a2:	4b06      	ldr	r3, [pc, #24]	; (200006bc <e15_is_critical_frame_period+0x24>)
200006a4:	6a9b      	ldr	r3, [r3, #40]	; 0x28
200006a6:	4a06      	ldr	r2, [pc, #24]	; (200006c0 <e15_is_critical_frame_period+0x28>)
200006a8:	6812      	ldr	r2, [r2, #0]
200006aa:	1a9b      	subs	r3, r3, r2
200006ac:	4a05      	ldr	r2, [pc, #20]	; (200006c4 <e15_is_critical_frame_period+0x2c>)
200006ae:	4694      	mov	ip, r2
200006b0:	4463      	add	r3, ip
200006b2:	2bc6      	cmp	r3, #198	; 0xc6
200006b4:	d800      	bhi.n	200006b8 <e15_is_critical_frame_period+0x20>
200006b6:	bd10      	pop	{r4, pc}
200006b8:	2000      	movs	r0, #0
200006ba:	e7fc      	b.n	200006b6 <e15_is_critical_frame_period+0x1e>
200006bc:	40054000 	.word	0x40054000
200006c0:	20001ec0 	.word	0x20001ec0
200006c4:	fffffce0 	.word	0xfffffce0

200006c8 <prepare_ep_buffer>:
200006c8:	b5f8      	push	{r3, r4, r5, r6, r7, lr}
200006ca:	0004      	movs	r4, r0
200006cc:	000f      	movs	r7, r1
200006ce:	8a83      	ldrh	r3, [r0, #20]
200006d0:	8b02      	ldrh	r2, [r0, #24]
200006d2:	1c1e      	adds	r6, r3, #0
200006d4:	4293      	cmp	r3, r2
200006d6:	d900      	bls.n	200006da <prepare_ep_buffer+0x12>
200006d8:	1c16      	adds	r6, r2, #0
200006da:	b2b6      	uxth	r6, r6
200006dc:	1b9b      	subs	r3, r3, r6
200006de:	82a3      	strh	r3, [r4, #20]
200006e0:	2580      	movs	r5, #128	; 0x80
200006e2:	00ed      	lsls	r5, r5, #3
200006e4:	4335      	orrs	r5, r6
200006e6:	78e3      	ldrb	r3, [r4, #3]
200006e8:	2b00      	cmp	r3, #0
200006ea:	d013      	beq.n	20000714 <prepare_ep_buffer+0x4c>
200006ec:	2280      	movs	r2, #128	; 0x80
200006ee:	0192      	lsls	r2, r2, #6
200006f0:	4315      	orrs	r5, r2
200006f2:	2201      	movs	r2, #1
200006f4:	4053      	eors	r3, r2
200006f6:	70e3      	strb	r3, [r4, #3]
200006f8:	7863      	ldrb	r3, [r4, #1]
200006fa:	2b00      	cmp	r3, #0
200006fc:	d00c      	beq.n	20000718 <prepare_ep_buffer+0x50>
200006fe:	8aa3      	ldrh	r3, [r4, #20]
20000700:	2b00      	cmp	r3, #0
20000702:	d102      	bne.n	2000070a <prepare_ep_buffer+0x42>
20000704:	2380      	movs	r3, #128	; 0x80
20000706:	01db      	lsls	r3, r3, #7
20000708:	431d      	orrs	r5, r3
2000070a:	2f00      	cmp	r7, #0
2000070c:	d000      	beq.n	20000710 <prepare_ep_buffer+0x48>
2000070e:	042d      	lsls	r5, r5, #16
20000710:	0028      	movs	r0, r5
20000712:	bdf8      	pop	{r3, r4, r5, r6, r7, pc}
20000714:	2200      	movs	r2, #0
20000716:	e7eb      	b.n	200006f0 <prepare_ep_buffer+0x28>
20000718:	01b8      	lsls	r0, r7, #6
2000071a:	68e3      	ldr	r3, [r4, #12]
2000071c:	469c      	mov	ip, r3
2000071e:	4460      	add	r0, ip
20000720:	0032      	movs	r2, r6
20000722:	6921      	ldr	r1, [r4, #16]
20000724:	f000 fa58 	bl	20000bd8 <____wrap_memcpy_veneer>
20000728:	6923      	ldr	r3, [r4, #16]
2000072a:	469c      	mov	ip, r3
2000072c:	4466      	add	r6, ip
2000072e:	6126      	str	r6, [r4, #16]
20000730:	2380      	movs	r3, #128	; 0x80
20000732:	021b      	lsls	r3, r3, #8
20000734:	431d      	orrs	r5, r3
20000736:	e7e2      	b.n	200006fe <prepare_ep_buffer+0x36>

20000738 <sync_ep_buffer>:
20000738:	b570      	push	{r4, r5, r6, lr}
2000073a:	0004      	movs	r4, r0
2000073c:	6883      	ldr	r3, [r0, #8]
2000073e:	681b      	ldr	r3, [r3, #0]
20000740:	2900      	cmp	r1, #0
20000742:	d000      	beq.n	20000746 <sync_ep_buffer+0xe>
20000744:	0c1b      	lsrs	r3, r3, #16
20000746:	059d      	lsls	r5, r3, #22
20000748:	0dad      	lsrs	r5, r5, #22
2000074a:	7862      	ldrb	r2, [r4, #1]
2000074c:	2a00      	cmp	r2, #0
2000074e:	d112      	bne.n	20000776 <sync_ep_buffer+0x3e>
20000750:	041b      	lsls	r3, r3, #16
20000752:	d409      	bmi.n	20000768 <sync_ep_buffer+0x30>
20000754:	8ae3      	ldrh	r3, [r4, #22]
20000756:	195b      	adds	r3, r3, r5
20000758:	82e3      	strh	r3, [r4, #22]
2000075a:	8b23      	ldrh	r3, [r4, #24]
2000075c:	42ab      	cmp	r3, r5
2000075e:	d901      	bls.n	20000764 <sync_ep_buffer+0x2c>
20000760:	2300      	movs	r3, #0
20000762:	82a3      	strh	r3, [r4, #20]
20000764:	0028      	movs	r0, r5
20000766:	bd70      	pop	{r4, r5, r6, pc}
20000768:	2181      	movs	r1, #129	; 0x81
2000076a:	4b0f      	ldr	r3, [pc, #60]	; (200007a8 <sync_ep_buffer+0x70>)
2000076c:	4a0f      	ldr	r2, [pc, #60]	; (200007ac <sync_ep_buffer+0x74>)
2000076e:	0049      	lsls	r1, r1, #1
20000770:	480f      	ldr	r0, [pc, #60]	; (200007b0 <sync_ep_buffer+0x78>)
20000772:	f000 fa41 	bl	20000bf8 <____assert_func_veneer>
20000776:	041b      	lsls	r3, r3, #16
20000778:	d50e      	bpl.n	20000798 <sync_ep_buffer+0x60>
2000077a:	0189      	lsls	r1, r1, #6
2000077c:	68e3      	ldr	r3, [r4, #12]
2000077e:	469c      	mov	ip, r3
20000780:	4461      	add	r1, ip
20000782:	002a      	movs	r2, r5
20000784:	6920      	ldr	r0, [r4, #16]
20000786:	f000 fa27 	bl	20000bd8 <____wrap_memcpy_veneer>
2000078a:	8ae3      	ldrh	r3, [r4, #22]
2000078c:	195b      	adds	r3, r3, r5
2000078e:	82e3      	strh	r3, [r4, #22]
20000790:	6923      	ldr	r3, [r4, #16]
20000792:	195b      	adds	r3, r3, r5
20000794:	6123      	str	r3, [r4, #16]
20000796:	e7e0      	b.n	2000075a <sync_ep_buffer+0x22>
20000798:	210a      	movs	r1, #10
2000079a:	4b06      	ldr	r3, [pc, #24]	; (200007b4 <sync_ep_buffer+0x7c>)
2000079c:	4a03      	ldr	r2, [pc, #12]	; (200007ac <sync_ep_buffer+0x74>)
2000079e:	31ff      	adds	r1, #255	; 0xff
200007a0:	4803      	ldr	r0, [pc, #12]	; (200007b0 <sync_ep_buffer+0x78>)
200007a2:	f000 fa29 	bl	20000bf8 <____assert_func_veneer>
200007a6:	46c0      	nop			; (mov r8, r8)
200007a8:	1000bf14 	.word	0x1000bf14
200007ac:	1000c018 	.word	0x1000c018
200007b0:	1000bf34 	.word	0x1000bf34
200007b4:	1000bfa4 	.word	0x1000bfa4

200007b8 <_hw_endpoint_xfer_sync>:
200007b8:	b510      	push	{r4, lr}
200007ba:	0004      	movs	r4, r0
200007bc:	6883      	ldr	r3, [r0, #8]
200007be:	681b      	ldr	r3, [r3, #0]
200007c0:	2100      	movs	r1, #0
200007c2:	f7ff ffb9 	bl	20000738 <sync_ep_buffer>
200007c6:	6863      	ldr	r3, [r4, #4]
200007c8:	681b      	ldr	r3, [r3, #0]
200007ca:	005b      	lsls	r3, r3, #1
200007cc:	d502      	bpl.n	200007d4 <_hw_endpoint_xfer_sync+0x1c>
200007ce:	8b23      	ldrh	r3, [r4, #24]
200007d0:	4283      	cmp	r3, r0
200007d2:	d000      	beq.n	200007d6 <_hw_endpoint_xfer_sync+0x1e>
200007d4:	bd10      	pop	{r4, pc}
200007d6:	2101      	movs	r1, #1
200007d8:	0020      	movs	r0, r4
200007da:	f7ff ffad 	bl	20000738 <sync_ep_buffer>
200007de:	e7f9      	b.n	200007d4 <_hw_endpoint_xfer_sync+0x1c>

200007e0 <hw_endpoint_reset_transfer>:
200007e0:	2300      	movs	r3, #0
200007e2:	7683      	strb	r3, [r0, #26]
200007e4:	8283      	strh	r3, [r0, #20]
200007e6:	82c3      	strh	r3, [r0, #22]
200007e8:	6103      	str	r3, [r0, #16]
200007ea:	4770      	bx	lr

200007ec <_hw_endpoint_buffer_control_update32>:
200007ec:	b510      	push	{r4, lr}
200007ee:	2900      	cmp	r1, #0
200007f0:	d002      	beq.n	200007f8 <_hw_endpoint_buffer_control_update32+0xc>
200007f2:	6883      	ldr	r3, [r0, #8]
200007f4:	681b      	ldr	r3, [r3, #0]
200007f6:	4019      	ands	r1, r3
200007f8:	2a00      	cmp	r2, #0
200007fa:	d00f      	beq.n	2000081c <_hw_endpoint_buffer_control_update32+0x30>
200007fc:	4311      	orrs	r1, r2
200007fe:	0553      	lsls	r3, r2, #21
20000800:	d50c      	bpl.n	2000081c <_hw_endpoint_buffer_control_update32+0x30>
20000802:	6882      	ldr	r2, [r0, #8]
20000804:	6813      	ldr	r3, [r2, #0]
20000806:	055b      	lsls	r3, r3, #21
20000808:	d40b      	bmi.n	20000822 <_hw_endpoint_buffer_control_update32+0x36>
2000080a:	4b0b      	ldr	r3, [pc, #44]	; (20000838 <_hw_endpoint_buffer_control_update32+0x4c>)
2000080c:	400b      	ands	r3, r1
2000080e:	6013      	str	r3, [r2, #0]
20000810:	e7ff      	b.n	20000812 <_hw_endpoint_buffer_control_update32+0x26>
20000812:	e7ff      	b.n	20000814 <_hw_endpoint_buffer_control_update32+0x28>
20000814:	e7ff      	b.n	20000816 <_hw_endpoint_buffer_control_update32+0x2a>
20000816:	e7ff      	b.n	20000818 <_hw_endpoint_buffer_control_update32+0x2c>
20000818:	e7ff      	b.n	2000081a <_hw_endpoint_buffer_control_update32+0x2e>
2000081a:	e7ff      	b.n	2000081c <_hw_endpoint_buffer_control_update32+0x30>
2000081c:	6883      	ldr	r3, [r0, #8]
2000081e:	6019      	str	r1, [r3, #0]
20000820:	bd10      	pop	{r4, pc}
20000822:	7883      	ldrb	r3, [r0, #2]
20000824:	217f      	movs	r1, #127	; 0x7f
20000826:	4019      	ands	r1, r3
20000828:	09db      	lsrs	r3, r3, #7
2000082a:	009b      	lsls	r3, r3, #2
2000082c:	4a03      	ldr	r2, [pc, #12]	; (2000083c <_hw_endpoint_buffer_control_update32+0x50>)
2000082e:	589a      	ldr	r2, [r3, r2]
20000830:	4803      	ldr	r0, [pc, #12]	; (20000840 <_hw_endpoint_buffer_control_update32+0x54>)
20000832:	f000 f9d9 	bl	20000be8 <__panic_veneer>
20000836:	46c0      	nop			; (mov r8, r8)
20000838:	fffffbff 	.word	0xfffffbff
2000083c:	20000d78 	.word	0x20000d78
20000840:	1000bfc4 	.word	0x1000bfc4

20000844 <hw_endpoint_start_next_buffer>:
20000844:	b570      	push	{r4, r5, r6, lr}
20000846:	0004      	movs	r4, r0
20000848:	6843      	ldr	r3, [r0, #4]
2000084a:	681e      	ldr	r6, [r3, #0]
2000084c:	2100      	movs	r1, #0
2000084e:	f7ff ff3b 	bl	200006c8 <prepare_ep_buffer>
20000852:	2580      	movs	r5, #128	; 0x80
20000854:	016d      	lsls	r5, r5, #5
20000856:	4305      	orrs	r5, r0
20000858:	4b19      	ldr	r3, [pc, #100]	; (200008c0 <hw_endpoint_start_next_buffer+0x7c>)
2000085a:	6c1b      	ldr	r3, [r3, #64]	; 0x40
2000085c:	2202      	movs	r2, #2
2000085e:	0011      	movs	r1, r2
20000860:	4019      	ands	r1, r3
20000862:	421a      	tst	r2, r3
20000864:	d102      	bne.n	2000086c <hw_endpoint_start_next_buffer+0x28>
20000866:	78a3      	ldrb	r3, [r4, #2]
20000868:	09db      	lsrs	r3, r3, #7
2000086a:	d006      	beq.n	2000087a <hw_endpoint_start_next_buffer+0x36>
2000086c:	2900      	cmp	r1, #0
2000086e:	d006      	beq.n	2000087e <hw_endpoint_start_next_buffer+0x3a>
20000870:	78a3      	ldrb	r3, [r4, #2]
20000872:	065b      	lsls	r3, r3, #25
20000874:	d116      	bne.n	200008a4 <hw_endpoint_start_next_buffer+0x60>
20000876:	2300      	movs	r3, #0
20000878:	e002      	b.n	20000880 <hw_endpoint_start_next_buffer+0x3c>
2000087a:	2301      	movs	r3, #1
2000087c:	e000      	b.n	20000880 <hw_endpoint_start_next_buffer+0x3c>
2000087e:	2300      	movs	r3, #0
20000880:	8aa2      	ldrh	r2, [r4, #20]
20000882:	2a00      	cmp	r2, #0
20000884:	d001      	beq.n	2000088a <hw_endpoint_start_next_buffer+0x46>
20000886:	2b00      	cmp	r3, #0
20000888:	d00e      	beq.n	200008a8 <hw_endpoint_start_next_buffer+0x64>
2000088a:	4b0e      	ldr	r3, [pc, #56]	; (200008c4 <hw_endpoint_start_next_buffer+0x80>)
2000088c:	401e      	ands	r6, r3
2000088e:	2380      	movs	r3, #128	; 0x80
20000890:	059b      	lsls	r3, r3, #22
20000892:	4333      	orrs	r3, r6
20000894:	6862      	ldr	r2, [r4, #4]
20000896:	6013      	str	r3, [r2, #0]
20000898:	002a      	movs	r2, r5
2000089a:	2100      	movs	r1, #0
2000089c:	0020      	movs	r0, r4
2000089e:	f7ff ffa5 	bl	200007ec <_hw_endpoint_buffer_control_update32>
200008a2:	bd70      	pop	{r4, r5, r6, pc}
200008a4:	2301      	movs	r3, #1
200008a6:	e7eb      	b.n	20000880 <hw_endpoint_start_next_buffer+0x3c>
200008a8:	2101      	movs	r1, #1
200008aa:	0020      	movs	r0, r4
200008ac:	f7ff ff0c 	bl	200006c8 <prepare_ep_buffer>
200008b0:	4305      	orrs	r5, r0
200008b2:	4b05      	ldr	r3, [pc, #20]	; (200008c8 <hw_endpoint_start_next_buffer+0x84>)
200008b4:	401e      	ands	r6, r3
200008b6:	23a0      	movs	r3, #160	; 0xa0
200008b8:	05db      	lsls	r3, r3, #23
200008ba:	4333      	orrs	r3, r6
200008bc:	e7ea      	b.n	20000894 <hw_endpoint_start_next_buffer+0x50>
200008be:	46c0      	nop			; (mov r8, r8)
200008c0:	50110000 	.word	0x50110000
200008c4:	afffffff 	.word	0xafffffff
200008c8:	dfffffff 	.word	0xdfffffff

200008cc <hw_endpoint_xfer_continue>:
200008cc:	b570      	push	{r4, r5, r6, lr}
200008ce:	0004      	movs	r4, r0
200008d0:	7e85      	ldrb	r5, [r0, #26]
200008d2:	2d00      	cmp	r5, #0
200008d4:	d006      	beq.n	200008e4 <hw_endpoint_xfer_continue+0x18>
200008d6:	f7ff ff6f 	bl	200007b8 <_hw_endpoint_xfer_sync>
200008da:	8aa3      	ldrh	r3, [r4, #20]
200008dc:	2b00      	cmp	r3, #0
200008de:	d10b      	bne.n	200008f8 <hw_endpoint_xfer_continue+0x2c>
200008e0:	0028      	movs	r0, r5
200008e2:	bd70      	pop	{r4, r5, r6, pc}
200008e4:	7883      	ldrb	r3, [r0, #2]
200008e6:	217f      	movs	r1, #127	; 0x7f
200008e8:	4019      	ands	r1, r3
200008ea:	09db      	lsrs	r3, r3, #7
200008ec:	009b      	lsls	r3, r3, #2
200008ee:	4a09      	ldr	r2, [pc, #36]	; (20000914 <hw_endpoint_xfer_continue+0x48>)
200008f0:	589a      	ldr	r2, [r3, r2]
200008f2:	4809      	ldr	r0, [pc, #36]	; (20000918 <hw_endpoint_xfer_continue+0x4c>)
200008f4:	f000 f978 	bl	20000be8 <__panic_veneer>
200008f8:	0020      	movs	r0, r4
200008fa:	f7ff fecd 	bl	20000698 <e15_is_critical_frame_period>
200008fe:	1e05      	subs	r5, r0, #0
20000900:	d003      	beq.n	2000090a <hw_endpoint_xfer_continue+0x3e>
20000902:	2301      	movs	r3, #1
20000904:	7723      	strb	r3, [r4, #28]
20000906:	2500      	movs	r5, #0
20000908:	e7ea      	b.n	200008e0 <hw_endpoint_xfer_continue+0x14>
2000090a:	0020      	movs	r0, r4
2000090c:	f7ff ff9a 	bl	20000844 <hw_endpoint_start_next_buffer>
20000910:	e7e6      	b.n	200008e0 <hw_endpoint_xfer_continue+0x14>
20000912:	46c0      	nop			; (mov r8, r8)
20000914:	20000d78 	.word	0x20000d78
20000918:	1000bfe4 	.word	0x1000bfe4

2000091c <dcd_event_handler>:
2000091c:	b530      	push	{r4, r5, lr}
2000091e:	b085      	sub	sp, #20
20000920:	0005      	movs	r5, r0
20000922:	7843      	ldrb	r3, [r0, #1]
20000924:	2b04      	cmp	r3, #4
20000926:	d100      	bne.n	2000092a <dcd_event_handler+0xe>
20000928:	e059      	b.n	200009de <dcd_event_handler+0xc2>
2000092a:	d806      	bhi.n	2000093a <dcd_event_handler+0x1e>
2000092c:	2b02      	cmp	r3, #2
2000092e:	d02b      	beq.n	20000988 <dcd_event_handler+0x6c>
20000930:	2b03      	cmp	r3, #3
20000932:	d000      	beq.n	20000936 <dcd_event_handler+0x1a>
20000934:	e0cb      	b.n	20000ace <dcd_event_handler+0x1b2>
20000936:	2400      	movs	r4, #0
20000938:	e083      	b.n	20000a42 <dcd_event_handler+0x126>
2000093a:	2b05      	cmp	r3, #5
2000093c:	d000      	beq.n	20000940 <dcd_event_handler+0x24>
2000093e:	e0c6      	b.n	20000ace <dcd_event_handler+0x1b2>
20000940:	4b70      	ldr	r3, [pc, #448]	; (20000b04 <dcd_event_handler+0x1e8>)
20000942:	781b      	ldrb	r3, [r3, #0]
20000944:	07db      	lsls	r3, r3, #31
20000946:	d548      	bpl.n	200009da <dcd_event_handler+0xbe>
20000948:	4a6e      	ldr	r2, [pc, #440]	; (20000b04 <dcd_event_handler+0x1e8>)
2000094a:	7813      	ldrb	r3, [r2, #0]
2000094c:	2104      	movs	r1, #4
2000094e:	438b      	bics	r3, r1
20000950:	7013      	strb	r3, [r2, #0]
20000952:	4b6d      	ldr	r3, [pc, #436]	; (20000b08 <dcd_event_handler+0x1ec>)
20000954:	681c      	ldr	r4, [r3, #0]
20000956:	0021      	movs	r1, r4
20000958:	3114      	adds	r1, #20
2000095a:	6962      	ldr	r2, [r4, #20]
2000095c:	f3ef 8010 	mrs	r0, PRIMASK
20000960:	b672      	cpsid	i
20000962:	6813      	ldr	r3, [r2, #0]
20000964:	2b00      	cmp	r3, #0
20000966:	d0fc      	beq.n	20000962 <dcd_event_handler+0x46>
20000968:	f3bf 8f5f 	dmb	sy
2000096c:	6048      	str	r0, [r1, #4]
2000096e:	0029      	movs	r1, r5
20000970:	0020      	movs	r0, r4
20000972:	f000 f951 	bl	20000c18 <__tu_fifo_write_veneer>
20000976:	6962      	ldr	r2, [r4, #20]
20000978:	69a3      	ldr	r3, [r4, #24]
2000097a:	f3bf 8f5f 	dmb	sy
2000097e:	2100      	movs	r1, #0
20000980:	6011      	str	r1, [r2, #0]
20000982:	f383 8810 	msr	PRIMASK, r3
20000986:	e028      	b.n	200009da <dcd_event_handler+0xbe>
20000988:	4b5e      	ldr	r3, [pc, #376]	; (20000b04 <dcd_event_handler+0x1e8>)
2000098a:	781a      	ldrb	r2, [r3, #0]
2000098c:	2101      	movs	r1, #1
2000098e:	438a      	bics	r2, r1
20000990:	701a      	strb	r2, [r3, #0]
20000992:	781a      	ldrb	r2, [r3, #0]
20000994:	3101      	adds	r1, #1
20000996:	438a      	bics	r2, r1
20000998:	701a      	strb	r2, [r3, #0]
2000099a:	2200      	movs	r2, #0
2000099c:	705a      	strb	r2, [r3, #1]
2000099e:	781a      	ldrb	r2, [r3, #0]
200009a0:	3102      	adds	r1, #2
200009a2:	438a      	bics	r2, r1
200009a4:	701a      	strb	r2, [r3, #0]
200009a6:	4b58      	ldr	r3, [pc, #352]	; (20000b08 <dcd_event_handler+0x1ec>)
200009a8:	681c      	ldr	r4, [r3, #0]
200009aa:	0021      	movs	r1, r4
200009ac:	3114      	adds	r1, #20
200009ae:	6962      	ldr	r2, [r4, #20]
200009b0:	f3ef 8010 	mrs	r0, PRIMASK
200009b4:	b672      	cpsid	i
200009b6:	6813      	ldr	r3, [r2, #0]
200009b8:	2b00      	cmp	r3, #0
200009ba:	d0fc      	beq.n	200009b6 <dcd_event_handler+0x9a>
200009bc:	f3bf 8f5f 	dmb	sy
200009c0:	6048      	str	r0, [r1, #4]
200009c2:	0029      	movs	r1, r5
200009c4:	0020      	movs	r0, r4
200009c6:	f000 f927 	bl	20000c18 <__tu_fifo_write_veneer>
200009ca:	6962      	ldr	r2, [r4, #20]
200009cc:	69a3      	ldr	r3, [r4, #24]
200009ce:	f3bf 8f5f 	dmb	sy
200009d2:	2100      	movs	r1, #0
200009d4:	6011      	str	r1, [r2, #0]
200009d6:	f383 8810 	msr	PRIMASK, r3
200009da:	b005      	add	sp, #20
200009dc:	bd30      	pop	{r4, r5, pc}
200009de:	4b49      	ldr	r3, [pc, #292]	; (20000b04 <dcd_event_handler+0x1e8>)
200009e0:	781b      	ldrb	r3, [r3, #0]
200009e2:	07db      	lsls	r3, r3, #31
200009e4:	d5f9      	bpl.n	200009da <dcd_event_handler+0xbe>
200009e6:	4a47      	ldr	r2, [pc, #284]	; (20000b04 <dcd_event_handler+0x1e8>)
200009e8:	7813      	ldrb	r3, [r2, #0]
200009ea:	2104      	movs	r1, #4
200009ec:	430b      	orrs	r3, r1
200009ee:	7013      	strb	r3, [r2, #0]
200009f0:	4b45      	ldr	r3, [pc, #276]	; (20000b08 <dcd_event_handler+0x1ec>)
200009f2:	681c      	ldr	r4, [r3, #0]
200009f4:	0021      	movs	r1, r4
200009f6:	3114      	adds	r1, #20
200009f8:	6962      	ldr	r2, [r4, #20]
200009fa:	f3ef 8010 	mrs	r0, PRIMASK
200009fe:	b672      	cpsid	i
20000a00:	6813      	ldr	r3, [r2, #0]
20000a02:	2b00      	cmp	r3, #0
20000a04:	d0fc      	beq.n	20000a00 <dcd_event_handler+0xe4>
20000a06:	f3bf 8f5f 	dmb	sy
20000a0a:	6048      	str	r0, [r1, #4]
20000a0c:	0029      	movs	r1, r5
20000a0e:	0020      	movs	r0, r4
20000a10:	f000 f902 	bl	20000c18 <__tu_fifo_write_veneer>
20000a14:	6962      	ldr	r2, [r4, #20]
20000a16:	69a3      	ldr	r3, [r4, #24]
20000a18:	f3bf 8f5f 	dmb	sy
20000a1c:	2100      	movs	r1, #0
20000a1e:	6011      	str	r1, [r2, #0]
20000a20:	f383 8810 	msr	PRIMASK, r3
20000a24:	e7d9      	b.n	200009da <dcd_event_handler+0xbe>
20000a26:	0063      	lsls	r3, r4, #1
20000a28:	191b      	adds	r3, r3, r4
20000a2a:	00da      	lsls	r2, r3, #3
20000a2c:	4b37      	ldr	r3, [pc, #220]	; (20000b0c <dcd_event_handler+0x1f0>)
20000a2e:	681b      	ldr	r3, [r3, #0]
20000a30:	189b      	adds	r3, r3, r2
20000a32:	e018      	b.n	20000a66 <dcd_event_handler+0x14a>
20000a34:	0023      	movs	r3, r4
20000a36:	e00f      	b.n	20000a58 <dcd_event_handler+0x13c>
20000a38:	7828      	ldrb	r0, [r5, #0]
20000a3a:	6869      	ldr	r1, [r5, #4]
20000a3c:	4798      	blx	r3
20000a3e:	3401      	adds	r4, #1
20000a40:	b2e4      	uxtb	r4, r4
20000a42:	4b33      	ldr	r3, [pc, #204]	; (20000b10 <dcd_event_handler+0x1f4>)
20000a44:	781b      	ldrb	r3, [r3, #0]
20000a46:	42a3      	cmp	r3, r4
20000a48:	d313      	bcc.n	20000a72 <dcd_event_handler+0x156>
20000a4a:	4a32      	ldr	r2, [pc, #200]	; (20000b14 <dcd_event_handler+0x1f8>)
20000a4c:	2a00      	cmp	r2, #0
20000a4e:	d0f1      	beq.n	20000a34 <dcd_event_handler+0x118>
20000a50:	42a3      	cmp	r3, r4
20000a52:	d8e8      	bhi.n	20000a26 <dcd_event_handler+0x10a>
20000a54:	1ae3      	subs	r3, r4, r3
20000a56:	b2db      	uxtb	r3, r3
20000a58:	2b00      	cmp	r3, #0
20000a5a:	d1f0      	bne.n	20000a3e <dcd_event_handler+0x122>
20000a5c:	005a      	lsls	r2, r3, #1
20000a5e:	18d2      	adds	r2, r2, r3
20000a60:	00d2      	lsls	r2, r2, #3
20000a62:	4b2d      	ldr	r3, [pc, #180]	; (20000b18 <dcd_event_handler+0x1fc>)
20000a64:	189b      	adds	r3, r3, r2
20000a66:	2b00      	cmp	r3, #0
20000a68:	d0e9      	beq.n	20000a3e <dcd_event_handler+0x122>
20000a6a:	695b      	ldr	r3, [r3, #20]
20000a6c:	2b00      	cmp	r3, #0
20000a6e:	d1e3      	bne.n	20000a38 <dcd_event_handler+0x11c>
20000a70:	e7e5      	b.n	20000a3e <dcd_event_handler+0x122>
20000a72:	4b24      	ldr	r3, [pc, #144]	; (20000b04 <dcd_event_handler+0x1e8>)
20000a74:	781b      	ldrb	r3, [r3, #0]
20000a76:	075b      	lsls	r3, r3, #29
20000a78:	d5af      	bpl.n	200009da <dcd_event_handler+0xbe>
20000a7a:	4a22      	ldr	r2, [pc, #136]	; (20000b04 <dcd_event_handler+0x1e8>)
20000a7c:	7813      	ldrb	r3, [r2, #0]
20000a7e:	2104      	movs	r1, #4
20000a80:	438b      	bics	r3, r1
20000a82:	7013      	strb	r3, [r2, #0]
20000a84:	220c      	movs	r2, #12
20000a86:	2100      	movs	r1, #0
20000a88:	a801      	add	r0, sp, #4
20000a8a:	f000 f89d 	bl	20000bc8 <____wrap_memset_veneer>
20000a8e:	782b      	ldrb	r3, [r5, #0]
20000a90:	466a      	mov	r2, sp
20000a92:	7113      	strb	r3, [r2, #4]
20000a94:	2305      	movs	r3, #5
20000a96:	7153      	strb	r3, [r2, #5]
20000a98:	4b1b      	ldr	r3, [pc, #108]	; (20000b08 <dcd_event_handler+0x1ec>)
20000a9a:	681c      	ldr	r4, [r3, #0]
20000a9c:	0021      	movs	r1, r4
20000a9e:	3114      	adds	r1, #20
20000aa0:	6962      	ldr	r2, [r4, #20]
20000aa2:	f3ef 8010 	mrs	r0, PRIMASK
20000aa6:	b672      	cpsid	i
20000aa8:	6813      	ldr	r3, [r2, #0]
20000aaa:	2b00      	cmp	r3, #0
20000aac:	d0fc      	beq.n	20000aa8 <dcd_event_handler+0x18c>
20000aae:	f3bf 8f5f 	dmb	sy
20000ab2:	6048      	str	r0, [r1, #4]
20000ab4:	a901      	add	r1, sp, #4
20000ab6:	0020      	movs	r0, r4
20000ab8:	f000 f8ae 	bl	20000c18 <__tu_fifo_write_veneer>
20000abc:	6962      	ldr	r2, [r4, #20]
20000abe:	69a3      	ldr	r3, [r4, #24]
20000ac0:	f3bf 8f5f 	dmb	sy
20000ac4:	2100      	movs	r1, #0
20000ac6:	6011      	str	r1, [r2, #0]
20000ac8:	f383 8810 	msr	PRIMASK, r3
20000acc:	e785      	b.n	200009da <dcd_event_handler+0xbe>
20000ace:	4b0e      	ldr	r3, [pc, #56]	; (20000b08 <dcd_event_handler+0x1ec>)
20000ad0:	681c      	ldr	r4, [r3, #0]
20000ad2:	0021      	movs	r1, r4
20000ad4:	3114      	adds	r1, #20
20000ad6:	6962      	ldr	r2, [r4, #20]
20000ad8:	f3ef 8010 	mrs	r0, PRIMASK
20000adc:	b672      	cpsid	i
20000ade:	6813      	ldr	r3, [r2, #0]
20000ae0:	2b00      	cmp	r3, #0
20000ae2:	d0fc      	beq.n	20000ade <dcd_event_handler+0x1c2>
20000ae4:	f3bf 8f5f 	dmb	sy
20000ae8:	6048      	str	r0, [r1, #4]
20000aea:	0029      	movs	r1, r5
20000aec:	0020      	movs	r0, r4
20000aee:	f000 f893 	bl	20000c18 <__tu_fifo_write_veneer>
20000af2:	6962      	ldr	r2, [r4, #20]
20000af4:	69a3      	ldr	r3, [r4, #24]
20000af6:	f3bf 8f5f 	dmb	sy
20000afa:	2100      	movs	r1, #0
20000afc:	6011      	str	r1, [r2, #0]
20000afe:	f383 8810 	msr	PRIMASK, r3
20000b02:	e76a      	b.n	200009da <dcd_event_handler+0xbe>
20000b04:	20001bf4 	.word	0x20001bf4
20000b08:	20001c4c 	.word	0x20001c4c
20000b0c:	200018cc 	.word	0x200018cc
20000b10:	20002529 	.word	0x20002529
20000b14:	10005469 	.word	0x10005469
20000b18:	1000c0b4 	.word	0x1000c0b4

20000b1c <fmaxf>:
20000b1c:	b570      	push	{r4, r5, r6, lr}
20000b1e:	1c04      	adds	r4, r0, #0
20000b20:	1c0d      	adds	r5, r1, #0
20000b22:	f000 f827 	bl	20000b74 <__fpclassifyf>
20000b26:	2800      	cmp	r0, #0
20000b28:	d102      	bne.n	20000b30 <fmaxf+0x14>
20000b2a:	1c2c      	adds	r4, r5, #0
20000b2c:	1c20      	adds	r0, r4, #0
20000b2e:	bd70      	pop	{r4, r5, r6, pc}
20000b30:	1c28      	adds	r0, r5, #0
20000b32:	f000 f81f 	bl	20000b74 <__fpclassifyf>
20000b36:	2800      	cmp	r0, #0
20000b38:	d0f8      	beq.n	20000b2c <fmaxf+0x10>
20000b3a:	1c29      	adds	r1, r5, #0
20000b3c:	1c20      	adds	r0, r4, #0
20000b3e:	f000 f863 	bl	20000c08 <____wrap___aeabi_fcmpgt_veneer>
20000b42:	2800      	cmp	r0, #0
20000b44:	d1f2      	bne.n	20000b2c <fmaxf+0x10>
20000b46:	e7f0      	b.n	20000b2a <fmaxf+0xe>

20000b48 <fminf>:
20000b48:	b570      	push	{r4, r5, r6, lr}
20000b4a:	1c04      	adds	r4, r0, #0
20000b4c:	1c0d      	adds	r5, r1, #0
20000b4e:	f000 f811 	bl	20000b74 <__fpclassifyf>
20000b52:	2800      	cmp	r0, #0
20000b54:	d102      	bne.n	20000b5c <fminf+0x14>
20000b56:	1c2c      	adds	r4, r5, #0
20000b58:	1c20      	adds	r0, r4, #0
20000b5a:	bd70      	pop	{r4, r5, r6, pc}
20000b5c:	1c28      	adds	r0, r5, #0
20000b5e:	f000 f809 	bl	20000b74 <__fpclassifyf>
20000b62:	2800      	cmp	r0, #0
20000b64:	d0f8      	beq.n	20000b58 <fminf+0x10>
20000b66:	1c29      	adds	r1, r5, #0
20000b68:	1c20      	adds	r0, r4, #0
20000b6a:	f000 f86d 	bl	20000c48 <____wrap___aeabi_fcmplt_veneer>
20000b6e:	2800      	cmp	r0, #0
20000b70:	d1f2      	bne.n	20000b58 <fminf+0x10>
20000b72:	e7f0      	b.n	20000b56 <fminf+0xe>

20000b74 <__fpclassifyf>:
20000b74:	0040      	lsls	r0, r0, #1
20000b76:	0843      	lsrs	r3, r0, #1
20000b78:	2800      	cmp	r0, #0
20000b7a:	d00e      	beq.n	20000b9a <__fpclassifyf+0x26>
20000b7c:	21fe      	movs	r1, #254	; 0xfe
20000b7e:	4a0a      	ldr	r2, [pc, #40]	; (20000ba8 <__fpclassifyf+0x34>)
20000b80:	05c9      	lsls	r1, r1, #23
20000b82:	189a      	adds	r2, r3, r2
20000b84:	428a      	cmp	r2, r1
20000b86:	d30c      	bcc.n	20000ba2 <__fpclassifyf+0x2e>
20000b88:	4908      	ldr	r1, [pc, #32]	; (20000bac <__fpclassifyf+0x38>)
20000b8a:	1e5a      	subs	r2, r3, #1
20000b8c:	428a      	cmp	r2, r1
20000b8e:	d906      	bls.n	20000b9e <__fpclassifyf+0x2a>
20000b90:	4a07      	ldr	r2, [pc, #28]	; (20000bb0 <__fpclassifyf+0x3c>)
20000b92:	1898      	adds	r0, r3, r2
20000b94:	4243      	negs	r3, r0
20000b96:	4158      	adcs	r0, r3
20000b98:	4770      	bx	lr
20000b9a:	2002      	movs	r0, #2
20000b9c:	e7fc      	b.n	20000b98 <__fpclassifyf+0x24>
20000b9e:	2003      	movs	r0, #3
20000ba0:	e7fa      	b.n	20000b98 <__fpclassifyf+0x24>
20000ba2:	2004      	movs	r0, #4
20000ba4:	e7f8      	b.n	20000b98 <__fpclassifyf+0x24>
20000ba6:	46c0      	nop			; (mov r8, r8)
20000ba8:	ff800000 	.word	0xff800000
20000bac:	007ffffe 	.word	0x007ffffe
20000bb0:	80800000 	.word	0x80800000

20000bb4 <__aeabi_idiv0>:
20000bb4:	4770      	bx	lr
20000bb6:	46c0      	nop			; (mov r8, r8)

20000bb8 <__time_us_64_veneer>:
20000bb8:	b401      	push	{r0}
20000bba:	4802      	ldr	r0, [pc, #8]	; (20000bc4 <__time_us_64_veneer+0xc>)
20000bbc:	4684      	mov	ip, r0
20000bbe:	bc01      	pop	{r0}
20000bc0:	4760      	bx	ip
20000bc2:	bf00      	nop
20000bc4:	10001e71 	.word	0x10001e71

20000bc8 <____wrap_memset_veneer>:
20000bc8:	b401      	push	{r0}
20000bca:	4802      	ldr	r0, [pc, #8]	; (20000bd4 <____wrap_memset_veneer+0xc>)
20000bcc:	4684      	mov	ip, r0
20000bce:	bc01      	pop	{r0}
20000bd0:	4760      	bx	ip
20000bd2:	bf00      	nop
20000bd4:	100050b5 	.word	0x100050b5

20000bd8 <____wrap_memcpy_veneer>:
20000bd8:	b401      	push	{r0}
20000bda:	4802      	ldr	r0, [pc, #8]	; (20000be4 <____wrap_memcpy_veneer+0xc>)
20000bdc:	4684      	mov	ip, r0
20000bde:	bc01      	pop	{r0}
20000be0:	4760      	bx	ip
20000be2:	bf00      	nop
20000be4:	100050c1 	.word	0x100050c1

20000be8 <__panic_veneer>:
20000be8:	b401      	push	{r0}
20000bea:	4802      	ldr	r0, [pc, #8]	; (20000bf4 <__panic_veneer+0xc>)
20000bec:	4684      	mov	ip, r0
20000bee:	bc01      	pop	{r0}
20000bf0:	4760      	bx	ip
20000bf2:	bf00      	nop
20000bf4:	10002a55 	.word	0x10002a55

20000bf8 <____assert_func_veneer>:
20000bf8:	b401      	push	{r0}
20000bfa:	4802      	ldr	r0, [pc, #8]	; (20000c04 <____assert_func_veneer+0xc>)
20000bfc:	4684      	mov	ip, r0
20000bfe:	bc01      	pop	{r0}
20000c00:	4760      	bx	ip
20000c02:	bf00      	nop
20000c04:	10002921 	.word	0x10002921

20000c08 <____wrap___aeabi_fcmpgt_veneer>:
20000c08:	b401      	push	{r0}
20000c0a:	4802      	ldr	r0, [pc, #8]	; (20000c14 <____wrap___aeabi_fcmpgt_veneer+0xc>)
20000c0c:	4684      	mov	ip, r0
20000c0e:	bc01      	pop	{r0}
20000c10:	4760      	bx	ip
20000c12:	bf00      	nop
20000c14:	10004c4d 	.word	0x10004c4d

20000c18 <__tu_fifo_write_veneer>:
20000c18:	b401      	push	{r0}
20000c1a:	4802      	ldr	r0, [pc, #8]	; (20000c24 <__tu_fifo_write_veneer+0xc>)
20000c1c:	4684      	mov	ip, r0
20000c1e:	bc01      	pop	{r0}
20000c20:	4760      	bx	ip
20000c22:	bf00      	nop
20000c24:	100078b5 	.word	0x100078b5

20000c28 <____wrap___aeabi_lmul_veneer>:
20000c28:	b401      	push	{r0}
20000c2a:	4802      	ldr	r0, [pc, #8]	; (20000c34 <____wrap___aeabi_lmul_veneer+0xc>)
20000c2c:	4684      	mov	ip, r0
20000c2e:	bc01      	pop	{r0}
20000c30:	4760      	bx	ip
20000c32:	bf00      	nop
20000c34:	10004b45 	.word	0x10004b45

20000c38 <__best_effort_wfe_or_timeout_veneer>:
20000c38:	b401      	push	{r0}
20000c3a:	4802      	ldr	r0, [pc, #8]	; (20000c44 <__best_effort_wfe_or_timeout_veneer+0xc>)
20000c3c:	4684      	mov	ip, r0
20000c3e:	bc01      	pop	{r0}
20000c40:	4760      	bx	ip
20000c42:	bf00      	nop
20000c44:	10001d1d 	.word	0x10001d1d

20000c48 <____wrap___aeabi_fcmplt_veneer>:
20000c48:	b401      	push	{r0}
20000c4a:	4802      	ldr	r0, [pc, #8]	; (20000c54 <____wrap___aeabi_fcmplt_veneer+0xc>)
20000c4c:	4684      	mov	ip, r0
20000c4e:	bc01      	pop	{r0}
20000c50:	4760      	bx	ip
20000c52:	bf00      	nop
20000c54:	10004c21 	.word	0x10004c21

20000c58 <__hw_endpoint_get_by_addr_veneer>:
20000c58:	b401      	push	{r0}
20000c5a:	4802      	ldr	r0, [pc, #8]	; (20000c64 <__hw_endpoint_get_by_addr_veneer+0xc>)
20000c5c:	4684      	mov	ip, r0
20000c5e:	bc01      	pop	{r0}
20000c60:	4760      	bx	ip
20000c62:	bf00      	nop
20000c64:	10005a4d 	.word	0x10005a4d

20000c68 <amplitude>:
20000c68:	447a0000                                ..zD

20000c6c <colPins>:
20000c6c:	0000000b 0000000a 00000009 00000008     ................

20000c7c <dacPins>:
20000c7c:	00000000 00000001 00000002 00000003     ................
20000c8c:	00000004 00000005 00000006 00000007     ................

20000c9c <dcOffset>:
20000c9c:	44a28000                                ...D

20000ca0 <frequency>:
20000ca0:	43c80000                                ...C

20000ca4 <keys>:
20000ca4:	41333231 42363534 43393837 4423302a     123A456B789C*0#D

20000cb4 <rowPins>:
20000cb4:	0000000f 0000000e 0000000d 0000000c     ................

20000cc4 <striped_spin_lock_num>:
20000cc4:	00000010                                ....

20000cc8 <irq_handler_chain_slots>:
20000cc8:	00000000 	.word	0x00000000
20000ccc:	00010000 	.word	0x00010000
	...
20000cd8:	00020000 	.word	0x00020000
	...
20000ce4:	00030000 	.word	0x00030000
	...
20000cf0:	00ff0000 	.word	0x00ff0000
20000cf4:	00000000 	.word	0x00000000

20000cf8 <irq_handler_chain_first_slot>:
20000cf8:	b501      	push	{r0, lr}
20000cfa:	6848      	ldr	r0, [r1, #4]
20000cfc:	3101      	adds	r1, #1
20000cfe:	468e      	mov	lr, r1
20000d00:	4700      	bx	r0

20000d02 <irq_handler_chain_remove_tail>:
20000d02:	4670      	mov	r0, lr
20000d04:	3809      	subs	r0, #9
20000d06:	4901      	ldr	r1, [pc, #4]	; (20000d0c <irq_handler_chain_remove_tail+0xa>)
20000d08:	4788      	blx	r1
20000d0a:	bd01      	pop	{r0, pc}
20000d0c:	100010c1 	.word	0x100010c1

20000d10 <default_alarm_pool>:
20000d10:	20000d28 00000000 20001770 20001e54     (.. ....p.. T.. 
	...

20000d28 <default_alarm_pool_heap>:
20000d28:	20001e64 00000000 00000000 00000010     d.. ............
	...

20000d40 <aeabi_bits_funcs>:
20000d40:	00003350 	.word	0x00003350
20000d44:	0000334c 	.word	0x0000334c
20000d48:	00003354 	.word	0x00003354
20000d4c:	00003352 	.word	0x00003352

20000d50 <aeabi_bits_funcs_end>:
20000d50:	0000534d 	.word	0x0000534d
20000d54:	0000434d 	.word	0x0000434d
20000d58:	00003453 	.word	0x00003453
20000d5c:	00003443 	.word	0x00003443

20000d60 <stdio_usb>:
20000d60:	10005805 00000000 10005741 1000549d     .X......AW...T..
20000d70:	00000000 00000100                       ........

20000d78 <ep_dir_string>:
20000d78:	1000c010 1000c014                       ........

20000d80 <_usbd_qdef>:
20000d80:	20001c50 000c0010 00000000 00000000     P.. ............
	...

20000d9c <_usbd_rhport>:
20000d9c:	000000ff                                ....

20000da0 <_impure_ptr>:
20000da0:	20000da8 00000000                       ... ....

20000da8 <impure_data>:
20000da8:	00000000 20001094 200010fc 20001164     ....... ... d.. 
	...
20000e50:	00000001 00000000 abcd330e e66d1234     .........3..4.m.
20000e60:	0005deec 0000000b 00000000 00000000     ................
	...

200011d0 <__malloc_av_>:
	...
200011d8:	200011d0 200011d0 200011d8 200011d8     ... ... ... ... 
200011e8:	200011e0 200011e0 200011e8 200011e8     ... ... ... ... 
200011f8:	200011f0 200011f0 200011f8 200011f8     ... ... ... ... 
20001208:	20001200 20001200 20001208 20001208     ... ... ... ... 
20001218:	20001210 20001210 20001218 20001218     ... ... ... ... 
20001228:	20001220 20001220 20001228 20001228      ..  .. (.. (.. 
20001238:	20001230 20001230 20001238 20001238     0.. 0.. 8.. 8.. 
20001248:	20001240 20001240 20001248 20001248     @.. @.. H.. H.. 
20001258:	20001250 20001250 20001258 20001258     P.. P.. X.. X.. 
20001268:	20001260 20001260 20001268 20001268     `.. `.. h.. h.. 
20001278:	20001270 20001270 20001278 20001278     p.. p.. x.. x.. 
20001288:	20001280 20001280 20001288 20001288     ... ... ... ... 
20001298:	20001290 20001290 20001298 20001298     ... ... ... ... 
200012a8:	200012a0 200012a0 200012a8 200012a8     ... ... ... ... 
200012b8:	200012b0 200012b0 200012b8 200012b8     ... ... ... ... 
200012c8:	200012c0 200012c0 200012c8 200012c8     ... ... ... ... 
200012d8:	200012d0 200012d0 200012d8 200012d8     ... ... ... ... 
200012e8:	200012e0 200012e0 200012e8 200012e8     ... ... ... ... 
200012f8:	200012f0 200012f0 200012f8 200012f8     ... ... ... ... 
20001308:	20001300 20001300 20001308 20001308     ... ... ... ... 
20001318:	20001310 20001310 20001318 20001318     ... ... ... ... 
20001328:	20001320 20001320 20001328 20001328      ..  .. (.. (.. 
20001338:	20001330 20001330 20001338 20001338     0.. 0.. 8.. 8.. 
20001348:	20001340 20001340 20001348 20001348     @.. @.. H.. H.. 
20001358:	20001350 20001350 20001358 20001358     P.. P.. X.. X.. 
20001368:	20001360 20001360 20001368 20001368     `.. `.. h.. h.. 
20001378:	20001370 20001370 20001378 20001378     p.. p.. x.. x.. 
20001388:	20001380 20001380 20001388 20001388     ... ... ... ... 
20001398:	20001390 20001390 20001398 20001398     ... ... ... ... 
200013a8:	200013a0 200013a0 200013a8 200013a8     ... ... ... ... 
200013b8:	200013b0 200013b0 200013b8 200013b8     ... ... ... ... 
200013c8:	200013c0 200013c0 200013c8 200013c8     ... ... ... ... 
200013d8:	200013d0 200013d0 200013d8 200013d8     ... ... ... ... 
200013e8:	200013e0 200013e0 200013e8 200013e8     ... ... ... ... 
200013f8:	200013f0 200013f0 200013f8 200013f8     ... ... ... ... 
20001408:	20001400 20001400 20001408 20001408     ... ... ... ... 
20001418:	20001410 20001410 20001418 20001418     ... ... ... ... 
20001428:	20001420 20001420 20001428 20001428      ..  .. (.. (.. 
20001438:	20001430 20001430 20001438 20001438     0.. 0.. 8.. 8.. 
20001448:	20001440 20001440 20001448 20001448     @.. @.. H.. H.. 
20001458:	20001450 20001450 20001458 20001458     P.. P.. X.. X.. 
20001468:	20001460 20001460 20001468 20001468     `.. `.. h.. h.. 
20001478:	20001470 20001470 20001478 20001478     p.. p.. x.. x.. 
20001488:	20001480 20001480 20001488 20001488     ... ... ... ... 
20001498:	20001490 20001490 20001498 20001498     ... ... ... ... 
200014a8:	200014a0 200014a0 200014a8 200014a8     ... ... ... ... 
200014b8:	200014b0 200014b0 200014b8 200014b8     ... ... ... ... 
200014c8:	200014c0 200014c0 200014c8 200014c8     ... ... ... ... 
200014d8:	200014d0 200014d0 200014d8 200014d8     ... ... ... ... 
200014e8:	200014e0 200014e0 200014e8 200014e8     ... ... ... ... 
200014f8:	200014f0 200014f0 200014f8 200014f8     ... ... ... ... 
20001508:	20001500 20001500 20001508 20001508     ... ... ... ... 
20001518:	20001510 20001510 20001518 20001518     ... ... ... ... 
20001528:	20001520 20001520 20001528 20001528      ..  .. (.. (.. 
20001538:	20001530 20001530 20001538 20001538     0.. 0.. 8.. 8.. 
20001548:	20001540 20001540 20001548 20001548     @.. @.. H.. H.. 
20001558:	20001550 20001550 20001558 20001558     P.. P.. X.. X.. 
20001568:	20001560 20001560 20001568 20001568     `.. `.. h.. h.. 
20001578:	20001570 20001570 20001578 20001578     p.. p.. x.. x.. 
20001588:	20001580 20001580 20001588 20001588     ... ... ... ... 
20001598:	20001590 20001590 20001598 20001598     ... ... ... ... 
200015a8:	200015a0 200015a0 200015a8 200015a8     ... ... ... ... 
200015b8:	200015b0 200015b0 200015b8 200015b8     ... ... ... ... 
200015c8:	200015c0 200015c0 200015c8 200015c8     ... ... ... ... 

200015d8 <__malloc_sbrk_base>:
200015d8:	ffffffff                                ....

200015dc <__malloc_trim_threshold>:
200015dc:	00020000                                ....

200015e0 <numempty>:
200015e0:	000000ff                                ....

200015e4 <__global_locale>:
200015e4:	00000043 00000000 00000000 00000000     C...............
	...
20001604:	00000043 00000000 00000000 00000000     C...............
	...
20001624:	00000043 00000000 00000000 00000000     C...............
	...
20001644:	00000043 00000000 00000000 00000000     C...............
	...
20001664:	00000043 00000000 00000000 00000000     C...............
	...
20001684:	00000043 00000000 00000000 00000000     C...............
	...
200016a4:	00000043 00000000 00000000 00000000     C...............
	...
200016c4:	1000a6f1 10009b75 00000000 1000c534     ....u.......4...
200016d4:	1000c39c 1000a91c 1000a91c 1000a91c     ................
200016e4:	1000a91c 1000a91c 1000a91c 1000a91c     ................
200016f4:	1000a91c 1000a91c ffffffff ffffffff     ................
20001704:	ffffffff 0000ffff 53410001 00494943     ..........ASCII.
	...
2000172c:	53410000 00494943 00000000 00000000     ..ASCII.........
	...

20001750 <print_mutex>:
	...

20001758 <__mutex_array_end>:
20001758:	100050a5 	.word	0x100050a5
2000175c:	10003bc5 	.word	0x10003bc5
20001760:	10004375 	.word	0x10004375
20001764:	10004d39 	.word	0x10004d39

20001768 <__frame_dummy_init_array_entry>:
20001768:	100002e5 10005995                       .....Y..
